solid OpenSCAD_Model
  facet normal -0.382683 0.92388 0
    outer loop
      vertex 46.1671 14.7873 0
      vertex 11.9836 0.628031 25
      vertex 46.1671 14.7873 25
    endloop
  endfacet
  facet normal -0.382683 0.92388 0
    outer loop
      vertex 11.9836 0.628031 25
      vertex 46.1671 14.7873 0
      vertex 11.9836 0.628031 0
    endloop
  endfacet
  facet normal -0.743145 -0.66913 0
    outer loop
      vertex 46.1671 14.7873 0
      vertex 29.6384 33.1443 25
      vertex 29.6384 33.1443 0
    endloop
  endfacet
  facet normal -0.743145 -0.66913 0
    outer loop
      vertex 29.6384 33.1443 25
      vertex 46.1671 14.7873 0
      vertex 46.1671 14.7873 25
    endloop
  endfacet
  facet normal 0.878818 -0.477157 0
    outer loop
      vertex 11.9836 0.628031 25
      vertex 29.6384 33.1443 0
      vertex 29.6384 33.1443 25
    endloop
  endfacet
  facet normal 0.878818 -0.477157 0
    outer loop
      vertex 29.6384 33.1443 0
      vertex 11.9836 0.628031 25
      vertex 11.9836 0.628031 0
    endloop
  endfacet
  facet normal -0.923879 0.382684 0
    outer loop
      vertex 8.02957 8.91774 0
      vertex 22.1889 43.1013 25
      vertex 22.1889 43.1013 0
    endloop
  endfacet
  facet normal -0.923879 0.382684 0
    outer loop
      vertex 22.1889 43.1013 25
      vertex 8.02957 8.91774 0
      vertex 8.02957 8.91774 25
    endloop
  endfacet
  facet normal -0.0523364 -0.99863 0
    outer loop
      vertex -2.479 44.3941 0
      vertex 22.1889 43.1013 25
      vertex -2.479 44.3941 25
    endloop
  endfacet
  facet normal -0.0523364 -0.99863 -0
    outer loop
      vertex 22.1889 43.1013 25
      vertex -2.479 44.3941 0
      vertex 22.1889 43.1013 0
    endloop
  endfacet
  facet normal 0.95882 0.284015 0
    outer loop
      vertex 8.02957 8.91774 25
      vertex -2.479 44.3941 0
      vertex -2.479 44.3941 25
    endloop
  endfacet
  facet normal 0.95882 0.284015 0
    outer loop
      vertex -2.479 44.3941 0
      vertex 8.02957 8.91774 25
      vertex 8.02957 8.91774 0
    endloop
  endfacet
  facet normal -0.92388 -0.382683 0
    outer loop
      vertex -0.628031 11.9836 0
      vertex -14.7873 46.1671 25
      vertex -14.7873 46.1671 0
    endloop
  endfacet
  facet normal -0.92388 -0.382683 0
    outer loop
      vertex -14.7873 46.1671 25
      vertex -0.628031 11.9836 0
      vertex -0.628031 11.9836 25
    endloop
  endfacet
  facet normal 0.66913 -0.743145 0
    outer loop
      vertex -33.1443 29.6384 0
      vertex -14.7873 46.1671 25
      vertex -33.1443 29.6384 25
    endloop
  endfacet
  facet normal 0.66913 -0.743145 0
    outer loop
      vertex -14.7873 46.1671 25
      vertex -33.1443 29.6384 0
      vertex -14.7873 46.1671 0
    endloop
  endfacet
  facet normal 0.477157 0.878818 -0
    outer loop
      vertex -0.628031 11.9836 0
      vertex -33.1443 29.6384 25
      vertex -0.628031 11.9836 25
    endloop
  endfacet
  facet normal 0.477157 0.878818 0
    outer loop
      vertex -33.1443 29.6384 25
      vertex -0.628031 11.9836 0
      vertex -33.1443 29.6384 0
    endloop
  endfacet
  facet normal -0.382684 -0.923879 0
    outer loop
      vertex -43.1013 22.1889 0
      vertex -8.91774 8.02957 25
      vertex -43.1013 22.1889 25
    endloop
  endfacet
  facet normal -0.382684 -0.923879 -0
    outer loop
      vertex -8.91774 8.02957 25
      vertex -43.1013 22.1889 0
      vertex -8.91774 8.02957 0
    endloop
  endfacet
  facet normal 0.99863 -0.0523364 0
    outer loop
      vertex -44.3941 -2.479 25
      vertex -43.1013 22.1889 0
      vertex -43.1013 22.1889 25
    endloop
  endfacet
  facet normal 0.99863 -0.0523364 0
    outer loop
      vertex -43.1013 22.1889 0
      vertex -44.3941 -2.479 25
      vertex -44.3941 -2.479 0
    endloop
  endfacet
  facet normal -0.284015 0.95882 0
    outer loop
      vertex -8.91774 8.02957 0
      vertex -44.3941 -2.479 25
      vertex -8.91774 8.02957 25
    endloop
  endfacet
  facet normal -0.284015 0.95882 0
    outer loop
      vertex -44.3941 -2.479 25
      vertex -8.91774 8.02957 0
      vertex -44.3941 -2.479 0
    endloop
  endfacet
  facet normal 0.382683 -0.92388 0
    outer loop
      vertex -46.1671 -14.7873 0
      vertex -11.9836 -0.628031 25
      vertex -46.1671 -14.7873 25
    endloop
  endfacet
  facet normal 0.382683 -0.92388 0
    outer loop
      vertex -11.9836 -0.628031 25
      vertex -46.1671 -14.7873 0
      vertex -11.9836 -0.628031 0
    endloop
  endfacet
  facet normal 0.743145 0.66913 0
    outer loop
      vertex -29.6384 -33.1443 25
      vertex -46.1671 -14.7873 0
      vertex -46.1671 -14.7873 25
    endloop
  endfacet
  facet normal 0.743145 0.66913 0
    outer loop
      vertex -46.1671 -14.7873 0
      vertex -29.6384 -33.1443 25
      vertex -29.6384 -33.1443 0
    endloop
  endfacet
  facet normal -0.878818 0.477157 0
    outer loop
      vertex -29.6384 -33.1443 0
      vertex -11.9836 -0.628031 25
      vertex -11.9836 -0.628031 0
    endloop
  endfacet
  facet normal -0.878818 0.477157 0
    outer loop
      vertex -11.9836 -0.628031 25
      vertex -29.6384 -33.1443 0
      vertex -29.6384 -33.1443 25
    endloop
  endfacet
  facet normal 0.923879 -0.382684 0
    outer loop
      vertex -22.1889 -43.1013 25
      vertex -8.02957 -8.91774 0
      vertex -8.02957 -8.91774 25
    endloop
  endfacet
  facet normal 0.923879 -0.382684 0
    outer loop
      vertex -8.02957 -8.91774 0
      vertex -22.1889 -43.1013 25
      vertex -22.1889 -43.1013 0
    endloop
  endfacet
  facet normal 0.0523364 0.99863 -0
    outer loop
      vertex 2.479 -44.3941 0
      vertex -22.1889 -43.1013 25
      vertex 2.479 -44.3941 25
    endloop
  endfacet
  facet normal 0.0523364 0.99863 0
    outer loop
      vertex -22.1889 -43.1013 25
      vertex 2.479 -44.3941 0
      vertex -22.1889 -43.1013 0
    endloop
  endfacet
  facet normal -0.95882 -0.284015 0
    outer loop
      vertex 2.479 -44.3941 0
      vertex -8.02957 -8.91774 25
      vertex -8.02957 -8.91774 0
    endloop
  endfacet
  facet normal -0.95882 -0.284015 0
    outer loop
      vertex -8.02957 -8.91774 25
      vertex 2.479 -44.3941 0
      vertex 2.479 -44.3941 25
    endloop
  endfacet
  facet normal 0.92388 0.382683 0
    outer loop
      vertex 14.7873 -46.1671 25
      vertex 0.628031 -11.9836 0
      vertex 0.628031 -11.9836 25
    endloop
  endfacet
  facet normal 0.92388 0.382683 0
    outer loop
      vertex 0.628031 -11.9836 0
      vertex 14.7873 -46.1671 25
      vertex 14.7873 -46.1671 0
    endloop
  endfacet
  facet normal -0.66913 0.743145 0
    outer loop
      vertex 33.1443 -29.6384 0
      vertex 14.7873 -46.1671 25
      vertex 33.1443 -29.6384 25
    endloop
  endfacet
  facet normal -0.66913 0.743145 0
    outer loop
      vertex 14.7873 -46.1671 25
      vertex 33.1443 -29.6384 0
      vertex 14.7873 -46.1671 0
    endloop
  endfacet
  facet normal -0.477157 -0.878818 0
    outer loop
      vertex 0.628031 -11.9836 0
      vertex 33.1443 -29.6384 25
      vertex 0.628031 -11.9836 25
    endloop
  endfacet
  facet normal -0.477157 -0.878818 -0
    outer loop
      vertex 33.1443 -29.6384 25
      vertex 0.628031 -11.9836 0
      vertex 33.1443 -29.6384 0
    endloop
  endfacet
  facet normal 0.382684 0.923879 -0
    outer loop
      vertex 43.1013 -22.1889 0
      vertex 8.91774 -8.02957 25
      vertex 43.1013 -22.1889 25
    endloop
  endfacet
  facet normal 0.382684 0.923879 0
    outer loop
      vertex 8.91774 -8.02957 25
      vertex 43.1013 -22.1889 0
      vertex 8.91774 -8.02957 0
    endloop
  endfacet
  facet normal -0.99863 0.0523364 0
    outer loop
      vertex 43.1013 -22.1889 0
      vertex 44.3941 2.479 25
      vertex 44.3941 2.479 0
    endloop
  endfacet
  facet normal -0.99863 0.0523364 0
    outer loop
      vertex 44.3941 2.479 25
      vertex 43.1013 -22.1889 0
      vertex 43.1013 -22.1889 25
    endloop
  endfacet
  facet normal 0.284015 -0.95882 0
    outer loop
      vertex 8.91774 -8.02957 0
      vertex 44.3941 2.479 25
      vertex 8.91774 -8.02957 25
    endloop
  endfacet
  facet normal 0.284015 -0.95882 0
    outer loop
      vertex 44.3941 2.479 25
      vertex 8.91774 -8.02957 0
      vertex 44.3941 2.479 0
    endloop
  endfacet
  facet normal -0.48861 -0.872502 0
    outer loop
      vertex -25.6024 -41.7794 0
      vertex -22.2455 -43.6593 25
      vertex -25.6024 -41.7794 25
    endloop
  endfacet
  facet normal -0.48861 -0.872502 -0
    outer loop
      vertex -22.2455 -43.6593 25
      vertex -25.6024 -41.7794 0
      vertex -22.2455 -43.6593 0
    endloop
  endfacet
  facet normal 0.993069 0.117532 0
    outer loop
      vertex 48.8489 3.84449 25
      vertex 48.3967 7.66529 0
      vertex 48.3967 7.66529 25
    endloop
  endfacet
  facet normal 0.993069 0.117532 0
    outer loop
      vertex 48.3967 7.66529 0
      vertex 48.8489 3.84449 25
      vertex 48.8489 3.84449 0
    endloop
  endfacet
  facet normal 0.999229 0.0392727 0
    outer loop
      vertex 49 0 25
      vertex 48.8489 3.84449 0
      vertex 48.8489 3.84449 25
    endloop
  endfacet
  facet normal 0.999229 0.0392727 0
    outer loop
      vertex 48.8489 3.84449 0
      vertex 49 0 25
      vertex 49 0 0
    endloop
  endfacet
  facet normal 0.980785 0.195091 0
    outer loop
      vertex 48.3967 7.66529 25
      vertex 47.6461 11.4388 0
      vertex 47.6461 11.4388 25
    endloop
  endfacet
  facet normal 0.980785 0.195091 0
    outer loop
      vertex 47.6461 11.4388 0
      vertex 48.3967 7.66529 25
      vertex 48.3967 7.66529 0
    endloop
  endfacet
  facet normal -0.117532 0.993069 0
    outer loop
      vertex -3.84449 48.8489 0
      vertex -7.66529 48.3967 25
      vertex -3.84449 48.8489 25
    endloop
  endfacet
  facet normal -0.117532 0.993069 0
    outer loop
      vertex -7.66529 48.3967 25
      vertex -3.84449 48.8489 0
      vertex -7.66529 48.3967 0
    endloop
  endfacet
  facet normal 0.734308 0.678816 0
    outer loop
      vertex 37.2599 31.823 25
      vertex 34.6482 34.6482 0
      vertex 34.6482 34.6482 25
    endloop
  endfacet
  facet normal 0.734308 0.678816 0
    outer loop
      vertex 34.6482 34.6482 0
      vertex 37.2599 31.823 25
      vertex 37.2599 31.823 0
    endloop
  endfacet
  facet normal -0.678816 -0.734308 0
    outer loop
      vertex -34.6482 -34.6482 0
      vertex -31.823 -37.2599 25
      vertex -34.6482 -34.6482 25
    endloop
  endfacet
  facet normal -0.678816 -0.734308 -0
    outer loop
      vertex -31.823 -37.2599 25
      vertex -34.6482 -34.6482 0
      vertex -31.823 -37.2599 0
    endloop
  endfacet
  facet normal 0.999229 -0.0392727 0
    outer loop
      vertex 48.8489 -3.84449 25
      vertex 49 0 0
      vertex 49 0 25
    endloop
  endfacet
  facet normal 0.999229 -0.0392727 0
    outer loop
      vertex 49 0 0
      vertex 48.8489 -3.84449 25
      vertex 48.8489 -3.84449 0
    endloop
  endfacet
  facet normal -0.271427 0.962459 0
    outer loop
      vertex -11.4388 47.6461 0
      vertex -15.1418 46.6018 25
      vertex -11.4388 47.6461 25
    endloop
  endfacet
  facet normal -0.271427 0.962459 0
    outer loop
      vertex -15.1418 46.6018 25
      vertex -11.4388 47.6461 0
      vertex -15.1418 46.6018 0
    endloop
  endfacet
  facet normal 0 0 1
    outer loop
      vertex -44.3941 -2.479 25
      vertex -11.9836 -0.628031 25
      vertex -8.91774 8.02957 25
    endloop
  endfacet
  facet normal -0 0 1
    outer loop
      vertex -44.3941 -2.479 25
      vertex -46.1671 -14.7873 25
      vertex -11.9836 -0.628031 25
    endloop
  endfacet
  facet normal 0 0 1
    outer loop
      vertex -43.1013 22.1889 25
      vertex -46.6018 15.1418 25
      vertex -44.3941 -2.479 25
    endloop
  endfacet
  facet normal -0 0 1
    outer loop
      vertex -47.6461 11.4388 25
      vertex -44.3941 -2.479 25
      vertex -46.6018 15.1418 25
    endloop
  endfacet
  facet normal 0 0 1
    outer loop
      vertex -0.75 -3.37588 25
      vertex -0.80772 -3.3644 25
      vertex -0.75 -5.96 25
    endloop
  endfacet
  facet normal 0 0 1
    outer loop
      vertex -0.628031 11.9836 25
      vertex -0.75 5.96 25
      vertex 0.75 5.96 25
    endloop
  endfacet
  facet normal 0 0 1
    outer loop
      vertex -0.75 5.96 25
      vertex -0.80772 3.3644 25
      vertex -0.75 3.37588 25
    endloop
  endfacet
  facet normal -0 0 1
    outer loop
      vertex -8.91774 8.02957 25
      vertex -0.75 5.96 25
      vertex -0.628031 11.9836 25
    endloop
  endfacet
  facet normal 0 0 1
    outer loop
      vertex -0.75 5.96 25
      vertex -1.0692 3.29066 25
      vertex -0.80772 3.3644 25
    endloop
  endfacet
  facet normal 0 0 1
    outer loop
      vertex -0.75 5.96 25
      vertex -1.32408 3.19662 25
      vertex -1.0692 3.29066 25
    endloop
  endfacet
  facet normal 0 0 1
    outer loop
      vertex -0.75 5.96 25
      vertex -1.57081 3.08288 25
      vertex -1.32408 3.19662 25
    endloop
  endfacet
  facet normal 0 -0 1
    outer loop
      vertex -2.24709 2.631 25
      vertex -0.75 5.96 25
      vertex -8.91774 8.02957 25
    endloop
  endfacet
  facet normal 0 0 1
    outer loop
      vertex -0.75 5.96 25
      vertex -1.80784 2.95013 25
      vertex -1.57081 3.08288 25
    endloop
  endfacet
  facet normal 0 0 1
    outer loop
      vertex -0.75 5.96 25
      vertex -2.03374 2.7992 25
      vertex -1.80784 2.95013 25
    endloop
  endfacet
  facet normal 0 0 1
    outer loop
      vertex -0.75 5.96 25
      vertex -2.24709 2.631 25
      vertex -2.03374 2.7992 25
    endloop
  endfacet
  facet normal 0 0 1
    outer loop
      vertex -2.24709 2.631 25
      vertex -8.91774 8.02957 25
      vertex -2.44659 2.44659 25
    endloop
  endfacet
  facet normal 0 0 1
    outer loop
      vertex -2.44659 2.44659 25
      vertex -8.91774 8.02957 25
      vertex -2.631 2.24709 25
    endloop
  endfacet
  facet normal 0 -0 1
    outer loop
      vertex -5.96 0.75 25
      vertex -2.631 2.24709 25
      vertex -8.91774 8.02957 25
    endloop
  endfacet
  facet normal 0 0 1
    outer loop
      vertex -2.631 2.24709 25
      vertex -5.96 0.75 25
      vertex -2.7992 2.03374 25
    endloop
  endfacet
  facet normal 0 0 1
    outer loop
      vertex -2.7992 2.03374 25
      vertex -5.96 0.75 25
      vertex -2.95013 1.80784 25
    endloop
  endfacet
  facet normal 0 0 1
    outer loop
      vertex -2.95013 1.80784 25
      vertex -5.96 0.75 25
      vertex -3.08288 1.57081 25
    endloop
  endfacet
  facet normal 0 0 1
    outer loop
      vertex -3.08288 1.57081 25
      vertex -5.96 0.75 25
      vertex -3.19662 1.32408 25
    endloop
  endfacet
  facet normal 0 0 1
    outer loop
      vertex -3.3644 0.80772 25
      vertex -5.96 0.75 25
      vertex -3.37588 0.75 25
    endloop
  endfacet
  facet normal 0 0 1
    outer loop
      vertex -3.19662 1.32408 25
      vertex -5.96 0.75 25
      vertex -3.29066 1.0692 25
    endloop
  endfacet
  facet normal -0 0 1
    outer loop
      vertex -11.9836 -0.628031 25
      vertex -5.96 -0.75 25
      vertex -5.96 0.75 25
    endloop
  endfacet
  facet normal 0 0 1
    outer loop
      vertex -11.9836 -0.628031 25
      vertex -5.96 0.75 25
      vertex -8.91774 8.02957 25
    endloop
  endfacet
  facet normal 0 0 1
    outer loop
      vertex -3.29066 1.0692 25
      vertex -5.96 0.75 25
      vertex -3.3644 0.80772 25
    endloop
  endfacet
  facet normal 0 0 1
    outer loop
      vertex -33.1443 29.6384 25
      vertex -8.91774 8.02957 25
      vertex -0.628031 11.9836 25
    endloop
  endfacet
  facet normal -0 0 1
    outer loop
      vertex -37.2599 31.823 25
      vertex -33.1443 29.6384 25
      vertex -34.6482 34.6482 25
    endloop
  endfacet
  facet normal 0 0 1
    outer loop
      vertex -39.6418 28.8015 25
      vertex -33.1443 29.6384 25
      vertex -37.2599 31.823 25
    endloop
  endfacet
  facet normal 0 0 1
    outer loop
      vertex -41.7794 25.6024 25
      vertex -33.1443 29.6384 25
      vertex -39.6418 28.8015 25
    endloop
  endfacet
  facet normal 0 0 1
    outer loop
      vertex -33.1443 29.6384 25
      vertex -41.7794 25.6024 25
      vertex -43.1013 22.1889 25
    endloop
  endfacet
  facet normal 0 0 1
    outer loop
      vertex -33.1443 29.6384 25
      vertex -43.1013 22.1889 25
      vertex -8.91774 8.02957 25
    endloop
  endfacet
  facet normal -0 0 1
    outer loop
      vertex -43.6593 22.2455 25
      vertex -43.1013 22.1889 25
      vertex -41.7794 25.6024 25
    endloop
  endfacet
  facet normal 0 0 1
    outer loop
      vertex -45.2701 18.7515 25
      vertex -43.1013 22.1889 25
      vertex -43.6593 22.2455 25
    endloop
  endfacet
  facet normal 0 0 1
    outer loop
      vertex -46.6018 15.1418 25
      vertex -43.1013 22.1889 25
      vertex -45.2701 18.7515 25
    endloop
  endfacet
  facet normal 0 0 1
    outer loop
      vertex -5.96 -0.75 25
      vertex -11.9836 -0.628031 25
      vertex -8.02957 -8.91774 25
    endloop
  endfacet
  facet normal 0 0 1
    outer loop
      vertex -29.6384 -33.1443 25
      vertex -8.02957 -8.91774 25
      vertex -11.9836 -0.628031 25
    endloop
  endfacet
  facet normal 0 0 1
    outer loop
      vertex -22.1889 -43.1013 25
      vertex -25.6024 -41.7794 25
      vertex -22.2455 -43.6593 25
    endloop
  endfacet
  facet normal 0 0 1
    outer loop
      vertex -8.02957 -8.91774 25
      vertex -29.6384 -33.1443 25
      vertex -22.1889 -43.1013 25
    endloop
  endfacet
  facet normal 0 0 1
    outer loop
      vertex -22.1889 -43.1013 25
      vertex -29.6384 -33.1443 25
      vertex -25.6024 -41.7794 25
    endloop
  endfacet
  facet normal 0 0 1
    outer loop
      vertex -25.6024 -41.7794 25
      vertex -29.6384 -33.1443 25
      vertex -28.8015 -39.6418 25
    endloop
  endfacet
  facet normal 0 0 1
    outer loop
      vertex -29.6384 -33.1443 25
      vertex -31.823 -37.2599 25
      vertex -28.8015 -39.6418 25
    endloop
  endfacet
  facet normal 0 0 1
    outer loop
      vertex -29.6384 -33.1443 25
      vertex -34.6482 -34.6482 25
      vertex -31.823 -37.2599 25
    endloop
  endfacet
  facet normal 0 0 1
    outer loop
      vertex -29.6384 -33.1443 25
      vertex -37.2599 -31.823 25
      vertex -34.6482 -34.6482 25
    endloop
  endfacet
  facet normal 0 0 1
    outer loop
      vertex -29.6384 -33.1443 25
      vertex -39.6418 -28.8015 25
      vertex -37.2599 -31.823 25
    endloop
  endfacet
  facet normal 0 0 1
    outer loop
      vertex -29.6384 -33.1443 25
      vertex -41.7794 -25.6024 25
      vertex -39.6418 -28.8015 25
    endloop
  endfacet
  facet normal 0 0 1
    outer loop
      vertex -29.6384 -33.1443 25
      vertex -43.6593 -22.2455 25
      vertex -41.7794 -25.6024 25
    endloop
  endfacet
  facet normal 0 0 1
    outer loop
      vertex -46.1671 -14.7873 25
      vertex -43.6593 -22.2455 25
      vertex -29.6384 -33.1443 25
    endloop
  endfacet
  facet normal 0 0 1
    outer loop
      vertex -43.6593 -22.2455 25
      vertex -46.1671 -14.7873 25
      vertex -45.2701 -18.7515 25
    endloop
  endfacet
  facet normal 0 0 1
    outer loop
      vertex -46.1671 -14.7873 25
      vertex -46.6018 -15.1418 25
      vertex -45.2701 -18.7515 25
    endloop
  endfacet
  facet normal -0 0 1
    outer loop
      vertex -48.3967 7.66529 25
      vertex -44.3941 -2.479 25
      vertex -47.6461 11.4388 25
    endloop
  endfacet
  facet normal -0 0 1
    outer loop
      vertex -48.8489 3.84449 25
      vertex -44.3941 -2.479 25
      vertex -48.3967 7.66529 25
    endloop
  endfacet
  facet normal 0 0 1
    outer loop
      vertex -46.1671 -14.7873 25
      vertex -47.6461 -11.4388 25
      vertex -46.6018 -15.1418 25
    endloop
  endfacet
  facet normal -0 0 1
    outer loop
      vertex -49 0 25
      vertex -44.3941 -2.479 25
      vertex -48.8489 3.84449 25
    endloop
  endfacet
  facet normal 0 0 1
    outer loop
      vertex -44.3941 -2.479 25
      vertex -47.6461 -11.4388 25
      vertex -46.1671 -14.7873 25
    endloop
  endfacet
  facet normal 0 -0 1
    outer loop
      vertex -48.8489 -3.84449 25
      vertex -44.3941 -2.479 25
      vertex -49 0 25
    endloop
  endfacet
  facet normal 0 -0 1
    outer loop
      vertex -47.6461 -11.4388 25
      vertex -44.3941 -2.479 25
      vertex -48.3967 -7.66529 25
    endloop
  endfacet
  facet normal 0 -0 1
    outer loop
      vertex -48.3967 -7.66529 25
      vertex -44.3941 -2.479 25
      vertex -48.8489 -3.84449 25
    endloop
  endfacet
  facet normal -0 0 1
    outer loop
      vertex 2.631 2.24709 25
      vertex 5.96 0.75 25
      vertex 8.02957 8.91774 25
    endloop
  endfacet
  facet normal 0 0 1
    outer loop
      vertex 5.96 0.75 25
      vertex 3.3644 0.80772 25
      vertex 3.37588 0.75 25
    endloop
  endfacet
  facet normal 0 0 1
    outer loop
      vertex 5.96 0.75 25
      vertex 3.29066 1.0692 25
      vertex 3.3644 0.80772 25
    endloop
  endfacet
  facet normal 0 0 1
    outer loop
      vertex 5.96 0.75 25
      vertex 3.19662 1.32408 25
      vertex 3.29066 1.0692 25
    endloop
  endfacet
  facet normal 0 0 1
    outer loop
      vertex 5.96 0.75 25
      vertex 3.08288 1.57081 25
      vertex 3.19662 1.32408 25
    endloop
  endfacet
  facet normal 0 0 1
    outer loop
      vertex 5.96 0.75 25
      vertex 2.95013 1.80784 25
      vertex 3.08288 1.57081 25
    endloop
  endfacet
  facet normal 0 0 1
    outer loop
      vertex 5.96 0.75 25
      vertex 2.7992 2.03374 25
      vertex 2.95013 1.80784 25
    endloop
  endfacet
  facet normal 0 0 1
    outer loop
      vertex 5.96 0.75 25
      vertex 2.631 2.24709 25
      vertex 2.7992 2.03374 25
    endloop
  endfacet
  facet normal 0 0 1
    outer loop
      vertex 8.02957 8.91774 25
      vertex 2.44659 2.44659 25
      vertex 2.631 2.24709 25
    endloop
  endfacet
  facet normal 0 0 1
    outer loop
      vertex 8.02957 8.91774 25
      vertex 2.24709 2.631 25
      vertex 2.44659 2.44659 25
    endloop
  endfacet
  facet normal -0 0 1
    outer loop
      vertex 0.75 5.96 25
      vertex 2.24709 2.631 25
      vertex 8.02957 8.91774 25
    endloop
  endfacet
  facet normal 0 0 1
    outer loop
      vertex 2.24709 2.631 25
      vertex 0.75 5.96 25
      vertex 2.03374 2.7992 25
    endloop
  endfacet
  facet normal 0 0 1
    outer loop
      vertex 2.03374 2.7992 25
      vertex 0.75 5.96 25
      vertex 1.80784 2.95013 25
    endloop
  endfacet
  facet normal 0 0 1
    outer loop
      vertex 1.80784 2.95013 25
      vertex 0.75 5.96 25
      vertex 1.57081 3.08288 25
    endloop
  endfacet
  facet normal 0 0 1
    outer loop
      vertex 1.57081 3.08288 25
      vertex 0.75 5.96 25
      vertex 1.32408 3.19662 25
    endloop
  endfacet
  facet normal 0 0 1
    outer loop
      vertex 1.32408 3.19662 25
      vertex 0.75 5.96 25
      vertex 1.0692 3.29066 25
    endloop
  endfacet
  facet normal 0 0 1
    outer loop
      vertex 1.0692 3.29066 25
      vertex 0.75 5.96 25
      vertex 0.80772 3.3644 25
    endloop
  endfacet
  facet normal 0 0 1
    outer loop
      vertex 8.02957 8.91774 25
      vertex -0.628031 11.9836 25
      vertex 0.75 5.96 25
    endloop
  endfacet
  facet normal 0 0 1
    outer loop
      vertex -2.479 44.3941 25
      vertex -0.628031 11.9836 25
      vertex 8.02957 8.91774 25
    endloop
  endfacet
  facet normal -0 0 1
    outer loop
      vertex -7.66529 48.3967 25
      vertex -2.479 44.3941 25
      vertex -3.84449 48.8489 25
    endloop
  endfacet
  facet normal -0 0 1
    outer loop
      vertex -11.4388 47.6461 25
      vertex -2.479 44.3941 25
      vertex -7.66529 48.3967 25
    endloop
  endfacet
  facet normal 0 0 1
    outer loop
      vertex -2.479 44.3941 25
      vertex -11.4388 47.6461 25
      vertex -14.7873 46.1671 25
    endloop
  endfacet
  facet normal 0 0 1
    outer loop
      vertex -2.479 44.3941 25
      vertex -14.7873 46.1671 25
      vertex -0.628031 11.9836 25
    endloop
  endfacet
  facet normal -0 0 1
    outer loop
      vertex -15.1418 46.6018 25
      vertex -14.7873 46.1671 25
      vertex -11.4388 47.6461 25
    endloop
  endfacet
  facet normal 0 0 1
    outer loop
      vertex -18.7515 45.2701 25
      vertex -14.7873 46.1671 25
      vertex -15.1418 46.6018 25
    endloop
  endfacet
  facet normal 0 0 1
    outer loop
      vertex -22.2455 43.6593 25
      vertex -14.7873 46.1671 25
      vertex -18.7515 45.2701 25
    endloop
  endfacet
  facet normal 0 0 1
    outer loop
      vertex -33.1443 29.6384 25
      vertex -22.2455 43.6593 25
      vertex -25.6024 41.7794 25
    endloop
  endfacet
  facet normal 0 0 1
    outer loop
      vertex -33.1443 29.6384 25
      vertex -25.6024 41.7794 25
      vertex -28.8015 39.6418 25
    endloop
  endfacet
  facet normal 0 0 1
    outer loop
      vertex -33.1443 29.6384 25
      vertex -28.8015 39.6418 25
      vertex -31.823 37.2599 25
    endloop
  endfacet
  facet normal -0 0 1
    outer loop
      vertex -22.2455 43.6593 25
      vertex -33.1443 29.6384 25
      vertex -14.7873 46.1671 25
    endloop
  endfacet
  facet normal 0 -0 1
    outer loop
      vertex -33.1443 29.6384 25
      vertex -31.823 37.2599 25
      vertex -34.6482 34.6482 25
    endloop
  endfacet
  facet normal 0 0 1
    outer loop
      vertex 2.479 -44.3941 25
      vertex 0 -49 25
      vertex 3.84449 -48.8489 25
    endloop
  endfacet
  facet normal 0 0 1
    outer loop
      vertex 2.479 -44.3941 25
      vertex -3.84449 -48.8489 25
      vertex 0 -49 25
    endloop
  endfacet
  facet normal 0 0 1
    outer loop
      vertex 2.479 -44.3941 25
      vertex -7.66529 -48.3967 25
      vertex -3.84449 -48.8489 25
    endloop
  endfacet
  facet normal 0 0 1
    outer loop
      vertex 2.479 -44.3941 25
      vertex -11.4388 -47.6461 25
      vertex -7.66529 -48.3967 25
    endloop
  endfacet
  facet normal 0 0 1
    outer loop
      vertex 2.479 -44.3941 25
      vertex -15.1418 -46.6018 25
      vertex -11.4388 -47.6461 25
    endloop
  endfacet
  facet normal 0 0 1
    outer loop
      vertex -22.1889 -43.1013 25
      vertex -15.1418 -46.6018 25
      vertex 2.479 -44.3941 25
    endloop
  endfacet
  facet normal 0 0 1
    outer loop
      vertex -15.1418 -46.6018 25
      vertex -22.1889 -43.1013 25
      vertex -18.7515 -45.2701 25
    endloop
  endfacet
  facet normal 0 0 1
    outer loop
      vertex -18.7515 -45.2701 25
      vertex -22.1889 -43.1013 25
      vertex -22.2455 -43.6593 25
    endloop
  endfacet
  facet normal 0 0 1
    outer loop
      vertex 0.80772 3.3644 25
      vertex 0.75 5.96 25
      vertex 0.75 3.37588 25
    endloop
  endfacet
  facet normal 0 0 1
    outer loop
      vertex 18.7515 45.2701 25
      vertex 22.1889 43.1013 25
      vertex 22.2455 43.6593 25
    endloop
  endfacet
  facet normal 0 0 1
    outer loop
      vertex 15.1418 46.6018 25
      vertex 22.1889 43.1013 25
      vertex 18.7515 45.2701 25
    endloop
  endfacet
  facet normal 0 0 1
    outer loop
      vertex -2.479 44.3941 25
      vertex 15.1418 46.6018 25
      vertex 11.4388 47.6461 25
    endloop
  endfacet
  facet normal 0 0 1
    outer loop
      vertex -2.479 44.3941 25
      vertex 11.4388 47.6461 25
      vertex 7.66529 48.3967 25
    endloop
  endfacet
  facet normal 0 0 1
    outer loop
      vertex -2.479 44.3941 25
      vertex 7.66529 48.3967 25
      vertex 3.84449 48.8489 25
    endloop
  endfacet
  facet normal 0 0 1
    outer loop
      vertex -2.479 44.3941 25
      vertex 3.84449 48.8489 25
      vertex 0 49 25
    endloop
  endfacet
  facet normal 0 0 1
    outer loop
      vertex 15.1418 46.6018 25
      vertex -2.479 44.3941 25
      vertex 22.1889 43.1013 25
    endloop
  endfacet
  facet normal 0 -0 1
    outer loop
      vertex -2.479 44.3941 25
      vertex 0 49 25
      vertex -3.84449 48.8489 25
    endloop
  endfacet
  facet normal -0 0 1
    outer loop
      vertex 44.3941 2.479 25
      vertex 49 0 25
      vertex 48.8489 3.84449 25
    endloop
  endfacet
  facet normal 0 0 1
    outer loop
      vertex 44.3941 2.479 25
      vertex 48.8489 3.84449 25
      vertex 48.3967 7.66529 25
    endloop
  endfacet
  facet normal 0 0 1
    outer loop
      vertex 49 0 25
      vertex 44.3941 2.479 25
      vertex 48.8489 -3.84449 25
    endloop
  endfacet
  facet normal 0 0 1
    outer loop
      vertex 44.3941 2.479 25
      vertex 48.3967 7.66529 25
      vertex 47.6461 11.4388 25
    endloop
  endfacet
  facet normal 0 0 1
    outer loop
      vertex 48.8489 -3.84449 25
      vertex 44.3941 2.479 25
      vertex 48.3967 -7.66529 25
    endloop
  endfacet
  facet normal -0 0 1
    outer loop
      vertex 46.1671 14.7873 25
      vertex 47.6461 11.4388 25
      vertex 46.6018 15.1418 25
    endloop
  endfacet
  facet normal 0 0 1
    outer loop
      vertex 48.3967 -7.66529 25
      vertex 44.3941 2.479 25
      vertex 47.6461 -11.4388 25
    endloop
  endfacet
  facet normal 0 0 1
    outer loop
      vertex 47.6461 11.4388 25
      vertex 46.1671 14.7873 25
      vertex 44.3941 2.479 25
    endloop
  endfacet
  facet normal 0 0 1
    outer loop
      vertex 45.2701 18.7515 25
      vertex 46.1671 14.7873 25
      vertex 46.6018 15.1418 25
    endloop
  endfacet
  facet normal 0 0 1
    outer loop
      vertex 43.6593 22.2455 25
      vertex 46.1671 14.7873 25
      vertex 45.2701 18.7515 25
    endloop
  endfacet
  facet normal 0 0 1
    outer loop
      vertex 29.6384 33.1443 25
      vertex 43.6593 22.2455 25
      vertex 41.7794 25.6024 25
    endloop
  endfacet
  facet normal 0 0 1
    outer loop
      vertex 29.6384 33.1443 25
      vertex 41.7794 25.6024 25
      vertex 39.6418 28.8015 25
    endloop
  endfacet
  facet normal 0 0 1
    outer loop
      vertex 29.6384 33.1443 25
      vertex 39.6418 28.8015 25
      vertex 37.2599 31.823 25
    endloop
  endfacet
  facet normal -0 0 1
    outer loop
      vertex 29.6384 33.1443 25
      vertex 37.2599 31.823 25
      vertex 34.6482 34.6482 25
    endloop
  endfacet
  facet normal 0 0 1
    outer loop
      vertex 29.6384 33.1443 25
      vertex 34.6482 34.6482 25
      vertex 31.823 37.2599 25
    endloop
  endfacet
  facet normal 0 0 1
    outer loop
      vertex 43.6593 22.2455 25
      vertex 29.6384 33.1443 25
      vertex 46.1671 14.7873 25
    endloop
  endfacet
  facet normal 0 0 1
    outer loop
      vertex 28.8015 39.6418 25
      vertex 29.6384 33.1443 25
      vertex 31.823 37.2599 25
    endloop
  endfacet
  facet normal 0 0 1
    outer loop
      vertex 25.6024 41.7794 25
      vertex 29.6384 33.1443 25
      vertex 28.8015 39.6418 25
    endloop
  endfacet
  facet normal -0 0 1
    outer loop
      vertex 22.1889 43.1013 25
      vertex 25.6024 41.7794 25
      vertex 22.2455 43.6593 25
    endloop
  endfacet
  facet normal 0 0 1
    outer loop
      vertex 25.6024 41.7794 25
      vertex 22.1889 43.1013 25
      vertex 29.6384 33.1443 25
    endloop
  endfacet
  facet normal 0 0 1
    outer loop
      vertex 8.02957 8.91774 25
      vertex 29.6384 33.1443 25
      vertex 22.1889 43.1013 25
    endloop
  endfacet
  facet normal 0 0 1
    outer loop
      vertex 29.6384 33.1443 25
      vertex 8.02957 8.91774 25
      vertex 11.9836 0.628031 25
    endloop
  endfacet
  facet normal -0 0 1
    outer loop
      vertex 5.96 0.75 25
      vertex 11.9836 0.628031 25
      vertex 8.02957 8.91774 25
    endloop
  endfacet
  facet normal 0 0 1
    outer loop
      vertex 47.6461 -11.4388 25
      vertex 44.3941 2.479 25
      vertex 46.6018 -15.1418 25
    endloop
  endfacet
  facet normal 0 0 1
    outer loop
      vertex 43.1013 -22.1889 25
      vertex 46.6018 -15.1418 25
      vertex 44.3941 2.479 25
    endloop
  endfacet
  facet normal 0 0 1
    outer loop
      vertex 11.9836 0.628031 25
      vertex 44.3941 2.479 25
      vertex 46.1671 14.7873 25
    endloop
  endfacet
  facet normal 0 0 1
    outer loop
      vertex 44.3941 2.479 25
      vertex 11.9836 0.628031 25
      vertex 8.91774 -8.02957 25
    endloop
  endfacet
  facet normal 0 0 1
    outer loop
      vertex 46.6018 -15.1418 25
      vertex 43.1013 -22.1889 25
      vertex 45.2701 -18.7515 25
    endloop
  endfacet
  facet normal 0 0 1
    outer loop
      vertex 45.2701 -18.7515 25
      vertex 43.1013 -22.1889 25
      vertex 43.6593 -22.2455 25
    endloop
  endfacet
  facet normal 0 0 1
    outer loop
      vertex 43.1013 -22.1889 25
      vertex 41.7794 -25.6024 25
      vertex 43.6593 -22.2455 25
    endloop
  endfacet
  facet normal 0 0 1
    outer loop
      vertex 33.1443 -29.6384 25
      vertex 41.7794 -25.6024 25
      vertex 43.1013 -22.1889 25
    endloop
  endfacet
  facet normal 0 0 1
    outer loop
      vertex 41.7794 -25.6024 25
      vertex 33.1443 -29.6384 25
      vertex 39.6418 -28.8015 25
    endloop
  endfacet
  facet normal 0 0 1
    outer loop
      vertex 39.6418 -28.8015 25
      vertex 33.1443 -29.6384 25
      vertex 37.2599 -31.823 25
    endloop
  endfacet
  facet normal 0 0 1
    outer loop
      vertex 37.2599 -31.823 25
      vertex 33.1443 -29.6384 25
      vertex 34.6482 -34.6482 25
    endloop
  endfacet
  facet normal 0 0 1
    outer loop
      vertex 8.91774 -8.02957 25
      vertex 33.1443 -29.6384 25
      vertex 43.1013 -22.1889 25
    endloop
  endfacet
  facet normal 0 0 1
    outer loop
      vertex 5.96 -0.75 25
      vertex 11.9836 0.628031 25
      vertex 5.96 0.75 25
    endloop
  endfacet
  facet normal 0 0 1
    outer loop
      vertex 11.9836 0.628031 25
      vertex 5.96 -0.75 25
      vertex 8.91774 -8.02957 25
    endloop
  endfacet
  facet normal 0 0 1
    outer loop
      vertex 3.3644 -0.80772 25
      vertex 5.96 -0.75 25
      vertex 3.37588 -0.75 25
    endloop
  endfacet
  facet normal 0 0 1
    outer loop
      vertex 3.29066 -1.0692 25
      vertex 5.96 -0.75 25
      vertex 3.3644 -0.80772 25
    endloop
  endfacet
  facet normal 0 0 1
    outer loop
      vertex 3.19662 -1.32408 25
      vertex 5.96 -0.75 25
      vertex 3.29066 -1.0692 25
    endloop
  endfacet
  facet normal 0 0 1
    outer loop
      vertex 3.08288 -1.57081 25
      vertex 5.96 -0.75 25
      vertex 3.19662 -1.32408 25
    endloop
  endfacet
  facet normal 0 0 1
    outer loop
      vertex 2.95013 -1.80784 25
      vertex 5.96 -0.75 25
      vertex 3.08288 -1.57081 25
    endloop
  endfacet
  facet normal 0 0 1
    outer loop
      vertex 2.7992 -2.03374 25
      vertex 5.96 -0.75 25
      vertex 2.95013 -1.80784 25
    endloop
  endfacet
  facet normal 0 0 1
    outer loop
      vertex 2.631 -2.24709 25
      vertex 5.96 -0.75 25
      vertex 2.7992 -2.03374 25
    endloop
  endfacet
  facet normal 0 0 1
    outer loop
      vertex 5.96 -0.75 25
      vertex 2.631 -2.24709 25
      vertex 8.91774 -8.02957 25
    endloop
  endfacet
  facet normal -0 0 1
    outer loop
      vertex 2.44659 -2.44659 25
      vertex 8.91774 -8.02957 25
      vertex 2.631 -2.24709 25
    endloop
  endfacet
  facet normal -0 0 1
    outer loop
      vertex 2.24709 -2.631 25
      vertex 8.91774 -8.02957 25
      vertex 2.44659 -2.44659 25
    endloop
  endfacet
  facet normal 0 0 1
    outer loop
      vertex 8.91774 -8.02957 25
      vertex 2.24709 -2.631 25
      vertex 0.75 -5.96 25
    endloop
  endfacet
  facet normal 0 0 1
    outer loop
      vertex 0.75 -5.96 25
      vertex 2.24709 -2.631 25
      vertex 2.03374 -2.7992 25
    endloop
  endfacet
  facet normal 0 0 1
    outer loop
      vertex 0.75 -5.96 25
      vertex 2.03374 -2.7992 25
      vertex 1.80784 -2.95013 25
    endloop
  endfacet
  facet normal 0 0 1
    outer loop
      vertex 0.75 -5.96 25
      vertex 1.80784 -2.95013 25
      vertex 1.57081 -3.08288 25
    endloop
  endfacet
  facet normal 0 0 1
    outer loop
      vertex 0.75 -5.96 25
      vertex 1.57081 -3.08288 25
      vertex 1.32408 -3.19662 25
    endloop
  endfacet
  facet normal 0 0 1
    outer loop
      vertex 0.75 -5.96 25
      vertex 1.32408 -3.19662 25
      vertex 1.0692 -3.29066 25
    endloop
  endfacet
  facet normal 0 0 1
    outer loop
      vertex 0.75 -5.96 25
      vertex 1.0692 -3.29066 25
      vertex 0.80772 -3.3644 25
    endloop
  endfacet
  facet normal 0 0 1
    outer loop
      vertex 0.75 -5.96 25
      vertex 0.80772 -3.3644 25
      vertex 0.75 -3.37588 25
    endloop
  endfacet
  facet normal 0 0 1
    outer loop
      vertex 8.91774 -8.02957 25
      vertex 0.75 -5.96 25
      vertex 0.628031 -11.9836 25
    endloop
  endfacet
  facet normal 0 0 1
    outer loop
      vertex 8.91774 -8.02957 25
      vertex 0.628031 -11.9836 25
      vertex 33.1443 -29.6384 25
    endloop
  endfacet
  facet normal 0 -0 1
    outer loop
      vertex 0.628031 -11.9836 25
      vertex 0.75 -5.96 25
      vertex -0.75 -5.96 25
    endloop
  endfacet
  facet normal 0 0 1
    outer loop
      vertex 33.1443 -29.6384 25
      vertex 31.823 -37.2599 25
      vertex 34.6482 -34.6482 25
    endloop
  endfacet
  facet normal 0 0 1
    outer loop
      vertex 33.1443 -29.6384 25
      vertex 28.8015 -39.6418 25
      vertex 31.823 -37.2599 25
    endloop
  endfacet
  facet normal 0 0 1
    outer loop
      vertex 33.1443 -29.6384 25
      vertex 25.6024 -41.7794 25
      vertex 28.8015 -39.6418 25
    endloop
  endfacet
  facet normal 0 0 1
    outer loop
      vertex 33.1443 -29.6384 25
      vertex 22.2455 -43.6593 25
      vertex 25.6024 -41.7794 25
    endloop
  endfacet
  facet normal 0 0 1
    outer loop
      vertex 14.7873 -46.1671 25
      vertex 22.2455 -43.6593 25
      vertex 33.1443 -29.6384 25
    endloop
  endfacet
  facet normal 0 0 1
    outer loop
      vertex 22.2455 -43.6593 25
      vertex 14.7873 -46.1671 25
      vertex 18.7515 -45.2701 25
    endloop
  endfacet
  facet normal 0 0 1
    outer loop
      vertex 18.7515 -45.2701 25
      vertex 14.7873 -46.1671 25
      vertex 15.1418 -46.6018 25
    endloop
  endfacet
  facet normal 0 0 1
    outer loop
      vertex 14.7873 -46.1671 25
      vertex 11.4388 -47.6461 25
      vertex 15.1418 -46.6018 25
    endloop
  endfacet
  facet normal 0 0 1
    outer loop
      vertex 2.479 -44.3941 25
      vertex 11.4388 -47.6461 25
      vertex 14.7873 -46.1671 25
    endloop
  endfacet
  facet normal 0 0 1
    outer loop
      vertex 11.4388 -47.6461 25
      vertex 2.479 -44.3941 25
      vertex 7.66529 -48.3967 25
    endloop
  endfacet
  facet normal 0 0 1
    outer loop
      vertex 7.66529 -48.3967 25
      vertex 2.479 -44.3941 25
      vertex 3.84449 -48.8489 25
    endloop
  endfacet
  facet normal 0 0 1
    outer loop
      vertex 0.628031 -11.9836 25
      vertex 2.479 -44.3941 25
      vertex 14.7873 -46.1671 25
    endloop
  endfacet
  facet normal -0 0 1
    outer loop
      vertex -8.02957 -8.91774 25
      vertex 0.628031 -11.9836 25
      vertex -0.75 -5.96 25
    endloop
  endfacet
  facet normal 0 0 1
    outer loop
      vertex -1.0692 -3.29066 25
      vertex -0.75 -5.96 25
      vertex -0.80772 -3.3644 25
    endloop
  endfacet
  facet normal 0 0 1
    outer loop
      vertex -1.32408 -3.19662 25
      vertex -0.75 -5.96 25
      vertex -1.0692 -3.29066 25
    endloop
  endfacet
  facet normal 0 0 1
    outer loop
      vertex -1.57081 -3.08288 25
      vertex -0.75 -5.96 25
      vertex -1.32408 -3.19662 25
    endloop
  endfacet
  facet normal 0 0 1
    outer loop
      vertex -1.80784 -2.95013 25
      vertex -0.75 -5.96 25
      vertex -1.57081 -3.08288 25
    endloop
  endfacet
  facet normal 0 0 1
    outer loop
      vertex -2.03374 -2.7992 25
      vertex -0.75 -5.96 25
      vertex -1.80784 -2.95013 25
    endloop
  endfacet
  facet normal 0 0 1
    outer loop
      vertex -2.24709 -2.631 25
      vertex -0.75 -5.96 25
      vertex -2.03374 -2.7992 25
    endloop
  endfacet
  facet normal 0 0 1
    outer loop
      vertex -0.75 -5.96 25
      vertex -2.24709 -2.631 25
      vertex -8.02957 -8.91774 25
    endloop
  endfacet
  facet normal 0 0 1
    outer loop
      vertex -8.02957 -8.91774 25
      vertex -2.24709 -2.631 25
      vertex -2.44659 -2.44659 25
    endloop
  endfacet
  facet normal 0 0 1
    outer loop
      vertex -8.02957 -8.91774 25
      vertex -2.44659 -2.44659 25
      vertex -2.631 -2.24709 25
    endloop
  endfacet
  facet normal 0 0 1
    outer loop
      vertex -5.96 -0.75 25
      vertex -2.631 -2.24709 25
      vertex -2.7992 -2.03374 25
    endloop
  endfacet
  facet normal 0 0 1
    outer loop
      vertex -5.96 -0.75 25
      vertex -2.7992 -2.03374 25
      vertex -2.95013 -1.80784 25
    endloop
  endfacet
  facet normal 0 0 1
    outer loop
      vertex -5.96 -0.75 25
      vertex -2.95013 -1.80784 25
      vertex -3.08288 -1.57081 25
    endloop
  endfacet
  facet normal 0 0 1
    outer loop
      vertex -5.96 -0.75 25
      vertex -3.08288 -1.57081 25
      vertex -3.19662 -1.32408 25
    endloop
  endfacet
  facet normal 0 0 1
    outer loop
      vertex -5.96 -0.75 25
      vertex -3.19662 -1.32408 25
      vertex -3.29066 -1.0692 25
    endloop
  endfacet
  facet normal 0 0 1
    outer loop
      vertex -5.96 -0.75 25
      vertex -3.29066 -1.0692 25
      vertex -3.3644 -0.80772 25
    endloop
  endfacet
  facet normal -0 0 1
    outer loop
      vertex -5.96 -0.75 25
      vertex -3.3644 -0.80772 25
      vertex -3.37588 -0.75 25
    endloop
  endfacet
  facet normal 0 0 1
    outer loop
      vertex -2.631 -2.24709 25
      vertex -5.96 -0.75 25
      vertex -8.02957 -8.91774 25
    endloop
  endfacet
  facet normal 0 0 1
    outer loop
      vertex 0.628031 -11.9836 25
      vertex -8.02957 -8.91774 25
      vertex 2.479 -44.3941 25
    endloop
  endfacet
  facet normal 0.195091 -0.980785 0
    outer loop
      vertex 7.66529 -48.3967 0
      vertex 11.4388 -47.6461 25
      vertex 7.66529 -48.3967 25
    endloop
  endfacet
  facet normal 0.195091 -0.980785 0
    outer loop
      vertex 11.4388 -47.6461 25
      vertex 7.66529 -48.3967 0
      vertex 11.4388 -47.6461 0
    endloop
  endfacet
  facet normal -0.93819 0.34612 0
    outer loop
      vertex -46.6018 15.1418 0
      vertex -45.2701 18.7515 25
      vertex -45.2701 18.7515 0
    endloop
  endfacet
  facet normal -0.93819 0.34612 0
    outer loop
      vertex -45.2701 18.7515 25
      vertex -46.6018 15.1418 0
      vertex -46.6018 15.1418 25
    endloop
  endfacet
  facet normal -0.678816 0.734308 0
    outer loop
      vertex -31.823 37.2599 0
      vertex -34.6482 34.6482 25
      vertex -31.823 37.2599 25
    endloop
  endfacet
  facet normal -0.678816 0.734308 0
    outer loop
      vertex -34.6482 34.6482 25
      vertex -31.823 37.2599 0
      vertex -34.6482 34.6482 0
    endloop
  endfacet
  facet normal 0.555576 -0.831466 0
    outer loop
      vertex 25.6024 -41.7794 0
      vertex 28.8015 -39.6418 25
      vertex 25.6024 -41.7794 25
    endloop
  endfacet
  facet normal 0.555576 -0.831466 0
    outer loop
      vertex 28.8015 -39.6418 25
      vertex 25.6024 -41.7794 0
      vertex 28.8015 -39.6418 0
    endloop
  endfacet
  facet normal -0.555576 0.831466 0
    outer loop
      vertex -25.6024 41.7794 0
      vertex -28.8015 39.6418 25
      vertex -25.6024 41.7794 25
    endloop
  endfacet
  facet normal -0.555576 0.831466 0
    outer loop
      vertex -28.8015 39.6418 25
      vertex -25.6024 41.7794 0
      vertex -28.8015 39.6418 0
    endloop
  endfacet
  facet normal -0.34612 0.93819 0
    outer loop
      vertex -15.1418 46.6018 0
      vertex -18.7515 45.2701 25
      vertex -15.1418 46.6018 25
    endloop
  endfacet
  facet normal -0.34612 0.93819 0
    outer loop
      vertex -18.7515 45.2701 25
      vertex -15.1418 46.6018 0
      vertex -18.7515 45.2701 0
    endloop
  endfacet
  facet normal 0.48861 -0.872502 0
    outer loop
      vertex 22.2455 -43.6593 0
      vertex 25.6024 -41.7794 25
      vertex 22.2455 -43.6593 25
    endloop
  endfacet
  facet normal 0.48861 -0.872502 0
    outer loop
      vertex 25.6024 -41.7794 25
      vertex 22.2455 -43.6593 0
      vertex 25.6024 -41.7794 0
    endloop
  endfacet
  facet normal 0.785324 -0.619085 0
    outer loop
      vertex 37.2599 -31.823 25
      vertex 39.6418 -28.8015 0
      vertex 39.6418 -28.8015 25
    endloop
  endfacet
  facet normal 0.785324 -0.619085 0
    outer loop
      vertex 39.6418 -28.8015 0
      vertex 37.2599 -31.823 25
      vertex 37.2599 -31.823 0
    endloop
  endfacet
  facet normal 0.962459 -0.271427 0
    outer loop
      vertex 46.6018 -15.1418 25
      vertex 47.6461 -11.4388 0
      vertex 47.6461 -11.4388 25
    endloop
  endfacet
  facet normal 0.962459 -0.271427 0
    outer loop
      vertex 47.6461 -11.4388 0
      vertex 46.6018 -15.1418 25
      vertex 46.6018 -15.1418 0
    endloop
  endfacet
  facet normal 0.34612 0.93819 -0
    outer loop
      vertex 18.7515 45.2701 0
      vertex 15.1418 46.6018 25
      vertex 18.7515 45.2701 25
    endloop
  endfacet
  facet normal 0.34612 0.93819 0
    outer loop
      vertex 15.1418 46.6018 25
      vertex 18.7515 45.2701 0
      vertex 15.1418 46.6018 0
    endloop
  endfacet
  facet normal -0 0 -1
    outer loop
      vertex -5.96 0.75 0
      vertex -11.9836 -0.628031 0
      vertex -8.91774 8.02957 0
    endloop
  endfacet
  facet normal 0 0 -1
    outer loop
      vertex -29.6384 -33.1443 0
      vertex -8.02957 -8.91774 0
      vertex -22.1889 -43.1013 0
    endloop
  endfacet
  facet normal 0 0 -1
    outer loop
      vertex -25.6024 -41.7794 0
      vertex -22.1889 -43.1013 0
      vertex -22.2455 -43.6593 0
    endloop
  endfacet
  facet normal 0 0 -1
    outer loop
      vertex -29.6384 -33.1443 0
      vertex -22.1889 -43.1013 0
      vertex -25.6024 -41.7794 0
    endloop
  endfacet
  facet normal 0 0 -1
    outer loop
      vertex -29.6384 -33.1443 0
      vertex -25.6024 -41.7794 0
      vertex -28.8015 -39.6418 0
    endloop
  endfacet
  facet normal -0 0 -1
    outer loop
      vertex -8.02957 -8.91774 0
      vertex -29.6384 -33.1443 0
      vertex -11.9836 -0.628031 0
    endloop
  endfacet
  facet normal 0 0 -1
    outer loop
      vertex -31.823 -37.2599 0
      vertex -29.6384 -33.1443 0
      vertex -28.8015 -39.6418 0
    endloop
  endfacet
  facet normal 0 0 -1
    outer loop
      vertex -34.6482 -34.6482 0
      vertex -29.6384 -33.1443 0
      vertex -31.823 -37.2599 0
    endloop
  endfacet
  facet normal 0 0 -1
    outer loop
      vertex -37.2599 -31.823 0
      vertex -29.6384 -33.1443 0
      vertex -34.6482 -34.6482 0
    endloop
  endfacet
  facet normal 0 0 -1
    outer loop
      vertex -39.6418 -28.8015 0
      vertex -29.6384 -33.1443 0
      vertex -37.2599 -31.823 0
    endloop
  endfacet
  facet normal 0 0 -1
    outer loop
      vertex -41.7794 -25.6024 0
      vertex -29.6384 -33.1443 0
      vertex -39.6418 -28.8015 0
    endloop
  endfacet
  facet normal 0 0 -1
    outer loop
      vertex -43.6593 -22.2455 0
      vertex -29.6384 -33.1443 0
      vertex -41.7794 -25.6024 0
    endloop
  endfacet
  facet normal 0 0 -1
    outer loop
      vertex -46.1671 -14.7873 0
      vertex -43.6593 -22.2455 0
      vertex -45.2701 -18.7515 0
    endloop
  endfacet
  facet normal 0 0 -1
    outer loop
      vertex -43.6593 -22.2455 0
      vertex -46.1671 -14.7873 0
      vertex -29.6384 -33.1443 0
    endloop
  endfacet
  facet normal 0 -0 -1
    outer loop
      vertex -46.1671 -14.7873 0
      vertex -45.2701 -18.7515 0
      vertex -46.6018 -15.1418 0
    endloop
  endfacet
  facet normal -0 0 -1
    outer loop
      vertex -11.9836 -0.628031 0
      vertex -44.3941 -2.479 0
      vertex -8.91774 8.02957 0
    endloop
  endfacet
  facet normal 0 0 -1
    outer loop
      vertex -46.1671 -14.7873 0
      vertex -44.3941 -2.479 0
      vertex -11.9836 -0.628031 0
    endloop
  endfacet
  facet normal 0 0 -1
    outer loop
      vertex -47.6461 -11.4388 0
      vertex -44.3941 -2.479 0
      vertex -46.1671 -14.7873 0
    endloop
  endfacet
  facet normal 0 0 -1
    outer loop
      vertex -47.6461 -11.4388 0
      vertex -46.1671 -14.7873 0
      vertex -46.6018 -15.1418 0
    endloop
  endfacet
  facet normal 0 0 -1
    outer loop
      vertex -44.3941 -2.479 0
      vertex -46.6018 15.1418 0
      vertex -45.2701 18.7515 0
    endloop
  endfacet
  facet normal 0 0 -1
    outer loop
      vertex -44.3941 -2.479 0
      vertex -47.6461 -11.4388 0
      vertex -48.3967 -7.66529 0
    endloop
  endfacet
  facet normal 0 0 -1
    outer loop
      vertex -44.3941 -2.479 0
      vertex -47.6461 11.4388 0
      vertex -46.6018 15.1418 0
    endloop
  endfacet
  facet normal 0 0 -1
    outer loop
      vertex -44.3941 -2.479 0
      vertex -48.3967 -7.66529 0
      vertex -48.8489 -3.84449 0
    endloop
  endfacet
  facet normal 0 0 -1
    outer loop
      vertex -44.3941 -2.479 0
      vertex -48.3967 7.66529 0
      vertex -47.6461 11.4388 0
    endloop
  endfacet
  facet normal -0 0 -1
    outer loop
      vertex -44.3941 -2.479 0
      vertex -48.8489 -3.84449 0
      vertex -49 0 0
    endloop
  endfacet
  facet normal 0 0 -1
    outer loop
      vertex -44.3941 -2.479 0
      vertex -48.8489 3.84449 0
      vertex -48.3967 7.66529 0
    endloop
  endfacet
  facet normal 0 0 -1
    outer loop
      vertex -44.3941 -2.479 0
      vertex -49 0 0
      vertex -48.8489 3.84449 0
    endloop
  endfacet
  facet normal -0 0 -1
    outer loop
      vertex -0.75 3.37588 0
      vertex -0.80772 3.3644 0
      vertex -0.75 5.96 0
    endloop
  endfacet
  facet normal 0 0 -1
    outer loop
      vertex -0.75 5.96 0
      vertex -0.628031 11.9836 0
      vertex 0.75 5.96 0
    endloop
  endfacet
  facet normal 0 0 -1
    outer loop
      vertex -1.0692 3.29066 0
      vertex -0.75 5.96 0
      vertex -0.80772 3.3644 0
    endloop
  endfacet
  facet normal 0 0 -1
    outer loop
      vertex -1.32408 3.19662 0
      vertex -0.75 5.96 0
      vertex -1.0692 3.29066 0
    endloop
  endfacet
  facet normal 0 0 -1
    outer loop
      vertex -1.57081 3.08288 0
      vertex -0.75 5.96 0
      vertex -1.32408 3.19662 0
    endloop
  endfacet
  facet normal 0 0 -1
    outer loop
      vertex -1.80784 2.95013 0
      vertex -0.75 5.96 0
      vertex -1.57081 3.08288 0
    endloop
  endfacet
  facet normal 0 0 -1
    outer loop
      vertex -2.03374 2.7992 0
      vertex -0.75 5.96 0
      vertex -1.80784 2.95013 0
    endloop
  endfacet
  facet normal 0 0 -1
    outer loop
      vertex -2.24709 2.631 0
      vertex -0.75 5.96 0
      vertex -2.03374 2.7992 0
    endloop
  endfacet
  facet normal -0 0 -1
    outer loop
      vertex -0.75 5.96 0
      vertex -2.24709 2.631 0
      vertex -8.91774 8.02957 0
    endloop
  endfacet
  facet normal 0 0 -1
    outer loop
      vertex -8.91774 8.02957 0
      vertex -2.24709 2.631 0
      vertex -2.44659 2.44659 0
    endloop
  endfacet
  facet normal 0 0 -1
    outer loop
      vertex -8.91774 8.02957 0
      vertex -2.44659 2.44659 0
      vertex -2.631 2.24709 0
    endloop
  endfacet
  facet normal 0 0 -1
    outer loop
      vertex -5.96 0.75 0
      vertex -2.631 2.24709 0
      vertex -2.7992 2.03374 0
    endloop
  endfacet
  facet normal 0 0 -1
    outer loop
      vertex -5.96 0.75 0
      vertex -2.7992 2.03374 0
      vertex -2.95013 1.80784 0
    endloop
  endfacet
  facet normal 0 0 -1
    outer loop
      vertex -5.96 0.75 0
      vertex -2.95013 1.80784 0
      vertex -3.08288 1.57081 0
    endloop
  endfacet
  facet normal 0 0 -1
    outer loop
      vertex -5.96 0.75 0
      vertex -3.08288 1.57081 0
      vertex -3.19662 1.32408 0
    endloop
  endfacet
  facet normal 0 0 -1
    outer loop
      vertex -5.96 0.75 0
      vertex -3.19662 1.32408 0
      vertex -3.29066 1.0692 0
    endloop
  endfacet
  facet normal 0 0 -1
    outer loop
      vertex -5.96 0.75 0
      vertex -3.29066 1.0692 0
      vertex -3.3644 0.80772 0
    endloop
  endfacet
  facet normal 0 0 -1
    outer loop
      vertex -5.96 0.75 0
      vertex -3.3644 0.80772 0
      vertex -3.37588 0.75 0
    endloop
  endfacet
  facet normal -0 0 -1
    outer loop
      vertex -2.631 2.24709 0
      vertex -5.96 0.75 0
      vertex -8.91774 8.02957 0
    endloop
  endfacet
  facet normal 0 0 -1
    outer loop
      vertex -11.9836 -0.628031 0
      vertex -5.96 0.75 0
      vertex -5.96 -0.75 0
    endloop
  endfacet
  facet normal 0 0 -1
    outer loop
      vertex -0.75 5.96 0
      vertex -8.91774 8.02957 0
      vertex -0.628031 11.9836 0
    endloop
  endfacet
  facet normal 0 0 -1
    outer loop
      vertex -8.91774 8.02957 0
      vertex -33.1443 29.6384 0
      vertex -0.628031 11.9836 0
    endloop
  endfacet
  facet normal 0 0 -1
    outer loop
      vertex -33.1443 29.6384 0
      vertex -37.2599 31.823 0
      vertex -34.6482 34.6482 0
    endloop
  endfacet
  facet normal 0 0 -1
    outer loop
      vertex -43.1013 22.1889 0
      vertex -33.1443 29.6384 0
      vertex -8.91774 8.02957 0
    endloop
  endfacet
  facet normal -0 0 -1
    outer loop
      vertex -33.1443 29.6384 0
      vertex -39.6418 28.8015 0
      vertex -37.2599 31.823 0
    endloop
  endfacet
  facet normal 0 -0 -1
    outer loop
      vertex -41.7794 25.6024 0
      vertex -33.1443 29.6384 0
      vertex -43.1013 22.1889 0
    endloop
  endfacet
  facet normal 0 0 -1
    outer loop
      vertex -33.1443 29.6384 0
      vertex -41.7794 25.6024 0
      vertex -39.6418 28.8015 0
    endloop
  endfacet
  facet normal 0 0 -1
    outer loop
      vertex -43.1013 22.1889 0
      vertex -43.6593 22.2455 0
      vertex -41.7794 25.6024 0
    endloop
  endfacet
  facet normal 0 0 -1
    outer loop
      vertex -45.2701 18.7515 0
      vertex -43.1013 22.1889 0
      vertex -44.3941 -2.479 0
    endloop
  endfacet
  facet normal -0 0 -1
    outer loop
      vertex -43.1013 22.1889 0
      vertex -45.2701 18.7515 0
      vertex -43.6593 22.2455 0
    endloop
  endfacet
  facet normal 0 0 -1
    outer loop
      vertex 0 -49 0
      vertex 2.479 -44.3941 0
      vertex 3.84449 -48.8489 0
    endloop
  endfacet
  facet normal 0 0 -1
    outer loop
      vertex -3.84449 -48.8489 0
      vertex 2.479 -44.3941 0
      vertex 0 -49 0
    endloop
  endfacet
  facet normal 0 0 -1
    outer loop
      vertex -7.66529 -48.3967 0
      vertex 2.479 -44.3941 0
      vertex -3.84449 -48.8489 0
    endloop
  endfacet
  facet normal 0 0 -1
    outer loop
      vertex -11.4388 -47.6461 0
      vertex 2.479 -44.3941 0
      vertex -7.66529 -48.3967 0
    endloop
  endfacet
  facet normal 0 0 -1
    outer loop
      vertex -15.1418 -46.6018 0
      vertex 2.479 -44.3941 0
      vertex -11.4388 -47.6461 0
    endloop
  endfacet
  facet normal 0 0 -1
    outer loop
      vertex -22.1889 -43.1013 0
      vertex -15.1418 -46.6018 0
      vertex -18.7515 -45.2701 0
    endloop
  endfacet
  facet normal 0 0 -1
    outer loop
      vertex -15.1418 -46.6018 0
      vertex -22.1889 -43.1013 0
      vertex 2.479 -44.3941 0
    endloop
  endfacet
  facet normal 0 -0 -1
    outer loop
      vertex -22.1889 -43.1013 0
      vertex -18.7515 -45.2701 0
      vertex -22.2455 -43.6593 0
    endloop
  endfacet
  facet normal 0 0 -1
    outer loop
      vertex 11.9836 0.628031 0
      vertex 5.96 0.75 0
      vertex 8.02957 8.91774 0
    endloop
  endfacet
  facet normal 0 0 -1
    outer loop
      vertex 3.3644 0.80772 0
      vertex 5.96 0.75 0
      vertex 3.37588 0.75 0
    endloop
  endfacet
  facet normal 0 0 -1
    outer loop
      vertex 3.29066 1.0692 0
      vertex 5.96 0.75 0
      vertex 3.3644 0.80772 0
    endloop
  endfacet
  facet normal 0 0 -1
    outer loop
      vertex 3.19662 1.32408 0
      vertex 5.96 0.75 0
      vertex 3.29066 1.0692 0
    endloop
  endfacet
  facet normal 0 0 -1
    outer loop
      vertex 3.08288 1.57081 0
      vertex 5.96 0.75 0
      vertex 3.19662 1.32408 0
    endloop
  endfacet
  facet normal 0 0 -1
    outer loop
      vertex 2.95013 1.80784 0
      vertex 5.96 0.75 0
      vertex 3.08288 1.57081 0
    endloop
  endfacet
  facet normal 0 0 -1
    outer loop
      vertex 2.7992 2.03374 0
      vertex 5.96 0.75 0
      vertex 2.95013 1.80784 0
    endloop
  endfacet
  facet normal 0 0 -1
    outer loop
      vertex 2.631 2.24709 0
      vertex 5.96 0.75 0
      vertex 2.7992 2.03374 0
    endloop
  endfacet
  facet normal 0 0 -1
    outer loop
      vertex 5.96 0.75 0
      vertex 2.631 2.24709 0
      vertex 8.02957 8.91774 0
    endloop
  endfacet
  facet normal 0 0 -1
    outer loop
      vertex 2.44659 2.44659 0
      vertex 8.02957 8.91774 0
      vertex 2.631 2.24709 0
    endloop
  endfacet
  facet normal 0 0 -1
    outer loop
      vertex 2.24709 2.631 0
      vertex 8.02957 8.91774 0
      vertex 2.44659 2.44659 0
    endloop
  endfacet
  facet normal 0 0 -1
    outer loop
      vertex 0.75 5.96 0
      vertex 2.24709 2.631 0
      vertex 2.03374 2.7992 0
    endloop
  endfacet
  facet normal 0 0 -1
    outer loop
      vertex 0.75 5.96 0
      vertex 2.03374 2.7992 0
      vertex 1.80784 2.95013 0
    endloop
  endfacet
  facet normal 0 0 -1
    outer loop
      vertex 0.75 5.96 0
      vertex 1.80784 2.95013 0
      vertex 1.57081 3.08288 0
    endloop
  endfacet
  facet normal 0 0 -1
    outer loop
      vertex 0.75 5.96 0
      vertex 1.57081 3.08288 0
      vertex 1.32408 3.19662 0
    endloop
  endfacet
  facet normal 0 0 -1
    outer loop
      vertex 0.75 5.96 0
      vertex 1.32408 3.19662 0
      vertex 1.0692 3.29066 0
    endloop
  endfacet
  facet normal 0 0 -1
    outer loop
      vertex 0.75 5.96 0
      vertex 1.0692 3.29066 0
      vertex 0.80772 3.3644 0
    endloop
  endfacet
  facet normal 0 0 -1
    outer loop
      vertex 0.75 5.96 0
      vertex 0.80772 3.3644 0
      vertex 0.75 3.37588 0
    endloop
  endfacet
  facet normal 0 0 -1
    outer loop
      vertex 2.24709 2.631 0
      vertex 0.75 5.96 0
      vertex 8.02957 8.91774 0
    endloop
  endfacet
  facet normal 0 0 -1
    outer loop
      vertex -0.628031 11.9836 0
      vertex 8.02957 8.91774 0
      vertex 0.75 5.96 0
    endloop
  endfacet
  facet normal 0 0 -1
    outer loop
      vertex -0.628031 11.9836 0
      vertex -2.479 44.3941 0
      vertex 8.02957 8.91774 0
    endloop
  endfacet
  facet normal 0 0 -1
    outer loop
      vertex -14.7873 46.1671 0
      vertex -2.479 44.3941 0
      vertex -0.628031 11.9836 0
    endloop
  endfacet
  facet normal 0 0 -1
    outer loop
      vertex -2.479 44.3941 0
      vertex -7.66529 48.3967 0
      vertex -3.84449 48.8489 0
    endloop
  endfacet
  facet normal 0 -0 -1
    outer loop
      vertex -11.4388 47.6461 0
      vertex -2.479 44.3941 0
      vertex -14.7873 46.1671 0
    endloop
  endfacet
  facet normal 0 0 -1
    outer loop
      vertex -2.479 44.3941 0
      vertex -11.4388 47.6461 0
      vertex -7.66529 48.3967 0
    endloop
  endfacet
  facet normal 0 0 -1
    outer loop
      vertex -14.7873 46.1671 0
      vertex -15.1418 46.6018 0
      vertex -11.4388 47.6461 0
    endloop
  endfacet
  facet normal -0 0 -1
    outer loop
      vertex -14.7873 46.1671 0
      vertex -18.7515 45.2701 0
      vertex -15.1418 46.6018 0
    endloop
  endfacet
  facet normal 0 0 -1
    outer loop
      vertex -14.7873 46.1671 0
      vertex -22.2455 43.6593 0
      vertex -18.7515 45.2701 0
    endloop
  endfacet
  facet normal 0 0 -1
    outer loop
      vertex -33.1443 29.6384 0
      vertex -22.2455 43.6593 0
      vertex -14.7873 46.1671 0
    endloop
  endfacet
  facet normal 0 0 -1
    outer loop
      vertex -22.2455 43.6593 0
      vertex -33.1443 29.6384 0
      vertex -25.6024 41.7794 0
    endloop
  endfacet
  facet normal 0 0 -1
    outer loop
      vertex -25.6024 41.7794 0
      vertex -33.1443 29.6384 0
      vertex -28.8015 39.6418 0
    endloop
  endfacet
  facet normal 0 0 -1
    outer loop
      vertex -28.8015 39.6418 0
      vertex -33.1443 29.6384 0
      vertex -31.823 37.2599 0
    endloop
  endfacet
  facet normal 0 0 -1
    outer loop
      vertex -31.823 37.2599 0
      vertex -33.1443 29.6384 0
      vertex -34.6482 34.6482 0
    endloop
  endfacet
  facet normal 0 0 -1
    outer loop
      vertex 0.80772 -3.3644 0
      vertex 0.75 -5.96 0
      vertex 0.75 -3.37588 0
    endloop
  endfacet
  facet normal 0 0 -1
    outer loop
      vertex 31.823 -37.2599 0
      vertex 33.1443 -29.6384 0
      vertex 34.6482 -34.6482 0
    endloop
  endfacet
  facet normal 0 0 -1
    outer loop
      vertex 28.8015 -39.6418 0
      vertex 33.1443 -29.6384 0
      vertex 31.823 -37.2599 0
    endloop
  endfacet
  facet normal 0 0 -1
    outer loop
      vertex 25.6024 -41.7794 0
      vertex 33.1443 -29.6384 0
      vertex 28.8015 -39.6418 0
    endloop
  endfacet
  facet normal 0 0 -1
    outer loop
      vertex 22.2455 -43.6593 0
      vertex 33.1443 -29.6384 0
      vertex 25.6024 -41.7794 0
    endloop
  endfacet
  facet normal 0 0 -1
    outer loop
      vertex 14.7873 -46.1671 0
      vertex 22.2455 -43.6593 0
      vertex 18.7515 -45.2701 0
    endloop
  endfacet
  facet normal 0 0 -1
    outer loop
      vertex 14.7873 -46.1671 0
      vertex 18.7515 -45.2701 0
      vertex 15.1418 -46.6018 0
    endloop
  endfacet
  facet normal -0 0 -1
    outer loop
      vertex 22.2455 -43.6593 0
      vertex 14.7873 -46.1671 0
      vertex 33.1443 -29.6384 0
    endloop
  endfacet
  facet normal 0 0 -1
    outer loop
      vertex 11.4388 -47.6461 0
      vertex 14.7873 -46.1671 0
      vertex 15.1418 -46.6018 0
    endloop
  endfacet
  facet normal 0 0 -1
    outer loop
      vertex 2.479 -44.3941 0
      vertex 11.4388 -47.6461 0
      vertex 7.66529 -48.3967 0
    endloop
  endfacet
  facet normal 0 0 -1
    outer loop
      vertex 2.479 -44.3941 0
      vertex 7.66529 -48.3967 0
      vertex 3.84449 -48.8489 0
    endloop
  endfacet
  facet normal 0 0 -1
    outer loop
      vertex 11.4388 -47.6461 0
      vertex 2.479 -44.3941 0
      vertex 14.7873 -46.1671 0
    endloop
  endfacet
  facet normal 0 0 -1
    outer loop
      vertex 2.479 -44.3941 0
      vertex 0.628031 -11.9836 0
      vertex 14.7873 -46.1671 0
    endloop
  endfacet
  facet normal 0 0 -1
    outer loop
      vertex -8.02957 -8.91774 0
      vertex 0.628031 -11.9836 0
      vertex 2.479 -44.3941 0
    endloop
  endfacet
  facet normal 0 0 -1
    outer loop
      vertex -0.75 -5.96 0
      vertex -0.80772 -3.3644 0
      vertex -0.75 -3.37588 0
    endloop
  endfacet
  facet normal 0 0 -1
    outer loop
      vertex -0.75 -5.96 0
      vertex -1.0692 -3.29066 0
      vertex -0.80772 -3.3644 0
    endloop
  endfacet
  facet normal 0 0 -1
    outer loop
      vertex 0.628031 -11.9836 0
      vertex -8.02957 -8.91774 0
      vertex -0.75 -5.96 0
    endloop
  endfacet
  facet normal 0 -0 -1
    outer loop
      vertex -2.24709 -2.631 0
      vertex -0.75 -5.96 0
      vertex -8.02957 -8.91774 0
    endloop
  endfacet
  facet normal 0 0 -1
    outer loop
      vertex -0.75 -5.96 0
      vertex -1.32408 -3.19662 0
      vertex -1.0692 -3.29066 0
    endloop
  endfacet
  facet normal 0 0 -1
    outer loop
      vertex -0.75 -5.96 0
      vertex -1.57081 -3.08288 0
      vertex -1.32408 -3.19662 0
    endloop
  endfacet
  facet normal 0 0 -1
    outer loop
      vertex -0.75 -5.96 0
      vertex -1.80784 -2.95013 0
      vertex -1.57081 -3.08288 0
    endloop
  endfacet
  facet normal 0 0 -1
    outer loop
      vertex -0.75 -5.96 0
      vertex -2.03374 -2.7992 0
      vertex -1.80784 -2.95013 0
    endloop
  endfacet
  facet normal 0 0 -1
    outer loop
      vertex -0.75 -5.96 0
      vertex -2.24709 -2.631 0
      vertex -2.03374 -2.7992 0
    endloop
  endfacet
  facet normal -0 0 -1
    outer loop
      vertex -2.24709 -2.631 0
      vertex -8.02957 -8.91774 0
      vertex -2.44659 -2.44659 0
    endloop
  endfacet
  facet normal -0 0 -1
    outer loop
      vertex -2.44659 -2.44659 0
      vertex -8.02957 -8.91774 0
      vertex -2.631 -2.24709 0
    endloop
  endfacet
  facet normal 0 -0 -1
    outer loop
      vertex -5.96 -0.75 0
      vertex -2.631 -2.24709 0
      vertex -8.02957 -8.91774 0
    endloop
  endfacet
  facet normal 0 0 -1
    outer loop
      vertex -2.631 -2.24709 0
      vertex -5.96 -0.75 0
      vertex -2.7992 -2.03374 0
    endloop
  endfacet
  facet normal 0 0 -1
    outer loop
      vertex -2.7992 -2.03374 0
      vertex -5.96 -0.75 0
      vertex -2.95013 -1.80784 0
    endloop
  endfacet
  facet normal 0 0 -1
    outer loop
      vertex -2.95013 -1.80784 0
      vertex -5.96 -0.75 0
      vertex -3.08288 -1.57081 0
    endloop
  endfacet
  facet normal 0 0 -1
    outer loop
      vertex -3.08288 -1.57081 0
      vertex -5.96 -0.75 0
      vertex -3.19662 -1.32408 0
    endloop
  endfacet
  facet normal 0 0 -1
    outer loop
      vertex -3.19662 -1.32408 0
      vertex -5.96 -0.75 0
      vertex -3.29066 -1.0692 0
    endloop
  endfacet
  facet normal 0 0 -1
    outer loop
      vertex -3.29066 -1.0692 0
      vertex -5.96 -0.75 0
      vertex -3.3644 -0.80772 0
    endloop
  endfacet
  facet normal 0 0 -1
    outer loop
      vertex -11.9836 -0.628031 0
      vertex -5.96 -0.75 0
      vertex -8.02957 -8.91774 0
    endloop
  endfacet
  facet normal 0 0 -1
    outer loop
      vertex -3.3644 -0.80772 0
      vertex -5.96 -0.75 0
      vertex -3.37588 -0.75 0
    endloop
  endfacet
  facet normal 0 0 -1
    outer loop
      vertex 43.1013 -22.1889 0
      vertex 45.2701 -18.7515 0
      vertex 43.6593 -22.2455 0
    endloop
  endfacet
  facet normal -0 0 -1
    outer loop
      vertex 45.2701 -18.7515 0
      vertex 43.1013 -22.1889 0
      vertex 44.3941 2.479 0
    endloop
  endfacet
  facet normal 0 0 -1
    outer loop
      vertex 41.7794 -25.6024 0
      vertex 43.1013 -22.1889 0
      vertex 43.6593 -22.2455 0
    endloop
  endfacet
  facet normal 0 0 -1
    outer loop
      vertex 33.1443 -29.6384 0
      vertex 41.7794 -25.6024 0
      vertex 39.6418 -28.8015 0
    endloop
  endfacet
  facet normal 0 0 -1
    outer loop
      vertex 33.1443 -29.6384 0
      vertex 39.6418 -28.8015 0
      vertex 37.2599 -31.823 0
    endloop
  endfacet
  facet normal 0 0 -1
    outer loop
      vertex 33.1443 -29.6384 0
      vertex 37.2599 -31.823 0
      vertex 34.6482 -34.6482 0
    endloop
  endfacet
  facet normal -0 0 -1
    outer loop
      vertex 41.7794 -25.6024 0
      vertex 33.1443 -29.6384 0
      vertex 43.1013 -22.1889 0
    endloop
  endfacet
  facet normal 0 0 -1
    outer loop
      vertex 33.1443 -29.6384 0
      vertex 8.91774 -8.02957 0
      vertex 43.1013 -22.1889 0
    endloop
  endfacet
  facet normal 0 0 -1
    outer loop
      vertex 5.96 0.75 0
      vertex 11.9836 0.628031 0
      vertex 5.96 -0.75 0
    endloop
  endfacet
  facet normal 0 0 -1
    outer loop
      vertex 2.631 -2.24709 0
      vertex 5.96 -0.75 0
      vertex 8.91774 -8.02957 0
    endloop
  endfacet
  facet normal -0 0 -1
    outer loop
      vertex 5.96 -0.75 0
      vertex 3.3644 -0.80772 0
      vertex 3.37588 -0.75 0
    endloop
  endfacet
  facet normal 0 0 -1
    outer loop
      vertex 5.96 -0.75 0
      vertex 3.29066 -1.0692 0
      vertex 3.3644 -0.80772 0
    endloop
  endfacet
  facet normal 0 0 -1
    outer loop
      vertex 5.96 -0.75 0
      vertex 3.19662 -1.32408 0
      vertex 3.29066 -1.0692 0
    endloop
  endfacet
  facet normal 0 0 -1
    outer loop
      vertex 5.96 -0.75 0
      vertex 3.08288 -1.57081 0
      vertex 3.19662 -1.32408 0
    endloop
  endfacet
  facet normal 0 0 -1
    outer loop
      vertex 5.96 -0.75 0
      vertex 2.95013 -1.80784 0
      vertex 3.08288 -1.57081 0
    endloop
  endfacet
  facet normal 0 0 -1
    outer loop
      vertex 5.96 -0.75 0
      vertex 2.7992 -2.03374 0
      vertex 2.95013 -1.80784 0
    endloop
  endfacet
  facet normal 0 0 -1
    outer loop
      vertex 5.96 -0.75 0
      vertex 2.631 -2.24709 0
      vertex 2.7992 -2.03374 0
    endloop
  endfacet
  facet normal 0 0 -1
    outer loop
      vertex 8.91774 -8.02957 0
      vertex 2.44659 -2.44659 0
      vertex 2.631 -2.24709 0
    endloop
  endfacet
  facet normal 0 0 -1
    outer loop
      vertex 0.628031 -11.9836 0
      vertex 8.91774 -8.02957 0
      vertex 33.1443 -29.6384 0
    endloop
  endfacet
  facet normal 0 -0 -1
    outer loop
      vertex 0.75 -5.96 0
      vertex 8.91774 -8.02957 0
      vertex 0.628031 -11.9836 0
    endloop
  endfacet
  facet normal 0 -0 -1
    outer loop
      vertex 2.24709 -2.631 0
      vertex 8.91774 -8.02957 0
      vertex 0.75 -5.96 0
    endloop
  endfacet
  facet normal 0 0 -1
    outer loop
      vertex 8.91774 -8.02957 0
      vertex 2.24709 -2.631 0
      vertex 2.44659 -2.44659 0
    endloop
  endfacet
  facet normal 0 0 -1
    outer loop
      vertex 2.24709 -2.631 0
      vertex 0.75 -5.96 0
      vertex 2.03374 -2.7992 0
    endloop
  endfacet
  facet normal 0 0 -1
    outer loop
      vertex 2.03374 -2.7992 0
      vertex 0.75 -5.96 0
      vertex 1.80784 -2.95013 0
    endloop
  endfacet
  facet normal 0 0 -1
    outer loop
      vertex 1.57081 -3.08288 0
      vertex 0.75 -5.96 0
      vertex 1.32408 -3.19662 0
    endloop
  endfacet
  facet normal 0 0 -1
    outer loop
      vertex 1.32408 -3.19662 0
      vertex 0.75 -5.96 0
      vertex 1.0692 -3.29066 0
    endloop
  endfacet
  facet normal 0 0 -1
    outer loop
      vertex 1.0692 -3.29066 0
      vertex 0.75 -5.96 0
      vertex 0.80772 -3.3644 0
    endloop
  endfacet
  facet normal 0 0 -1
    outer loop
      vertex 1.80784 -2.95013 0
      vertex 0.75 -5.96 0
      vertex 1.57081 -3.08288 0
    endloop
  endfacet
  facet normal -0 0 -1
    outer loop
      vertex 0.75 -5.96 0
      vertex 0.628031 -11.9836 0
      vertex -0.75 -5.96 0
    endloop
  endfacet
  facet normal 0 0 -1
    outer loop
      vertex 44.3941 2.479 0
      vertex 49 0 0
      vertex 48.8489 -3.84449 0
    endloop
  endfacet
  facet normal 0 0 -1
    outer loop
      vertex 44.3941 2.479 0
      vertex 48.8489 -3.84449 0
      vertex 48.3967 -7.66529 0
    endloop
  endfacet
  facet normal 0 0 -1
    outer loop
      vertex 49 0 0
      vertex 44.3941 2.479 0
      vertex 48.8489 3.84449 0
    endloop
  endfacet
  facet normal 0 0 -1
    outer loop
      vertex 44.3941 2.479 0
      vertex 48.3967 -7.66529 0
      vertex 47.6461 -11.4388 0
    endloop
  endfacet
  facet normal -0 0 -1
    outer loop
      vertex 48.8489 3.84449 0
      vertex 44.3941 2.479 0
      vertex 48.3967 7.66529 0
    endloop
  endfacet
  facet normal 0 0 -1
    outer loop
      vertex 44.3941 2.479 0
      vertex 47.6461 -11.4388 0
      vertex 46.6018 -15.1418 0
    endloop
  endfacet
  facet normal -0 0 -1
    outer loop
      vertex 48.3967 7.66529 0
      vertex 44.3941 2.479 0
      vertex 47.6461 11.4388 0
    endloop
  endfacet
  facet normal 0 -0 -1
    outer loop
      vertex 46.1671 14.7873 0
      vertex 47.6461 11.4388 0
      vertex 44.3941 2.479 0
    endloop
  endfacet
  facet normal 0 0 -1
    outer loop
      vertex 44.3941 2.479 0
      vertex 46.6018 -15.1418 0
      vertex 45.2701 -18.7515 0
    endloop
  endfacet
  facet normal 0 0 -1
    outer loop
      vertex 47.6461 11.4388 0
      vertex 46.1671 14.7873 0
      vertex 46.6018 15.1418 0
    endloop
  endfacet
  facet normal -0 0 -1
    outer loop
      vertex 44.3941 2.479 0
      vertex 11.9836 0.628031 0
      vertex 46.1671 14.7873 0
    endloop
  endfacet
  facet normal 0 -0 -1
    outer loop
      vertex 11.9836 0.628031 0
      vertex 44.3941 2.479 0
      vertex 8.91774 -8.02957 0
    endloop
  endfacet
  facet normal 0 0 -1
    outer loop
      vertex 46.1671 14.7873 0
      vertex 45.2701 18.7515 0
      vertex 46.6018 15.1418 0
    endloop
  endfacet
  facet normal 0 0 -1
    outer loop
      vertex 46.1671 14.7873 0
      vertex 43.6593 22.2455 0
      vertex 45.2701 18.7515 0
    endloop
  endfacet
  facet normal 0 0 -1
    outer loop
      vertex 29.6384 33.1443 0
      vertex 43.6593 22.2455 0
      vertex 46.1671 14.7873 0
    endloop
  endfacet
  facet normal 0 0 -1
    outer loop
      vertex 43.6593 22.2455 0
      vertex 29.6384 33.1443 0
      vertex 41.7794 25.6024 0
    endloop
  endfacet
  facet normal 0 0 -1
    outer loop
      vertex 41.7794 25.6024 0
      vertex 29.6384 33.1443 0
      vertex 39.6418 28.8015 0
    endloop
  endfacet
  facet normal 0 0 -1
    outer loop
      vertex 39.6418 28.8015 0
      vertex 29.6384 33.1443 0
      vertex 37.2599 31.823 0
    endloop
  endfacet
  facet normal 0 0 -1
    outer loop
      vertex 37.2599 31.823 0
      vertex 29.6384 33.1443 0
      vertex 34.6482 34.6482 0
    endloop
  endfacet
  facet normal -0 0 -1
    outer loop
      vertex 34.6482 34.6482 0
      vertex 29.6384 33.1443 0
      vertex 31.823 37.2599 0
    endloop
  endfacet
  facet normal 0 0 -1
    outer loop
      vertex 29.6384 33.1443 0
      vertex 28.8015 39.6418 0
      vertex 31.823 37.2599 0
    endloop
  endfacet
  facet normal 0 0 -1
    outer loop
      vertex 29.6384 33.1443 0
      vertex 25.6024 41.7794 0
      vertex 28.8015 39.6418 0
    endloop
  endfacet
  facet normal 0 0 -1
    outer loop
      vertex 22.1889 43.1013 0
      vertex 25.6024 41.7794 0
      vertex 29.6384 33.1443 0
    endloop
  endfacet
  facet normal 0 0 -1
    outer loop
      vertex 25.6024 41.7794 0
      vertex 22.1889 43.1013 0
      vertex 22.2455 43.6593 0
    endloop
  endfacet
  facet normal 0 0 -1
    outer loop
      vertex 8.02957 8.91774 0
      vertex 29.6384 33.1443 0
      vertex 11.9836 0.628031 0
    endloop
  endfacet
  facet normal 0 0 -1
    outer loop
      vertex 5.96 -0.75 0
      vertex 11.9836 0.628031 0
      vertex 8.91774 -8.02957 0
    endloop
  endfacet
  facet normal -0 0 -1
    outer loop
      vertex 29.6384 33.1443 0
      vertex 8.02957 8.91774 0
      vertex 22.1889 43.1013 0
    endloop
  endfacet
  facet normal 0 0 -1
    outer loop
      vertex 22.1889 43.1013 0
      vertex 18.7515 45.2701 0
      vertex 22.2455 43.6593 0
    endloop
  endfacet
  facet normal 0 0 -1
    outer loop
      vertex 22.1889 43.1013 0
      vertex 15.1418 46.6018 0
      vertex 18.7515 45.2701 0
    endloop
  endfacet
  facet normal 0 0 -1
    outer loop
      vertex -2.479 44.3941 0
      vertex 15.1418 46.6018 0
      vertex 22.1889 43.1013 0
    endloop
  endfacet
  facet normal -0 0 -1
    outer loop
      vertex 15.1418 46.6018 0
      vertex -2.479 44.3941 0
      vertex 11.4388 47.6461 0
    endloop
  endfacet
  facet normal -0 0 -1
    outer loop
      vertex 11.4388 47.6461 0
      vertex -2.479 44.3941 0
      vertex 7.66529 48.3967 0
    endloop
  endfacet
  facet normal -0 0 -1
    outer loop
      vertex 7.66529 48.3967 0
      vertex -2.479 44.3941 0
      vertex 3.84449 48.8489 0
    endloop
  endfacet
  facet normal -0 0 -1
    outer loop
      vertex 3.84449 48.8489 0
      vertex -2.479 44.3941 0
      vertex 0 49 0
    endloop
  endfacet
  facet normal 0 0 -1
    outer loop
      vertex 0 49 0
      vertex -2.479 44.3941 0
      vertex -3.84449 48.8489 0
    endloop
  endfacet
  facet normal -0.962459 -0.271427 0
    outer loop
      vertex -46.6018 -15.1418 0
      vertex -47.6461 -11.4388 25
      vertex -47.6461 -11.4388 0
    endloop
  endfacet
  facet normal -0.962459 -0.271427 0
    outer loop
      vertex -47.6461 -11.4388 25
      vertex -46.6018 -15.1418 0
      vertex -46.6018 -15.1418 25
    endloop
  endfacet
  facet normal 0.117532 0.993069 -0
    outer loop
      vertex 7.66529 48.3967 0
      vertex 3.84449 48.8489 25
      vertex 7.66529 48.3967 25
    endloop
  endfacet
  facet normal 0.117532 0.993069 0
    outer loop
      vertex 3.84449 48.8489 25
      vertex 7.66529 48.3967 0
      vertex 3.84449 48.8489 0
    endloop
  endfacet
  facet normal 0.962459 0.271427 0
    outer loop
      vertex 47.6461 11.4388 25
      vertex 46.6018 15.1418 0
      vertex 46.6018 15.1418 25
    endloop
  endfacet
  facet normal 0.962459 0.271427 0
    outer loop
      vertex 46.6018 15.1418 0
      vertex 47.6461 11.4388 25
      vertex 47.6461 11.4388 0
    endloop
  endfacet
  facet normal -0.831466 -0.555576 0
    outer loop
      vertex -39.6418 -28.8015 0
      vertex -41.7794 -25.6024 25
      vertex -41.7794 -25.6024 0
    endloop
  endfacet
  facet normal -0.831466 -0.555576 0
    outer loop
      vertex -41.7794 -25.6024 25
      vertex -39.6418 -28.8015 0
      vertex -39.6418 -28.8015 25
    endloop
  endfacet
  facet normal -0.734308 -0.678816 0
    outer loop
      vertex -34.6482 -34.6482 0
      vertex -37.2599 -31.823 25
      vertex -37.2599 -31.823 0
    endloop
  endfacet
  facet normal -0.734308 -0.678816 0
    outer loop
      vertex -37.2599 -31.823 25
      vertex -34.6482 -34.6482 0
      vertex -34.6482 -34.6482 25
    endloop
  endfacet
  facet normal -0.271427 -0.962459 0
    outer loop
      vertex -15.1418 -46.6018 0
      vertex -11.4388 -47.6461 25
      vertex -15.1418 -46.6018 25
    endloop
  endfacet
  facet normal -0.271427 -0.962459 -0
    outer loop
      vertex -11.4388 -47.6461 25
      vertex -15.1418 -46.6018 0
      vertex -11.4388 -47.6461 0
    endloop
  endfacet
  facet normal -0.980785 -0.195091 0
    outer loop
      vertex -47.6461 -11.4388 0
      vertex -48.3967 -7.66529 25
      vertex -48.3967 -7.66529 0
    endloop
  endfacet
  facet normal -0.980785 -0.195091 0
    outer loop
      vertex -48.3967 -7.66529 25
      vertex -47.6461 -11.4388 0
      vertex -47.6461 -11.4388 25
    endloop
  endfacet
  facet normal -0.555576 -0.831466 0
    outer loop
      vertex -28.8015 -39.6418 0
      vertex -25.6024 -41.7794 25
      vertex -28.8015 -39.6418 25
    endloop
  endfacet
  facet normal -0.555576 -0.831466 -0
    outer loop
      vertex -25.6024 -41.7794 25
      vertex -28.8015 -39.6418 0
      vertex -25.6024 -41.7794 0
    endloop
  endfacet
  facet normal 0.619085 0.785324 -0
    outer loop
      vertex 31.823 37.2599 0
      vertex 28.8015 39.6418 25
      vertex 31.823 37.2599 25
    endloop
  endfacet
  facet normal 0.619085 0.785324 0
    outer loop
      vertex 28.8015 39.6418 25
      vertex 31.823 37.2599 0
      vertex 28.8015 39.6418 0
    endloop
  endfacet
  facet normal 0.555576 0.831466 -0
    outer loop
      vertex 28.8015 39.6418 0
      vertex 25.6024 41.7794 25
      vertex 28.8015 39.6418 25
    endloop
  endfacet
  facet normal 0.555576 0.831466 0
    outer loop
      vertex 25.6024 41.7794 25
      vertex 28.8015 39.6418 0
      vertex 25.6024 41.7794 0
    endloop
  endfacet
  facet normal -0.418669 -0.908139 0
    outer loop
      vertex -22.2455 -43.6593 0
      vertex -18.7515 -45.2701 25
      vertex -22.2455 -43.6593 25
    endloop
  endfacet
  facet normal -0.418669 -0.908139 -0
    outer loop
      vertex -18.7515 -45.2701 25
      vertex -22.2455 -43.6593 0
      vertex -18.7515 -45.2701 0
    endloop
  endfacet
  facet normal 0.678816 -0.734308 0
    outer loop
      vertex 31.823 -37.2599 0
      vertex 34.6482 -34.6482 25
      vertex 31.823 -37.2599 25
    endloop
  endfacet
  facet normal 0.678816 -0.734308 0
    outer loop
      vertex 34.6482 -34.6482 25
      vertex 31.823 -37.2599 0
      vertex 34.6482 -34.6482 0
    endloop
  endfacet
  facet normal -0.93819 -0.34612 0
    outer loop
      vertex -45.2701 -18.7515 0
      vertex -46.6018 -15.1418 25
      vertex -46.6018 -15.1418 0
    endloop
  endfacet
  facet normal -0.93819 -0.34612 0
    outer loop
      vertex -46.6018 -15.1418 25
      vertex -45.2701 -18.7515 0
      vertex -45.2701 -18.7515 25
    endloop
  endfacet
  facet normal -0.872502 -0.48861 0
    outer loop
      vertex -41.7794 -25.6024 0
      vertex -43.6593 -22.2455 25
      vertex -43.6593 -22.2455 0
    endloop
  endfacet
  facet normal -0.872502 -0.48861 0
    outer loop
      vertex -43.6593 -22.2455 25
      vertex -41.7794 -25.6024 0
      vertex -41.7794 -25.6024 25
    endloop
  endfacet
  facet normal -0.734308 0.678816 0
    outer loop
      vertex -37.2599 31.823 0
      vertex -34.6482 34.6482 25
      vertex -34.6482 34.6482 0
    endloop
  endfacet
  facet normal -0.734308 0.678816 0
    outer loop
      vertex -34.6482 34.6482 25
      vertex -37.2599 31.823 0
      vertex -37.2599 31.823 25
    endloop
  endfacet
  facet normal 0.0392727 0.999229 -0
    outer loop
      vertex 3.84449 48.8489 0
      vertex 0 49 25
      vertex 3.84449 48.8489 25
    endloop
  endfacet
  facet normal 0.0392727 0.999229 0
    outer loop
      vertex 0 49 25
      vertex 3.84449 48.8489 0
      vertex 0 49 0
    endloop
  endfacet
  facet normal 0.980785 -0.195091 0
    outer loop
      vertex 47.6461 -11.4388 25
      vertex 48.3967 -7.66529 0
      vertex 48.3967 -7.66529 25
    endloop
  endfacet
  facet normal 0.980785 -0.195091 0
    outer loop
      vertex 48.3967 -7.66529 0
      vertex 47.6461 -11.4388 25
      vertex 47.6461 -11.4388 0
    endloop
  endfacet
  facet normal 0.93819 0.34612 0
    outer loop
      vertex 46.6018 15.1418 25
      vertex 45.2701 18.7515 0
      vertex 45.2701 18.7515 25
    endloop
  endfacet
  facet normal 0.93819 0.34612 0
    outer loop
      vertex 45.2701 18.7515 0
      vertex 46.6018 15.1418 25
      vertex 46.6018 15.1418 0
    endloop
  endfacet
  facet normal 0.785324 0.619085 0
    outer loop
      vertex 39.6418 28.8015 25
      vertex 37.2599 31.823 0
      vertex 37.2599 31.823 25
    endloop
  endfacet
  facet normal 0.785324 0.619085 0
    outer loop
      vertex 37.2599 31.823 0
      vertex 39.6418 28.8015 25
      vertex 39.6418 28.8015 0
    endloop
  endfacet
  facet normal -0.980785 0.195091 0
    outer loop
      vertex -48.3967 7.66529 0
      vertex -47.6461 11.4388 25
      vertex -47.6461 11.4388 0
    endloop
  endfacet
  facet normal -0.980785 0.195091 0
    outer loop
      vertex -47.6461 11.4388 25
      vertex -48.3967 7.66529 0
      vertex -48.3967 7.66529 25
    endloop
  endfacet
  facet normal 0.48861 0.872502 -0
    outer loop
      vertex 25.6024 41.7794 0
      vertex 22.2455 43.6593 25
      vertex 25.6024 41.7794 25
    endloop
  endfacet
  facet normal 0.48861 0.872502 0
    outer loop
      vertex 22.2455 43.6593 25
      vertex 25.6024 41.7794 0
      vertex 22.2455 43.6593 0
    endloop
  endfacet
  facet normal -0.908139 -0.418669 0
    outer loop
      vertex -43.6593 -22.2455 0
      vertex -45.2701 -18.7515 25
      vertex -45.2701 -18.7515 0
    endloop
  endfacet
  facet normal -0.908139 -0.418669 0
    outer loop
      vertex -45.2701 -18.7515 25
      vertex -43.6593 -22.2455 0
      vertex -43.6593 -22.2455 25
    endloop
  endfacet
  facet normal 0.195091 0.980785 -0
    outer loop
      vertex 11.4388 47.6461 0
      vertex 7.66529 48.3967 25
      vertex 11.4388 47.6461 25
    endloop
  endfacet
  facet normal 0.195091 0.980785 0
    outer loop
      vertex 7.66529 48.3967 25
      vertex 11.4388 47.6461 0
      vertex 7.66529 48.3967 0
    endloop
  endfacet
  facet normal 0.831466 0.555576 0
    outer loop
      vertex 41.7794 25.6024 25
      vertex 39.6418 28.8015 0
      vertex 39.6418 28.8015 25
    endloop
  endfacet
  facet normal 0.831466 0.555576 0
    outer loop
      vertex 39.6418 28.8015 0
      vertex 41.7794 25.6024 25
      vertex 41.7794 25.6024 0
    endloop
  endfacet
  facet normal 0.831466 -0.555576 0
    outer loop
      vertex 39.6418 -28.8015 25
      vertex 41.7794 -25.6024 0
      vertex 41.7794 -25.6024 25
    endloop
  endfacet
  facet normal 0.831466 -0.555576 0
    outer loop
      vertex 41.7794 -25.6024 0
      vertex 39.6418 -28.8015 25
      vertex 39.6418 -28.8015 0
    endloop
  endfacet
  facet normal -0.418669 0.908139 0
    outer loop
      vertex -18.7515 45.2701 0
      vertex -22.2455 43.6593 25
      vertex -18.7515 45.2701 25
    endloop
  endfacet
  facet normal -0.418669 0.908139 0
    outer loop
      vertex -22.2455 43.6593 25
      vertex -18.7515 45.2701 0
      vertex -22.2455 43.6593 0
    endloop
  endfacet
  facet normal 0.418669 0.908139 -0
    outer loop
      vertex 22.2455 43.6593 0
      vertex 18.7515 45.2701 25
      vertex 22.2455 43.6593 25
    endloop
  endfacet
  facet normal 0.418669 0.908139 0
    outer loop
      vertex 18.7515 45.2701 25
      vertex 22.2455 43.6593 0
      vertex 18.7515 45.2701 0
    endloop
  endfacet
  facet normal 0.908139 -0.418669 0
    outer loop
      vertex 43.6593 -22.2455 25
      vertex 45.2701 -18.7515 0
      vertex 45.2701 -18.7515 25
    endloop
  endfacet
  facet normal 0.908139 -0.418669 0
    outer loop
      vertex 45.2701 -18.7515 0
      vertex 43.6593 -22.2455 25
      vertex 43.6593 -22.2455 0
    endloop
  endfacet
  facet normal -0.993069 -0.117532 0
    outer loop
      vertex -48.3967 -7.66529 0
      vertex -48.8489 -3.84449 25
      vertex -48.8489 -3.84449 0
    endloop
  endfacet
  facet normal -0.993069 -0.117532 0
    outer loop
      vertex -48.8489 -3.84449 25
      vertex -48.3967 -7.66529 0
      vertex -48.3967 -7.66529 25
    endloop
  endfacet
  facet normal 0.908139 0.418669 0
    outer loop
      vertex 45.2701 18.7515 25
      vertex 43.6593 22.2455 0
      vertex 43.6593 22.2455 25
    endloop
  endfacet
  facet normal 0.908139 0.418669 0
    outer loop
      vertex 43.6593 22.2455 0
      vertex 45.2701 18.7515 25
      vertex 45.2701 18.7515 0
    endloop
  endfacet
  facet normal -0.831466 0.555576 0
    outer loop
      vertex -41.7794 25.6024 0
      vertex -39.6418 28.8015 25
      vertex -39.6418 28.8015 0
    endloop
  endfacet
  facet normal -0.831466 0.555576 0
    outer loop
      vertex -39.6418 28.8015 25
      vertex -41.7794 25.6024 0
      vertex -41.7794 25.6024 25
    endloop
  endfacet
  facet normal 0.734308 -0.678816 0
    outer loop
      vertex 34.6482 -34.6482 25
      vertex 37.2599 -31.823 0
      vertex 37.2599 -31.823 25
    endloop
  endfacet
  facet normal 0.734308 -0.678816 0
    outer loop
      vertex 37.2599 -31.823 0
      vertex 34.6482 -34.6482 25
      vertex 34.6482 -34.6482 0
    endloop
  endfacet
  facet normal 0.872502 0.48861 0
    outer loop
      vertex 43.6593 22.2455 25
      vertex 41.7794 25.6024 0
      vertex 41.7794 25.6024 25
    endloop
  endfacet
  facet normal 0.872502 0.48861 0
    outer loop
      vertex 41.7794 25.6024 0
      vertex 43.6593 22.2455 25
      vertex 43.6593 22.2455 0
    endloop
  endfacet
  facet normal -0.34612 -0.93819 0
    outer loop
      vertex -18.7515 -45.2701 0
      vertex -15.1418 -46.6018 25
      vertex -18.7515 -45.2701 25
    endloop
  endfacet
  facet normal -0.34612 -0.93819 -0
    outer loop
      vertex -15.1418 -46.6018 25
      vertex -18.7515 -45.2701 0
      vertex -15.1418 -46.6018 0
    endloop
  endfacet
  facet normal -0.48861 0.872502 0
    outer loop
      vertex -22.2455 43.6593 0
      vertex -25.6024 41.7794 25
      vertex -22.2455 43.6593 25
    endloop
  endfacet
  facet normal -0.48861 0.872502 0
    outer loop
      vertex -25.6024 41.7794 25
      vertex -22.2455 43.6593 0
      vertex -25.6024 41.7794 0
    endloop
  endfacet
  facet normal 0.872502 -0.48861 0
    outer loop
      vertex 41.7794 -25.6024 25
      vertex 43.6593 -22.2455 0
      vertex 43.6593 -22.2455 25
    endloop
  endfacet
  facet normal 0.872502 -0.48861 0
    outer loop
      vertex 43.6593 -22.2455 0
      vertex 41.7794 -25.6024 25
      vertex 41.7794 -25.6024 0
    endloop
  endfacet
  facet normal 0.271427 -0.962459 0
    outer loop
      vertex 11.4388 -47.6461 0
      vertex 15.1418 -46.6018 25
      vertex 11.4388 -47.6461 25
    endloop
  endfacet
  facet normal 0.271427 -0.962459 0
    outer loop
      vertex 15.1418 -46.6018 25
      vertex 11.4388 -47.6461 0
      vertex 15.1418 -46.6018 0
    endloop
  endfacet
  facet normal 0.418669 -0.908139 0
    outer loop
      vertex 18.7515 -45.2701 0
      vertex 22.2455 -43.6593 25
      vertex 18.7515 -45.2701 25
    endloop
  endfacet
  facet normal 0.418669 -0.908139 0
    outer loop
      vertex 22.2455 -43.6593 25
      vertex 18.7515 -45.2701 0
      vertex 22.2455 -43.6593 0
    endloop
  endfacet
  facet normal 0.117532 -0.993069 0
    outer loop
      vertex 3.84449 -48.8489 0
      vertex 7.66529 -48.3967 25
      vertex 3.84449 -48.8489 25
    endloop
  endfacet
  facet normal 0.117532 -0.993069 0
    outer loop
      vertex 7.66529 -48.3967 25
      vertex 3.84449 -48.8489 0
      vertex 7.66529 -48.3967 0
    endloop
  endfacet
  facet normal 0.0392727 -0.999229 0
    outer loop
      vertex 0 -49 0
      vertex 3.84449 -48.8489 25
      vertex 0 -49 25
    endloop
  endfacet
  facet normal 0.0392727 -0.999229 0
    outer loop
      vertex 3.84449 -48.8489 25
      vertex 0 -49 0
      vertex 3.84449 -48.8489 0
    endloop
  endfacet
  facet normal -0.195091 0.980785 0
    outer loop
      vertex -7.66529 48.3967 0
      vertex -11.4388 47.6461 25
      vertex -7.66529 48.3967 25
    endloop
  endfacet
  facet normal -0.195091 0.980785 0
    outer loop
      vertex -11.4388 47.6461 25
      vertex -7.66529 48.3967 0
      vertex -11.4388 47.6461 0
    endloop
  endfacet
  facet normal -0.993069 0.117532 0
    outer loop
      vertex -48.8489 3.84449 0
      vertex -48.3967 7.66529 25
      vertex -48.3967 7.66529 0
    endloop
  endfacet
  facet normal -0.993069 0.117532 0
    outer loop
      vertex -48.3967 7.66529 25
      vertex -48.8489 3.84449 0
      vertex -48.8489 3.84449 25
    endloop
  endfacet
  facet normal -0.908139 0.418669 0
    outer loop
      vertex -45.2701 18.7515 0
      vertex -43.6593 22.2455 25
      vertex -43.6593 22.2455 0
    endloop
  endfacet
  facet normal -0.908139 0.418669 0
    outer loop
      vertex -43.6593 22.2455 25
      vertex -45.2701 18.7515 0
      vertex -45.2701 18.7515 25
    endloop
  endfacet
  facet normal 0.993069 -0.117532 0
    outer loop
      vertex 48.3967 -7.66529 25
      vertex 48.8489 -3.84449 0
      vertex 48.8489 -3.84449 25
    endloop
  endfacet
  facet normal 0.993069 -0.117532 0
    outer loop
      vertex 48.8489 -3.84449 0
      vertex 48.3967 -7.66529 25
      vertex 48.3967 -7.66529 0
    endloop
  endfacet
  facet normal -0.0392727 0.999229 0
    outer loop
      vertex 0 49 0
      vertex -3.84449 48.8489 25
      vertex 0 49 25
    endloop
  endfacet
  facet normal -0.0392727 0.999229 0
    outer loop
      vertex -3.84449 48.8489 25
      vertex 0 49 0
      vertex -3.84449 48.8489 0
    endloop
  endfacet
  facet normal -0.785324 -0.619085 0
    outer loop
      vertex -37.2599 -31.823 0
      vertex -39.6418 -28.8015 25
      vertex -39.6418 -28.8015 0
    endloop
  endfacet
  facet normal -0.785324 -0.619085 0
    outer loop
      vertex -39.6418 -28.8015 25
      vertex -37.2599 -31.823 0
      vertex -37.2599 -31.823 25
    endloop
  endfacet
  facet normal 0.34612 -0.93819 0
    outer loop
      vertex 15.1418 -46.6018 0
      vertex 18.7515 -45.2701 25
      vertex 15.1418 -46.6018 25
    endloop
  endfacet
  facet normal 0.34612 -0.93819 0
    outer loop
      vertex 18.7515 -45.2701 25
      vertex 15.1418 -46.6018 0
      vertex 18.7515 -45.2701 0
    endloop
  endfacet
  facet normal -0.619085 0.785324 0
    outer loop
      vertex -28.8015 39.6418 0
      vertex -31.823 37.2599 25
      vertex -28.8015 39.6418 25
    endloop
  endfacet
  facet normal -0.619085 0.785324 0
    outer loop
      vertex -31.823 37.2599 25
      vertex -28.8015 39.6418 0
      vertex -31.823 37.2599 0
    endloop
  endfacet
  facet normal 0.93819 -0.34612 0
    outer loop
      vertex 45.2701 -18.7515 25
      vertex 46.6018 -15.1418 0
      vertex 46.6018 -15.1418 25
    endloop
  endfacet
  facet normal 0.93819 -0.34612 0
    outer loop
      vertex 46.6018 -15.1418 0
      vertex 45.2701 -18.7515 25
      vertex 45.2701 -18.7515 0
    endloop
  endfacet
  facet normal -0.999229 -0.0392727 0
    outer loop
      vertex -48.8489 -3.84449 0
      vertex -49 0 25
      vertex -49 0 0
    endloop
  endfacet
  facet normal -0.999229 -0.0392727 0
    outer loop
      vertex -49 0 25
      vertex -48.8489 -3.84449 0
      vertex -48.8489 -3.84449 25
    endloop
  endfacet
  facet normal -0.962459 0.271427 0
    outer loop
      vertex -47.6461 11.4388 0
      vertex -46.6018 15.1418 25
      vertex -46.6018 15.1418 0
    endloop
  endfacet
  facet normal -0.962459 0.271427 0
    outer loop
      vertex -46.6018 15.1418 25
      vertex -47.6461 11.4388 0
      vertex -47.6461 11.4388 25
    endloop
  endfacet
  facet normal 0.678816 0.734308 -0
    outer loop
      vertex 34.6482 34.6482 0
      vertex 31.823 37.2599 25
      vertex 34.6482 34.6482 25
    endloop
  endfacet
  facet normal 0.678816 0.734308 0
    outer loop
      vertex 31.823 37.2599 25
      vertex 34.6482 34.6482 0
      vertex 31.823 37.2599 0
    endloop
  endfacet
  facet normal -0.0392727 -0.999229 0
    outer loop
      vertex -3.84449 -48.8489 0
      vertex 0 -49 25
      vertex -3.84449 -48.8489 25
    endloop
  endfacet
  facet normal -0.0392727 -0.999229 -0
    outer loop
      vertex 0 -49 25
      vertex -3.84449 -48.8489 0
      vertex 0 -49 0
    endloop
  endfacet
  facet normal -0.999229 0.0392727 0
    outer loop
      vertex -49 0 0
      vertex -48.8489 3.84449 25
      vertex -48.8489 3.84449 0
    endloop
  endfacet
  facet normal -0.999229 0.0392727 0
    outer loop
      vertex -48.8489 3.84449 25
      vertex -49 0 0
      vertex -49 0 25
    endloop
  endfacet
  facet normal -0.619085 -0.785324 0
    outer loop
      vertex -31.823 -37.2599 0
      vertex -28.8015 -39.6418 25
      vertex -31.823 -37.2599 25
    endloop
  endfacet
  facet normal -0.619085 -0.785324 -0
    outer loop
      vertex -28.8015 -39.6418 25
      vertex -31.823 -37.2599 0
      vertex -28.8015 -39.6418 0
    endloop
  endfacet
  facet normal 0.271427 0.962459 -0
    outer loop
      vertex 15.1418 46.6018 0
      vertex 11.4388 47.6461 25
      vertex 15.1418 46.6018 25
    endloop
  endfacet
  facet normal 0.271427 0.962459 0
    outer loop
      vertex 11.4388 47.6461 25
      vertex 15.1418 46.6018 0
      vertex 11.4388 47.6461 0
    endloop
  endfacet
  facet normal -0.117532 -0.993069 0
    outer loop
      vertex -7.66529 -48.3967 0
      vertex -3.84449 -48.8489 25
      vertex -7.66529 -48.3967 25
    endloop
  endfacet
  facet normal -0.117532 -0.993069 -0
    outer loop
      vertex -3.84449 -48.8489 25
      vertex -7.66529 -48.3967 0
      vertex -3.84449 -48.8489 0
    endloop
  endfacet
  facet normal -0.195091 -0.980785 0
    outer loop
      vertex -11.4388 -47.6461 0
      vertex -7.66529 -48.3967 25
      vertex -11.4388 -47.6461 25
    endloop
  endfacet
  facet normal -0.195091 -0.980785 -0
    outer loop
      vertex -7.66529 -48.3967 25
      vertex -11.4388 -47.6461 0
      vertex -7.66529 -48.3967 0
    endloop
  endfacet
  facet normal 0.619085 -0.785324 0
    outer loop
      vertex 28.8015 -39.6418 0
      vertex 31.823 -37.2599 25
      vertex 28.8015 -39.6418 25
    endloop
  endfacet
  facet normal 0.619085 -0.785324 0
    outer loop
      vertex 31.823 -37.2599 25
      vertex 28.8015 -39.6418 0
      vertex 31.823 -37.2599 0
    endloop
  endfacet
  facet normal -0.872502 0.48861 0
    outer loop
      vertex -43.6593 22.2455 0
      vertex -41.7794 25.6024 25
      vertex -41.7794 25.6024 0
    endloop
  endfacet
  facet normal -0.872502 0.48861 0
    outer loop
      vertex -41.7794 25.6024 25
      vertex -43.6593 22.2455 0
      vertex -43.6593 22.2455 25
    endloop
  endfacet
  facet normal -0.785324 0.619085 0
    outer loop
      vertex -39.6418 28.8015 0
      vertex -37.2599 31.823 25
      vertex -37.2599 31.823 0
    endloop
  endfacet
  facet normal -0.785324 0.619085 0
    outer loop
      vertex -37.2599 31.823 25
      vertex -39.6418 28.8015 0
      vertex -39.6418 28.8015 25
    endloop
  endfacet
  facet normal 0.555541 0.831489 -0
    outer loop
      vertex -1.80784 -2.95013 0
      vertex -2.03374 -2.7992 25
      vertex -1.80784 -2.95013 25
    endloop
  endfacet
  facet normal 0.555541 0.831489 0
    outer loop
      vertex -2.03374 -2.7992 25
      vertex -1.80784 -2.95013 0
      vertex -2.03374 -2.7992 0
    endloop
  endfacet
  facet normal -0.980789 -0.19507 0
    outer loop
      vertex 3.37588 0.75 0
      vertex 3.3644 0.80772 25
      vertex 3.3644 0.80772 0
    endloop
  endfacet
  facet normal -0.980789 -0.19507 0
    outer loop
      vertex 3.3644 0.80772 25
      vertex 3.37588 0.75 0
      vertex 3.37588 0.75 25
    endloop
  endfacet
  facet normal -0.555541 0.831489 0
    outer loop
      vertex 2.03374 -2.7992 0
      vertex 1.80784 -2.95013 25
      vertex 2.03374 -2.7992 25
    endloop
  endfacet
  facet normal -0.555541 0.831489 0
    outer loop
      vertex 1.80784 -2.95013 25
      vertex 2.03374 -2.7992 0
      vertex 1.80784 -2.95013 0
    endloop
  endfacet
  facet normal 0.19507 -0.980789 0
    outer loop
      vertex -0.80772 3.3644 0
      vertex -0.75 3.37588 25
      vertex -0.80772 3.3644 25
    endloop
  endfacet
  facet normal 0.19507 -0.980789 0
    outer loop
      vertex -0.75 3.37588 25
      vertex -0.80772 3.3644 0
      vertex -0.75 3.37588 0
    endloop
  endfacet
  facet normal 0.980789 -0.19507 0
    outer loop
      vertex -3.37588 0.75 25
      vertex -3.3644 0.80772 0
      vertex -3.3644 0.80772 25
    endloop
  endfacet
  facet normal 0.980789 -0.19507 0
    outer loop
      vertex -3.3644 0.80772 0
      vertex -3.37588 0.75 25
      vertex -3.37588 0.75 0
    endloop
  endfacet
  facet normal -0.785302 0.619113 0
    outer loop
      vertex 2.631 -2.24709 0
      vertex 2.7992 -2.03374 25
      vertex 2.7992 -2.03374 0
    endloop
  endfacet
  facet normal -0.785302 0.619113 0
    outer loop
      vertex 2.7992 -2.03374 25
      vertex 2.631 -2.24709 0
      vertex 2.631 -2.24709 25
    endloop
  endfacet
  facet normal -0.96246 -0.271423 0
    outer loop
      vertex 3.3644 0.80772 0
      vertex 3.29066 1.0692 25
      vertex 3.29066 1.0692 0
    endloop
  endfacet
  facet normal -0.96246 -0.271423 0
    outer loop
      vertex 3.29066 1.0692 25
      vertex 3.3644 0.80772 0
      vertex 3.3644 0.80772 25
    endloop
  endfacet
  facet normal -0.678789 -0.734333 0
    outer loop
      vertex 2.24709 2.631 0
      vertex 2.44659 2.44659 25
      vertex 2.24709 2.631 25
    endloop
  endfacet
  facet normal -0.678789 -0.734333 -0
    outer loop
      vertex 2.44659 2.44659 25
      vertex 2.24709 2.631 0
      vertex 2.44659 2.44659 0
    endloop
  endfacet
  facet normal -0.555541 -0.831489 0
    outer loop
      vertex 1.80784 2.95013 0
      vertex 2.03374 2.7992 25
      vertex 1.80784 2.95013 25
    endloop
  endfacet
  facet normal -0.555541 -0.831489 -0
    outer loop
      vertex 2.03374 2.7992 25
      vertex 1.80784 2.95013 0
      vertex 2.03374 2.7992 0
    endloop
  endfacet
  facet normal -0.271423 -0.96246 0
    outer loop
      vertex 0.80772 3.3644 0
      vertex 1.0692 3.29066 25
      vertex 0.80772 3.3644 25
    endloop
  endfacet
  facet normal -0.271423 -0.96246 -0
    outer loop
      vertex 1.0692 3.29066 25
      vertex 0.80772 3.3644 0
      vertex 1.0692 3.29066 0
    endloop
  endfacet
  facet normal 0.48864 0.872485 -0
    outer loop
      vertex -1.57081 -3.08288 0
      vertex -1.80784 -2.95013 25
      vertex -1.57081 -3.08288 25
    endloop
  endfacet
  facet normal 0.48864 0.872485 0
    outer loop
      vertex -1.80784 -2.95013 25
      vertex -1.57081 -3.08288 0
      vertex -1.80784 -2.95013 0
    endloop
  endfacet
  facet normal 0.872485 -0.48864 0
    outer loop
      vertex -3.08288 1.57081 25
      vertex -2.95013 1.80784 0
      vertex -2.95013 1.80784 25
    endloop
  endfacet
  facet normal 0.872485 -0.48864 0
    outer loop
      vertex -2.95013 1.80784 0
      vertex -3.08288 1.57081 25
      vertex -3.08288 1.57081 0
    endloop
  endfacet
  facet normal 0.555541 -0.831489 0
    outer loop
      vertex -2.03374 2.7992 0
      vertex -1.80784 2.95013 25
      vertex -2.03374 2.7992 25
    endloop
  endfacet
  facet normal 0.555541 -0.831489 0
    outer loop
      vertex -1.80784 2.95013 25
      vertex -2.03374 2.7992 0
      vertex -1.80784 2.95013 0
    endloop
  endfacet
  facet normal -0.619113 -0.785302 0
    outer loop
      vertex 2.03374 2.7992 0
      vertex 2.24709 2.631 25
      vertex 2.03374 2.7992 25
    endloop
  endfacet
  facet normal -0.619113 -0.785302 -0
    outer loop
      vertex 2.24709 2.631 25
      vertex 2.03374 2.7992 0
      vertex 2.24709 2.631 0
    endloop
  endfacet
  facet normal -0.980789 0.19507 0
    outer loop
      vertex 3.3644 -0.80772 0
      vertex 3.37588 -0.75 25
      vertex 3.37588 -0.75 0
    endloop
  endfacet
  facet normal -0.980789 0.19507 0
    outer loop
      vertex 3.37588 -0.75 25
      vertex 3.3644 -0.80772 0
      vertex 3.3644 -0.80772 25
    endloop
  endfacet
  facet normal -0.908149 0.418647 0
    outer loop
      vertex 3.08288 -1.57081 0
      vertex 3.19662 -1.32408 25
      vertex 3.19662 -1.32408 0
    endloop
  endfacet
  facet normal -0.908149 0.418647 0
    outer loop
      vertex 3.19662 -1.32408 25
      vertex 3.08288 -1.57081 0
      vertex 3.08288 -1.57081 25
    endloop
  endfacet
  facet normal 0.678789 0.734333 -0
    outer loop
      vertex -2.24709 -2.631 0
      vertex -2.44659 -2.44659 25
      vertex -2.24709 -2.631 25
    endloop
  endfacet
  facet normal 0.678789 0.734333 0
    outer loop
      vertex -2.44659 -2.44659 25
      vertex -2.24709 -2.631 0
      vertex -2.44659 -2.44659 0
    endloop
  endfacet
  facet normal -0.418647 -0.908149 0
    outer loop
      vertex 1.32408 3.19662 0
      vertex 1.57081 3.08288 25
      vertex 1.32408 3.19662 25
    endloop
  endfacet
  facet normal -0.418647 -0.908149 -0
    outer loop
      vertex 1.57081 3.08288 25
      vertex 1.32408 3.19662 0
      vertex 1.57081 3.08288 0
    endloop
  endfacet
  facet normal 0.418647 -0.908149 0
    outer loop
      vertex -1.57081 3.08288 0
      vertex -1.32408 3.19662 25
      vertex -1.57081 3.08288 25
    endloop
  endfacet
  facet normal 0.418647 -0.908149 0
    outer loop
      vertex -1.32408 3.19662 25
      vertex -1.57081 3.08288 0
      vertex -1.32408 3.19662 0
    endloop
  endfacet
  facet normal -0.734333 0.678789 0
    outer loop
      vertex 2.44659 -2.44659 0
      vertex 2.631 -2.24709 25
      vertex 2.631 -2.24709 0
    endloop
  endfacet
  facet normal -0.734333 0.678789 0
    outer loop
      vertex 2.631 -2.24709 25
      vertex 2.44659 -2.44659 0
      vertex 2.44659 -2.44659 25
    endloop
  endfacet
  facet normal 0.346149 0.93818 -0
    outer loop
      vertex -1.0692 -3.29066 0
      vertex -1.32408 -3.19662 25
      vertex -1.0692 -3.29066 25
    endloop
  endfacet
  facet normal 0.346149 0.93818 0
    outer loop
      vertex -1.32408 -3.19662 25
      vertex -1.0692 -3.29066 0
      vertex -1.32408 -3.19662 0
    endloop
  endfacet
  facet normal -0.908149 -0.418647 0
    outer loop
      vertex 3.19662 1.32408 0
      vertex 3.08288 1.57081 25
      vertex 3.08288 1.57081 0
    endloop
  endfacet
  facet normal -0.908149 -0.418647 0
    outer loop
      vertex 3.08288 1.57081 25
      vertex 3.19662 1.32408 0
      vertex 3.19662 1.32408 25
    endloop
  endfacet
  facet normal -0.48864 0.872485 0
    outer loop
      vertex 1.80784 -2.95013 0
      vertex 1.57081 -3.08288 25
      vertex 1.80784 -2.95013 25
    endloop
  endfacet
  facet normal -0.48864 0.872485 0
    outer loop
      vertex 1.57081 -3.08288 25
      vertex 1.80784 -2.95013 0
      vertex 1.57081 -3.08288 0
    endloop
  endfacet
  facet normal 0.678789 -0.734333 0
    outer loop
      vertex -2.44659 2.44659 0
      vertex -2.24709 2.631 25
      vertex -2.44659 2.44659 25
    endloop
  endfacet
  facet normal 0.678789 -0.734333 0
    outer loop
      vertex -2.24709 2.631 25
      vertex -2.44659 2.44659 0
      vertex -2.24709 2.631 0
    endloop
  endfacet
  facet normal -0.271423 0.96246 0
    outer loop
      vertex 1.0692 -3.29066 0
      vertex 0.80772 -3.3644 25
      vertex 1.0692 -3.29066 25
    endloop
  endfacet
  facet normal -0.271423 0.96246 0
    outer loop
      vertex 0.80772 -3.3644 25
      vertex 1.0692 -3.29066 0
      vertex 0.80772 -3.3644 0
    endloop
  endfacet
  facet normal -0.872485 -0.48864 0
    outer loop
      vertex 3.08288 1.57081 0
      vertex 2.95013 1.80784 25
      vertex 2.95013 1.80784 0
    endloop
  endfacet
  facet normal -0.872485 -0.48864 0
    outer loop
      vertex 2.95013 1.80784 25
      vertex 3.08288 1.57081 0
      vertex 3.08288 1.57081 25
    endloop
  endfacet
  facet normal -0.418647 0.908149 0
    outer loop
      vertex 1.57081 -3.08288 0
      vertex 1.32408 -3.19662 25
      vertex 1.57081 -3.08288 25
    endloop
  endfacet
  facet normal -0.418647 0.908149 0
    outer loop
      vertex 1.32408 -3.19662 25
      vertex 1.57081 -3.08288 0
      vertex 1.32408 -3.19662 0
    endloop
  endfacet
  facet normal 0.346149 -0.93818 0
    outer loop
      vertex -1.32408 3.19662 0
      vertex -1.0692 3.29066 25
      vertex -1.32408 3.19662 25
    endloop
  endfacet
  facet normal 0.346149 -0.93818 0
    outer loop
      vertex -1.0692 3.29066 25
      vertex -1.32408 3.19662 0
      vertex -1.0692 3.29066 0
    endloop
  endfacet
  facet normal 0.785302 -0.619113 0
    outer loop
      vertex -2.7992 2.03374 25
      vertex -2.631 2.24709 0
      vertex -2.631 2.24709 25
    endloop
  endfacet
  facet normal 0.785302 -0.619113 0
    outer loop
      vertex -2.631 2.24709 0
      vertex -2.7992 2.03374 25
      vertex -2.7992 2.03374 0
    endloop
  endfacet
  facet normal -0.346149 -0.93818 0
    outer loop
      vertex 1.0692 3.29066 0
      vertex 1.32408 3.19662 25
      vertex 1.0692 3.29066 25
    endloop
  endfacet
  facet normal -0.346149 -0.93818 -0
    outer loop
      vertex 1.32408 3.19662 25
      vertex 1.0692 3.29066 0
      vertex 1.32408 3.19662 0
    endloop
  endfacet
  facet normal 0.785302 0.619113 0
    outer loop
      vertex -2.631 -2.24709 25
      vertex -2.7992 -2.03374 0
      vertex -2.7992 -2.03374 25
    endloop
  endfacet
  facet normal 0.785302 0.619113 0
    outer loop
      vertex -2.7992 -2.03374 0
      vertex -2.631 -2.24709 25
      vertex -2.631 -2.24709 0
    endloop
  endfacet
  facet normal -0.785302 -0.619113 0
    outer loop
      vertex 2.7992 2.03374 0
      vertex 2.631 2.24709 25
      vertex 2.631 2.24709 0
    endloop
  endfacet
  facet normal -0.785302 -0.619113 0
    outer loop
      vertex 2.631 2.24709 25
      vertex 2.7992 2.03374 0
      vertex 2.7992 2.03374 25
    endloop
  endfacet
  facet normal -0.96246 0.271423 0
    outer loop
      vertex 3.29066 -1.0692 0
      vertex 3.3644 -0.80772 25
      vertex 3.3644 -0.80772 0
    endloop
  endfacet
  facet normal -0.96246 0.271423 0
    outer loop
      vertex 3.3644 -0.80772 25
      vertex 3.29066 -1.0692 0
      vertex 3.29066 -1.0692 25
    endloop
  endfacet
  facet normal 0.908149 -0.418647 0
    outer loop
      vertex -3.19662 1.32408 25
      vertex -3.08288 1.57081 0
      vertex -3.08288 1.57081 25
    endloop
  endfacet
  facet normal 0.908149 -0.418647 0
    outer loop
      vertex -3.08288 1.57081 0
      vertex -3.19662 1.32408 25
      vertex -3.19662 1.32408 0
    endloop
  endfacet
  facet normal 0.96246 0.271423 0
    outer loop
      vertex -3.29066 -1.0692 25
      vertex -3.3644 -0.80772 0
      vertex -3.3644 -0.80772 25
    endloop
  endfacet
  facet normal 0.96246 0.271423 0
    outer loop
      vertex -3.3644 -0.80772 0
      vertex -3.29066 -1.0692 25
      vertex -3.29066 -1.0692 0
    endloop
  endfacet
  facet normal -0.734333 -0.678789 0
    outer loop
      vertex 2.631 2.24709 0
      vertex 2.44659 2.44659 25
      vertex 2.44659 2.44659 0
    endloop
  endfacet
  facet normal -0.734333 -0.678789 0
    outer loop
      vertex 2.44659 2.44659 25
      vertex 2.631 2.24709 0
      vertex 2.631 2.24709 25
    endloop
  endfacet
  facet normal 0.418647 0.908149 -0
    outer loop
      vertex -1.32408 -3.19662 0
      vertex -1.57081 -3.08288 25
      vertex -1.32408 -3.19662 25
    endloop
  endfacet
  facet normal 0.418647 0.908149 0
    outer loop
      vertex -1.57081 -3.08288 25
      vertex -1.32408 -3.19662 0
      vertex -1.57081 -3.08288 0
    endloop
  endfacet
  facet normal -0.93818 0.346149 0
    outer loop
      vertex 3.19662 -1.32408 0
      vertex 3.29066 -1.0692 25
      vertex 3.29066 -1.0692 0
    endloop
  endfacet
  facet normal -0.93818 0.346149 0
    outer loop
      vertex 3.29066 -1.0692 25
      vertex 3.19662 -1.32408 0
      vertex 3.19662 -1.32408 25
    endloop
  endfacet
  facet normal 0.734333 0.678789 0
    outer loop
      vertex -2.44659 -2.44659 25
      vertex -2.631 -2.24709 0
      vertex -2.631 -2.24709 25
    endloop
  endfacet
  facet normal 0.734333 0.678789 0
    outer loop
      vertex -2.631 -2.24709 0
      vertex -2.44659 -2.44659 25
      vertex -2.44659 -2.44659 0
    endloop
  endfacet
  facet normal 0.734333 -0.678789 0
    outer loop
      vertex -2.631 2.24709 25
      vertex -2.44659 2.44659 0
      vertex -2.44659 2.44659 25
    endloop
  endfacet
  facet normal 0.734333 -0.678789 0
    outer loop
      vertex -2.44659 2.44659 0
      vertex -2.631 2.24709 25
      vertex -2.631 2.24709 0
    endloop
  endfacet
  facet normal -0.346149 0.93818 0
    outer loop
      vertex 1.32408 -3.19662 0
      vertex 1.0692 -3.29066 25
      vertex 1.32408 -3.19662 25
    endloop
  endfacet
  facet normal -0.346149 0.93818 0
    outer loop
      vertex 1.0692 -3.29066 25
      vertex 1.32408 -3.19662 0
      vertex 1.0692 -3.29066 0
    endloop
  endfacet
  facet normal -0.19507 0.980789 0
    outer loop
      vertex 0.80772 -3.3644 0
      vertex 0.75 -3.37588 25
      vertex 0.80772 -3.3644 25
    endloop
  endfacet
  facet normal -0.19507 0.980789 0
    outer loop
      vertex 0.75 -3.37588 25
      vertex 0.80772 -3.3644 0
      vertex 0.75 -3.37588 0
    endloop
  endfacet
  facet normal 0.908149 0.418647 0
    outer loop
      vertex -3.08288 -1.57081 25
      vertex -3.19662 -1.32408 0
      vertex -3.19662 -1.32408 25
    endloop
  endfacet
  facet normal 0.908149 0.418647 0
    outer loop
      vertex -3.19662 -1.32408 0
      vertex -3.08288 -1.57081 25
      vertex -3.08288 -1.57081 0
    endloop
  endfacet
  facet normal -0.872485 0.48864 0
    outer loop
      vertex 2.95013 -1.80784 0
      vertex 3.08288 -1.57081 25
      vertex 3.08288 -1.57081 0
    endloop
  endfacet
  facet normal -0.872485 0.48864 0
    outer loop
      vertex 3.08288 -1.57081 25
      vertex 2.95013 -1.80784 0
      vertex 2.95013 -1.80784 25
    endloop
  endfacet
  facet normal 0.831489 -0.555541 0
    outer loop
      vertex -2.95013 1.80784 25
      vertex -2.7992 2.03374 0
      vertex -2.7992 2.03374 25
    endloop
  endfacet
  facet normal 0.831489 -0.555541 0
    outer loop
      vertex -2.7992 2.03374 0
      vertex -2.95013 1.80784 25
      vertex -2.95013 1.80784 0
    endloop
  endfacet
  facet normal -0.93818 -0.346149 0
    outer loop
      vertex 3.29066 1.0692 0
      vertex 3.19662 1.32408 25
      vertex 3.19662 1.32408 0
    endloop
  endfacet
  facet normal -0.93818 -0.346149 0
    outer loop
      vertex 3.19662 1.32408 25
      vertex 3.29066 1.0692 0
      vertex 3.29066 1.0692 25
    endloop
  endfacet
  facet normal 0.872485 0.48864 0
    outer loop
      vertex -2.95013 -1.80784 25
      vertex -3.08288 -1.57081 0
      vertex -3.08288 -1.57081 25
    endloop
  endfacet
  facet normal 0.872485 0.48864 0
    outer loop
      vertex -3.08288 -1.57081 0
      vertex -2.95013 -1.80784 25
      vertex -2.95013 -1.80784 0
    endloop
  endfacet
  facet normal -0.48864 -0.872485 0
    outer loop
      vertex 1.57081 3.08288 0
      vertex 1.80784 2.95013 25
      vertex 1.57081 3.08288 25
    endloop
  endfacet
  facet normal -0.48864 -0.872485 -0
    outer loop
      vertex 1.80784 2.95013 25
      vertex 1.57081 3.08288 0
      vertex 1.80784 2.95013 0
    endloop
  endfacet
  facet normal 0.19507 0.980789 -0
    outer loop
      vertex -0.75 -3.37588 0
      vertex -0.80772 -3.3644 25
      vertex -0.75 -3.37588 25
    endloop
  endfacet
  facet normal 0.19507 0.980789 0
    outer loop
      vertex -0.80772 -3.3644 25
      vertex -0.75 -3.37588 0
      vertex -0.80772 -3.3644 0
    endloop
  endfacet
  facet normal 0.96246 -0.271423 0
    outer loop
      vertex -3.3644 0.80772 25
      vertex -3.29066 1.0692 0
      vertex -3.29066 1.0692 25
    endloop
  endfacet
  facet normal 0.96246 -0.271423 0
    outer loop
      vertex -3.29066 1.0692 0
      vertex -3.3644 0.80772 25
      vertex -3.3644 0.80772 0
    endloop
  endfacet
  facet normal 0.271423 0.96246 -0
    outer loop
      vertex -0.80772 -3.3644 0
      vertex -1.0692 -3.29066 25
      vertex -0.80772 -3.3644 25
    endloop
  endfacet
  facet normal 0.271423 0.96246 0
    outer loop
      vertex -1.0692 -3.29066 25
      vertex -0.80772 -3.3644 0
      vertex -1.0692 -3.29066 0
    endloop
  endfacet
  facet normal 0.619113 -0.785302 0
    outer loop
      vertex -2.24709 2.631 0
      vertex -2.03374 2.7992 25
      vertex -2.24709 2.631 25
    endloop
  endfacet
  facet normal 0.619113 -0.785302 0
    outer loop
      vertex -2.03374 2.7992 25
      vertex -2.24709 2.631 0
      vertex -2.03374 2.7992 0
    endloop
  endfacet
  facet normal 0.93818 0.346149 0
    outer loop
      vertex -3.19662 -1.32408 25
      vertex -3.29066 -1.0692 0
      vertex -3.29066 -1.0692 25
    endloop
  endfacet
  facet normal 0.93818 0.346149 0
    outer loop
      vertex -3.29066 -1.0692 0
      vertex -3.19662 -1.32408 25
      vertex -3.19662 -1.32408 0
    endloop
  endfacet
  facet normal -0.831489 -0.555541 0
    outer loop
      vertex 2.95013 1.80784 0
      vertex 2.7992 2.03374 25
      vertex 2.7992 2.03374 0
    endloop
  endfacet
  facet normal -0.831489 -0.555541 0
    outer loop
      vertex 2.7992 2.03374 25
      vertex 2.95013 1.80784 0
      vertex 2.95013 1.80784 25
    endloop
  endfacet
  facet normal 0.980789 0.19507 0
    outer loop
      vertex -3.3644 -0.80772 25
      vertex -3.37588 -0.75 0
      vertex -3.37588 -0.75 25
    endloop
  endfacet
  facet normal 0.980789 0.19507 0
    outer loop
      vertex -3.37588 -0.75 0
      vertex -3.3644 -0.80772 25
      vertex -3.3644 -0.80772 0
    endloop
  endfacet
  facet normal -0.678789 0.734333 0
    outer loop
      vertex 2.44659 -2.44659 0
      vertex 2.24709 -2.631 25
      vertex 2.44659 -2.44659 25
    endloop
  endfacet
  facet normal -0.678789 0.734333 0
    outer loop
      vertex 2.24709 -2.631 25
      vertex 2.44659 -2.44659 0
      vertex 2.24709 -2.631 0
    endloop
  endfacet
  facet normal 0.48864 -0.872485 0
    outer loop
      vertex -1.80784 2.95013 0
      vertex -1.57081 3.08288 25
      vertex -1.80784 2.95013 25
    endloop
  endfacet
  facet normal 0.48864 -0.872485 0
    outer loop
      vertex -1.57081 3.08288 25
      vertex -1.80784 2.95013 0
      vertex -1.57081 3.08288 0
    endloop
  endfacet
  facet normal 0.831489 0.555541 0
    outer loop
      vertex -2.7992 -2.03374 25
      vertex -2.95013 -1.80784 0
      vertex -2.95013 -1.80784 25
    endloop
  endfacet
  facet normal 0.831489 0.555541 0
    outer loop
      vertex -2.95013 -1.80784 0
      vertex -2.7992 -2.03374 25
      vertex -2.7992 -2.03374 0
    endloop
  endfacet
  facet normal 0.271423 -0.96246 0
    outer loop
      vertex -1.0692 3.29066 0
      vertex -0.80772 3.3644 25
      vertex -1.0692 3.29066 25
    endloop
  endfacet
  facet normal 0.271423 -0.96246 0
    outer loop
      vertex -0.80772 3.3644 25
      vertex -1.0692 3.29066 0
      vertex -0.80772 3.3644 0
    endloop
  endfacet
  facet normal 0.619113 0.785302 -0
    outer loop
      vertex -2.03374 -2.7992 0
      vertex -2.24709 -2.631 25
      vertex -2.03374 -2.7992 25
    endloop
  endfacet
  facet normal 0.619113 0.785302 0
    outer loop
      vertex -2.24709 -2.631 25
      vertex -2.03374 -2.7992 0
      vertex -2.24709 -2.631 0
    endloop
  endfacet
  facet normal -0.831489 0.555541 0
    outer loop
      vertex 2.7992 -2.03374 0
      vertex 2.95013 -1.80784 25
      vertex 2.95013 -1.80784 0
    endloop
  endfacet
  facet normal -0.831489 0.555541 0
    outer loop
      vertex 2.95013 -1.80784 25
      vertex 2.7992 -2.03374 0
      vertex 2.7992 -2.03374 25
    endloop
  endfacet
  facet normal -0.19507 -0.980789 0
    outer loop
      vertex 0.75 3.37588 0
      vertex 0.80772 3.3644 25
      vertex 0.75 3.37588 25
    endloop
  endfacet
  facet normal -0.19507 -0.980789 -0
    outer loop
      vertex 0.80772 3.3644 25
      vertex 0.75 3.37588 0
      vertex 0.80772 3.3644 0
    endloop
  endfacet
  facet normal -0.619113 0.785302 0
    outer loop
      vertex 2.24709 -2.631 0
      vertex 2.03374 -2.7992 25
      vertex 2.24709 -2.631 25
    endloop
  endfacet
  facet normal -0.619113 0.785302 0
    outer loop
      vertex 2.03374 -2.7992 25
      vertex 2.24709 -2.631 0
      vertex 2.03374 -2.7992 0
    endloop
  endfacet
  facet normal 0.93818 -0.346149 0
    outer loop
      vertex -3.29066 1.0692 25
      vertex -3.19662 1.32408 0
      vertex -3.19662 1.32408 25
    endloop
  endfacet
  facet normal 0.93818 -0.346149 0
    outer loop
      vertex -3.19662 1.32408 0
      vertex -3.29066 1.0692 25
      vertex -3.29066 1.0692 0
    endloop
  endfacet
  facet normal -1 0 0
    outer loop
      vertex 5.96 -0.75 0
      vertex 5.96 0.75 25
      vertex 5.96 0.75 0
    endloop
  endfacet
  facet normal -1 -0 0
    outer loop
      vertex 5.96 0.75 25
      vertex 5.96 -0.75 0
      vertex 5.96 -0.75 25
    endloop
  endfacet
  facet normal 1 -0 0
    outer loop
      vertex -5.96 -0.75 25
      vertex -5.96 0.75 0
      vertex -5.96 0.75 25
    endloop
  endfacet
  facet normal 1 0 0
    outer loop
      vertex -5.96 0.75 0
      vertex -5.96 -0.75 25
      vertex -5.96 -0.75 0
    endloop
  endfacet
  facet normal 0 -1 0
    outer loop
      vertex -5.96 0.75 0
      vertex -3.37588 0.75 25
      vertex -5.96 0.75 25
    endloop
  endfacet
  facet normal 0 -1 -0
    outer loop
      vertex -3.37588 0.75 25
      vertex -5.96 0.75 0
      vertex -3.37588 0.75 0
    endloop
  endfacet
  facet normal 0 -1 0
    outer loop
      vertex 3.37588 0.75 0
      vertex 5.96 0.75 25
      vertex 3.37588 0.75 25
    endloop
  endfacet
  facet normal 0 -1 -0
    outer loop
      vertex 5.96 0.75 25
      vertex 3.37588 0.75 0
      vertex 5.96 0.75 0
    endloop
  endfacet
  facet normal 0 1 -0
    outer loop
      vertex -3.37588 -0.75 0
      vertex -5.96 -0.75 25
      vertex -3.37588 -0.75 25
    endloop
  endfacet
  facet normal 0 1 0
    outer loop
      vertex -5.96 -0.75 25
      vertex -3.37588 -0.75 0
      vertex -5.96 -0.75 0
    endloop
  endfacet
  facet normal 0 1 -0
    outer loop
      vertex 5.96 -0.75 0
      vertex 3.37588 -0.75 25
      vertex 5.96 -0.75 25
    endloop
  endfacet
  facet normal 0 1 0
    outer loop
      vertex 3.37588 -0.75 25
      vertex 5.96 -0.75 0
      vertex 3.37588 -0.75 0
    endloop
  endfacet
  facet normal -1 0 0
    outer loop
      vertex 0.75 3.37588 0
      vertex 0.75 5.96 25
      vertex 0.75 5.96 0
    endloop
  endfacet
  facet normal -1 -0 0
    outer loop
      vertex 0.75 5.96 25
      vertex 0.75 3.37588 0
      vertex 0.75 3.37588 25
    endloop
  endfacet
  facet normal -1 0 0
    outer loop
      vertex 0.75 -5.96 0
      vertex 0.75 -3.37588 25
      vertex 0.75 -3.37588 0
    endloop
  endfacet
  facet normal -1 -0 0
    outer loop
      vertex 0.75 -3.37588 25
      vertex 0.75 -5.96 0
      vertex 0.75 -5.96 25
    endloop
  endfacet
  facet normal 1 -0 0
    outer loop
      vertex -0.75 3.37588 25
      vertex -0.75 5.96 0
      vertex -0.75 5.96 25
    endloop
  endfacet
  facet normal 1 0 0
    outer loop
      vertex -0.75 5.96 0
      vertex -0.75 3.37588 25
      vertex -0.75 3.37588 0
    endloop
  endfacet
  facet normal 1 -0 0
    outer loop
      vertex -0.75 -5.96 25
      vertex -0.75 -3.37588 0
      vertex -0.75 -3.37588 25
    endloop
  endfacet
  facet normal 1 0 0
    outer loop
      vertex -0.75 -3.37588 0
      vertex -0.75 -5.96 25
      vertex -0.75 -5.96 0
    endloop
  endfacet
  facet normal 0 -1 0
    outer loop
      vertex -0.75 5.96 0
      vertex 0.75 5.96 25
      vertex -0.75 5.96 25
    endloop
  endfacet
  facet normal 0 -1 -0
    outer loop
      vertex 0.75 5.96 25
      vertex -0.75 5.96 0
      vertex 0.75 5.96 0
    endloop
  endfacet
  facet normal 0 1 -0
    outer loop
      vertex 0.75 -5.96 0
      vertex -0.75 -5.96 25
      vertex 0.75 -5.96 25
    endloop
  endfacet
  facet normal 0 1 0
    outer loop
      vertex -0.75 -5.96 25
      vertex 0.75 -5.96 0
      vertex -0.75 -5.96 0
    endloop
  endfacet
endsolid OpenSCAD_Model
