solid OpenSCAD_Model
  facet normal 0.995185 0.0980119 0
    outer loop
      vertex 50.8908 3.33556 9
      vertex 50.5637 6.65684 3.1
      vertex 50.5637 6.65684 9
    endloop
  endfacet
  facet normal 0.995185 0.0980119 0
    outer loop
      vertex 50.5637 6.65684 3.1
      vertex 50.8908 3.33556 9
      vertex 50.8908 3.33556 3.1
    endloop
  endfacet
  facet normal 0.999465 0.0327206 0
    outer loop
      vertex 51 0 9
      vertex 50.8908 3.33556 3.1
      vertex 50.8908 3.33556 9
    endloop
  endfacet
  facet normal 0.999465 0.0327206 0
    outer loop
      vertex 50.8908 3.33556 3.1
      vertex 51 0 9
      vertex 51 0 3.1
    endloop
  endfacet
  facet normal 0.986657 0.162813 0
    outer loop
      vertex 50.0201 9.94961 9
      vertex 50.1768 9 3.1
      vertex 50.0201 9.94961 0
    endloop
  endfacet
  facet normal 0.986645 0.162884 -1.17285e-05
    outer loop
      vertex 50.5637 6.65684 9
      vertex 50.1768 9 3.1
      vertex 50.0201 9.94961 9
    endloop
  endfacet
  facet normal 0.98664 0.162913 0
    outer loop
      vertex 50.1768 9 3.1
      vertex 50.5637 6.65684 9
      vertex 50.5637 6.65684 3.1
    endloop
  endfacet
  facet normal 0.986657 0.162813 0
    outer loop
      vertex 50.0201 9.94961 0
      vertex 50.1768 9 3.1
      vertex 50.1768 9 0
    endloop
  endfacet
  facet normal 0.227094 -0.973873 0
    outer loop
      vertex 9.94961 -50.0201 0
      vertex 13.1998 -49.2622 9
      vertex 9.94961 -50.0201 9
    endloop
  endfacet
  facet normal 0.227094 -0.973873 0
    outer loop
      vertex 13.1998 -49.2622 9
      vertex 9.94961 -50.0201 0
      vertex 13.1998 -49.2622 0
    endloop
  endfacet
  facet normal -0.0327206 -0.999465 0
    outer loop
      vertex -3.33556 -50.8908 3
      vertex 0 -51 9
      vertex -3.33556 -50.8908 9
    endloop
  endfacet
  facet normal -0.0327206 -0.999465 -0
    outer loop
      vertex 0 -51 9
      vertex -3.33556 -50.8908 3
      vertex 0 -51 3
    endloop
  endfacet
  facet normal 0.634396 -0.773009 0
    outer loop
      vertex 31.0468 -40.461 0
      vertex 33.6266 -38.3438 9
      vertex 31.0468 -40.461 9
    endloop
  endfacet
  facet normal 0.634396 -0.773009 0
    outer loop
      vertex 33.6266 -38.3438 9
      vertex 31.0468 -40.461 0
      vertex 33.6266 -38.3438 0
    endloop
  endfacet
  facet normal -0.812846 -0.582479 0
    outer loop
      vertex -40.461 -31.0468 0
      vertex -42.4049 -28.3341 9
      vertex -42.4049 -28.3341 0
    endloop
  endfacet
  facet normal -0.812846 -0.582479 0
    outer loop
      vertex -42.4049 -28.3341 9
      vertex -40.461 -31.0468 0
      vertex -40.461 -31.0468 9
    endloop
  endfacet
  facet normal 0.812846 0.582479 0
    outer loop
      vertex 42.4049 28.3341 9
      vertex 40.461 31.0468 0
      vertex 40.461 31.0468 9
    endloop
  endfacet
  facet normal 0.812846 0.582479 0
    outer loop
      vertex 40.461 31.0468 0
      vertex 42.4049 28.3341 9
      vertex 42.4049 28.3341 0
    endloop
  endfacet
  facet normal 0.973873 -0.227094 0
    outer loop
      vertex 49.2622 -13.1998 9
      vertex 50.0201 -9.94961 0
      vertex 50.0201 -9.94961 9
    endloop
  endfacet
  facet normal 0.973873 -0.227094 0
    outer loop
      vertex 50.0201 -9.94961 0
      vertex 49.2622 -13.1998 9
      vertex 49.2622 -13.1998 0
    endloop
  endfacet
  facet normal 0.973873 0.227094 0
    outer loop
      vertex 50.0201 9.94961 9
      vertex 49.2622 13.1998 0
      vertex 49.2622 13.1998 9
    endloop
  endfacet
  facet normal 0.973873 0.227094 0
    outer loop
      vertex 49.2622 13.1998 0
      vertex 50.0201 9.94961 9
      vertex 50.0201 9.94961 0
    endloop
  endfacet
  facet normal 0.956938 0.290293 0
    outer loop
      vertex 49.2622 13.1998 9
      vertex 48.2934 16.3934 0
      vertex 48.2934 16.3934 9
    endloop
  endfacet
  facet normal 0.956938 0.290293 0
    outer loop
      vertex 48.2934 16.3934 0
      vertex 49.2622 13.1998 9
      vertex 49.2622 13.1998 0
    endloop
  endfacet
  facet normal 0.162884 0.986645 -0
    outer loop
      vertex 9.94961 50.0201 0
      vertex 6.65684 50.5637 9
      vertex 9.94961 50.0201 9
    endloop
  endfacet
  facet normal 0.162884 0.986645 0
    outer loop
      vertex 6.65684 50.5637 9
      vertex 9.94961 50.0201 0
      vertex 6.65684 50.5637 0
    endloop
  endfacet
  facet normal -0.999465 0.0327206 0
    outer loop
      vertex -51 0 0
      vertex -50.8908 3.33556 9
      vertex -50.8908 3.33556 0
    endloop
  endfacet
  facet normal -0.999465 0.0327206 0
    outer loop
      vertex -50.8908 3.33556 9
      vertex -51 0 0
      vertex -51 0 9
    endloop
  endfacet
  facet normal 0.881925 -0.471391 0
    outer loop
      vertex 44.1673 -25.5 9
      vertex 45.7405 -22.5567 0
      vertex 45.7405 -22.5567 9
    endloop
  endfacet
  facet normal 0.881925 -0.471391 0
    outer loop
      vertex 45.7405 -22.5567 0
      vertex 44.1673 -25.5 9
      vertex 44.1673 -25.5 0
    endloop
  endfacet
  facet normal 0.352223 0.935916 -0
    outer loop
      vertex 19.5169 47.1179 0
      vertex 16.3934 48.2934 9
      vertex 19.5169 47.1179 9
    endloop
  endfacet
  facet normal 0.352223 0.935916 0
    outer loop
      vertex 16.3934 48.2934 9
      vertex 19.5169 47.1179 0
      vertex 16.3934 48.2934 0
    endloop
  endfacet
  facet normal 0.935916 0.352223 0
    outer loop
      vertex 48.2934 16.3934 9
      vertex 47.1179 19.5169 0
      vertex 47.1179 19.5169 9
    endloop
  endfacet
  facet normal 0.935916 0.352223 0
    outer loop
      vertex 47.1179 19.5169 0
      vertex 48.2934 16.3934 9
      vertex 48.2934 16.3934 0
    endloop
  endfacet
  facet normal 0.0327206 -0.999465 0
    outer loop
      vertex 0 -51 3
      vertex 3.33556 -50.8908 9
      vertex 0 -51 9
    endloop
  endfacet
  facet normal 0.0327206 -0.999465 0
    outer loop
      vertex 3.33556 -50.8908 9
      vertex 0 -51 3
      vertex 3.33556 -50.8908 3
    endloop
  endfacet
  facet normal 0.683596 0.72986 -0
    outer loop
      vertex 36.0624 36.0624 0
      vertex 33.6266 38.3438 9
      vertex 36.0624 36.0624 9
    endloop
  endfacet
  facet normal 0.683596 0.72986 0
    outer loop
      vertex 33.6266 38.3438 9
      vertex 36.0624 36.0624 0
      vertex 33.6266 38.3438 0
    endloop
  endfacet
  facet normal 0.72986 -0.683596 0
    outer loop
      vertex 36.0624 -36.0624 9
      vertex 38.3438 -33.6266 0
      vertex 38.3438 -33.6266 9
    endloop
  endfacet
  facet normal 0.72986 -0.683596 0
    outer loop
      vertex 38.3438 -33.6266 0
      vertex 36.0624 -36.0624 9
      vertex 36.0624 -36.0624 0
    endloop
  endfacet
  facet normal 0.910854 -0.412728 0
    outer loop
      vertex 45.7405 -22.5567 9
      vertex 47.1179 -19.5169 0
      vertex 47.1179 -19.5169 9
    endloop
  endfacet
  facet normal 0.910854 -0.412728 0
    outer loop
      vertex 47.1179 -19.5169 0
      vertex 45.7405 -22.5567 9
      vertex 45.7405 -22.5567 0
    endloop
  endfacet
  facet normal 0.0327206 0.999465 -0
    outer loop
      vertex 3.33556 50.8908 3
      vertex 0 51 9
      vertex 3.33556 50.8908 9
    endloop
  endfacet
  facet normal 0.0327206 0.999465 0
    outer loop
      vertex 0 51 9
      vertex 3.33556 50.8908 3
      vertex 0 51 3
    endloop
  endfacet
  facet normal 0.0980119 0.995185 1.72053e-06
    outer loop
      vertex 6.65684 50.5637 9
      vertex 6 50.6284 3
      vertex 3.33556 50.8908 9
    endloop
  endfacet
  facet normal 0.0980275 0.995184 -0
    outer loop
      vertex 6.65684 50.5637 0
      vertex 6 50.6284 3
      vertex 6.65684 50.5637 9
    endloop
  endfacet
  facet normal 0.0980275 0.995184 0
    outer loop
      vertex 6 50.6284 3
      vertex 6.65684 50.5637 0
      vertex 6 50.6284 0
    endloop
  endfacet
  facet normal 0.0980081 0.995186 0
    outer loop
      vertex 3.33556 50.8908 9
      vertex 6 50.6284 3
      vertex 3.33556 50.8908 3
    endloop
  endfacet
  facet normal 0.412728 -0.910854 0
    outer loop
      vertex 19.5169 -47.1179 0
      vertex 22.5567 -45.7405 9
      vertex 19.5169 -47.1179 9
    endloop
  endfacet
  facet normal 0.412728 -0.910854 0
    outer loop
      vertex 22.5567 -45.7405 9
      vertex 19.5169 -47.1179 0
      vertex 22.5567 -45.7405 0
    endloop
  endfacet
  facet normal -0.935916 -0.352223 0
    outer loop
      vertex -47.1179 -19.5169 0
      vertex -48.2934 -16.3934 9
      vertex -48.2934 -16.3934 0
    endloop
  endfacet
  facet normal -0.935916 -0.352223 0
    outer loop
      vertex -48.2934 -16.3934 9
      vertex -47.1179 -19.5169 0
      vertex -47.1179 -19.5169 9
    endloop
  endfacet
  facet normal -0.683596 0.72986 0
    outer loop
      vertex -33.6266 38.3438 0
      vertex -36.0624 36.0624 9
      vertex -33.6266 38.3438 9
    endloop
  endfacet
  facet normal -0.683596 0.72986 0
    outer loop
      vertex -36.0624 36.0624 9
      vertex -33.6266 38.3438 0
      vertex -36.0624 36.0624 0
    endloop
  endfacet
  facet normal 0.471391 0.881925 -0
    outer loop
      vertex 25.5 44.1673 0
      vertex 22.5567 45.7405 9
      vertex 25.5 44.1673 9
    endloop
  endfacet
  facet normal 0.471391 0.881925 0
    outer loop
      vertex 22.5567 45.7405 9
      vertex 25.5 44.1673 0
      vertex 22.5567 45.7405 0
    endloop
  endfacet
  facet normal 0.352223 -0.935916 0
    outer loop
      vertex 16.3934 -48.2934 0
      vertex 19.5169 -47.1179 9
      vertex 16.3934 -48.2934 9
    endloop
  endfacet
  facet normal 0.352223 -0.935916 0
    outer loop
      vertex 19.5169 -47.1179 9
      vertex 16.3934 -48.2934 0
      vertex 19.5169 -47.1179 0
    endloop
  endfacet
  facet normal 0.528077 -0.849196 0
    outer loop
      vertex 25.5 -44.1673 0
      vertex 28.3341 -42.4049 9
      vertex 25.5 -44.1673 9
    endloop
  endfacet
  facet normal 0.528077 -0.849196 0
    outer loop
      vertex 28.3341 -42.4049 9
      vertex 25.5 -44.1673 0
      vertex 28.3341 -42.4049 0
    endloop
  endfacet
  facet normal -0.227094 0.973873 0
    outer loop
      vertex -9.94961 50.0201 0
      vertex -13.1998 49.2622 9
      vertex -9.94961 50.0201 9
    endloop
  endfacet
  facet normal -0.227094 0.973873 0
    outer loop
      vertex -13.1998 49.2622 9
      vertex -9.94961 50.0201 0
      vertex -13.1998 49.2622 0
    endloop
  endfacet
  facet normal -0.72986 0.683596 0
    outer loop
      vertex -38.3438 33.6266 0
      vertex -36.0624 36.0624 9
      vertex -36.0624 36.0624 0
    endloop
  endfacet
  facet normal -0.72986 0.683596 0
    outer loop
      vertex -36.0624 36.0624 9
      vertex -38.3438 33.6266 0
      vertex -38.3438 33.6266 9
    endloop
  endfacet
  facet normal 0.162884 -0.986645 0
    outer loop
      vertex 6.65684 -50.5637 0
      vertex 9.94961 -50.0201 9
      vertex 6.65684 -50.5637 9
    endloop
  endfacet
  facet normal 0.162884 -0.986645 0
    outer loop
      vertex 9.94961 -50.0201 9
      vertex 6.65684 -50.5637 0
      vertex 9.94961 -50.0201 0
    endloop
  endfacet
  facet normal -0.582479 0.812846 0
    outer loop
      vertex -28.3341 42.4049 0
      vertex -31.0468 40.461 9
      vertex -28.3341 42.4049 9
    endloop
  endfacet
  facet normal -0.582479 0.812846 0
    outer loop
      vertex -31.0468 40.461 9
      vertex -28.3341 42.4049 0
      vertex -31.0468 40.461 0
    endloop
  endfacet
  facet normal -0.910854 -0.412728 0
    outer loop
      vertex -45.7405 -22.5567 0
      vertex -47.1179 -19.5169 9
      vertex -47.1179 -19.5169 0
    endloop
  endfacet
  facet normal -0.910854 -0.412728 0
    outer loop
      vertex -47.1179 -19.5169 9
      vertex -45.7405 -22.5567 0
      vertex -45.7405 -22.5567 9
    endloop
  endfacet
  facet normal 0.0980081 -0.995186 0
    outer loop
      vertex 6 -50.6284 3
      vertex 3.33556 -50.8908 9
      vertex 3.33556 -50.8908 3
    endloop
  endfacet
  facet normal 0.0980119 -0.995185 1.72053e-06
    outer loop
      vertex 3.33556 -50.8908 9
      vertex 6 -50.6284 3
      vertex 6.65684 -50.5637 9
    endloop
  endfacet
  facet normal 0.0980275 -0.995184 0
    outer loop
      vertex 6.65684 -50.5637 0
      vertex 6 -50.6284 3
      vertex 6 -50.6284 0
    endloop
  endfacet
  facet normal 0.0980275 -0.995184 0
    outer loop
      vertex 6 -50.6284 3
      vertex 6.65684 -50.5637 0
      vertex 6.65684 -50.5637 9
    endloop
  endfacet
  facet normal 0.910854 0.412728 0
    outer loop
      vertex 47.1179 19.5169 9
      vertex 45.7405 22.5567 0
      vertex 45.7405 22.5567 9
    endloop
  endfacet
  facet normal 0.910854 0.412728 0
    outer loop
      vertex 45.7405 22.5567 0
      vertex 47.1179 19.5169 9
      vertex 47.1179 19.5169 0
    endloop
  endfacet
  facet normal -0.352223 0.935916 0
    outer loop
      vertex -16.3934 48.2934 0
      vertex -19.5169 47.1179 9
      vertex -16.3934 48.2934 9
    endloop
  endfacet
  facet normal -0.352223 0.935916 0
    outer loop
      vertex -19.5169 47.1179 9
      vertex -16.3934 48.2934 0
      vertex -19.5169 47.1179 0
    endloop
  endfacet
  facet normal 0.412728 0.910854 -0
    outer loop
      vertex 22.5567 45.7405 0
      vertex 19.5169 47.1179 9
      vertex 22.5567 45.7405 9
    endloop
  endfacet
  facet normal 0.412728 0.910854 0
    outer loop
      vertex 19.5169 47.1179 9
      vertex 22.5567 45.7405 0
      vertex 19.5169 47.1179 0
    endloop
  endfacet
  facet normal 0.528077 0.849196 -0
    outer loop
      vertex 28.3341 42.4049 0
      vertex 25.5 44.1673 9
      vertex 28.3341 42.4049 9
    endloop
  endfacet
  facet normal 0.528077 0.849196 0
    outer loop
      vertex 25.5 44.1673 9
      vertex 28.3341 42.4049 0
      vertex 25.5 44.1673 0
    endloop
  endfacet
  facet normal -0.995185 -0.0980119 0
    outer loop
      vertex -50.5637 -6.65684 0
      vertex -50.8908 -3.33556 9
      vertex -50.8908 -3.33556 0
    endloop
  endfacet
  facet normal -0.995185 -0.0980119 0
    outer loop
      vertex -50.8908 -3.33556 9
      vertex -50.5637 -6.65684 0
      vertex -50.5637 -6.65684 9
    endloop
  endfacet
  facet normal 0.98664 -0.162913 0
    outer loop
      vertex 50.5637 -6.65684 9
      vertex 50.1768 -9 3.1
      vertex 50.5637 -6.65684 3.1
    endloop
  endfacet
  facet normal 0.986645 -0.162884 -1.17285e-05
    outer loop
      vertex 50.0201 -9.94961 9
      vertex 50.1768 -9 3.1
      vertex 50.5637 -6.65684 9
    endloop
  endfacet
  facet normal 0.986657 -0.162813 0
    outer loop
      vertex 50.0201 -9.94961 0
      vertex 50.1768 -9 3.1
      vertex 50.0201 -9.94961 9
    endloop
  endfacet
  facet normal 0.986657 -0.162813 0
    outer loop
      vertex 50.1768 -9 3.1
      vertex 50.0201 -9.94961 0
      vertex 50.1768 -9 0
    endloop
  endfacet
  facet normal -0.0980119 -0.995185 1.72053e-06
    outer loop
      vertex -6.65684 -50.5637 9
      vertex -6 -50.6284 3
      vertex -3.33556 -50.8908 9
    endloop
  endfacet
  facet normal -0.0980275 -0.995184 0
    outer loop
      vertex -6.65684 -50.5637 0
      vertex -6 -50.6284 3
      vertex -6.65684 -50.5637 9
    endloop
  endfacet
  facet normal -0.0980275 -0.995184 -0
    outer loop
      vertex -6 -50.6284 3
      vertex -6.65684 -50.5637 0
      vertex -6 -50.6284 0
    endloop
  endfacet
  facet normal -0.0980081 -0.995186 -0
    outer loop
      vertex -3.33556 -50.8908 9
      vertex -6 -50.6284 3
      vertex -3.33556 -50.8908 3
    endloop
  endfacet
  facet normal -0.290293 0.956938 0
    outer loop
      vertex -13.1998 49.2622 0
      vertex -16.3934 48.2934 9
      vertex -13.1998 49.2622 9
    endloop
  endfacet
  facet normal -0.290293 0.956938 0
    outer loop
      vertex -16.3934 48.2934 9
      vertex -13.1998 49.2622 0
      vertex -16.3934 48.2934 0
    endloop
  endfacet
  facet normal 0.849196 -0.528077 0
    outer loop
      vertex 42.4049 -28.3341 9
      vertex 44.1673 -25.5 0
      vertex 44.1673 -25.5 9
    endloop
  endfacet
  facet normal 0.849196 -0.528077 0
    outer loop
      vertex 44.1673 -25.5 0
      vertex 42.4049 -28.3341 9
      vertex 42.4049 -28.3341 0
    endloop
  endfacet
  facet normal 0.881925 0.471391 0
    outer loop
      vertex 45.7405 22.5567 9
      vertex 44.1673 25.5 0
      vertex 44.1673 25.5 9
    endloop
  endfacet
  facet normal 0.881925 0.471391 0
    outer loop
      vertex 44.1673 25.5 0
      vertex 45.7405 22.5567 9
      vertex 45.7405 22.5567 0
    endloop
  endfacet
  facet normal -0.956938 -0.290293 0
    outer loop
      vertex -48.2934 -16.3934 0
      vertex -49.2622 -13.1998 9
      vertex -49.2622 -13.1998 0
    endloop
  endfacet
  facet normal -0.956938 -0.290293 0
    outer loop
      vertex -49.2622 -13.1998 9
      vertex -48.2934 -16.3934 0
      vertex -48.2934 -16.3934 9
    endloop
  endfacet
  facet normal -0.935916 0.352223 0
    outer loop
      vertex -48.2934 16.3934 0
      vertex -47.1179 19.5169 9
      vertex -47.1179 19.5169 0
    endloop
  endfacet
  facet normal -0.935916 0.352223 0
    outer loop
      vertex -47.1179 19.5169 9
      vertex -48.2934 16.3934 0
      vertex -48.2934 16.3934 9
    endloop
  endfacet
  facet normal -0.72986 -0.683596 0
    outer loop
      vertex -36.0624 -36.0624 0
      vertex -38.3438 -33.6266 9
      vertex -38.3438 -33.6266 0
    endloop
  endfacet
  facet normal -0.72986 -0.683596 0
    outer loop
      vertex -38.3438 -33.6266 9
      vertex -36.0624 -36.0624 0
      vertex -36.0624 -36.0624 9
    endloop
  endfacet
  facet normal -0.773009 -0.634396 0
    outer loop
      vertex -38.3438 -33.6266 0
      vertex -40.461 -31.0468 9
      vertex -40.461 -31.0468 0
    endloop
  endfacet
  facet normal -0.773009 -0.634396 0
    outer loop
      vertex -40.461 -31.0468 9
      vertex -38.3438 -33.6266 0
      vertex -38.3438 -33.6266 9
    endloop
  endfacet
  facet normal 0.773009 -0.634396 0
    outer loop
      vertex 38.3438 -33.6266 9
      vertex 40.461 -31.0468 0
      vertex 40.461 -31.0468 9
    endloop
  endfacet
  facet normal 0.773009 -0.634396 0
    outer loop
      vertex 40.461 -31.0468 0
      vertex 38.3438 -33.6266 9
      vertex 38.3438 -33.6266 0
    endloop
  endfacet
  facet normal 0.72986 0.683596 0
    outer loop
      vertex 38.3438 33.6266 9
      vertex 36.0624 36.0624 0
      vertex 36.0624 36.0624 9
    endloop
  endfacet
  facet normal 0.72986 0.683596 0
    outer loop
      vertex 36.0624 36.0624 0
      vertex 38.3438 33.6266 9
      vertex 38.3438 33.6266 0
    endloop
  endfacet
  facet normal -0.162884 0.986645 0
    outer loop
      vertex -6.65684 50.5637 0
      vertex -9.94961 50.0201 9
      vertex -6.65684 50.5637 9
    endloop
  endfacet
  facet normal -0.162884 0.986645 0
    outer loop
      vertex -9.94961 50.0201 9
      vertex -6.65684 50.5637 0
      vertex -9.94961 50.0201 0
    endloop
  endfacet
  facet normal 0.290293 -0.956938 0
    outer loop
      vertex 13.1998 -49.2622 0
      vertex 16.3934 -48.2934 9
      vertex 13.1998 -49.2622 9
    endloop
  endfacet
  facet normal 0.290293 -0.956938 0
    outer loop
      vertex 16.3934 -48.2934 9
      vertex 13.1998 -49.2622 0
      vertex 16.3934 -48.2934 0
    endloop
  endfacet
  facet normal 0.290293 0.956938 -0
    outer loop
      vertex 16.3934 48.2934 0
      vertex 13.1998 49.2622 9
      vertex 16.3934 48.2934 9
    endloop
  endfacet
  facet normal 0.290293 0.956938 0
    outer loop
      vertex 13.1998 49.2622 9
      vertex 16.3934 48.2934 0
      vertex 13.1998 49.2622 0
    endloop
  endfacet
  facet normal -0.812846 0.582479 0
    outer loop
      vertex -42.4049 28.3341 0
      vertex -40.461 31.0468 9
      vertex -40.461 31.0468 0
    endloop
  endfacet
  facet normal -0.812846 0.582479 0
    outer loop
      vertex -40.461 31.0468 9
      vertex -42.4049 28.3341 0
      vertex -42.4049 28.3341 9
    endloop
  endfacet
  facet normal -0.986645 -0.162884 0
    outer loop
      vertex -50.0201 -9.94961 0
      vertex -50.5637 -6.65684 9
      vertex -50.5637 -6.65684 0
    endloop
  endfacet
  facet normal -0.986645 -0.162884 0
    outer loop
      vertex -50.5637 -6.65684 9
      vertex -50.0201 -9.94961 0
      vertex -50.0201 -9.94961 9
    endloop
  endfacet
  facet normal -0.528077 0.849196 0
    outer loop
      vertex -25.5 44.1673 0
      vertex -28.3341 42.4049 9
      vertex -25.5 44.1673 9
    endloop
  endfacet
  facet normal -0.528077 0.849196 0
    outer loop
      vertex -28.3341 42.4049 9
      vertex -25.5 44.1673 0
      vertex -28.3341 42.4049 0
    endloop
  endfacet
  facet normal -0.773009 0.634396 0
    outer loop
      vertex -40.461 31.0468 0
      vertex -38.3438 33.6266 9
      vertex -38.3438 33.6266 0
    endloop
  endfacet
  facet normal -0.773009 0.634396 0
    outer loop
      vertex -38.3438 33.6266 9
      vertex -40.461 31.0468 0
      vertex -40.461 31.0468 9
    endloop
  endfacet
  facet normal 0.471391 -0.881925 0
    outer loop
      vertex 22.5567 -45.7405 0
      vertex 25.5 -44.1673 9
      vertex 22.5567 -45.7405 9
    endloop
  endfacet
  facet normal 0.471391 -0.881925 0
    outer loop
      vertex 25.5 -44.1673 9
      vertex 22.5567 -45.7405 0
      vertex 25.5 -44.1673 0
    endloop
  endfacet
  facet normal -0.0980081 0.995186 0
    outer loop
      vertex -6 50.6284 3
      vertex -3.33556 50.8908 9
      vertex -3.33556 50.8908 3
    endloop
  endfacet
  facet normal -0.0980119 0.995185 1.72053e-06
    outer loop
      vertex -3.33556 50.8908 9
      vertex -6 50.6284 3
      vertex -6.65684 50.5637 9
    endloop
  endfacet
  facet normal -0.0980275 0.995184 0
    outer loop
      vertex -6.65684 50.5637 0
      vertex -6 50.6284 3
      vertex -6 50.6284 0
    endloop
  endfacet
  facet normal -0.0980275 0.995184 0
    outer loop
      vertex -6 50.6284 3
      vertex -6.65684 50.5637 0
      vertex -6.65684 50.5637 9
    endloop
  endfacet
  facet normal 0.773009 0.634396 0
    outer loop
      vertex 40.461 31.0468 9
      vertex 38.3438 33.6266 0
      vertex 38.3438 33.6266 9
    endloop
  endfacet
  facet normal 0.773009 0.634396 0
    outer loop
      vertex 38.3438 33.6266 0
      vertex 40.461 31.0468 9
      vertex 40.461 31.0468 0
    endloop
  endfacet
  facet normal 0.995185 -0.0980119 0
    outer loop
      vertex 50.5637 -6.65684 9
      vertex 50.8908 -3.33556 3.1
      vertex 50.8908 -3.33556 9
    endloop
  endfacet
  facet normal 0.995185 -0.0980119 0
    outer loop
      vertex 50.8908 -3.33556 3.1
      vertex 50.5637 -6.65684 9
      vertex 50.5637 -6.65684 3.1
    endloop
  endfacet
  facet normal -0.849196 0.528077 0
    outer loop
      vertex -44.1673 25.5 0
      vertex -42.4049 28.3341 9
      vertex -42.4049 28.3341 0
    endloop
  endfacet
  facet normal -0.849196 0.528077 0
    outer loop
      vertex -42.4049 28.3341 9
      vertex -44.1673 25.5 0
      vertex -44.1673 25.5 9
    endloop
  endfacet
  facet normal -0.956938 0.290293 0
    outer loop
      vertex -49.2622 13.1998 0
      vertex -48.2934 16.3934 9
      vertex -48.2934 16.3934 0
    endloop
  endfacet
  facet normal -0.956938 0.290293 0
    outer loop
      vertex -48.2934 16.3934 9
      vertex -49.2622 13.1998 0
      vertex -49.2622 13.1998 9
    endloop
  endfacet
  facet normal -0.227094 -0.973873 0
    outer loop
      vertex -13.1998 -49.2622 0
      vertex -9.94961 -50.0201 9
      vertex -13.1998 -49.2622 9
    endloop
  endfacet
  facet normal -0.227094 -0.973873 -0
    outer loop
      vertex -9.94961 -50.0201 9
      vertex -13.1998 -49.2622 0
      vertex -9.94961 -50.0201 0
    endloop
  endfacet
  facet normal 0.812846 -0.582479 0
    outer loop
      vertex 40.461 -31.0468 9
      vertex 42.4049 -28.3341 0
      vertex 42.4049 -28.3341 9
    endloop
  endfacet
  facet normal 0.812846 -0.582479 0
    outer loop
      vertex 42.4049 -28.3341 0
      vertex 40.461 -31.0468 9
      vertex 40.461 -31.0468 0
    endloop
  endfacet
  facet normal 0.849196 0.528077 0
    outer loop
      vertex 44.1673 25.5 9
      vertex 42.4049 28.3341 0
      vertex 42.4049 28.3341 9
    endloop
  endfacet
  facet normal 0.849196 0.528077 0
    outer loop
      vertex 42.4049 28.3341 0
      vertex 44.1673 25.5 9
      vertex 44.1673 25.5 0
    endloop
  endfacet
  facet normal 0.634396 0.773009 -0
    outer loop
      vertex 33.6266 38.3438 0
      vertex 31.0468 40.461 9
      vertex 33.6266 38.3438 9
    endloop
  endfacet
  facet normal 0.634396 0.773009 0
    outer loop
      vertex 31.0468 40.461 9
      vertex 33.6266 38.3438 0
      vertex 31.0468 40.461 0
    endloop
  endfacet
  facet normal 0.935916 -0.352223 0
    outer loop
      vertex 47.1179 -19.5169 9
      vertex 48.2934 -16.3934 0
      vertex 48.2934 -16.3934 9
    endloop
  endfacet
  facet normal 0.935916 -0.352223 0
    outer loop
      vertex 48.2934 -16.3934 0
      vertex 47.1179 -19.5169 9
      vertex 47.1179 -19.5169 0
    endloop
  endfacet
  facet normal -0.634396 -0.773009 0
    outer loop
      vertex -33.6266 -38.3438 0
      vertex -31.0468 -40.461 9
      vertex -33.6266 -38.3438 9
    endloop
  endfacet
  facet normal -0.634396 -0.773009 -0
    outer loop
      vertex -31.0468 -40.461 9
      vertex -33.6266 -38.3438 0
      vertex -31.0468 -40.461 0
    endloop
  endfacet
  facet normal -0.290293 -0.956938 0
    outer loop
      vertex -16.3934 -48.2934 0
      vertex -13.1998 -49.2622 9
      vertex -16.3934 -48.2934 9
    endloop
  endfacet
  facet normal -0.290293 -0.956938 -0
    outer loop
      vertex -13.1998 -49.2622 9
      vertex -16.3934 -48.2934 0
      vertex -13.1998 -49.2622 0
    endloop
  endfacet
  facet normal -0.528077 -0.849196 0
    outer loop
      vertex -28.3341 -42.4049 0
      vertex -25.5 -44.1673 9
      vertex -28.3341 -42.4049 9
    endloop
  endfacet
  facet normal -0.528077 -0.849196 -0
    outer loop
      vertex -25.5 -44.1673 9
      vertex -28.3341 -42.4049 0
      vertex -25.5 -44.1673 0
    endloop
  endfacet
  facet normal 0.582479 0.812846 -0
    outer loop
      vertex 31.0468 40.461 0
      vertex 28.3341 42.4049 9
      vertex 31.0468 40.461 9
    endloop
  endfacet
  facet normal 0.582479 0.812846 0
    outer loop
      vertex 28.3341 42.4049 9
      vertex 31.0468 40.461 0
      vertex 28.3341 42.4049 0
    endloop
  endfacet
  facet normal -0.881925 -0.471391 0
    outer loop
      vertex -44.1673 -25.5 0
      vertex -45.7405 -22.5567 9
      vertex -45.7405 -22.5567 0
    endloop
  endfacet
  facet normal -0.881925 -0.471391 0
    outer loop
      vertex -45.7405 -22.5567 9
      vertex -44.1673 -25.5 0
      vertex -44.1673 -25.5 9
    endloop
  endfacet
  facet normal -0.849196 -0.528077 0
    outer loop
      vertex -42.4049 -28.3341 0
      vertex -44.1673 -25.5 9
      vertex -44.1673 -25.5 0
    endloop
  endfacet
  facet normal -0.849196 -0.528077 0
    outer loop
      vertex -44.1673 -25.5 9
      vertex -42.4049 -28.3341 0
      vertex -42.4049 -28.3341 9
    endloop
  endfacet
  facet normal -0.973873 -0.227094 0
    outer loop
      vertex -49.2622 -13.1998 0
      vertex -50.0201 -9.94961 9
      vertex -50.0201 -9.94961 0
    endloop
  endfacet
  facet normal -0.973873 -0.227094 0
    outer loop
      vertex -50.0201 -9.94961 9
      vertex -49.2622 -13.1998 0
      vertex -49.2622 -13.1998 9
    endloop
  endfacet
  facet normal -0.352223 -0.935916 0
    outer loop
      vertex -19.5169 -47.1179 0
      vertex -16.3934 -48.2934 9
      vertex -19.5169 -47.1179 9
    endloop
  endfacet
  facet normal -0.352223 -0.935916 -0
    outer loop
      vertex -16.3934 -48.2934 9
      vertex -19.5169 -47.1179 0
      vertex -16.3934 -48.2934 0
    endloop
  endfacet
  facet normal -0.881925 0.471391 0
    outer loop
      vertex -45.7405 22.5567 0
      vertex -44.1673 25.5 9
      vertex -44.1673 25.5 0
    endloop
  endfacet
  facet normal -0.881925 0.471391 0
    outer loop
      vertex -44.1673 25.5 9
      vertex -45.7405 22.5567 0
      vertex -45.7405 22.5567 9
    endloop
  endfacet
  facet normal -0.995185 0.0980119 0
    outer loop
      vertex -50.8908 3.33556 0
      vertex -50.5637 6.65684 9
      vertex -50.5637 6.65684 0
    endloop
  endfacet
  facet normal -0.995185 0.0980119 0
    outer loop
      vertex -50.5637 6.65684 9
      vertex -50.8908 3.33556 0
      vertex -50.8908 3.33556 9
    endloop
  endfacet
  facet normal -0.986645 0.162884 0
    outer loop
      vertex -50.5637 6.65684 0
      vertex -50.0201 9.94961 9
      vertex -50.0201 9.94961 0
    endloop
  endfacet
  facet normal -0.986645 0.162884 0
    outer loop
      vertex -50.0201 9.94961 9
      vertex -50.5637 6.65684 0
      vertex -50.5637 6.65684 9
    endloop
  endfacet
  facet normal -0.0327206 0.999465 0
    outer loop
      vertex 0 51 3
      vertex -3.33556 50.8908 9
      vertex 0 51 9
    endloop
  endfacet
  facet normal -0.0327206 0.999465 0
    outer loop
      vertex -3.33556 50.8908 9
      vertex 0 51 3
      vertex -3.33556 50.8908 3
    endloop
  endfacet
  facet normal 0.683596 -0.72986 0
    outer loop
      vertex 33.6266 -38.3438 0
      vertex 36.0624 -36.0624 9
      vertex 33.6266 -38.3438 9
    endloop
  endfacet
  facet normal 0.683596 -0.72986 0
    outer loop
      vertex 36.0624 -36.0624 9
      vertex 33.6266 -38.3438 0
      vertex 36.0624 -36.0624 0
    endloop
  endfacet
  facet normal -0.973873 0.227094 0
    outer loop
      vertex -50.0201 9.94961 0
      vertex -49.2622 13.1998 9
      vertex -49.2622 13.1998 0
    endloop
  endfacet
  facet normal -0.973873 0.227094 0
    outer loop
      vertex -49.2622 13.1998 9
      vertex -50.0201 9.94961 0
      vertex -50.0201 9.94961 9
    endloop
  endfacet
  facet normal -0.999465 -0.0327206 0
    outer loop
      vertex -50.8908 -3.33556 0
      vertex -51 0 9
      vertex -51 0 0
    endloop
  endfacet
  facet normal -0.999465 -0.0327206 0
    outer loop
      vertex -51 0 9
      vertex -50.8908 -3.33556 0
      vertex -50.8908 -3.33556 9
    endloop
  endfacet
  facet normal -0.683596 -0.72986 0
    outer loop
      vertex -36.0624 -36.0624 0
      vertex -33.6266 -38.3438 9
      vertex -36.0624 -36.0624 9
    endloop
  endfacet
  facet normal -0.683596 -0.72986 -0
    outer loop
      vertex -33.6266 -38.3438 9
      vertex -36.0624 -36.0624 0
      vertex -33.6266 -38.3438 0
    endloop
  endfacet
  facet normal -0.162884 -0.986645 0
    outer loop
      vertex -9.94961 -50.0201 0
      vertex -6.65684 -50.5637 9
      vertex -9.94961 -50.0201 9
    endloop
  endfacet
  facet normal -0.162884 -0.986645 -0
    outer loop
      vertex -6.65684 -50.5637 9
      vertex -9.94961 -50.0201 0
      vertex -6.65684 -50.5637 0
    endloop
  endfacet
  facet normal 0.999465 -0.0327206 0
    outer loop
      vertex 50.8908 -3.33556 9
      vertex 51 0 3.1
      vertex 51 0 9
    endloop
  endfacet
  facet normal 0.999465 -0.0327206 0
    outer loop
      vertex 51 0 3.1
      vertex 50.8908 -3.33556 9
      vertex 50.8908 -3.33556 3.1
    endloop
  endfacet
  facet normal 0.956938 -0.290293 0
    outer loop
      vertex 48.2934 -16.3934 9
      vertex 49.2622 -13.1998 0
      vertex 49.2622 -13.1998 9
    endloop
  endfacet
  facet normal 0.956938 -0.290293 0
    outer loop
      vertex 49.2622 -13.1998 0
      vertex 48.2934 -16.3934 9
      vertex 48.2934 -16.3934 0
    endloop
  endfacet
  facet normal -0.412728 0.910854 0
    outer loop
      vertex -19.5169 47.1179 0
      vertex -22.5567 45.7405 9
      vertex -19.5169 47.1179 9
    endloop
  endfacet
  facet normal -0.412728 0.910854 0
    outer loop
      vertex -22.5567 45.7405 9
      vertex -19.5169 47.1179 0
      vertex -22.5567 45.7405 0
    endloop
  endfacet
  facet normal -0.634396 0.773009 0
    outer loop
      vertex -31.0468 40.461 0
      vertex -33.6266 38.3438 9
      vertex -31.0468 40.461 9
    endloop
  endfacet
  facet normal -0.634396 0.773009 0
    outer loop
      vertex -33.6266 38.3438 9
      vertex -31.0468 40.461 0
      vertex -33.6266 38.3438 0
    endloop
  endfacet
  facet normal -0.412728 -0.910854 0
    outer loop
      vertex -22.5567 -45.7405 0
      vertex -19.5169 -47.1179 9
      vertex -22.5567 -45.7405 9
    endloop
  endfacet
  facet normal -0.412728 -0.910854 -0
    outer loop
      vertex -19.5169 -47.1179 9
      vertex -22.5567 -45.7405 0
      vertex -19.5169 -47.1179 0
    endloop
  endfacet
  facet normal 0.227094 0.973873 -0
    outer loop
      vertex 13.1998 49.2622 0
      vertex 9.94961 50.0201 9
      vertex 13.1998 49.2622 9
    endloop
  endfacet
  facet normal 0.227094 0.973873 0
    outer loop
      vertex 9.94961 50.0201 9
      vertex 13.1998 49.2622 0
      vertex 9.94961 50.0201 0
    endloop
  endfacet
  facet normal 0 0 1
    outer loop
      vertex 49.5 0 9
      vertex 51 0 9
      vertex 50.8908 3.33556 9
    endloop
  endfacet
  facet normal 0 0 1
    outer loop
      vertex 49.394 3.23745 9
      vertex 50.8908 3.33556 9
      vertex 50.5637 6.65684 9
    endloop
  endfacet
  facet normal 0 0 1
    outer loop
      vertex 51 0 9
      vertex 49.5 0 9
      vertex 50.8908 -3.33556 9
    endloop
  endfacet
  facet normal 0 0 1
    outer loop
      vertex 49.0765 6.46105 9
      vertex 50.5637 6.65684 9
      vertex 50.0201 9.94961 9
    endloop
  endfacet
  facet normal -0 0 1
    outer loop
      vertex 49.394 -3.23745 9
      vertex 50.8908 -3.33556 9
      vertex 49.5 0 9
    endloop
  endfacet
  facet normal 0 0 1
    outer loop
      vertex 50.8908 -3.33556 9
      vertex 49.394 -3.23745 9
      vertex 50.5637 -6.65684 9
    endloop
  endfacet
  facet normal 0 0 1
    outer loop
      vertex 50.8908 3.33556 9
      vertex 49.394 3.23745 9
      vertex 49.5 0 9
    endloop
  endfacet
  facet normal 0 0 1
    outer loop
      vertex 48.5489 9.65697 9
      vertex 50.0201 9.94961 9
      vertex 49.2622 13.1998 9
    endloop
  endfacet
  facet normal 0 0 1
    outer loop
      vertex 50.5637 6.65684 9
      vertex 49.0765 6.46105 9
      vertex 49.394 3.23745 9
    endloop
  endfacet
  facet normal 0 0 1
    outer loop
      vertex 50.0201 9.94961 9
      vertex 48.5489 9.65697 9
      vertex 49.0765 6.46105 9
    endloop
  endfacet
  facet normal 0 0 1
    outer loop
      vertex 47.8133 12.8115 9
      vertex 49.2622 13.1998 9
      vertex 48.2934 16.3934 9
    endloop
  endfacet
  facet normal 0 0 1
    outer loop
      vertex 49.2622 13.1998 9
      vertex 47.8133 12.8115 9
      vertex 48.5489 9.65697 9
    endloop
  endfacet
  facet normal 0 0 1
    outer loop
      vertex 46.873 15.9113 9
      vertex 48.2934 16.3934 9
      vertex 47.1179 19.5169 9
    endloop
  endfacet
  facet normal 0 0 1
    outer loop
      vertex 48.2934 16.3934 9
      vertex 46.873 15.9113 9
      vertex 47.8133 12.8115 9
    endloop
  endfacet
  facet normal 0 0 1
    outer loop
      vertex 45.732 18.9428 9
      vertex 47.1179 19.5169 9
      vertex 45.7405 22.5567 9
    endloop
  endfacet
  facet normal 0 0 1
    outer loop
      vertex 47.1179 19.5169 9
      vertex 45.732 18.9428 9
      vertex 46.873 15.9113 9
    endloop
  endfacet
  facet normal 0 0 1
    outer loop
      vertex 45.7405 22.5567 9
      vertex 44.3952 21.8933 9
      vertex 45.732 18.9428 9
    endloop
  endfacet
  facet normal 0 0 1
    outer loop
      vertex 44.1673 25.5 9
      vertex 44.3952 21.8933 9
      vertex 45.7405 22.5567 9
    endloop
  endfacet
  facet normal 0 0 1
    outer loop
      vertex 44.1673 25.5 9
      vertex 42.8683 24.75 9
      vertex 44.3952 21.8933 9
    endloop
  endfacet
  facet normal 0 0 1
    outer loop
      vertex 42.4049 28.3341 9
      vertex 42.8683 24.75 9
      vertex 44.1673 25.5 9
    endloop
  endfacet
  facet normal 0 0 1
    outer loop
      vertex 42.4049 28.3341 9
      vertex 41.1577 27.5007 9
      vertex 42.8683 24.75 9
    endloop
  endfacet
  facet normal 0 0 1
    outer loop
      vertex 40.461 31.0468 9
      vertex 41.1577 27.5007 9
      vertex 42.4049 28.3341 9
    endloop
  endfacet
  facet normal 0 0 1
    outer loop
      vertex 40.461 31.0468 9
      vertex 39.271 30.1337 9
      vertex 41.1577 27.5007 9
    endloop
  endfacet
  facet normal 0 0 1
    outer loop
      vertex 38.3438 33.6266 9
      vertex 39.271 30.1337 9
      vertex 40.461 31.0468 9
    endloop
  endfacet
  facet normal 0 0 1
    outer loop
      vertex 38.3438 33.6266 9
      vertex 37.2161 32.6376 9
      vertex 39.271 30.1337 9
    endloop
  endfacet
  facet normal 0 0 1
    outer loop
      vertex 36.0624 36.0624 9
      vertex 37.2161 32.6376 9
      vertex 38.3438 33.6266 9
    endloop
  endfacet
  facet normal 0 0 1
    outer loop
      vertex 36.0624 36.0624 9
      vertex 35.0018 35.0018 9
      vertex 37.2161 32.6376 9
    endloop
  endfacet
  facet normal 0 0 1
    outer loop
      vertex 33.6266 38.3438 9
      vertex 35.0018 35.0018 9
      vertex 36.0624 36.0624 9
    endloop
  endfacet
  facet normal 0 0 1
    outer loop
      vertex 33.6266 38.3438 9
      vertex 32.6376 37.2161 9
      vertex 35.0018 35.0018 9
    endloop
  endfacet
  facet normal 0 0 1
    outer loop
      vertex 31.0468 40.461 9
      vertex 32.6376 37.2161 9
      vertex 33.6266 38.3438 9
    endloop
  endfacet
  facet normal 0 0 1
    outer loop
      vertex 31.0468 40.461 9
      vertex 30.1337 39.271 9
      vertex 32.6376 37.2161 9
    endloop
  endfacet
  facet normal 0 0 1
    outer loop
      vertex 28.3341 42.4049 9
      vertex 30.1337 39.271 9
      vertex 31.0468 40.461 9
    endloop
  endfacet
  facet normal 0 0 1
    outer loop
      vertex 28.3341 42.4049 9
      vertex 27.5007 41.1577 9
      vertex 30.1337 39.271 9
    endloop
  endfacet
  facet normal 0 0 1
    outer loop
      vertex 25.5 44.1673 9
      vertex 27.5007 41.1577 9
      vertex 28.3341 42.4049 9
    endloop
  endfacet
  facet normal 0 0 1
    outer loop
      vertex 25.5 44.1673 9
      vertex 24.75 42.8683 9
      vertex 27.5007 41.1577 9
    endloop
  endfacet
  facet normal 0 0 1
    outer loop
      vertex 22.5567 45.7405 9
      vertex 24.75 42.8683 9
      vertex 25.5 44.1673 9
    endloop
  endfacet
  facet normal 0 0 1
    outer loop
      vertex 22.5567 45.7405 9
      vertex 21.8933 44.3952 9
      vertex 24.75 42.8683 9
    endloop
  endfacet
  facet normal 0 0 1
    outer loop
      vertex 19.5169 47.1179 9
      vertex 21.8933 44.3952 9
      vertex 22.5567 45.7405 9
    endloop
  endfacet
  facet normal 0 0 1
    outer loop
      vertex 19.5169 47.1179 9
      vertex 18.9428 45.732 9
      vertex 21.8933 44.3952 9
    endloop
  endfacet
  facet normal 0 0 1
    outer loop
      vertex 16.3934 48.2934 9
      vertex 18.9428 45.732 9
      vertex 19.5169 47.1179 9
    endloop
  endfacet
  facet normal 0 0 1
    outer loop
      vertex 16.3934 48.2934 9
      vertex 15.9113 46.873 9
      vertex 18.9428 45.732 9
    endloop
  endfacet
  facet normal 0 0 1
    outer loop
      vertex 13.1998 49.2622 9
      vertex 15.9113 46.873 9
      vertex 16.3934 48.2934 9
    endloop
  endfacet
  facet normal 0 0 1
    outer loop
      vertex 13.1998 49.2622 9
      vertex 12.8115 47.8133 9
      vertex 15.9113 46.873 9
    endloop
  endfacet
  facet normal 0 0 1
    outer loop
      vertex 9.94961 50.0201 9
      vertex 12.8115 47.8133 9
      vertex 13.1998 49.2622 9
    endloop
  endfacet
  facet normal 0 0 1
    outer loop
      vertex 9.94961 50.0201 9
      vertex 9.65697 48.5489 9
      vertex 12.8115 47.8133 9
    endloop
  endfacet
  facet normal 0 0 1
    outer loop
      vertex 6.65684 50.5637 9
      vertex 9.65697 48.5489 9
      vertex 9.94961 50.0201 9
    endloop
  endfacet
  facet normal 0 0 1
    outer loop
      vertex 6.65684 50.5637 9
      vertex 6.46105 49.0765 9
      vertex 9.65697 48.5489 9
    endloop
  endfacet
  facet normal 0 0 1
    outer loop
      vertex 3.33556 50.8908 9
      vertex 6.46105 49.0765 9
      vertex 6.65684 50.5637 9
    endloop
  endfacet
  facet normal 0 0 1
    outer loop
      vertex 3.33556 50.8908 9
      vertex 3.23745 49.394 9
      vertex 6.46105 49.0765 9
    endloop
  endfacet
  facet normal 0 0 1
    outer loop
      vertex 0 51 9
      vertex 3.23745 49.394 9
      vertex 3.33556 50.8908 9
    endloop
  endfacet
  facet normal 0 0 1
    outer loop
      vertex 0 51 9
      vertex 0 49.5 9
      vertex 3.23745 49.394 9
    endloop
  endfacet
  facet normal 0 0 1
    outer loop
      vertex 0 51 9
      vertex -3.23745 49.394 9
      vertex 0 49.5 9
    endloop
  endfacet
  facet normal -0 0 1
    outer loop
      vertex -3.33556 50.8908 9
      vertex -3.23745 49.394 9
      vertex 0 51 9
    endloop
  endfacet
  facet normal 0 0 1
    outer loop
      vertex -3.33556 50.8908 9
      vertex -6.46105 49.0765 9
      vertex -3.23745 49.394 9
    endloop
  endfacet
  facet normal -0 0 1
    outer loop
      vertex -6.65684 50.5637 9
      vertex -6.46105 49.0765 9
      vertex -3.33556 50.8908 9
    endloop
  endfacet
  facet normal 0 0 1
    outer loop
      vertex -6.65684 50.5637 9
      vertex -9.65697 48.5489 9
      vertex -6.46105 49.0765 9
    endloop
  endfacet
  facet normal -0 0 1
    outer loop
      vertex -9.94961 50.0201 9
      vertex -9.65697 48.5489 9
      vertex -6.65684 50.5637 9
    endloop
  endfacet
  facet normal 0 0 1
    outer loop
      vertex -9.94961 50.0201 9
      vertex -12.8115 47.8133 9
      vertex -9.65697 48.5489 9
    endloop
  endfacet
  facet normal -0 0 1
    outer loop
      vertex -13.1998 49.2622 9
      vertex -12.8115 47.8133 9
      vertex -9.94961 50.0201 9
    endloop
  endfacet
  facet normal 0 0 1
    outer loop
      vertex -13.1998 49.2622 9
      vertex -15.9113 46.873 9
      vertex -12.8115 47.8133 9
    endloop
  endfacet
  facet normal -0 0 1
    outer loop
      vertex -16.3934 48.2934 9
      vertex -15.9113 46.873 9
      vertex -13.1998 49.2622 9
    endloop
  endfacet
  facet normal 0 0 1
    outer loop
      vertex -16.3934 48.2934 9
      vertex -18.9428 45.732 9
      vertex -15.9113 46.873 9
    endloop
  endfacet
  facet normal -0 0 1
    outer loop
      vertex -19.5169 47.1179 9
      vertex -18.9428 45.732 9
      vertex -16.3934 48.2934 9
    endloop
  endfacet
  facet normal 0 0 1
    outer loop
      vertex -19.5169 47.1179 9
      vertex -21.8933 44.3952 9
      vertex -18.9428 45.732 9
    endloop
  endfacet
  facet normal -0 0 1
    outer loop
      vertex -22.5567 45.7405 9
      vertex -21.8933 44.3952 9
      vertex -19.5169 47.1179 9
    endloop
  endfacet
  facet normal 0 0 1
    outer loop
      vertex -22.5567 45.7405 9
      vertex -24.75 42.8683 9
      vertex -21.8933 44.3952 9
    endloop
  endfacet
  facet normal -0 0 1
    outer loop
      vertex -25.5 44.1673 9
      vertex -24.75 42.8683 9
      vertex -22.5567 45.7405 9
    endloop
  endfacet
  facet normal 0 0 1
    outer loop
      vertex -25.5 44.1673 9
      vertex -27.5007 41.1577 9
      vertex -24.75 42.8683 9
    endloop
  endfacet
  facet normal -0 0 1
    outer loop
      vertex -28.3341 42.4049 9
      vertex -27.5007 41.1577 9
      vertex -25.5 44.1673 9
    endloop
  endfacet
  facet normal 0 0 1
    outer loop
      vertex -28.3341 42.4049 9
      vertex -30.1337 39.271 9
      vertex -27.5007 41.1577 9
    endloop
  endfacet
  facet normal -0 0 1
    outer loop
      vertex -31.0468 40.461 9
      vertex -30.1337 39.271 9
      vertex -28.3341 42.4049 9
    endloop
  endfacet
  facet normal 0 0 1
    outer loop
      vertex -31.0468 40.461 9
      vertex -32.6376 37.2161 9
      vertex -30.1337 39.271 9
    endloop
  endfacet
  facet normal -0 0 1
    outer loop
      vertex -33.6266 38.3438 9
      vertex -32.6376 37.2161 9
      vertex -31.0468 40.461 9
    endloop
  endfacet
  facet normal 0 0 1
    outer loop
      vertex -33.6266 38.3438 9
      vertex -35.0018 35.0018 9
      vertex -32.6376 37.2161 9
    endloop
  endfacet
  facet normal -0 0 1
    outer loop
      vertex -36.0624 36.0624 9
      vertex -35.0018 35.0018 9
      vertex -33.6266 38.3438 9
    endloop
  endfacet
  facet normal 0 0 1
    outer loop
      vertex -36.0624 36.0624 9
      vertex -37.2161 32.6376 9
      vertex -35.0018 35.0018 9
    endloop
  endfacet
  facet normal -0 0 1
    outer loop
      vertex -38.3438 33.6266 9
      vertex -37.2161 32.6376 9
      vertex -36.0624 36.0624 9
    endloop
  endfacet
  facet normal 0 0 1
    outer loop
      vertex -38.3438 33.6266 9
      vertex -39.271 30.1337 9
      vertex -37.2161 32.6376 9
    endloop
  endfacet
  facet normal -0 0 1
    outer loop
      vertex -40.461 31.0468 9
      vertex -39.271 30.1337 9
      vertex -38.3438 33.6266 9
    endloop
  endfacet
  facet normal 0 0 1
    outer loop
      vertex -40.461 31.0468 9
      vertex -41.1577 27.5007 9
      vertex -39.271 30.1337 9
    endloop
  endfacet
  facet normal -0 0 1
    outer loop
      vertex -42.4049 28.3341 9
      vertex -41.1577 27.5007 9
      vertex -40.461 31.0468 9
    endloop
  endfacet
  facet normal 0 0 1
    outer loop
      vertex -42.4049 28.3341 9
      vertex -42.8683 24.75 9
      vertex -41.1577 27.5007 9
    endloop
  endfacet
  facet normal -0 0 1
    outer loop
      vertex -44.1673 25.5 9
      vertex -42.8683 24.75 9
      vertex -42.4049 28.3341 9
    endloop
  endfacet
  facet normal 0 0 1
    outer loop
      vertex -44.1673 25.5 9
      vertex -44.3952 21.8933 9
      vertex -42.8683 24.75 9
    endloop
  endfacet
  facet normal -0 0 1
    outer loop
      vertex -45.7405 22.5567 9
      vertex -44.3952 21.8933 9
      vertex -44.1673 25.5 9
    endloop
  endfacet
  facet normal 0 0 1
    outer loop
      vertex -44.3952 21.8933 9
      vertex -45.7405 22.5567 9
      vertex -45.732 18.9428 9
    endloop
  endfacet
  facet normal -0 0 1
    outer loop
      vertex -47.1179 19.5169 9
      vertex -45.732 18.9428 9
      vertex -45.7405 22.5567 9
    endloop
  endfacet
  facet normal 0 0 1
    outer loop
      vertex -45.732 18.9428 9
      vertex -47.1179 19.5169 9
      vertex -46.873 15.9113 9
    endloop
  endfacet
  facet normal -0 0 1
    outer loop
      vertex -48.2934 16.3934 9
      vertex -46.873 15.9113 9
      vertex -47.1179 19.5169 9
    endloop
  endfacet
  facet normal 0 0 1
    outer loop
      vertex -46.873 15.9113 9
      vertex -48.2934 16.3934 9
      vertex -47.8133 12.8115 9
    endloop
  endfacet
  facet normal -0 0 1
    outer loop
      vertex -49.2622 13.1998 9
      vertex -47.8133 12.8115 9
      vertex -48.2934 16.3934 9
    endloop
  endfacet
  facet normal 0 0 1
    outer loop
      vertex -47.8133 12.8115 9
      vertex -49.2622 13.1998 9
      vertex -48.5489 9.65697 9
    endloop
  endfacet
  facet normal -0 0 1
    outer loop
      vertex -50.0201 9.94961 9
      vertex -48.5489 9.65697 9
      vertex -49.2622 13.1998 9
    endloop
  endfacet
  facet normal 0 0 1
    outer loop
      vertex -48.5489 9.65697 9
      vertex -50.0201 9.94961 9
      vertex -49.0765 6.46105 9
    endloop
  endfacet
  facet normal -0 0 1
    outer loop
      vertex -50.5637 6.65684 9
      vertex -49.0765 6.46105 9
      vertex -50.0201 9.94961 9
    endloop
  endfacet
  facet normal 0 0 1
    outer loop
      vertex -49.0765 6.46105 9
      vertex -50.5637 6.65684 9
      vertex -49.394 3.23745 9
    endloop
  endfacet
  facet normal -0 0 1
    outer loop
      vertex 49.0765 -6.46105 9
      vertex 50.5637 -6.65684 9
      vertex 49.394 -3.23745 9
    endloop
  endfacet
  facet normal 0 0 1
    outer loop
      vertex 50.5637 -6.65684 9
      vertex 49.0765 -6.46105 9
      vertex 50.0201 -9.94961 9
    endloop
  endfacet
  facet normal -0 0 1
    outer loop
      vertex 48.5489 -9.65697 9
      vertex 50.0201 -9.94961 9
      vertex 49.0765 -6.46105 9
    endloop
  endfacet
  facet normal 0 0 1
    outer loop
      vertex 50.0201 -9.94961 9
      vertex 48.5489 -9.65697 9
      vertex 49.2622 -13.1998 9
    endloop
  endfacet
  facet normal -0 0 1
    outer loop
      vertex 47.8133 -12.8115 9
      vertex 49.2622 -13.1998 9
      vertex 48.5489 -9.65697 9
    endloop
  endfacet
  facet normal 0 0 1
    outer loop
      vertex 49.2622 -13.1998 9
      vertex 47.8133 -12.8115 9
      vertex 48.2934 -16.3934 9
    endloop
  endfacet
  facet normal -0 0 1
    outer loop
      vertex 46.873 -15.9113 9
      vertex 48.2934 -16.3934 9
      vertex 47.8133 -12.8115 9
    endloop
  endfacet
  facet normal 0 0 1
    outer loop
      vertex 48.2934 -16.3934 9
      vertex 46.873 -15.9113 9
      vertex 47.1179 -19.5169 9
    endloop
  endfacet
  facet normal -0 0 1
    outer loop
      vertex 45.732 -18.9428 9
      vertex 47.1179 -19.5169 9
      vertex 46.873 -15.9113 9
    endloop
  endfacet
  facet normal 0 0 1
    outer loop
      vertex 47.1179 -19.5169 9
      vertex 45.732 -18.9428 9
      vertex 45.7405 -22.5567 9
    endloop
  endfacet
  facet normal -0 0 1
    outer loop
      vertex 44.3952 -21.8933 9
      vertex 45.7405 -22.5567 9
      vertex 45.732 -18.9428 9
    endloop
  endfacet
  facet normal 0 0 1
    outer loop
      vertex 44.3952 -21.8933 9
      vertex 44.1673 -25.5 9
      vertex 45.7405 -22.5567 9
    endloop
  endfacet
  facet normal -0 0 1
    outer loop
      vertex 42.8683 -24.75 9
      vertex 44.1673 -25.5 9
      vertex 44.3952 -21.8933 9
    endloop
  endfacet
  facet normal 0 0 1
    outer loop
      vertex 42.8683 -24.75 9
      vertex 42.4049 -28.3341 9
      vertex 44.1673 -25.5 9
    endloop
  endfacet
  facet normal -0 0 1
    outer loop
      vertex 41.1577 -27.5007 9
      vertex 42.4049 -28.3341 9
      vertex 42.8683 -24.75 9
    endloop
  endfacet
  facet normal 0 0 1
    outer loop
      vertex 41.1577 -27.5007 9
      vertex 40.461 -31.0468 9
      vertex 42.4049 -28.3341 9
    endloop
  endfacet
  facet normal -0 0 1
    outer loop
      vertex 39.271 -30.1337 9
      vertex 40.461 -31.0468 9
      vertex 41.1577 -27.5007 9
    endloop
  endfacet
  facet normal 0 0 1
    outer loop
      vertex 39.271 -30.1337 9
      vertex 38.3438 -33.6266 9
      vertex 40.461 -31.0468 9
    endloop
  endfacet
  facet normal -0 0 1
    outer loop
      vertex 37.2161 -32.6376 9
      vertex 38.3438 -33.6266 9
      vertex 39.271 -30.1337 9
    endloop
  endfacet
  facet normal 0 0 1
    outer loop
      vertex 37.2161 -32.6376 9
      vertex 36.0624 -36.0624 9
      vertex 38.3438 -33.6266 9
    endloop
  endfacet
  facet normal -0 0 1
    outer loop
      vertex 35.0018 -35.0018 9
      vertex 36.0624 -36.0624 9
      vertex 37.2161 -32.6376 9
    endloop
  endfacet
  facet normal 0 0 1
    outer loop
      vertex 35.0018 -35.0018 9
      vertex 33.6266 -38.3438 9
      vertex 36.0624 -36.0624 9
    endloop
  endfacet
  facet normal -0 0 1
    outer loop
      vertex 32.6376 -37.2161 9
      vertex 33.6266 -38.3438 9
      vertex 35.0018 -35.0018 9
    endloop
  endfacet
  facet normal 0 0 1
    outer loop
      vertex 32.6376 -37.2161 9
      vertex 31.0468 -40.461 9
      vertex 33.6266 -38.3438 9
    endloop
  endfacet
  facet normal -0 0 1
    outer loop
      vertex 30.1337 -39.271 9
      vertex 31.0468 -40.461 9
      vertex 32.6376 -37.2161 9
    endloop
  endfacet
  facet normal 0 0 1
    outer loop
      vertex 30.1337 -39.271 9
      vertex 28.3341 -42.4049 9
      vertex 31.0468 -40.461 9
    endloop
  endfacet
  facet normal -0 0 1
    outer loop
      vertex 27.5007 -41.1577 9
      vertex 28.3341 -42.4049 9
      vertex 30.1337 -39.271 9
    endloop
  endfacet
  facet normal 0 0 1
    outer loop
      vertex 27.5007 -41.1577 9
      vertex 25.5 -44.1673 9
      vertex 28.3341 -42.4049 9
    endloop
  endfacet
  facet normal -0 0 1
    outer loop
      vertex 24.75 -42.8683 9
      vertex 25.5 -44.1673 9
      vertex 27.5007 -41.1577 9
    endloop
  endfacet
  facet normal 0 0 1
    outer loop
      vertex 24.75 -42.8683 9
      vertex 22.5567 -45.7405 9
      vertex 25.5 -44.1673 9
    endloop
  endfacet
  facet normal -0 0 1
    outer loop
      vertex 21.8933 -44.3952 9
      vertex 22.5567 -45.7405 9
      vertex 24.75 -42.8683 9
    endloop
  endfacet
  facet normal 0 0 1
    outer loop
      vertex 21.8933 -44.3952 9
      vertex 19.5169 -47.1179 9
      vertex 22.5567 -45.7405 9
    endloop
  endfacet
  facet normal -0 0 1
    outer loop
      vertex 18.9428 -45.732 9
      vertex 19.5169 -47.1179 9
      vertex 21.8933 -44.3952 9
    endloop
  endfacet
  facet normal 0 0 1
    outer loop
      vertex 18.9428 -45.732 9
      vertex 16.3934 -48.2934 9
      vertex 19.5169 -47.1179 9
    endloop
  endfacet
  facet normal -0 0 1
    outer loop
      vertex 15.9113 -46.873 9
      vertex 16.3934 -48.2934 9
      vertex 18.9428 -45.732 9
    endloop
  endfacet
  facet normal 0 0 1
    outer loop
      vertex 15.9113 -46.873 9
      vertex 13.1998 -49.2622 9
      vertex 16.3934 -48.2934 9
    endloop
  endfacet
  facet normal -0 0 1
    outer loop
      vertex 12.8115 -47.8133 9
      vertex 13.1998 -49.2622 9
      vertex 15.9113 -46.873 9
    endloop
  endfacet
  facet normal 0 0 1
    outer loop
      vertex 12.8115 -47.8133 9
      vertex 9.94961 -50.0201 9
      vertex 13.1998 -49.2622 9
    endloop
  endfacet
  facet normal -0 0 1
    outer loop
      vertex 9.65697 -48.5489 9
      vertex 9.94961 -50.0201 9
      vertex 12.8115 -47.8133 9
    endloop
  endfacet
  facet normal 0 0 1
    outer loop
      vertex 9.65697 -48.5489 9
      vertex 6.65684 -50.5637 9
      vertex 9.94961 -50.0201 9
    endloop
  endfacet
  facet normal -0 0 1
    outer loop
      vertex 6.46105 -49.0765 9
      vertex 6.65684 -50.5637 9
      vertex 9.65697 -48.5489 9
    endloop
  endfacet
  facet normal 0 0 1
    outer loop
      vertex 6.46105 -49.0765 9
      vertex 3.33556 -50.8908 9
      vertex 6.65684 -50.5637 9
    endloop
  endfacet
  facet normal -0 0 1
    outer loop
      vertex 3.23745 -49.394 9
      vertex 3.33556 -50.8908 9
      vertex 6.46105 -49.0765 9
    endloop
  endfacet
  facet normal -0 0 1
    outer loop
      vertex 0 -49.5 9
      vertex 3.33556 -50.8908 9
      vertex 3.23745 -49.394 9
    endloop
  endfacet
  facet normal 0 0 1
    outer loop
      vertex 0 -49.5 9
      vertex 0 -51 9
      vertex 3.33556 -50.8908 9
    endloop
  endfacet
  facet normal 0 0 1
    outer loop
      vertex -3.23745 -49.394 9
      vertex 0 -51 9
      vertex 0 -49.5 9
    endloop
  endfacet
  facet normal 0 0 1
    outer loop
      vertex -3.23745 -49.394 9
      vertex -3.33556 -50.8908 9
      vertex 0 -51 9
    endloop
  endfacet
  facet normal 0 0 1
    outer loop
      vertex -6.46105 -49.0765 9
      vertex -3.33556 -50.8908 9
      vertex -3.23745 -49.394 9
    endloop
  endfacet
  facet normal 0 0 1
    outer loop
      vertex -6.46105 -49.0765 9
      vertex -6.65684 -50.5637 9
      vertex -3.33556 -50.8908 9
    endloop
  endfacet
  facet normal 0 0 1
    outer loop
      vertex -9.65697 -48.5489 9
      vertex -6.65684 -50.5637 9
      vertex -6.46105 -49.0765 9
    endloop
  endfacet
  facet normal 0 0 1
    outer loop
      vertex -9.65697 -48.5489 9
      vertex -9.94961 -50.0201 9
      vertex -6.65684 -50.5637 9
    endloop
  endfacet
  facet normal 0 0 1
    outer loop
      vertex -12.8115 -47.8133 9
      vertex -9.94961 -50.0201 9
      vertex -9.65697 -48.5489 9
    endloop
  endfacet
  facet normal 0 0 1
    outer loop
      vertex -12.8115 -47.8133 9
      vertex -13.1998 -49.2622 9
      vertex -9.94961 -50.0201 9
    endloop
  endfacet
  facet normal 0 0 1
    outer loop
      vertex -15.9113 -46.873 9
      vertex -13.1998 -49.2622 9
      vertex -12.8115 -47.8133 9
    endloop
  endfacet
  facet normal 0 0 1
    outer loop
      vertex -15.9113 -46.873 9
      vertex -16.3934 -48.2934 9
      vertex -13.1998 -49.2622 9
    endloop
  endfacet
  facet normal 0 0 1
    outer loop
      vertex -18.9428 -45.732 9
      vertex -16.3934 -48.2934 9
      vertex -15.9113 -46.873 9
    endloop
  endfacet
  facet normal 0 0 1
    outer loop
      vertex -18.9428 -45.732 9
      vertex -19.5169 -47.1179 9
      vertex -16.3934 -48.2934 9
    endloop
  endfacet
  facet normal 0 0 1
    outer loop
      vertex -21.8933 -44.3952 9
      vertex -19.5169 -47.1179 9
      vertex -18.9428 -45.732 9
    endloop
  endfacet
  facet normal 0 0 1
    outer loop
      vertex -21.8933 -44.3952 9
      vertex -22.5567 -45.7405 9
      vertex -19.5169 -47.1179 9
    endloop
  endfacet
  facet normal 0 0 1
    outer loop
      vertex -24.75 -42.8683 9
      vertex -22.5567 -45.7405 9
      vertex -21.8933 -44.3952 9
    endloop
  endfacet
  facet normal 0 0 1
    outer loop
      vertex -24.75 -42.8683 9
      vertex -25.5 -44.1673 9
      vertex -22.5567 -45.7405 9
    endloop
  endfacet
  facet normal 0 0 1
    outer loop
      vertex -27.5007 -41.1577 9
      vertex -25.5 -44.1673 9
      vertex -24.75 -42.8683 9
    endloop
  endfacet
  facet normal 0 0 1
    outer loop
      vertex -27.5007 -41.1577 9
      vertex -28.3341 -42.4049 9
      vertex -25.5 -44.1673 9
    endloop
  endfacet
  facet normal 0 0 1
    outer loop
      vertex -30.1337 -39.271 9
      vertex -28.3341 -42.4049 9
      vertex -27.5007 -41.1577 9
    endloop
  endfacet
  facet normal 0 0 1
    outer loop
      vertex -30.1337 -39.271 9
      vertex -31.0468 -40.461 9
      vertex -28.3341 -42.4049 9
    endloop
  endfacet
  facet normal 0 0 1
    outer loop
      vertex -32.6376 -37.2161 9
      vertex -31.0468 -40.461 9
      vertex -30.1337 -39.271 9
    endloop
  endfacet
  facet normal 0 0 1
    outer loop
      vertex -32.6376 -37.2161 9
      vertex -33.6266 -38.3438 9
      vertex -31.0468 -40.461 9
    endloop
  endfacet
  facet normal 0 0 1
    outer loop
      vertex -35.0018 -35.0018 9
      vertex -33.6266 -38.3438 9
      vertex -32.6376 -37.2161 9
    endloop
  endfacet
  facet normal 0 0 1
    outer loop
      vertex -35.0018 -35.0018 9
      vertex -36.0624 -36.0624 9
      vertex -33.6266 -38.3438 9
    endloop
  endfacet
  facet normal 0 0 1
    outer loop
      vertex -37.2161 -32.6376 9
      vertex -36.0624 -36.0624 9
      vertex -35.0018 -35.0018 9
    endloop
  endfacet
  facet normal 0 0 1
    outer loop
      vertex -37.2161 -32.6376 9
      vertex -38.3438 -33.6266 9
      vertex -36.0624 -36.0624 9
    endloop
  endfacet
  facet normal 0 0 1
    outer loop
      vertex -39.271 -30.1337 9
      vertex -38.3438 -33.6266 9
      vertex -37.2161 -32.6376 9
    endloop
  endfacet
  facet normal 0 0 1
    outer loop
      vertex -39.271 -30.1337 9
      vertex -40.461 -31.0468 9
      vertex -38.3438 -33.6266 9
    endloop
  endfacet
  facet normal 0 0 1
    outer loop
      vertex -41.1577 -27.5007 9
      vertex -40.461 -31.0468 9
      vertex -39.271 -30.1337 9
    endloop
  endfacet
  facet normal 0 0 1
    outer loop
      vertex -41.1577 -27.5007 9
      vertex -42.4049 -28.3341 9
      vertex -40.461 -31.0468 9
    endloop
  endfacet
  facet normal 0 0 1
    outer loop
      vertex -42.8683 -24.75 9
      vertex -42.4049 -28.3341 9
      vertex -41.1577 -27.5007 9
    endloop
  endfacet
  facet normal 0 0 1
    outer loop
      vertex -42.8683 -24.75 9
      vertex -44.1673 -25.5 9
      vertex -42.4049 -28.3341 9
    endloop
  endfacet
  facet normal 0 0 1
    outer loop
      vertex -44.3952 -21.8933 9
      vertex -44.1673 -25.5 9
      vertex -42.8683 -24.75 9
    endloop
  endfacet
  facet normal 0 0 1
    outer loop
      vertex -45.7405 -22.5567 9
      vertex -44.3952 -21.8933 9
      vertex -45.732 -18.9428 9
    endloop
  endfacet
  facet normal 0 0 1
    outer loop
      vertex -44.3952 -21.8933 9
      vertex -45.7405 -22.5567 9
      vertex -44.1673 -25.5 9
    endloop
  endfacet
  facet normal 0 0 1
    outer loop
      vertex -47.1179 -19.5169 9
      vertex -45.732 -18.9428 9
      vertex -46.873 -15.9113 9
    endloop
  endfacet
  facet normal 0 0 1
    outer loop
      vertex -45.732 -18.9428 9
      vertex -47.1179 -19.5169 9
      vertex -45.7405 -22.5567 9
    endloop
  endfacet
  facet normal 0 0 1
    outer loop
      vertex -48.2934 -16.3934 9
      vertex -46.873 -15.9113 9
      vertex -47.8133 -12.8115 9
    endloop
  endfacet
  facet normal 0 0 1
    outer loop
      vertex -46.873 -15.9113 9
      vertex -48.2934 -16.3934 9
      vertex -47.1179 -19.5169 9
    endloop
  endfacet
  facet normal 0 0 1
    outer loop
      vertex -49.2622 -13.1998 9
      vertex -47.8133 -12.8115 9
      vertex -48.5489 -9.65697 9
    endloop
  endfacet
  facet normal 0 0 1
    outer loop
      vertex -50.0201 -9.94961 9
      vertex -48.5489 -9.65697 9
      vertex -49.0765 -6.46105 9
    endloop
  endfacet
  facet normal 0 0 1
    outer loop
      vertex -47.8133 -12.8115 9
      vertex -49.2622 -13.1998 9
      vertex -48.2934 -16.3934 9
    endloop
  endfacet
  facet normal 0 0 1
    outer loop
      vertex -50.5637 -6.65684 9
      vertex -49.0765 -6.46105 9
      vertex -49.394 -3.23745 9
    endloop
  endfacet
  facet normal 0 0 1
    outer loop
      vertex -50.8908 -3.33556 9
      vertex -49.394 -3.23745 9
      vertex -49.5 0 9
    endloop
  endfacet
  facet normal -0 0 1
    outer loop
      vertex -50.8908 3.33556 9
      vertex -49.394 3.23745 9
      vertex -50.5637 6.65684 9
    endloop
  endfacet
  facet normal 0 0 1
    outer loop
      vertex -48.5489 -9.65697 9
      vertex -50.0201 -9.94961 9
      vertex -49.2622 -13.1998 9
    endloop
  endfacet
  facet normal 0 0 1
    outer loop
      vertex -49.394 3.23745 9
      vertex -50.8908 3.33556 9
      vertex -49.5 0 9
    endloop
  endfacet
  facet normal 0 0 1
    outer loop
      vertex -49.0765 -6.46105 9
      vertex -50.5637 -6.65684 9
      vertex -50.0201 -9.94961 9
    endloop
  endfacet
  facet normal 0 0 1
    outer loop
      vertex -51 0 9
      vertex -49.5 0 9
      vertex -50.8908 3.33556 9
    endloop
  endfacet
  facet normal 0 0 1
    outer loop
      vertex -49.394 -3.23745 9
      vertex -50.8908 -3.33556 9
      vertex -50.5637 -6.65684 9
    endloop
  endfacet
  facet normal 0 0 1
    outer loop
      vertex -49.5 0 9
      vertex -51 0 9
      vertex -50.8908 -3.33556 9
    endloop
  endfacet
  facet normal -0.910854 0.412728 0
    outer loop
      vertex -47.1179 19.5169 0
      vertex -45.7405 22.5567 9
      vertex -45.7405 22.5567 0
    endloop
  endfacet
  facet normal -0.910854 0.412728 0
    outer loop
      vertex -45.7405 22.5567 9
      vertex -47.1179 19.5169 0
      vertex -47.1179 19.5169 9
    endloop
  endfacet
  facet normal -0.471391 0.881925 0
    outer loop
      vertex -22.5567 45.7405 0
      vertex -25.5 44.1673 9
      vertex -22.5567 45.7405 9
    endloop
  endfacet
  facet normal -0.471391 0.881925 0
    outer loop
      vertex -25.5 44.1673 9
      vertex -22.5567 45.7405 0
      vertex -25.5 44.1673 0
    endloop
  endfacet
  facet normal 0.582479 -0.812846 0
    outer loop
      vertex 28.3341 -42.4049 0
      vertex 31.0468 -40.461 9
      vertex 28.3341 -42.4049 9
    endloop
  endfacet
  facet normal 0.582479 -0.812846 0
    outer loop
      vertex 31.0468 -40.461 9
      vertex 28.3341 -42.4049 0
      vertex 31.0468 -40.461 0
    endloop
  endfacet
  facet normal -0.582479 -0.812846 0
    outer loop
      vertex -31.0468 -40.461 0
      vertex -28.3341 -42.4049 9
      vertex -31.0468 -40.461 9
    endloop
  endfacet
  facet normal -0.582479 -0.812846 -0
    outer loop
      vertex -28.3341 -42.4049 9
      vertex -31.0468 -40.461 0
      vertex -28.3341 -42.4049 0
    endloop
  endfacet
  facet normal 0 0 1
    outer loop
      vertex 6 52 3
      vertex 3.33556 50.8908 3
      vertex 6 50.6284 3
    endloop
  endfacet
  facet normal 0 0 1
    outer loop
      vertex 6 52 3
      vertex 0 51 3
      vertex 3.33556 50.8908 3
    endloop
  endfacet
  facet normal -0 0 1
    outer loop
      vertex -6 52 3
      vertex 0 51 3
      vertex 6 52 3
    endloop
  endfacet
  facet normal 0 0 1
    outer loop
      vertex 0 51 3
      vertex -6 52 3
      vertex -3.33556 50.8908 3
    endloop
  endfacet
  facet normal 0 0 1
    outer loop
      vertex -3.33556 50.8908 3
      vertex -6 52 3
      vertex -6 50.6284 3
    endloop
  endfacet
  facet normal -0 0 1
    outer loop
      vertex 3.33556 -50.8908 3
      vertex 6 -52 3
      vertex 6 -50.6284 3
    endloop
  endfacet
  facet normal -0 0 1
    outer loop
      vertex 0 -51 3
      vertex 6 -52 3
      vertex 3.33556 -50.8908 3
    endloop
  endfacet
  facet normal 0 0 1
    outer loop
      vertex -6 -52 3
      vertex 0 -51 3
      vertex -3.33556 -50.8908 3
    endloop
  endfacet
  facet normal 0 0 1
    outer loop
      vertex -6 -52 3
      vertex -3.33556 -50.8908 3
      vertex -6 -50.6284 3
    endloop
  endfacet
  facet normal 0 0 1
    outer loop
      vertex 0 -51 3
      vertex -6 -52 3
      vertex 6 -52 3
    endloop
  endfacet
  facet normal 0 0 1
    outer loop
      vertex 13 9 3
      vertex 48.5489 9.65697 3
      vertex 47.8133 12.8115 3
    endloop
  endfacet
  facet normal 0 0 1
    outer loop
      vertex 13 9 3
      vertex 47.8133 12.8115 3
      vertex 46.873 15.9113 3
    endloop
  endfacet
  facet normal 0 0 1
    outer loop
      vertex 13 9 3
      vertex 46.873 15.9113 3
      vertex 45.732 18.9428 3
    endloop
  endfacet
  facet normal 0 0 1
    outer loop
      vertex 13 9 3
      vertex 45.732 18.9428 3
      vertex 44.3952 21.8933 3
    endloop
  endfacet
  facet normal 0 0 1
    outer loop
      vertex 13 9 3
      vertex 44.3952 21.8933 3
      vertex 42.8683 24.75 3
    endloop
  endfacet
  facet normal 0 0 1
    outer loop
      vertex 13 9 3
      vertex 42.8683 24.75 3
      vertex 41.1577 27.5007 3
    endloop
  endfacet
  facet normal 0 0 1
    outer loop
      vertex 13 9 3
      vertex 41.1577 27.5007 3
      vertex 39.271 30.1337 3
    endloop
  endfacet
  facet normal 0 0 1
    outer loop
      vertex 13 9 3
      vertex 39.271 30.1337 3
      vertex 37.2161 32.6376 3
    endloop
  endfacet
  facet normal 0 0 1
    outer loop
      vertex 13 9 3
      vertex 37.2161 32.6376 3
      vertex 35.0018 35.0018 3
    endloop
  endfacet
  facet normal 0 0 1
    outer loop
      vertex 13 9 3
      vertex 35.0018 35.0018 3
      vertex 32.6376 37.2161 3
    endloop
  endfacet
  facet normal 0 0 1
    outer loop
      vertex 13 9 3
      vertex 32.6376 37.2161 3
      vertex 30.1337 39.271 3
    endloop
  endfacet
  facet normal 0 0 1
    outer loop
      vertex 13 9 3
      vertex 30.1337 39.271 3
      vertex 27.5007 41.1577 3
    endloop
  endfacet
  facet normal 0 0 1
    outer loop
      vertex 13 9 3
      vertex 27.5007 41.1577 3
      vertex 24.75 42.8683 3
    endloop
  endfacet
  facet normal 0 0 1
    outer loop
      vertex 13 9 3
      vertex 24.75 42.8683 3
      vertex 21.8933 44.3952 3
    endloop
  endfacet
  facet normal 0 0 1
    outer loop
      vertex 13 9 3
      vertex 21.8933 44.3952 3
      vertex 18.9428 45.732 3
    endloop
  endfacet
  facet normal 0 0 1
    outer loop
      vertex 13 9 3
      vertex 18.9428 45.732 3
      vertex 15.9113 46.873 3
    endloop
  endfacet
  facet normal 0 0 1
    outer loop
      vertex 48.5489 9.65697 3
      vertex 13 9 3
      vertex 48.6573 9 3
    endloop
  endfacet
  facet normal 0 0 1
    outer loop
      vertex 9.65697 48.5489 3
      vertex 13 9 3
      vertex 12.8115 47.8133 3
    endloop
  endfacet
  facet normal 0 0 1
    outer loop
      vertex 12.8115 47.8133 3
      vertex 13 9 3
      vertex 15.9113 46.873 3
    endloop
  endfacet
  facet normal -0 0 1
    outer loop
      vertex 13 -9 3
      vertex 48.5489 -9.65697 3
      vertex 48.6573 -9 3
    endloop
  endfacet
  facet normal 0 0 1
    outer loop
      vertex 48.5489 -9.65697 3
      vertex 13 -9 3
      vertex 47.8133 -12.8115 3
    endloop
  endfacet
  facet normal 0 0 1
    outer loop
      vertex 47.8133 -12.8115 3
      vertex 13 -9 3
      vertex 46.873 -15.9113 3
    endloop
  endfacet
  facet normal 0 0 1
    outer loop
      vertex 46.873 -15.9113 3
      vertex 13 -9 3
      vertex 45.732 -18.9428 3
    endloop
  endfacet
  facet normal 0 0 1
    outer loop
      vertex 45.732 -18.9428 3
      vertex 13 -9 3
      vertex 44.3952 -21.8933 3
    endloop
  endfacet
  facet normal 0 0 1
    outer loop
      vertex 44.3952 -21.8933 3
      vertex 13 -9 3
      vertex 42.8683 -24.75 3
    endloop
  endfacet
  facet normal 0 0 1
    outer loop
      vertex 42.8683 -24.75 3
      vertex 13 -9 3
      vertex 41.1577 -27.5007 3
    endloop
  endfacet
  facet normal 0 0 1
    outer loop
      vertex 41.1577 -27.5007 3
      vertex 13 -9 3
      vertex 39.271 -30.1337 3
    endloop
  endfacet
  facet normal 0 0 1
    outer loop
      vertex 39.271 -30.1337 3
      vertex 13 -9 3
      vertex 37.2161 -32.6376 3
    endloop
  endfacet
  facet normal 0 0 1
    outer loop
      vertex 37.2161 -32.6376 3
      vertex 13 -9 3
      vertex 35.0018 -35.0018 3
    endloop
  endfacet
  facet normal 0 0 1
    outer loop
      vertex 35.0018 -35.0018 3
      vertex 13 -9 3
      vertex 32.6376 -37.2161 3
    endloop
  endfacet
  facet normal 0 0 1
    outer loop
      vertex 32.6376 -37.2161 3
      vertex 13 -9 3
      vertex 30.1337 -39.271 3
    endloop
  endfacet
  facet normal 0 0 1
    outer loop
      vertex 30.1337 -39.271 3
      vertex 13 -9 3
      vertex 27.5007 -41.1577 3
    endloop
  endfacet
  facet normal 0 0 1
    outer loop
      vertex 27.5007 -41.1577 3
      vertex 13 -9 3
      vertex 24.75 -42.8683 3
    endloop
  endfacet
  facet normal 0 0 1
    outer loop
      vertex 24.75 -42.8683 3
      vertex 13 -9 3
      vertex 21.8933 -44.3952 3
    endloop
  endfacet
  facet normal 0 0 1
    outer loop
      vertex 21.8933 -44.3952 3
      vertex 13 -9 3
      vertex 18.9428 -45.732 3
    endloop
  endfacet
  facet normal 0 0 1
    outer loop
      vertex 18.9428 -45.732 3
      vertex 13 -9 3
      vertex 15.9113 -46.873 3
    endloop
  endfacet
  facet normal 0 0 1
    outer loop
      vertex 13 -9 3
      vertex 12.8115 -47.8133 3
      vertex 15.9113 -46.873 3
    endloop
  endfacet
  facet normal 0 -0 1
    outer loop
      vertex 5.68158 1.92864 3
      vertex 13 9 3
      vertex 5.54328 2.2961 3
    endloop
  endfacet
  facet normal 0 0 1
    outer loop
      vertex 6.46105 49.0765 3
      vertex 13 9 3
      vertex 9.65697 48.5489 3
    endloop
  endfacet
  facet normal -0 0 1
    outer loop
      vertex 5.98715 -0.392418 3
      vertex 13 -9 3
      vertex 6 0 3
    endloop
  endfacet
  facet normal 0 0 1
    outer loop
      vertex 3.23745 49.394 3
      vertex 13 9 3
      vertex 6.46105 49.0765 3
    endloop
  endfacet
  facet normal -0 0 1
    outer loop
      vertex 5.94867 -0.783156 3
      vertex 13 -9 3
      vertex 5.98715 -0.392418 3
    endloop
  endfacet
  facet normal -0 0 1
    outer loop
      vertex 5.88471 -1.17054 3
      vertex 13 -9 3
      vertex 5.94867 -0.783156 3
    endloop
  endfacet
  facet normal 0 0 1
    outer loop
      vertex 13 9 3
      vertex 6 0 3
      vertex 13 -9 3
    endloop
  endfacet
  facet normal 0 -0 1
    outer loop
      vertex 6 0 3
      vertex 13 9 3
      vertex 5.98715 0.392418 3
    endloop
  endfacet
  facet normal 0 -0 1
    outer loop
      vertex 5.98715 0.392418 3
      vertex 13 9 3
      vertex 5.94867 0.783156 3
    endloop
  endfacet
  facet normal 0 -0 1
    outer loop
      vertex 5.94867 0.783156 3
      vertex 13 9 3
      vertex 5.88471 1.17054 3
    endloop
  endfacet
  facet normal 0 -0 1
    outer loop
      vertex 5.88471 1.17054 3
      vertex 13 9 3
      vertex 5.79555 1.55291 3
    endloop
  endfacet
  facet normal 0 -0 1
    outer loop
      vertex 5.79555 1.55291 3
      vertex 13 9 3
      vertex 5.68158 1.92864 3
    endloop
  endfacet
  facet normal 0 0 1
    outer loop
      vertex 13 9 3
      vertex 5.38124 2.65373 3
      vertex 5.54328 2.2961 3
    endloop
  endfacet
  facet normal 0 0 1
    outer loop
      vertex 13 9 3
      vertex 5.19615 3 3
      vertex 5.38124 2.65373 3
    endloop
  endfacet
  facet normal 0 0 1
    outer loop
      vertex 13 9 3
      vertex 4.98882 3.33342 3
      vertex 5.19615 3 3
    endloop
  endfacet
  facet normal 0 0 1
    outer loop
      vertex 13 9 3
      vertex 4.76012 3.65257 3
      vertex 4.98882 3.33342 3
    endloop
  endfacet
  facet normal 0 0 1
    outer loop
      vertex 13 9 3
      vertex 4.51104 3.95607 3
      vertex 4.76012 3.65257 3
    endloop
  endfacet
  facet normal 0 0 1
    outer loop
      vertex 13 9 3
      vertex 4.24264 4.24264 3
      vertex 4.51104 3.95607 3
    endloop
  endfacet
  facet normal 0 0 1
    outer loop
      vertex 13 9 3
      vertex 3.95607 4.51104 3
      vertex 4.24264 4.24264 3
    endloop
  endfacet
  facet normal 0 0 1
    outer loop
      vertex 13 9 3
      vertex 3.65257 4.76012 3
      vertex 3.95607 4.51104 3
    endloop
  endfacet
  facet normal 0 0 1
    outer loop
      vertex 13 9 3
      vertex 3.33342 4.98882 3
      vertex 3.65257 4.76012 3
    endloop
  endfacet
  facet normal 0 0 1
    outer loop
      vertex 0.392418 5.98715 3
      vertex 13 9 3
      vertex 3.23745 49.394 3
    endloop
  endfacet
  facet normal 0 0 1
    outer loop
      vertex 13 9 3
      vertex 3 5.19615 3
      vertex 3.33342 4.98882 3
    endloop
  endfacet
  facet normal 0 0 1
    outer loop
      vertex 13 9 3
      vertex 2.65373 5.38124 3
      vertex 3 5.19615 3
    endloop
  endfacet
  facet normal 0 0 1
    outer loop
      vertex 13 9 3
      vertex 2.2961 5.54328 3
      vertex 2.65373 5.38124 3
    endloop
  endfacet
  facet normal 0 0 1
    outer loop
      vertex 13 9 3
      vertex 1.92864 5.68158 3
      vertex 2.2961 5.54328 3
    endloop
  endfacet
  facet normal 0 0 1
    outer loop
      vertex 13 9 3
      vertex 1.55291 5.79555 3
      vertex 1.92864 5.68158 3
    endloop
  endfacet
  facet normal 0 0 1
    outer loop
      vertex 13 9 3
      vertex 1.17054 5.88471 3
      vertex 1.55291 5.79555 3
    endloop
  endfacet
  facet normal 0 0 1
    outer loop
      vertex 13 9 3
      vertex 0.783156 5.94867 3
      vertex 1.17054 5.88471 3
    endloop
  endfacet
  facet normal 0 0 1
    outer loop
      vertex 13 9 3
      vertex 0.392418 5.98715 3
      vertex 0.783156 5.94867 3
    endloop
  endfacet
  facet normal 0 0 1
    outer loop
      vertex 0 49.5 3
      vertex 0.392418 5.98715 3
      vertex 3.23745 49.394 3
    endloop
  endfacet
  facet normal 0 0 1
    outer loop
      vertex 0 49.5 3
      vertex 0 6 3
      vertex 0.392418 5.98715 3
    endloop
  endfacet
  facet normal 0 0 1
    outer loop
      vertex 0 49.5 3
      vertex -0.392418 5.98715 3
      vertex 0 6 3
    endloop
  endfacet
  facet normal -0 0 1
    outer loop
      vertex -3.23745 49.394 3
      vertex -0.392418 5.98715 3
      vertex 0 49.5 3
    endloop
  endfacet
  facet normal 0 0 1
    outer loop
      vertex -0.392418 5.98715 3
      vertex -3.23745 49.394 3
      vertex -0.783156 5.94867 3
    endloop
  endfacet
  facet normal -0 0 1
    outer loop
      vertex -6.46105 49.0765 3
      vertex -0.783156 5.94867 3
      vertex -3.23745 49.394 3
    endloop
  endfacet
  facet normal 0 0 1
    outer loop
      vertex -0.783156 5.94867 3
      vertex -6.46105 49.0765 3
      vertex -1.17054 5.88471 3
    endloop
  endfacet
  facet normal -0 0 1
    outer loop
      vertex -9.65697 48.5489 3
      vertex -1.17054 5.88471 3
      vertex -6.46105 49.0765 3
    endloop
  endfacet
  facet normal 0 0 1
    outer loop
      vertex -1.17054 5.88471 3
      vertex -9.65697 48.5489 3
      vertex -1.55291 5.79555 3
    endloop
  endfacet
  facet normal -0 0 1
    outer loop
      vertex -12.8115 47.8133 3
      vertex -1.55291 5.79555 3
      vertex -9.65697 48.5489 3
    endloop
  endfacet
  facet normal 0 0 1
    outer loop
      vertex -1.55291 5.79555 3
      vertex -12.8115 47.8133 3
      vertex -1.92864 5.68158 3
    endloop
  endfacet
  facet normal -0 0 1
    outer loop
      vertex -15.9113 46.873 3
      vertex -1.92864 5.68158 3
      vertex -12.8115 47.8133 3
    endloop
  endfacet
  facet normal 0 0 1
    outer loop
      vertex -1.92864 5.68158 3
      vertex -15.9113 46.873 3
      vertex -2.2961 5.54328 3
    endloop
  endfacet
  facet normal -0 0 1
    outer loop
      vertex -18.9428 45.732 3
      vertex -2.2961 5.54328 3
      vertex -15.9113 46.873 3
    endloop
  endfacet
  facet normal 0 0 1
    outer loop
      vertex -2.2961 5.54328 3
      vertex -18.9428 45.732 3
      vertex -2.65373 5.38124 3
    endloop
  endfacet
  facet normal -0 0 1
    outer loop
      vertex -21.8933 44.3952 3
      vertex -2.65373 5.38124 3
      vertex -18.9428 45.732 3
    endloop
  endfacet
  facet normal 0 0 1
    outer loop
      vertex -2.65373 5.38124 3
      vertex -21.8933 44.3952 3
      vertex -3 5.19615 3
    endloop
  endfacet
  facet normal -0 0 1
    outer loop
      vertex -24.75 42.8683 3
      vertex -3 5.19615 3
      vertex -21.8933 44.3952 3
    endloop
  endfacet
  facet normal 0 0 1
    outer loop
      vertex -3 5.19615 3
      vertex -24.75 42.8683 3
      vertex -3.33342 4.98882 3
    endloop
  endfacet
  facet normal -0 0 1
    outer loop
      vertex -27.5007 41.1577 3
      vertex -3.33342 4.98882 3
      vertex -24.75 42.8683 3
    endloop
  endfacet
  facet normal 0 0 1
    outer loop
      vertex -3.33342 4.98882 3
      vertex -27.5007 41.1577 3
      vertex -3.65257 4.76012 3
    endloop
  endfacet
  facet normal -0 0 1
    outer loop
      vertex -30.1337 39.271 3
      vertex -3.65257 4.76012 3
      vertex -27.5007 41.1577 3
    endloop
  endfacet
  facet normal 0 0 1
    outer loop
      vertex -3.65257 4.76012 3
      vertex -30.1337 39.271 3
      vertex -3.95607 4.51104 3
    endloop
  endfacet
  facet normal -0 0 1
    outer loop
      vertex -32.6376 37.2161 3
      vertex -3.95607 4.51104 3
      vertex -30.1337 39.271 3
    endloop
  endfacet
  facet normal 0 0 1
    outer loop
      vertex -3.95607 4.51104 3
      vertex -32.6376 37.2161 3
      vertex -4.24264 4.24264 3
    endloop
  endfacet
  facet normal -0 0 1
    outer loop
      vertex -35.0018 35.0018 3
      vertex -4.24264 4.24264 3
      vertex -32.6376 37.2161 3
    endloop
  endfacet
  facet normal -0 0 1
    outer loop
      vertex -37.2161 32.6376 3
      vertex -4.51104 3.95607 3
      vertex -35.0018 35.0018 3
    endloop
  endfacet
  facet normal 0 0 1
    outer loop
      vertex -4.24264 4.24264 3
      vertex -35.0018 35.0018 3
      vertex -4.51104 3.95607 3
    endloop
  endfacet
  facet normal -0 0 1
    outer loop
      vertex 5.79555 -1.55291 3
      vertex 13 -9 3
      vertex 5.88471 -1.17054 3
    endloop
  endfacet
  facet normal -0 0 1
    outer loop
      vertex 5.68158 -1.92864 3
      vertex 13 -9 3
      vertex 5.79555 -1.55291 3
    endloop
  endfacet
  facet normal -0 0 1
    outer loop
      vertex 5.54328 -2.2961 3
      vertex 13 -9 3
      vertex 5.68158 -1.92864 3
    endloop
  endfacet
  facet normal -0 0 1
    outer loop
      vertex 5.38124 -2.65373 3
      vertex 13 -9 3
      vertex 5.54328 -2.2961 3
    endloop
  endfacet
  facet normal -0 0 1
    outer loop
      vertex 5.19615 -3 3
      vertex 13 -9 3
      vertex 5.38124 -2.65373 3
    endloop
  endfacet
  facet normal -0 0 1
    outer loop
      vertex 4.98882 -3.33342 3
      vertex 13 -9 3
      vertex 5.19615 -3 3
    endloop
  endfacet
  facet normal -0 0 1
    outer loop
      vertex 4.76012 -3.65257 3
      vertex 13 -9 3
      vertex 4.98882 -3.33342 3
    endloop
  endfacet
  facet normal -0 0 1
    outer loop
      vertex 4.51104 -3.95607 3
      vertex 13 -9 3
      vertex 4.76012 -3.65257 3
    endloop
  endfacet
  facet normal -0 0 1
    outer loop
      vertex 4.24264 -4.24264 3
      vertex 13 -9 3
      vertex 4.51104 -3.95607 3
    endloop
  endfacet
  facet normal -0 0 1
    outer loop
      vertex 3.95607 -4.51104 3
      vertex 13 -9 3
      vertex 4.24264 -4.24264 3
    endloop
  endfacet
  facet normal -0 0 1
    outer loop
      vertex 3.65257 -4.76012 3
      vertex 13 -9 3
      vertex 3.95607 -4.51104 3
    endloop
  endfacet
  facet normal -0 0 1
    outer loop
      vertex 3.33342 -4.98882 3
      vertex 13 -9 3
      vertex 3.65257 -4.76012 3
    endloop
  endfacet
  facet normal -0 0 1
    outer loop
      vertex 3 -5.19615 3
      vertex 13 -9 3
      vertex 3.33342 -4.98882 3
    endloop
  endfacet
  facet normal -0 0 1
    outer loop
      vertex 2.65373 -5.38124 3
      vertex 13 -9 3
      vertex 3 -5.19615 3
    endloop
  endfacet
  facet normal -0 0 1
    outer loop
      vertex 2.2961 -5.54328 3
      vertex 13 -9 3
      vertex 2.65373 -5.38124 3
    endloop
  endfacet
  facet normal -0 0 1
    outer loop
      vertex 1.92864 -5.68158 3
      vertex 13 -9 3
      vertex 2.2961 -5.54328 3
    endloop
  endfacet
  facet normal -0 0 1
    outer loop
      vertex 1.55291 -5.79555 3
      vertex 13 -9 3
      vertex 1.92864 -5.68158 3
    endloop
  endfacet
  facet normal -0 0 1
    outer loop
      vertex 1.17054 -5.88471 3
      vertex 13 -9 3
      vertex 1.55291 -5.79555 3
    endloop
  endfacet
  facet normal 0 0 1
    outer loop
      vertex 13 -9 3
      vertex 9.65697 -48.5489 3
      vertex 12.8115 -47.8133 3
    endloop
  endfacet
  facet normal -0 0 1
    outer loop
      vertex 0.783156 -5.94867 3
      vertex 13 -9 3
      vertex 1.17054 -5.88471 3
    endloop
  endfacet
  facet normal 0 0 1
    outer loop
      vertex 13 -9 3
      vertex 6.46105 -49.0765 3
      vertex 9.65697 -48.5489 3
    endloop
  endfacet
  facet normal -0 0 1
    outer loop
      vertex 0.392418 -5.98715 3
      vertex 13 -9 3
      vertex 0.783156 -5.94867 3
    endloop
  endfacet
  facet normal 0 0 1
    outer loop
      vertex 13 -9 3
      vertex 3.23745 -49.394 3
      vertex 6.46105 -49.0765 3
    endloop
  endfacet
  facet normal 0 0 1
    outer loop
      vertex 13 -9 3
      vertex 0.392418 -5.98715 3
      vertex 3.23745 -49.394 3
    endloop
  endfacet
  facet normal -0 0 1
    outer loop
      vertex 0 -6 3
      vertex 3.23745 -49.394 3
      vertex 0.392418 -5.98715 3
    endloop
  endfacet
  facet normal 0 0 1
    outer loop
      vertex 0 -6 3
      vertex 0 -49.5 3
      vertex 3.23745 -49.394 3
    endloop
  endfacet
  facet normal 0 0 1
    outer loop
      vertex -0.392418 -5.98715 3
      vertex 0 -49.5 3
      vertex 0 -6 3
    endloop
  endfacet
  facet normal 0 0 1
    outer loop
      vertex -3.23745 -49.394 3
      vertex -0.392418 -5.98715 3
      vertex -0.783156 -5.94867 3
    endloop
  endfacet
  facet normal 0 0 1
    outer loop
      vertex -6.46105 -49.0765 3
      vertex -0.783156 -5.94867 3
      vertex -1.17054 -5.88471 3
    endloop
  endfacet
  facet normal 0 0 1
    outer loop
      vertex -9.65697 -48.5489 3
      vertex -1.17054 -5.88471 3
      vertex -1.55291 -5.79555 3
    endloop
  endfacet
  facet normal 0 0 1
    outer loop
      vertex -12.8115 -47.8133 3
      vertex -1.55291 -5.79555 3
      vertex -1.92864 -5.68158 3
    endloop
  endfacet
  facet normal 0 0 1
    outer loop
      vertex -15.9113 -46.873 3
      vertex -1.92864 -5.68158 3
      vertex -2.2961 -5.54328 3
    endloop
  endfacet
  facet normal 0 0 1
    outer loop
      vertex -18.9428 -45.732 3
      vertex -2.2961 -5.54328 3
      vertex -2.65373 -5.38124 3
    endloop
  endfacet
  facet normal 0 0 1
    outer loop
      vertex -21.8933 -44.3952 3
      vertex -2.65373 -5.38124 3
      vertex -3 -5.19615 3
    endloop
  endfacet
  facet normal 0 0 1
    outer loop
      vertex -0.392418 -5.98715 3
      vertex -3.23745 -49.394 3
      vertex 0 -49.5 3
    endloop
  endfacet
  facet normal 0 0 1
    outer loop
      vertex -24.75 -42.8683 3
      vertex -3 -5.19615 3
      vertex -3.33342 -4.98882 3
    endloop
  endfacet
  facet normal 0 0 1
    outer loop
      vertex -27.5007 -41.1577 3
      vertex -3.33342 -4.98882 3
      vertex -3.65257 -4.76012 3
    endloop
  endfacet
  facet normal 0 0 1
    outer loop
      vertex -30.1337 -39.271 3
      vertex -3.65257 -4.76012 3
      vertex -3.95607 -4.51104 3
    endloop
  endfacet
  facet normal 0 0 1
    outer loop
      vertex -32.6376 -37.2161 3
      vertex -3.95607 -4.51104 3
      vertex -4.24264 -4.24264 3
    endloop
  endfacet
  facet normal 0 0 1
    outer loop
      vertex -35.0018 -35.0018 3
      vertex -4.24264 -4.24264 3
      vertex -4.51104 -3.95607 3
    endloop
  endfacet
  facet normal 0 0 1
    outer loop
      vertex -37.2161 -32.6376 3
      vertex -4.51104 -3.95607 3
      vertex -4.76012 -3.65257 3
    endloop
  endfacet
  facet normal 0 0 1
    outer loop
      vertex -39.271 -30.1337 3
      vertex -4.76012 -3.65257 3
      vertex -4.98882 -3.33342 3
    endloop
  endfacet
  facet normal 0 0 1
    outer loop
      vertex -41.1577 -27.5007 3
      vertex -4.98882 -3.33342 3
      vertex -5.19615 -3 3
    endloop
  endfacet
  facet normal 0 0 1
    outer loop
      vertex -42.8683 -24.75 3
      vertex -5.19615 -3 3
      vertex -5.38124 -2.65373 3
    endloop
  endfacet
  facet normal 0 0 1
    outer loop
      vertex -44.3952 -21.8933 3
      vertex -5.38124 -2.65373 3
      vertex -5.54328 -2.2961 3
    endloop
  endfacet
  facet normal 0 0 1
    outer loop
      vertex -45.732 -18.9428 3
      vertex -5.54328 -2.2961 3
      vertex -5.68158 -1.92864 3
    endloop
  endfacet
  facet normal 0 0 1
    outer loop
      vertex -46.873 -15.9113 3
      vertex -5.68158 -1.92864 3
      vertex -5.79555 -1.55291 3
    endloop
  endfacet
  facet normal 0 0 1
    outer loop
      vertex -47.8133 -12.8115 3
      vertex -5.79555 -1.55291 3
      vertex -5.88471 -1.17054 3
    endloop
  endfacet
  facet normal 0 0 1
    outer loop
      vertex -48.5489 -9.65697 3
      vertex -5.88471 -1.17054 3
      vertex -5.94867 -0.783156 3
    endloop
  endfacet
  facet normal 0 0 1
    outer loop
      vertex -49.0765 -6.46105 3
      vertex -5.94867 -0.783156 3
      vertex -5.98715 -0.392418 3
    endloop
  endfacet
  facet normal 0 0 1
    outer loop
      vertex -0.783156 -5.94867 3
      vertex -6.46105 -49.0765 3
      vertex -3.23745 -49.394 3
    endloop
  endfacet
  facet normal 0 0 1
    outer loop
      vertex -49.394 -3.23745 3
      vertex -5.98715 -0.392418 3
      vertex -6 0 3
    endloop
  endfacet
  facet normal 0 0 1
    outer loop
      vertex -4.51104 3.95607 3
      vertex -37.2161 32.6376 3
      vertex -4.76012 3.65257 3
    endloop
  endfacet
  facet normal -0 0 1
    outer loop
      vertex -39.271 30.1337 3
      vertex -4.76012 3.65257 3
      vertex -37.2161 32.6376 3
    endloop
  endfacet
  facet normal 0 0 1
    outer loop
      vertex -1.17054 -5.88471 3
      vertex -9.65697 -48.5489 3
      vertex -6.46105 -49.0765 3
    endloop
  endfacet
  facet normal 0 0 1
    outer loop
      vertex -4.76012 3.65257 3
      vertex -39.271 30.1337 3
      vertex -4.98882 3.33342 3
    endloop
  endfacet
  facet normal 0 0 1
    outer loop
      vertex -1.55291 -5.79555 3
      vertex -12.8115 -47.8133 3
      vertex -9.65697 -48.5489 3
    endloop
  endfacet
  facet normal -0 0 1
    outer loop
      vertex -41.1577 27.5007 3
      vertex -4.98882 3.33342 3
      vertex -39.271 30.1337 3
    endloop
  endfacet
  facet normal 0 0 1
    outer loop
      vertex -1.92864 -5.68158 3
      vertex -15.9113 -46.873 3
      vertex -12.8115 -47.8133 3
    endloop
  endfacet
  facet normal 0 0 1
    outer loop
      vertex -4.98882 3.33342 3
      vertex -41.1577 27.5007 3
      vertex -5.19615 3 3
    endloop
  endfacet
  facet normal 0 0 1
    outer loop
      vertex -2.2961 -5.54328 3
      vertex -18.9428 -45.732 3
      vertex -15.9113 -46.873 3
    endloop
  endfacet
  facet normal -0 0 1
    outer loop
      vertex -42.8683 24.75 3
      vertex -5.19615 3 3
      vertex -41.1577 27.5007 3
    endloop
  endfacet
  facet normal 0 0 1
    outer loop
      vertex -2.65373 -5.38124 3
      vertex -21.8933 -44.3952 3
      vertex -18.9428 -45.732 3
    endloop
  endfacet
  facet normal 0 0 1
    outer loop
      vertex -5.19615 3 3
      vertex -42.8683 24.75 3
      vertex -5.38124 2.65373 3
    endloop
  endfacet
  facet normal 0 0 1
    outer loop
      vertex -3 -5.19615 3
      vertex -24.75 -42.8683 3
      vertex -21.8933 -44.3952 3
    endloop
  endfacet
  facet normal -0 0 1
    outer loop
      vertex -44.3952 21.8933 3
      vertex -5.38124 2.65373 3
      vertex -42.8683 24.75 3
    endloop
  endfacet
  facet normal 0 0 1
    outer loop
      vertex -3.33342 -4.98882 3
      vertex -27.5007 -41.1577 3
      vertex -24.75 -42.8683 3
    endloop
  endfacet
  facet normal 0 0 1
    outer loop
      vertex -5.38124 2.65373 3
      vertex -44.3952 21.8933 3
      vertex -5.54328 2.2961 3
    endloop
  endfacet
  facet normal 0 0 1
    outer loop
      vertex -3.65257 -4.76012 3
      vertex -30.1337 -39.271 3
      vertex -27.5007 -41.1577 3
    endloop
  endfacet
  facet normal -0 0 1
    outer loop
      vertex -45.732 18.9428 3
      vertex -5.54328 2.2961 3
      vertex -44.3952 21.8933 3
    endloop
  endfacet
  facet normal 0 0 1
    outer loop
      vertex -3.95607 -4.51104 3
      vertex -32.6376 -37.2161 3
      vertex -30.1337 -39.271 3
    endloop
  endfacet
  facet normal 0 0 1
    outer loop
      vertex -5.54328 2.2961 3
      vertex -45.732 18.9428 3
      vertex -5.68158 1.92864 3
    endloop
  endfacet
  facet normal 0 0 1
    outer loop
      vertex -4.24264 -4.24264 3
      vertex -35.0018 -35.0018 3
      vertex -32.6376 -37.2161 3
    endloop
  endfacet
  facet normal -0 0 1
    outer loop
      vertex -46.873 15.9113 3
      vertex -5.68158 1.92864 3
      vertex -45.732 18.9428 3
    endloop
  endfacet
  facet normal 0 0 1
    outer loop
      vertex -4.51104 -3.95607 3
      vertex -37.2161 -32.6376 3
      vertex -35.0018 -35.0018 3
    endloop
  endfacet
  facet normal 0 0 1
    outer loop
      vertex -5.68158 1.92864 3
      vertex -46.873 15.9113 3
      vertex -5.79555 1.55291 3
    endloop
  endfacet
  facet normal 0 0 1
    outer loop
      vertex -4.76012 -3.65257 3
      vertex -39.271 -30.1337 3
      vertex -37.2161 -32.6376 3
    endloop
  endfacet
  facet normal -0 0 1
    outer loop
      vertex -47.8133 12.8115 3
      vertex -5.79555 1.55291 3
      vertex -46.873 15.9113 3
    endloop
  endfacet
  facet normal 0 0 1
    outer loop
      vertex -4.98882 -3.33342 3
      vertex -41.1577 -27.5007 3
      vertex -39.271 -30.1337 3
    endloop
  endfacet
  facet normal 0 0 1
    outer loop
      vertex -5.79555 1.55291 3
      vertex -47.8133 12.8115 3
      vertex -5.88471 1.17054 3
    endloop
  endfacet
  facet normal 0 0 1
    outer loop
      vertex -5.19615 -3 3
      vertex -42.8683 -24.75 3
      vertex -41.1577 -27.5007 3
    endloop
  endfacet
  facet normal -0 0 1
    outer loop
      vertex -48.5489 9.65697 3
      vertex -5.88471 1.17054 3
      vertex -47.8133 12.8115 3
    endloop
  endfacet
  facet normal 0 0 1
    outer loop
      vertex -5.38124 -2.65373 3
      vertex -44.3952 -21.8933 3
      vertex -42.8683 -24.75 3
    endloop
  endfacet
  facet normal 0 0 1
    outer loop
      vertex -5.88471 1.17054 3
      vertex -48.5489 9.65697 3
      vertex -5.94867 0.783156 3
    endloop
  endfacet
  facet normal 0 0 1
    outer loop
      vertex -5.54328 -2.2961 3
      vertex -45.732 -18.9428 3
      vertex -44.3952 -21.8933 3
    endloop
  endfacet
  facet normal -0 0 1
    outer loop
      vertex -49.0765 6.46105 3
      vertex -5.94867 0.783156 3
      vertex -48.5489 9.65697 3
    endloop
  endfacet
  facet normal 0 0 1
    outer loop
      vertex -5.68158 -1.92864 3
      vertex -46.873 -15.9113 3
      vertex -45.732 -18.9428 3
    endloop
  endfacet
  facet normal 0 0 1
    outer loop
      vertex -5.94867 0.783156 3
      vertex -49.0765 6.46105 3
      vertex -5.98715 0.392418 3
    endloop
  endfacet
  facet normal 0 0 1
    outer loop
      vertex -5.79555 -1.55291 3
      vertex -47.8133 -12.8115 3
      vertex -46.873 -15.9113 3
    endloop
  endfacet
  facet normal -0 0 1
    outer loop
      vertex -49.394 3.23745 3
      vertex -5.98715 0.392418 3
      vertex -49.0765 6.46105 3
    endloop
  endfacet
  facet normal 0 0 1
    outer loop
      vertex -5.88471 -1.17054 3
      vertex -48.5489 -9.65697 3
      vertex -47.8133 -12.8115 3
    endloop
  endfacet
  facet normal 0 0 1
    outer loop
      vertex -5.98715 0.392418 3
      vertex -49.394 3.23745 3
      vertex -6 0 3
    endloop
  endfacet
  facet normal 0 0 1
    outer loop
      vertex -5.94867 -0.783156 3
      vertex -49.0765 -6.46105 3
      vertex -48.5489 -9.65697 3
    endloop
  endfacet
  facet normal 0 0 1
    outer loop
      vertex -49.5 0 3
      vertex -6 0 3
      vertex -49.394 3.23745 3
    endloop
  endfacet
  facet normal 0 0 1
    outer loop
      vertex -5.98715 -0.392418 3
      vertex -49.394 -3.23745 3
      vertex -49.0765 -6.46105 3
    endloop
  endfacet
  facet normal 0 0 1
    outer loop
      vertex -6 0 3
      vertex -49.5 0 3
      vertex -49.394 -3.23745 3
    endloop
  endfacet
  facet normal -0.471391 -0.881925 0
    outer loop
      vertex -25.5 -44.1673 0
      vertex -22.5567 -45.7405 9
      vertex -25.5 -44.1673 9
    endloop
  endfacet
  facet normal -0.471391 -0.881925 -0
    outer loop
      vertex -22.5567 -45.7405 9
      vertex -25.5 -44.1673 0
      vertex -22.5567 -45.7405 0
    endloop
  endfacet
  facet normal 0.412693 -0.91087 0
    outer loop
      vertex -21.8933 44.3952 3
      vertex -18.9428 45.732 9
      vertex -21.8933 44.3952 9
    endloop
  endfacet
  facet normal 0.412693 -0.91087 0
    outer loop
      vertex -18.9428 45.732 9
      vertex -21.8933 44.3952 3
      vertex -18.9428 45.732 3
    endloop
  endfacet
  facet normal -0.471388 0.881926 0
    outer loop
      vertex 24.75 -42.8683 3
      vertex 21.8933 -44.3952 9
      vertex 24.75 -42.8683 9
    endloop
  endfacet
  facet normal -0.471388 0.881926 0
    outer loop
      vertex 21.8933 -44.3952 9
      vertex 24.75 -42.8683 3
      vertex 21.8933 -44.3952 3
    endloop
  endfacet
  facet normal -0.995185 -0.0980181 0
    outer loop
      vertex 49.394 3.23745 3.1
      vertex 49.0765 6.46105 9
      vertex 49.0765 6.46105 3.1
    endloop
  endfacet
  facet normal -0.995185 -0.0980181 0
    outer loop
      vertex 49.0765 6.46105 9
      vertex 49.394 3.23745 3.1
      vertex 49.394 3.23745 9
    endloop
  endfacet
  facet normal -0.999464 -0.0327243 0
    outer loop
      vertex 49.5 0 3.1
      vertex 49.394 3.23745 9
      vertex 49.394 3.23745 3.1
    endloop
  endfacet
  facet normal -0.999464 -0.0327243 0
    outer loop
      vertex 49.394 3.23745 9
      vertex 49.5 0 3.1
      vertex 49.5 0 9
    endloop
  endfacet
  facet normal -0.986659 -0.162799 -0
    outer loop
      vertex 48.6573 9 3.1
      vertex 48.5489 9.65697 3
      vertex 48.6573 9 3
    endloop
  endfacet
  facet normal -0.986659 -0.162799 0
    outer loop
      vertex 48.5489 9.65697 3
      vertex 48.6573 9 3.1
      vertex 48.5489 9.65697 9
    endloop
  endfacet
  facet normal -0.986642 -0.162902 -0
    outer loop
      vertex 49.0765 6.46105 9
      vertex 48.6573 9 3.1
      vertex 49.0765 6.46105 3.1
    endloop
  endfacet
  facet normal -0.986646 -0.162881 9.39996e-06
    outer loop
      vertex 48.6573 9 3.1
      vertex 49.0765 6.46105 9
      vertex 48.5489 9.65697 9
    endloop
  endfacet
  facet normal 0.352257 -0.935903 0
    outer loop
      vertex -18.9428 45.732 3
      vertex -15.9113 46.873 9
      vertex -18.9428 45.732 9
    endloop
  endfacet
  facet normal 0.352257 -0.935903 0
    outer loop
      vertex -15.9113 46.873 9
      vertex -18.9428 45.732 3
      vertex -15.9113 46.873 3
    endloop
  endfacet
  facet normal 0.68359 -0.729866 0
    outer loop
      vertex -35.0018 35.0018 3
      vertex -32.6376 37.2161 9
      vertex -35.0018 35.0018 9
    endloop
  endfacet
  facet normal 0.68359 -0.729866 0
    outer loop
      vertex -32.6376 37.2161 9
      vertex -35.0018 35.0018 3
      vertex -32.6376 37.2161 3
    endloop
  endfacet
  facet normal 0.162881 0.986646 -0
    outer loop
      vertex -6.46105 -49.0765 3
      vertex -9.65697 -48.5489 9
      vertex -6.46105 -49.0765 9
    endloop
  endfacet
  facet normal 0.162881 0.986646 0
    outer loop
      vertex -9.65697 -48.5489 9
      vertex -6.46105 -49.0765 3
      vertex -9.65697 -48.5489 3
    endloop
  endfacet
  facet normal -0.0327243 0.999464 0
    outer loop
      vertex 3.23745 -49.394 3
      vertex 0 -49.5 9
      vertex 3.23745 -49.394 9
    endloop
  endfacet
  facet normal -0.0327243 0.999464 0
    outer loop
      vertex 0 -49.5 9
      vertex 3.23745 -49.394 3
      vertex 0 -49.5 3
    endloop
  endfacet
  facet normal -0.91087 -0.412693 0
    outer loop
      vertex 45.732 18.9428 3
      vertex 44.3952 21.8933 9
      vertex 44.3952 21.8933 3
    endloop
  endfacet
  facet normal -0.91087 -0.412693 0
    outer loop
      vertex 44.3952 21.8933 9
      vertex 45.732 18.9428 3
      vertex 45.732 18.9428 9
    endloop
  endfacet
  facet normal 0.352257 0.935903 -0
    outer loop
      vertex -15.9113 -46.873 3
      vertex -18.9428 -45.732 9
      vertex -15.9113 -46.873 9
    endloop
  endfacet
  facet normal 0.352257 0.935903 0
    outer loop
      vertex -18.9428 -45.732 9
      vertex -15.9113 -46.873 3
      vertex -18.9428 -45.732 3
    endloop
  endfacet
  facet normal 0.0980181 -0.995185 0
    outer loop
      vertex -6.46105 49.0765 3
      vertex -3.23745 49.394 9
      vertex -6.46105 49.0765 9
    endloop
  endfacet
  facet normal 0.0980181 -0.995185 0
    outer loop
      vertex -3.23745 49.394 9
      vertex -6.46105 49.0765 3
      vertex -3.23745 49.394 3
    endloop
  endfacet
  facet normal 0.956942 -0.290281 0
    outer loop
      vertex -47.8133 12.8115 9
      vertex -46.873 15.9113 3
      vertex -46.873 15.9113 9
    endloop
  endfacet
  facet normal 0.956942 -0.290281 0
    outer loop
      vertex -46.873 15.9113 3
      vertex -47.8133 12.8115 9
      vertex -47.8133 12.8115 3
    endloop
  endfacet
  facet normal -0.995185 0.0980181 0
    outer loop
      vertex 49.0765 -6.46105 3.1
      vertex 49.394 -3.23745 9
      vertex 49.394 -3.23745 3.1
    endloop
  endfacet
  facet normal -0.995185 0.0980181 0
    outer loop
      vertex 49.394 -3.23745 9
      vertex 49.0765 -6.46105 3.1
      vertex 49.0765 -6.46105 9
    endloop
  endfacet
  facet normal 0.986646 0.162881 0
    outer loop
      vertex -48.5489 -9.65697 9
      vertex -49.0765 -6.46105 3
      vertex -49.0765 -6.46105 9
    endloop
  endfacet
  facet normal 0.986646 0.162881 0
    outer loop
      vertex -49.0765 -6.46105 3
      vertex -48.5489 -9.65697 9
      vertex -48.5489 -9.65697 3
    endloop
  endfacet
  facet normal -0.290281 0.956942 0
    outer loop
      vertex 15.9113 -46.873 3
      vertex 12.8115 -47.8133 9
      vertex 15.9113 -46.873 9
    endloop
  endfacet
  facet normal -0.290281 0.956942 0
    outer loop
      vertex 12.8115 -47.8133 9
      vertex 15.9113 -46.873 3
      vertex 12.8115 -47.8133 3
    endloop
  endfacet
  facet normal 0.812859 0.582461 0
    outer loop
      vertex -39.271 -30.1337 9
      vertex -41.1577 -27.5007 3
      vertex -41.1577 -27.5007 9
    endloop
  endfacet
  facet normal 0.812859 0.582461 0
    outer loop
      vertex -41.1577 -27.5007 3
      vertex -39.271 -30.1337 9
      vertex -39.271 -30.1337 3
    endloop
  endfacet
  facet normal 0.77301 -0.634394 0
    outer loop
      vertex -39.271 30.1337 9
      vertex -37.2161 32.6376 3
      vertex -37.2161 32.6376 9
    endloop
  endfacet
  facet normal 0.77301 -0.634394 0
    outer loop
      vertex -37.2161 32.6376 3
      vertex -39.271 30.1337 9
      vertex -39.271 30.1337 3
    endloop
  endfacet
  facet normal -0.68359 -0.729866 0
    outer loop
      vertex 32.6376 37.2161 3
      vertex 35.0018 35.0018 9
      vertex 32.6376 37.2161 9
    endloop
  endfacet
  facet normal -0.68359 -0.729866 -0
    outer loop
      vertex 35.0018 35.0018 9
      vertex 32.6376 37.2161 3
      vertex 35.0018 35.0018 3
    endloop
  endfacet
  facet normal -0.528091 0.849188 0
    outer loop
      vertex 27.5007 -41.1577 3
      vertex 24.75 -42.8683 9
      vertex 27.5007 -41.1577 9
    endloop
  endfacet
  facet normal -0.528091 0.849188 0
    outer loop
      vertex 24.75 -42.8683 9
      vertex 27.5007 -41.1577 3
      vertex 24.75 -42.8683 3
    endloop
  endfacet
  facet normal 0.881926 -0.471388 0
    outer loop
      vertex -44.3952 21.8933 9
      vertex -42.8683 24.75 3
      vertex -42.8683 24.75 9
    endloop
  endfacet
  facet normal 0.881926 -0.471388 0
    outer loop
      vertex -42.8683 24.75 3
      vertex -44.3952 21.8933 9
      vertex -44.3952 21.8933 3
    endloop
  endfacet
  facet normal -0.634394 -0.77301 0
    outer loop
      vertex 30.1337 39.271 3
      vertex 32.6376 37.2161 9
      vertex 30.1337 39.271 9
    endloop
  endfacet
  facet normal -0.634394 -0.77301 -0
    outer loop
      vertex 32.6376 37.2161 9
      vertex 30.1337 39.271 3
      vertex 32.6376 37.2161 3
    endloop
  endfacet
  facet normal -0.528091 -0.849188 0
    outer loop
      vertex 24.75 42.8683 3
      vertex 27.5007 41.1577 9
      vertex 24.75 42.8683 9
    endloop
  endfacet
  facet normal -0.528091 -0.849188 -0
    outer loop
      vertex 27.5007 41.1577 9
      vertex 24.75 42.8683 3
      vertex 27.5007 41.1577 3
    endloop
  endfacet
  facet normal 0.77301 0.634394 0
    outer loop
      vertex -37.2161 -32.6376 9
      vertex -39.271 -30.1337 3
      vertex -39.271 -30.1337 9
    endloop
  endfacet
  facet normal 0.77301 0.634394 0
    outer loop
      vertex -39.271 -30.1337 3
      vertex -37.2161 -32.6376 9
      vertex -37.2161 -32.6376 3
    endloop
  endfacet
  facet normal 0.935903 0.352257 0
    outer loop
      vertex -45.732 -18.9428 9
      vertex -46.873 -15.9113 3
      vertex -46.873 -15.9113 9
    endloop
  endfacet
  facet normal 0.935903 0.352257 0
    outer loop
      vertex -46.873 -15.9113 3
      vertex -45.732 -18.9428 9
      vertex -45.732 -18.9428 3
    endloop
  endfacet
  facet normal 0.227096 0.973872 -0
    outer loop
      vertex -9.65697 -48.5489 3
      vertex -12.8115 -47.8133 9
      vertex -9.65697 -48.5489 9
    endloop
  endfacet
  facet normal 0.227096 0.973872 0
    outer loop
      vertex -12.8115 -47.8133 9
      vertex -9.65697 -48.5489 3
      vertex -12.8115 -47.8133 3
    endloop
  endfacet
  facet normal -0.0980181 0.995185 0
    outer loop
      vertex 6.46105 -49.0765 3
      vertex 3.23745 -49.394 9
      vertex 6.46105 -49.0765 9
    endloop
  endfacet
  facet normal -0.0980181 0.995185 0
    outer loop
      vertex 3.23745 -49.394 9
      vertex 6.46105 -49.0765 3
      vertex 3.23745 -49.394 3
    endloop
  endfacet
  facet normal 0.995185 0.0980181 0
    outer loop
      vertex -49.0765 -6.46105 9
      vertex -49.394 -3.23745 3
      vertex -49.394 -3.23745 9
    endloop
  endfacet
  facet normal 0.995185 0.0980181 0
    outer loop
      vertex -49.394 -3.23745 3
      vertex -49.0765 -6.46105 9
      vertex -49.0765 -6.46105 3
    endloop
  endfacet
  facet normal 0.729866 -0.68359 0
    outer loop
      vertex -37.2161 32.6376 9
      vertex -35.0018 35.0018 3
      vertex -35.0018 35.0018 9
    endloop
  endfacet
  facet normal 0.729866 -0.68359 0
    outer loop
      vertex -35.0018 35.0018 3
      vertex -37.2161 32.6376 9
      vertex -37.2161 32.6376 3
    endloop
  endfacet
  facet normal -0.471388 -0.881926 0
    outer loop
      vertex 21.8933 44.3952 3
      vertex 24.75 42.8683 9
      vertex 21.8933 44.3952 9
    endloop
  endfacet
  facet normal -0.471388 -0.881926 -0
    outer loop
      vertex 24.75 42.8683 9
      vertex 21.8933 44.3952 3
      vertex 24.75 42.8683 3
    endloop
  endfacet
  facet normal 0.729866 0.68359 0
    outer loop
      vertex -35.0018 -35.0018 9
      vertex -37.2161 -32.6376 3
      vertex -37.2161 -32.6376 9
    endloop
  endfacet
  facet normal 0.729866 0.68359 0
    outer loop
      vertex -37.2161 -32.6376 3
      vertex -35.0018 -35.0018 9
      vertex -35.0018 -35.0018 3
    endloop
  endfacet
  facet normal -0.973872 0.227096 0
    outer loop
      vertex 47.8133 -12.8115 3
      vertex 48.5489 -9.65697 9
      vertex 48.5489 -9.65697 3
    endloop
  endfacet
  facet normal -0.973872 0.227096 0
    outer loop
      vertex 48.5489 -9.65697 9
      vertex 47.8133 -12.8115 3
      vertex 47.8133 -12.8115 9
    endloop
  endfacet
  facet normal -0.973872 -0.227096 0
    outer loop
      vertex 48.5489 9.65697 3
      vertex 47.8133 12.8115 9
      vertex 47.8133 12.8115 3
    endloop
  endfacet
  facet normal -0.973872 -0.227096 0
    outer loop
      vertex 47.8133 12.8115 9
      vertex 48.5489 9.65697 3
      vertex 48.5489 9.65697 9
    endloop
  endfacet
  facet normal -0.849188 -0.528091 0
    outer loop
      vertex 42.8683 24.75 3
      vertex 41.1577 27.5007 9
      vertex 41.1577 27.5007 3
    endloop
  endfacet
  facet normal -0.849188 -0.528091 0
    outer loop
      vertex 41.1577 27.5007 9
      vertex 42.8683 24.75 3
      vertex 42.8683 24.75 9
    endloop
  endfacet
  facet normal -0.956942 0.290281 0
    outer loop
      vertex 46.873 -15.9113 3
      vertex 47.8133 -12.8115 9
      vertex 47.8133 -12.8115 3
    endloop
  endfacet
  facet normal -0.956942 0.290281 0
    outer loop
      vertex 47.8133 -12.8115 9
      vertex 46.873 -15.9113 3
      vertex 46.873 -15.9113 9
    endloop
  endfacet
  facet normal -0.935903 -0.352257 0
    outer loop
      vertex 46.873 15.9113 3
      vertex 45.732 18.9428 9
      vertex 45.732 18.9428 3
    endloop
  endfacet
  facet normal -0.935903 -0.352257 0
    outer loop
      vertex 45.732 18.9428 9
      vertex 46.873 15.9113 3
      vertex 46.873 15.9113 9
    endloop
  endfacet
  facet normal 0.935903 -0.352257 0
    outer loop
      vertex -46.873 15.9113 9
      vertex -45.732 18.9428 3
      vertex -45.732 18.9428 9
    endloop
  endfacet
  facet normal 0.935903 -0.352257 0
    outer loop
      vertex -45.732 18.9428 3
      vertex -46.873 15.9113 9
      vertex -46.873 15.9113 3
    endloop
  endfacet
  facet normal -0.956942 -0.290281 0
    outer loop
      vertex 47.8133 12.8115 3
      vertex 46.873 15.9113 9
      vertex 46.873 15.9113 3
    endloop
  endfacet
  facet normal -0.956942 -0.290281 0
    outer loop
      vertex 46.873 15.9113 9
      vertex 47.8133 12.8115 3
      vertex 47.8133 12.8115 9
    endloop
  endfacet
  facet normal -0.162881 -0.986646 0
    outer loop
      vertex 6.46105 49.0765 3
      vertex 9.65697 48.5489 9
      vertex 6.46105 49.0765 9
    endloop
  endfacet
  facet normal -0.162881 -0.986646 -0
    outer loop
      vertex 9.65697 48.5489 9
      vertex 6.46105 49.0765 3
      vertex 9.65697 48.5489 3
    endloop
  endfacet
  facet normal -0.227096 0.973872 0
    outer loop
      vertex 12.8115 -47.8133 3
      vertex 9.65697 -48.5489 9
      vertex 12.8115 -47.8133 9
    endloop
  endfacet
  facet normal -0.227096 0.973872 0
    outer loop
      vertex 9.65697 -48.5489 9
      vertex 12.8115 -47.8133 3
      vertex 9.65697 -48.5489 3
    endloop
  endfacet
  facet normal -0.634394 0.77301 0
    outer loop
      vertex 32.6376 -37.2161 3
      vertex 30.1337 -39.271 9
      vertex 32.6376 -37.2161 9
    endloop
  endfacet
  facet normal -0.634394 0.77301 0
    outer loop
      vertex 30.1337 -39.271 9
      vertex 32.6376 -37.2161 3
      vertex 30.1337 -39.271 3
    endloop
  endfacet
  facet normal 0.973872 0.227096 0
    outer loop
      vertex -47.8133 -12.8115 9
      vertex -48.5489 -9.65697 3
      vertex -48.5489 -9.65697 9
    endloop
  endfacet
  facet normal 0.973872 0.227096 0
    outer loop
      vertex -48.5489 -9.65697 3
      vertex -47.8133 -12.8115 9
      vertex -47.8133 -12.8115 3
    endloop
  endfacet
  facet normal 0.0980181 0.995185 -0
    outer loop
      vertex -3.23745 -49.394 3
      vertex -6.46105 -49.0765 9
      vertex -3.23745 -49.394 9
    endloop
  endfacet
  facet normal 0.0980181 0.995185 0
    outer loop
      vertex -6.46105 -49.0765 9
      vertex -3.23745 -49.394 3
      vertex -6.46105 -49.0765 3
    endloop
  endfacet
  facet normal 0.634394 0.77301 -0
    outer loop
      vertex -30.1337 -39.271 3
      vertex -32.6376 -37.2161 9
      vertex -30.1337 -39.271 9
    endloop
  endfacet
  facet normal 0.634394 0.77301 0
    outer loop
      vertex -32.6376 -37.2161 9
      vertex -30.1337 -39.271 3
      vertex -32.6376 -37.2161 3
    endloop
  endfacet
  facet normal -0.881926 0.471388 0
    outer loop
      vertex 42.8683 -24.75 3
      vertex 44.3952 -21.8933 9
      vertex 44.3952 -21.8933 3
    endloop
  endfacet
  facet normal -0.881926 0.471388 0
    outer loop
      vertex 44.3952 -21.8933 9
      vertex 42.8683 -24.75 3
      vertex 42.8683 -24.75 9
    endloop
  endfacet
  facet normal 0.528091 -0.849188 0
    outer loop
      vertex -27.5007 41.1577 3
      vertex -24.75 42.8683 9
      vertex -27.5007 41.1577 9
    endloop
  endfacet
  facet normal 0.528091 -0.849188 0
    outer loop
      vertex -24.75 42.8683 9
      vertex -27.5007 41.1577 3
      vertex -24.75 42.8683 3
    endloop
  endfacet
  facet normal 0.0327243 -0.999464 0
    outer loop
      vertex -3.23745 49.394 3
      vertex 0 49.5 9
      vertex -3.23745 49.394 9
    endloop
  endfacet
  facet normal 0.0327243 -0.999464 0
    outer loop
      vertex 0 49.5 9
      vertex -3.23745 49.394 3
      vertex 0 49.5 3
    endloop
  endfacet
  facet normal 0.812859 -0.582461 0
    outer loop
      vertex -41.1577 27.5007 9
      vertex -39.271 30.1337 3
      vertex -39.271 30.1337 9
    endloop
  endfacet
  facet normal 0.812859 -0.582461 0
    outer loop
      vertex -39.271 30.1337 3
      vertex -41.1577 27.5007 9
      vertex -41.1577 27.5007 3
    endloop
  endfacet
  facet normal 0.999464 0.0327243 0
    outer loop
      vertex -49.394 -3.23745 9
      vertex -49.5 0 3
      vertex -49.5 0 9
    endloop
  endfacet
  facet normal 0.999464 0.0327243 0
    outer loop
      vertex -49.5 0 3
      vertex -49.394 -3.23745 9
      vertex -49.394 -3.23745 3
    endloop
  endfacet
  facet normal 0.528091 0.849188 -0
    outer loop
      vertex -24.75 -42.8683 3
      vertex -27.5007 -41.1577 9
      vertex -24.75 -42.8683 9
    endloop
  endfacet
  facet normal 0.528091 0.849188 0
    outer loop
      vertex -27.5007 -41.1577 9
      vertex -24.75 -42.8683 3
      vertex -27.5007 -41.1577 3
    endloop
  endfacet
  facet normal -0.0327243 -0.999464 0
    outer loop
      vertex 0 49.5 3
      vertex 3.23745 49.394 9
      vertex 0 49.5 9
    endloop
  endfacet
  facet normal -0.0327243 -0.999464 -0
    outer loop
      vertex 3.23745 49.394 9
      vertex 0 49.5 3
      vertex 3.23745 49.394 3
    endloop
  endfacet
  facet normal -0.77301 0.634394 0
    outer loop
      vertex 37.2161 -32.6376 3
      vertex 39.271 -30.1337 9
      vertex 39.271 -30.1337 3
    endloop
  endfacet
  facet normal -0.77301 0.634394 0
    outer loop
      vertex 39.271 -30.1337 9
      vertex 37.2161 -32.6376 3
      vertex 37.2161 -32.6376 9
    endloop
  endfacet
  facet normal -0.412693 -0.91087 0
    outer loop
      vertex 18.9428 45.732 3
      vertex 21.8933 44.3952 9
      vertex 18.9428 45.732 9
    endloop
  endfacet
  facet normal -0.412693 -0.91087 -0
    outer loop
      vertex 21.8933 44.3952 9
      vertex 18.9428 45.732 3
      vertex 21.8933 44.3952 3
    endloop
  endfacet
  facet normal -0.352257 0.935903 0
    outer loop
      vertex 18.9428 -45.732 3
      vertex 15.9113 -46.873 9
      vertex 18.9428 -45.732 9
    endloop
  endfacet
  facet normal -0.352257 0.935903 0
    outer loop
      vertex 15.9113 -46.873 9
      vertex 18.9428 -45.732 3
      vertex 15.9113 -46.873 3
    endloop
  endfacet
  facet normal -0.729866 -0.68359 0
    outer loop
      vertex 37.2161 32.6376 3
      vertex 35.0018 35.0018 9
      vertex 35.0018 35.0018 3
    endloop
  endfacet
  facet normal -0.729866 -0.68359 0
    outer loop
      vertex 35.0018 35.0018 9
      vertex 37.2161 32.6376 3
      vertex 37.2161 32.6376 9
    endloop
  endfacet
  facet normal 0.986646 -0.162881 0
    outer loop
      vertex -49.0765 6.46105 9
      vertex -48.5489 9.65697 3
      vertex -48.5489 9.65697 9
    endloop
  endfacet
  facet normal 0.986646 -0.162881 0
    outer loop
      vertex -48.5489 9.65697 3
      vertex -49.0765 6.46105 9
      vertex -49.0765 6.46105 3
    endloop
  endfacet
  facet normal -0.582461 -0.812859 0
    outer loop
      vertex 27.5007 41.1577 3
      vertex 30.1337 39.271 9
      vertex 27.5007 41.1577 9
    endloop
  endfacet
  facet normal -0.582461 -0.812859 -0
    outer loop
      vertex 30.1337 39.271 9
      vertex 27.5007 41.1577 3
      vertex 30.1337 39.271 3
    endloop
  endfacet
  facet normal -0.729866 0.68359 0
    outer loop
      vertex 35.0018 -35.0018 3
      vertex 37.2161 -32.6376 9
      vertex 37.2161 -32.6376 3
    endloop
  endfacet
  facet normal -0.729866 0.68359 0
    outer loop
      vertex 37.2161 -32.6376 9
      vertex 35.0018 -35.0018 3
      vertex 35.0018 -35.0018 9
    endloop
  endfacet
  facet normal 0.0327243 0.999464 -0
    outer loop
      vertex 0 -49.5 3
      vertex -3.23745 -49.394 9
      vertex 0 -49.5 9
    endloop
  endfacet
  facet normal 0.0327243 0.999464 0
    outer loop
      vertex -3.23745 -49.394 9
      vertex 0 -49.5 3
      vertex -3.23745 -49.394 3
    endloop
  endfacet
  facet normal -0.91087 0.412693 0
    outer loop
      vertex 44.3952 -21.8933 3
      vertex 45.732 -18.9428 9
      vertex 45.732 -18.9428 3
    endloop
  endfacet
  facet normal -0.91087 0.412693 0
    outer loop
      vertex 45.732 -18.9428 9
      vertex 44.3952 -21.8933 3
      vertex 44.3952 -21.8933 9
    endloop
  endfacet
  facet normal 0.162881 -0.986646 0
    outer loop
      vertex -9.65697 48.5489 3
      vertex -6.46105 49.0765 9
      vertex -9.65697 48.5489 9
    endloop
  endfacet
  facet normal 0.162881 -0.986646 0
    outer loop
      vertex -6.46105 49.0765 9
      vertex -9.65697 48.5489 3
      vertex -6.46105 49.0765 3
    endloop
  endfacet
  facet normal -0.935903 0.352257 0
    outer loop
      vertex 45.732 -18.9428 3
      vertex 46.873 -15.9113 9
      vertex 46.873 -15.9113 3
    endloop
  endfacet
  facet normal -0.935903 0.352257 0
    outer loop
      vertex 46.873 -15.9113 9
      vertex 45.732 -18.9428 3
      vertex 45.732 -18.9428 9
    endloop
  endfacet
  facet normal -0.986659 0.162799 0
    outer loop
      vertex 48.6573 -9 3
      vertex 48.5489 -9.65697 3
      vertex 48.6573 -9 3.1
    endloop
  endfacet
  facet normal -0.986642 0.162902 0
    outer loop
      vertex 48.6573 -9 3.1
      vertex 49.0765 -6.46105 9
      vertex 49.0765 -6.46105 3.1
    endloop
  endfacet
  facet normal -0.986659 0.162799 0
    outer loop
      vertex 48.5489 -9.65697 9
      vertex 48.6573 -9 3.1
      vertex 48.5489 -9.65697 3
    endloop
  endfacet
  facet normal -0.986646 0.162881 9.39996e-06
    outer loop
      vertex 48.6573 -9 3.1
      vertex 48.5489 -9.65697 9
      vertex 49.0765 -6.46105 9
    endloop
  endfacet
  facet normal 0.849188 -0.528091 0
    outer loop
      vertex -42.8683 24.75 9
      vertex -41.1577 27.5007 3
      vertex -41.1577 27.5007 9
    endloop
  endfacet
  facet normal 0.849188 -0.528091 0
    outer loop
      vertex -41.1577 27.5007 3
      vertex -42.8683 24.75 9
      vertex -42.8683 24.75 3
    endloop
  endfacet
  facet normal 0.290281 0.956942 -0
    outer loop
      vertex -12.8115 -47.8133 3
      vertex -15.9113 -46.873 9
      vertex -12.8115 -47.8133 9
    endloop
  endfacet
  facet normal 0.290281 0.956942 0
    outer loop
      vertex -15.9113 -46.873 9
      vertex -12.8115 -47.8133 3
      vertex -15.9113 -46.873 3
    endloop
  endfacet
  facet normal 0.956942 0.290281 0
    outer loop
      vertex -46.873 -15.9113 9
      vertex -47.8133 -12.8115 3
      vertex -47.8133 -12.8115 9
    endloop
  endfacet
  facet normal 0.956942 0.290281 0
    outer loop
      vertex -47.8133 -12.8115 3
      vertex -46.873 -15.9113 9
      vertex -46.873 -15.9113 3
    endloop
  endfacet
  facet normal -0.162881 0.986646 0
    outer loop
      vertex 9.65697 -48.5489 3
      vertex 6.46105 -49.0765 9
      vertex 9.65697 -48.5489 9
    endloop
  endfacet
  facet normal -0.162881 0.986646 0
    outer loop
      vertex 6.46105 -49.0765 9
      vertex 9.65697 -48.5489 3
      vertex 6.46105 -49.0765 3
    endloop
  endfacet
  facet normal 0.849188 0.528091 0
    outer loop
      vertex -41.1577 -27.5007 9
      vertex -42.8683 -24.75 3
      vertex -42.8683 -24.75 9
    endloop
  endfacet
  facet normal 0.849188 0.528091 0
    outer loop
      vertex -42.8683 -24.75 3
      vertex -41.1577 -27.5007 9
      vertex -41.1577 -27.5007 3
    endloop
  endfacet
  facet normal 0.995185 -0.0980181 0
    outer loop
      vertex -49.394 3.23745 9
      vertex -49.0765 6.46105 3
      vertex -49.0765 6.46105 9
    endloop
  endfacet
  facet normal 0.995185 -0.0980181 0
    outer loop
      vertex -49.0765 6.46105 3
      vertex -49.394 3.23745 9
      vertex -49.394 3.23745 3
    endloop
  endfacet
  facet normal -0.881926 -0.471388 0
    outer loop
      vertex 44.3952 21.8933 3
      vertex 42.8683 24.75 9
      vertex 42.8683 24.75 3
    endloop
  endfacet
  facet normal -0.881926 -0.471388 0
    outer loop
      vertex 42.8683 24.75 9
      vertex 44.3952 21.8933 3
      vertex 44.3952 21.8933 9
    endloop
  endfacet
  facet normal 0.999464 -0.0327243 0
    outer loop
      vertex -49.5 0 9
      vertex -49.394 3.23745 3
      vertex -49.394 3.23745 9
    endloop
  endfacet
  facet normal 0.999464 -0.0327243 0
    outer loop
      vertex -49.394 3.23745 3
      vertex -49.5 0 9
      vertex -49.5 0 3
    endloop
  endfacet
  facet normal 0.973872 -0.227096 0
    outer loop
      vertex -48.5489 9.65697 9
      vertex -47.8133 12.8115 3
      vertex -47.8133 12.8115 9
    endloop
  endfacet
  facet normal 0.973872 -0.227096 0
    outer loop
      vertex -47.8133 12.8115 3
      vertex -48.5489 9.65697 9
      vertex -48.5489 9.65697 3
    endloop
  endfacet
  facet normal -0.352257 -0.935903 0
    outer loop
      vertex 15.9113 46.873 3
      vertex 18.9428 45.732 9
      vertex 15.9113 46.873 9
    endloop
  endfacet
  facet normal -0.352257 -0.935903 -0
    outer loop
      vertex 18.9428 45.732 9
      vertex 15.9113 46.873 3
      vertex 18.9428 45.732 3
    endloop
  endfacet
  facet normal -0.0980181 -0.995185 0
    outer loop
      vertex 3.23745 49.394 3
      vertex 6.46105 49.0765 9
      vertex 3.23745 49.394 9
    endloop
  endfacet
  facet normal -0.0980181 -0.995185 -0
    outer loop
      vertex 6.46105 49.0765 9
      vertex 3.23745 49.394 3
      vertex 6.46105 49.0765 3
    endloop
  endfacet
  facet normal -0.68359 0.729866 0
    outer loop
      vertex 35.0018 -35.0018 3
      vertex 32.6376 -37.2161 9
      vertex 35.0018 -35.0018 9
    endloop
  endfacet
  facet normal -0.68359 0.729866 0
    outer loop
      vertex 32.6376 -37.2161 9
      vertex 35.0018 -35.0018 3
      vertex 32.6376 -37.2161 3
    endloop
  endfacet
  facet normal 0.91087 -0.412693 0
    outer loop
      vertex -45.732 18.9428 9
      vertex -44.3952 21.8933 3
      vertex -44.3952 21.8933 9
    endloop
  endfacet
  facet normal 0.91087 -0.412693 0
    outer loop
      vertex -44.3952 21.8933 3
      vertex -45.732 18.9428 9
      vertex -45.732 18.9428 3
    endloop
  endfacet
  facet normal -0.849188 0.528091 0
    outer loop
      vertex 41.1577 -27.5007 3
      vertex 42.8683 -24.75 9
      vertex 42.8683 -24.75 3
    endloop
  endfacet
  facet normal -0.849188 0.528091 0
    outer loop
      vertex 42.8683 -24.75 9
      vertex 41.1577 -27.5007 3
      vertex 41.1577 -27.5007 9
    endloop
  endfacet
  facet normal -0.412693 0.91087 0
    outer loop
      vertex 21.8933 -44.3952 3
      vertex 18.9428 -45.732 9
      vertex 21.8933 -44.3952 9
    endloop
  endfacet
  facet normal -0.412693 0.91087 0
    outer loop
      vertex 18.9428 -45.732 9
      vertex 21.8933 -44.3952 3
      vertex 18.9428 -45.732 3
    endloop
  endfacet
  facet normal -0.812859 0.582461 0
    outer loop
      vertex 39.271 -30.1337 3
      vertex 41.1577 -27.5007 9
      vertex 41.1577 -27.5007 3
    endloop
  endfacet
  facet normal -0.812859 0.582461 0
    outer loop
      vertex 41.1577 -27.5007 9
      vertex 39.271 -30.1337 3
      vertex 39.271 -30.1337 9
    endloop
  endfacet
  facet normal -0.999464 0.0327243 0
    outer loop
      vertex 49.394 -3.23745 3.1
      vertex 49.5 0 9
      vertex 49.5 0 3.1
    endloop
  endfacet
  facet normal -0.999464 0.0327243 0
    outer loop
      vertex 49.5 0 9
      vertex 49.394 -3.23745 3.1
      vertex 49.394 -3.23745 9
    endloop
  endfacet
  facet normal -0.812859 -0.582461 0
    outer loop
      vertex 41.1577 27.5007 3
      vertex 39.271 30.1337 9
      vertex 39.271 30.1337 3
    endloop
  endfacet
  facet normal -0.812859 -0.582461 0
    outer loop
      vertex 39.271 30.1337 9
      vertex 41.1577 27.5007 3
      vertex 41.1577 27.5007 9
    endloop
  endfacet
  facet normal 0.290281 -0.956942 0
    outer loop
      vertex -15.9113 46.873 3
      vertex -12.8115 47.8133 9
      vertex -15.9113 46.873 9
    endloop
  endfacet
  facet normal 0.290281 -0.956942 0
    outer loop
      vertex -12.8115 47.8133 9
      vertex -15.9113 46.873 3
      vertex -12.8115 47.8133 3
    endloop
  endfacet
  facet normal 0.227096 -0.973872 0
    outer loop
      vertex -12.8115 47.8133 3
      vertex -9.65697 48.5489 9
      vertex -12.8115 47.8133 9
    endloop
  endfacet
  facet normal 0.227096 -0.973872 0
    outer loop
      vertex -9.65697 48.5489 9
      vertex -12.8115 47.8133 3
      vertex -9.65697 48.5489 3
    endloop
  endfacet
  facet normal -0.77301 -0.634394 0
    outer loop
      vertex 39.271 30.1337 3
      vertex 37.2161 32.6376 9
      vertex 37.2161 32.6376 3
    endloop
  endfacet
  facet normal -0.77301 -0.634394 0
    outer loop
      vertex 37.2161 32.6376 9
      vertex 39.271 30.1337 3
      vertex 39.271 30.1337 9
    endloop
  endfacet
  facet normal 0.91087 0.412693 0
    outer loop
      vertex -44.3952 -21.8933 9
      vertex -45.732 -18.9428 3
      vertex -45.732 -18.9428 9
    endloop
  endfacet
  facet normal 0.91087 0.412693 0
    outer loop
      vertex -45.732 -18.9428 3
      vertex -44.3952 -21.8933 9
      vertex -44.3952 -21.8933 3
    endloop
  endfacet
  facet normal 0.68359 0.729866 -0
    outer loop
      vertex -32.6376 -37.2161 3
      vertex -35.0018 -35.0018 9
      vertex -32.6376 -37.2161 9
    endloop
  endfacet
  facet normal 0.68359 0.729866 0
    outer loop
      vertex -35.0018 -35.0018 9
      vertex -32.6376 -37.2161 3
      vertex -35.0018 -35.0018 3
    endloop
  endfacet
  facet normal 0.881926 0.471388 0
    outer loop
      vertex -42.8683 -24.75 9
      vertex -44.3952 -21.8933 3
      vertex -44.3952 -21.8933 9
    endloop
  endfacet
  facet normal 0.881926 0.471388 0
    outer loop
      vertex -44.3952 -21.8933 3
      vertex -42.8683 -24.75 9
      vertex -42.8683 -24.75 3
    endloop
  endfacet
  facet normal -0.227096 -0.973872 0
    outer loop
      vertex 9.65697 48.5489 3
      vertex 12.8115 47.8133 9
      vertex 9.65697 48.5489 9
    endloop
  endfacet
  facet normal -0.227096 -0.973872 -0
    outer loop
      vertex 12.8115 47.8133 9
      vertex 9.65697 48.5489 3
      vertex 12.8115 47.8133 3
    endloop
  endfacet
  facet normal 0.634394 -0.77301 0
    outer loop
      vertex -32.6376 37.2161 3
      vertex -30.1337 39.271 9
      vertex -32.6376 37.2161 9
    endloop
  endfacet
  facet normal 0.634394 -0.77301 0
    outer loop
      vertex -30.1337 39.271 9
      vertex -32.6376 37.2161 3
      vertex -30.1337 39.271 3
    endloop
  endfacet
  facet normal 0.582461 -0.812859 0
    outer loop
      vertex -30.1337 39.271 3
      vertex -27.5007 41.1577 9
      vertex -30.1337 39.271 9
    endloop
  endfacet
  facet normal 0.582461 -0.812859 0
    outer loop
      vertex -27.5007 41.1577 9
      vertex -30.1337 39.271 3
      vertex -27.5007 41.1577 3
    endloop
  endfacet
  facet normal -0.290281 -0.956942 0
    outer loop
      vertex 12.8115 47.8133 3
      vertex 15.9113 46.873 9
      vertex 12.8115 47.8133 9
    endloop
  endfacet
  facet normal -0.290281 -0.956942 -0
    outer loop
      vertex 15.9113 46.873 9
      vertex 12.8115 47.8133 3
      vertex 15.9113 46.873 3
    endloop
  endfacet
  facet normal 0.412693 0.91087 -0
    outer loop
      vertex -18.9428 -45.732 3
      vertex -21.8933 -44.3952 9
      vertex -18.9428 -45.732 9
    endloop
  endfacet
  facet normal 0.412693 0.91087 0
    outer loop
      vertex -21.8933 -44.3952 9
      vertex -18.9428 -45.732 3
      vertex -21.8933 -44.3952 3
    endloop
  endfacet
  facet normal 0.471388 -0.881926 0
    outer loop
      vertex -24.75 42.8683 3
      vertex -21.8933 44.3952 9
      vertex -24.75 42.8683 9
    endloop
  endfacet
  facet normal 0.471388 -0.881926 0
    outer loop
      vertex -21.8933 44.3952 9
      vertex -24.75 42.8683 3
      vertex -21.8933 44.3952 3
    endloop
  endfacet
  facet normal -0.582461 0.812859 0
    outer loop
      vertex 30.1337 -39.271 3
      vertex 27.5007 -41.1577 9
      vertex 30.1337 -39.271 9
    endloop
  endfacet
  facet normal -0.582461 0.812859 0
    outer loop
      vertex 27.5007 -41.1577 9
      vertex 30.1337 -39.271 3
      vertex 27.5007 -41.1577 3
    endloop
  endfacet
  facet normal 0.582461 0.812859 -0
    outer loop
      vertex -27.5007 -41.1577 3
      vertex -30.1337 -39.271 9
      vertex -27.5007 -41.1577 9
    endloop
  endfacet
  facet normal 0.582461 0.812859 0
    outer loop
      vertex -30.1337 -39.271 9
      vertex -27.5007 -41.1577 3
      vertex -30.1337 -39.271 3
    endloop
  endfacet
  facet normal 0.471388 0.881926 -0
    outer loop
      vertex -21.8933 -44.3952 3
      vertex -24.75 -42.8683 9
      vertex -21.8933 -44.3952 9
    endloop
  endfacet
  facet normal 0.471388 0.881926 0
    outer loop
      vertex -24.75 -42.8683 9
      vertex -21.8933 -44.3952 3
      vertex -24.75 -42.8683 3
    endloop
  endfacet
  facet normal 0 0 -1
    outer loop
      vertex 13 -9 0
      vertex 50.0201 -9.94961 0
      vertex 49.2622 -13.1998 0
    endloop
  endfacet
  facet normal 0 0 -1
    outer loop
      vertex 13 -9 0
      vertex 49.2622 -13.1998 0
      vertex 48.2934 -16.3934 0
    endloop
  endfacet
  facet normal 0 0 -1
    outer loop
      vertex 13 -9 0
      vertex 48.2934 -16.3934 0
      vertex 47.1179 -19.5169 0
    endloop
  endfacet
  facet normal 0 0 -1
    outer loop
      vertex 13 -9 0
      vertex 47.1179 -19.5169 0
      vertex 45.7405 -22.5567 0
    endloop
  endfacet
  facet normal 0 0 -1
    outer loop
      vertex 13 -9 0
      vertex 45.7405 -22.5567 0
      vertex 44.1673 -25.5 0
    endloop
  endfacet
  facet normal 0 0 -1
    outer loop
      vertex 13 -9 0
      vertex 44.1673 -25.5 0
      vertex 42.4049 -28.3341 0
    endloop
  endfacet
  facet normal 0 0 -1
    outer loop
      vertex 13 -9 0
      vertex 42.4049 -28.3341 0
      vertex 40.461 -31.0468 0
    endloop
  endfacet
  facet normal 0 0 -1
    outer loop
      vertex 13 -9 0
      vertex 40.461 -31.0468 0
      vertex 38.3438 -33.6266 0
    endloop
  endfacet
  facet normal 0 0 -1
    outer loop
      vertex 13 -9 0
      vertex 38.3438 -33.6266 0
      vertex 36.0624 -36.0624 0
    endloop
  endfacet
  facet normal 0 0 -1
    outer loop
      vertex 13 -9 0
      vertex 36.0624 -36.0624 0
      vertex 33.6266 -38.3438 0
    endloop
  endfacet
  facet normal 0 0 -1
    outer loop
      vertex 13 -9 0
      vertex 33.6266 -38.3438 0
      vertex 31.0468 -40.461 0
    endloop
  endfacet
  facet normal 0 0 -1
    outer loop
      vertex 13 -9 0
      vertex 31.0468 -40.461 0
      vertex 28.3341 -42.4049 0
    endloop
  endfacet
  facet normal 0 0 -1
    outer loop
      vertex 13 -9 0
      vertex 28.3341 -42.4049 0
      vertex 25.5 -44.1673 0
    endloop
  endfacet
  facet normal 0 0 -1
    outer loop
      vertex 13 -9 0
      vertex 25.5 -44.1673 0
      vertex 22.5567 -45.7405 0
    endloop
  endfacet
  facet normal 0 0 -1
    outer loop
      vertex 13 -9 0
      vertex 22.5567 -45.7405 0
      vertex 19.5169 -47.1179 0
    endloop
  endfacet
  facet normal 0 0 -1
    outer loop
      vertex 13 -9 0
      vertex 19.5169 -47.1179 0
      vertex 16.3934 -48.2934 0
    endloop
  endfacet
  facet normal 0 0 -1
    outer loop
      vertex 13 -9 0
      vertex 16.3934 -48.2934 0
      vertex 13.1998 -49.2622 0
    endloop
  endfacet
  facet normal 0 0 -1
    outer loop
      vertex 50.0201 -9.94961 0
      vertex 13 -9 0
      vertex 50.1768 -9 0
    endloop
  endfacet
  facet normal 0 0 -1
    outer loop
      vertex 6.65684 -50.5637 0
      vertex 13 -9 0
      vertex 9.94961 -50.0201 0
    endloop
  endfacet
  facet normal 0 0 -1
    outer loop
      vertex 9.94961 -50.0201 0
      vertex 13 -9 0
      vertex 13.1998 -49.2622 0
    endloop
  endfacet
  facet normal 0 0 -1
    outer loop
      vertex 13 9 0
      vertex 50.0201 9.94961 0
      vertex 50.1768 9 0
    endloop
  endfacet
  facet normal -0 0 -1
    outer loop
      vertex 50.0201 9.94961 0
      vertex 13 9 0
      vertex 49.2622 13.1998 0
    endloop
  endfacet
  facet normal -0 0 -1
    outer loop
      vertex 49.2622 13.1998 0
      vertex 13 9 0
      vertex 48.2934 16.3934 0
    endloop
  endfacet
  facet normal -0 0 -1
    outer loop
      vertex 48.2934 16.3934 0
      vertex 13 9 0
      vertex 47.1179 19.5169 0
    endloop
  endfacet
  facet normal -0 0 -1
    outer loop
      vertex 47.1179 19.5169 0
      vertex 13 9 0
      vertex 45.7405 22.5567 0
    endloop
  endfacet
  facet normal -0 0 -1
    outer loop
      vertex 45.7405 22.5567 0
      vertex 13 9 0
      vertex 44.1673 25.5 0
    endloop
  endfacet
  facet normal -0 0 -1
    outer loop
      vertex 44.1673 25.5 0
      vertex 13 9 0
      vertex 42.4049 28.3341 0
    endloop
  endfacet
  facet normal -0 0 -1
    outer loop
      vertex 42.4049 28.3341 0
      vertex 13 9 0
      vertex 40.461 31.0468 0
    endloop
  endfacet
  facet normal -0 0 -1
    outer loop
      vertex 40.461 31.0468 0
      vertex 13 9 0
      vertex 38.3438 33.6266 0
    endloop
  endfacet
  facet normal -0 0 -1
    outer loop
      vertex 38.3438 33.6266 0
      vertex 13 9 0
      vertex 36.0624 36.0624 0
    endloop
  endfacet
  facet normal -0 0 -1
    outer loop
      vertex 36.0624 36.0624 0
      vertex 13 9 0
      vertex 33.6266 38.3438 0
    endloop
  endfacet
  facet normal -0 0 -1
    outer loop
      vertex 33.6266 38.3438 0
      vertex 13 9 0
      vertex 31.0468 40.461 0
    endloop
  endfacet
  facet normal -0 0 -1
    outer loop
      vertex 31.0468 40.461 0
      vertex 13 9 0
      vertex 28.3341 42.4049 0
    endloop
  endfacet
  facet normal -0 0 -1
    outer loop
      vertex 28.3341 42.4049 0
      vertex 13 9 0
      vertex 25.5 44.1673 0
    endloop
  endfacet
  facet normal -0 0 -1
    outer loop
      vertex 25.5 44.1673 0
      vertex 13 9 0
      vertex 22.5567 45.7405 0
    endloop
  endfacet
  facet normal -0 0 -1
    outer loop
      vertex 22.5567 45.7405 0
      vertex 13 9 0
      vertex 19.5169 47.1179 0
    endloop
  endfacet
  facet normal -0 0 -1
    outer loop
      vertex 19.5169 47.1179 0
      vertex 13 9 0
      vertex 16.3934 48.2934 0
    endloop
  endfacet
  facet normal -0 0 -1
    outer loop
      vertex 16.3934 48.2934 0
      vertex 13 9 0
      vertex 13.1998 49.2622 0
    endloop
  endfacet
  facet normal 0 -0 -1
    outer loop
      vertex 5.54328 -2.2961 0
      vertex 13 -9 0
      vertex 5.38124 -2.65373 0
    endloop
  endfacet
  facet normal 0 0 -1
    outer loop
      vertex 5.98715 0.392418 0
      vertex 13 9 0
      vertex 6 0 0
    endloop
  endfacet
  facet normal 0 0 -1
    outer loop
      vertex 6 -50.6284 0
      vertex 13 -9 0
      vertex 6.65684 -50.5637 0
    endloop
  endfacet
  facet normal 0 0 -1
    outer loop
      vertex 5.94867 0.783156 0
      vertex 13 9 0
      vertex 5.98715 0.392418 0
    endloop
  endfacet
  facet normal 0 0 -1
    outer loop
      vertex 0.392418 -5.98715 0
      vertex 13 -9 0
      vertex 6 -50.6284 0
    endloop
  endfacet
  facet normal 0 0 -1
    outer loop
      vertex 5.88471 1.17054 0
      vertex 13 9 0
      vertex 5.94867 0.783156 0
    endloop
  endfacet
  facet normal 0 0 -1
    outer loop
      vertex 5.79555 1.55291 0
      vertex 13 9 0
      vertex 5.88471 1.17054 0
    endloop
  endfacet
  facet normal 0 0 -1
    outer loop
      vertex 5.68158 1.92864 0
      vertex 13 9 0
      vertex 5.79555 1.55291 0
    endloop
  endfacet
  facet normal 0 0 -1
    outer loop
      vertex 5.54328 2.2961 0
      vertex 13 9 0
      vertex 5.68158 1.92864 0
    endloop
  endfacet
  facet normal 0 0 -1
    outer loop
      vertex 5.38124 2.65373 0
      vertex 13 9 0
      vertex 5.54328 2.2961 0
    endloop
  endfacet
  facet normal 0 0 -1
    outer loop
      vertex 5.19615 3 0
      vertex 13 9 0
      vertex 5.38124 2.65373 0
    endloop
  endfacet
  facet normal 0 0 -1
    outer loop
      vertex 4.98882 3.33342 0
      vertex 13 9 0
      vertex 5.19615 3 0
    endloop
  endfacet
  facet normal 0 0 -1
    outer loop
      vertex 4.76012 3.65257 0
      vertex 13 9 0
      vertex 4.98882 3.33342 0
    endloop
  endfacet
  facet normal 0 0 -1
    outer loop
      vertex 4.51104 3.95607 0
      vertex 13 9 0
      vertex 4.76012 3.65257 0
    endloop
  endfacet
  facet normal 0 0 -1
    outer loop
      vertex 4.24264 4.24264 0
      vertex 13 9 0
      vertex 4.51104 3.95607 0
    endloop
  endfacet
  facet normal 0 0 -1
    outer loop
      vertex 3.95607 4.51104 0
      vertex 13 9 0
      vertex 4.24264 4.24264 0
    endloop
  endfacet
  facet normal 0 0 -1
    outer loop
      vertex 3.65257 4.76012 0
      vertex 13 9 0
      vertex 3.95607 4.51104 0
    endloop
  endfacet
  facet normal 0 0 -1
    outer loop
      vertex 3.33342 4.98882 0
      vertex 13 9 0
      vertex 3.65257 4.76012 0
    endloop
  endfacet
  facet normal 0 0 -1
    outer loop
      vertex 3 5.19615 0
      vertex 13 9 0
      vertex 3.33342 4.98882 0
    endloop
  endfacet
  facet normal 0 0 -1
    outer loop
      vertex 2.65373 5.38124 0
      vertex 13 9 0
      vertex 3 5.19615 0
    endloop
  endfacet
  facet normal 0 0 -1
    outer loop
      vertex 2.2961 5.54328 0
      vertex 13 9 0
      vertex 2.65373 5.38124 0
    endloop
  endfacet
  facet normal 0 0 -1
    outer loop
      vertex 1.92864 5.68158 0
      vertex 13 9 0
      vertex 2.2961 5.54328 0
    endloop
  endfacet
  facet normal 0 0 -1
    outer loop
      vertex 1.55291 5.79555 0
      vertex 13 9 0
      vertex 1.92864 5.68158 0
    endloop
  endfacet
  facet normal 0 0 -1
    outer loop
      vertex 1.17054 5.88471 0
      vertex 13 9 0
      vertex 1.55291 5.79555 0
    endloop
  endfacet
  facet normal 0 0 -1
    outer loop
      vertex 13 9 0
      vertex 9.94961 50.0201 0
      vertex 13.1998 49.2622 0
    endloop
  endfacet
  facet normal 0 0 -1
    outer loop
      vertex 0.783156 5.94867 0
      vertex 13 9 0
      vertex 1.17054 5.88471 0
    endloop
  endfacet
  facet normal 0 0 -1
    outer loop
      vertex 13 9 0
      vertex 6.65684 50.5637 0
      vertex 9.94961 50.0201 0
    endloop
  endfacet
  facet normal 0 0 -1
    outer loop
      vertex 0.392418 5.98715 0
      vertex 13 9 0
      vertex 0.783156 5.94867 0
    endloop
  endfacet
  facet normal 0 0 -1
    outer loop
      vertex 13 9 0
      vertex 6 50.6284 0
      vertex 6.65684 50.5637 0
    endloop
  endfacet
  facet normal -0 0 -1
    outer loop
      vertex 13 9 0
      vertex 0.392418 5.98715 0
      vertex 6 50.6284 0
    endloop
  endfacet
  facet normal 0 0 -1
    outer loop
      vertex 0 6 0
      vertex 6 50.6284 0
      vertex 0.392418 5.98715 0
    endloop
  endfacet
  facet normal -0 0 -1
    outer loop
      vertex 6 50.6284 0
      vertex 0 6 0
      vertex -6 50.6284 0
    endloop
  endfacet
  facet normal 0 0 -1
    outer loop
      vertex -6 50.6284 0
      vertex 0 6 0
      vertex -0.392418 5.98715 0
    endloop
  endfacet
  facet normal 0 0 -1
    outer loop
      vertex -6 50.6284 0
      vertex -0.392418 5.98715 0
      vertex -0.783156 5.94867 0
    endloop
  endfacet
  facet normal 0 0 -1
    outer loop
      vertex -6.65684 50.5637 0
      vertex -0.783156 5.94867 0
      vertex -1.17054 5.88471 0
    endloop
  endfacet
  facet normal 0 0 -1
    outer loop
      vertex -6.65684 50.5637 0
      vertex -1.17054 5.88471 0
      vertex -1.55291 5.79555 0
    endloop
  endfacet
  facet normal 0 0 -1
    outer loop
      vertex -6.65684 50.5637 0
      vertex -1.55291 5.79555 0
      vertex -1.92864 5.68158 0
    endloop
  endfacet
  facet normal 0 0 -1
    outer loop
      vertex -6.65684 50.5637 0
      vertex -1.92864 5.68158 0
      vertex -2.2961 5.54328 0
    endloop
  endfacet
  facet normal 0 0 -1
    outer loop
      vertex -6.65684 50.5637 0
      vertex -2.2961 5.54328 0
      vertex -2.65373 5.38124 0
    endloop
  endfacet
  facet normal 0 0 -1
    outer loop
      vertex -6.65684 50.5637 0
      vertex -2.65373 5.38124 0
      vertex -3 5.19615 0
    endloop
  endfacet
  facet normal 0 0 -1
    outer loop
      vertex -6.65684 50.5637 0
      vertex -3 5.19615 0
      vertex -3.33342 4.98882 0
    endloop
  endfacet
  facet normal 0 0 -1
    outer loop
      vertex -6.65684 50.5637 0
      vertex -3.33342 4.98882 0
      vertex -3.65257 4.76012 0
    endloop
  endfacet
  facet normal 0 0 -1
    outer loop
      vertex -6.65684 50.5637 0
      vertex -3.65257 4.76012 0
      vertex -3.95607 4.51104 0
    endloop
  endfacet
  facet normal 0 0 -1
    outer loop
      vertex -6.65684 50.5637 0
      vertex -3.95607 4.51104 0
      vertex -4.24264 4.24264 0
    endloop
  endfacet
  facet normal 0 0 -1
    outer loop
      vertex -6.65684 50.5637 0
      vertex -4.24264 4.24264 0
      vertex -4.51104 3.95607 0
    endloop
  endfacet
  facet normal 0 0 -1
    outer loop
      vertex -6.65684 50.5637 0
      vertex -4.51104 3.95607 0
      vertex -4.76012 3.65257 0
    endloop
  endfacet
  facet normal 0 0 -1
    outer loop
      vertex -6.65684 50.5637 0
      vertex -4.76012 3.65257 0
      vertex -4.98882 3.33342 0
    endloop
  endfacet
  facet normal 0 0 -1
    outer loop
      vertex -6.65684 50.5637 0
      vertex -4.98882 3.33342 0
      vertex -5.19615 3 0
    endloop
  endfacet
  facet normal 0 0 -1
    outer loop
      vertex -6.65684 50.5637 0
      vertex -5.19615 3 0
      vertex -5.38124 2.65373 0
    endloop
  endfacet
  facet normal 0 0 -1
    outer loop
      vertex -6.65684 50.5637 0
      vertex -5.38124 2.65373 0
      vertex -5.54328 2.2961 0
    endloop
  endfacet
  facet normal 0 0 -1
    outer loop
      vertex -6.65684 50.5637 0
      vertex -5.54328 2.2961 0
      vertex -5.68158 1.92864 0
    endloop
  endfacet
  facet normal 0 0 -1
    outer loop
      vertex -6.65684 50.5637 0
      vertex -5.68158 1.92864 0
      vertex -5.79555 1.55291 0
    endloop
  endfacet
  facet normal 0 0 -1
    outer loop
      vertex -50.8908 3.33556 0
      vertex -5.98715 0.392418 0
      vertex -6 0 0
    endloop
  endfacet
  facet normal 0 0 -1
    outer loop
      vertex -6.65684 50.5637 0
      vertex -5.94867 0.783156 0
      vertex -5.98715 0.392418 0
    endloop
  endfacet
  facet normal 0 0 -1
    outer loop
      vertex -6.65684 50.5637 0
      vertex -5.88471 1.17054 0
      vertex -5.94867 0.783156 0
    endloop
  endfacet
  facet normal 0 0 -1
    outer loop
      vertex -6.65684 50.5637 0
      vertex -5.79555 1.55291 0
      vertex -5.88471 1.17054 0
    endloop
  endfacet
  facet normal 0 0 -1
    outer loop
      vertex 6 50.6284 0
      vertex -6 50.6284 0
      vertex 6 52 0
    endloop
  endfacet
  facet normal -0 0 -1
    outer loop
      vertex 6 52 0
      vertex -6 50.6284 0
      vertex -6 52 0
    endloop
  endfacet
  facet normal 0 0 -1
    outer loop
      vertex -6 -50.6284 0
      vertex 6 -50.6284 0
      vertex 6 -52 0
    endloop
  endfacet
  facet normal 0 0 -1
    outer loop
      vertex 13 -9 0
      vertex 6 0 0
      vertex 13 9 0
    endloop
  endfacet
  facet normal 0 -0 -1
    outer loop
      vertex 6 0 0
      vertex 13 -9 0
      vertex 5.98715 -0.392418 0
    endloop
  endfacet
  facet normal 0 -0 -1
    outer loop
      vertex 5.98715 -0.392418 0
      vertex 13 -9 0
      vertex 5.94867 -0.783156 0
    endloop
  endfacet
  facet normal 0 -0 -1
    outer loop
      vertex 5.94867 -0.783156 0
      vertex 13 -9 0
      vertex 5.88471 -1.17054 0
    endloop
  endfacet
  facet normal 0 -0 -1
    outer loop
      vertex 5.88471 -1.17054 0
      vertex 13 -9 0
      vertex 5.79555 -1.55291 0
    endloop
  endfacet
  facet normal 0 -0 -1
    outer loop
      vertex 5.79555 -1.55291 0
      vertex 13 -9 0
      vertex 5.68158 -1.92864 0
    endloop
  endfacet
  facet normal 0 -0 -1
    outer loop
      vertex 5.68158 -1.92864 0
      vertex 13 -9 0
      vertex 5.54328 -2.2961 0
    endloop
  endfacet
  facet normal 0 0 -1
    outer loop
      vertex 13 -9 0
      vertex 5.19615 -3 0
      vertex 5.38124 -2.65373 0
    endloop
  endfacet
  facet normal 0 0 -1
    outer loop
      vertex 13 -9 0
      vertex 4.98882 -3.33342 0
      vertex 5.19615 -3 0
    endloop
  endfacet
  facet normal 0 0 -1
    outer loop
      vertex 13 -9 0
      vertex 4.76012 -3.65257 0
      vertex 4.98882 -3.33342 0
    endloop
  endfacet
  facet normal 0 0 -1
    outer loop
      vertex 13 -9 0
      vertex 4.51104 -3.95607 0
      vertex 4.76012 -3.65257 0
    endloop
  endfacet
  facet normal 0 0 -1
    outer loop
      vertex 13 -9 0
      vertex 4.24264 -4.24264 0
      vertex 4.51104 -3.95607 0
    endloop
  endfacet
  facet normal 0 0 -1
    outer loop
      vertex 13 -9 0
      vertex 3.95607 -4.51104 0
      vertex 4.24264 -4.24264 0
    endloop
  endfacet
  facet normal 0 0 -1
    outer loop
      vertex 13 -9 0
      vertex 3.65257 -4.76012 0
      vertex 3.95607 -4.51104 0
    endloop
  endfacet
  facet normal 0 0 -1
    outer loop
      vertex 13 -9 0
      vertex 3.33342 -4.98882 0
      vertex 3.65257 -4.76012 0
    endloop
  endfacet
  facet normal 0 0 -1
    outer loop
      vertex 13 -9 0
      vertex 3 -5.19615 0
      vertex 3.33342 -4.98882 0
    endloop
  endfacet
  facet normal 0 0 -1
    outer loop
      vertex 13 -9 0
      vertex 2.65373 -5.38124 0
      vertex 3 -5.19615 0
    endloop
  endfacet
  facet normal 0 0 -1
    outer loop
      vertex 13 -9 0
      vertex 2.2961 -5.54328 0
      vertex 2.65373 -5.38124 0
    endloop
  endfacet
  facet normal 0 0 -1
    outer loop
      vertex 13 -9 0
      vertex 1.92864 -5.68158 0
      vertex 2.2961 -5.54328 0
    endloop
  endfacet
  facet normal 0 0 -1
    outer loop
      vertex 13 -9 0
      vertex 1.55291 -5.79555 0
      vertex 1.92864 -5.68158 0
    endloop
  endfacet
  facet normal 0 0 -1
    outer loop
      vertex 13 -9 0
      vertex 1.17054 -5.88471 0
      vertex 1.55291 -5.79555 0
    endloop
  endfacet
  facet normal 0 0 -1
    outer loop
      vertex 13 -9 0
      vertex 0.783156 -5.94867 0
      vertex 1.17054 -5.88471 0
    endloop
  endfacet
  facet normal 0 0 -1
    outer loop
      vertex 13 -9 0
      vertex 0.392418 -5.98715 0
      vertex 0.783156 -5.94867 0
    endloop
  endfacet
  facet normal 0 -0 -1
    outer loop
      vertex 0 -6 0
      vertex 6 -50.6284 0
      vertex -6 -50.6284 0
    endloop
  endfacet
  facet normal 0 0 -1
    outer loop
      vertex 6 -50.6284 0
      vertex 0 -6 0
      vertex 0.392418 -5.98715 0
    endloop
  endfacet
  facet normal -0 0 -1
    outer loop
      vertex 0 -6 0
      vertex -6 -50.6284 0
      vertex -0.392418 -5.98715 0
    endloop
  endfacet
  facet normal -0 0 -1
    outer loop
      vertex -0.392418 -5.98715 0
      vertex -6 -50.6284 0
      vertex -0.783156 -5.94867 0
    endloop
  endfacet
  facet normal 0 0 -1
    outer loop
      vertex -6.65684 -50.5637 0
      vertex -0.783156 -5.94867 0
      vertex -6 -50.6284 0
    endloop
  endfacet
  facet normal -0 0 -1
    outer loop
      vertex -0.783156 -5.94867 0
      vertex -6.65684 -50.5637 0
      vertex -1.17054 -5.88471 0
    endloop
  endfacet
  facet normal 0 0 -1
    outer loop
      vertex -9.94961 -50.0201 0
      vertex -1.17054 -5.88471 0
      vertex -6.65684 -50.5637 0
    endloop
  endfacet
  facet normal -0 0 -1
    outer loop
      vertex -1.17054 -5.88471 0
      vertex -9.94961 -50.0201 0
      vertex -1.55291 -5.79555 0
    endloop
  endfacet
  facet normal 0 0 -1
    outer loop
      vertex -13.1998 -49.2622 0
      vertex -1.55291 -5.79555 0
      vertex -9.94961 -50.0201 0
    endloop
  endfacet
  facet normal -0 0 -1
    outer loop
      vertex -1.55291 -5.79555 0
      vertex -13.1998 -49.2622 0
      vertex -1.92864 -5.68158 0
    endloop
  endfacet
  facet normal 0 0 -1
    outer loop
      vertex -16.3934 -48.2934 0
      vertex -1.92864 -5.68158 0
      vertex -13.1998 -49.2622 0
    endloop
  endfacet
  facet normal -0 0 -1
    outer loop
      vertex -1.92864 -5.68158 0
      vertex -16.3934 -48.2934 0
      vertex -2.2961 -5.54328 0
    endloop
  endfacet
  facet normal 0 0 -1
    outer loop
      vertex -19.5169 -47.1179 0
      vertex -2.2961 -5.54328 0
      vertex -16.3934 -48.2934 0
    endloop
  endfacet
  facet normal -0 0 -1
    outer loop
      vertex -2.2961 -5.54328 0
      vertex -19.5169 -47.1179 0
      vertex -2.65373 -5.38124 0
    endloop
  endfacet
  facet normal 0 0 -1
    outer loop
      vertex -22.5567 -45.7405 0
      vertex -2.65373 -5.38124 0
      vertex -19.5169 -47.1179 0
    endloop
  endfacet
  facet normal -0 0 -1
    outer loop
      vertex -2.65373 -5.38124 0
      vertex -22.5567 -45.7405 0
      vertex -3 -5.19615 0
    endloop
  endfacet
  facet normal 0 0 -1
    outer loop
      vertex -25.5 -44.1673 0
      vertex -3 -5.19615 0
      vertex -22.5567 -45.7405 0
    endloop
  endfacet
  facet normal -0 0 -1
    outer loop
      vertex -3 -5.19615 0
      vertex -25.5 -44.1673 0
      vertex -3.33342 -4.98882 0
    endloop
  endfacet
  facet normal 0 0 -1
    outer loop
      vertex -28.3341 -42.4049 0
      vertex -3.33342 -4.98882 0
      vertex -25.5 -44.1673 0
    endloop
  endfacet
  facet normal -0 0 -1
    outer loop
      vertex -3.33342 -4.98882 0
      vertex -28.3341 -42.4049 0
      vertex -3.65257 -4.76012 0
    endloop
  endfacet
  facet normal 0 0 -1
    outer loop
      vertex -31.0468 -40.461 0
      vertex -3.65257 -4.76012 0
      vertex -28.3341 -42.4049 0
    endloop
  endfacet
  facet normal 0 0 -1
    outer loop
      vertex -6 -50.6284 0
      vertex 6 -52 0
      vertex -6 -52 0
    endloop
  endfacet
  facet normal -0 0 -1
    outer loop
      vertex -3.65257 -4.76012 0
      vertex -31.0468 -40.461 0
      vertex -3.95607 -4.51104 0
    endloop
  endfacet
  facet normal 0 0 -1
    outer loop
      vertex -33.6266 -38.3438 0
      vertex -3.95607 -4.51104 0
      vertex -31.0468 -40.461 0
    endloop
  endfacet
  facet normal -0 0 -1
    outer loop
      vertex -3.95607 -4.51104 0
      vertex -33.6266 -38.3438 0
      vertex -4.24264 -4.24264 0
    endloop
  endfacet
  facet normal 0 0 -1
    outer loop
      vertex -36.0624 -36.0624 0
      vertex -4.24264 -4.24264 0
      vertex -33.6266 -38.3438 0
    endloop
  endfacet
  facet normal -0 0 -1
    outer loop
      vertex -4.24264 -4.24264 0
      vertex -36.0624 -36.0624 0
      vertex -4.51104 -3.95607 0
    endloop
  endfacet
  facet normal 0 0 -1
    outer loop
      vertex -38.3438 -33.6266 0
      vertex -4.51104 -3.95607 0
      vertex -36.0624 -36.0624 0
    endloop
  endfacet
  facet normal -0 0 -1
    outer loop
      vertex -4.51104 -3.95607 0
      vertex -38.3438 -33.6266 0
      vertex -4.76012 -3.65257 0
    endloop
  endfacet
  facet normal 0 0 -1
    outer loop
      vertex -40.461 -31.0468 0
      vertex -4.76012 -3.65257 0
      vertex -38.3438 -33.6266 0
    endloop
  endfacet
  facet normal 0 0 -1
    outer loop
      vertex -5.98715 0.392418 0
      vertex -9.94961 50.0201 0
      vertex -6.65684 50.5637 0
    endloop
  endfacet
  facet normal 0 0 -1
    outer loop
      vertex -0.783156 5.94867 0
      vertex -6.65684 50.5637 0
      vertex -6 50.6284 0
    endloop
  endfacet
  facet normal -0 0 -1
    outer loop
      vertex -4.76012 -3.65257 0
      vertex -40.461 -31.0468 0
      vertex -4.98882 -3.33342 0
    endloop
  endfacet
  facet normal 0 0 -1
    outer loop
      vertex -5.98715 0.392418 0
      vertex -13.1998 49.2622 0
      vertex -9.94961 50.0201 0
    endloop
  endfacet
  facet normal 0 0 -1
    outer loop
      vertex -42.4049 -28.3341 0
      vertex -4.98882 -3.33342 0
      vertex -40.461 -31.0468 0
    endloop
  endfacet
  facet normal 0 0 -1
    outer loop
      vertex -5.98715 0.392418 0
      vertex -16.3934 48.2934 0
      vertex -13.1998 49.2622 0
    endloop
  endfacet
  facet normal -0 0 -1
    outer loop
      vertex -4.98882 -3.33342 0
      vertex -42.4049 -28.3341 0
      vertex -5.19615 -3 0
    endloop
  endfacet
  facet normal 0 0 -1
    outer loop
      vertex -5.98715 0.392418 0
      vertex -19.5169 47.1179 0
      vertex -16.3934 48.2934 0
    endloop
  endfacet
  facet normal 0 0 -1
    outer loop
      vertex -44.1673 -25.5 0
      vertex -5.19615 -3 0
      vertex -42.4049 -28.3341 0
    endloop
  endfacet
  facet normal 0 0 -1
    outer loop
      vertex -5.98715 0.392418 0
      vertex -22.5567 45.7405 0
      vertex -19.5169 47.1179 0
    endloop
  endfacet
  facet normal -0 0 -1
    outer loop
      vertex -5.19615 -3 0
      vertex -44.1673 -25.5 0
      vertex -5.38124 -2.65373 0
    endloop
  endfacet
  facet normal 0 0 -1
    outer loop
      vertex -5.98715 0.392418 0
      vertex -25.5 44.1673 0
      vertex -22.5567 45.7405 0
    endloop
  endfacet
  facet normal 0 0 -1
    outer loop
      vertex -45.7405 -22.5567 0
      vertex -5.38124 -2.65373 0
      vertex -44.1673 -25.5 0
    endloop
  endfacet
  facet normal 0 0 -1
    outer loop
      vertex -5.98715 0.392418 0
      vertex -28.3341 42.4049 0
      vertex -25.5 44.1673 0
    endloop
  endfacet
  facet normal -0 0 -1
    outer loop
      vertex -5.38124 -2.65373 0
      vertex -45.7405 -22.5567 0
      vertex -5.54328 -2.2961 0
    endloop
  endfacet
  facet normal 0 0 -1
    outer loop
      vertex -5.98715 0.392418 0
      vertex -31.0468 40.461 0
      vertex -28.3341 42.4049 0
    endloop
  endfacet
  facet normal 0 0 -1
    outer loop
      vertex -47.1179 -19.5169 0
      vertex -5.54328 -2.2961 0
      vertex -45.7405 -22.5567 0
    endloop
  endfacet
  facet normal 0 0 -1
    outer loop
      vertex -5.98715 0.392418 0
      vertex -33.6266 38.3438 0
      vertex -31.0468 40.461 0
    endloop
  endfacet
  facet normal -0 0 -1
    outer loop
      vertex -5.54328 -2.2961 0
      vertex -47.1179 -19.5169 0
      vertex -5.68158 -1.92864 0
    endloop
  endfacet
  facet normal 0 0 -1
    outer loop
      vertex -5.98715 0.392418 0
      vertex -36.0624 36.0624 0
      vertex -33.6266 38.3438 0
    endloop
  endfacet
  facet normal 0 0 -1
    outer loop
      vertex -48.2934 -16.3934 0
      vertex -5.68158 -1.92864 0
      vertex -47.1179 -19.5169 0
    endloop
  endfacet
  facet normal 0 0 -1
    outer loop
      vertex -5.98715 0.392418 0
      vertex -38.3438 33.6266 0
      vertex -36.0624 36.0624 0
    endloop
  endfacet
  facet normal -0 0 -1
    outer loop
      vertex -5.68158 -1.92864 0
      vertex -48.2934 -16.3934 0
      vertex -5.79555 -1.55291 0
    endloop
  endfacet
  facet normal 0 0 -1
    outer loop
      vertex -5.98715 0.392418 0
      vertex -40.461 31.0468 0
      vertex -38.3438 33.6266 0
    endloop
  endfacet
  facet normal 0 0 -1
    outer loop
      vertex -49.2622 -13.1998 0
      vertex -5.79555 -1.55291 0
      vertex -48.2934 -16.3934 0
    endloop
  endfacet
  facet normal 0 0 -1
    outer loop
      vertex -5.98715 0.392418 0
      vertex -42.4049 28.3341 0
      vertex -40.461 31.0468 0
    endloop
  endfacet
  facet normal -0 0 -1
    outer loop
      vertex -5.79555 -1.55291 0
      vertex -49.2622 -13.1998 0
      vertex -5.88471 -1.17054 0
    endloop
  endfacet
  facet normal 0 0 -1
    outer loop
      vertex -5.98715 0.392418 0
      vertex -44.1673 25.5 0
      vertex -42.4049 28.3341 0
    endloop
  endfacet
  facet normal 0 0 -1
    outer loop
      vertex -50.0201 -9.94961 0
      vertex -5.88471 -1.17054 0
      vertex -49.2622 -13.1998 0
    endloop
  endfacet
  facet normal 0 0 -1
    outer loop
      vertex -5.98715 0.392418 0
      vertex -45.7405 22.5567 0
      vertex -44.1673 25.5 0
    endloop
  endfacet
  facet normal -0 0 -1
    outer loop
      vertex -5.88471 -1.17054 0
      vertex -50.0201 -9.94961 0
      vertex -5.94867 -0.783156 0
    endloop
  endfacet
  facet normal 0 0 -1
    outer loop
      vertex -5.98715 0.392418 0
      vertex -47.1179 19.5169 0
      vertex -45.7405 22.5567 0
    endloop
  endfacet
  facet normal 0 0 -1
    outer loop
      vertex -50.5637 -6.65684 0
      vertex -5.94867 -0.783156 0
      vertex -50.0201 -9.94961 0
    endloop
  endfacet
  facet normal 0 0 -1
    outer loop
      vertex -5.98715 0.392418 0
      vertex -48.2934 16.3934 0
      vertex -47.1179 19.5169 0
    endloop
  endfacet
  facet normal -0 0 -1
    outer loop
      vertex -5.94867 -0.783156 0
      vertex -50.5637 -6.65684 0
      vertex -5.98715 -0.392418 0
    endloop
  endfacet
  facet normal 0 0 -1
    outer loop
      vertex -5.98715 0.392418 0
      vertex -49.2622 13.1998 0
      vertex -48.2934 16.3934 0
    endloop
  endfacet
  facet normal 0 0 -1
    outer loop
      vertex -50.8908 -3.33556 0
      vertex -5.98715 -0.392418 0
      vertex -50.5637 -6.65684 0
    endloop
  endfacet
  facet normal 0 0 -1
    outer loop
      vertex -5.98715 0.392418 0
      vertex -50.0201 9.94961 0
      vertex -49.2622 13.1998 0
    endloop
  endfacet
  facet normal -0 0 -1
    outer loop
      vertex -5.98715 -0.392418 0
      vertex -50.8908 -3.33556 0
      vertex -6 0 0
    endloop
  endfacet
  facet normal 0 0 -1
    outer loop
      vertex -5.98715 0.392418 0
      vertex -50.5637 6.65684 0
      vertex -50.0201 9.94961 0
    endloop
  endfacet
  facet normal 0 0 -1
    outer loop
      vertex -51 0 0
      vertex -6 0 0
      vertex -50.8908 -3.33556 0
    endloop
  endfacet
  facet normal 0 0 -1
    outer loop
      vertex -5.98715 0.392418 0
      vertex -50.8908 3.33556 0
      vertex -50.5637 6.65684 0
    endloop
  endfacet
  facet normal 0 0 -1
    outer loop
      vertex -6 0 0
      vertex -51 0 0
      vertex -50.8908 3.33556 0
    endloop
  endfacet
  facet normal -0.995186 -0.0980062 0
    outer loop
      vertex 5.98715 0.392418 0
      vertex 5.94867 0.783156 3
      vertex 5.94867 0.783156 0
    endloop
  endfacet
  facet normal -0.995186 -0.0980062 0
    outer loop
      vertex 5.94867 0.783156 3
      vertex 5.98715 0.392418 0
      vertex 5.98715 0.392418 3
    endloop
  endfacet
  facet normal -0.999464 -0.0327282 0
    outer loop
      vertex 6 0 0
      vertex 5.98715 0.392418 3
      vertex 5.98715 0.392418 0
    endloop
  endfacet
  facet normal -0.999464 -0.0327282 0
    outer loop
      vertex 5.98715 0.392418 3
      vertex 6 0 0
      vertex 6 0 3
    endloop
  endfacet
  facet normal -0.986642 -0.162902 0
    outer loop
      vertex 5.94867 0.783156 0
      vertex 5.88471 1.17054 3
      vertex 5.88471 1.17054 0
    endloop
  endfacet
  facet normal -0.986642 -0.162902 0
    outer loop
      vertex 5.88471 1.17054 3
      vertex 5.94867 0.783156 0
      vertex 5.94867 0.783156 3
    endloop
  endfacet
  facet normal 0.812846 0.582478 0
    outer loop
      vertex -4.76012 -3.65257 3
      vertex -4.98882 -3.33342 0
      vertex -4.98882 -3.33342 3
    endloop
  endfacet
  facet normal 0.812846 0.582478 0
    outer loop
      vertex -4.98882 -3.33342 0
      vertex -4.76012 -3.65257 3
      vertex -4.76012 -3.65257 0
    endloop
  endfacet
  facet normal -0.995186 0.0980062 0
    outer loop
      vertex 5.94867 -0.783156 0
      vertex 5.98715 -0.392418 3
      vertex 5.98715 -0.392418 0
    endloop
  endfacet
  facet normal -0.995186 0.0980062 0
    outer loop
      vertex 5.98715 -0.392418 3
      vertex 5.94867 -0.783156 0
      vertex 5.94867 -0.783156 3
    endloop
  endfacet
  facet normal -0.935908 -0.352245 0
    outer loop
      vertex 5.68158 1.92864 0
      vertex 5.54328 2.2961 3
      vertex 5.54328 2.2961 0
    endloop
  endfacet
  facet normal -0.935908 -0.352245 0
    outer loop
      vertex 5.54328 2.2961 3
      vertex 5.68158 1.92864 0
      vertex 5.68158 1.92864 3
    endloop
  endfacet
  facet normal -0.973875 -0.227085 0
    outer loop
      vertex 5.88471 1.17054 0
      vertex 5.79555 1.55291 3
      vertex 5.79555 1.55291 0
    endloop
  endfacet
  facet normal -0.973875 -0.227085 0
    outer loop
      vertex 5.79555 1.55291 3
      vertex 5.88471 1.17054 0
      vertex 5.88471 1.17054 3
    endloop
  endfacet
  facet normal 0.935908 -0.352245 0
    outer loop
      vertex -5.68158 1.92864 3
      vertex -5.54328 2.2961 0
      vertex -5.54328 2.2961 3
    endloop
  endfacet
  facet normal 0.935908 -0.352245 0
    outer loop
      vertex -5.54328 2.2961 0
      vertex -5.68158 1.92864 3
      vertex -5.68158 1.92864 0
    endloop
  endfacet
  facet normal -0.471406 -0.881916 0
    outer loop
      vertex 2.65373 5.38124 0
      vertex 3 5.19615 3
      vertex 2.65373 5.38124 3
    endloop
  endfacet
  facet normal -0.471406 -0.881916 -0
    outer loop
      vertex 3 5.19615 3
      vertex 2.65373 5.38124 0
      vertex 3 5.19615 0
    endloop
  endfacet
  facet normal -0.0327282 0.999464 0
    outer loop
      vertex 0.392418 -5.98715 0
      vertex 0 -6 3
      vertex 0.392418 -5.98715 3
    endloop
  endfacet
  facet normal -0.0327282 0.999464 0
    outer loop
      vertex 0 -6 3
      vertex 0.392418 -5.98715 0
      vertex 0 -6 0
    endloop
  endfacet
  facet normal 0.634399 0.773005 -0
    outer loop
      vertex -3.65257 -4.76012 0
      vertex -3.95607 -4.51104 3
      vertex -3.65257 -4.76012 3
    endloop
  endfacet
  facet normal 0.634399 0.773005 0
    outer loop
      vertex -3.95607 -4.51104 3
      vertex -3.65257 -4.76012 0
      vertex -3.95607 -4.51104 0
    endloop
  endfacet
  facet normal -0.729867 0.683589 0
    outer loop
      vertex 4.24264 -4.24264 0
      vertex 4.51104 -3.95607 3
      vertex 4.51104 -3.95607 0
    endloop
  endfacet
  facet normal -0.729867 0.683589 0
    outer loop
      vertex 4.51104 -3.95607 3
      vertex 4.24264 -4.24264 0
      vertex 4.24264 -4.24264 3
    endloop
  endfacet
  facet normal 0.973875 -0.227085 0
    outer loop
      vertex -5.88471 1.17054 3
      vertex -5.79555 1.55291 0
      vertex -5.79555 1.55291 3
    endloop
  endfacet
  facet normal 0.973875 -0.227085 0
    outer loop
      vertex -5.79555 1.55291 0
      vertex -5.88471 1.17054 3
      vertex -5.88471 1.17054 0
    endloop
  endfacet
  facet normal -0.910864 -0.412707 0
    outer loop
      vertex 5.54328 2.2961 0
      vertex 5.38124 2.65373 3
      vertex 5.38124 2.65373 0
    endloop
  endfacet
  facet normal -0.910864 -0.412707 0
    outer loop
      vertex 5.38124 2.65373 3
      vertex 5.54328 2.2961 0
      vertex 5.54328 2.2961 3
    endloop
  endfacet
  facet normal -0.986642 0.162902 0
    outer loop
      vertex 5.88471 -1.17054 0
      vertex 5.94867 -0.783156 3
      vertex 5.94867 -0.783156 0
    endloop
  endfacet
  facet normal -0.986642 0.162902 0
    outer loop
      vertex 5.94867 -0.783156 3
      vertex 5.88471 -1.17054 0
      vertex 5.88471 -1.17054 3
    endloop
  endfacet
  facet normal -0.773005 -0.634399 0
    outer loop
      vertex 4.76012 3.65257 0
      vertex 4.51104 3.95607 3
      vertex 4.51104 3.95607 0
    endloop
  endfacet
  facet normal -0.773005 -0.634399 0
    outer loop
      vertex 4.51104 3.95607 3
      vertex 4.76012 3.65257 0
      vertex 4.76012 3.65257 3
    endloop
  endfacet
  facet normal -0.412707 -0.910864 0
    outer loop
      vertex 2.2961 5.54328 0
      vertex 2.65373 5.38124 3
      vertex 2.2961 5.54328 3
    endloop
  endfacet
  facet normal -0.412707 -0.910864 -0
    outer loop
      vertex 2.65373 5.38124 3
      vertex 2.2961 5.54328 0
      vertex 2.65373 5.38124 0
    endloop
  endfacet
  facet normal 0.528061 0.849207 -0
    outer loop
      vertex -3 -5.19615 0
      vertex -3.33342 -4.98882 3
      vertex -3 -5.19615 3
    endloop
  endfacet
  facet normal 0.528061 0.849207 0
    outer loop
      vertex -3.33342 -4.98882 3
      vertex -3 -5.19615 0
      vertex -3.33342 -4.98882 0
    endloop
  endfacet
  facet normal -0.812846 0.582478 0
    outer loop
      vertex 4.76012 -3.65257 0
      vertex 4.98882 -3.33342 3
      vertex 4.98882 -3.33342 0
    endloop
  endfacet
  facet normal -0.812846 0.582478 0
    outer loop
      vertex 4.98882 -3.33342 3
      vertex 4.76012 -3.65257 0
      vertex 4.76012 -3.65257 3
    endloop
  endfacet
  facet normal -0.973875 0.227085 0
    outer loop
      vertex 5.79555 -1.55291 0
      vertex 5.88471 -1.17054 3
      vertex 5.88471 -1.17054 0
    endloop
  endfacet
  facet normal -0.973875 0.227085 0
    outer loop
      vertex 5.88471 -1.17054 3
      vertex 5.79555 -1.55291 0
      vertex 5.79555 -1.55291 3
    endloop
  endfacet
  facet normal 0.999464 0.0327282 0
    outer loop
      vertex -5.98715 -0.392418 3
      vertex -6 0 0
      vertex -6 0 3
    endloop
  endfacet
  facet normal 0.999464 0.0327282 0
    outer loop
      vertex -6 0 0
      vertex -5.98715 -0.392418 3
      vertex -5.98715 -0.392418 0
    endloop
  endfacet
  facet normal 0.935908 0.352245 0
    outer loop
      vertex -5.54328 -2.2961 3
      vertex -5.68158 -1.92864 0
      vertex -5.68158 -1.92864 3
    endloop
  endfacet
  facet normal 0.935908 0.352245 0
    outer loop
      vertex -5.68158 -1.92864 0
      vertex -5.54328 -2.2961 3
      vertex -5.54328 -2.2961 0
    endloop
  endfacet
  facet normal 0.973875 0.227085 0
    outer loop
      vertex -5.79555 -1.55291 3
      vertex -5.88471 -1.17054 0
      vertex -5.88471 -1.17054 3
    endloop
  endfacet
  facet normal 0.973875 0.227085 0
    outer loop
      vertex -5.88471 -1.17054 0
      vertex -5.79555 -1.55291 3
      vertex -5.79555 -1.55291 0
    endloop
  endfacet
  facet normal 0.881916 0.471406 0
    outer loop
      vertex -5.19615 -3 3
      vertex -5.38124 -2.65373 0
      vertex -5.38124 -2.65373 3
    endloop
  endfacet
  facet normal 0.881916 0.471406 0
    outer loop
      vertex -5.38124 -2.65373 0
      vertex -5.19615 -3 3
      vertex -5.19615 -3 0
    endloop
  endfacet
  facet normal -0.227085 -0.973875 0
    outer loop
      vertex 1.17054 5.88471 0
      vertex 1.55291 5.79555 3
      vertex 1.17054 5.88471 3
    endloop
  endfacet
  facet normal -0.227085 -0.973875 -0
    outer loop
      vertex 1.55291 5.79555 3
      vertex 1.17054 5.88471 0
      vertex 1.55291 5.79555 0
    endloop
  endfacet
  facet normal 0.0327282 0.999464 -0
    outer loop
      vertex 0 -6 0
      vertex -0.392418 -5.98715 3
      vertex 0 -6 3
    endloop
  endfacet
  facet normal 0.0327282 0.999464 0
    outer loop
      vertex -0.392418 -5.98715 3
      vertex 0 -6 0
      vertex -0.392418 -5.98715 0
    endloop
  endfacet
  facet normal 0.956945 0.29027 0
    outer loop
      vertex -5.68158 -1.92864 3
      vertex -5.79555 -1.55291 0
      vertex -5.79555 -1.55291 3
    endloop
  endfacet
  facet normal 0.956945 0.29027 0
    outer loop
      vertex -5.79555 -1.55291 0
      vertex -5.68158 -1.92864 3
      vertex -5.68158 -1.92864 0
    endloop
  endfacet
  facet normal 0.812846 -0.582478 0
    outer loop
      vertex -4.98882 3.33342 3
      vertex -4.76012 3.65257 0
      vertex -4.76012 3.65257 3
    endloop
  endfacet
  facet normal 0.812846 -0.582478 0
    outer loop
      vertex -4.76012 3.65257 0
      vertex -4.98882 3.33342 3
      vertex -4.98882 3.33342 0
    endloop
  endfacet
  facet normal -0.352245 0.935908 0
    outer loop
      vertex 2.2961 -5.54328 0
      vertex 1.92864 -5.68158 3
      vertex 2.2961 -5.54328 3
    endloop
  endfacet
  facet normal -0.352245 0.935908 0
    outer loop
      vertex 1.92864 -5.68158 3
      vertex 2.2961 -5.54328 0
      vertex 1.92864 -5.68158 0
    endloop
  endfacet
  facet normal 0.683589 0.729867 -0
    outer loop
      vertex -3.95607 -4.51104 0
      vertex -4.24264 -4.24264 3
      vertex -3.95607 -4.51104 3
    endloop
  endfacet
  facet normal 0.683589 0.729867 0
    outer loop
      vertex -4.24264 -4.24264 3
      vertex -3.95607 -4.51104 0
      vertex -4.24264 -4.24264 0
    endloop
  endfacet
  facet normal -0.29027 -0.956945 0
    outer loop
      vertex 1.55291 5.79555 0
      vertex 1.92864 5.68158 3
      vertex 1.55291 5.79555 3
    endloop
  endfacet
  facet normal -0.29027 -0.956945 -0
    outer loop
      vertex 1.92864 5.68158 3
      vertex 1.55291 5.79555 0
      vertex 1.92864 5.68158 0
    endloop
  endfacet
  facet normal 0.0980062 -0.995186 0
    outer loop
      vertex -0.783156 5.94867 0
      vertex -0.392418 5.98715 3
      vertex -0.783156 5.94867 3
    endloop
  endfacet
  facet normal 0.0980062 -0.995186 0
    outer loop
      vertex -0.392418 5.98715 3
      vertex -0.783156 5.94867 0
      vertex -0.392418 5.98715 0
    endloop
  endfacet
  facet normal -0.528061 -0.849207 0
    outer loop
      vertex 3 5.19615 0
      vertex 3.33342 4.98882 3
      vertex 3 5.19615 3
    endloop
  endfacet
  facet normal -0.528061 -0.849207 -0
    outer loop
      vertex 3.33342 4.98882 3
      vertex 3 5.19615 0
      vertex 3.33342 4.98882 0
    endloop
  endfacet
  facet normal -0.881916 -0.471406 0
    outer loop
      vertex 5.38124 2.65373 0
      vertex 5.19615 3 3
      vertex 5.19615 3 0
    endloop
  endfacet
  facet normal -0.881916 -0.471406 0
    outer loop
      vertex 5.19615 3 3
      vertex 5.38124 2.65373 0
      vertex 5.38124 2.65373 3
    endloop
  endfacet
  facet normal 0.528061 -0.849207 0
    outer loop
      vertex -3.33342 4.98882 0
      vertex -3 5.19615 3
      vertex -3.33342 4.98882 3
    endloop
  endfacet
  facet normal 0.528061 -0.849207 0
    outer loop
      vertex -3 5.19615 3
      vertex -3.33342 4.98882 0
      vertex -3 5.19615 0
    endloop
  endfacet
  facet normal 0.412707 -0.910864 0
    outer loop
      vertex -2.65373 5.38124 0
      vertex -2.2961 5.54328 3
      vertex -2.65373 5.38124 3
    endloop
  endfacet
  facet normal 0.412707 -0.910864 0
    outer loop
      vertex -2.2961 5.54328 3
      vertex -2.65373 5.38124 0
      vertex -2.2961 5.54328 0
    endloop
  endfacet
  facet normal -0.582478 -0.812846 0
    outer loop
      vertex 3.33342 4.98882 0
      vertex 3.65257 4.76012 3
      vertex 3.33342 4.98882 3
    endloop
  endfacet
  facet normal -0.582478 -0.812846 -0
    outer loop
      vertex 3.65257 4.76012 3
      vertex 3.33342 4.98882 0
      vertex 3.65257 4.76012 0
    endloop
  endfacet
  facet normal -0.812846 -0.582478 0
    outer loop
      vertex 4.98882 3.33342 0
      vertex 4.76012 3.65257 3
      vertex 4.76012 3.65257 0
    endloop
  endfacet
  facet normal -0.812846 -0.582478 0
    outer loop
      vertex 4.76012 3.65257 3
      vertex 4.98882 3.33342 0
      vertex 4.98882 3.33342 3
    endloop
  endfacet
  facet normal -0.729867 -0.683589 0
    outer loop
      vertex 4.51104 3.95607 0
      vertex 4.24264 4.24264 3
      vertex 4.24264 4.24264 0
    endloop
  endfacet
  facet normal -0.729867 -0.683589 0
    outer loop
      vertex 4.24264 4.24264 3
      vertex 4.51104 3.95607 0
      vertex 4.51104 3.95607 3
    endloop
  endfacet
  facet normal 0.582478 -0.812846 0
    outer loop
      vertex -3.65257 4.76012 0
      vertex -3.33342 4.98882 3
      vertex -3.65257 4.76012 3
    endloop
  endfacet
  facet normal 0.582478 -0.812846 0
    outer loop
      vertex -3.33342 4.98882 3
      vertex -3.65257 4.76012 0
      vertex -3.33342 4.98882 0
    endloop
  endfacet
  facet normal 0.986642 0.162902 0
    outer loop
      vertex -5.88471 -1.17054 3
      vertex -5.94867 -0.783156 0
      vertex -5.94867 -0.783156 3
    endloop
  endfacet
  facet normal 0.986642 0.162902 0
    outer loop
      vertex -5.94867 -0.783156 0
      vertex -5.88471 -1.17054 3
      vertex -5.88471 -1.17054 0
    endloop
  endfacet
  facet normal -0.849207 0.528061 0
    outer loop
      vertex 4.98882 -3.33342 0
      vertex 5.19615 -3 3
      vertex 5.19615 -3 0
    endloop
  endfacet
  facet normal -0.849207 0.528061 0
    outer loop
      vertex 5.19615 -3 3
      vertex 4.98882 -3.33342 0
      vertex 4.98882 -3.33342 3
    endloop
  endfacet
  facet normal 0.910864 0.412707 0
    outer loop
      vertex -5.38124 -2.65373 3
      vertex -5.54328 -2.2961 0
      vertex -5.54328 -2.2961 3
    endloop
  endfacet
  facet normal 0.910864 0.412707 0
    outer loop
      vertex -5.54328 -2.2961 0
      vertex -5.38124 -2.65373 3
      vertex -5.38124 -2.65373 0
    endloop
  endfacet
  facet normal -0.956945 -0.29027 0
    outer loop
      vertex 5.79555 1.55291 0
      vertex 5.68158 1.92864 3
      vertex 5.68158 1.92864 0
    endloop
  endfacet
  facet normal -0.956945 -0.29027 0
    outer loop
      vertex 5.68158 1.92864 3
      vertex 5.79555 1.55291 0
      vertex 5.79555 1.55291 3
    endloop
  endfacet
  facet normal 0.0980062 0.995186 -0
    outer loop
      vertex -0.392418 -5.98715 0
      vertex -0.783156 -5.94867 3
      vertex -0.392418 -5.98715 3
    endloop
  endfacet
  facet normal 0.0980062 0.995186 0
    outer loop
      vertex -0.783156 -5.94867 3
      vertex -0.392418 -5.98715 0
      vertex -0.783156 -5.94867 0
    endloop
  endfacet
  facet normal -0.352245 -0.935908 0
    outer loop
      vertex 1.92864 5.68158 0
      vertex 2.2961 5.54328 3
      vertex 1.92864 5.68158 3
    endloop
  endfacet
  facet normal -0.352245 -0.935908 -0
    outer loop
      vertex 2.2961 5.54328 3
      vertex 1.92864 5.68158 0
      vertex 2.2961 5.54328 0
    endloop
  endfacet
  facet normal 0.683589 -0.729867 0
    outer loop
      vertex -4.24264 4.24264 0
      vertex -3.95607 4.51104 3
      vertex -4.24264 4.24264 3
    endloop
  endfacet
  facet normal 0.683589 -0.729867 0
    outer loop
      vertex -3.95607 4.51104 3
      vertex -4.24264 4.24264 0
      vertex -3.95607 4.51104 0
    endloop
  endfacet
  facet normal -0.683589 -0.729867 0
    outer loop
      vertex 3.95607 4.51104 0
      vertex 4.24264 4.24264 3
      vertex 3.95607 4.51104 3
    endloop
  endfacet
  facet normal -0.683589 -0.729867 -0
    outer loop
      vertex 4.24264 4.24264 3
      vertex 3.95607 4.51104 0
      vertex 4.24264 4.24264 0
    endloop
  endfacet
  facet normal -0.471406 0.881916 0
    outer loop
      vertex 3 -5.19615 0
      vertex 2.65373 -5.38124 3
      vertex 3 -5.19615 3
    endloop
  endfacet
  facet normal -0.471406 0.881916 0
    outer loop
      vertex 2.65373 -5.38124 3
      vertex 3 -5.19615 0
      vertex 2.65373 -5.38124 0
    endloop
  endfacet
  facet normal 0.162902 0.986642 -0
    outer loop
      vertex -0.783156 -5.94867 0
      vertex -1.17054 -5.88471 3
      vertex -0.783156 -5.94867 3
    endloop
  endfacet
  facet normal 0.162902 0.986642 0
    outer loop
      vertex -1.17054 -5.88471 3
      vertex -0.783156 -5.94867 0
      vertex -1.17054 -5.88471 0
    endloop
  endfacet
  facet normal -0.0327282 -0.999464 0
    outer loop
      vertex 0 6 0
      vertex 0.392418 5.98715 3
      vertex 0 6 3
    endloop
  endfacet
  facet normal -0.0327282 -0.999464 -0
    outer loop
      vertex 0.392418 5.98715 3
      vertex 0 6 0
      vertex 0.392418 5.98715 0
    endloop
  endfacet
  facet normal 0.352245 -0.935908 0
    outer loop
      vertex -2.2961 5.54328 0
      vertex -1.92864 5.68158 3
      vertex -2.2961 5.54328 3
    endloop
  endfacet
  facet normal 0.352245 -0.935908 0
    outer loop
      vertex -1.92864 5.68158 3
      vertex -2.2961 5.54328 0
      vertex -1.92864 5.68158 0
    endloop
  endfacet
  facet normal 0.162902 -0.986642 0
    outer loop
      vertex -1.17054 5.88471 0
      vertex -0.783156 5.94867 3
      vertex -1.17054 5.88471 3
    endloop
  endfacet
  facet normal 0.162902 -0.986642 0
    outer loop
      vertex -0.783156 5.94867 3
      vertex -1.17054 5.88471 0
      vertex -0.783156 5.94867 0
    endloop
  endfacet
  facet normal -0.773005 0.634399 0
    outer loop
      vertex 4.51104 -3.95607 0
      vertex 4.76012 -3.65257 3
      vertex 4.76012 -3.65257 0
    endloop
  endfacet
  facet normal -0.773005 0.634399 0
    outer loop
      vertex 4.76012 -3.65257 3
      vertex 4.51104 -3.95607 0
      vertex 4.51104 -3.95607 3
    endloop
  endfacet
  facet normal -0.634399 -0.773005 0
    outer loop
      vertex 3.65257 4.76012 0
      vertex 3.95607 4.51104 3
      vertex 3.65257 4.76012 3
    endloop
  endfacet
  facet normal -0.634399 -0.773005 -0
    outer loop
      vertex 3.95607 4.51104 3
      vertex 3.65257 4.76012 0
      vertex 3.95607 4.51104 0
    endloop
  endfacet
  facet normal 0.0327282 -0.999464 0
    outer loop
      vertex -0.392418 5.98715 0
      vertex 0 6 3
      vertex -0.392418 5.98715 3
    endloop
  endfacet
  facet normal 0.0327282 -0.999464 0
    outer loop
      vertex 0 6 3
      vertex -0.392418 5.98715 0
      vertex 0 6 0
    endloop
  endfacet
  facet normal 0.729867 0.683589 0
    outer loop
      vertex -4.24264 -4.24264 3
      vertex -4.51104 -3.95607 0
      vertex -4.51104 -3.95607 3
    endloop
  endfacet
  facet normal 0.729867 0.683589 0
    outer loop
      vertex -4.51104 -3.95607 0
      vertex -4.24264 -4.24264 3
      vertex -4.24264 -4.24264 0
    endloop
  endfacet
  facet normal 0.29027 -0.956945 0
    outer loop
      vertex -1.92864 5.68158 0
      vertex -1.55291 5.79555 3
      vertex -1.92864 5.68158 3
    endloop
  endfacet
  facet normal 0.29027 -0.956945 0
    outer loop
      vertex -1.55291 5.79555 3
      vertex -1.92864 5.68158 0
      vertex -1.55291 5.79555 0
    endloop
  endfacet
  facet normal -0.849207 -0.528061 0
    outer loop
      vertex 5.19615 3 0
      vertex 4.98882 3.33342 3
      vertex 4.98882 3.33342 0
    endloop
  endfacet
  facet normal -0.849207 -0.528061 0
    outer loop
      vertex 4.98882 3.33342 3
      vertex 5.19615 3 0
      vertex 5.19615 3 3
    endloop
  endfacet
  facet normal -0.881916 0.471406 0
    outer loop
      vertex 5.19615 -3 0
      vertex 5.38124 -2.65373 3
      vertex 5.38124 -2.65373 0
    endloop
  endfacet
  facet normal -0.881916 0.471406 0
    outer loop
      vertex 5.38124 -2.65373 3
      vertex 5.19615 -3 0
      vertex 5.19615 -3 3
    endloop
  endfacet
  facet normal 0.227085 -0.973875 0
    outer loop
      vertex -1.55291 5.79555 0
      vertex -1.17054 5.88471 3
      vertex -1.55291 5.79555 3
    endloop
  endfacet
  facet normal 0.227085 -0.973875 0
    outer loop
      vertex -1.17054 5.88471 3
      vertex -1.55291 5.79555 0
      vertex -1.17054 5.88471 0
    endloop
  endfacet
  facet normal -0.910864 0.412707 0
    outer loop
      vertex 5.38124 -2.65373 0
      vertex 5.54328 -2.2961 3
      vertex 5.54328 -2.2961 0
    endloop
  endfacet
  facet normal -0.910864 0.412707 0
    outer loop
      vertex 5.54328 -2.2961 3
      vertex 5.38124 -2.65373 0
      vertex 5.38124 -2.65373 3
    endloop
  endfacet
  facet normal -0.956945 0.29027 0
    outer loop
      vertex 5.68158 -1.92864 0
      vertex 5.79555 -1.55291 3
      vertex 5.79555 -1.55291 0
    endloop
  endfacet
  facet normal -0.956945 0.29027 0
    outer loop
      vertex 5.79555 -1.55291 3
      vertex 5.68158 -1.92864 0
      vertex 5.68158 -1.92864 3
    endloop
  endfacet
  facet normal 0.881916 -0.471406 0
    outer loop
      vertex -5.38124 2.65373 3
      vertex -5.19615 3 0
      vertex -5.19615 3 3
    endloop
  endfacet
  facet normal 0.881916 -0.471406 0
    outer loop
      vertex -5.19615 3 0
      vertex -5.38124 2.65373 3
      vertex -5.38124 2.65373 0
    endloop
  endfacet
  facet normal 0.910864 -0.412707 0
    outer loop
      vertex -5.54328 2.2961 3
      vertex -5.38124 2.65373 0
      vertex -5.38124 2.65373 3
    endloop
  endfacet
  facet normal 0.910864 -0.412707 0
    outer loop
      vertex -5.38124 2.65373 0
      vertex -5.54328 2.2961 3
      vertex -5.54328 2.2961 0
    endloop
  endfacet
  facet normal 0.986642 -0.162902 0
    outer loop
      vertex -5.94867 0.783156 3
      vertex -5.88471 1.17054 0
      vertex -5.88471 1.17054 3
    endloop
  endfacet
  facet normal 0.986642 -0.162902 0
    outer loop
      vertex -5.88471 1.17054 0
      vertex -5.94867 0.783156 3
      vertex -5.94867 0.783156 0
    endloop
  endfacet
  facet normal -0.582478 0.812846 0
    outer loop
      vertex 3.65257 -4.76012 0
      vertex 3.33342 -4.98882 3
      vertex 3.65257 -4.76012 3
    endloop
  endfacet
  facet normal -0.582478 0.812846 0
    outer loop
      vertex 3.33342 -4.98882 3
      vertex 3.65257 -4.76012 0
      vertex 3.33342 -4.98882 0
    endloop
  endfacet
  facet normal -0.0980062 -0.995186 0
    outer loop
      vertex 0.392418 5.98715 0
      vertex 0.783156 5.94867 3
      vertex 0.392418 5.98715 3
    endloop
  endfacet
  facet normal -0.0980062 -0.995186 -0
    outer loop
      vertex 0.783156 5.94867 3
      vertex 0.392418 5.98715 0
      vertex 0.783156 5.94867 0
    endloop
  endfacet
  facet normal 0.849207 0.528061 0
    outer loop
      vertex -4.98882 -3.33342 3
      vertex -5.19615 -3 0
      vertex -5.19615 -3 3
    endloop
  endfacet
  facet normal 0.849207 0.528061 0
    outer loop
      vertex -5.19615 -3 0
      vertex -4.98882 -3.33342 3
      vertex -4.98882 -3.33342 0
    endloop
  endfacet
  facet normal -0.162902 0.986642 0
    outer loop
      vertex 1.17054 -5.88471 0
      vertex 0.783156 -5.94867 3
      vertex 1.17054 -5.88471 3
    endloop
  endfacet
  facet normal -0.162902 0.986642 0
    outer loop
      vertex 0.783156 -5.94867 3
      vertex 1.17054 -5.88471 0
      vertex 0.783156 -5.94867 0
    endloop
  endfacet
  facet normal -0.29027 0.956945 0
    outer loop
      vertex 1.92864 -5.68158 0
      vertex 1.55291 -5.79555 3
      vertex 1.92864 -5.68158 3
    endloop
  endfacet
  facet normal -0.29027 0.956945 0
    outer loop
      vertex 1.55291 -5.79555 3
      vertex 1.92864 -5.68158 0
      vertex 1.55291 -5.79555 0
    endloop
  endfacet
  facet normal -0.528061 0.849207 0
    outer loop
      vertex 3.33342 -4.98882 0
      vertex 3 -5.19615 3
      vertex 3.33342 -4.98882 3
    endloop
  endfacet
  facet normal -0.528061 0.849207 0
    outer loop
      vertex 3 -5.19615 3
      vertex 3.33342 -4.98882 0
      vertex 3 -5.19615 0
    endloop
  endfacet
  facet normal 0.773005 0.634399 0
    outer loop
      vertex -4.51104 -3.95607 3
      vertex -4.76012 -3.65257 0
      vertex -4.76012 -3.65257 3
    endloop
  endfacet
  facet normal 0.773005 0.634399 0
    outer loop
      vertex -4.76012 -3.65257 0
      vertex -4.51104 -3.95607 3
      vertex -4.51104 -3.95607 0
    endloop
  endfacet
  facet normal 0.634399 -0.773005 0
    outer loop
      vertex -3.95607 4.51104 0
      vertex -3.65257 4.76012 3
      vertex -3.95607 4.51104 3
    endloop
  endfacet
  facet normal 0.634399 -0.773005 0
    outer loop
      vertex -3.65257 4.76012 3
      vertex -3.95607 4.51104 0
      vertex -3.65257 4.76012 0
    endloop
  endfacet
  facet normal -0.227085 0.973875 0
    outer loop
      vertex 1.55291 -5.79555 0
      vertex 1.17054 -5.88471 3
      vertex 1.55291 -5.79555 3
    endloop
  endfacet
  facet normal -0.227085 0.973875 0
    outer loop
      vertex 1.17054 -5.88471 3
      vertex 1.55291 -5.79555 0
      vertex 1.17054 -5.88471 0
    endloop
  endfacet
  facet normal 0.995186 0.0980062 0
    outer loop
      vertex -5.94867 -0.783156 3
      vertex -5.98715 -0.392418 0
      vertex -5.98715 -0.392418 3
    endloop
  endfacet
  facet normal 0.995186 0.0980062 0
    outer loop
      vertex -5.98715 -0.392418 0
      vertex -5.94867 -0.783156 3
      vertex -5.94867 -0.783156 0
    endloop
  endfacet
  facet normal 0.999464 -0.0327282 0
    outer loop
      vertex -6 0 3
      vertex -5.98715 0.392418 0
      vertex -5.98715 0.392418 3
    endloop
  endfacet
  facet normal 0.999464 -0.0327282 0
    outer loop
      vertex -5.98715 0.392418 0
      vertex -6 0 3
      vertex -6 0 0
    endloop
  endfacet
  facet normal 0.352245 0.935908 -0
    outer loop
      vertex -1.92864 -5.68158 0
      vertex -2.2961 -5.54328 3
      vertex -1.92864 -5.68158 3
    endloop
  endfacet
  facet normal 0.352245 0.935908 0
    outer loop
      vertex -2.2961 -5.54328 3
      vertex -1.92864 -5.68158 0
      vertex -2.2961 -5.54328 0
    endloop
  endfacet
  facet normal -0.0980062 0.995186 0
    outer loop
      vertex 0.783156 -5.94867 0
      vertex 0.392418 -5.98715 3
      vertex 0.783156 -5.94867 3
    endloop
  endfacet
  facet normal -0.0980062 0.995186 0
    outer loop
      vertex 0.392418 -5.98715 3
      vertex 0.783156 -5.94867 0
      vertex 0.392418 -5.98715 0
    endloop
  endfacet
  facet normal -0.634399 0.773005 0
    outer loop
      vertex 3.95607 -4.51104 0
      vertex 3.65257 -4.76012 3
      vertex 3.95607 -4.51104 3
    endloop
  endfacet
  facet normal -0.634399 0.773005 0
    outer loop
      vertex 3.65257 -4.76012 3
      vertex 3.95607 -4.51104 0
      vertex 3.65257 -4.76012 0
    endloop
  endfacet
  facet normal -0.999464 0.0327282 0
    outer loop
      vertex 5.98715 -0.392418 0
      vertex 6 0 3
      vertex 6 0 0
    endloop
  endfacet
  facet normal -0.999464 0.0327282 0
    outer loop
      vertex 6 0 3
      vertex 5.98715 -0.392418 0
      vertex 5.98715 -0.392418 3
    endloop
  endfacet
  facet normal -0.412707 0.910864 0
    outer loop
      vertex 2.65373 -5.38124 0
      vertex 2.2961 -5.54328 3
      vertex 2.65373 -5.38124 3
    endloop
  endfacet
  facet normal -0.412707 0.910864 0
    outer loop
      vertex 2.2961 -5.54328 3
      vertex 2.65373 -5.38124 0
      vertex 2.2961 -5.54328 0
    endloop
  endfacet
  facet normal -0.162902 -0.986642 0
    outer loop
      vertex 0.783156 5.94867 0
      vertex 1.17054 5.88471 3
      vertex 0.783156 5.94867 3
    endloop
  endfacet
  facet normal -0.162902 -0.986642 -0
    outer loop
      vertex 1.17054 5.88471 3
      vertex 0.783156 5.94867 0
      vertex 1.17054 5.88471 0
    endloop
  endfacet
  facet normal 0.729867 -0.683589 0
    outer loop
      vertex -4.51104 3.95607 3
      vertex -4.24264 4.24264 0
      vertex -4.24264 4.24264 3
    endloop
  endfacet
  facet normal 0.729867 -0.683589 0
    outer loop
      vertex -4.24264 4.24264 0
      vertex -4.51104 3.95607 3
      vertex -4.51104 3.95607 0
    endloop
  endfacet
  facet normal -0.683589 0.729867 0
    outer loop
      vertex 4.24264 -4.24264 0
      vertex 3.95607 -4.51104 3
      vertex 4.24264 -4.24264 3
    endloop
  endfacet
  facet normal -0.683589 0.729867 0
    outer loop
      vertex 3.95607 -4.51104 3
      vertex 4.24264 -4.24264 0
      vertex 3.95607 -4.51104 0
    endloop
  endfacet
  facet normal 0.773005 -0.634399 0
    outer loop
      vertex -4.76012 3.65257 3
      vertex -4.51104 3.95607 0
      vertex -4.51104 3.95607 3
    endloop
  endfacet
  facet normal 0.773005 -0.634399 0
    outer loop
      vertex -4.51104 3.95607 0
      vertex -4.76012 3.65257 3
      vertex -4.76012 3.65257 0
    endloop
  endfacet
  facet normal 0.227085 0.973875 -0
    outer loop
      vertex -1.17054 -5.88471 0
      vertex -1.55291 -5.79555 3
      vertex -1.17054 -5.88471 3
    endloop
  endfacet
  facet normal 0.227085 0.973875 0
    outer loop
      vertex -1.55291 -5.79555 3
      vertex -1.17054 -5.88471 0
      vertex -1.55291 -5.79555 0
    endloop
  endfacet
  facet normal -0.935908 0.352245 0
    outer loop
      vertex 5.54328 -2.2961 0
      vertex 5.68158 -1.92864 3
      vertex 5.68158 -1.92864 0
    endloop
  endfacet
  facet normal -0.935908 0.352245 0
    outer loop
      vertex 5.68158 -1.92864 3
      vertex 5.54328 -2.2961 0
      vertex 5.54328 -2.2961 3
    endloop
  endfacet
  facet normal 0.995186 -0.0980062 0
    outer loop
      vertex -5.98715 0.392418 3
      vertex -5.94867 0.783156 0
      vertex -5.94867 0.783156 3
    endloop
  endfacet
  facet normal 0.995186 -0.0980062 0
    outer loop
      vertex -5.94867 0.783156 0
      vertex -5.98715 0.392418 3
      vertex -5.98715 0.392418 0
    endloop
  endfacet
  facet normal 0.849207 -0.528061 0
    outer loop
      vertex -5.19615 3 3
      vertex -4.98882 3.33342 0
      vertex -4.98882 3.33342 3
    endloop
  endfacet
  facet normal 0.849207 -0.528061 0
    outer loop
      vertex -4.98882 3.33342 0
      vertex -5.19615 3 3
      vertex -5.19615 3 0
    endloop
  endfacet
  facet normal 0.29027 0.956945 -0
    outer loop
      vertex -1.55291 -5.79555 0
      vertex -1.92864 -5.68158 3
      vertex -1.55291 -5.79555 3
    endloop
  endfacet
  facet normal 0.29027 0.956945 0
    outer loop
      vertex -1.92864 -5.68158 3
      vertex -1.55291 -5.79555 0
      vertex -1.92864 -5.68158 0
    endloop
  endfacet
  facet normal 0.956945 -0.29027 0
    outer loop
      vertex -5.79555 1.55291 3
      vertex -5.68158 1.92864 0
      vertex -5.68158 1.92864 3
    endloop
  endfacet
  facet normal 0.956945 -0.29027 0
    outer loop
      vertex -5.68158 1.92864 0
      vertex -5.79555 1.55291 3
      vertex -5.79555 1.55291 0
    endloop
  endfacet
  facet normal 0.471406 0.881916 -0
    outer loop
      vertex -2.65373 -5.38124 0
      vertex -3 -5.19615 3
      vertex -2.65373 -5.38124 3
    endloop
  endfacet
  facet normal 0.471406 0.881916 0
    outer loop
      vertex -3 -5.19615 3
      vertex -2.65373 -5.38124 0
      vertex -3 -5.19615 0
    endloop
  endfacet
  facet normal 0.412707 0.910864 -0
    outer loop
      vertex -2.2961 -5.54328 0
      vertex -2.65373 -5.38124 3
      vertex -2.2961 -5.54328 3
    endloop
  endfacet
  facet normal 0.412707 0.910864 0
    outer loop
      vertex -2.65373 -5.38124 3
      vertex -2.2961 -5.54328 0
      vertex -2.65373 -5.38124 0
    endloop
  endfacet
  facet normal 0.471406 -0.881916 0
    outer loop
      vertex -3 5.19615 0
      vertex -2.65373 5.38124 3
      vertex -3 5.19615 3
    endloop
  endfacet
  facet normal 0.471406 -0.881916 0
    outer loop
      vertex -2.65373 5.38124 3
      vertex -3 5.19615 0
      vertex -2.65373 5.38124 0
    endloop
  endfacet
  facet normal 0.582478 0.812846 -0
    outer loop
      vertex -3.33342 -4.98882 0
      vertex -3.65257 -4.76012 3
      vertex -3.33342 -4.98882 3
    endloop
  endfacet
  facet normal 0.582478 0.812846 0
    outer loop
      vertex -3.65257 -4.76012 3
      vertex -3.33342 -4.98882 0
      vertex -3.65257 -4.76012 0
    endloop
  endfacet
  facet normal 0 0 -1
    outer loop
      vertex 49.5 0 3.1
      vertex 51 0 3.1
      vertex 50.8908 -3.33556 3.1
    endloop
  endfacet
  facet normal 0 0 -1
    outer loop
      vertex 49.394 -3.23745 3.1
      vertex 50.8908 -3.33556 3.1
      vertex 50.5637 -6.65684 3.1
    endloop
  endfacet
  facet normal 0 0 -1
    outer loop
      vertex 51 0 3.1
      vertex 49.5 0 3.1
      vertex 50.8908 3.33556 3.1
    endloop
  endfacet
  facet normal 0 0 -1
    outer loop
      vertex 49.0765 -6.46105 3.1
      vertex 50.5637 -6.65684 3.1
      vertex 50.1768 -9 3.1
    endloop
  endfacet
  facet normal 0 0 -1
    outer loop
      vertex 49.394 3.23745 3.1
      vertex 50.8908 3.33556 3.1
      vertex 49.5 0 3.1
    endloop
  endfacet
  facet normal -0 0 -1
    outer loop
      vertex 50.8908 3.33556 3.1
      vertex 49.394 3.23745 3.1
      vertex 50.5637 6.65684 3.1
    endloop
  endfacet
  facet normal 0 0 -1
    outer loop
      vertex 50.8908 -3.33556 3.1
      vertex 49.394 -3.23745 3.1
      vertex 49.5 0 3.1
    endloop
  endfacet
  facet normal 0 0 -1
    outer loop
      vertex 50.5637 -6.65684 3.1
      vertex 49.0765 -6.46105 3.1
      vertex 49.394 -3.23745 3.1
    endloop
  endfacet
  facet normal 0 -0 -1
    outer loop
      vertex 49.0765 -6.46105 3.1
      vertex 50.1768 -9 3.1
      vertex 48.6573 -9 3.1
    endloop
  endfacet
  facet normal 0 0 -1
    outer loop
      vertex 49.0765 6.46105 3.1
      vertex 50.5637 6.65684 3.1
      vertex 49.394 3.23745 3.1
    endloop
  endfacet
  facet normal -0 0 -1
    outer loop
      vertex 50.5637 6.65684 3.1
      vertex 49.0765 6.46105 3.1
      vertex 50.1768 9 3.1
    endloop
  endfacet
  facet normal -0 0 -1
    outer loop
      vertex 50.1768 9 3.1
      vertex 49.0765 6.46105 3.1
      vertex 48.6573 9 3.1
    endloop
  endfacet
  facet normal 1 -0 0
    outer loop
      vertex 13 -9 3
      vertex 13 9 0
      vertex 13 9 3
    endloop
  endfacet
  facet normal 1 0 0
    outer loop
      vertex 13 9 0
      vertex 13 -9 3
      vertex 13 -9 0
    endloop
  endfacet
  facet normal 0 -1 0
    outer loop
      vertex 13 9 3
      vertex 13 9 0
      vertex 48.6573 9 3
    endloop
  endfacet
  facet normal 0 -1 0
    outer loop
      vertex 48.6573 9 3
      vertex 50.1768 9 3.1
      vertex 48.6573 9 3.1
    endloop
  endfacet
  facet normal 0 -1 0
    outer loop
      vertex 50.1768 9 0
      vertex 48.6573 9 3
      vertex 13 9 0
    endloop
  endfacet
  facet normal 0 -1 0
    outer loop
      vertex 48.6573 9 3
      vertex 50.1768 9 0
      vertex 50.1768 9 3.1
    endloop
  endfacet
  facet normal 0 1 0
    outer loop
      vertex 50.1768 -9 3.1
      vertex 48.6573 -9 3
      vertex 48.6573 -9 3.1
    endloop
  endfacet
  facet normal 0 1 -0
    outer loop
      vertex 50.1768 -9 0
      vertex 48.6573 -9 3
      vertex 50.1768 -9 3.1
    endloop
  endfacet
  facet normal 0 1 0
    outer loop
      vertex 13 -9 0
      vertex 48.6573 -9 3
      vertex 50.1768 -9 0
    endloop
  endfacet
  facet normal 0 1 0
    outer loop
      vertex 48.6573 -9 3
      vertex 13 -9 0
      vertex 13 -9 3
    endloop
  endfacet
  facet normal -1 0 0
    outer loop
      vertex -6 50.6284 0
      vertex -6 52 3
      vertex -6 52 0
    endloop
  endfacet
  facet normal -1 -0 0
    outer loop
      vertex -6 52 3
      vertex -6 50.6284 0
      vertex -6 50.6284 3
    endloop
  endfacet
  facet normal 1 -0 0
    outer loop
      vertex 6 50.6284 3
      vertex 6 52 0
      vertex 6 52 3
    endloop
  endfacet
  facet normal 1 0 0
    outer loop
      vertex 6 52 0
      vertex 6 50.6284 3
      vertex 6 50.6284 0
    endloop
  endfacet
  facet normal 0 1 -0
    outer loop
      vertex 6 52 0
      vertex -6 52 3
      vertex 6 52 3
    endloop
  endfacet
  facet normal 0 1 0
    outer loop
      vertex -6 52 3
      vertex 6 52 0
      vertex -6 52 0
    endloop
  endfacet
  facet normal 0 -1 0
    outer loop
      vertex -6 -52 0
      vertex 6 -52 3
      vertex -6 -52 3
    endloop
  endfacet
  facet normal 0 -1 -0
    outer loop
      vertex 6 -52 3
      vertex -6 -52 0
      vertex 6 -52 0
    endloop
  endfacet
  facet normal 1 -0 0
    outer loop
      vertex 6 -52 3
      vertex 6 -50.6284 0
      vertex 6 -50.6284 3
    endloop
  endfacet
  facet normal 1 0 0
    outer loop
      vertex 6 -50.6284 0
      vertex 6 -52 3
      vertex 6 -52 0
    endloop
  endfacet
  facet normal -1 0 0
    outer loop
      vertex -6 -52 0
      vertex -6 -50.6284 3
      vertex -6 -50.6284 0
    endloop
  endfacet
  facet normal -1 -0 0
    outer loop
      vertex -6 -50.6284 3
      vertex -6 -52 0
      vertex -6 -52 3
    endloop
  endfacet
endsolid OpenSCAD_Model
