solid OpenSCAD_Model
  facet normal -0.740823 0.6717 0
    outer loop
      vertex -58.6381 57.8064 0
      vertex -58.2426 58.2426 42
      vertex -58.2426 58.2426 0
    endloop
  endfacet
  facet normal -0.740823 0.6717 0
    outer loop
      vertex -58.2426 58.2426 42
      vertex -58.6381 57.8064 0
      vertex -58.6381 57.8064 42
    endloop
  endfacet
  facet normal -0.970023 0.243015 0
    outer loop
      vertex -59.8847 55.1705 0
      vertex -59.7416 55.7417 42
      vertex -59.7416 55.7417 0
    endloop
  endfacet
  facet normal -0.970023 0.243015 0
    outer loop
      vertex -59.7416 55.7417 42
      vertex -59.8847 55.1705 0
      vertex -59.8847 55.1705 42
    endloop
  endfacet
  facet normal 0.970023 -0.243015 0
    outer loop
      vertex 59.7416 -55.7417 42
      vertex 59.8847 -55.1705 0
      vertex 59.8847 -55.1705 42
    endloop
  endfacet
  facet normal 0.970023 -0.243015 0
    outer loop
      vertex 59.8847 -55.1705 0
      vertex 59.7416 -55.7417 42
      vertex 59.7416 -55.7417 0
    endloop
  endfacet
  facet normal 0.427612 0.903962 -0
    outer loop
      vertex 56.8284 59.2915 0
      vertex 56.2961 59.5433 42
      vertex 56.8284 59.2915 42
    endloop
  endfacet
  facet normal 0.427612 0.903962 0
    outer loop
      vertex 56.2961 59.5433 42
      vertex 56.8284 59.2915 0
      vertex 56.2961 59.5433 0
    endloop
  endfacet
  facet normal -0.427612 0.903962 0
    outer loop
      vertex -56.2961 59.5433 0
      vertex -56.8284 59.2915 42
      vertex -56.2961 59.5433 42
    endloop
  endfacet
  facet normal -0.427612 0.903962 0
    outer loop
      vertex -56.8284 59.2915 42
      vertex -56.2961 59.5433 0
      vertex -56.8284 59.2915 0
    endloop
  endfacet
  facet normal 0 1 0
    outer loop
      vertex 54 60 42
      vertex 11 60 5.47287
      vertex -54 60 42
    endloop
  endfacet
  facet normal 0 1 -0
    outer loop
      vertex 54 60 0
      vertex 11 60 5.47287
      vertex 54 60 42
    endloop
  endfacet
  facet normal 0 1 0
    outer loop
      vertex 11 60 4.92893
      vertex 54 60 0
      vertex -11 60 4.92893
    endloop
  endfacet
  facet normal 0 1 0
    outer loop
      vertex 11 60 5.47287
      vertex 54 60 0
      vertex 11 60 4.92893
    endloop
  endfacet
  facet normal 0 1 -0
    outer loop
      vertex -11 60 5.47287
      vertex -54 60 42
      vertex 11 60 5.47287
    endloop
  endfacet
  facet normal 0 1 0
    outer loop
      vertex -54 60 0
      vertex -11 60 5.47287
      vertex -11 60 4.92893
    endloop
  endfacet
  facet normal 0 1 0
    outer loop
      vertex -11 60 5.47287
      vertex -54 60 0
      vertex -54 60 42
    endloop
  endfacet
  facet normal 0 1 0
    outer loop
      vertex -54 60 0
      vertex -11 60 4.92893
      vertex 54 60 0
    endloop
  endfacet
  facet normal -0.903962 -0.427612 0
    outer loop
      vertex -59.2915 -56.8284 0
      vertex -59.5433 -56.2961 42
      vertex -59.5433 -56.2961 0
    endloop
  endfacet
  facet normal -0.903962 -0.427612 0
    outer loop
      vertex -59.5433 -56.2961 42
      vertex -59.2915 -56.8284 0
      vertex -59.2915 -56.8284 42
    endloop
  endfacet
  facet normal -0.243015 0.970023 0
    outer loop
      vertex -55.1705 59.8847 0
      vertex -55.7417 59.7416 42
      vertex -55.1705 59.8847 42
    endloop
  endfacet
  facet normal -0.243015 0.970023 0
    outer loop
      vertex -55.7417 59.7416 42
      vertex -55.1705 59.8847 0
      vertex -55.7417 59.7416 0
    endloop
  endfacet
  facet normal 0.740823 -0.6717 0
    outer loop
      vertex 58.2426 -58.2426 42
      vertex 58.6381 -57.8064 0
      vertex 58.6381 -57.8064 42
    endloop
  endfacet
  facet normal 0.740823 -0.6717 0
    outer loop
      vertex 58.6381 -57.8064 0
      vertex 58.2426 -58.2426 42
      vertex 58.2426 -58.2426 0
    endloop
  endfacet
  facet normal -0.0490821 0.998795 0
    outer loop
      vertex -54 60 0
      vertex -54.5881 59.9711 42
      vertex -54 60 42
    endloop
  endfacet
  facet normal -0.0490821 0.998795 0
    outer loop
      vertex -54.5881 59.9711 42
      vertex -54 60 0
      vertex -54.5881 59.9711 0
    endloop
  endfacet
  facet normal 0.903962 0.427612 0
    outer loop
      vertex 59.5433 56.2961 42
      vertex 59.2915 56.8284 0
      vertex 59.2915 56.8284 42
    endloop
  endfacet
  facet normal 0.903962 0.427612 0
    outer loop
      vertex 59.2915 56.8284 0
      vertex 59.5433 56.2961 42
      vertex 59.5433 56.2961 0
    endloop
  endfacet
  facet normal 1 0 0
    outer loop
      vertex 60 54 42
      vertex 60 -2.25 7.9
      vertex 60 54 0
    endloop
  endfacet
  facet normal 1 -0 0
    outer loop
      vertex 60 -54 42
      vertex 60 -2.25 7.9
      vertex 60 54 42
    endloop
  endfacet
  facet normal 1 0 0
    outer loop
      vertex 60 -54 0
      vertex 60 -13.75 7.9
      vertex 60 -54 42
    endloop
  endfacet
  facet normal 1 0 0
    outer loop
      vertex 60 -2.25 7.9
      vertex 60 -54 42
      vertex 60 -13.75 7.9
    endloop
  endfacet
  facet normal 1 -0 0
    outer loop
      vertex 60 -2.25 1.9
      vertex 60 54 0
      vertex 60 -2.25 7.9
    endloop
  endfacet
  facet normal 1 0 0
    outer loop
      vertex 60 -54 0
      vertex 60 -2.25 1.9
      vertex 60 -13.75 1.9
    endloop
  endfacet
  facet normal 1 0 0
    outer loop
      vertex 60 -2.25 1.9
      vertex 60 -54 0
      vertex 60 54 0
    endloop
  endfacet
  facet normal 1 0 0
    outer loop
      vertex 60 -13.75 7.9
      vertex 60 -54 0
      vertex 60 -13.75 1.9
    endloop
  endfacet
  facet normal 0 -1 0
    outer loop
      vertex -26.5 -60 8.9
      vertex -54 -60 42
      vertex -37.5 -60 8.9
    endloop
  endfacet
  facet normal 0 -1 0
    outer loop
      vertex -54 -60 0
      vertex -37.5 -60 8.9
      vertex -54 -60 42
    endloop
  endfacet
  facet normal 0 -1 -0
    outer loop
      vertex -37.5 -60 2.9
      vertex -54 -60 0
      vertex -26.5 -60 2.9
    endloop
  endfacet
  facet normal 0 -1 -0
    outer loop
      vertex -37.5 -60 8.9
      vertex -54 -60 0
      vertex -37.5 -60 2.9
    endloop
  endfacet
  facet normal 0 -1 0
    outer loop
      vertex -54 -60 42
      vertex -26.5 -60 8.9
      vertex 54 -60 42
    endloop
  endfacet
  facet normal 0 -1 0
    outer loop
      vertex 54 -60 0
      vertex -26.5 -60 8.9
      vertex -26.5 -60 2.9
    endloop
  endfacet
  facet normal 0 -1 0
    outer loop
      vertex -26.5 -60 8.9
      vertex 54 -60 0
      vertex 54 -60 42
    endloop
  endfacet
  facet normal 0 -1 0
    outer loop
      vertex 54 -60 0
      vertex -26.5 -60 2.9
      vertex -54 -60 0
    endloop
  endfacet
  facet normal -0.970023 -0.243015 0
    outer loop
      vertex -59.7416 -55.7417 0
      vertex -59.8847 -55.1705 42
      vertex -59.8847 -55.1705 0
    endloop
  endfacet
  facet normal -0.970023 -0.243015 0
    outer loop
      vertex -59.8847 -55.1705 42
      vertex -59.7416 -55.7417 0
      vertex -59.7416 -55.7417 42
    endloop
  endfacet
  facet normal -0.514121 0.857718 0
    outer loop
      vertex -56.8284 59.2915 0
      vertex -57.3334 58.9888 42
      vertex -56.8284 59.2915 42
    endloop
  endfacet
  facet normal -0.514121 0.857718 0
    outer loop
      vertex -57.3334 58.9888 42
      vertex -56.8284 59.2915 0
      vertex -57.3334 58.9888 0
    endloop
  endfacet
  facet normal -1 0 0
    outer loop
      vertex -60 -54 0
      vertex -60 54 42
      vertex -60 54 0
    endloop
  endfacet
  facet normal -1 -0 0
    outer loop
      vertex -60 54 42
      vertex -60 -54 0
      vertex -60 -54 42
    endloop
  endfacet
  facet normal -0.989174 -0.146746 0
    outer loop
      vertex -59.8847 -55.1705 0
      vertex -59.9711 -54.5881 42
      vertex -59.9711 -54.5881 0
    endloop
  endfacet
  facet normal -0.989174 -0.146746 0
    outer loop
      vertex -59.9711 -54.5881 42
      vertex -59.8847 -55.1705 0
      vertex -59.8847 -55.1705 42
    endloop
  endfacet
  facet normal -0.243015 -0.970023 0
    outer loop
      vertex -55.7417 -59.7416 0
      vertex -55.1705 -59.8847 42
      vertex -55.7417 -59.7416 42
    endloop
  endfacet
  facet normal -0.243015 -0.970023 -0
    outer loop
      vertex -55.1705 -59.8847 42
      vertex -55.7417 -59.7416 0
      vertex -55.1705 -59.8847 0
    endloop
  endfacet
  facet normal -0.595589 0.803289 0
    outer loop
      vertex -57.3334 58.9888 0
      vertex -57.8064 58.6381 42
      vertex -57.3334 58.9888 42
    endloop
  endfacet
  facet normal -0.595589 0.803289 0
    outer loop
      vertex -57.8064 58.6381 42
      vertex -57.3334 58.9888 0
      vertex -57.8064 58.6381 0
    endloop
  endfacet
  facet normal 0.146746 -0.989174 0
    outer loop
      vertex 54.5881 -59.9711 0
      vertex 55.1705 -59.8847 42
      vertex 54.5881 -59.9711 42
    endloop
  endfacet
  facet normal 0.146746 -0.989174 0
    outer loop
      vertex 55.1705 -59.8847 42
      vertex 54.5881 -59.9711 0
      vertex 55.1705 -59.8847 0
    endloop
  endfacet
  facet normal 0.595589 0.803289 -0
    outer loop
      vertex 57.8064 58.6381 0
      vertex 57.3334 58.9888 42
      vertex 57.8064 58.6381 42
    endloop
  endfacet
  facet normal 0.595589 0.803289 0
    outer loop
      vertex 57.3334 58.9888 42
      vertex 57.8064 58.6381 0
      vertex 57.3334 58.9888 0
    endloop
  endfacet
  facet normal 0.989174 0.146746 0
    outer loop
      vertex 59.9711 54.5881 42
      vertex 59.8847 55.1705 0
      vertex 59.8847 55.1705 42
    endloop
  endfacet
  facet normal 0.989174 0.146746 0
    outer loop
      vertex 59.8847 55.1705 0
      vertex 59.9711 54.5881 42
      vertex 59.9711 54.5881 0
    endloop
  endfacet
  facet normal -0.146746 0.989174 0
    outer loop
      vertex -54.5881 59.9711 0
      vertex -55.1705 59.8847 42
      vertex -54.5881 59.9711 42
    endloop
  endfacet
  facet normal -0.146746 0.989174 0
    outer loop
      vertex -55.1705 59.8847 42
      vertex -54.5881 59.9711 0
      vertex -55.1705 59.8847 0
    endloop
  endfacet
  facet normal 0.514121 0.857718 -0
    outer loop
      vertex 57.3334 58.9888 0
      vertex 56.8284 59.2915 42
      vertex 57.3334 58.9888 42
    endloop
  endfacet
  facet normal 0.514121 0.857718 0
    outer loop
      vertex 56.8284 59.2915 42
      vertex 57.3334 58.9888 0
      vertex 56.8284 59.2915 0
    endloop
  endfacet
  facet normal -0.0490821 -0.998795 0
    outer loop
      vertex -54.5881 -59.9711 0
      vertex -54 -60 42
      vertex -54.5881 -59.9711 42
    endloop
  endfacet
  facet normal -0.0490821 -0.998795 -0
    outer loop
      vertex -54 -60 42
      vertex -54.5881 -59.9711 0
      vertex -54 -60 0
    endloop
  endfacet
  facet normal 0.0490821 0.998795 -0
    outer loop
      vertex 54.5881 59.9711 0
      vertex 54 60 42
      vertex 54.5881 59.9711 42
    endloop
  endfacet
  facet normal 0.0490821 0.998795 0
    outer loop
      vertex 54 60 42
      vertex 54.5881 59.9711 0
      vertex 54 60 0
    endloop
  endfacet
  facet normal 0.740823 0.6717 0
    outer loop
      vertex 58.6381 57.8064 42
      vertex 58.2426 58.2426 0
      vertex 58.2426 58.2426 42
    endloop
  endfacet
  facet normal 0.740823 0.6717 0
    outer loop
      vertex 58.2426 58.2426 0
      vertex 58.6381 57.8064 42
      vertex 58.6381 57.8064 0
    endloop
  endfacet
  facet normal 0.998795 0.0490821 0
    outer loop
      vertex 60 54 42
      vertex 59.9711 54.5881 0
      vertex 59.9711 54.5881 42
    endloop
  endfacet
  facet normal 0.998795 0.0490821 0
    outer loop
      vertex 59.9711 54.5881 0
      vertex 60 54 42
      vertex 60 54 0
    endloop
  endfacet
  facet normal 0.6717 0.740823 -0
    outer loop
      vertex 58.2426 58.2426 0
      vertex 57.8064 58.6381 42
      vertex 58.2426 58.2426 42
    endloop
  endfacet
  facet normal 0.6717 0.740823 0
    outer loop
      vertex 57.8064 58.6381 42
      vertex 58.2426 58.2426 0
      vertex 57.8064 58.6381 0
    endloop
  endfacet
  facet normal -0.6717 -0.740823 0
    outer loop
      vertex -58.2426 -58.2426 0
      vertex -57.8064 -58.6381 42
      vertex -58.2426 -58.2426 42
    endloop
  endfacet
  facet normal -0.6717 -0.740823 -0
    outer loop
      vertex -57.8064 -58.6381 42
      vertex -58.2426 -58.2426 0
      vertex -57.8064 -58.6381 0
    endloop
  endfacet
  facet normal 0.0490821 -0.998795 0
    outer loop
      vertex 54 -60 0
      vertex 54.5881 -59.9711 42
      vertex 54 -60 42
    endloop
  endfacet
  facet normal 0.0490821 -0.998795 0
    outer loop
      vertex 54.5881 -59.9711 42
      vertex 54 -60 0
      vertex 54.5881 -59.9711 0
    endloop
  endfacet
  facet normal 0.595589 -0.803289 0
    outer loop
      vertex 57.3334 -58.9888 0
      vertex 57.8064 -58.6381 42
      vertex 57.3334 -58.9888 42
    endloop
  endfacet
  facet normal 0.595589 -0.803289 0
    outer loop
      vertex 57.8064 -58.6381 42
      vertex 57.3334 -58.9888 0
      vertex 57.8064 -58.6381 0
    endloop
  endfacet
  facet normal 0.803289 0.595589 0
    outer loop
      vertex 58.9888 57.3334 42
      vertex 58.6381 57.8064 0
      vertex 58.6381 57.8064 42
    endloop
  endfacet
  facet normal 0.803289 0.595589 0
    outer loop
      vertex 58.6381 57.8064 0
      vertex 58.9888 57.3334 42
      vertex 58.9888 57.3334 0
    endloop
  endfacet
  facet normal -0.514121 -0.857718 0
    outer loop
      vertex -57.3334 -58.9888 0
      vertex -56.8284 -59.2915 42
      vertex -57.3334 -58.9888 42
    endloop
  endfacet
  facet normal -0.514121 -0.857718 -0
    outer loop
      vertex -56.8284 -59.2915 42
      vertex -57.3334 -58.9888 0
      vertex -56.8284 -59.2915 0
    endloop
  endfacet
  facet normal 0.803289 -0.595589 0
    outer loop
      vertex 58.6381 -57.8064 42
      vertex 58.9888 -57.3334 0
      vertex 58.9888 -57.3334 42
    endloop
  endfacet
  facet normal 0.803289 -0.595589 0
    outer loop
      vertex 58.9888 -57.3334 0
      vertex 58.6381 -57.8064 42
      vertex 58.6381 -57.8064 0
    endloop
  endfacet
  facet normal 0.998795 -0.0490821 0
    outer loop
      vertex 59.9711 -54.5881 42
      vertex 60 -54 0
      vertex 60 -54 42
    endloop
  endfacet
  facet normal 0.998795 -0.0490821 0
    outer loop
      vertex 60 -54 0
      vertex 59.9711 -54.5881 42
      vertex 59.9711 -54.5881 0
    endloop
  endfacet
  facet normal -0.903962 0.427612 0
    outer loop
      vertex -59.5433 56.2961 0
      vertex -59.2915 56.8284 42
      vertex -59.2915 56.8284 0
    endloop
  endfacet
  facet normal -0.903962 0.427612 0
    outer loop
      vertex -59.2915 56.8284 42
      vertex -59.5433 56.2961 0
      vertex -59.5433 56.2961 42
    endloop
  endfacet
  facet normal 0.857718 -0.514121 0
    outer loop
      vertex 58.9888 -57.3334 42
      vertex 59.2915 -56.8284 0
      vertex 59.2915 -56.8284 42
    endloop
  endfacet
  facet normal 0.857718 -0.514121 0
    outer loop
      vertex 59.2915 -56.8284 0
      vertex 58.9888 -57.3334 42
      vertex 58.9888 -57.3334 0
    endloop
  endfacet
  facet normal -0.998795 -0.0490821 0
    outer loop
      vertex -59.9711 -54.5881 0
      vertex -60 -54 42
      vertex -60 -54 0
    endloop
  endfacet
  facet normal -0.998795 -0.0490821 0
    outer loop
      vertex -60 -54 42
      vertex -59.9711 -54.5881 0
      vertex -59.9711 -54.5881 42
    endloop
  endfacet
  facet normal 0.989174 -0.146746 0
    outer loop
      vertex 59.8847 -55.1705 42
      vertex 59.9711 -54.5881 0
      vertex 59.9711 -54.5881 42
    endloop
  endfacet
  facet normal 0.989174 -0.146746 0
    outer loop
      vertex 59.9711 -54.5881 0
      vertex 59.8847 -55.1705 42
      vertex 59.8847 -55.1705 0
    endloop
  endfacet
  facet normal -0.595589 -0.803289 0
    outer loop
      vertex -57.8064 -58.6381 0
      vertex -57.3334 -58.9888 42
      vertex -57.8064 -58.6381 42
    endloop
  endfacet
  facet normal -0.595589 -0.803289 -0
    outer loop
      vertex -57.3334 -58.9888 42
      vertex -57.8064 -58.6381 0
      vertex -57.3334 -58.9888 0
    endloop
  endfacet
  facet normal 0.336788 0.94158 -0
    outer loop
      vertex 56.2961 59.5433 0
      vertex 55.7417 59.7416 42
      vertex 56.2961 59.5433 42
    endloop
  endfacet
  facet normal 0.336788 0.94158 0
    outer loop
      vertex 55.7417 59.7416 42
      vertex 56.2961 59.5433 0
      vertex 55.7417 59.7416 0
    endloop
  endfacet
  facet normal 0.146746 0.989174 -0
    outer loop
      vertex 55.1705 59.8847 0
      vertex 54.5881 59.9711 42
      vertex 55.1705 59.8847 42
    endloop
  endfacet
  facet normal 0.146746 0.989174 0
    outer loop
      vertex 54.5881 59.9711 42
      vertex 55.1705 59.8847 0
      vertex 54.5881 59.9711 0
    endloop
  endfacet
  facet normal 0.857718 0.514121 0
    outer loop
      vertex 59.2915 56.8284 42
      vertex 58.9888 57.3334 0
      vertex 58.9888 57.3334 42
    endloop
  endfacet
  facet normal 0.857718 0.514121 0
    outer loop
      vertex 58.9888 57.3334 0
      vertex 59.2915 56.8284 42
      vertex 59.2915 56.8284 0
    endloop
  endfacet
  facet normal 0.243015 -0.970023 0
    outer loop
      vertex 55.1705 -59.8847 0
      vertex 55.7417 -59.7416 42
      vertex 55.1705 -59.8847 42
    endloop
  endfacet
  facet normal 0.243015 -0.970023 0
    outer loop
      vertex 55.7417 -59.7416 42
      vertex 55.1705 -59.8847 0
      vertex 55.7417 -59.7416 0
    endloop
  endfacet
  facet normal -0.427612 -0.903962 0
    outer loop
      vertex -56.8284 -59.2915 0
      vertex -56.2961 -59.5433 42
      vertex -56.8284 -59.2915 42
    endloop
  endfacet
  facet normal -0.427612 -0.903962 -0
    outer loop
      vertex -56.2961 -59.5433 42
      vertex -56.8284 -59.2915 0
      vertex -56.2961 -59.5433 0
    endloop
  endfacet
  facet normal -0.857718 -0.514121 0
    outer loop
      vertex -58.9888 -57.3334 0
      vertex -59.2915 -56.8284 42
      vertex -59.2915 -56.8284 0
    endloop
  endfacet
  facet normal -0.857718 -0.514121 0
    outer loop
      vertex -59.2915 -56.8284 42
      vertex -58.9888 -57.3334 0
      vertex -58.9888 -57.3334 42
    endloop
  endfacet
  facet normal -0.336788 0.94158 0
    outer loop
      vertex -55.7417 59.7416 0
      vertex -56.2961 59.5433 42
      vertex -55.7417 59.7416 42
    endloop
  endfacet
  facet normal -0.336788 0.94158 0
    outer loop
      vertex -56.2961 59.5433 42
      vertex -55.7417 59.7416 0
      vertex -56.2961 59.5433 0
    endloop
  endfacet
  facet normal -0.857718 0.514121 0
    outer loop
      vertex -59.2915 56.8284 0
      vertex -58.9888 57.3334 42
      vertex -58.9888 57.3334 0
    endloop
  endfacet
  facet normal -0.857718 0.514121 0
    outer loop
      vertex -58.9888 57.3334 42
      vertex -59.2915 56.8284 0
      vertex -59.2915 56.8284 42
    endloop
  endfacet
  facet normal -0.989174 0.146746 0
    outer loop
      vertex -59.9711 54.5881 0
      vertex -59.8847 55.1705 42
      vertex -59.8847 55.1705 0
    endloop
  endfacet
  facet normal -0.989174 0.146746 0
    outer loop
      vertex -59.8847 55.1705 42
      vertex -59.9711 54.5881 0
      vertex -59.9711 54.5881 42
    endloop
  endfacet
  facet normal -0.803289 -0.595589 0
    outer loop
      vertex -58.6381 -57.8064 0
      vertex -58.9888 -57.3334 42
      vertex -58.9888 -57.3334 0
    endloop
  endfacet
  facet normal -0.803289 -0.595589 0
    outer loop
      vertex -58.9888 -57.3334 42
      vertex -58.6381 -57.8064 0
      vertex -58.6381 -57.8064 42
    endloop
  endfacet
  facet normal 0.514121 -0.857718 0
    outer loop
      vertex 56.8284 -59.2915 0
      vertex 57.3334 -58.9888 42
      vertex 56.8284 -59.2915 42
    endloop
  endfacet
  facet normal 0.514121 -0.857718 0
    outer loop
      vertex 57.3334 -58.9888 42
      vertex 56.8284 -59.2915 0
      vertex 57.3334 -58.9888 0
    endloop
  endfacet
  facet normal 0.427612 -0.903962 0
    outer loop
      vertex 56.2961 -59.5433 0
      vertex 56.8284 -59.2915 42
      vertex 56.2961 -59.5433 42
    endloop
  endfacet
  facet normal 0.427612 -0.903962 0
    outer loop
      vertex 56.8284 -59.2915 42
      vertex 56.2961 -59.5433 0
      vertex 56.8284 -59.2915 0
    endloop
  endfacet
  facet normal -0.6717 0.740823 0
    outer loop
      vertex -57.8064 58.6381 0
      vertex -58.2426 58.2426 42
      vertex -57.8064 58.6381 42
    endloop
  endfacet
  facet normal -0.6717 0.740823 0
    outer loop
      vertex -58.2426 58.2426 42
      vertex -57.8064 58.6381 0
      vertex -58.2426 58.2426 0
    endloop
  endfacet
  facet normal -0.998795 0.0490821 0
    outer loop
      vertex -60 54 0
      vertex -59.9711 54.5881 42
      vertex -59.9711 54.5881 0
    endloop
  endfacet
  facet normal -0.998795 0.0490821 0
    outer loop
      vertex -59.9711 54.5881 42
      vertex -60 54 0
      vertex -60 54 42
    endloop
  endfacet
  facet normal 0.94158 0.336788 0
    outer loop
      vertex 59.7416 55.7417 42
      vertex 59.5433 56.2961 0
      vertex 59.5433 56.2961 42
    endloop
  endfacet
  facet normal 0.94158 0.336788 0
    outer loop
      vertex 59.5433 56.2961 0
      vertex 59.7416 55.7417 42
      vertex 59.7416 55.7417 0
    endloop
  endfacet
  facet normal -0.740823 -0.6717 0
    outer loop
      vertex -58.2426 -58.2426 0
      vertex -58.6381 -57.8064 42
      vertex -58.6381 -57.8064 0
    endloop
  endfacet
  facet normal -0.740823 -0.6717 0
    outer loop
      vertex -58.6381 -57.8064 42
      vertex -58.2426 -58.2426 0
      vertex -58.2426 -58.2426 42
    endloop
  endfacet
  facet normal 0.243015 0.970023 -0
    outer loop
      vertex 55.7417 59.7416 0
      vertex 55.1705 59.8847 42
      vertex 55.7417 59.7416 42
    endloop
  endfacet
  facet normal 0.243015 0.970023 0
    outer loop
      vertex 55.1705 59.8847 42
      vertex 55.7417 59.7416 0
      vertex 55.1705 59.8847 0
    endloop
  endfacet
  facet normal 0.970023 0.243015 0
    outer loop
      vertex 59.8847 55.1705 42
      vertex 59.7416 55.7417 0
      vertex 59.7416 55.7417 42
    endloop
  endfacet
  facet normal 0.970023 0.243015 0
    outer loop
      vertex 59.7416 55.7417 0
      vertex 59.8847 55.1705 42
      vertex 59.8847 55.1705 0
    endloop
  endfacet
  facet normal -0.146746 -0.989174 0
    outer loop
      vertex -55.1705 -59.8847 0
      vertex -54.5881 -59.9711 42
      vertex -55.1705 -59.8847 42
    endloop
  endfacet
  facet normal -0.146746 -0.989174 -0
    outer loop
      vertex -54.5881 -59.9711 42
      vertex -55.1705 -59.8847 0
      vertex -54.5881 -59.9711 0
    endloop
  endfacet
  facet normal -0.336788 -0.94158 0
    outer loop
      vertex -56.2961 -59.5433 0
      vertex -55.7417 -59.7416 42
      vertex -56.2961 -59.5433 42
    endloop
  endfacet
  facet normal -0.336788 -0.94158 -0
    outer loop
      vertex -55.7417 -59.7416 42
      vertex -56.2961 -59.5433 0
      vertex -55.7417 -59.7416 0
    endloop
  endfacet
  facet normal 0.6717 -0.740823 0
    outer loop
      vertex 57.8064 -58.6381 0
      vertex 58.2426 -58.2426 42
      vertex 57.8064 -58.6381 42
    endloop
  endfacet
  facet normal 0.6717 -0.740823 0
    outer loop
      vertex 58.2426 -58.2426 42
      vertex 57.8064 -58.6381 0
      vertex 58.2426 -58.2426 0
    endloop
  endfacet
  facet normal 0.336788 -0.94158 0
    outer loop
      vertex 55.7417 -59.7416 0
      vertex 56.2961 -59.5433 42
      vertex 55.7417 -59.7416 42
    endloop
  endfacet
  facet normal 0.336788 -0.94158 0
    outer loop
      vertex 56.2961 -59.5433 42
      vertex 55.7417 -59.7416 0
      vertex 56.2961 -59.5433 0
    endloop
  endfacet
  facet normal 0.903962 -0.427612 0
    outer loop
      vertex 59.2915 -56.8284 42
      vertex 59.5433 -56.2961 0
      vertex 59.5433 -56.2961 42
    endloop
  endfacet
  facet normal 0.903962 -0.427612 0
    outer loop
      vertex 59.5433 -56.2961 0
      vertex 59.2915 -56.8284 42
      vertex 59.2915 -56.8284 0
    endloop
  endfacet
  facet normal -0.94158 -0.336788 0
    outer loop
      vertex -59.5433 -56.2961 0
      vertex -59.7416 -55.7417 42
      vertex -59.7416 -55.7417 0
    endloop
  endfacet
  facet normal -0.94158 -0.336788 0
    outer loop
      vertex -59.7416 -55.7417 42
      vertex -59.5433 -56.2961 0
      vertex -59.5433 -56.2961 42
    endloop
  endfacet
  facet normal -0.803289 0.595589 0
    outer loop
      vertex -58.9888 57.3334 0
      vertex -58.6381 57.8064 42
      vertex -58.6381 57.8064 0
    endloop
  endfacet
  facet normal -0.803289 0.595589 0
    outer loop
      vertex -58.6381 57.8064 42
      vertex -58.9888 57.3334 0
      vertex -58.9888 57.3334 42
    endloop
  endfacet
  facet normal 0.94158 -0.336788 0
    outer loop
      vertex 59.5433 -56.2961 42
      vertex 59.7416 -55.7417 0
      vertex 59.7416 -55.7417 42
    endloop
  endfacet
  facet normal 0.94158 -0.336788 0
    outer loop
      vertex 59.7416 -55.7417 0
      vertex 59.5433 -56.2961 42
      vertex 59.5433 -56.2961 0
    endloop
  endfacet
  facet normal 0 0 1
    outer loop
      vertex 57.5807 53.9921 42
      vertex 60 54 42
      vertex 59.9711 54.5881 42
    endloop
  endfacet
  facet normal 0 0 1
    outer loop
      vertex 60 54 42
      vertex 57.6 53.6 42
      vertex 60 -54 42
    endloop
  endfacet
  facet normal 0 0 1
    outer loop
      vertex 57.5231 54.3804 42
      vertex 59.9711 54.5881 42
      vertex 59.8847 55.1705 42
    endloop
  endfacet
  facet normal -0 0 1
    outer loop
      vertex 57.6 -53.6 42
      vertex 60 -54 42
      vertex 57.6 53.6 42
    endloop
  endfacet
  facet normal 0 0 1
    outer loop
      vertex 57.4278 54.7611 42
      vertex 59.8847 55.1705 42
      vertex 59.7416 55.7417 42
    endloop
  endfacet
  facet normal -0 0 1
    outer loop
      vertex 57.5807 -53.9921 42
      vertex 60 -54 42
      vertex 57.6 -53.6 42
    endloop
  endfacet
  facet normal 0 0 1
    outer loop
      vertex 57.2955 55.1307 42
      vertex 59.7416 55.7417 42
      vertex 59.5433 56.2961 42
    endloop
  endfacet
  facet normal 0 0 1
    outer loop
      vertex 60 -54 42
      vertex 57.5807 -53.9921 42
      vertex 59.9711 -54.5881 42
    endloop
  endfacet
  facet normal 0 0 1
    outer loop
      vertex 57.1277 55.4856 42
      vertex 59.5433 56.2961 42
      vertex 59.2915 56.8284 42
    endloop
  endfacet
  facet normal -0 0 1
    outer loop
      vertex 57.5231 -54.3804 42
      vertex 59.9711 -54.5881 42
      vertex 57.5807 -53.9921 42
    endloop
  endfacet
  facet normal 0 0 1
    outer loop
      vertex 56.9259 55.8223 42
      vertex 59.2915 56.8284 42
      vertex 58.9888 57.3334 42
    endloop
  endfacet
  facet normal 0 0 1
    outer loop
      vertex 59.9711 -54.5881 42
      vertex 57.5231 -54.3804 42
      vertex 59.8847 -55.1705 42
    endloop
  endfacet
  facet normal 0 0 1
    outer loop
      vertex 56.692 56.1376 42
      vertex 58.9888 57.3334 42
      vertex 58.6381 57.8064 42
    endloop
  endfacet
  facet normal -0 0 1
    outer loop
      vertex 57.4278 -54.7611 42
      vertex 59.8847 -55.1705 42
      vertex 57.5231 -54.3804 42
    endloop
  endfacet
  facet normal 0 0 1
    outer loop
      vertex 56.4284 56.4284 42
      vertex 58.6381 57.8064 42
      vertex 58.2426 58.2426 42
    endloop
  endfacet
  facet normal 0 0 1
    outer loop
      vertex 59.8847 -55.1705 42
      vertex 57.4278 -54.7611 42
      vertex 59.7416 -55.7417 42
    endloop
  endfacet
  facet normal 0 0 1
    outer loop
      vertex 56.4284 56.4284 42
      vertex 58.2426 58.2426 42
      vertex 57.8064 58.6381 42
    endloop
  endfacet
  facet normal -0 0 1
    outer loop
      vertex 57.2955 -55.1307 42
      vertex 59.7416 -55.7417 42
      vertex 57.4278 -54.7611 42
    endloop
  endfacet
  facet normal 0 0 1
    outer loop
      vertex 59.7416 -55.7417 42
      vertex 57.2955 -55.1307 42
      vertex 59.5433 -56.2961 42
    endloop
  endfacet
  facet normal 0 0 1
    outer loop
      vertex 60 54 42
      vertex 57.5807 53.9921 42
      vertex 57.6 53.6 42
    endloop
  endfacet
  facet normal 0 0 1
    outer loop
      vertex 59.9711 54.5881 42
      vertex 57.5231 54.3804 42
      vertex 57.5807 53.9921 42
    endloop
  endfacet
  facet normal 0 0 1
    outer loop
      vertex 59.8847 55.1705 42
      vertex 57.4278 54.7611 42
      vertex 57.5231 54.3804 42
    endloop
  endfacet
  facet normal 0 0 1
    outer loop
      vertex 56.1376 56.692 42
      vertex 57.8064 58.6381 42
      vertex 57.3334 58.9888 42
    endloop
  endfacet
  facet normal 0 0 1
    outer loop
      vertex 59.7416 55.7417 42
      vertex 57.2955 55.1307 42
      vertex 57.4278 54.7611 42
    endloop
  endfacet
  facet normal 0 0 1
    outer loop
      vertex 59.5433 56.2961 42
      vertex 57.1277 55.4856 42
      vertex 57.2955 55.1307 42
    endloop
  endfacet
  facet normal 0 0 1
    outer loop
      vertex 59.2915 56.8284 42
      vertex 56.9259 55.8223 42
      vertex 57.1277 55.4856 42
    endloop
  endfacet
  facet normal 0 0 1
    outer loop
      vertex 55.8223 56.9259 42
      vertex 57.3334 58.9888 42
      vertex 56.8284 59.2915 42
    endloop
  endfacet
  facet normal 0 0 1
    outer loop
      vertex 58.9888 57.3334 42
      vertex 56.692 56.1376 42
      vertex 56.9259 55.8223 42
    endloop
  endfacet
  facet normal 0 0 1
    outer loop
      vertex 58.6381 57.8064 42
      vertex 56.4284 56.4284 42
      vertex 56.692 56.1376 42
    endloop
  endfacet
  facet normal 0 0 1
    outer loop
      vertex 55.4856 57.1277 42
      vertex 56.8284 59.2915 42
      vertex 56.2961 59.5433 42
    endloop
  endfacet
  facet normal 0 0 1
    outer loop
      vertex 57.8064 58.6381 42
      vertex 56.1376 56.692 42
      vertex 56.4284 56.4284 42
    endloop
  endfacet
  facet normal 0 0 1
    outer loop
      vertex 57.3334 58.9888 42
      vertex 55.8223 56.9259 42
      vertex 56.1376 56.692 42
    endloop
  endfacet
  facet normal 0 0 1
    outer loop
      vertex 55.1307 57.2955 42
      vertex 56.2961 59.5433 42
      vertex 55.7417 59.7416 42
    endloop
  endfacet
  facet normal 0 0 1
    outer loop
      vertex 56.8284 59.2915 42
      vertex 55.4856 57.1277 42
      vertex 55.8223 56.9259 42
    endloop
  endfacet
  facet normal 0 0 1
    outer loop
      vertex 54.7611 57.4278 42
      vertex 55.7417 59.7416 42
      vertex 55.1705 59.8847 42
    endloop
  endfacet
  facet normal 0 0 1
    outer loop
      vertex 56.2961 59.5433 42
      vertex 55.1307 57.2955 42
      vertex 55.4856 57.1277 42
    endloop
  endfacet
  facet normal 0 0 1
    outer loop
      vertex 55.7417 59.7416 42
      vertex 54.7611 57.4278 42
      vertex 55.1307 57.2955 42
    endloop
  endfacet
  facet normal 0 0 1
    outer loop
      vertex 54.3804 57.5231 42
      vertex 55.1705 59.8847 42
      vertex 54.5881 59.9711 42
    endloop
  endfacet
  facet normal 0 0 1
    outer loop
      vertex 55.1705 59.8847 42
      vertex 54.3804 57.5231 42
      vertex 54.7611 57.4278 42
    endloop
  endfacet
  facet normal 0 0 1
    outer loop
      vertex 53.9921 57.5807 42
      vertex 54.5881 59.9711 42
      vertex 54 60 42
    endloop
  endfacet
  facet normal 0 0 1
    outer loop
      vertex 54.5881 59.9711 42
      vertex 53.9921 57.5807 42
      vertex 54.3804 57.5231 42
    endloop
  endfacet
  facet normal 0 0 1
    outer loop
      vertex 54 60 42
      vertex 53.6 57.6 42
      vertex 53.9921 57.5807 42
    endloop
  endfacet
  facet normal 0 0 1
    outer loop
      vertex 54 60 42
      vertex 30 57.6 42
      vertex 53.6 57.6 42
    endloop
  endfacet
  facet normal 0 0 1
    outer loop
      vertex 54 60 42
      vertex -30 57.6 42
      vertex 30 57.6 42
    endloop
  endfacet
  facet normal -0 0 1
    outer loop
      vertex -54 60 42
      vertex -30 57.6 42
      vertex 54 60 42
    endloop
  endfacet
  facet normal 0 0 1
    outer loop
      vertex -30 57.6 42
      vertex -54 60 42
      vertex -53.6 57.6 42
    endloop
  endfacet
  facet normal 0 0 1
    outer loop
      vertex -54 60 42
      vertex -53.9921 57.5807 42
      vertex -53.6 57.6 42
    endloop
  endfacet
  facet normal -0 0 1
    outer loop
      vertex -54.5881 59.9711 42
      vertex -53.9921 57.5807 42
      vertex -54 60 42
    endloop
  endfacet
  facet normal 0 0 1
    outer loop
      vertex -53.9921 57.5807 42
      vertex -54.5881 59.9711 42
      vertex -54.3804 57.5231 42
    endloop
  endfacet
  facet normal -0 0 1
    outer loop
      vertex -55.1705 59.8847 42
      vertex -54.3804 57.5231 42
      vertex -54.5881 59.9711 42
    endloop
  endfacet
  facet normal 0 0 1
    outer loop
      vertex -54.3804 57.5231 42
      vertex -55.1705 59.8847 42
      vertex -54.7611 57.4278 42
    endloop
  endfacet
  facet normal -0 0 1
    outer loop
      vertex -55.7417 59.7416 42
      vertex -54.7611 57.4278 42
      vertex -55.1705 59.8847 42
    endloop
  endfacet
  facet normal 0 0 1
    outer loop
      vertex -54.7611 57.4278 42
      vertex -55.7417 59.7416 42
      vertex -55.1307 57.2955 42
    endloop
  endfacet
  facet normal -0 0 1
    outer loop
      vertex -56.2961 59.5433 42
      vertex -55.1307 57.2955 42
      vertex -55.7417 59.7416 42
    endloop
  endfacet
  facet normal 0 0 1
    outer loop
      vertex -55.1307 57.2955 42
      vertex -56.2961 59.5433 42
      vertex -55.4856 57.1277 42
    endloop
  endfacet
  facet normal -0 0 1
    outer loop
      vertex -56.8284 59.2915 42
      vertex -55.4856 57.1277 42
      vertex -56.2961 59.5433 42
    endloop
  endfacet
  facet normal 0 0 1
    outer loop
      vertex -55.4856 57.1277 42
      vertex -56.8284 59.2915 42
      vertex -55.8223 56.9259 42
    endloop
  endfacet
  facet normal -0 0 1
    outer loop
      vertex -57.3334 58.9888 42
      vertex -55.8223 56.9259 42
      vertex -56.8284 59.2915 42
    endloop
  endfacet
  facet normal 0 0 1
    outer loop
      vertex -55.8223 56.9259 42
      vertex -57.3334 58.9888 42
      vertex -56.1376 56.692 42
    endloop
  endfacet
  facet normal -0 0 1
    outer loop
      vertex -57.8064 58.6381 42
      vertex -56.1376 56.692 42
      vertex -57.3334 58.9888 42
    endloop
  endfacet
  facet normal 0 0 1
    outer loop
      vertex -56.1376 56.692 42
      vertex -57.8064 58.6381 42
      vertex -56.4284 56.4284 42
    endloop
  endfacet
  facet normal -0 0 1
    outer loop
      vertex -58.2426 58.2426 42
      vertex -56.4284 56.4284 42
      vertex -57.8064 58.6381 42
    endloop
  endfacet
  facet normal -0 0 1
    outer loop
      vertex -58.6381 57.8064 42
      vertex -56.4284 56.4284 42
      vertex -58.2426 58.2426 42
    endloop
  endfacet
  facet normal 0 0 1
    outer loop
      vertex -56.4284 56.4284 42
      vertex -58.6381 57.8064 42
      vertex -56.692 56.1376 42
    endloop
  endfacet
  facet normal -0 0 1
    outer loop
      vertex -58.9888 57.3334 42
      vertex -56.692 56.1376 42
      vertex -58.6381 57.8064 42
    endloop
  endfacet
  facet normal 0 0 1
    outer loop
      vertex -56.692 56.1376 42
      vertex -58.9888 57.3334 42
      vertex -56.9259 55.8223 42
    endloop
  endfacet
  facet normal -0 0 1
    outer loop
      vertex -59.2915 56.8284 42
      vertex -56.9259 55.8223 42
      vertex -58.9888 57.3334 42
    endloop
  endfacet
  facet normal 0 0 1
    outer loop
      vertex -57.1277 55.4856 42
      vertex -59.5433 56.2961 42
      vertex -57.2955 55.1307 42
    endloop
  endfacet
  facet normal -0 0 1
    outer loop
      vertex -59.5433 56.2961 42
      vertex -57.1277 55.4856 42
      vertex -59.2915 56.8284 42
    endloop
  endfacet
  facet normal 0 0 1
    outer loop
      vertex -56.9259 55.8223 42
      vertex -59.2915 56.8284 42
      vertex -57.1277 55.4856 42
    endloop
  endfacet
  facet normal -0 0 1
    outer loop
      vertex 57.1277 -55.4856 42
      vertex 59.5433 -56.2961 42
      vertex 57.2955 -55.1307 42
    endloop
  endfacet
  facet normal 0 0 1
    outer loop
      vertex 59.5433 -56.2961 42
      vertex 57.1277 -55.4856 42
      vertex 59.2915 -56.8284 42
    endloop
  endfacet
  facet normal -0 0 1
    outer loop
      vertex 56.9259 -55.8223 42
      vertex 59.2915 -56.8284 42
      vertex 57.1277 -55.4856 42
    endloop
  endfacet
  facet normal 0 0 1
    outer loop
      vertex 59.2915 -56.8284 42
      vertex 56.9259 -55.8223 42
      vertex 58.9888 -57.3334 42
    endloop
  endfacet
  facet normal -0 0 1
    outer loop
      vertex 56.692 -56.1376 42
      vertex 58.9888 -57.3334 42
      vertex 56.9259 -55.8223 42
    endloop
  endfacet
  facet normal 0 0 1
    outer loop
      vertex 58.9888 -57.3334 42
      vertex 56.692 -56.1376 42
      vertex 58.6381 -57.8064 42
    endloop
  endfacet
  facet normal -0 0 1
    outer loop
      vertex 56.4284 -56.4284 42
      vertex 58.6381 -57.8064 42
      vertex 56.692 -56.1376 42
    endloop
  endfacet
  facet normal 0 0 1
    outer loop
      vertex 58.6381 -57.8064 42
      vertex 56.4284 -56.4284 42
      vertex 58.2426 -58.2426 42
    endloop
  endfacet
  facet normal 0 0 1
    outer loop
      vertex 58.2426 -58.2426 42
      vertex 56.4284 -56.4284 42
      vertex 57.8064 -58.6381 42
    endloop
  endfacet
  facet normal -0 0 1
    outer loop
      vertex 56.1376 -56.692 42
      vertex 57.8064 -58.6381 42
      vertex 56.4284 -56.4284 42
    endloop
  endfacet
  facet normal 0 0 1
    outer loop
      vertex 57.8064 -58.6381 42
      vertex 56.1376 -56.692 42
      vertex 57.3334 -58.9888 42
    endloop
  endfacet
  facet normal -0 0 1
    outer loop
      vertex 55.8223 -56.9259 42
      vertex 57.3334 -58.9888 42
      vertex 56.1376 -56.692 42
    endloop
  endfacet
  facet normal 0 0 1
    outer loop
      vertex 57.3334 -58.9888 42
      vertex 55.8223 -56.9259 42
      vertex 56.8284 -59.2915 42
    endloop
  endfacet
  facet normal -0 0 1
    outer loop
      vertex 55.4856 -57.1277 42
      vertex 56.8284 -59.2915 42
      vertex 55.8223 -56.9259 42
    endloop
  endfacet
  facet normal 0 0 1
    outer loop
      vertex 56.8284 -59.2915 42
      vertex 55.4856 -57.1277 42
      vertex 56.2961 -59.5433 42
    endloop
  endfacet
  facet normal -0 0 1
    outer loop
      vertex 55.1307 -57.2955 42
      vertex 56.2961 -59.5433 42
      vertex 55.4856 -57.1277 42
    endloop
  endfacet
  facet normal 0 0 1
    outer loop
      vertex 56.2961 -59.5433 42
      vertex 55.1307 -57.2955 42
      vertex 55.7417 -59.7416 42
    endloop
  endfacet
  facet normal -0 0 1
    outer loop
      vertex 54.7611 -57.4278 42
      vertex 55.7417 -59.7416 42
      vertex 55.1307 -57.2955 42
    endloop
  endfacet
  facet normal 0 0 1
    outer loop
      vertex 55.7417 -59.7416 42
      vertex 54.7611 -57.4278 42
      vertex 55.1705 -59.8847 42
    endloop
  endfacet
  facet normal -0 0 1
    outer loop
      vertex 54.3804 -57.5231 42
      vertex 55.1705 -59.8847 42
      vertex 54.7611 -57.4278 42
    endloop
  endfacet
  facet normal 0 0 1
    outer loop
      vertex 55.1705 -59.8847 42
      vertex 54.3804 -57.5231 42
      vertex 54.5881 -59.9711 42
    endloop
  endfacet
  facet normal -0 0 1
    outer loop
      vertex 53.9921 -57.5807 42
      vertex 54.5881 -59.9711 42
      vertex 54.3804 -57.5231 42
    endloop
  endfacet
  facet normal 0 0 1
    outer loop
      vertex 54.5881 -59.9711 42
      vertex 53.9921 -57.5807 42
      vertex 54 -60 42
    endloop
  endfacet
  facet normal -0 0 1
    outer loop
      vertex 53.6 -57.6 42
      vertex 54 -60 42
      vertex 53.9921 -57.5807 42
    endloop
  endfacet
  facet normal -0 0 1
    outer loop
      vertex -53.6 -57.6 42
      vertex 54 -60 42
      vertex 53.6 -57.6 42
    endloop
  endfacet
  facet normal 0 0 1
    outer loop
      vertex -53.6 -57.6 42
      vertex -54 -60 42
      vertex 54 -60 42
    endloop
  endfacet
  facet normal 0 0 1
    outer loop
      vertex -53.9921 -57.5807 42
      vertex -54 -60 42
      vertex -53.6 -57.6 42
    endloop
  endfacet
  facet normal 0 0 1
    outer loop
      vertex -54.5881 -59.9711 42
      vertex -53.9921 -57.5807 42
      vertex -54.3804 -57.5231 42
    endloop
  endfacet
  facet normal 0 0 1
    outer loop
      vertex -53.9921 -57.5807 42
      vertex -54.5881 -59.9711 42
      vertex -54 -60 42
    endloop
  endfacet
  facet normal 0 0 1
    outer loop
      vertex -55.1705 -59.8847 42
      vertex -54.3804 -57.5231 42
      vertex -54.7611 -57.4278 42
    endloop
  endfacet
  facet normal 0 0 1
    outer loop
      vertex -55.7417 -59.7416 42
      vertex -54.7611 -57.4278 42
      vertex -55.1307 -57.2955 42
    endloop
  endfacet
  facet normal 0 0 1
    outer loop
      vertex -54.3804 -57.5231 42
      vertex -55.1705 -59.8847 42
      vertex -54.5881 -59.9711 42
    endloop
  endfacet
  facet normal 0 0 1
    outer loop
      vertex -56.2961 -59.5433 42
      vertex -55.1307 -57.2955 42
      vertex -55.4856 -57.1277 42
    endloop
  endfacet
  facet normal 0 0 1
    outer loop
      vertex -54.7611 -57.4278 42
      vertex -55.7417 -59.7416 42
      vertex -55.1705 -59.8847 42
    endloop
  endfacet
  facet normal 0 0 1
    outer loop
      vertex -56.8284 -59.2915 42
      vertex -55.4856 -57.1277 42
      vertex -55.8223 -56.9259 42
    endloop
  endfacet
  facet normal 0 0 1
    outer loop
      vertex -57.3334 -58.9888 42
      vertex -55.8223 -56.9259 42
      vertex -56.1376 -56.692 42
    endloop
  endfacet
  facet normal 0 0 1
    outer loop
      vertex -55.1307 -57.2955 42
      vertex -56.2961 -59.5433 42
      vertex -55.7417 -59.7416 42
    endloop
  endfacet
  facet normal 0 0 1
    outer loop
      vertex -57.8064 -58.6381 42
      vertex -56.1376 -56.692 42
      vertex -56.4284 -56.4284 42
    endloop
  endfacet
  facet normal 0 0 1
    outer loop
      vertex -58.6381 -57.8064 42
      vertex -56.4284 -56.4284 42
      vertex -56.692 -56.1376 42
    endloop
  endfacet
  facet normal 0 0 1
    outer loop
      vertex -55.4856 -57.1277 42
      vertex -56.8284 -59.2915 42
      vertex -56.2961 -59.5433 42
    endloop
  endfacet
  facet normal 0 0 1
    outer loop
      vertex -58.9888 -57.3334 42
      vertex -56.692 -56.1376 42
      vertex -56.9259 -55.8223 42
    endloop
  endfacet
  facet normal 0 0 1
    outer loop
      vertex -59.2915 -56.8284 42
      vertex -56.9259 -55.8223 42
      vertex -57.1277 -55.4856 42
    endloop
  endfacet
  facet normal 0 0 1
    outer loop
      vertex -59.5433 -56.2961 42
      vertex -57.1277 -55.4856 42
      vertex -57.2955 -55.1307 42
    endloop
  endfacet
  facet normal 0 0 1
    outer loop
      vertex -55.8223 -56.9259 42
      vertex -57.3334 -58.9888 42
      vertex -56.8284 -59.2915 42
    endloop
  endfacet
  facet normal 0 0 1
    outer loop
      vertex -59.7416 -55.7417 42
      vertex -57.2955 -55.1307 42
      vertex -57.4278 -54.7611 42
    endloop
  endfacet
  facet normal 0 0 1
    outer loop
      vertex -59.8847 -55.1705 42
      vertex -57.4278 -54.7611 42
      vertex -57.5231 -54.3804 42
    endloop
  endfacet
  facet normal 0 0 1
    outer loop
      vertex -59.9711 -54.5881 42
      vertex -57.5231 -54.3804 42
      vertex -57.5807 -53.9921 42
    endloop
  endfacet
  facet normal 0 0 1
    outer loop
      vertex -56.1376 -56.692 42
      vertex -57.8064 -58.6381 42
      vertex -57.3334 -58.9888 42
    endloop
  endfacet
  facet normal 0 0 1
    outer loop
      vertex -60 -54 42
      vertex -57.5807 -53.9921 42
      vertex -57.6 -53.6 42
    endloop
  endfacet
  facet normal 0 0 1
    outer loop
      vertex -57.6 53.6 42
      vertex -60 54 42
      vertex -57.6 -53.6 42
    endloop
  endfacet
  facet normal -0 0 1
    outer loop
      vertex -59.7416 55.7417 42
      vertex -57.2955 55.1307 42
      vertex -59.5433 56.2961 42
    endloop
  endfacet
  facet normal 0 0 1
    outer loop
      vertex -60 -54 42
      vertex -57.6 -53.6 42
      vertex -60 54 42
    endloop
  endfacet
  facet normal 0 0 1
    outer loop
      vertex -57.2955 55.1307 42
      vertex -59.7416 55.7417 42
      vertex -57.4278 54.7611 42
    endloop
  endfacet
  facet normal 0 0 1
    outer loop
      vertex -57.5807 -53.9921 42
      vertex -60 -54 42
      vertex -59.9711 -54.5881 42
    endloop
  endfacet
  facet normal -0 0 1
    outer loop
      vertex -59.8847 55.1705 42
      vertex -57.4278 54.7611 42
      vertex -59.7416 55.7417 42
    endloop
  endfacet
  facet normal 0 0 1
    outer loop
      vertex -56.4284 -56.4284 42
      vertex -58.2426 -58.2426 42
      vertex -57.8064 -58.6381 42
    endloop
  endfacet
  facet normal 0 0 1
    outer loop
      vertex -57.4278 54.7611 42
      vertex -59.8847 55.1705 42
      vertex -57.5231 54.3804 42
    endloop
  endfacet
  facet normal 0 0 1
    outer loop
      vertex -56.4284 -56.4284 42
      vertex -58.6381 -57.8064 42
      vertex -58.2426 -58.2426 42
    endloop
  endfacet
  facet normal -0 0 1
    outer loop
      vertex -59.9711 54.5881 42
      vertex -57.5231 54.3804 42
      vertex -59.8847 55.1705 42
    endloop
  endfacet
  facet normal 0 0 1
    outer loop
      vertex -56.692 -56.1376 42
      vertex -58.9888 -57.3334 42
      vertex -58.6381 -57.8064 42
    endloop
  endfacet
  facet normal 0 0 1
    outer loop
      vertex -57.5231 54.3804 42
      vertex -59.9711 54.5881 42
      vertex -57.5807 53.9921 42
    endloop
  endfacet
  facet normal 0 0 1
    outer loop
      vertex -56.9259 -55.8223 42
      vertex -59.2915 -56.8284 42
      vertex -58.9888 -57.3334 42
    endloop
  endfacet
  facet normal -0 0 1
    outer loop
      vertex -60 54 42
      vertex -57.5807 53.9921 42
      vertex -59.9711 54.5881 42
    endloop
  endfacet
  facet normal 0 0 1
    outer loop
      vertex -57.1277 -55.4856 42
      vertex -59.5433 -56.2961 42
      vertex -59.2915 -56.8284 42
    endloop
  endfacet
  facet normal 0 0 1
    outer loop
      vertex -57.5807 53.9921 42
      vertex -60 54 42
      vertex -57.6 53.6 42
    endloop
  endfacet
  facet normal 0 0 1
    outer loop
      vertex -57.2955 -55.1307 42
      vertex -59.7416 -55.7417 42
      vertex -59.5433 -56.2961 42
    endloop
  endfacet
  facet normal 0 0 1
    outer loop
      vertex -57.4278 -54.7611 42
      vertex -59.8847 -55.1705 42
      vertex -59.7416 -55.7417 42
    endloop
  endfacet
  facet normal 0 0 1
    outer loop
      vertex -57.5231 -54.3804 42
      vertex -59.9711 -54.5881 42
      vertex -59.8847 -55.1705 42
    endloop
  endfacet
  facet normal -0.94158 0.336788 0
    outer loop
      vertex -59.7416 55.7417 0
      vertex -59.5433 56.2961 42
      vertex -59.5433 56.2961 0
    endloop
  endfacet
  facet normal -0.94158 0.336788 0
    outer loop
      vertex -59.5433 56.2961 42
      vertex -59.7416 55.7417 0
      vertex -59.7416 55.7417 42
    endloop
  endfacet
  facet normal 0 0 -1
    outer loop
      vertex 54 -60 0
      vertex 60 -54 0
      vertex 59.9711 -54.5881 0
    endloop
  endfacet
  facet normal -0 0 -1
    outer loop
      vertex 60 -54 0
      vertex 54 -60 0
      vertex 60 54 0
    endloop
  endfacet
  facet normal 0 0 -1
    outer loop
      vertex 54 -60 0
      vertex 59.9711 -54.5881 0
      vertex 59.8847 -55.1705 0
    endloop
  endfacet
  facet normal 0 0 -1
    outer loop
      vertex 54 60 0
      vertex 60 54 0
      vertex 54 -60 0
    endloop
  endfacet
  facet normal 0 0 -1
    outer loop
      vertex 54 -60 0
      vertex 59.8847 -55.1705 0
      vertex 59.7416 -55.7417 0
    endloop
  endfacet
  facet normal 0 0 -1
    outer loop
      vertex 60 54 0
      vertex 54 60 0
      vertex 59.9711 54.5881 0
    endloop
  endfacet
  facet normal 0 0 -1
    outer loop
      vertex 54 -60 0
      vertex 59.7416 -55.7417 0
      vertex 59.5433 -56.2961 0
    endloop
  endfacet
  facet normal 0 0 -1
    outer loop
      vertex 59.9711 54.5881 0
      vertex 54 60 0
      vertex 59.8847 55.1705 0
    endloop
  endfacet
  facet normal 0 0 -1
    outer loop
      vertex 54 -60 0
      vertex 59.5433 -56.2961 0
      vertex 59.2915 -56.8284 0
    endloop
  endfacet
  facet normal 0 0 -1
    outer loop
      vertex 59.8847 55.1705 0
      vertex 54 60 0
      vertex 59.7416 55.7417 0
    endloop
  endfacet
  facet normal 0 0 -1
    outer loop
      vertex 54 -60 0
      vertex 59.2915 -56.8284 0
      vertex 58.9888 -57.3334 0
    endloop
  endfacet
  facet normal 0 0 -1
    outer loop
      vertex 59.7416 55.7417 0
      vertex 54 60 0
      vertex 59.5433 56.2961 0
    endloop
  endfacet
  facet normal 0 0 -1
    outer loop
      vertex 54 -60 0
      vertex 58.9888 -57.3334 0
      vertex 58.6381 -57.8064 0
    endloop
  endfacet
  facet normal 0 0 -1
    outer loop
      vertex 59.5433 56.2961 0
      vertex 54 60 0
      vertex 59.2915 56.8284 0
    endloop
  endfacet
  facet normal 0 0 -1
    outer loop
      vertex 54 -60 0
      vertex 58.6381 -57.8064 0
      vertex 58.2426 -58.2426 0
    endloop
  endfacet
  facet normal 0 0 -1
    outer loop
      vertex 59.2915 56.8284 0
      vertex 54 60 0
      vertex 58.9888 57.3334 0
    endloop
  endfacet
  facet normal 0 0 -1
    outer loop
      vertex 54 -60 0
      vertex 58.2426 -58.2426 0
      vertex 57.8064 -58.6381 0
    endloop
  endfacet
  facet normal 0 0 -1
    outer loop
      vertex 58.9888 57.3334 0
      vertex 54 60 0
      vertex 58.6381 57.8064 0
    endloop
  endfacet
  facet normal 0 0 -1
    outer loop
      vertex 54 -60 0
      vertex 57.8064 -58.6381 0
      vertex 57.3334 -58.9888 0
    endloop
  endfacet
  facet normal 0 0 -1
    outer loop
      vertex 58.6381 57.8064 0
      vertex 54 60 0
      vertex 58.2426 58.2426 0
    endloop
  endfacet
  facet normal 0 0 -1
    outer loop
      vertex 54 -60 0
      vertex 57.3334 -58.9888 0
      vertex 56.8284 -59.2915 0
    endloop
  endfacet
  facet normal 0 0 -1
    outer loop
      vertex 58.2426 58.2426 0
      vertex 54 60 0
      vertex 57.8064 58.6381 0
    endloop
  endfacet
  facet normal 0 0 -1
    outer loop
      vertex 54 -60 0
      vertex 56.8284 -59.2915 0
      vertex 56.2961 -59.5433 0
    endloop
  endfacet
  facet normal 0 0 -1
    outer loop
      vertex 57.8064 58.6381 0
      vertex 54 60 0
      vertex 57.3334 58.9888 0
    endloop
  endfacet
  facet normal 0 0 -1
    outer loop
      vertex 54 -60 0
      vertex 56.2961 -59.5433 0
      vertex 55.7417 -59.7416 0
    endloop
  endfacet
  facet normal 0 0 -1
    outer loop
      vertex 57.3334 58.9888 0
      vertex 54 60 0
      vertex 56.8284 59.2915 0
    endloop
  endfacet
  facet normal 0 0 -1
    outer loop
      vertex 54 -60 0
      vertex 55.7417 -59.7416 0
      vertex 55.1705 -59.8847 0
    endloop
  endfacet
  facet normal 0 0 -1
    outer loop
      vertex 56.8284 59.2915 0
      vertex 54 60 0
      vertex 56.2961 59.5433 0
    endloop
  endfacet
  facet normal 0 0 -1
    outer loop
      vertex 54 -60 0
      vertex 55.1705 -59.8847 0
      vertex 54.5881 -59.9711 0
    endloop
  endfacet
  facet normal 0 0 -1
    outer loop
      vertex 56.2961 59.5433 0
      vertex 54 60 0
      vertex 55.7417 59.7416 0
    endloop
  endfacet
  facet normal 0 0 -1
    outer loop
      vertex 55.7417 59.7416 0
      vertex 54 60 0
      vertex 55.1705 59.8847 0
    endloop
  endfacet
  facet normal 0 0 -1
    outer loop
      vertex 55.1705 59.8847 0
      vertex 54 60 0
      vertex 54.5881 59.9711 0
    endloop
  endfacet
  facet normal 0 0 -1
    outer loop
      vertex -54 -60 0
      vertex 54 60 0
      vertex 54 -60 0
    endloop
  endfacet
  facet normal 0 0 -1
    outer loop
      vertex -54 -60 0
      vertex -54 60 0
      vertex 54 60 0
    endloop
  endfacet
  facet normal 0 0 -1
    outer loop
      vertex -60 -54 0
      vertex -54 -60 0
      vertex -54.5881 -59.9711 0
    endloop
  endfacet
  facet normal 0 0 -1
    outer loop
      vertex -54 -60 0
      vertex -60 -54 0
      vertex -54 60 0
    endloop
  endfacet
  facet normal 0 0 -1
    outer loop
      vertex -60 -54 0
      vertex -54.5881 -59.9711 0
      vertex -55.1705 -59.8847 0
    endloop
  endfacet
  facet normal 0 0 -1
    outer loop
      vertex -60 54 0
      vertex -54 60 0
      vertex -60 -54 0
    endloop
  endfacet
  facet normal 0 0 -1
    outer loop
      vertex -60 -54 0
      vertex -55.1705 -59.8847 0
      vertex -55.7417 -59.7416 0
    endloop
  endfacet
  facet normal 0 0 -1
    outer loop
      vertex -54 60 0
      vertex -60 54 0
      vertex -54.5881 59.9711 0
    endloop
  endfacet
  facet normal 0 0 -1
    outer loop
      vertex -60 -54 0
      vertex -55.7417 -59.7416 0
      vertex -56.2961 -59.5433 0
    endloop
  endfacet
  facet normal 0 0 -1
    outer loop
      vertex -54.5881 59.9711 0
      vertex -60 54 0
      vertex -55.1705 59.8847 0
    endloop
  endfacet
  facet normal 0 0 -1
    outer loop
      vertex -60 -54 0
      vertex -56.2961 -59.5433 0
      vertex -56.8284 -59.2915 0
    endloop
  endfacet
  facet normal 0 0 -1
    outer loop
      vertex -55.1705 59.8847 0
      vertex -60 54 0
      vertex -55.7417 59.7416 0
    endloop
  endfacet
  facet normal 0 0 -1
    outer loop
      vertex -60 -54 0
      vertex -56.8284 -59.2915 0
      vertex -57.3334 -58.9888 0
    endloop
  endfacet
  facet normal 0 0 -1
    outer loop
      vertex -55.7417 59.7416 0
      vertex -60 54 0
      vertex -56.2961 59.5433 0
    endloop
  endfacet
  facet normal 0 0 -1
    outer loop
      vertex -60 -54 0
      vertex -57.3334 -58.9888 0
      vertex -57.8064 -58.6381 0
    endloop
  endfacet
  facet normal 0 0 -1
    outer loop
      vertex -56.2961 59.5433 0
      vertex -60 54 0
      vertex -56.8284 59.2915 0
    endloop
  endfacet
  facet normal 0 0 -1
    outer loop
      vertex -60 -54 0
      vertex -57.8064 -58.6381 0
      vertex -58.2426 -58.2426 0
    endloop
  endfacet
  facet normal 0 0 -1
    outer loop
      vertex -56.8284 59.2915 0
      vertex -60 54 0
      vertex -57.3334 58.9888 0
    endloop
  endfacet
  facet normal 0 0 -1
    outer loop
      vertex -60 -54 0
      vertex -58.2426 -58.2426 0
      vertex -58.6381 -57.8064 0
    endloop
  endfacet
  facet normal 0 0 -1
    outer loop
      vertex -57.3334 58.9888 0
      vertex -60 54 0
      vertex -57.8064 58.6381 0
    endloop
  endfacet
  facet normal 0 0 -1
    outer loop
      vertex -60 -54 0
      vertex -58.6381 -57.8064 0
      vertex -58.9888 -57.3334 0
    endloop
  endfacet
  facet normal 0 0 -1
    outer loop
      vertex -57.8064 58.6381 0
      vertex -60 54 0
      vertex -58.2426 58.2426 0
    endloop
  endfacet
  facet normal 0 0 -1
    outer loop
      vertex -60 -54 0
      vertex -58.9888 -57.3334 0
      vertex -59.2915 -56.8284 0
    endloop
  endfacet
  facet normal 0 0 -1
    outer loop
      vertex -58.2426 58.2426 0
      vertex -60 54 0
      vertex -58.6381 57.8064 0
    endloop
  endfacet
  facet normal 0 0 -1
    outer loop
      vertex -60 -54 0
      vertex -59.2915 -56.8284 0
      vertex -59.5433 -56.2961 0
    endloop
  endfacet
  facet normal 0 0 -1
    outer loop
      vertex -58.6381 57.8064 0
      vertex -60 54 0
      vertex -58.9888 57.3334 0
    endloop
  endfacet
  facet normal 0 0 -1
    outer loop
      vertex -60 -54 0
      vertex -59.5433 -56.2961 0
      vertex -59.7416 -55.7417 0
    endloop
  endfacet
  facet normal 0 0 -1
    outer loop
      vertex -58.9888 57.3334 0
      vertex -60 54 0
      vertex -59.2915 56.8284 0
    endloop
  endfacet
  facet normal 0 0 -1
    outer loop
      vertex -60 -54 0
      vertex -59.7416 -55.7417 0
      vertex -59.8847 -55.1705 0
    endloop
  endfacet
  facet normal 0 0 -1
    outer loop
      vertex -59.2915 56.8284 0
      vertex -60 54 0
      vertex -59.5433 56.2961 0
    endloop
  endfacet
  facet normal 0 0 -1
    outer loop
      vertex -60 -54 0
      vertex -59.8847 -55.1705 0
      vertex -59.9711 -54.5881 0
    endloop
  endfacet
  facet normal 0 0 -1
    outer loop
      vertex -59.5433 56.2961 0
      vertex -60 54 0
      vertex -59.7416 55.7417 0
    endloop
  endfacet
  facet normal 0 0 -1
    outer loop
      vertex -59.7416 55.7417 0
      vertex -60 54 0
      vertex -59.8847 55.1705 0
    endloop
  endfacet
  facet normal 0 0 -1
    outer loop
      vertex -59.8847 55.1705 0
      vertex -60 54 0
      vertex -59.9711 54.5881 0
    endloop
  endfacet
  facet normal -0.514084 0.85774 0
    outer loop
      vertex 55.8223 -56.9259 2.4
      vertex 55.4856 -57.1277 42
      vertex 55.8223 -56.9259 42
    endloop
  endfacet
  facet normal -0.514084 0.85774 0
    outer loop
      vertex 55.4856 -57.1277 42
      vertex 55.8223 -56.9259 2.4
      vertex 55.4856 -57.1277 2.4
    endloop
  endfacet
  facet normal -1 0 0
    outer loop
      vertex 57.6 -13.75 2.4
      vertex 57.6 -53.6 2.4
      vertex 57.6 -13.75 7.9
    endloop
  endfacet
  facet normal -1 0 0
    outer loop
      vertex 57.6 -2.25 7.9
      vertex 57.6 53.6 2.4
      vertex 57.6 -2.25 2.4
    endloop
  endfacet
  facet normal -1 0 0
    outer loop
      vertex 57.6 53.6 2.4
      vertex 57.6 -2.25 7.9
      vertex 57.6 53.6 42
    endloop
  endfacet
  facet normal -1 0 0
    outer loop
      vertex 57.6 -53.6 42
      vertex 57.6 -2.25 7.9
      vertex 57.6 -13.75 7.9
    endloop
  endfacet
  facet normal -1 0 0
    outer loop
      vertex 57.6 -53.6 42
      vertex 57.6 -13.75 7.9
      vertex 57.6 -53.6 2.4
    endloop
  endfacet
  facet normal -1 0 0
    outer loop
      vertex 57.6 -2.25 7.9
      vertex 57.6 -53.6 42
      vertex 57.6 53.6 42
    endloop
  endfacet
  facet normal -0.740908 -0.671607 0
    outer loop
      vertex 56.692 56.1376 2.4
      vertex 56.4284 56.4284 42
      vertex 56.4284 56.4284 2.4
    endloop
  endfacet
  facet normal -0.740908 -0.671607 0
    outer loop
      vertex 56.4284 56.4284 42
      vertex 56.692 56.1376 2.4
      vertex 56.692 56.1376 42
    endloop
  endfacet
  facet normal 0.740908 0.671607 0
    outer loop
      vertex -56.4284 -56.4284 42
      vertex -56.692 -56.1376 2.4
      vertex -56.692 -56.1376 42
    endloop
  endfacet
  facet normal 0.740908 0.671607 0
    outer loop
      vertex -56.692 -56.1376 2.4
      vertex -56.4284 -56.4284 42
      vertex -56.4284 -56.4284 2.4
    endloop
  endfacet
  facet normal -0.904044 0.42744 0
    outer loop
      vertex 57.1277 -55.4856 2.4
      vertex 57.2955 -55.1307 42
      vertex 57.2955 -55.1307 2.4
    endloop
  endfacet
  facet normal -0.904044 0.42744 0
    outer loop
      vertex 57.2955 -55.1307 42
      vertex 57.1277 -55.4856 2.4
      vertex 57.1277 -55.4856 42
    endloop
  endfacet
  facet normal -0.998791 0.0491626 0
    outer loop
      vertex 57.5807 -53.9921 2.4
      vertex 57.6 -53.6 42
      vertex 57.6 -53.6 2.4
    endloop
  endfacet
  facet normal -0.998791 0.0491626 0
    outer loop
      vertex 57.6 -53.6 42
      vertex 57.5807 -53.9921 2.4
      vertex 57.5807 -53.9921 42
    endloop
  endfacet
  facet normal -0.514084 -0.85774 0
    outer loop
      vertex 55.4856 57.1277 2.4
      vertex 55.8223 56.9259 42
      vertex 55.4856 57.1277 42
    endloop
  endfacet
  facet normal -0.514084 -0.85774 -0
    outer loop
      vertex 55.8223 56.9259 42
      vertex 55.4856 57.1277 2.4
      vertex 55.8223 56.9259 2.4
    endloop
  endfacet
  facet normal 0.9415 0.337014 0
    outer loop
      vertex -57.2955 -55.1307 42
      vertex -57.4278 -54.7611 2.4
      vertex -57.4278 -54.7611 42
    endloop
  endfacet
  facet normal 0.9415 0.337014 0
    outer loop
      vertex -57.4278 -54.7611 2.4
      vertex -57.2955 -55.1307 42
      vertex -57.2955 -55.1307 2.4
    endloop
  endfacet
  facet normal -0.989176 0.146733 0
    outer loop
      vertex 57.5231 -54.3804 2.4
      vertex 57.5807 -53.9921 42
      vertex 57.5807 -53.9921 2.4
    endloop
  endfacet
  facet normal -0.989176 0.146733 0
    outer loop
      vertex 57.5807 -53.9921 42
      vertex 57.5231 -54.3804 2.4
      vertex 57.5231 -54.3804 42
    endloop
  endfacet
  facet normal 0 1 0
    outer loop
      vertex 53.6 -57.6 42
      vertex -26.5 -57.6 8.9
      vertex -53.6 -57.6 42
    endloop
  endfacet
  facet normal 0 1 -0
    outer loop
      vertex 53.6 -57.6 2.4
      vertex -26.5 -57.6 8.9
      vertex 53.6 -57.6 42
    endloop
  endfacet
  facet normal 0 1 0
    outer loop
      vertex -53.6 -57.6 2.4
      vertex -26.5 -57.6 2.9
      vertex 53.6 -57.6 2.4
    endloop
  endfacet
  facet normal 0 1 0
    outer loop
      vertex -26.5 -57.6 8.9
      vertex 53.6 -57.6 2.4
      vertex -26.5 -57.6 2.9
    endloop
  endfacet
  facet normal 0 1 -0
    outer loop
      vertex -37.5 -57.6 8.9
      vertex -53.6 -57.6 42
      vertex -26.5 -57.6 8.9
    endloop
  endfacet
  facet normal 0 1 0
    outer loop
      vertex -53.6 -57.6 2.4
      vertex -37.5 -57.6 8.9
      vertex -37.5 -57.6 2.9
    endloop
  endfacet
  facet normal 0 1 0
    outer loop
      vertex -37.5 -57.6 8.9
      vertex -53.6 -57.6 2.4
      vertex -53.6 -57.6 42
    endloop
  endfacet
  facet normal 0 1 0
    outer loop
      vertex -26.5 -57.6 2.9
      vertex -53.6 -57.6 2.4
      vertex -37.5 -57.6 2.9
    endloop
  endfacet
  facet normal 0.989176 0.146733 0
    outer loop
      vertex -57.5231 -54.3804 42
      vertex -57.5807 -53.9921 2.4
      vertex -57.5807 -53.9921 42
    endloop
  endfacet
  facet normal 0.989176 0.146733 0
    outer loop
      vertex -57.5807 -53.9921 2.4
      vertex -57.5231 -54.3804 42
      vertex -57.5231 -54.3804 2.4
    endloop
  endfacet
  facet normal -0.242835 0.970068 0
    outer loop
      vertex 54.7611 -57.4278 2.4
      vertex 54.3804 -57.5231 42
      vertex 54.7611 -57.4278 42
    endloop
  endfacet
  facet normal -0.242835 0.970068 0
    outer loop
      vertex 54.3804 -57.5231 42
      vertex 54.7611 -57.4278 2.4
      vertex 54.3804 -57.5231 2.4
    endloop
  endfacet
  facet normal 0 -1 0
    outer loop
      vertex -30 57.6 36
      vertex 30 57.6 42
      vertex -30 57.6 42
    endloop
  endfacet
  facet normal 0 -1 -0
    outer loop
      vertex 30 57.6 42
      vertex -30 57.6 36
      vertex 30 57.6 36
    endloop
  endfacet
  facet normal 0 -1 0
    outer loop
      vertex -53.6 57.6 42
      vertex -30 57.6 36
      vertex -30 57.6 42
    endloop
  endfacet
  facet normal 0 -1 0
    outer loop
      vertex -30 57.6 36
      vertex -11 57.6 8.45306
      vertex 30 57.6 36
    endloop
  endfacet
  facet normal 0 -1 0
    outer loop
      vertex -53.6 57.6 2.4
      vertex -30 57.6 36
      vertex -53.6 57.6 42
    endloop
  endfacet
  facet normal 0 -1 -0
    outer loop
      vertex -30 57.6 36
      vertex -53.6 57.6 2.4
      vertex -11 57.6 8.45306
    endloop
  endfacet
  facet normal 0 -1 -0
    outer loop
      vertex -11 57.6 4.87164
      vertex -53.6 57.6 2.4
      vertex 11 57.6 4.87164
    endloop
  endfacet
  facet normal 0 -1 -0
    outer loop
      vertex -11 57.6 8.45306
      vertex -53.6 57.6 2.4
      vertex -11 57.6 4.87164
    endloop
  endfacet
  facet normal 0 -1 0
    outer loop
      vertex 30 57.6 36
      vertex 53.6 57.6 42
      vertex 30 57.6 42
    endloop
  endfacet
  facet normal 0 -1 0
    outer loop
      vertex 11 57.6 8.45306
      vertex 30 57.6 36
      vertex -11 57.6 8.45306
    endloop
  endfacet
  facet normal 0 -1 0
    outer loop
      vertex 53.6 57.6 2.4
      vertex 30 57.6 36
      vertex 11 57.6 8.45306
    endloop
  endfacet
  facet normal 0 -1 0
    outer loop
      vertex 53.6 57.6 2.4
      vertex 11 57.6 8.45306
      vertex 11 57.6 4.87164
    endloop
  endfacet
  facet normal 0 -1 0
    outer loop
      vertex 30 57.6 36
      vertex 53.6 57.6 2.4
      vertex 53.6 57.6 42
    endloop
  endfacet
  facet normal 0 -1 0
    outer loop
      vertex 53.6 57.6 2.4
      vertex 11 57.6 4.87164
      vertex -53.6 57.6 2.4
    endloop
  endfacet
  facet normal 0.42744 0.904044 -0
    outer loop
      vertex -55.1307 -57.2955 2.4
      vertex -55.4856 -57.1277 42
      vertex -55.1307 -57.2955 42
    endloop
  endfacet
  facet normal 0.42744 0.904044 0
    outer loop
      vertex -55.4856 -57.1277 42
      vertex -55.1307 -57.2955 2.4
      vertex -55.4856 -57.1277 2.4
    endloop
  endfacet
  facet normal -0.146733 -0.989176 0
    outer loop
      vertex 53.9921 57.5807 2.4
      vertex 54.3804 57.5231 42
      vertex 53.9921 57.5807 42
    endloop
  endfacet
  facet normal -0.146733 -0.989176 -0
    outer loop
      vertex 54.3804 57.5231 42
      vertex 53.9921 57.5807 2.4
      vertex 54.3804 57.5231 2.4
    endloop
  endfacet
  facet normal -0.904044 -0.42744 0
    outer loop
      vertex 57.2955 55.1307 2.4
      vertex 57.1277 55.4856 42
      vertex 57.1277 55.4856 2.4
    endloop
  endfacet
  facet normal -0.904044 -0.42744 0
    outer loop
      vertex 57.1277 55.4856 42
      vertex 57.2955 55.1307 2.4
      vertex 57.2955 55.1307 42
    endloop
  endfacet
  facet normal -0.42744 0.904044 0
    outer loop
      vertex 55.4856 -57.1277 2.4
      vertex 55.1307 -57.2955 42
      vertex 55.4856 -57.1277 42
    endloop
  endfacet
  facet normal -0.42744 0.904044 0
    outer loop
      vertex 55.1307 -57.2955 42
      vertex 55.4856 -57.1277 2.4
      vertex 55.1307 -57.2955 2.4
    endloop
  endfacet
  facet normal 0.803137 -0.595794 0
    outer loop
      vertex -56.9259 55.8223 42
      vertex -56.692 56.1376 2.4
      vertex -56.692 56.1376 42
    endloop
  endfacet
  facet normal 0.803137 -0.595794 0
    outer loop
      vertex -56.692 56.1376 2.4
      vertex -56.9259 55.8223 42
      vertex -56.9259 55.8223 2.4
    endloop
  endfacet
  facet normal 0.242835 0.970068 -0
    outer loop
      vertex -54.3804 -57.5231 2.4
      vertex -54.7611 -57.4278 42
      vertex -54.3804 -57.5231 42
    endloop
  endfacet
  facet normal 0.242835 0.970068 0
    outer loop
      vertex -54.7611 -57.4278 42
      vertex -54.3804 -57.5231 2.4
      vertex -54.7611 -57.4278 2.4
    endloop
  endfacet
  facet normal 1 -0 0
    outer loop
      vertex -57.6 -53.6 42
      vertex -57.6 53.6 2.4
      vertex -57.6 53.6 42
    endloop
  endfacet
  facet normal 1 0 0
    outer loop
      vertex -57.6 53.6 2.4
      vertex -57.6 -53.6 42
      vertex -57.6 -53.6 2.4
    endloop
  endfacet
  facet normal -0.9415 0.337014 0
    outer loop
      vertex 57.2955 -55.1307 2.4
      vertex 57.4278 -54.7611 42
      vertex 57.4278 -54.7611 2.4
    endloop
  endfacet
  facet normal -0.9415 0.337014 0
    outer loop
      vertex 57.4278 -54.7611 42
      vertex 57.2955 -55.1307 2.4
      vertex 57.2955 -55.1307 42
    endloop
  endfacet
  facet normal 0.904044 0.42744 0
    outer loop
      vertex -57.1277 -55.4856 42
      vertex -57.2955 -55.1307 2.4
      vertex -57.2955 -55.1307 42
    endloop
  endfacet
  facet normal 0.904044 0.42744 0
    outer loop
      vertex -57.2955 -55.1307 2.4
      vertex -57.1277 -55.4856 42
      vertex -57.1277 -55.4856 2.4
    endloop
  endfacet
  facet normal 0.242835 -0.970068 0
    outer loop
      vertex -54.7611 57.4278 2.4
      vertex -54.3804 57.5231 42
      vertex -54.7611 57.4278 42
    endloop
  endfacet
  facet normal 0.242835 -0.970068 0
    outer loop
      vertex -54.3804 57.5231 42
      vertex -54.7611 57.4278 2.4
      vertex -54.3804 57.5231 2.4
    endloop
  endfacet
  facet normal -0.595794 -0.803137 0
    outer loop
      vertex 55.8223 56.9259 2.4
      vertex 56.1376 56.692 42
      vertex 55.8223 56.9259 42
    endloop
  endfacet
  facet normal -0.595794 -0.803137 -0
    outer loop
      vertex 56.1376 56.692 42
      vertex 55.8223 56.9259 2.4
      vertex 56.1376 56.692 2.4
    endloop
  endfacet
  facet normal 0.0491626 0.998791 -0
    outer loop
      vertex -53.6 -57.6 2.4
      vertex -53.9921 -57.5807 42
      vertex -53.6 -57.6 42
    endloop
  endfacet
  facet normal 0.0491626 0.998791 0
    outer loop
      vertex -53.9921 -57.5807 42
      vertex -53.6 -57.6 2.4
      vertex -53.9921 -57.5807 2.4
    endloop
  endfacet
  facet normal -0.671607 0.740908 0
    outer loop
      vertex 56.4284 -56.4284 2.4
      vertex 56.1376 -56.692 42
      vertex 56.4284 -56.4284 42
    endloop
  endfacet
  facet normal -0.671607 0.740908 0
    outer loop
      vertex 56.1376 -56.692 42
      vertex 56.4284 -56.4284 2.4
      vertex 56.1376 -56.692 2.4
    endloop
  endfacet
  facet normal -0.0491626 0.998791 0
    outer loop
      vertex 53.9921 -57.5807 2.4
      vertex 53.6 -57.6 42
      vertex 53.9921 -57.5807 42
    endloop
  endfacet
  facet normal -0.0491626 0.998791 0
    outer loop
      vertex 53.6 -57.6 42
      vertex 53.9921 -57.5807 2.4
      vertex 53.6 -57.6 2.4
    endloop
  endfacet
  facet normal 0 0 1
    outer loop
      vertex 57.6 53.6 2.4
      vertex 6.4 11.7 2.4
      vertex 50 1 2.4
    endloop
  endfacet
  facet normal 0 0 1
    outer loop
      vertex 53.6 57.6 2.4
      vertex 1 50 2.4
      vertex 6.4 11.7 2.4
    endloop
  endfacet
  facet normal 0 0 1
    outer loop
      vertex 53.6 57.6 2.4
      vertex -1 50 2.4
      vertex 1 50 2.4
    endloop
  endfacet
  facet normal 0 0 1
    outer loop
      vertex -1 50 2.4
      vertex -6.4 11.7 2.4
      vertex -1 11.7 2.4
    endloop
  endfacet
  facet normal 0 0 1
    outer loop
      vertex -6.4 11.7 2.4
      vertex -50 1 2.4
      vertex -6.4 1 2.4
    endloop
  endfacet
  facet normal 0 0 1
    outer loop
      vertex -53.6 57.6 2.4
      vertex -6.4 11.7 2.4
      vertex -1 50 2.4
    endloop
  endfacet
  facet normal 0 0 1
    outer loop
      vertex -6.4 11.7 2.4
      vertex -57.6 53.6 2.4
      vertex -50 1 2.4
    endloop
  endfacet
  facet normal -0 0 1
    outer loop
      vertex -57.6 53.6 2.4
      vertex -6.4 11.7 2.4
      vertex -53.6 57.6 2.4
    endloop
  endfacet
  facet normal -0 0 1
    outer loop
      vertex -53.6 57.6 2.4
      vertex -1 50 2.4
      vertex 53.6 57.6 2.4
    endloop
  endfacet
  facet normal 0 0 1
    outer loop
      vertex 53.6 57.6 2.4
      vertex 57.6 53.6 2.4
      vertex 56.692 56.1376 2.4
    endloop
  endfacet
  facet normal 0 0 1
    outer loop
      vertex 53.6 57.6 2.4
      vertex 56.692 56.1376 2.4
      vertex 56.4284 56.4284 2.4
    endloop
  endfacet
  facet normal 0 0 1
    outer loop
      vertex 53.6 57.6 2.4
      vertex 56.4284 56.4284 2.4
      vertex 56.1376 56.692 2.4
    endloop
  endfacet
  facet normal 0 0 1
    outer loop
      vertex 53.6 57.6 2.4
      vertex 56.1376 56.692 2.4
      vertex 55.8223 56.9259 2.4
    endloop
  endfacet
  facet normal 0 0 1
    outer loop
      vertex 53.6 57.6 2.4
      vertex 55.8223 56.9259 2.4
      vertex 55.4856 57.1277 2.4
    endloop
  endfacet
  facet normal 0 0 1
    outer loop
      vertex 53.6 57.6 2.4
      vertex 55.4856 57.1277 2.4
      vertex 55.1307 57.2955 2.4
    endloop
  endfacet
  facet normal 0 0 1
    outer loop
      vertex 53.6 57.6 2.4
      vertex 55.1307 57.2955 2.4
      vertex 54.7611 57.4278 2.4
    endloop
  endfacet
  facet normal 0 0 1
    outer loop
      vertex 53.6 57.6 2.4
      vertex 54.7611 57.4278 2.4
      vertex 54.3804 57.5231 2.4
    endloop
  endfacet
  facet normal 0 0 1
    outer loop
      vertex 53.6 57.6 2.4
      vertex 54.3804 57.5231 2.4
      vertex 53.9921 57.5807 2.4
    endloop
  endfacet
  facet normal 0 0 1
    outer loop
      vertex 6.4 11.7 2.4
      vertex 57.6 53.6 2.4
      vertex 53.6 57.6 2.4
    endloop
  endfacet
  facet normal 0 0 1
    outer loop
      vertex 57.6 53.6 2.4
      vertex 50 1 2.4
      vertex 56.9 0.799999 2.4
    endloop
  endfacet
  facet normal 0 0 1
    outer loop
      vertex 56.9 0.799999 2.4
      vertex 50 1 2.4
      vertex 50 0.799999 2.4
    endloop
  endfacet
  facet normal 0 0 1
    outer loop
      vertex 56.9259 55.8223 2.4
      vertex 57.6 53.6 2.4
      vertex 57.5807 53.9921 2.4
    endloop
  endfacet
  facet normal 0 0 1
    outer loop
      vertex 56.9259 55.8223 2.4
      vertex 57.5807 53.9921 2.4
      vertex 57.5231 54.3804 2.4
    endloop
  endfacet
  facet normal 0 0 1
    outer loop
      vertex 56.9259 55.8223 2.4
      vertex 57.5231 54.3804 2.4
      vertex 57.4278 54.7611 2.4
    endloop
  endfacet
  facet normal 0 0 1
    outer loop
      vertex 56.9259 55.8223 2.4
      vertex 57.4278 54.7611 2.4
      vertex 57.2955 55.1307 2.4
    endloop
  endfacet
  facet normal 0 0 1
    outer loop
      vertex 56.9259 55.8223 2.4
      vertex 57.2955 55.1307 2.4
      vertex 57.1277 55.4856 2.4
    endloop
  endfacet
  facet normal 0 0 1
    outer loop
      vertex 56.692 56.1376 2.4
      vertex 57.6 53.6 2.4
      vertex 56.9259 55.8223 2.4
    endloop
  endfacet
  facet normal 0 0 1
    outer loop
      vertex 57.6 53.6 2.4
      vertex 56.9 0.799999 2.4
      vertex 57.6 -2.25 2.4
    endloop
  endfacet
  facet normal 0 0 1
    outer loop
      vertex 57.6 -2.25 2.4
      vertex 56.9 0.799999 2.4
      vertex 56.9 -2.25 2.4
    endloop
  endfacet
  facet normal 0 0 1
    outer loop
      vertex 50 1 2.4
      vertex 6.4 11.7 2.4
      vertex 6.4 1 2.4
    endloop
  endfacet
  facet normal 0 0 1
    outer loop
      vertex 6.4 11.7 2.4
      vertex 1 50 2.4
      vertex 1 11.7 2.4
    endloop
  endfacet
  facet normal -0 0 1
    outer loop
      vertex -50 -1 2.4
      vertex -6.4 -11.7 2.4
      vertex -6.4 -1 2.4
    endloop
  endfacet
  facet normal 0 0 1
    outer loop
      vertex -6.4 -11.7 2.4
      vertex -50 -1 2.4
      vertex -9.2 -18.7 2.4
    endloop
  endfacet
  facet normal 0 0 1
    outer loop
      vertex -57.6 53.6 2.4
      vertex -53.6 57.6 2.4
      vertex -53.9921 57.5807 2.4
    endloop
  endfacet
  facet normal 0 0 1
    outer loop
      vertex -57.6 53.6 2.4
      vertex -53.9921 57.5807 2.4
      vertex -54.3804 57.5231 2.4
    endloop
  endfacet
  facet normal 0 0 1
    outer loop
      vertex -57.6 53.6 2.4
      vertex -54.3804 57.5231 2.4
      vertex -54.7611 57.4278 2.4
    endloop
  endfacet
  facet normal 0 0 1
    outer loop
      vertex -50 -1 2.4
      vertex -54.8 -18.7 2.4
      vertex -9.2 -18.7 2.4
    endloop
  endfacet
  facet normal 0 -0 1
    outer loop
      vertex -54.8 -18.7 2.4
      vertex -50 1 2.4
      vertex -57.6 53.6 2.4
    endloop
  endfacet
  facet normal 0 0 1
    outer loop
      vertex -50 1 2.4
      vertex -54.8 -18.7 2.4
      vertex -50 -1 2.4
    endloop
  endfacet
  facet normal 0 0 1
    outer loop
      vertex -57.6 53.6 2.4
      vertex -54.7611 57.4278 2.4
      vertex -55.1307 57.2955 2.4
    endloop
  endfacet
  facet normal 0 0 1
    outer loop
      vertex -9.2 -18.7 2.4
      vertex -1 -11.7 2.4
      vertex -6.4 -11.7 2.4
    endloop
  endfacet
  facet normal 0 0 1
    outer loop
      vertex 30.3 -1 2.4
      vertex 14.7 -19.7 2.4
      vertex 30.3 -16.8 2.4
    endloop
  endfacet
  facet normal 0 0 1
    outer loop
      vertex 30.3 -1 2.4
      vertex 6.4 -11.7 2.4
      vertex 14.7 -19.7 2.4
    endloop
  endfacet
  facet normal 0 0 1
    outer loop
      vertex 6.4 -11.7 2.4
      vertex 30.3 -1 2.4
      vertex 6.4 -1 2.4
    endloop
  endfacet
  facet normal -0 0 1
    outer loop
      vertex 56.9 -16.8 2.4
      vertex 57.6 -53.6 2.4
      vertex 57.6 -13.75 2.4
    endloop
  endfacet
  facet normal -0 0 1
    outer loop
      vertex 45.3 -40.3 2.4
      vertex 57.6 -53.6 2.4
      vertex 56.9 -16.8 2.4
    endloop
  endfacet
  facet normal 0 -0 1
    outer loop
      vertex 53.6 -57.6 2.4
      vertex 57.6 -53.6 2.4
      vertex 45.3 -40.3 2.4
    endloop
  endfacet
  facet normal 0 0 1
    outer loop
      vertex 57.6 -53.6 2.4
      vertex 53.6 -57.6 2.4
      vertex 57.5807 -53.9921 2.4
    endloop
  endfacet
  facet normal 0 0 1
    outer loop
      vertex 57.5807 -53.9921 2.4
      vertex 53.6 -57.6 2.4
      vertex 57.5231 -54.3804 2.4
    endloop
  endfacet
  facet normal 0 0 1
    outer loop
      vertex 57.5231 -54.3804 2.4
      vertex 53.6 -57.6 2.4
      vertex 57.4278 -54.7611 2.4
    endloop
  endfacet
  facet normal 0 0 1
    outer loop
      vertex 56.9 -16.8 2.4
      vertex 57.6 -13.75 2.4
      vertex 56.9 -13.75 2.4
    endloop
  endfacet
  facet normal 0 0 1
    outer loop
      vertex 57.4278 -54.7611 2.4
      vertex 53.6 -57.6 2.4
      vertex 57.2955 -55.1307 2.4
    endloop
  endfacet
  facet normal 0 0 1
    outer loop
      vertex 57.2955 -55.1307 2.4
      vertex 53.6 -57.6 2.4
      vertex 57.1277 -55.4856 2.4
    endloop
  endfacet
  facet normal 0 0 1
    outer loop
      vertex 57.1277 -55.4856 2.4
      vertex 53.6 -57.6 2.4
      vertex 56.9259 -55.8223 2.4
    endloop
  endfacet
  facet normal 0 0 1
    outer loop
      vertex 56.9259 -55.8223 2.4
      vertex 53.6 -57.6 2.4
      vertex 56.692 -56.1376 2.4
    endloop
  endfacet
  facet normal 0 0 1
    outer loop
      vertex 56.692 -56.1376 2.4
      vertex 53.6 -57.6 2.4
      vertex 56.4284 -56.4284 2.4
    endloop
  endfacet
  facet normal 0 0 1
    outer loop
      vertex 56.4284 -56.4284 2.4
      vertex 53.6 -57.6 2.4
      vertex 56.1376 -56.692 2.4
    endloop
  endfacet
  facet normal 0 0 1
    outer loop
      vertex 56.1376 -56.692 2.4
      vertex 53.6 -57.6 2.4
      vertex 55.8223 -56.9259 2.4
    endloop
  endfacet
  facet normal 0 0 1
    outer loop
      vertex 55.8223 -56.9259 2.4
      vertex 53.6 -57.6 2.4
      vertex 55.4856 -57.1277 2.4
    endloop
  endfacet
  facet normal 0 0 1
    outer loop
      vertex 55.4856 -57.1277 2.4
      vertex 53.6 -57.6 2.4
      vertex 55.1307 -57.2955 2.4
    endloop
  endfacet
  facet normal 0 0 1
    outer loop
      vertex 55.1307 -57.2955 2.4
      vertex 53.6 -57.6 2.4
      vertex 54.7611 -57.4278 2.4
    endloop
  endfacet
  facet normal 0 0 1
    outer loop
      vertex 54.7611 -57.4278 2.4
      vertex 53.6 -57.6 2.4
      vertex 54.3804 -57.5231 2.4
    endloop
  endfacet
  facet normal 0 0 1
    outer loop
      vertex 45.3 -40.3 2.4
      vertex 56.9 -16.8 2.4
      vertex 45.3 -19.7 2.4
    endloop
  endfacet
  facet normal -0 0 1
    outer loop
      vertex 30.3 -16.8 2.4
      vertex 45.3 -19.7 2.4
      vertex 56.9 -16.8 2.4
    endloop
  endfacet
  facet normal 0 0 1
    outer loop
      vertex 45.3 -19.7 2.4
      vertex 30.3 -16.8 2.4
      vertex 14.7 -19.7 2.4
    endloop
  endfacet
  facet normal 0 0 1
    outer loop
      vertex 54.3804 -57.5231 2.4
      vertex 53.6 -57.6 2.4
      vertex 53.9921 -57.5807 2.4
    endloop
  endfacet
  facet normal -0 0 1
    outer loop
      vertex 14.7 -40.3 2.4
      vertex 53.6 -57.6 2.4
      vertex 45.3 -40.3 2.4
    endloop
  endfacet
  facet normal -0 0 1
    outer loop
      vertex 1 -11.7 2.4
      vertex 14.7 -19.7 2.4
      vertex 6.4 -11.7 2.4
    endloop
  endfacet
  facet normal 0 0 1
    outer loop
      vertex 14.7 -19.7 2.4
      vertex 1 -11.7 2.4
      vertex 14.7 -40.3 2.4
    endloop
  endfacet
  facet normal 0 0 1
    outer loop
      vertex 1 -50 2.4
      vertex 14.7 -40.3 2.4
      vertex 1 -11.7 2.4
    endloop
  endfacet
  facet normal -0 0 1
    outer loop
      vertex 1 -50 2.4
      vertex 53.6 -57.6 2.4
      vertex 14.7 -40.3 2.4
    endloop
  endfacet
  facet normal -0 0 1
    outer loop
      vertex -1 -50 2.4
      vertex 53.6 -57.6 2.4
      vertex 1 -50 2.4
    endloop
  endfacet
  facet normal 0 0 1
    outer loop
      vertex -9.2 -37.3 2.4
      vertex -1 -11.7 2.4
      vertex -9.2 -18.7 2.4
    endloop
  endfacet
  facet normal 0 0 1
    outer loop
      vertex -1 -11.7 2.4
      vertex -9.2 -37.3 2.4
      vertex -1 -50 2.4
    endloop
  endfacet
  facet normal 0 0 1
    outer loop
      vertex -1 -50 2.4
      vertex -53.6 -57.6 2.4
      vertex 53.6 -57.6 2.4
    endloop
  endfacet
  facet normal 0 0 1
    outer loop
      vertex -9.2 -37.3 2.4
      vertex -53.6 -57.6 2.4
      vertex -1 -50 2.4
    endloop
  endfacet
  facet normal -0 0 1
    outer loop
      vertex -54.8 -37.3 2.4
      vertex -53.6 -57.6 2.4
      vertex -9.2 -37.3 2.4
    endloop
  endfacet
  facet normal -0 0 1
    outer loop
      vertex -57.6 -53.6 2.4
      vertex -53.6 -57.6 2.4
      vertex -54.8 -37.3 2.4
    endloop
  endfacet
  facet normal 0 0 1
    outer loop
      vertex -53.6 -57.6 2.4
      vertex -57.6 -53.6 2.4
      vertex -53.9921 -57.5807 2.4
    endloop
  endfacet
  facet normal 0 0 1
    outer loop
      vertex -53.9921 -57.5807 2.4
      vertex -57.6 -53.6 2.4
      vertex -54.3804 -57.5231 2.4
    endloop
  endfacet
  facet normal 0 0 1
    outer loop
      vertex -57.6 -53.6 2.4
      vertex -54.8 -18.7 2.4
      vertex -57.6 53.6 2.4
    endloop
  endfacet
  facet normal 0 0 1
    outer loop
      vertex -54.8 -18.7 2.4
      vertex -57.6 -53.6 2.4
      vertex -54.8 -37.3 2.4
    endloop
  endfacet
  facet normal 0 0 1
    outer loop
      vertex -57.6 53.6 2.4
      vertex -55.1307 57.2955 2.4
      vertex -55.4856 57.1277 2.4
    endloop
  endfacet
  facet normal 0 0 1
    outer loop
      vertex -54.3804 -57.5231 2.4
      vertex -57.6 -53.6 2.4
      vertex -54.7611 -57.4278 2.4
    endloop
  endfacet
  facet normal 0 0 1
    outer loop
      vertex -57.6 53.6 2.4
      vertex -55.4856 57.1277 2.4
      vertex -55.8223 56.9259 2.4
    endloop
  endfacet
  facet normal 0 0 1
    outer loop
      vertex -54.7611 -57.4278 2.4
      vertex -57.6 -53.6 2.4
      vertex -55.1307 -57.2955 2.4
    endloop
  endfacet
  facet normal 0 0 1
    outer loop
      vertex -57.6 53.6 2.4
      vertex -55.8223 56.9259 2.4
      vertex -56.1376 56.692 2.4
    endloop
  endfacet
  facet normal 0 0 1
    outer loop
      vertex -55.1307 -57.2955 2.4
      vertex -57.6 -53.6 2.4
      vertex -55.4856 -57.1277 2.4
    endloop
  endfacet
  facet normal 0 0 1
    outer loop
      vertex -57.6 53.6 2.4
      vertex -56.1376 56.692 2.4
      vertex -56.4284 56.4284 2.4
    endloop
  endfacet
  facet normal 0 0 1
    outer loop
      vertex -55.4856 -57.1277 2.4
      vertex -57.6 -53.6 2.4
      vertex -55.8223 -56.9259 2.4
    endloop
  endfacet
  facet normal 0 0 1
    outer loop
      vertex -57.6 53.6 2.4
      vertex -56.4284 56.4284 2.4
      vertex -56.692 56.1376 2.4
    endloop
  endfacet
  facet normal 0 0 1
    outer loop
      vertex -55.8223 -56.9259 2.4
      vertex -57.6 -53.6 2.4
      vertex -56.1376 -56.692 2.4
    endloop
  endfacet
  facet normal 0 0 1
    outer loop
      vertex -57.6 53.6 2.4
      vertex -56.692 56.1376 2.4
      vertex -56.9259 55.8223 2.4
    endloop
  endfacet
  facet normal 0 0 1
    outer loop
      vertex -56.1376 -56.692 2.4
      vertex -57.6 -53.6 2.4
      vertex -56.4284 -56.4284 2.4
    endloop
  endfacet
  facet normal 0 0 1
    outer loop
      vertex -57.6 53.6 2.4
      vertex -56.9259 55.8223 2.4
      vertex -57.1277 55.4856 2.4
    endloop
  endfacet
  facet normal 0 0 1
    outer loop
      vertex -56.4284 -56.4284 2.4
      vertex -57.6 -53.6 2.4
      vertex -56.692 -56.1376 2.4
    endloop
  endfacet
  facet normal 0 0 1
    outer loop
      vertex -57.6 53.6 2.4
      vertex -57.1277 55.4856 2.4
      vertex -57.2955 55.1307 2.4
    endloop
  endfacet
  facet normal 0 0 1
    outer loop
      vertex -56.692 -56.1376 2.4
      vertex -57.6 -53.6 2.4
      vertex -56.9259 -55.8223 2.4
    endloop
  endfacet
  facet normal 0 0 1
    outer loop
      vertex -57.6 53.6 2.4
      vertex -57.2955 55.1307 2.4
      vertex -57.4278 54.7611 2.4
    endloop
  endfacet
  facet normal 0 0 1
    outer loop
      vertex -56.9259 -55.8223 2.4
      vertex -57.6 -53.6 2.4
      vertex -57.1277 -55.4856 2.4
    endloop
  endfacet
  facet normal 0 0 1
    outer loop
      vertex -57.6 53.6 2.4
      vertex -57.4278 54.7611 2.4
      vertex -57.5231 54.3804 2.4
    endloop
  endfacet
  facet normal 0 0 1
    outer loop
      vertex -57.1277 -55.4856 2.4
      vertex -57.6 -53.6 2.4
      vertex -57.2955 -55.1307 2.4
    endloop
  endfacet
  facet normal 0 0 1
    outer loop
      vertex -57.6 53.6 2.4
      vertex -57.5231 54.3804 2.4
      vertex -57.5807 53.9921 2.4
    endloop
  endfacet
  facet normal 0 0 1
    outer loop
      vertex -57.2955 -55.1307 2.4
      vertex -57.6 -53.6 2.4
      vertex -57.4278 -54.7611 2.4
    endloop
  endfacet
  facet normal 0 0 1
    outer loop
      vertex -57.4278 -54.7611 2.4
      vertex -57.6 -53.6 2.4
      vertex -57.5231 -54.3804 2.4
    endloop
  endfacet
  facet normal 0 0 1
    outer loop
      vertex -57.5231 -54.3804 2.4
      vertex -57.6 -53.6 2.4
      vertex -57.5807 -53.9921 2.4
    endloop
  endfacet
  facet normal 0 0 -1
    outer loop
      vertex 30.3 -1 2.4
      vertex 50 0.799999 2.4
      vertex 50 -1 2.4
    endloop
  endfacet
  facet normal -0 0 -1
    outer loop
      vertex 50 0.799999 2.4
      vertex 30.3 -1 2.4
      vertex 30.3 0.799999 2.4
    endloop
  endfacet
  facet normal 0 0 -1
    outer loop
      vertex -6.4 -1 2.4
      vertex -1 1 2.4
      vertex -1 -1 2.4
    endloop
  endfacet
  facet normal -0 0 -1
    outer loop
      vertex -1 1 2.4
      vertex -6.4 -1 2.4
      vertex -6.4 1 2.4
    endloop
  endfacet
  facet normal 0 0 -1
    outer loop
      vertex -1 -1 2.4
      vertex 1 -1 2.4
      vertex 1 -11.7 2.4
    endloop
  endfacet
  facet normal 0 0 -1
    outer loop
      vertex 1 -1 2.4
      vertex -1 -1 2.4
      vertex 1 1 2.4
    endloop
  endfacet
  facet normal 0 0 -1
    outer loop
      vertex -1 -1 2.4
      vertex 1 -11.7 2.4
      vertex -1 -11.7 2.4
    endloop
  endfacet
  facet normal 0 0 -1
    outer loop
      vertex -1 1 2.4
      vertex 1 1 2.4
      vertex -1 -1 2.4
    endloop
  endfacet
  facet normal 0 0 -1
    outer loop
      vertex 1 1 2.4
      vertex -1 1 2.4
      vertex 1 11.7 2.4
    endloop
  endfacet
  facet normal -0 0 -1
    outer loop
      vertex 1 11.7 2.4
      vertex -1 1 2.4
      vertex -1 11.7 2.4
    endloop
  endfacet
  facet normal 0 0 -1
    outer loop
      vertex 1 -1 2.4
      vertex 6.4 1 2.4
      vertex 6.4 -1 2.4
    endloop
  endfacet
  facet normal -0 0 -1
    outer loop
      vertex 6.4 1 2.4
      vertex 1 -1 2.4
      vertex 1 1 2.4
    endloop
  endfacet
  facet normal 0.595794 -0.803137 0
    outer loop
      vertex -56.1376 56.692 2.4
      vertex -55.8223 56.9259 42
      vertex -56.1376 56.692 42
    endloop
  endfacet
  facet normal 0.595794 -0.803137 0
    outer loop
      vertex -55.8223 56.9259 42
      vertex -56.1376 56.692 2.4
      vertex -55.8223 56.9259 2.4
    endloop
  endfacet
  facet normal 0.9415 -0.337014 0
    outer loop
      vertex -57.4278 54.7611 42
      vertex -57.2955 55.1307 2.4
      vertex -57.2955 55.1307 42
    endloop
  endfacet
  facet normal 0.9415 -0.337014 0
    outer loop
      vertex -57.2955 55.1307 2.4
      vertex -57.4278 54.7611 42
      vertex -57.4278 54.7611 2.4
    endloop
  endfacet
  facet normal -0.146733 0.989176 0
    outer loop
      vertex 54.3804 -57.5231 2.4
      vertex 53.9921 -57.5807 42
      vertex 54.3804 -57.5231 42
    endloop
  endfacet
  facet normal -0.146733 0.989176 0
    outer loop
      vertex 53.9921 -57.5807 42
      vertex 54.3804 -57.5231 2.4
      vertex 53.9921 -57.5807 2.4
    endloop
  endfacet
  facet normal 0.42744 -0.904044 0
    outer loop
      vertex -55.4856 57.1277 2.4
      vertex -55.1307 57.2955 42
      vertex -55.4856 57.1277 42
    endloop
  endfacet
  facet normal 0.42744 -0.904044 0
    outer loop
      vertex -55.1307 57.2955 42
      vertex -55.4856 57.1277 2.4
      vertex -55.1307 57.2955 2.4
    endloop
  endfacet
  facet normal -0.803137 0.595794 0
    outer loop
      vertex 56.692 -56.1376 2.4
      vertex 56.9259 -55.8223 42
      vertex 56.9259 -55.8223 2.4
    endloop
  endfacet
  facet normal -0.803137 0.595794 0
    outer loop
      vertex 56.9259 -55.8223 42
      vertex 56.692 -56.1376 2.4
      vertex 56.692 -56.1376 42
    endloop
  endfacet
  facet normal -0.85774 -0.514084 0
    outer loop
      vertex 57.1277 55.4856 2.4
      vertex 56.9259 55.8223 42
      vertex 56.9259 55.8223 2.4
    endloop
  endfacet
  facet normal -0.85774 -0.514084 0
    outer loop
      vertex 56.9259 55.8223 42
      vertex 57.1277 55.4856 2.4
      vertex 57.1277 55.4856 42
    endloop
  endfacet
  facet normal 0.740908 -0.671607 0
    outer loop
      vertex -56.692 56.1376 42
      vertex -56.4284 56.4284 2.4
      vertex -56.4284 56.4284 42
    endloop
  endfacet
  facet normal 0.740908 -0.671607 0
    outer loop
      vertex -56.4284 56.4284 2.4
      vertex -56.692 56.1376 42
      vertex -56.692 56.1376 2.4
    endloop
  endfacet
  facet normal 0.998791 0.0491626 0
    outer loop
      vertex -57.5807 -53.9921 42
      vertex -57.6 -53.6 2.4
      vertex -57.6 -53.6 42
    endloop
  endfacet
  facet normal 0.998791 0.0491626 0
    outer loop
      vertex -57.6 -53.6 2.4
      vertex -57.5807 -53.9921 42
      vertex -57.5807 -53.9921 2.4
    endloop
  endfacet
  facet normal -0.970068 0.242835 0
    outer loop
      vertex 57.4278 -54.7611 2.4
      vertex 57.5231 -54.3804 42
      vertex 57.5231 -54.3804 2.4
    endloop
  endfacet
  facet normal -0.970068 0.242835 0
    outer loop
      vertex 57.5231 -54.3804 42
      vertex 57.4278 -54.7611 2.4
      vertex 57.4278 -54.7611 42
    endloop
  endfacet
  facet normal -0.671607 -0.740908 0
    outer loop
      vertex 56.1376 56.692 2.4
      vertex 56.4284 56.4284 42
      vertex 56.1376 56.692 42
    endloop
  endfacet
  facet normal -0.671607 -0.740908 -0
    outer loop
      vertex 56.4284 56.4284 42
      vertex 56.1376 56.692 2.4
      vertex 56.4284 56.4284 2.4
    endloop
  endfacet
  facet normal 0.146733 -0.989176 0
    outer loop
      vertex -54.3804 57.5231 2.4
      vertex -53.9921 57.5807 42
      vertex -54.3804 57.5231 42
    endloop
  endfacet
  facet normal 0.146733 -0.989176 0
    outer loop
      vertex -53.9921 57.5807 42
      vertex -54.3804 57.5231 2.4
      vertex -53.9921 57.5807 2.4
    endloop
  endfacet
  facet normal 0.337014 0.9415 -0
    outer loop
      vertex -54.7611 -57.4278 2.4
      vertex -55.1307 -57.2955 42
      vertex -54.7611 -57.4278 42
    endloop
  endfacet
  facet normal 0.337014 0.9415 0
    outer loop
      vertex -55.1307 -57.2955 42
      vertex -54.7611 -57.4278 2.4
      vertex -55.1307 -57.2955 2.4
    endloop
  endfacet
  facet normal 0.803137 0.595794 0
    outer loop
      vertex -56.692 -56.1376 42
      vertex -56.9259 -55.8223 2.4
      vertex -56.9259 -55.8223 42
    endloop
  endfacet
  facet normal 0.803137 0.595794 0
    outer loop
      vertex -56.9259 -55.8223 2.4
      vertex -56.692 -56.1376 42
      vertex -56.692 -56.1376 2.4
    endloop
  endfacet
  facet normal 0.671607 -0.740908 0
    outer loop
      vertex -56.4284 56.4284 2.4
      vertex -56.1376 56.692 42
      vertex -56.4284 56.4284 42
    endloop
  endfacet
  facet normal 0.671607 -0.740908 0
    outer loop
      vertex -56.1376 56.692 42
      vertex -56.4284 56.4284 2.4
      vertex -56.1376 56.692 2.4
    endloop
  endfacet
  facet normal -0.740908 0.671607 0
    outer loop
      vertex 56.4284 -56.4284 2.4
      vertex 56.692 -56.1376 42
      vertex 56.692 -56.1376 2.4
    endloop
  endfacet
  facet normal -0.740908 0.671607 0
    outer loop
      vertex 56.692 -56.1376 42
      vertex 56.4284 -56.4284 2.4
      vertex 56.4284 -56.4284 42
    endloop
  endfacet
  facet normal 0.671607 0.740908 -0
    outer loop
      vertex -56.1376 -56.692 2.4
      vertex -56.4284 -56.4284 42
      vertex -56.1376 -56.692 42
    endloop
  endfacet
  facet normal 0.671607 0.740908 0
    outer loop
      vertex -56.4284 -56.4284 42
      vertex -56.1376 -56.692 2.4
      vertex -56.4284 -56.4284 2.4
    endloop
  endfacet
  facet normal -0.0491626 -0.998791 0
    outer loop
      vertex 53.6 57.6 2.4
      vertex 53.9921 57.5807 42
      vertex 53.6 57.6 42
    endloop
  endfacet
  facet normal -0.0491626 -0.998791 -0
    outer loop
      vertex 53.9921 57.5807 42
      vertex 53.6 57.6 2.4
      vertex 53.9921 57.5807 2.4
    endloop
  endfacet
  facet normal -0.998791 -0.0491626 0
    outer loop
      vertex 57.6 53.6 2.4
      vertex 57.5807 53.9921 42
      vertex 57.5807 53.9921 2.4
    endloop
  endfacet
  facet normal -0.998791 -0.0491626 0
    outer loop
      vertex 57.5807 53.9921 42
      vertex 57.6 53.6 2.4
      vertex 57.6 53.6 42
    endloop
  endfacet
  facet normal 0.0491626 -0.998791 0
    outer loop
      vertex -53.9921 57.5807 2.4
      vertex -53.6 57.6 42
      vertex -53.9921 57.5807 42
    endloop
  endfacet
  facet normal 0.0491626 -0.998791 0
    outer loop
      vertex -53.6 57.6 42
      vertex -53.9921 57.5807 2.4
      vertex -53.6 57.6 2.4
    endloop
  endfacet
  facet normal 0.146733 0.989176 -0
    outer loop
      vertex -53.9921 -57.5807 2.4
      vertex -54.3804 -57.5231 42
      vertex -53.9921 -57.5807 42
    endloop
  endfacet
  facet normal 0.146733 0.989176 0
    outer loop
      vertex -54.3804 -57.5231 42
      vertex -53.9921 -57.5807 2.4
      vertex -54.3804 -57.5231 2.4
    endloop
  endfacet
  facet normal 0.970068 0.242835 0
    outer loop
      vertex -57.4278 -54.7611 42
      vertex -57.5231 -54.3804 2.4
      vertex -57.5231 -54.3804 42
    endloop
  endfacet
  facet normal 0.970068 0.242835 0
    outer loop
      vertex -57.5231 -54.3804 2.4
      vertex -57.4278 -54.7611 42
      vertex -57.4278 -54.7611 2.4
    endloop
  endfacet
  facet normal 0.595794 0.803137 -0
    outer loop
      vertex -55.8223 -56.9259 2.4
      vertex -56.1376 -56.692 42
      vertex -55.8223 -56.9259 42
    endloop
  endfacet
  facet normal 0.595794 0.803137 0
    outer loop
      vertex -56.1376 -56.692 42
      vertex -55.8223 -56.9259 2.4
      vertex -56.1376 -56.692 2.4
    endloop
  endfacet
  facet normal -0.803137 -0.595794 0
    outer loop
      vertex 56.9259 55.8223 2.4
      vertex 56.692 56.1376 42
      vertex 56.692 56.1376 2.4
    endloop
  endfacet
  facet normal -0.803137 -0.595794 0
    outer loop
      vertex 56.692 56.1376 42
      vertex 56.9259 55.8223 2.4
      vertex 56.9259 55.8223 42
    endloop
  endfacet
  facet normal -0.989176 -0.146733 0
    outer loop
      vertex 57.5807 53.9921 2.4
      vertex 57.5231 54.3804 42
      vertex 57.5231 54.3804 2.4
    endloop
  endfacet
  facet normal -0.989176 -0.146733 0
    outer loop
      vertex 57.5231 54.3804 42
      vertex 57.5807 53.9921 2.4
      vertex 57.5807 53.9921 42
    endloop
  endfacet
  facet normal 0.989176 -0.146733 0
    outer loop
      vertex -57.5807 53.9921 42
      vertex -57.5231 54.3804 2.4
      vertex -57.5231 54.3804 42
    endloop
  endfacet
  facet normal 0.989176 -0.146733 0
    outer loop
      vertex -57.5231 54.3804 2.4
      vertex -57.5807 53.9921 42
      vertex -57.5807 53.9921 2.4
    endloop
  endfacet
  facet normal -0.337014 -0.9415 0
    outer loop
      vertex 54.7611 57.4278 2.4
      vertex 55.1307 57.2955 42
      vertex 54.7611 57.4278 42
    endloop
  endfacet
  facet normal -0.337014 -0.9415 -0
    outer loop
      vertex 55.1307 57.2955 42
      vertex 54.7611 57.4278 2.4
      vertex 55.1307 57.2955 2.4
    endloop
  endfacet
  facet normal -0.242835 -0.970068 0
    outer loop
      vertex 54.3804 57.5231 2.4
      vertex 54.7611 57.4278 42
      vertex 54.3804 57.5231 42
    endloop
  endfacet
  facet normal -0.242835 -0.970068 -0
    outer loop
      vertex 54.7611 57.4278 42
      vertex 54.3804 57.5231 2.4
      vertex 54.7611 57.4278 2.4
    endloop
  endfacet
  facet normal -0.970068 -0.242835 0
    outer loop
      vertex 57.5231 54.3804 2.4
      vertex 57.4278 54.7611 42
      vertex 57.4278 54.7611 2.4
    endloop
  endfacet
  facet normal -0.970068 -0.242835 0
    outer loop
      vertex 57.4278 54.7611 42
      vertex 57.5231 54.3804 2.4
      vertex 57.5231 54.3804 42
    endloop
  endfacet
  facet normal 0.514084 0.85774 -0
    outer loop
      vertex -55.4856 -57.1277 2.4
      vertex -55.8223 -56.9259 42
      vertex -55.4856 -57.1277 42
    endloop
  endfacet
  facet normal 0.514084 0.85774 0
    outer loop
      vertex -55.8223 -56.9259 42
      vertex -55.4856 -57.1277 2.4
      vertex -55.8223 -56.9259 2.4
    endloop
  endfacet
  facet normal 0.85774 0.514084 0
    outer loop
      vertex -56.9259 -55.8223 42
      vertex -57.1277 -55.4856 2.4
      vertex -57.1277 -55.4856 42
    endloop
  endfacet
  facet normal 0.85774 0.514084 0
    outer loop
      vertex -57.1277 -55.4856 2.4
      vertex -56.9259 -55.8223 42
      vertex -56.9259 -55.8223 2.4
    endloop
  endfacet
  facet normal 0.970068 -0.242835 0
    outer loop
      vertex -57.5231 54.3804 42
      vertex -57.4278 54.7611 2.4
      vertex -57.4278 54.7611 42
    endloop
  endfacet
  facet normal 0.970068 -0.242835 0
    outer loop
      vertex -57.4278 54.7611 2.4
      vertex -57.5231 54.3804 42
      vertex -57.5231 54.3804 2.4
    endloop
  endfacet
  facet normal 0.514084 -0.85774 0
    outer loop
      vertex -55.8223 56.9259 2.4
      vertex -55.4856 57.1277 42
      vertex -55.8223 56.9259 42
    endloop
  endfacet
  facet normal 0.514084 -0.85774 0
    outer loop
      vertex -55.4856 57.1277 42
      vertex -55.8223 56.9259 2.4
      vertex -55.4856 57.1277 2.4
    endloop
  endfacet
  facet normal -0.9415 -0.337014 0
    outer loop
      vertex 57.4278 54.7611 2.4
      vertex 57.2955 55.1307 42
      vertex 57.2955 55.1307 2.4
    endloop
  endfacet
  facet normal -0.9415 -0.337014 0
    outer loop
      vertex 57.2955 55.1307 42
      vertex 57.4278 54.7611 2.4
      vertex 57.4278 54.7611 42
    endloop
  endfacet
  facet normal 0.337014 -0.9415 0
    outer loop
      vertex -55.1307 57.2955 2.4
      vertex -54.7611 57.4278 42
      vertex -55.1307 57.2955 42
    endloop
  endfacet
  facet normal 0.337014 -0.9415 0
    outer loop
      vertex -54.7611 57.4278 42
      vertex -55.1307 57.2955 2.4
      vertex -54.7611 57.4278 2.4
    endloop
  endfacet
  facet normal -0.42744 -0.904044 0
    outer loop
      vertex 55.1307 57.2955 2.4
      vertex 55.4856 57.1277 42
      vertex 55.1307 57.2955 42
    endloop
  endfacet
  facet normal -0.42744 -0.904044 -0
    outer loop
      vertex 55.4856 57.1277 42
      vertex 55.1307 57.2955 2.4
      vertex 55.4856 57.1277 2.4
    endloop
  endfacet
  facet normal 0.998791 -0.0491626 0
    outer loop
      vertex -57.6 53.6 42
      vertex -57.5807 53.9921 2.4
      vertex -57.5807 53.9921 42
    endloop
  endfacet
  facet normal 0.998791 -0.0491626 0
    outer loop
      vertex -57.5807 53.9921 2.4
      vertex -57.6 53.6 42
      vertex -57.6 53.6 2.4
    endloop
  endfacet
  facet normal 0.85774 -0.514084 0
    outer loop
      vertex -57.1277 55.4856 42
      vertex -56.9259 55.8223 2.4
      vertex -56.9259 55.8223 42
    endloop
  endfacet
  facet normal 0.85774 -0.514084 0
    outer loop
      vertex -56.9259 55.8223 2.4
      vertex -57.1277 55.4856 42
      vertex -57.1277 55.4856 2.4
    endloop
  endfacet
  facet normal -0.85774 0.514084 0
    outer loop
      vertex 56.9259 -55.8223 2.4
      vertex 57.1277 -55.4856 42
      vertex 57.1277 -55.4856 2.4
    endloop
  endfacet
  facet normal -0.85774 0.514084 0
    outer loop
      vertex 57.1277 -55.4856 42
      vertex 56.9259 -55.8223 2.4
      vertex 56.9259 -55.8223 42
    endloop
  endfacet
  facet normal -0.595794 0.803137 0
    outer loop
      vertex 56.1376 -56.692 2.4
      vertex 55.8223 -56.9259 42
      vertex 56.1376 -56.692 42
    endloop
  endfacet
  facet normal -0.595794 0.803137 0
    outer loop
      vertex 55.8223 -56.9259 42
      vertex 56.1376 -56.692 2.4
      vertex 55.8223 -56.9259 2.4
    endloop
  endfacet
  facet normal 0.904044 -0.42744 0
    outer loop
      vertex -57.2955 55.1307 42
      vertex -57.1277 55.4856 2.4
      vertex -57.1277 55.4856 42
    endloop
  endfacet
  facet normal 0.904044 -0.42744 0
    outer loop
      vertex -57.1277 55.4856 2.4
      vertex -57.2955 55.1307 42
      vertex -57.2955 55.1307 2.4
    endloop
  endfacet
  facet normal -0.337014 0.9415 0
    outer loop
      vertex 55.1307 -57.2955 2.4
      vertex 54.7611 -57.4278 42
      vertex 55.1307 -57.2955 42
    endloop
  endfacet
  facet normal -0.337014 0.9415 0
    outer loop
      vertex 54.7611 -57.4278 42
      vertex 55.1307 -57.2955 2.4
      vertex 54.7611 -57.4278 2.4
    endloop
  endfacet
  facet normal -1 0 0
    outer loop
      vertex 6.4 11.7 1.4
      vertex 6.4 1 2.4
      vertex 6.4 11.7 2.4
    endloop
  endfacet
  facet normal -1 0 0
    outer loop
      vertex 6.4 11.7 1.4
      vertex 6.4 -1 2.4
      vertex 6.4 1 2.4
    endloop
  endfacet
  facet normal -1 0 0
    outer loop
      vertex 6.4 -11.7 1.4
      vertex 6.4 -1 2.4
      vertex 6.4 11.7 1.4
    endloop
  endfacet
  facet normal -1 -0 0
    outer loop
      vertex 6.4 -1 2.4
      vertex 6.4 -11.7 1.4
      vertex 6.4 -11.7 2.4
    endloop
  endfacet
  facet normal -0 0 1
    outer loop
      vertex -6.4 11.7 1.4
      vertex 6.4 -11.7 1.4
      vertex 6.4 11.7 1.4
    endloop
  endfacet
  facet normal 0 0 1
    outer loop
      vertex 6.4 -11.7 1.4
      vertex -6.4 11.7 1.4
      vertex -6.4 -11.7 1.4
    endloop
  endfacet
  facet normal 1 -0 0
    outer loop
      vertex -6.4 1 2.4
      vertex -6.4 11.7 1.4
      vertex -6.4 11.7 2.4
    endloop
  endfacet
  facet normal 1 -0 0
    outer loop
      vertex -6.4 -1 2.4
      vertex -6.4 11.7 1.4
      vertex -6.4 1 2.4
    endloop
  endfacet
  facet normal 1 0 0
    outer loop
      vertex -6.4 -11.7 1.4
      vertex -6.4 -1 2.4
      vertex -6.4 -11.7 2.4
    endloop
  endfacet
  facet normal 1 0 0
    outer loop
      vertex -6.4 -1 2.4
      vertex -6.4 -11.7 1.4
      vertex -6.4 11.7 1.4
    endloop
  endfacet
  facet normal 0 -1 0
    outer loop
      vertex -6.4 11.7 1.4
      vertex -1 11.7 2.4
      vertex -6.4 11.7 2.4
    endloop
  endfacet
  facet normal 0 -1 -0
    outer loop
      vertex -1 11.7 2.4
      vertex -6.4 11.7 1.4
      vertex 1 11.7 2.4
    endloop
  endfacet
  facet normal 0 -1 0
    outer loop
      vertex 6.4 11.7 1.4
      vertex 1 11.7 2.4
      vertex -6.4 11.7 1.4
    endloop
  endfacet
  facet normal 0 -1 0
    outer loop
      vertex 1 11.7 2.4
      vertex 6.4 11.7 1.4
      vertex 6.4 11.7 2.4
    endloop
  endfacet
  facet normal 0 1 -0
    outer loop
      vertex 6.4 -11.7 1.4
      vertex 1 -11.7 2.4
      vertex 6.4 -11.7 2.4
    endloop
  endfacet
  facet normal 0 1 0
    outer loop
      vertex 1 -11.7 2.4
      vertex 6.4 -11.7 1.4
      vertex -1 -11.7 2.4
    endloop
  endfacet
  facet normal 0 1 0
    outer loop
      vertex -6.4 -11.7 1.4
      vertex -1 -11.7 2.4
      vertex 6.4 -11.7 1.4
    endloop
  endfacet
  facet normal 0 1 0
    outer loop
      vertex -1 -11.7 2.4
      vertex -6.4 -11.7 1.4
      vertex -6.4 -11.7 2.4
    endloop
  endfacet
  facet normal -1 0 0
    outer loop
      vertex -9.2 -37.3 1.9
      vertex -9.2 -18.7 2.4
      vertex -9.2 -18.7 1.9
    endloop
  endfacet
  facet normal -1 -0 0
    outer loop
      vertex -9.2 -18.7 2.4
      vertex -9.2 -37.3 1.9
      vertex -9.2 -37.3 2.4
    endloop
  endfacet
  facet normal -0 0 1
    outer loop
      vertex -54.8 -18.7 1.9
      vertex -9.2 -37.3 1.9
      vertex -9.2 -18.7 1.9
    endloop
  endfacet
  facet normal 0 0 1
    outer loop
      vertex -9.2 -37.3 1.9
      vertex -54.8 -18.7 1.9
      vertex -54.8 -37.3 1.9
    endloop
  endfacet
  facet normal 1 -0 0
    outer loop
      vertex -54.8 -37.3 2.4
      vertex -54.8 -18.7 1.9
      vertex -54.8 -18.7 2.4
    endloop
  endfacet
  facet normal 1 0 0
    outer loop
      vertex -54.8 -18.7 1.9
      vertex -54.8 -37.3 2.4
      vertex -54.8 -37.3 1.9
    endloop
  endfacet
  facet normal 0 -1 0
    outer loop
      vertex -54.8 -18.7 1.9
      vertex -9.2 -18.7 2.4
      vertex -54.8 -18.7 2.4
    endloop
  endfacet
  facet normal 0 -1 -0
    outer loop
      vertex -9.2 -18.7 2.4
      vertex -54.8 -18.7 1.9
      vertex -9.2 -18.7 1.9
    endloop
  endfacet
  facet normal 0 1 -0
    outer loop
      vertex -9.2 -37.3 1.9
      vertex -54.8 -37.3 2.4
      vertex -9.2 -37.3 2.4
    endloop
  endfacet
  facet normal 0 1 0
    outer loop
      vertex -54.8 -37.3 2.4
      vertex -9.2 -37.3 1.9
      vertex -54.8 -37.3 1.9
    endloop
  endfacet
  facet normal -1 0 0
    outer loop
      vertex -26.5 -60 2.9
      vertex -26.5 -57.6 8.9
      vertex -26.5 -57.6 2.9
    endloop
  endfacet
  facet normal -1 -0 0
    outer loop
      vertex -26.5 -57.6 8.9
      vertex -26.5 -60 2.9
      vertex -26.5 -60 8.9
    endloop
  endfacet
  facet normal 0 0 -1
    outer loop
      vertex -37.5 -60 8.9
      vertex -26.5 -57.6 8.9
      vertex -26.5 -60 8.9
    endloop
  endfacet
  facet normal -0 0 -1
    outer loop
      vertex -26.5 -57.6 8.9
      vertex -37.5 -60 8.9
      vertex -37.5 -57.6 8.9
    endloop
  endfacet
  facet normal -0 0 1
    outer loop
      vertex -37.5 -57.6 2.9
      vertex -26.5 -60 2.9
      vertex -26.5 -57.6 2.9
    endloop
  endfacet
  facet normal 0 0 1
    outer loop
      vertex -26.5 -60 2.9
      vertex -37.5 -57.6 2.9
      vertex -37.5 -60 2.9
    endloop
  endfacet
  facet normal 1 -0 0
    outer loop
      vertex -37.5 -60 8.9
      vertex -37.5 -57.6 2.9
      vertex -37.5 -57.6 8.9
    endloop
  endfacet
  facet normal 1 0 0
    outer loop
      vertex -37.5 -57.6 2.9
      vertex -37.5 -60 8.9
      vertex -37.5 -60 2.9
    endloop
  endfacet
  facet normal -1 0 0
    outer loop
      vertex 45.3 -40.3 1.9
      vertex 45.3 -19.7 2.4
      vertex 45.3 -19.7 1.9
    endloop
  endfacet
  facet normal -1 -0 0
    outer loop
      vertex 45.3 -19.7 2.4
      vertex 45.3 -40.3 1.9
      vertex 45.3 -40.3 2.4
    endloop
  endfacet
  facet normal -0 0 1
    outer loop
      vertex 14.7 -19.7 1.9
      vertex 45.3 -40.3 1.9
      vertex 45.3 -19.7 1.9
    endloop
  endfacet
  facet normal 0 0 1
    outer loop
      vertex 45.3 -40.3 1.9
      vertex 14.7 -19.7 1.9
      vertex 14.7 -40.3 1.9
    endloop
  endfacet
  facet normal 1 -0 0
    outer loop
      vertex 14.7 -40.3 2.4
      vertex 14.7 -19.7 1.9
      vertex 14.7 -19.7 2.4
    endloop
  endfacet
  facet normal 1 0 0
    outer loop
      vertex 14.7 -19.7 1.9
      vertex 14.7 -40.3 2.4
      vertex 14.7 -40.3 1.9
    endloop
  endfacet
  facet normal 0 -1 0
    outer loop
      vertex 14.7 -19.7 1.9
      vertex 45.3 -19.7 2.4
      vertex 14.7 -19.7 2.4
    endloop
  endfacet
  facet normal 0 -1 -0
    outer loop
      vertex 45.3 -19.7 2.4
      vertex 14.7 -19.7 1.9
      vertex 45.3 -19.7 1.9
    endloop
  endfacet
  facet normal 0 1 -0
    outer loop
      vertex 45.3 -40.3 1.9
      vertex 14.7 -40.3 2.4
      vertex 45.3 -40.3 2.4
    endloop
  endfacet
  facet normal 0 1 0
    outer loop
      vertex 14.7 -40.3 2.4
      vertex 45.3 -40.3 1.9
      vertex 14.7 -40.3 1.9
    endloop
  endfacet
  facet normal -1 0 0
    outer loop
      vertex 56.9 -2.25 1.9
      vertex 56.9 0.799999 2.4
      vertex 56.9 0.799999 1.9
    endloop
  endfacet
  facet normal -1 -0 0
    outer loop
      vertex 56.9 0.799999 2.4
      vertex 56.9 -2.25 1.9
      vertex 56.9 -2.25 2.4
    endloop
  endfacet
  facet normal -1 0 0
    outer loop
      vertex 56.9 -16.8 1.9
      vertex 56.9 -13.75 2.4
      vertex 56.9 -13.75 1.9
    endloop
  endfacet
  facet normal -1 -0 0
    outer loop
      vertex 56.9 -13.75 2.4
      vertex 56.9 -16.8 1.9
      vertex 56.9 -16.8 2.4
    endloop
  endfacet
  facet normal -0 0 1
    outer loop
      vertex 30.3 0.799999 1.9
      vertex 56.9 -2.25 1.9
      vertex 56.9 0.799999 1.9
    endloop
  endfacet
  facet normal 0 0 1
    outer loop
      vertex 56.9 -2.25 1.9
      vertex 30.3 0.799999 1.9
      vertex 56.9 -13.75 1.9
    endloop
  endfacet
  facet normal 0 0 1
    outer loop
      vertex 30.3 -16.8 1.9
      vertex 56.9 -13.75 1.9
      vertex 30.3 0.799999 1.9
    endloop
  endfacet
  facet normal 0 0 1
    outer loop
      vertex 56.9 -13.75 1.9
      vertex 30.3 -16.8 1.9
      vertex 56.9 -16.8 1.9
    endloop
  endfacet
  facet normal -0 0 1
    outer loop
      vertex 56.9 -2.25 1.9
      vertex 60 -13.75 1.9
      vertex 60 -2.25 1.9
    endloop
  endfacet
  facet normal 0 0 1
    outer loop
      vertex 60 -13.75 1.9
      vertex 56.9 -2.25 1.9
      vertex 56.9 -13.75 1.9
    endloop
  endfacet
  facet normal 1 -0 0
    outer loop
      vertex 30.3 -1 2.4
      vertex 30.3 0.799999 1.9
      vertex 30.3 0.799999 2.4
    endloop
  endfacet
  facet normal 1 0 0
    outer loop
      vertex 30.3 -16.8 1.9
      vertex 30.3 -1 2.4
      vertex 30.3 -16.8 2.4
    endloop
  endfacet
  facet normal 1 0 0
    outer loop
      vertex 30.3 -1 2.4
      vertex 30.3 -16.8 1.9
      vertex 30.3 0.799999 1.9
    endloop
  endfacet
  facet normal 0 -1 0
    outer loop
      vertex 30.3 0.799999 1.9
      vertex 50 0.799999 2.4
      vertex 30.3 0.799999 2.4
    endloop
  endfacet
  facet normal 0 -1 0
    outer loop
      vertex 56.9 0.799999 1.9
      vertex 50 0.799999 2.4
      vertex 30.3 0.799999 1.9
    endloop
  endfacet
  facet normal 0 -1 0
    outer loop
      vertex 50 0.799999 2.4
      vertex 56.9 0.799999 1.9
      vertex 56.9 0.799999 2.4
    endloop
  endfacet
  facet normal 0 1 -0
    outer loop
      vertex 56.9 -16.8 1.9
      vertex 30.3 -16.8 2.4
      vertex 56.9 -16.8 2.4
    endloop
  endfacet
  facet normal 0 1 0
    outer loop
      vertex 30.3 -16.8 2.4
      vertex 56.9 -16.8 1.9
      vertex 30.3 -16.8 1.9
    endloop
  endfacet
  facet normal 0 0 -1
    outer loop
      vertex 57.6 -13.75 7.9
      vertex 60 -2.25 7.9
      vertex 60 -13.75 7.9
    endloop
  endfacet
  facet normal -0 0 -1
    outer loop
      vertex 60 -2.25 7.9
      vertex 57.6 -13.75 7.9
      vertex 57.6 -2.25 7.9
    endloop
  endfacet
  facet normal 0 -1 0
    outer loop
      vertex 56.9 -2.25 2.4
      vertex 56.9 -2.25 1.9
      vertex 57.6 -2.25 2.4
    endloop
  endfacet
  facet normal 0 -1 0
    outer loop
      vertex 57.6 -2.25 2.4
      vertex 60 -2.25 7.9
      vertex 57.6 -2.25 7.9
    endloop
  endfacet
  facet normal 0 -1 0
    outer loop
      vertex 57.6 -2.25 2.4
      vertex 60 -2.25 1.9
      vertex 60 -2.25 7.9
    endloop
  endfacet
  facet normal 0 -1 0
    outer loop
      vertex 60 -2.25 1.9
      vertex 57.6 -2.25 2.4
      vertex 56.9 -2.25 1.9
    endloop
  endfacet
  facet normal 0 1 0
    outer loop
      vertex 60 -13.75 7.9
      vertex 57.6 -13.75 2.4
      vertex 57.6 -13.75 7.9
    endloop
  endfacet
  facet normal 0 1 -0
    outer loop
      vertex 60 -13.75 1.9
      vertex 57.6 -13.75 2.4
      vertex 60 -13.75 7.9
    endloop
  endfacet
  facet normal 0 1 0
    outer loop
      vertex 56.9 -13.75 1.9
      vertex 57.6 -13.75 2.4
      vertex 60 -13.75 1.9
    endloop
  endfacet
  facet normal 0 1 0
    outer loop
      vertex 57.6 -13.75 2.4
      vertex 56.9 -13.75 1.9
      vertex 56.9 -13.75 2.4
    endloop
  endfacet
  facet normal 1 0 0
    outer loop
      vertex -11 57.6 4.87164
      vertex -11 60 4.92893
      vertex -11 60 5.47287
    endloop
  endfacet
  facet normal 1 0 0
    outer loop
      vertex -11 57.6 4.87164
      vertex -11 60 5.47287
      vertex -11 57.6 8.45306
    endloop
  endfacet
  facet normal 1 0 0
    outer loop
      vertex -11 60 4.92893
      vertex -11 57.6 4.87164
      vertex -11 58.8284 3.75736
    endloop
  endfacet
  facet normal -0 0.671864 0.740674
    outer loop
      vertex -11 58.8284 3.75736
      vertex 11 57.6 4.87164
      vertex 11 58.8284 3.75736
    endloop
  endfacet
  facet normal 0 0.671864 0.740674
    outer loop
      vertex 11 57.6 4.87164
      vertex -11 58.8284 3.75736
      vertex -11 57.6 4.87164
    endloop
  endfacet
  facet normal 0 -0.707098 0.707116
    outer loop
      vertex -11 58.8284 3.75736
      vertex 11 60 4.92893
      vertex -11 60 4.92893
    endloop
  endfacet
  facet normal 0 -0.707098 0.707116
    outer loop
      vertex 11 60 4.92893
      vertex -11 58.8284 3.75736
      vertex 11 58.8284 3.75736
    endloop
  endfacet
  facet normal 0 -0.778844 -0.627217
    outer loop
      vertex -11 60 5.47287
      vertex 11 57.6 8.45306
      vertex -11 57.6 8.45306
    endloop
  endfacet
  facet normal 0 -0.778844 -0.627217
    outer loop
      vertex 11 57.6 8.45306
      vertex -11 60 5.47287
      vertex 11 60 5.47287
    endloop
  endfacet
  facet normal -1 0 0
    outer loop
      vertex 11 57.6 4.87164
      vertex 11 60 4.92893
      vertex 11 58.8284 3.75736
    endloop
  endfacet
  facet normal -1 -0 0
    outer loop
      vertex 11 60 4.92893
      vertex 11 57.6 4.87164
      vertex 11 60 5.47287
    endloop
  endfacet
  facet normal -1 -0 0
    outer loop
      vertex 11 60 5.47287
      vertex 11 57.6 4.87164
      vertex 11 57.6 8.45306
    endloop
  endfacet
  facet normal 1 0 0
    outer loop
      vertex -11.1 15.4 10.4
      vertex -11.1 1 4.4
      vertex -11.1 15.4 2.4
    endloop
  endfacet
  facet normal 1 0 0
    outer loop
      vertex -11.1 15.4 10.4
      vertex -11.1 -1 4.4
      vertex -11.1 1 4.4
    endloop
  endfacet
  facet normal 1 -0 0
    outer loop
      vertex -11.1 -15.4 10.4
      vertex -11.1 -1 4.4
      vertex -11.1 15.4 10.4
    endloop
  endfacet
  facet normal 1 0 0
    outer loop
      vertex -11.1 -15.4 2.4
      vertex -11.1 -1 4.4
      vertex -11.1 -15.4 10.4
    endloop
  endfacet
  facet normal 1 0 0
    outer loop
      vertex -11.1 -1 4.4
      vertex -11.1 -15.4 2.4
      vertex -11.1 -1 2.4
    endloop
  endfacet
  facet normal 1 0 0
    outer loop
      vertex -11.1 15.4 2.4
      vertex -11.1 1 4.4
      vertex -11.1 1 2.4
    endloop
  endfacet
  facet normal 0 0 1
    outer loop
      vertex -11.1 15.4 10.4
      vertex -13.2 0 10.4
      vertex -11.1 -15.4 10.4
    endloop
  endfacet
  facet normal 0 0 1
    outer loop
      vertex -11.1 15.4 10.4
      vertex -13.2043 0.0882149 10.4
      vertex -13.2 0 10.4
    endloop
  endfacet
  facet normal 0 0 1
    outer loop
      vertex -11.1 15.4 10.4
      vertex -13.2173 0.175581 10.4
      vertex -13.2043 0.0882149 10.4
    endloop
  endfacet
  facet normal 0 0 1
    outer loop
      vertex -11.1 15.4 10.4
      vertex -13.2388 0.261255 10.4
      vertex -13.2173 0.175581 10.4
    endloop
  endfacet
  facet normal 0 0 1
    outer loop
      vertex -11.1 15.4 10.4
      vertex -13.2685 0.344415 10.4
      vertex -13.2388 0.261255 10.4
    endloop
  endfacet
  facet normal 0 0 1
    outer loop
      vertex -11.1 15.4 10.4
      vertex -13.3063 0.424256 10.4
      vertex -13.2685 0.344415 10.4
    endloop
  endfacet
  facet normal 0 0 1
    outer loop
      vertex -11.1 15.4 10.4
      vertex -13.3517 0.500012 10.4
      vertex -13.3063 0.424256 10.4
    endloop
  endfacet
  facet normal 0 0 1
    outer loop
      vertex -11.1 15.4 10.4
      vertex -13.4043 0.570953 10.4
      vertex -13.3517 0.500012 10.4
    endloop
  endfacet
  facet normal 0 0 1
    outer loop
      vertex -11.1 15.4 10.4
      vertex -13.4636 0.636395 10.4
      vertex -13.4043 0.570953 10.4
    endloop
  endfacet
  facet normal 0 0 1
    outer loop
      vertex -11.1 15.4 10.4
      vertex -13.529 0.695709 10.4
      vertex -13.4636 0.636395 10.4
    endloop
  endfacet
  facet normal 0 0 1
    outer loop
      vertex -11.1 15.4 10.4
      vertex -13.6 0.748322 10.4
      vertex -13.529 0.695709 10.4
    endloop
  endfacet
  facet normal 0 0 1
    outer loop
      vertex -11.1 15.4 10.4
      vertex -13.6757 0.793729 10.4
      vertex -13.6 0.748322 10.4
    endloop
  endfacet
  facet normal 0 0 1
    outer loop
      vertex -11.1 15.4 10.4
      vertex -13.7556 0.831491 10.4
      vertex -13.6757 0.793729 10.4
    endloop
  endfacet
  facet normal 0 0 1
    outer loop
      vertex -11.1 15.4 10.4
      vertex -13.8387 0.861246 10.4
      vertex -13.7556 0.831491 10.4
    endloop
  endfacet
  facet normal 0 0 1
    outer loop
      vertex -11.1 15.4 10.4
      vertex -13.9244 0.882707 10.4
      vertex -13.8387 0.861246 10.4
    endloop
  endfacet
  facet normal 0 0 1
    outer loop
      vertex -11.1 15.4 10.4
      vertex -14.0118 0.895666 10.4
      vertex -13.9244 0.882707 10.4
    endloop
  endfacet
  facet normal 0 0 1
    outer loop
      vertex -11.1 15.4 10.4
      vertex -14.1 0.9 10.4
      vertex -14.0118 0.895666 10.4
    endloop
  endfacet
  facet normal -0 0 1
    outer loop
      vertex -17.1 15.4 10.4
      vertex -14.1 0.9 10.4
      vertex -11.1 15.4 10.4
    endloop
  endfacet
  facet normal 0 0 1
    outer loop
      vertex -14.1 0.9 10.4
      vertex -17.1 15.4 10.4
      vertex -14.1882 0.895666 10.4
    endloop
  endfacet
  facet normal 0 0 1
    outer loop
      vertex -14.1882 0.895666 10.4
      vertex -17.1 15.4 10.4
      vertex -14.2756 0.882707 10.4
    endloop
  endfacet
  facet normal 0 0 1
    outer loop
      vertex -14.2756 0.882707 10.4
      vertex -17.1 15.4 10.4
      vertex -14.3613 0.861246 10.4
    endloop
  endfacet
  facet normal 0 0 1
    outer loop
      vertex -14.3613 0.861246 10.4
      vertex -17.1 15.4 10.4
      vertex -14.4444 0.831491 10.4
    endloop
  endfacet
  facet normal 0 0 1
    outer loop
      vertex -14.4444 0.831491 10.4
      vertex -17.1 15.4 10.4
      vertex -14.5243 0.793729 10.4
    endloop
  endfacet
  facet normal 0 0 1
    outer loop
      vertex -14.5243 0.793729 10.4
      vertex -17.1 15.4 10.4
      vertex -14.6 0.748322 10.4
    endloop
  endfacet
  facet normal 0 0 1
    outer loop
      vertex -14.6 0.748322 10.4
      vertex -17.1 15.4 10.4
      vertex -14.671 0.695709 10.4
    endloop
  endfacet
  facet normal 0 0 1
    outer loop
      vertex -14.671 0.695709 10.4
      vertex -17.1 15.4 10.4
      vertex -14.7364 0.636395 10.4
    endloop
  endfacet
  facet normal 0 0 1
    outer loop
      vertex -14.7364 0.636395 10.4
      vertex -17.1 15.4 10.4
      vertex -14.7957 0.570953 10.4
    endloop
  endfacet
  facet normal 0 0 1
    outer loop
      vertex -14.7957 0.570953 10.4
      vertex -17.1 15.4 10.4
      vertex -14.8483 0.500012 10.4
    endloop
  endfacet
  facet normal 0 0 1
    outer loop
      vertex -14.8483 0.500012 10.4
      vertex -17.1 15.4 10.4
      vertex -14.8937 0.424256 10.4
    endloop
  endfacet
  facet normal 0 0 1
    outer loop
      vertex -14.8937 0.424256 10.4
      vertex -17.1 15.4 10.4
      vertex -14.9315 0.344415 10.4
    endloop
  endfacet
  facet normal 0 0 1
    outer loop
      vertex -14.9957 0.0882149 10.4
      vertex -17.1 15.4 10.4
      vertex -15 0 10.4
    endloop
  endfacet
  facet normal 0 0 1
    outer loop
      vertex -14.9827 0.175581 10.4
      vertex -17.1 15.4 10.4
      vertex -14.9957 0.0882149 10.4
    endloop
  endfacet
  facet normal 0 0 1
    outer loop
      vertex -14.9612 0.261255 10.4
      vertex -17.1 15.4 10.4
      vertex -14.9827 0.175581 10.4
    endloop
  endfacet
  facet normal 0 0 1
    outer loop
      vertex -14.9315 0.344415 10.4
      vertex -17.1 15.4 10.4
      vertex -14.9612 0.261255 10.4
    endloop
  endfacet
  facet normal -0 0 1
    outer loop
      vertex -13.2043 -0.0882149 10.4
      vertex -11.1 -15.4 10.4
      vertex -13.2 0 10.4
    endloop
  endfacet
  facet normal -0 0 1
    outer loop
      vertex -13.2173 -0.175581 10.4
      vertex -11.1 -15.4 10.4
      vertex -13.2043 -0.0882149 10.4
    endloop
  endfacet
  facet normal -0 0 1
    outer loop
      vertex -13.2388 -0.261255 10.4
      vertex -11.1 -15.4 10.4
      vertex -13.2173 -0.175581 10.4
    endloop
  endfacet
  facet normal -0 0 1
    outer loop
      vertex -13.2685 -0.344415 10.4
      vertex -11.1 -15.4 10.4
      vertex -13.2388 -0.261255 10.4
    endloop
  endfacet
  facet normal -0 0 1
    outer loop
      vertex -13.3063 -0.424256 10.4
      vertex -11.1 -15.4 10.4
      vertex -13.2685 -0.344415 10.4
    endloop
  endfacet
  facet normal -0 0 1
    outer loop
      vertex -13.3517 -0.500012 10.4
      vertex -11.1 -15.4 10.4
      vertex -13.3063 -0.424256 10.4
    endloop
  endfacet
  facet normal -0 0 1
    outer loop
      vertex -13.4043 -0.570953 10.4
      vertex -11.1 -15.4 10.4
      vertex -13.3517 -0.500012 10.4
    endloop
  endfacet
  facet normal -0 0 1
    outer loop
      vertex -13.4636 -0.636395 10.4
      vertex -11.1 -15.4 10.4
      vertex -13.4043 -0.570953 10.4
    endloop
  endfacet
  facet normal -0 0 1
    outer loop
      vertex -13.529 -0.695709 10.4
      vertex -11.1 -15.4 10.4
      vertex -13.4636 -0.636395 10.4
    endloop
  endfacet
  facet normal -0 0 1
    outer loop
      vertex -13.6 -0.748322 10.4
      vertex -11.1 -15.4 10.4
      vertex -13.529 -0.695709 10.4
    endloop
  endfacet
  facet normal -0 0 1
    outer loop
      vertex -13.6757 -0.793729 10.4
      vertex -11.1 -15.4 10.4
      vertex -13.6 -0.748322 10.4
    endloop
  endfacet
  facet normal -0 0 1
    outer loop
      vertex -13.7556 -0.831491 10.4
      vertex -11.1 -15.4 10.4
      vertex -13.6757 -0.793729 10.4
    endloop
  endfacet
  facet normal -0 0 1
    outer loop
      vertex -13.8387 -0.861246 10.4
      vertex -11.1 -15.4 10.4
      vertex -13.7556 -0.831491 10.4
    endloop
  endfacet
  facet normal -0 0 1
    outer loop
      vertex -13.9244 -0.882707 10.4
      vertex -11.1 -15.4 10.4
      vertex -13.8387 -0.861246 10.4
    endloop
  endfacet
  facet normal -0 0 1
    outer loop
      vertex -14.0118 -0.895666 10.4
      vertex -11.1 -15.4 10.4
      vertex -13.9244 -0.882707 10.4
    endloop
  endfacet
  facet normal -0 0 1
    outer loop
      vertex -14.1 -0.9 10.4
      vertex -11.1 -15.4 10.4
      vertex -14.0118 -0.895666 10.4
    endloop
  endfacet
  facet normal 0 0 1
    outer loop
      vertex -17.1 -15.4 10.4
      vertex -14.1 -0.9 10.4
      vertex -14.1882 -0.895666 10.4
    endloop
  endfacet
  facet normal 0 0 1
    outer loop
      vertex -17.1 -15.4 10.4
      vertex -14.1882 -0.895666 10.4
      vertex -14.2756 -0.882707 10.4
    endloop
  endfacet
  facet normal 0 0 1
    outer loop
      vertex -17.1 -15.4 10.4
      vertex -14.2756 -0.882707 10.4
      vertex -14.3613 -0.861246 10.4
    endloop
  endfacet
  facet normal 0 0 1
    outer loop
      vertex -17.1 -15.4 10.4
      vertex -14.3613 -0.861246 10.4
      vertex -14.4444 -0.831491 10.4
    endloop
  endfacet
  facet normal 0 0 1
    outer loop
      vertex -17.1 -15.4 10.4
      vertex -14.4444 -0.831491 10.4
      vertex -14.5243 -0.793729 10.4
    endloop
  endfacet
  facet normal 0 0 1
    outer loop
      vertex -17.1 -15.4 10.4
      vertex -14.5243 -0.793729 10.4
      vertex -14.6 -0.748322 10.4
    endloop
  endfacet
  facet normal 0 0 1
    outer loop
      vertex -17.1 -15.4 10.4
      vertex -14.6 -0.748322 10.4
      vertex -14.671 -0.695709 10.4
    endloop
  endfacet
  facet normal 0 0 1
    outer loop
      vertex -17.1 -15.4 10.4
      vertex -14.671 -0.695709 10.4
      vertex -14.7364 -0.636395 10.4
    endloop
  endfacet
  facet normal 0 0 1
    outer loop
      vertex -17.1 -15.4 10.4
      vertex -14.7364 -0.636395 10.4
      vertex -14.7957 -0.570953 10.4
    endloop
  endfacet
  facet normal 0 0 1
    outer loop
      vertex -17.1 -15.4 10.4
      vertex -14.7957 -0.570953 10.4
      vertex -14.8483 -0.500012 10.4
    endloop
  endfacet
  facet normal 0 0 1
    outer loop
      vertex -17.1 -15.4 10.4
      vertex -14.8483 -0.500012 10.4
      vertex -14.8937 -0.424256 10.4
    endloop
  endfacet
  facet normal 0 0 1
    outer loop
      vertex -17.1 -15.4 10.4
      vertex -14.8937 -0.424256 10.4
      vertex -14.9315 -0.344415 10.4
    endloop
  endfacet
  facet normal 0 0 1
    outer loop
      vertex -17.1 -15.4 10.4
      vertex -14.9315 -0.344415 10.4
      vertex -14.9612 -0.261255 10.4
    endloop
  endfacet
  facet normal 0 0 1
    outer loop
      vertex -17.1 -15.4 10.4
      vertex -15 0 10.4
      vertex -17.1 15.4 10.4
    endloop
  endfacet
  facet normal 0 0 1
    outer loop
      vertex -14.1 -0.9 10.4
      vertex -17.1 -15.4 10.4
      vertex -11.1 -15.4 10.4
    endloop
  endfacet
  facet normal 0 0 1
    outer loop
      vertex -14.9827 -0.175581 10.4
      vertex -17.1 -15.4 10.4
      vertex -14.9612 -0.261255 10.4
    endloop
  endfacet
  facet normal 0 0 1
    outer loop
      vertex -14.9957 -0.0882149 10.4
      vertex -17.1 -15.4 10.4
      vertex -14.9827 -0.175581 10.4
    endloop
  endfacet
  facet normal 0 0 1
    outer loop
      vertex -15 0 10.4
      vertex -17.1 -15.4 10.4
      vertex -14.9957 -0.0882149 10.4
    endloop
  endfacet
  facet normal 0 0 -1
    outer loop
      vertex -17.1 1 2.4
      vertex -11.1 15.4 2.4
      vertex -11.1 1 2.4
    endloop
  endfacet
  facet normal -0 0 -1
    outer loop
      vertex -11.1 15.4 2.4
      vertex -17.1 1 2.4
      vertex -17.1 15.4 2.4
    endloop
  endfacet
  facet normal 0 0 -1
    outer loop
      vertex -17.1 -15.4 2.4
      vertex -11.1 -1 2.4
      vertex -11.1 -15.4 2.4
    endloop
  endfacet
  facet normal -0 0 -1
    outer loop
      vertex -11.1 -1 2.4
      vertex -17.1 -15.4 2.4
      vertex -17.1 -1 2.4
    endloop
  endfacet
  facet normal -1 0 0
    outer loop
      vertex -17.1 -1 2.4
      vertex -17.1 -15.4 2.4
      vertex -17.1 -1 4.4
    endloop
  endfacet
  facet normal -1 0 0
    outer loop
      vertex -17.1 1 4.4
      vertex -17.1 15.4 2.4
      vertex -17.1 1 2.4
    endloop
  endfacet
  facet normal -1 0 0
    outer loop
      vertex -17.1 15.4 2.4
      vertex -17.1 1 4.4
      vertex -17.1 15.4 10.4
    endloop
  endfacet
  facet normal -1 0 0
    outer loop
      vertex -17.1 -1 4.4
      vertex -17.1 15.4 10.4
      vertex -17.1 1 4.4
    endloop
  endfacet
  facet normal -1 0 0
    outer loop
      vertex -17.1 -15.4 10.4
      vertex -17.1 -1 4.4
      vertex -17.1 -15.4 2.4
    endloop
  endfacet
  facet normal -1 0 0
    outer loop
      vertex -17.1 -1 4.4
      vertex -17.1 -15.4 10.4
      vertex -17.1 15.4 10.4
    endloop
  endfacet
  facet normal 0 1 -0
    outer loop
      vertex -11.1 15.4 2.4
      vertex -17.1 15.4 10.4
      vertex -11.1 15.4 10.4
    endloop
  endfacet
  facet normal 0 1 0
    outer loop
      vertex -17.1 15.4 10.4
      vertex -11.1 15.4 2.4
      vertex -17.1 15.4 2.4
    endloop
  endfacet
  facet normal 0 -1 0
    outer loop
      vertex -17.1 -15.4 2.4
      vertex -11.1 -15.4 10.4
      vertex -17.1 -15.4 10.4
    endloop
  endfacet
  facet normal 0 -1 -0
    outer loop
      vertex -11.1 -15.4 10.4
      vertex -17.1 -15.4 2.4
      vertex -11.1 -15.4 2.4
    endloop
  endfacet
  facet normal -0.98911 -0.147179 0
    outer loop
      vertex -13.2043 0.0882149 4.4
      vertex -13.2173 0.175581 10.4
      vertex -13.2173 0.175581 4.4
    endloop
  endfacet
  facet normal -0.98911 -0.147179 0
    outer loop
      vertex -13.2173 0.175581 10.4
      vertex -13.2043 0.0882149 4.4
      vertex -13.2043 0.0882149 10.4
    endloop
  endfacet
  facet normal -0.998814 -0.0486868 0
    outer loop
      vertex -13.2 0 4.4
      vertex -13.2043 0.0882149 10.4
      vertex -13.2043 0.0882149 4.4
    endloop
  endfacet
  facet normal -0.998814 -0.0486868 0
    outer loop
      vertex -13.2043 0.0882149 10.4
      vertex -13.2 0 4.4
      vertex -13.2 0 10.4
    endloop
  endfacet
  facet normal -0.969925 -0.243404 0
    outer loop
      vertex -13.2173 0.175581 4.4
      vertex -13.2388 0.261255 10.4
      vertex -13.2388 0.261255 4.4
    endloop
  endfacet
  facet normal -0.969925 -0.243404 0
    outer loop
      vertex -13.2388 0.261255 10.4
      vertex -13.2173 0.175581 4.4
      vertex -13.2173 0.175581 10.4
    endloop
  endfacet
  facet normal -0.998814 0.0486868 0
    outer loop
      vertex -13.2043 -0.0882149 4.4
      vertex -13.2 0 10.4
      vertex -13.2 0 4.4
    endloop
  endfacet
  facet normal -0.998814 0.0486868 0
    outer loop
      vertex -13.2 0 10.4
      vertex -13.2043 -0.0882149 4.4
      vertex -13.2043 -0.0882149 10.4
    endloop
  endfacet
  facet normal -0.242919 -0.970047 0
    outer loop
      vertex -13.9244 0.882707 4.4
      vertex -13.8387 0.861246 10.4
      vertex -13.9244 0.882707 10.4
    endloop
  endfacet
  facet normal -0.242919 -0.970047 -0
    outer loop
      vertex -13.8387 0.861246 10.4
      vertex -13.9244 0.882707 4.4
      vertex -13.8387 0.861246 4.4
    endloop
  endfacet
  facet normal -0.941742 0.336336 0
    outer loop
      vertex -13.2685 -0.344415 4.4
      vertex -13.2388 -0.261255 10.4
      vertex -13.2388 -0.261255 4.4
    endloop
  endfacet
  facet normal -0.941742 0.336336 0
    outer loop
      vertex -13.2388 -0.261255 10.4
      vertex -13.2685 -0.344415 4.4
      vertex -13.2685 -0.344415 10.4
    endloop
  endfacet
  facet normal 0.337104 -0.941467 0
    outer loop
      vertex -14.4444 0.831491 4.4
      vertex -14.3613 0.861246 10.4
      vertex -14.4444 0.831491 10.4
    endloop
  endfacet
  facet normal 0.337104 -0.941467 0
    outer loop
      vertex -14.3613 0.861246 10.4
      vertex -14.4444 0.831491 4.4
      vertex -14.3613 0.861246 4.4
    endloop
  endfacet
  facet normal -0.146669 0.989186 0
    outer loop
      vertex -13.9244 -0.882707 4.4
      vertex -14.0118 -0.895666 10.4
      vertex -13.9244 -0.882707 10.4
    endloop
  endfacet
  facet normal -0.146669 0.989186 0
    outer loop
      vertex -14.0118 -0.895666 10.4
      vertex -13.9244 -0.882707 4.4
      vertex -14.0118 -0.895666 4.4
    endloop
  endfacet
  facet normal 0.903823 0.427907 0
    outer loop
      vertex -14.8937 -0.424256 10.4
      vertex -14.9315 -0.344415 4.4
      vertex -14.9315 -0.344415 10.4
    endloop
  endfacet
  facet normal 0.903823 0.427907 0
    outer loop
      vertex -14.9315 -0.344415 4.4
      vertex -14.8937 -0.424256 10.4
      vertex -14.8937 -0.424256 4.4
    endloop
  endfacet
  facet normal 0.903823 -0.427907 0
    outer loop
      vertex -14.9315 0.344415 10.4
      vertex -14.8937 0.424256 4.4
      vertex -14.8937 0.424256 10.4
    endloop
  endfacet
  facet normal 0.903823 -0.427907 0
    outer loop
      vertex -14.8937 0.424256 4.4
      vertex -14.9315 0.344415 10.4
      vertex -14.9315 0.344415 4.4
    endloop
  endfacet
  facet normal -0.671801 -0.740732 0
    outer loop
      vertex -13.529 0.695709 4.4
      vertex -13.4636 0.636395 10.4
      vertex -13.529 0.695709 10.4
    endloop
  endfacet
  facet normal -0.671801 -0.740732 -0
    outer loop
      vertex -13.4636 0.636395 10.4
      vertex -13.529 0.695709 4.4
      vertex -13.4636 0.636395 4.4
    endloop
  endfacet
  facet normal 0.671801 -0.740732 0
    outer loop
      vertex -14.7364 0.636395 4.4
      vertex -14.671 0.695709 10.4
      vertex -14.7364 0.636395 10.4
    endloop
  endfacet
  facet normal 0.671801 -0.740732 0
    outer loop
      vertex -14.671 0.695709 10.4
      vertex -14.7364 0.636395 4.4
      vertex -14.671 0.695709 4.4
    endloop
  endfacet
  facet normal 0.242919 -0.970047 0
    outer loop
      vertex -14.3613 0.861246 4.4
      vertex -14.2756 0.882707 10.4
      vertex -14.3613 0.861246 10.4
    endloop
  endfacet
  facet normal 0.242919 -0.970047 0
    outer loop
      vertex -14.2756 0.882707 10.4
      vertex -14.3613 0.861246 4.4
      vertex -14.2756 0.882707 4.4
    endloop
  endfacet
  facet normal -0.903823 0.427907 0
    outer loop
      vertex -13.3063 -0.424256 4.4
      vertex -13.2685 -0.344415 10.4
      vertex -13.2685 -0.344415 4.4
    endloop
  endfacet
  facet normal -0.903823 0.427907 0
    outer loop
      vertex -13.2685 -0.344415 10.4
      vertex -13.3063 -0.424256 4.4
      vertex -13.3063 -0.424256 10.4
    endloop
  endfacet
  facet normal 0.80328 0.595601 0
    outer loop
      vertex -14.7957 -0.570953 10.4
      vertex -14.8483 -0.500012 4.4
      vertex -14.8483 -0.500012 10.4
    endloop
  endfacet
  facet normal 0.80328 0.595601 0
    outer loop
      vertex -14.8483 -0.500012 4.4
      vertex -14.7957 -0.570953 10.4
      vertex -14.7957 -0.570953 4.4
    endloop
  endfacet
  facet normal 0.595377 -0.803447 0
    outer loop
      vertex -14.671 0.695709 4.4
      vertex -14.6 0.748322 10.4
      vertex -14.671 0.695709 10.4
    endloop
  endfacet
  facet normal 0.595377 -0.803447 0
    outer loop
      vertex -14.6 0.748322 10.4
      vertex -14.671 0.695709 4.4
      vertex -14.6 0.748322 4.4
    endloop
  endfacet
  facet normal -0.98911 0.147179 0
    outer loop
      vertex -13.2173 -0.175581 4.4
      vertex -13.2043 -0.0882149 10.4
      vertex -13.2043 -0.0882149 4.4
    endloop
  endfacet
  facet normal -0.98911 0.147179 0
    outer loop
      vertex -13.2043 -0.0882149 10.4
      vertex -13.2173 -0.175581 4.4
      vertex -13.2173 -0.175581 10.4
    endloop
  endfacet
  facet normal 0.98911 0.147179 0
    outer loop
      vertex -14.9827 -0.175581 10.4
      vertex -14.9957 -0.0882149 4.4
      vertex -14.9957 -0.0882149 10.4
    endloop
  endfacet
  facet normal 0.98911 0.147179 0
    outer loop
      vertex -14.9957 -0.0882149 4.4
      vertex -14.9827 -0.175581 10.4
      vertex -14.9827 -0.175581 4.4
    endloop
  endfacet
  facet normal 0.80328 -0.595601 0
    outer loop
      vertex -14.8483 0.500012 10.4
      vertex -14.7957 0.570953 4.4
      vertex -14.7957 0.570953 10.4
    endloop
  endfacet
  facet normal 0.80328 -0.595601 0
    outer loop
      vertex -14.7957 0.570953 4.4
      vertex -14.8483 0.500012 10.4
      vertex -14.8483 0.500012 4.4
    endloop
  endfacet
  facet normal -0.514387 0.857558 0
    outer loop
      vertex -13.6 -0.748322 4.4
      vertex -13.6757 -0.793729 10.4
      vertex -13.6 -0.748322 10.4
    endloop
  endfacet
  facet normal -0.514387 0.857558 0
    outer loop
      vertex -13.6757 -0.793729 10.4
      vertex -13.6 -0.748322 4.4
      vertex -13.6757 -0.793729 4.4
    endloop
  endfacet
  facet normal 0.741025 0.671477 0
    outer loop
      vertex -14.7364 -0.636395 10.4
      vertex -14.7957 -0.570953 4.4
      vertex -14.7957 -0.570953 10.4
    endloop
  endfacet
  facet normal 0.741025 0.671477 0
    outer loop
      vertex -14.7957 -0.570953 4.4
      vertex -14.7364 -0.636395 10.4
      vertex -14.7364 -0.636395 4.4
    endloop
  endfacet
  facet normal 0.0490791 0.998795 -0
    outer loop
      vertex -14.1 -0.9 4.4
      vertex -14.1882 -0.895666 10.4
      vertex -14.1 -0.9 10.4
    endloop
  endfacet
  facet normal 0.0490791 0.998795 0
    outer loop
      vertex -14.1882 -0.895666 10.4
      vertex -14.1 -0.9 4.4
      vertex -14.1882 -0.895666 4.4
    endloop
  endfacet
  facet normal -0.595377 0.803447 0
    outer loop
      vertex -13.529 -0.695709 4.4
      vertex -13.6 -0.748322 10.4
      vertex -13.529 -0.695709 10.4
    endloop
  endfacet
  facet normal -0.595377 0.803447 0
    outer loop
      vertex -13.6 -0.748322 10.4
      vertex -13.529 -0.695709 4.4
      vertex -13.6 -0.748322 4.4
    endloop
  endfacet
  facet normal -0.903823 -0.427907 0
    outer loop
      vertex -13.2685 0.344415 4.4
      vertex -13.3063 0.424256 10.4
      vertex -13.3063 0.424256 4.4
    endloop
  endfacet
  facet normal -0.903823 -0.427907 0
    outer loop
      vertex -13.3063 0.424256 10.4
      vertex -13.2685 0.344415 4.4
      vertex -13.2685 0.344415 10.4
    endloop
  endfacet
  facet normal -0.0490791 0.998795 0
    outer loop
      vertex -14.0118 -0.895666 4.4
      vertex -14.1 -0.9 10.4
      vertex -14.0118 -0.895666 10.4
    endloop
  endfacet
  facet normal -0.0490791 0.998795 0
    outer loop
      vertex -14.1 -0.9 10.4
      vertex -14.0118 -0.895666 4.4
      vertex -14.1 -0.9 4.4
    endloop
  endfacet
  facet normal 0.98911 -0.147179 0
    outer loop
      vertex -14.9957 0.0882149 10.4
      vertex -14.9827 0.175581 4.4
      vertex -14.9827 0.175581 10.4
    endloop
  endfacet
  facet normal 0.98911 -0.147179 0
    outer loop
      vertex -14.9827 0.175581 4.4
      vertex -14.9957 0.0882149 10.4
      vertex -14.9957 0.0882149 4.4
    endloop
  endfacet
  facet normal -0.80328 -0.595601 0
    outer loop
      vertex -13.3517 0.500012 4.4
      vertex -13.4043 0.570953 10.4
      vertex -13.4043 0.570953 4.4
    endloop
  endfacet
  facet normal -0.80328 -0.595601 0
    outer loop
      vertex -13.4043 0.570953 10.4
      vertex -13.3517 0.500012 4.4
      vertex -13.3517 0.500012 10.4
    endloop
  endfacet
  facet normal -0.671801 0.740732 0
    outer loop
      vertex -13.4636 -0.636395 4.4
      vertex -13.529 -0.695709 10.4
      vertex -13.4636 -0.636395 10.4
    endloop
  endfacet
  facet normal -0.671801 0.740732 0
    outer loop
      vertex -13.529 -0.695709 10.4
      vertex -13.4636 -0.636395 4.4
      vertex -13.529 -0.695709 4.4
    endloop
  endfacet
  facet normal -0.80328 0.595601 0
    outer loop
      vertex -13.4043 -0.570953 4.4
      vertex -13.3517 -0.500012 10.4
      vertex -13.3517 -0.500012 4.4
    endloop
  endfacet
  facet normal -0.80328 0.595601 0
    outer loop
      vertex -13.3517 -0.500012 10.4
      vertex -13.4043 -0.570953 4.4
      vertex -13.4043 -0.570953 10.4
    endloop
  endfacet
  facet normal -0.427297 -0.904111 0
    outer loop
      vertex -13.7556 0.831491 4.4
      vertex -13.6757 0.793729 10.4
      vertex -13.7556 0.831491 10.4
    endloop
  endfacet
  facet normal -0.427297 -0.904111 -0
    outer loop
      vertex -13.6757 0.793729 10.4
      vertex -13.7556 0.831491 4.4
      vertex -13.6757 0.793729 4.4
    endloop
  endfacet
  facet normal 0.146669 0.989186 -0
    outer loop
      vertex -14.1882 -0.895666 4.4
      vertex -14.2756 -0.882707 10.4
      vertex -14.1882 -0.895666 10.4
    endloop
  endfacet
  facet normal 0.146669 0.989186 0
    outer loop
      vertex -14.2756 -0.882707 10.4
      vertex -14.1882 -0.895666 4.4
      vertex -14.2756 -0.882707 4.4
    endloop
  endfacet
  facet normal -0.514387 -0.857558 0
    outer loop
      vertex -13.6757 0.793729 4.4
      vertex -13.6 0.748322 10.4
      vertex -13.6757 0.793729 10.4
    endloop
  endfacet
  facet normal -0.514387 -0.857558 -0
    outer loop
      vertex -13.6 0.748322 10.4
      vertex -13.6757 0.793729 4.4
      vertex -13.6 0.748322 4.4
    endloop
  endfacet
  facet normal -0.941742 -0.336336 0
    outer loop
      vertex -13.2388 0.261255 4.4
      vertex -13.2685 0.344415 10.4
      vertex -13.2685 0.344415 4.4
    endloop
  endfacet
  facet normal -0.941742 -0.336336 0
    outer loop
      vertex -13.2685 0.344415 10.4
      vertex -13.2388 0.261255 4.4
      vertex -13.2388 0.261255 10.4
    endloop
  endfacet
  facet normal -0.741025 -0.671477 0
    outer loop
      vertex -13.4043 0.570953 4.4
      vertex -13.4636 0.636395 10.4
      vertex -13.4636 0.636395 4.4
    endloop
  endfacet
  facet normal -0.741025 -0.671477 0
    outer loop
      vertex -13.4636 0.636395 10.4
      vertex -13.4043 0.570953 4.4
      vertex -13.4043 0.570953 10.4
    endloop
  endfacet
  facet normal 0.242919 0.970047 -0
    outer loop
      vertex -14.2756 -0.882707 4.4
      vertex -14.3613 -0.861246 10.4
      vertex -14.2756 -0.882707 10.4
    endloop
  endfacet
  facet normal 0.242919 0.970047 0
    outer loop
      vertex -14.3613 -0.861246 10.4
      vertex -14.2756 -0.882707 4.4
      vertex -14.3613 -0.861246 4.4
    endloop
  endfacet
  facet normal -0.595377 -0.803447 0
    outer loop
      vertex -13.6 0.748322 4.4
      vertex -13.529 0.695709 10.4
      vertex -13.6 0.748322 10.4
    endloop
  endfacet
  facet normal -0.595377 -0.803447 -0
    outer loop
      vertex -13.529 0.695709 10.4
      vertex -13.6 0.748322 4.4
      vertex -13.529 0.695709 4.4
    endloop
  endfacet
  facet normal -0.427297 0.904111 0
    outer loop
      vertex -13.6757 -0.793729 4.4
      vertex -13.7556 -0.831491 10.4
      vertex -13.6757 -0.793729 10.4
    endloop
  endfacet
  facet normal -0.427297 0.904111 0
    outer loop
      vertex -13.7556 -0.831491 10.4
      vertex -13.6757 -0.793729 4.4
      vertex -13.7556 -0.831491 4.4
    endloop
  endfacet
  facet normal -0.337104 -0.941467 0
    outer loop
      vertex -13.8387 0.861246 4.4
      vertex -13.7556 0.831491 10.4
      vertex -13.8387 0.861246 10.4
    endloop
  endfacet
  facet normal -0.337104 -0.941467 -0
    outer loop
      vertex -13.7556 0.831491 10.4
      vertex -13.8387 0.861246 4.4
      vertex -13.7556 0.831491 4.4
    endloop
  endfacet
  facet normal 0.146669 -0.989186 0
    outer loop
      vertex -14.2756 0.882707 4.4
      vertex -14.1882 0.895666 10.4
      vertex -14.2756 0.882707 10.4
    endloop
  endfacet
  facet normal 0.146669 -0.989186 0
    outer loop
      vertex -14.1882 0.895666 10.4
      vertex -14.2756 0.882707 4.4
      vertex -14.1882 0.895666 4.4
    endloop
  endfacet
  facet normal -0.969925 0.243404 0
    outer loop
      vertex -13.2388 -0.261255 4.4
      vertex -13.2173 -0.175581 10.4
      vertex -13.2173 -0.175581 4.4
    endloop
  endfacet
  facet normal -0.969925 0.243404 0
    outer loop
      vertex -13.2173 -0.175581 10.4
      vertex -13.2388 -0.261255 4.4
      vertex -13.2388 -0.261255 10.4
    endloop
  endfacet
  facet normal 0.427297 -0.904111 0
    outer loop
      vertex -14.5243 0.793729 4.4
      vertex -14.4444 0.831491 10.4
      vertex -14.5243 0.793729 10.4
    endloop
  endfacet
  facet normal 0.427297 -0.904111 0
    outer loop
      vertex -14.4444 0.831491 10.4
      vertex -14.5243 0.793729 4.4
      vertex -14.4444 0.831491 4.4
    endloop
  endfacet
  facet normal -0.857761 -0.514049 0
    outer loop
      vertex -13.3063 0.424256 4.4
      vertex -13.3517 0.500012 10.4
      vertex -13.3517 0.500012 4.4
    endloop
  endfacet
  facet normal -0.857761 -0.514049 0
    outer loop
      vertex -13.3517 0.500012 10.4
      vertex -13.3063 0.424256 4.4
      vertex -13.3063 0.424256 10.4
    endloop
  endfacet
  facet normal -0.242919 0.970047 0
    outer loop
      vertex -13.8387 -0.861246 4.4
      vertex -13.9244 -0.882707 10.4
      vertex -13.8387 -0.861246 10.4
    endloop
  endfacet
  facet normal -0.242919 0.970047 0
    outer loop
      vertex -13.9244 -0.882707 10.4
      vertex -13.8387 -0.861246 4.4
      vertex -13.9244 -0.882707 4.4
    endloop
  endfacet
  facet normal 0.969925 0.243404 0
    outer loop
      vertex -14.9612 -0.261255 10.4
      vertex -14.9827 -0.175581 4.4
      vertex -14.9827 -0.175581 10.4
    endloop
  endfacet
  facet normal 0.969925 0.243404 0
    outer loop
      vertex -14.9827 -0.175581 4.4
      vertex -14.9612 -0.261255 10.4
      vertex -14.9612 -0.261255 4.4
    endloop
  endfacet
  facet normal 0.337104 0.941467 -0
    outer loop
      vertex -14.3613 -0.861246 4.4
      vertex -14.4444 -0.831491 10.4
      vertex -14.3613 -0.861246 10.4
    endloop
  endfacet
  facet normal 0.337104 0.941467 0
    outer loop
      vertex -14.4444 -0.831491 10.4
      vertex -14.3613 -0.861246 4.4
      vertex -14.4444 -0.831491 4.4
    endloop
  endfacet
  facet normal 0.514387 -0.857558 0
    outer loop
      vertex -14.6 0.748322 4.4
      vertex -14.5243 0.793729 10.4
      vertex -14.6 0.748322 10.4
    endloop
  endfacet
  facet normal 0.514387 -0.857558 0
    outer loop
      vertex -14.5243 0.793729 10.4
      vertex -14.6 0.748322 4.4
      vertex -14.5243 0.793729 4.4
    endloop
  endfacet
  facet normal 0.514387 0.857558 -0
    outer loop
      vertex -14.5243 -0.793729 4.4
      vertex -14.6 -0.748322 10.4
      vertex -14.5243 -0.793729 10.4
    endloop
  endfacet
  facet normal 0.514387 0.857558 0
    outer loop
      vertex -14.6 -0.748322 10.4
      vertex -14.5243 -0.793729 4.4
      vertex -14.6 -0.748322 4.4
    endloop
  endfacet
  facet normal 0.671801 0.740732 -0
    outer loop
      vertex -14.671 -0.695709 4.4
      vertex -14.7364 -0.636395 10.4
      vertex -14.671 -0.695709 10.4
    endloop
  endfacet
  facet normal 0.671801 0.740732 0
    outer loop
      vertex -14.7364 -0.636395 10.4
      vertex -14.671 -0.695709 4.4
      vertex -14.7364 -0.636395 4.4
    endloop
  endfacet
  facet normal -0.337104 0.941467 0
    outer loop
      vertex -13.7556 -0.831491 4.4
      vertex -13.8387 -0.861246 10.4
      vertex -13.7556 -0.831491 10.4
    endloop
  endfacet
  facet normal -0.337104 0.941467 0
    outer loop
      vertex -13.8387 -0.861246 10.4
      vertex -13.7556 -0.831491 4.4
      vertex -13.8387 -0.861246 4.4
    endloop
  endfacet
  facet normal 0.741025 -0.671477 0
    outer loop
      vertex -14.7957 0.570953 10.4
      vertex -14.7364 0.636395 4.4
      vertex -14.7364 0.636395 10.4
    endloop
  endfacet
  facet normal 0.741025 -0.671477 0
    outer loop
      vertex -14.7364 0.636395 4.4
      vertex -14.7957 0.570953 10.4
      vertex -14.7957 0.570953 4.4
    endloop
  endfacet
  facet normal -0.0490791 -0.998795 0
    outer loop
      vertex -14.1 0.9 4.4
      vertex -14.0118 0.895666 10.4
      vertex -14.1 0.9 10.4
    endloop
  endfacet
  facet normal -0.0490791 -0.998795 -0
    outer loop
      vertex -14.0118 0.895666 10.4
      vertex -14.1 0.9 4.4
      vertex -14.0118 0.895666 4.4
    endloop
  endfacet
  facet normal 0.998814 0.0486868 0
    outer loop
      vertex -14.9957 -0.0882149 10.4
      vertex -15 0 4.4
      vertex -15 0 10.4
    endloop
  endfacet
  facet normal 0.998814 0.0486868 0
    outer loop
      vertex -15 0 4.4
      vertex -14.9957 -0.0882149 10.4
      vertex -14.9957 -0.0882149 4.4
    endloop
  endfacet
  facet normal -0.741025 0.671477 0
    outer loop
      vertex -13.4636 -0.636395 4.4
      vertex -13.4043 -0.570953 10.4
      vertex -13.4043 -0.570953 4.4
    endloop
  endfacet
  facet normal -0.741025 0.671477 0
    outer loop
      vertex -13.4043 -0.570953 10.4
      vertex -13.4636 -0.636395 4.4
      vertex -13.4636 -0.636395 10.4
    endloop
  endfacet
  facet normal -0.857761 0.514049 0
    outer loop
      vertex -13.3517 -0.500012 4.4
      vertex -13.3063 -0.424256 10.4
      vertex -13.3063 -0.424256 4.4
    endloop
  endfacet
  facet normal -0.857761 0.514049 0
    outer loop
      vertex -13.3063 -0.424256 10.4
      vertex -13.3517 -0.500012 4.4
      vertex -13.3517 -0.500012 10.4
    endloop
  endfacet
  facet normal 0.941742 0.336336 0
    outer loop
      vertex -14.9315 -0.344415 10.4
      vertex -14.9612 -0.261255 4.4
      vertex -14.9612 -0.261255 10.4
    endloop
  endfacet
  facet normal 0.941742 0.336336 0
    outer loop
      vertex -14.9612 -0.261255 4.4
      vertex -14.9315 -0.344415 10.4
      vertex -14.9315 -0.344415 4.4
    endloop
  endfacet
  facet normal 0.0490791 -0.998795 0
    outer loop
      vertex -14.1882 0.895666 4.4
      vertex -14.1 0.9 10.4
      vertex -14.1882 0.895666 10.4
    endloop
  endfacet
  facet normal 0.0490791 -0.998795 0
    outer loop
      vertex -14.1 0.9 10.4
      vertex -14.1882 0.895666 4.4
      vertex -14.1 0.9 4.4
    endloop
  endfacet
  facet normal 0.595377 0.803447 -0
    outer loop
      vertex -14.6 -0.748322 4.4
      vertex -14.671 -0.695709 10.4
      vertex -14.6 -0.748322 10.4
    endloop
  endfacet
  facet normal 0.595377 0.803447 0
    outer loop
      vertex -14.671 -0.695709 10.4
      vertex -14.6 -0.748322 4.4
      vertex -14.671 -0.695709 4.4
    endloop
  endfacet
  facet normal 0.941742 -0.336336 0
    outer loop
      vertex -14.9612 0.261255 10.4
      vertex -14.9315 0.344415 4.4
      vertex -14.9315 0.344415 10.4
    endloop
  endfacet
  facet normal 0.941742 -0.336336 0
    outer loop
      vertex -14.9315 0.344415 4.4
      vertex -14.9612 0.261255 10.4
      vertex -14.9612 0.261255 4.4
    endloop
  endfacet
  facet normal 0.969925 -0.243404 0
    outer loop
      vertex -14.9827 0.175581 10.4
      vertex -14.9612 0.261255 4.4
      vertex -14.9612 0.261255 10.4
    endloop
  endfacet
  facet normal 0.969925 -0.243404 0
    outer loop
      vertex -14.9612 0.261255 4.4
      vertex -14.9827 0.175581 10.4
      vertex -14.9827 0.175581 4.4
    endloop
  endfacet
  facet normal 0.998814 -0.0486868 0
    outer loop
      vertex -15 0 10.4
      vertex -14.9957 0.0882149 4.4
      vertex -14.9957 0.0882149 10.4
    endloop
  endfacet
  facet normal 0.998814 -0.0486868 0
    outer loop
      vertex -14.9957 0.0882149 4.4
      vertex -15 0 10.4
      vertex -15 0 4.4
    endloop
  endfacet
  facet normal 0.427297 0.904111 -0
    outer loop
      vertex -14.4444 -0.831491 4.4
      vertex -14.5243 -0.793729 10.4
      vertex -14.4444 -0.831491 10.4
    endloop
  endfacet
  facet normal 0.427297 0.904111 0
    outer loop
      vertex -14.5243 -0.793729 10.4
      vertex -14.4444 -0.831491 4.4
      vertex -14.5243 -0.793729 4.4
    endloop
  endfacet
  facet normal 0.857761 0.514049 0
    outer loop
      vertex -14.8483 -0.500012 10.4
      vertex -14.8937 -0.424256 4.4
      vertex -14.8937 -0.424256 10.4
    endloop
  endfacet
  facet normal 0.857761 0.514049 0
    outer loop
      vertex -14.8937 -0.424256 4.4
      vertex -14.8483 -0.500012 10.4
      vertex -14.8483 -0.500012 4.4
    endloop
  endfacet
  facet normal -0.146669 -0.989186 0
    outer loop
      vertex -14.0118 0.895666 4.4
      vertex -13.9244 0.882707 10.4
      vertex -14.0118 0.895666 10.4
    endloop
  endfacet
  facet normal -0.146669 -0.989186 -0
    outer loop
      vertex -13.9244 0.882707 10.4
      vertex -14.0118 0.895666 4.4
      vertex -13.9244 0.882707 4.4
    endloop
  endfacet
  facet normal 0.857761 -0.514049 0
    outer loop
      vertex -14.8937 0.424256 10.4
      vertex -14.8483 0.500012 4.4
      vertex -14.8483 0.500012 10.4
    endloop
  endfacet
  facet normal 0.857761 -0.514049 0
    outer loop
      vertex -14.8483 0.500012 4.4
      vertex -14.8937 0.424256 10.4
      vertex -14.8937 0.424256 4.4
    endloop
  endfacet
  facet normal 1 0 0
    outer loop
      vertex 17.1 15.4 10.4
      vertex 17.1 1 4.4
      vertex 17.1 15.4 2.4
    endloop
  endfacet
  facet normal 1 0 0
    outer loop
      vertex 17.1 15.4 10.4
      vertex 17.1 -1 4.4
      vertex 17.1 1 4.4
    endloop
  endfacet
  facet normal 1 -0 0
    outer loop
      vertex 17.1 -15.4 10.4
      vertex 17.1 -1 4.4
      vertex 17.1 15.4 10.4
    endloop
  endfacet
  facet normal 1 0 0
    outer loop
      vertex 17.1 -15.4 2.4
      vertex 17.1 -1 4.4
      vertex 17.1 -15.4 10.4
    endloop
  endfacet
  facet normal 1 0 0
    outer loop
      vertex 17.1 -1 4.4
      vertex 17.1 -15.4 2.4
      vertex 17.1 -1 2.4
    endloop
  endfacet
  facet normal 1 0 0
    outer loop
      vertex 17.1 15.4 2.4
      vertex 17.1 1 4.4
      vertex 17.1 1 2.4
    endloop
  endfacet
  facet normal 0 0 1
    outer loop
      vertex 17.1 15.4 10.4
      vertex 15 0 10.4
      vertex 17.1 -15.4 10.4
    endloop
  endfacet
  facet normal 0 0 1
    outer loop
      vertex 17.1 15.4 10.4
      vertex 14.9957 0.0882149 10.4
      vertex 15 0 10.4
    endloop
  endfacet
  facet normal 0 0 1
    outer loop
      vertex 17.1 15.4 10.4
      vertex 14.9827 0.175581 10.4
      vertex 14.9957 0.0882149 10.4
    endloop
  endfacet
  facet normal 0 0 1
    outer loop
      vertex 17.1 15.4 10.4
      vertex 14.9612 0.261255 10.4
      vertex 14.9827 0.175581 10.4
    endloop
  endfacet
  facet normal 0 0 1
    outer loop
      vertex 17.1 15.4 10.4
      vertex 14.9315 0.344415 10.4
      vertex 14.9612 0.261255 10.4
    endloop
  endfacet
  facet normal 0 0 1
    outer loop
      vertex 17.1 15.4 10.4
      vertex 14.8937 0.424256 10.4
      vertex 14.9315 0.344415 10.4
    endloop
  endfacet
  facet normal 0 0 1
    outer loop
      vertex 17.1 15.4 10.4
      vertex 14.8483 0.500012 10.4
      vertex 14.8937 0.424256 10.4
    endloop
  endfacet
  facet normal 0 0 1
    outer loop
      vertex 17.1 15.4 10.4
      vertex 14.7957 0.570953 10.4
      vertex 14.8483 0.500012 10.4
    endloop
  endfacet
  facet normal 0 0 1
    outer loop
      vertex 17.1 15.4 10.4
      vertex 14.7364 0.636395 10.4
      vertex 14.7957 0.570953 10.4
    endloop
  endfacet
  facet normal 0 0 1
    outer loop
      vertex 17.1 15.4 10.4
      vertex 14.671 0.695709 10.4
      vertex 14.7364 0.636395 10.4
    endloop
  endfacet
  facet normal 0 0 1
    outer loop
      vertex 17.1 15.4 10.4
      vertex 14.6 0.748322 10.4
      vertex 14.671 0.695709 10.4
    endloop
  endfacet
  facet normal 0 0 1
    outer loop
      vertex 17.1 15.4 10.4
      vertex 14.5243 0.793729 10.4
      vertex 14.6 0.748322 10.4
    endloop
  endfacet
  facet normal 0 0 1
    outer loop
      vertex 17.1 15.4 10.4
      vertex 14.4444 0.831491 10.4
      vertex 14.5243 0.793729 10.4
    endloop
  endfacet
  facet normal 0 0 1
    outer loop
      vertex 17.1 15.4 10.4
      vertex 14.3613 0.861246 10.4
      vertex 14.4444 0.831491 10.4
    endloop
  endfacet
  facet normal 0 0 1
    outer loop
      vertex 17.1 15.4 10.4
      vertex 14.2756 0.882707 10.4
      vertex 14.3613 0.861246 10.4
    endloop
  endfacet
  facet normal 0 0 1
    outer loop
      vertex 17.1 15.4 10.4
      vertex 14.1882 0.895666 10.4
      vertex 14.2756 0.882707 10.4
    endloop
  endfacet
  facet normal 0 0 1
    outer loop
      vertex 17.1 15.4 10.4
      vertex 14.1 0.9 10.4
      vertex 14.1882 0.895666 10.4
    endloop
  endfacet
  facet normal -0 0 1
    outer loop
      vertex 11.1 15.4 10.4
      vertex 14.1 0.9 10.4
      vertex 17.1 15.4 10.4
    endloop
  endfacet
  facet normal 0 0 1
    outer loop
      vertex 14.1 0.9 10.4
      vertex 11.1 15.4 10.4
      vertex 14.0118 0.895666 10.4
    endloop
  endfacet
  facet normal 0 0 1
    outer loop
      vertex 14.0118 0.895666 10.4
      vertex 11.1 15.4 10.4
      vertex 13.9244 0.882707 10.4
    endloop
  endfacet
  facet normal 0 0 1
    outer loop
      vertex 13.9244 0.882707 10.4
      vertex 11.1 15.4 10.4
      vertex 13.8387 0.861246 10.4
    endloop
  endfacet
  facet normal 0 0 1
    outer loop
      vertex 13.8387 0.861246 10.4
      vertex 11.1 15.4 10.4
      vertex 13.7556 0.831491 10.4
    endloop
  endfacet
  facet normal 0 0 1
    outer loop
      vertex 13.7556 0.831491 10.4
      vertex 11.1 15.4 10.4
      vertex 13.6757 0.793729 10.4
    endloop
  endfacet
  facet normal 0 0 1
    outer loop
      vertex 13.6757 0.793729 10.4
      vertex 11.1 15.4 10.4
      vertex 13.6 0.748322 10.4
    endloop
  endfacet
  facet normal 0 0 1
    outer loop
      vertex 13.6 0.748322 10.4
      vertex 11.1 15.4 10.4
      vertex 13.529 0.695709 10.4
    endloop
  endfacet
  facet normal 0 0 1
    outer loop
      vertex 13.529 0.695709 10.4
      vertex 11.1 15.4 10.4
      vertex 13.4636 0.636395 10.4
    endloop
  endfacet
  facet normal 0 0 1
    outer loop
      vertex 13.4636 0.636395 10.4
      vertex 11.1 15.4 10.4
      vertex 13.4043 0.570953 10.4
    endloop
  endfacet
  facet normal 0 0 1
    outer loop
      vertex 13.4043 0.570953 10.4
      vertex 11.1 15.4 10.4
      vertex 13.3517 0.500012 10.4
    endloop
  endfacet
  facet normal 0 0 1
    outer loop
      vertex 13.3517 0.500012 10.4
      vertex 11.1 15.4 10.4
      vertex 13.3063 0.424256 10.4
    endloop
  endfacet
  facet normal 0 0 1
    outer loop
      vertex 13.3063 0.424256 10.4
      vertex 11.1 15.4 10.4
      vertex 13.2685 0.344415 10.4
    endloop
  endfacet
  facet normal 0 0 1
    outer loop
      vertex 13.2043 0.0882149 10.4
      vertex 11.1 15.4 10.4
      vertex 13.2 0 10.4
    endloop
  endfacet
  facet normal 0 0 1
    outer loop
      vertex 13.2173 0.175581 10.4
      vertex 11.1 15.4 10.4
      vertex 13.2043 0.0882149 10.4
    endloop
  endfacet
  facet normal 0 0 1
    outer loop
      vertex 13.2388 0.261255 10.4
      vertex 11.1 15.4 10.4
      vertex 13.2173 0.175581 10.4
    endloop
  endfacet
  facet normal 0 0 1
    outer loop
      vertex 13.2685 0.344415 10.4
      vertex 11.1 15.4 10.4
      vertex 13.2388 0.261255 10.4
    endloop
  endfacet
  facet normal -0 0 1
    outer loop
      vertex 14.9957 -0.0882149 10.4
      vertex 17.1 -15.4 10.4
      vertex 15 0 10.4
    endloop
  endfacet
  facet normal -0 0 1
    outer loop
      vertex 14.9827 -0.175581 10.4
      vertex 17.1 -15.4 10.4
      vertex 14.9957 -0.0882149 10.4
    endloop
  endfacet
  facet normal -0 0 1
    outer loop
      vertex 14.9612 -0.261255 10.4
      vertex 17.1 -15.4 10.4
      vertex 14.9827 -0.175581 10.4
    endloop
  endfacet
  facet normal -0 0 1
    outer loop
      vertex 14.9315 -0.344415 10.4
      vertex 17.1 -15.4 10.4
      vertex 14.9612 -0.261255 10.4
    endloop
  endfacet
  facet normal -0 0 1
    outer loop
      vertex 14.8937 -0.424256 10.4
      vertex 17.1 -15.4 10.4
      vertex 14.9315 -0.344415 10.4
    endloop
  endfacet
  facet normal -0 0 1
    outer loop
      vertex 14.8483 -0.500012 10.4
      vertex 17.1 -15.4 10.4
      vertex 14.8937 -0.424256 10.4
    endloop
  endfacet
  facet normal -0 0 1
    outer loop
      vertex 14.7957 -0.570953 10.4
      vertex 17.1 -15.4 10.4
      vertex 14.8483 -0.500012 10.4
    endloop
  endfacet
  facet normal -0 0 1
    outer loop
      vertex 14.7364 -0.636395 10.4
      vertex 17.1 -15.4 10.4
      vertex 14.7957 -0.570953 10.4
    endloop
  endfacet
  facet normal -0 0 1
    outer loop
      vertex 14.671 -0.695709 10.4
      vertex 17.1 -15.4 10.4
      vertex 14.7364 -0.636395 10.4
    endloop
  endfacet
  facet normal -0 0 1
    outer loop
      vertex 14.6 -0.748322 10.4
      vertex 17.1 -15.4 10.4
      vertex 14.671 -0.695709 10.4
    endloop
  endfacet
  facet normal -0 0 1
    outer loop
      vertex 14.5243 -0.793729 10.4
      vertex 17.1 -15.4 10.4
      vertex 14.6 -0.748322 10.4
    endloop
  endfacet
  facet normal -0 0 1
    outer loop
      vertex 14.4444 -0.831491 10.4
      vertex 17.1 -15.4 10.4
      vertex 14.5243 -0.793729 10.4
    endloop
  endfacet
  facet normal -0 0 1
    outer loop
      vertex 14.3613 -0.861246 10.4
      vertex 17.1 -15.4 10.4
      vertex 14.4444 -0.831491 10.4
    endloop
  endfacet
  facet normal -0 0 1
    outer loop
      vertex 14.2756 -0.882707 10.4
      vertex 17.1 -15.4 10.4
      vertex 14.3613 -0.861246 10.4
    endloop
  endfacet
  facet normal -0 0 1
    outer loop
      vertex 14.1882 -0.895666 10.4
      vertex 17.1 -15.4 10.4
      vertex 14.2756 -0.882707 10.4
    endloop
  endfacet
  facet normal -0 0 1
    outer loop
      vertex 14.1 -0.9 10.4
      vertex 17.1 -15.4 10.4
      vertex 14.1882 -0.895666 10.4
    endloop
  endfacet
  facet normal 0 0 1
    outer loop
      vertex 11.1 -15.4 10.4
      vertex 14.1 -0.9 10.4
      vertex 14.0118 -0.895666 10.4
    endloop
  endfacet
  facet normal 0 0 1
    outer loop
      vertex 11.1 -15.4 10.4
      vertex 14.0118 -0.895666 10.4
      vertex 13.9244 -0.882707 10.4
    endloop
  endfacet
  facet normal 0 0 1
    outer loop
      vertex 11.1 -15.4 10.4
      vertex 13.9244 -0.882707 10.4
      vertex 13.8387 -0.861246 10.4
    endloop
  endfacet
  facet normal 0 0 1
    outer loop
      vertex 11.1 -15.4 10.4
      vertex 13.8387 -0.861246 10.4
      vertex 13.7556 -0.831491 10.4
    endloop
  endfacet
  facet normal 0 0 1
    outer loop
      vertex 11.1 -15.4 10.4
      vertex 13.7556 -0.831491 10.4
      vertex 13.6757 -0.793729 10.4
    endloop
  endfacet
  facet normal 0 0 1
    outer loop
      vertex 11.1 -15.4 10.4
      vertex 13.6757 -0.793729 10.4
      vertex 13.6 -0.748322 10.4
    endloop
  endfacet
  facet normal 0 0 1
    outer loop
      vertex 11.1 -15.4 10.4
      vertex 13.6 -0.748322 10.4
      vertex 13.529 -0.695709 10.4
    endloop
  endfacet
  facet normal 0 0 1
    outer loop
      vertex 11.1 -15.4 10.4
      vertex 13.529 -0.695709 10.4
      vertex 13.4636 -0.636395 10.4
    endloop
  endfacet
  facet normal 0 0 1
    outer loop
      vertex 11.1 -15.4 10.4
      vertex 13.4636 -0.636395 10.4
      vertex 13.4043 -0.570953 10.4
    endloop
  endfacet
  facet normal 0 0 1
    outer loop
      vertex 11.1 -15.4 10.4
      vertex 13.4043 -0.570953 10.4
      vertex 13.3517 -0.500012 10.4
    endloop
  endfacet
  facet normal 0 0 1
    outer loop
      vertex 11.1 -15.4 10.4
      vertex 13.3517 -0.500012 10.4
      vertex 13.3063 -0.424256 10.4
    endloop
  endfacet
  facet normal 0 0 1
    outer loop
      vertex 11.1 -15.4 10.4
      vertex 13.3063 -0.424256 10.4
      vertex 13.2685 -0.344415 10.4
    endloop
  endfacet
  facet normal 0 0 1
    outer loop
      vertex 11.1 -15.4 10.4
      vertex 13.2685 -0.344415 10.4
      vertex 13.2388 -0.261255 10.4
    endloop
  endfacet
  facet normal 0 0 1
    outer loop
      vertex 11.1 -15.4 10.4
      vertex 13.2 0 10.4
      vertex 11.1 15.4 10.4
    endloop
  endfacet
  facet normal 0 0 1
    outer loop
      vertex 14.1 -0.9 10.4
      vertex 11.1 -15.4 10.4
      vertex 17.1 -15.4 10.4
    endloop
  endfacet
  facet normal 0 0 1
    outer loop
      vertex 13.2173 -0.175581 10.4
      vertex 11.1 -15.4 10.4
      vertex 13.2388 -0.261255 10.4
    endloop
  endfacet
  facet normal 0 0 1
    outer loop
      vertex 13.2043 -0.0882149 10.4
      vertex 11.1 -15.4 10.4
      vertex 13.2173 -0.175581 10.4
    endloop
  endfacet
  facet normal 0 0 1
    outer loop
      vertex 13.2 0 10.4
      vertex 11.1 -15.4 10.4
      vertex 13.2043 -0.0882149 10.4
    endloop
  endfacet
  facet normal 0 0 -1
    outer loop
      vertex 11.1 1 2.4
      vertex 17.1 15.4 2.4
      vertex 17.1 1 2.4
    endloop
  endfacet
  facet normal -0 0 -1
    outer loop
      vertex 17.1 15.4 2.4
      vertex 11.1 1 2.4
      vertex 11.1 15.4 2.4
    endloop
  endfacet
  facet normal 0 0 -1
    outer loop
      vertex 11.1 -15.4 2.4
      vertex 17.1 -1 2.4
      vertex 17.1 -15.4 2.4
    endloop
  endfacet
  facet normal -0 0 -1
    outer loop
      vertex 17.1 -1 2.4
      vertex 11.1 -15.4 2.4
      vertex 11.1 -1 2.4
    endloop
  endfacet
  facet normal -1 0 0
    outer loop
      vertex 11.1 -1 2.4
      vertex 11.1 -15.4 2.4
      vertex 11.1 -1 4.4
    endloop
  endfacet
  facet normal -1 0 0
    outer loop
      vertex 11.1 1 4.4
      vertex 11.1 15.4 2.4
      vertex 11.1 1 2.4
    endloop
  endfacet
  facet normal -1 0 0
    outer loop
      vertex 11.1 15.4 2.4
      vertex 11.1 1 4.4
      vertex 11.1 15.4 10.4
    endloop
  endfacet
  facet normal -1 0 0
    outer loop
      vertex 11.1 -1 4.4
      vertex 11.1 15.4 10.4
      vertex 11.1 1 4.4
    endloop
  endfacet
  facet normal -1 0 0
    outer loop
      vertex 11.1 -15.4 10.4
      vertex 11.1 -1 4.4
      vertex 11.1 -15.4 2.4
    endloop
  endfacet
  facet normal -1 0 0
    outer loop
      vertex 11.1 -1 4.4
      vertex 11.1 -15.4 10.4
      vertex 11.1 15.4 10.4
    endloop
  endfacet
  facet normal 0 1 -0
    outer loop
      vertex 17.1 15.4 2.4
      vertex 11.1 15.4 10.4
      vertex 17.1 15.4 10.4
    endloop
  endfacet
  facet normal 0 1 0
    outer loop
      vertex 11.1 15.4 10.4
      vertex 17.1 15.4 2.4
      vertex 11.1 15.4 2.4
    endloop
  endfacet
  facet normal 0 -1 0
    outer loop
      vertex 11.1 -15.4 2.4
      vertex 17.1 -15.4 10.4
      vertex 11.1 -15.4 10.4
    endloop
  endfacet
  facet normal 0 -1 -0
    outer loop
      vertex 17.1 -15.4 10.4
      vertex 11.1 -15.4 2.4
      vertex 17.1 -15.4 2.4
    endloop
  endfacet
  facet normal -0.98911 -0.147179 0
    outer loop
      vertex 14.9957 0.0882149 4.4
      vertex 14.9827 0.175581 10.4
      vertex 14.9827 0.175581 4.4
    endloop
  endfacet
  facet normal -0.98911 -0.147179 0
    outer loop
      vertex 14.9827 0.175581 10.4
      vertex 14.9957 0.0882149 4.4
      vertex 14.9957 0.0882149 10.4
    endloop
  endfacet
  facet normal -0.998814 -0.0486868 0
    outer loop
      vertex 15 0 4.4
      vertex 14.9957 0.0882149 10.4
      vertex 14.9957 0.0882149 4.4
    endloop
  endfacet
  facet normal -0.998814 -0.0486868 0
    outer loop
      vertex 14.9957 0.0882149 10.4
      vertex 15 0 4.4
      vertex 15 0 10.4
    endloop
  endfacet
  facet normal -0.969925 -0.243404 0
    outer loop
      vertex 14.9827 0.175581 4.4
      vertex 14.9612 0.261255 10.4
      vertex 14.9612 0.261255 4.4
    endloop
  endfacet
  facet normal -0.969925 -0.243404 0
    outer loop
      vertex 14.9612 0.261255 10.4
      vertex 14.9827 0.175581 4.4
      vertex 14.9827 0.175581 10.4
    endloop
  endfacet
  facet normal -0.998814 0.0486868 0
    outer loop
      vertex 14.9957 -0.0882149 4.4
      vertex 15 0 10.4
      vertex 15 0 4.4
    endloop
  endfacet
  facet normal -0.998814 0.0486868 0
    outer loop
      vertex 15 0 10.4
      vertex 14.9957 -0.0882149 4.4
      vertex 14.9957 -0.0882149 10.4
    endloop
  endfacet
  facet normal -0.242919 -0.970047 0
    outer loop
      vertex 14.2756 0.882707 4.4
      vertex 14.3613 0.861246 10.4
      vertex 14.2756 0.882707 10.4
    endloop
  endfacet
  facet normal -0.242919 -0.970047 -0
    outer loop
      vertex 14.3613 0.861246 10.4
      vertex 14.2756 0.882707 4.4
      vertex 14.3613 0.861246 4.4
    endloop
  endfacet
  facet normal -0.941742 0.336336 0
    outer loop
      vertex 14.9315 -0.344415 4.4
      vertex 14.9612 -0.261255 10.4
      vertex 14.9612 -0.261255 4.4
    endloop
  endfacet
  facet normal -0.941742 0.336336 0
    outer loop
      vertex 14.9612 -0.261255 10.4
      vertex 14.9315 -0.344415 4.4
      vertex 14.9315 -0.344415 10.4
    endloop
  endfacet
  facet normal 0.337104 -0.941467 0
    outer loop
      vertex 13.7556 0.831491 4.4
      vertex 13.8387 0.861246 10.4
      vertex 13.7556 0.831491 10.4
    endloop
  endfacet
  facet normal 0.337104 -0.941467 0
    outer loop
      vertex 13.8387 0.861246 10.4
      vertex 13.7556 0.831491 4.4
      vertex 13.8387 0.861246 4.4
    endloop
  endfacet
  facet normal -0.146669 0.989186 0
    outer loop
      vertex 14.2756 -0.882707 4.4
      vertex 14.1882 -0.895666 10.4
      vertex 14.2756 -0.882707 10.4
    endloop
  endfacet
  facet normal -0.146669 0.989186 0
    outer loop
      vertex 14.1882 -0.895666 10.4
      vertex 14.2756 -0.882707 4.4
      vertex 14.1882 -0.895666 4.4
    endloop
  endfacet
  facet normal 0.903823 0.427907 0
    outer loop
      vertex 13.3063 -0.424256 10.4
      vertex 13.2685 -0.344415 4.4
      vertex 13.2685 -0.344415 10.4
    endloop
  endfacet
  facet normal 0.903823 0.427907 0
    outer loop
      vertex 13.2685 -0.344415 4.4
      vertex 13.3063 -0.424256 10.4
      vertex 13.3063 -0.424256 4.4
    endloop
  endfacet
  facet normal 0.903823 -0.427907 0
    outer loop
      vertex 13.2685 0.344415 10.4
      vertex 13.3063 0.424256 4.4
      vertex 13.3063 0.424256 10.4
    endloop
  endfacet
  facet normal 0.903823 -0.427907 0
    outer loop
      vertex 13.3063 0.424256 4.4
      vertex 13.2685 0.344415 10.4
      vertex 13.2685 0.344415 4.4
    endloop
  endfacet
  facet normal -0.671801 -0.740732 0
    outer loop
      vertex 14.671 0.695709 4.4
      vertex 14.7364 0.636395 10.4
      vertex 14.671 0.695709 10.4
    endloop
  endfacet
  facet normal -0.671801 -0.740732 -0
    outer loop
      vertex 14.7364 0.636395 10.4
      vertex 14.671 0.695709 4.4
      vertex 14.7364 0.636395 4.4
    endloop
  endfacet
  facet normal 0.671801 -0.740732 0
    outer loop
      vertex 13.4636 0.636395 4.4
      vertex 13.529 0.695709 10.4
      vertex 13.4636 0.636395 10.4
    endloop
  endfacet
  facet normal 0.671801 -0.740732 0
    outer loop
      vertex 13.529 0.695709 10.4
      vertex 13.4636 0.636395 4.4
      vertex 13.529 0.695709 4.4
    endloop
  endfacet
  facet normal 0.242919 -0.970047 0
    outer loop
      vertex 13.8387 0.861246 4.4
      vertex 13.9244 0.882707 10.4
      vertex 13.8387 0.861246 10.4
    endloop
  endfacet
  facet normal 0.242919 -0.970047 0
    outer loop
      vertex 13.9244 0.882707 10.4
      vertex 13.8387 0.861246 4.4
      vertex 13.9244 0.882707 4.4
    endloop
  endfacet
  facet normal -0.903823 0.427907 0
    outer loop
      vertex 14.8937 -0.424256 4.4
      vertex 14.9315 -0.344415 10.4
      vertex 14.9315 -0.344415 4.4
    endloop
  endfacet
  facet normal -0.903823 0.427907 0
    outer loop
      vertex 14.9315 -0.344415 10.4
      vertex 14.8937 -0.424256 4.4
      vertex 14.8937 -0.424256 10.4
    endloop
  endfacet
  facet normal 0.80328 0.595601 0
    outer loop
      vertex 13.4043 -0.570953 10.4
      vertex 13.3517 -0.500012 4.4
      vertex 13.3517 -0.500012 10.4
    endloop
  endfacet
  facet normal 0.80328 0.595601 0
    outer loop
      vertex 13.3517 -0.500012 4.4
      vertex 13.4043 -0.570953 10.4
      vertex 13.4043 -0.570953 4.4
    endloop
  endfacet
  facet normal 0.595377 -0.803447 0
    outer loop
      vertex 13.529 0.695709 4.4
      vertex 13.6 0.748322 10.4
      vertex 13.529 0.695709 10.4
    endloop
  endfacet
  facet normal 0.595377 -0.803447 0
    outer loop
      vertex 13.6 0.748322 10.4
      vertex 13.529 0.695709 4.4
      vertex 13.6 0.748322 4.4
    endloop
  endfacet
  facet normal -0.98911 0.147179 0
    outer loop
      vertex 14.9827 -0.175581 4.4
      vertex 14.9957 -0.0882149 10.4
      vertex 14.9957 -0.0882149 4.4
    endloop
  endfacet
  facet normal -0.98911 0.147179 0
    outer loop
      vertex 14.9957 -0.0882149 10.4
      vertex 14.9827 -0.175581 4.4
      vertex 14.9827 -0.175581 10.4
    endloop
  endfacet
  facet normal 0.98911 0.147179 0
    outer loop
      vertex 13.2173 -0.175581 10.4
      vertex 13.2043 -0.0882149 4.4
      vertex 13.2043 -0.0882149 10.4
    endloop
  endfacet
  facet normal 0.98911 0.147179 0
    outer loop
      vertex 13.2043 -0.0882149 4.4
      vertex 13.2173 -0.175581 10.4
      vertex 13.2173 -0.175581 4.4
    endloop
  endfacet
  facet normal 0.80328 -0.595601 0
    outer loop
      vertex 13.3517 0.500012 10.4
      vertex 13.4043 0.570953 4.4
      vertex 13.4043 0.570953 10.4
    endloop
  endfacet
  facet normal 0.80328 -0.595601 0
    outer loop
      vertex 13.4043 0.570953 4.4
      vertex 13.3517 0.500012 10.4
      vertex 13.3517 0.500012 4.4
    endloop
  endfacet
  facet normal -0.514387 0.857558 0
    outer loop
      vertex 14.6 -0.748322 4.4
      vertex 14.5243 -0.793729 10.4
      vertex 14.6 -0.748322 10.4
    endloop
  endfacet
  facet normal -0.514387 0.857558 0
    outer loop
      vertex 14.5243 -0.793729 10.4
      vertex 14.6 -0.748322 4.4
      vertex 14.5243 -0.793729 4.4
    endloop
  endfacet
  facet normal 0.741025 0.671477 0
    outer loop
      vertex 13.4636 -0.636395 10.4
      vertex 13.4043 -0.570953 4.4
      vertex 13.4043 -0.570953 10.4
    endloop
  endfacet
  facet normal 0.741025 0.671477 0
    outer loop
      vertex 13.4043 -0.570953 4.4
      vertex 13.4636 -0.636395 10.4
      vertex 13.4636 -0.636395 4.4
    endloop
  endfacet
  facet normal 0.0490791 0.998795 -0
    outer loop
      vertex 14.1 -0.9 4.4
      vertex 14.0118 -0.895666 10.4
      vertex 14.1 -0.9 10.4
    endloop
  endfacet
  facet normal 0.0490791 0.998795 0
    outer loop
      vertex 14.0118 -0.895666 10.4
      vertex 14.1 -0.9 4.4
      vertex 14.0118 -0.895666 4.4
    endloop
  endfacet
  facet normal -0.595377 0.803447 0
    outer loop
      vertex 14.671 -0.695709 4.4
      vertex 14.6 -0.748322 10.4
      vertex 14.671 -0.695709 10.4
    endloop
  endfacet
  facet normal -0.595377 0.803447 0
    outer loop
      vertex 14.6 -0.748322 10.4
      vertex 14.671 -0.695709 4.4
      vertex 14.6 -0.748322 4.4
    endloop
  endfacet
  facet normal -0.903823 -0.427907 0
    outer loop
      vertex 14.9315 0.344415 4.4
      vertex 14.8937 0.424256 10.4
      vertex 14.8937 0.424256 4.4
    endloop
  endfacet
  facet normal -0.903823 -0.427907 0
    outer loop
      vertex 14.8937 0.424256 10.4
      vertex 14.9315 0.344415 4.4
      vertex 14.9315 0.344415 10.4
    endloop
  endfacet
  facet normal -0.0490791 0.998795 0
    outer loop
      vertex 14.1882 -0.895666 4.4
      vertex 14.1 -0.9 10.4
      vertex 14.1882 -0.895666 10.4
    endloop
  endfacet
  facet normal -0.0490791 0.998795 0
    outer loop
      vertex 14.1 -0.9 10.4
      vertex 14.1882 -0.895666 4.4
      vertex 14.1 -0.9 4.4
    endloop
  endfacet
  facet normal 0.98911 -0.147179 0
    outer loop
      vertex 13.2043 0.0882149 10.4
      vertex 13.2173 0.175581 4.4
      vertex 13.2173 0.175581 10.4
    endloop
  endfacet
  facet normal 0.98911 -0.147179 0
    outer loop
      vertex 13.2173 0.175581 4.4
      vertex 13.2043 0.0882149 10.4
      vertex 13.2043 0.0882149 4.4
    endloop
  endfacet
  facet normal -0.80328 -0.595601 0
    outer loop
      vertex 14.8483 0.500012 4.4
      vertex 14.7957 0.570953 10.4
      vertex 14.7957 0.570953 4.4
    endloop
  endfacet
  facet normal -0.80328 -0.595601 0
    outer loop
      vertex 14.7957 0.570953 10.4
      vertex 14.8483 0.500012 4.4
      vertex 14.8483 0.500012 10.4
    endloop
  endfacet
  facet normal -0.671801 0.740732 0
    outer loop
      vertex 14.7364 -0.636395 4.4
      vertex 14.671 -0.695709 10.4
      vertex 14.7364 -0.636395 10.4
    endloop
  endfacet
  facet normal -0.671801 0.740732 0
    outer loop
      vertex 14.671 -0.695709 10.4
      vertex 14.7364 -0.636395 4.4
      vertex 14.671 -0.695709 4.4
    endloop
  endfacet
  facet normal -0.80328 0.595601 0
    outer loop
      vertex 14.7957 -0.570953 4.4
      vertex 14.8483 -0.500012 10.4
      vertex 14.8483 -0.500012 4.4
    endloop
  endfacet
  facet normal -0.80328 0.595601 0
    outer loop
      vertex 14.8483 -0.500012 10.4
      vertex 14.7957 -0.570953 4.4
      vertex 14.7957 -0.570953 10.4
    endloop
  endfacet
  facet normal -0.427297 -0.904111 0
    outer loop
      vertex 14.4444 0.831491 4.4
      vertex 14.5243 0.793729 10.4
      vertex 14.4444 0.831491 10.4
    endloop
  endfacet
  facet normal -0.427297 -0.904111 -0
    outer loop
      vertex 14.5243 0.793729 10.4
      vertex 14.4444 0.831491 4.4
      vertex 14.5243 0.793729 4.4
    endloop
  endfacet
  facet normal 0.146669 0.989186 -0
    outer loop
      vertex 14.0118 -0.895666 4.4
      vertex 13.9244 -0.882707 10.4
      vertex 14.0118 -0.895666 10.4
    endloop
  endfacet
  facet normal 0.146669 0.989186 0
    outer loop
      vertex 13.9244 -0.882707 10.4
      vertex 14.0118 -0.895666 4.4
      vertex 13.9244 -0.882707 4.4
    endloop
  endfacet
  facet normal -0.514387 -0.857558 0
    outer loop
      vertex 14.5243 0.793729 4.4
      vertex 14.6 0.748322 10.4
      vertex 14.5243 0.793729 10.4
    endloop
  endfacet
  facet normal -0.514387 -0.857558 -0
    outer loop
      vertex 14.6 0.748322 10.4
      vertex 14.5243 0.793729 4.4
      vertex 14.6 0.748322 4.4
    endloop
  endfacet
  facet normal -0.941742 -0.336336 0
    outer loop
      vertex 14.9612 0.261255 4.4
      vertex 14.9315 0.344415 10.4
      vertex 14.9315 0.344415 4.4
    endloop
  endfacet
  facet normal -0.941742 -0.336336 0
    outer loop
      vertex 14.9315 0.344415 10.4
      vertex 14.9612 0.261255 4.4
      vertex 14.9612 0.261255 10.4
    endloop
  endfacet
  facet normal -0.741025 -0.671477 0
    outer loop
      vertex 14.7957 0.570953 4.4
      vertex 14.7364 0.636395 10.4
      vertex 14.7364 0.636395 4.4
    endloop
  endfacet
  facet normal -0.741025 -0.671477 0
    outer loop
      vertex 14.7364 0.636395 10.4
      vertex 14.7957 0.570953 4.4
      vertex 14.7957 0.570953 10.4
    endloop
  endfacet
  facet normal 0.242919 0.970047 -0
    outer loop
      vertex 13.9244 -0.882707 4.4
      vertex 13.8387 -0.861246 10.4
      vertex 13.9244 -0.882707 10.4
    endloop
  endfacet
  facet normal 0.242919 0.970047 0
    outer loop
      vertex 13.8387 -0.861246 10.4
      vertex 13.9244 -0.882707 4.4
      vertex 13.8387 -0.861246 4.4
    endloop
  endfacet
  facet normal -0.595377 -0.803447 0
    outer loop
      vertex 14.6 0.748322 4.4
      vertex 14.671 0.695709 10.4
      vertex 14.6 0.748322 10.4
    endloop
  endfacet
  facet normal -0.595377 -0.803447 -0
    outer loop
      vertex 14.671 0.695709 10.4
      vertex 14.6 0.748322 4.4
      vertex 14.671 0.695709 4.4
    endloop
  endfacet
  facet normal -0.427297 0.904111 0
    outer loop
      vertex 14.5243 -0.793729 4.4
      vertex 14.4444 -0.831491 10.4
      vertex 14.5243 -0.793729 10.4
    endloop
  endfacet
  facet normal -0.427297 0.904111 0
    outer loop
      vertex 14.4444 -0.831491 10.4
      vertex 14.5243 -0.793729 4.4
      vertex 14.4444 -0.831491 4.4
    endloop
  endfacet
  facet normal -0.337104 -0.941467 0
    outer loop
      vertex 14.3613 0.861246 4.4
      vertex 14.4444 0.831491 10.4
      vertex 14.3613 0.861246 10.4
    endloop
  endfacet
  facet normal -0.337104 -0.941467 -0
    outer loop
      vertex 14.4444 0.831491 10.4
      vertex 14.3613 0.861246 4.4
      vertex 14.4444 0.831491 4.4
    endloop
  endfacet
  facet normal 0.146669 -0.989186 0
    outer loop
      vertex 13.9244 0.882707 4.4
      vertex 14.0118 0.895666 10.4
      vertex 13.9244 0.882707 10.4
    endloop
  endfacet
  facet normal 0.146669 -0.989186 0
    outer loop
      vertex 14.0118 0.895666 10.4
      vertex 13.9244 0.882707 4.4
      vertex 14.0118 0.895666 4.4
    endloop
  endfacet
  facet normal -0.969925 0.243404 0
    outer loop
      vertex 14.9612 -0.261255 4.4
      vertex 14.9827 -0.175581 10.4
      vertex 14.9827 -0.175581 4.4
    endloop
  endfacet
  facet normal -0.969925 0.243404 0
    outer loop
      vertex 14.9827 -0.175581 10.4
      vertex 14.9612 -0.261255 4.4
      vertex 14.9612 -0.261255 10.4
    endloop
  endfacet
  facet normal 0.427297 -0.904111 0
    outer loop
      vertex 13.6757 0.793729 4.4
      vertex 13.7556 0.831491 10.4
      vertex 13.6757 0.793729 10.4
    endloop
  endfacet
  facet normal 0.427297 -0.904111 0
    outer loop
      vertex 13.7556 0.831491 10.4
      vertex 13.6757 0.793729 4.4
      vertex 13.7556 0.831491 4.4
    endloop
  endfacet
  facet normal -0.857761 -0.514049 0
    outer loop
      vertex 14.8937 0.424256 4.4
      vertex 14.8483 0.500012 10.4
      vertex 14.8483 0.500012 4.4
    endloop
  endfacet
  facet normal -0.857761 -0.514049 0
    outer loop
      vertex 14.8483 0.500012 10.4
      vertex 14.8937 0.424256 4.4
      vertex 14.8937 0.424256 10.4
    endloop
  endfacet
  facet normal -0.242919 0.970047 0
    outer loop
      vertex 14.3613 -0.861246 4.4
      vertex 14.2756 -0.882707 10.4
      vertex 14.3613 -0.861246 10.4
    endloop
  endfacet
  facet normal -0.242919 0.970047 0
    outer loop
      vertex 14.2756 -0.882707 10.4
      vertex 14.3613 -0.861246 4.4
      vertex 14.2756 -0.882707 4.4
    endloop
  endfacet
  facet normal 0.969925 0.243404 0
    outer loop
      vertex 13.2388 -0.261255 10.4
      vertex 13.2173 -0.175581 4.4
      vertex 13.2173 -0.175581 10.4
    endloop
  endfacet
  facet normal 0.969925 0.243404 0
    outer loop
      vertex 13.2173 -0.175581 4.4
      vertex 13.2388 -0.261255 10.4
      vertex 13.2388 -0.261255 4.4
    endloop
  endfacet
  facet normal 0.337104 0.941467 -0
    outer loop
      vertex 13.8387 -0.861246 4.4
      vertex 13.7556 -0.831491 10.4
      vertex 13.8387 -0.861246 10.4
    endloop
  endfacet
  facet normal 0.337104 0.941467 0
    outer loop
      vertex 13.7556 -0.831491 10.4
      vertex 13.8387 -0.861246 4.4
      vertex 13.7556 -0.831491 4.4
    endloop
  endfacet
  facet normal 0.514387 -0.857558 0
    outer loop
      vertex 13.6 0.748322 4.4
      vertex 13.6757 0.793729 10.4
      vertex 13.6 0.748322 10.4
    endloop
  endfacet
  facet normal 0.514387 -0.857558 0
    outer loop
      vertex 13.6757 0.793729 10.4
      vertex 13.6 0.748322 4.4
      vertex 13.6757 0.793729 4.4
    endloop
  endfacet
  facet normal 0.514387 0.857558 -0
    outer loop
      vertex 13.6757 -0.793729 4.4
      vertex 13.6 -0.748322 10.4
      vertex 13.6757 -0.793729 10.4
    endloop
  endfacet
  facet normal 0.514387 0.857558 0
    outer loop
      vertex 13.6 -0.748322 10.4
      vertex 13.6757 -0.793729 4.4
      vertex 13.6 -0.748322 4.4
    endloop
  endfacet
  facet normal 0.671801 0.740732 -0
    outer loop
      vertex 13.529 -0.695709 4.4
      vertex 13.4636 -0.636395 10.4
      vertex 13.529 -0.695709 10.4
    endloop
  endfacet
  facet normal 0.671801 0.740732 0
    outer loop
      vertex 13.4636 -0.636395 10.4
      vertex 13.529 -0.695709 4.4
      vertex 13.4636 -0.636395 4.4
    endloop
  endfacet
  facet normal -0.337104 0.941467 0
    outer loop
      vertex 14.4444 -0.831491 4.4
      vertex 14.3613 -0.861246 10.4
      vertex 14.4444 -0.831491 10.4
    endloop
  endfacet
  facet normal -0.337104 0.941467 0
    outer loop
      vertex 14.3613 -0.861246 10.4
      vertex 14.4444 -0.831491 4.4
      vertex 14.3613 -0.861246 4.4
    endloop
  endfacet
  facet normal 0.741025 -0.671477 0
    outer loop
      vertex 13.4043 0.570953 10.4
      vertex 13.4636 0.636395 4.4
      vertex 13.4636 0.636395 10.4
    endloop
  endfacet
  facet normal 0.741025 -0.671477 0
    outer loop
      vertex 13.4636 0.636395 4.4
      vertex 13.4043 0.570953 10.4
      vertex 13.4043 0.570953 4.4
    endloop
  endfacet
  facet normal -0.0490791 -0.998795 0
    outer loop
      vertex 14.1 0.9 4.4
      vertex 14.1882 0.895666 10.4
      vertex 14.1 0.9 10.4
    endloop
  endfacet
  facet normal -0.0490791 -0.998795 -0
    outer loop
      vertex 14.1882 0.895666 10.4
      vertex 14.1 0.9 4.4
      vertex 14.1882 0.895666 4.4
    endloop
  endfacet
  facet normal 0.998814 0.0486868 0
    outer loop
      vertex 13.2043 -0.0882149 10.4
      vertex 13.2 0 4.4
      vertex 13.2 0 10.4
    endloop
  endfacet
  facet normal 0.998814 0.0486868 0
    outer loop
      vertex 13.2 0 4.4
      vertex 13.2043 -0.0882149 10.4
      vertex 13.2043 -0.0882149 4.4
    endloop
  endfacet
  facet normal -0.741025 0.671477 0
    outer loop
      vertex 14.7364 -0.636395 4.4
      vertex 14.7957 -0.570953 10.4
      vertex 14.7957 -0.570953 4.4
    endloop
  endfacet
  facet normal -0.741025 0.671477 0
    outer loop
      vertex 14.7957 -0.570953 10.4
      vertex 14.7364 -0.636395 4.4
      vertex 14.7364 -0.636395 10.4
    endloop
  endfacet
  facet normal -0.857761 0.514049 0
    outer loop
      vertex 14.8483 -0.500012 4.4
      vertex 14.8937 -0.424256 10.4
      vertex 14.8937 -0.424256 4.4
    endloop
  endfacet
  facet normal -0.857761 0.514049 0
    outer loop
      vertex 14.8937 -0.424256 10.4
      vertex 14.8483 -0.500012 4.4
      vertex 14.8483 -0.500012 10.4
    endloop
  endfacet
  facet normal 0.941742 0.336336 0
    outer loop
      vertex 13.2685 -0.344415 10.4
      vertex 13.2388 -0.261255 4.4
      vertex 13.2388 -0.261255 10.4
    endloop
  endfacet
  facet normal 0.941742 0.336336 0
    outer loop
      vertex 13.2388 -0.261255 4.4
      vertex 13.2685 -0.344415 10.4
      vertex 13.2685 -0.344415 4.4
    endloop
  endfacet
  facet normal 0.0490791 -0.998795 0
    outer loop
      vertex 14.0118 0.895666 4.4
      vertex 14.1 0.9 10.4
      vertex 14.0118 0.895666 10.4
    endloop
  endfacet
  facet normal 0.0490791 -0.998795 0
    outer loop
      vertex 14.1 0.9 10.4
      vertex 14.0118 0.895666 4.4
      vertex 14.1 0.9 4.4
    endloop
  endfacet
  facet normal 0.595377 0.803447 -0
    outer loop
      vertex 13.6 -0.748322 4.4
      vertex 13.529 -0.695709 10.4
      vertex 13.6 -0.748322 10.4
    endloop
  endfacet
  facet normal 0.595377 0.803447 0
    outer loop
      vertex 13.529 -0.695709 10.4
      vertex 13.6 -0.748322 4.4
      vertex 13.529 -0.695709 4.4
    endloop
  endfacet
  facet normal 0.941742 -0.336336 0
    outer loop
      vertex 13.2388 0.261255 10.4
      vertex 13.2685 0.344415 4.4
      vertex 13.2685 0.344415 10.4
    endloop
  endfacet
  facet normal 0.941742 -0.336336 0
    outer loop
      vertex 13.2685 0.344415 4.4
      vertex 13.2388 0.261255 10.4
      vertex 13.2388 0.261255 4.4
    endloop
  endfacet
  facet normal 0.969925 -0.243404 0
    outer loop
      vertex 13.2173 0.175581 10.4
      vertex 13.2388 0.261255 4.4
      vertex 13.2388 0.261255 10.4
    endloop
  endfacet
  facet normal 0.969925 -0.243404 0
    outer loop
      vertex 13.2388 0.261255 4.4
      vertex 13.2173 0.175581 10.4
      vertex 13.2173 0.175581 4.4
    endloop
  endfacet
  facet normal 0.998814 -0.0486868 0
    outer loop
      vertex 13.2 0 10.4
      vertex 13.2043 0.0882149 4.4
      vertex 13.2043 0.0882149 10.4
    endloop
  endfacet
  facet normal 0.998814 -0.0486868 0
    outer loop
      vertex 13.2043 0.0882149 4.4
      vertex 13.2 0 10.4
      vertex 13.2 0 4.4
    endloop
  endfacet
  facet normal 0.427297 0.904111 -0
    outer loop
      vertex 13.7556 -0.831491 4.4
      vertex 13.6757 -0.793729 10.4
      vertex 13.7556 -0.831491 10.4
    endloop
  endfacet
  facet normal 0.427297 0.904111 0
    outer loop
      vertex 13.6757 -0.793729 10.4
      vertex 13.7556 -0.831491 4.4
      vertex 13.6757 -0.793729 4.4
    endloop
  endfacet
  facet normal 0.857761 0.514049 0
    outer loop
      vertex 13.3517 -0.500012 10.4
      vertex 13.3063 -0.424256 4.4
      vertex 13.3063 -0.424256 10.4
    endloop
  endfacet
  facet normal 0.857761 0.514049 0
    outer loop
      vertex 13.3063 -0.424256 4.4
      vertex 13.3517 -0.500012 10.4
      vertex 13.3517 -0.500012 4.4
    endloop
  endfacet
  facet normal -0.146669 -0.989186 0
    outer loop
      vertex 14.1882 0.895666 4.4
      vertex 14.2756 0.882707 10.4
      vertex 14.1882 0.895666 10.4
    endloop
  endfacet
  facet normal -0.146669 -0.989186 -0
    outer loop
      vertex 14.2756 0.882707 10.4
      vertex 14.1882 0.895666 4.4
      vertex 14.2756 0.882707 4.4
    endloop
  endfacet
  facet normal 0.857761 -0.514049 0
    outer loop
      vertex 13.3063 0.424256 10.4
      vertex 13.3517 0.500012 4.4
      vertex 13.3517 0.500012 10.4
    endloop
  endfacet
  facet normal 0.857761 -0.514049 0
    outer loop
      vertex 13.3517 0.500012 4.4
      vertex 13.3063 0.424256 10.4
      vertex 13.3063 0.424256 4.4
    endloop
  endfacet
  facet normal 1 0 0
    outer loop
      vertex 50 1 4.4
      vertex 50 0.799999 2.4
      vertex 50 1 2.4
    endloop
  endfacet
  facet normal 1 -0 0
    outer loop
      vertex 50 -1 4.4
      vertex 50 0.799999 2.4
      vertex 50 1 4.4
    endloop
  endfacet
  facet normal 1 0 0
    outer loop
      vertex 50 0.799999 2.4
      vertex 50 -1 4.4
      vertex 50 -1 2.4
    endloop
  endfacet
  facet normal -0 0 1
    outer loop
      vertex -50 1 4.4
      vertex -17.1 -1 4.4
      vertex -17.1 1 4.4
    endloop
  endfacet
  facet normal 0 0 1
    outer loop
      vertex -17.1 -1 4.4
      vertex -50 1 4.4
      vertex -50 -1 4.4
    endloop
  endfacet
  facet normal -0 0 1
    outer loop
      vertex 17.1 1 4.4
      vertex 50 -1 4.4
      vertex 50 1 4.4
    endloop
  endfacet
  facet normal 0 0 1
    outer loop
      vertex 50 -1 4.4
      vertex 17.1 1 4.4
      vertex 17.1 -1 4.4
    endloop
  endfacet
  facet normal -0 0 1
    outer loop
      vertex -11.1 1 4.4
      vertex -1 -1 4.4
      vertex -1 1 4.4
    endloop
  endfacet
  facet normal 0 0 1
    outer loop
      vertex -1 -1 4.4
      vertex -11.1 1 4.4
      vertex -11.1 -1 4.4
    endloop
  endfacet
  facet normal 0 0 1
    outer loop
      vertex -1 1 4.4
      vertex 1 1 4.4
      vertex 1 50 4.4
    endloop
  endfacet
  facet normal 0 0 1
    outer loop
      vertex 1 1 4.4
      vertex -1 1 4.4
      vertex 1 -1 4.4
    endloop
  endfacet
  facet normal 0 0 1
    outer loop
      vertex -1 1 4.4
      vertex 1 50 4.4
      vertex -1 50 4.4
    endloop
  endfacet
  facet normal 0 0 1
    outer loop
      vertex -1 -1 4.4
      vertex 1 -1 4.4
      vertex -1 1 4.4
    endloop
  endfacet
  facet normal 0 0 1
    outer loop
      vertex 1 -1 4.4
      vertex -1 -1 4.4
      vertex 1 -50 4.4
    endloop
  endfacet
  facet normal 0 0 1
    outer loop
      vertex 1 -50 4.4
      vertex -1 -1 4.4
      vertex -1 -50 4.4
    endloop
  endfacet
  facet normal -0 0 1
    outer loop
      vertex 1 1 4.4
      vertex 11.1 -1 4.4
      vertex 11.1 1 4.4
    endloop
  endfacet
  facet normal 0 0 1
    outer loop
      vertex 11.1 -1 4.4
      vertex 1 1 4.4
      vertex 1 -1 4.4
    endloop
  endfacet
  facet normal 0 0 1
    outer loop
      vertex -13.2043 0.0882149 4.4
      vertex -13.2043 -0.0882149 4.4
      vertex -13.2 0 4.4
    endloop
  endfacet
  facet normal 0 0 1
    outer loop
      vertex -13.2173 0.175581 4.4
      vertex -13.2043 -0.0882149 4.4
      vertex -13.2043 0.0882149 4.4
    endloop
  endfacet
  facet normal 0 0 1
    outer loop
      vertex -13.2173 0.175581 4.4
      vertex -13.2173 -0.175581 4.4
      vertex -13.2043 -0.0882149 4.4
    endloop
  endfacet
  facet normal 0 0 1
    outer loop
      vertex -13.2388 0.261255 4.4
      vertex -13.2173 -0.175581 4.4
      vertex -13.2173 0.175581 4.4
    endloop
  endfacet
  facet normal 0 0 1
    outer loop
      vertex -13.2388 0.261255 4.4
      vertex -13.2388 -0.261255 4.4
      vertex -13.2173 -0.175581 4.4
    endloop
  endfacet
  facet normal 0 0 1
    outer loop
      vertex -13.2685 0.344415 4.4
      vertex -13.2388 -0.261255 4.4
      vertex -13.2388 0.261255 4.4
    endloop
  endfacet
  facet normal 0 0 1
    outer loop
      vertex -13.2685 0.344415 4.4
      vertex -13.2685 -0.344415 4.4
      vertex -13.2388 -0.261255 4.4
    endloop
  endfacet
  facet normal 0 0 1
    outer loop
      vertex -13.3063 0.424256 4.4
      vertex -13.2685 -0.344415 4.4
      vertex -13.2685 0.344415 4.4
    endloop
  endfacet
  facet normal 0 0 1
    outer loop
      vertex -13.3063 0.424256 4.4
      vertex -13.3063 -0.424256 4.4
      vertex -13.2685 -0.344415 4.4
    endloop
  endfacet
  facet normal 0 0 1
    outer loop
      vertex -13.3517 0.500012 4.4
      vertex -13.3063 -0.424256 4.4
      vertex -13.3063 0.424256 4.4
    endloop
  endfacet
  facet normal 0 0 1
    outer loop
      vertex -13.3517 0.500012 4.4
      vertex -13.3517 -0.500012 4.4
      vertex -13.3063 -0.424256 4.4
    endloop
  endfacet
  facet normal 0 0 1
    outer loop
      vertex -13.4043 0.570953 4.4
      vertex -13.3517 -0.500012 4.4
      vertex -13.3517 0.500012 4.4
    endloop
  endfacet
  facet normal 0 0 1
    outer loop
      vertex -13.4043 0.570953 4.4
      vertex -13.4043 -0.570953 4.4
      vertex -13.3517 -0.500012 4.4
    endloop
  endfacet
  facet normal 0 0 1
    outer loop
      vertex -13.4636 0.636395 4.4
      vertex -13.4043 -0.570953 4.4
      vertex -13.4043 0.570953 4.4
    endloop
  endfacet
  facet normal 0 0 1
    outer loop
      vertex -13.4636 0.636395 4.4
      vertex -13.4636 -0.636395 4.4
      vertex -13.4043 -0.570953 4.4
    endloop
  endfacet
  facet normal 0 0 1
    outer loop
      vertex -13.529 0.695709 4.4
      vertex -13.4636 -0.636395 4.4
      vertex -13.4636 0.636395 4.4
    endloop
  endfacet
  facet normal 0 0 1
    outer loop
      vertex -13.529 0.695709 4.4
      vertex -13.529 -0.695709 4.4
      vertex -13.4636 -0.636395 4.4
    endloop
  endfacet
  facet normal 0 0 1
    outer loop
      vertex -13.6 0.748322 4.4
      vertex -13.529 -0.695709 4.4
      vertex -13.529 0.695709 4.4
    endloop
  endfacet
  facet normal 0 0 1
    outer loop
      vertex -13.6 0.748322 4.4
      vertex -13.6 -0.748322 4.4
      vertex -13.529 -0.695709 4.4
    endloop
  endfacet
  facet normal 0 0 1
    outer loop
      vertex -13.6757 0.793729 4.4
      vertex -13.6 -0.748322 4.4
      vertex -13.6 0.748322 4.4
    endloop
  endfacet
  facet normal 0 0 1
    outer loop
      vertex -13.6757 0.793729 4.4
      vertex -13.6757 -0.793729 4.4
      vertex -13.6 -0.748322 4.4
    endloop
  endfacet
  facet normal 0 0 1
    outer loop
      vertex -13.7556 0.831491 4.4
      vertex -13.6757 -0.793729 4.4
      vertex -13.6757 0.793729 4.4
    endloop
  endfacet
  facet normal 0 0 1
    outer loop
      vertex -13.7556 0.831491 4.4
      vertex -13.7556 -0.831491 4.4
      vertex -13.6757 -0.793729 4.4
    endloop
  endfacet
  facet normal 0 0 1
    outer loop
      vertex -13.8387 0.861246 4.4
      vertex -13.7556 -0.831491 4.4
      vertex -13.7556 0.831491 4.4
    endloop
  endfacet
  facet normal 0 0 1
    outer loop
      vertex -13.8387 0.861246 4.4
      vertex -13.8387 -0.861246 4.4
      vertex -13.7556 -0.831491 4.4
    endloop
  endfacet
  facet normal 0 0 1
    outer loop
      vertex -13.9244 0.882707 4.4
      vertex -13.8387 -0.861246 4.4
      vertex -13.8387 0.861246 4.4
    endloop
  endfacet
  facet normal 0 0 1
    outer loop
      vertex -13.9244 0.882707 4.4
      vertex -13.9244 -0.882707 4.4
      vertex -13.8387 -0.861246 4.4
    endloop
  endfacet
  facet normal 0 0 1
    outer loop
      vertex -14.0118 0.895666 4.4
      vertex -13.9244 -0.882707 4.4
      vertex -13.9244 0.882707 4.4
    endloop
  endfacet
  facet normal 0 0 1
    outer loop
      vertex -14.0118 0.895666 4.4
      vertex -14.0118 -0.895666 4.4
      vertex -13.9244 -0.882707 4.4
    endloop
  endfacet
  facet normal 0 0 1
    outer loop
      vertex -14.1 0.9 4.4
      vertex -14.0118 -0.895666 4.4
      vertex -14.0118 0.895666 4.4
    endloop
  endfacet
  facet normal 0 0 1
    outer loop
      vertex -14.1 0.9 4.4
      vertex -14.1 -0.9 4.4
      vertex -14.0118 -0.895666 4.4
    endloop
  endfacet
  facet normal -0 0 1
    outer loop
      vertex -14.1882 0.895666 4.4
      vertex -14.1 -0.9 4.4
      vertex -14.1 0.9 4.4
    endloop
  endfacet
  facet normal 0 0 1
    outer loop
      vertex -14.1882 0.895666 4.4
      vertex -14.1882 -0.895666 4.4
      vertex -14.1 -0.9 4.4
    endloop
  endfacet
  facet normal -0 0 1
    outer loop
      vertex -14.2756 0.882707 4.4
      vertex -14.1882 -0.895666 4.4
      vertex -14.1882 0.895666 4.4
    endloop
  endfacet
  facet normal 0 0 1
    outer loop
      vertex -14.2756 0.882707 4.4
      vertex -14.2756 -0.882707 4.4
      vertex -14.1882 -0.895666 4.4
    endloop
  endfacet
  facet normal -0 0 1
    outer loop
      vertex -14.3613 0.861246 4.4
      vertex -14.2756 -0.882707 4.4
      vertex -14.2756 0.882707 4.4
    endloop
  endfacet
  facet normal 0 0 1
    outer loop
      vertex -14.3613 0.861246 4.4
      vertex -14.3613 -0.861246 4.4
      vertex -14.2756 -0.882707 4.4
    endloop
  endfacet
  facet normal -0 0 1
    outer loop
      vertex -14.4444 0.831491 4.4
      vertex -14.3613 -0.861246 4.4
      vertex -14.3613 0.861246 4.4
    endloop
  endfacet
  facet normal 0 0 1
    outer loop
      vertex -14.4444 0.831491 4.4
      vertex -14.4444 -0.831491 4.4
      vertex -14.3613 -0.861246 4.4
    endloop
  endfacet
  facet normal -0 0 1
    outer loop
      vertex -14.5243 0.793729 4.4
      vertex -14.4444 -0.831491 4.4
      vertex -14.4444 0.831491 4.4
    endloop
  endfacet
  facet normal 0 0 1
    outer loop
      vertex -14.5243 0.793729 4.4
      vertex -14.5243 -0.793729 4.4
      vertex -14.4444 -0.831491 4.4
    endloop
  endfacet
  facet normal -0 0 1
    outer loop
      vertex -14.6 0.748322 4.4
      vertex -14.5243 -0.793729 4.4
      vertex -14.5243 0.793729 4.4
    endloop
  endfacet
  facet normal 0 0 1
    outer loop
      vertex -14.6 0.748322 4.4
      vertex -14.6 -0.748322 4.4
      vertex -14.5243 -0.793729 4.4
    endloop
  endfacet
  facet normal -0 0 1
    outer loop
      vertex -14.671 0.695709 4.4
      vertex -14.6 -0.748322 4.4
      vertex -14.6 0.748322 4.4
    endloop
  endfacet
  facet normal 0 0 1
    outer loop
      vertex -14.671 0.695709 4.4
      vertex -14.671 -0.695709 4.4
      vertex -14.6 -0.748322 4.4
    endloop
  endfacet
  facet normal -0 0 1
    outer loop
      vertex -14.7364 0.636395 4.4
      vertex -14.671 -0.695709 4.4
      vertex -14.671 0.695709 4.4
    endloop
  endfacet
  facet normal 0 0 1
    outer loop
      vertex -14.7364 0.636395 4.4
      vertex -14.7364 -0.636395 4.4
      vertex -14.671 -0.695709 4.4
    endloop
  endfacet
  facet normal -0 0 1
    outer loop
      vertex -14.7957 0.570953 4.4
      vertex -14.7364 -0.636395 4.4
      vertex -14.7364 0.636395 4.4
    endloop
  endfacet
  facet normal 0 0 1
    outer loop
      vertex -14.7957 0.570953 4.4
      vertex -14.7957 -0.570953 4.4
      vertex -14.7364 -0.636395 4.4
    endloop
  endfacet
  facet normal -0 0 1
    outer loop
      vertex -14.8483 0.500012 4.4
      vertex -14.7957 -0.570953 4.4
      vertex -14.7957 0.570953 4.4
    endloop
  endfacet
  facet normal 0 0 1
    outer loop
      vertex -14.8483 0.500012 4.4
      vertex -14.8483 -0.500012 4.4
      vertex -14.7957 -0.570953 4.4
    endloop
  endfacet
  facet normal -0 0 1
    outer loop
      vertex -14.8937 0.424256 4.4
      vertex -14.8483 -0.500012 4.4
      vertex -14.8483 0.500012 4.4
    endloop
  endfacet
  facet normal 0 0 1
    outer loop
      vertex -14.8937 0.424256 4.4
      vertex -14.8937 -0.424256 4.4
      vertex -14.8483 -0.500012 4.4
    endloop
  endfacet
  facet normal -0 0 1
    outer loop
      vertex -14.9315 0.344415 4.4
      vertex -14.8937 -0.424256 4.4
      vertex -14.8937 0.424256 4.4
    endloop
  endfacet
  facet normal 0 0 1
    outer loop
      vertex -14.9315 0.344415 4.4
      vertex -14.9315 -0.344415 4.4
      vertex -14.8937 -0.424256 4.4
    endloop
  endfacet
  facet normal -0 0 1
    outer loop
      vertex -14.9612 0.261255 4.4
      vertex -14.9315 -0.344415 4.4
      vertex -14.9315 0.344415 4.4
    endloop
  endfacet
  facet normal 0 0 1
    outer loop
      vertex -14.9612 0.261255 4.4
      vertex -14.9612 -0.261255 4.4
      vertex -14.9315 -0.344415 4.4
    endloop
  endfacet
  facet normal -0 0 1
    outer loop
      vertex -14.9827 0.175581 4.4
      vertex -14.9612 -0.261255 4.4
      vertex -14.9612 0.261255 4.4
    endloop
  endfacet
  facet normal 0 0 1
    outer loop
      vertex -14.9827 0.175581 4.4
      vertex -14.9827 -0.175581 4.4
      vertex -14.9612 -0.261255 4.4
    endloop
  endfacet
  facet normal -0 0 1
    outer loop
      vertex -14.9957 0.0882149 4.4
      vertex -14.9827 -0.175581 4.4
      vertex -14.9827 0.175581 4.4
    endloop
  endfacet
  facet normal 0 0 1
    outer loop
      vertex -14.9957 0.0882149 4.4
      vertex -14.9957 -0.0882149 4.4
      vertex -14.9827 -0.175581 4.4
    endloop
  endfacet
  facet normal 0 -0 1
    outer loop
      vertex -14.9957 -0.0882149 4.4
      vertex -14.9957 0.0882149 4.4
      vertex -15 0 4.4
    endloop
  endfacet
  facet normal 0 0 1
    outer loop
      vertex 14.9957 0.0882149 4.4
      vertex 14.9957 -0.0882149 4.4
      vertex 15 0 4.4
    endloop
  endfacet
  facet normal 0 0 1
    outer loop
      vertex 14.9827 0.175581 4.4
      vertex 14.9957 -0.0882149 4.4
      vertex 14.9957 0.0882149 4.4
    endloop
  endfacet
  facet normal 0 0 1
    outer loop
      vertex 14.9827 0.175581 4.4
      vertex 14.9827 -0.175581 4.4
      vertex 14.9957 -0.0882149 4.4
    endloop
  endfacet
  facet normal 0 0 1
    outer loop
      vertex 14.9612 0.261255 4.4
      vertex 14.9827 -0.175581 4.4
      vertex 14.9827 0.175581 4.4
    endloop
  endfacet
  facet normal 0 0 1
    outer loop
      vertex 14.9612 0.261255 4.4
      vertex 14.9612 -0.261255 4.4
      vertex 14.9827 -0.175581 4.4
    endloop
  endfacet
  facet normal 0 0 1
    outer loop
      vertex 14.9315 0.344415 4.4
      vertex 14.9612 -0.261255 4.4
      vertex 14.9612 0.261255 4.4
    endloop
  endfacet
  facet normal 0 0 1
    outer loop
      vertex 14.9315 0.344415 4.4
      vertex 14.9315 -0.344415 4.4
      vertex 14.9612 -0.261255 4.4
    endloop
  endfacet
  facet normal 0 0 1
    outer loop
      vertex 14.8937 0.424256 4.4
      vertex 14.9315 -0.344415 4.4
      vertex 14.9315 0.344415 4.4
    endloop
  endfacet
  facet normal 0 0 1
    outer loop
      vertex 14.8937 0.424256 4.4
      vertex 14.8937 -0.424256 4.4
      vertex 14.9315 -0.344415 4.4
    endloop
  endfacet
  facet normal 0 0 1
    outer loop
      vertex 14.8483 0.500012 4.4
      vertex 14.8937 -0.424256 4.4
      vertex 14.8937 0.424256 4.4
    endloop
  endfacet
  facet normal 0 0 1
    outer loop
      vertex 14.8483 0.500012 4.4
      vertex 14.8483 -0.500012 4.4
      vertex 14.8937 -0.424256 4.4
    endloop
  endfacet
  facet normal 0 0 1
    outer loop
      vertex 14.7957 0.570953 4.4
      vertex 14.8483 -0.500012 4.4
      vertex 14.8483 0.500012 4.4
    endloop
  endfacet
  facet normal 0 0 1
    outer loop
      vertex 14.7957 0.570953 4.4
      vertex 14.7957 -0.570953 4.4
      vertex 14.8483 -0.500012 4.4
    endloop
  endfacet
  facet normal 0 0 1
    outer loop
      vertex 14.7364 0.636395 4.4
      vertex 14.7957 -0.570953 4.4
      vertex 14.7957 0.570953 4.4
    endloop
  endfacet
  facet normal 0 0 1
    outer loop
      vertex 14.7364 0.636395 4.4
      vertex 14.7364 -0.636395 4.4
      vertex 14.7957 -0.570953 4.4
    endloop
  endfacet
  facet normal 0 0 1
    outer loop
      vertex 14.671 0.695709 4.4
      vertex 14.7364 -0.636395 4.4
      vertex 14.7364 0.636395 4.4
    endloop
  endfacet
  facet normal 0 0 1
    outer loop
      vertex 14.671 0.695709 4.4
      vertex 14.671 -0.695709 4.4
      vertex 14.7364 -0.636395 4.4
    endloop
  endfacet
  facet normal 0 0 1
    outer loop
      vertex 14.6 0.748322 4.4
      vertex 14.671 -0.695709 4.4
      vertex 14.671 0.695709 4.4
    endloop
  endfacet
  facet normal 0 0 1
    outer loop
      vertex 14.6 0.748322 4.4
      vertex 14.6 -0.748322 4.4
      vertex 14.671 -0.695709 4.4
    endloop
  endfacet
  facet normal 0 0 1
    outer loop
      vertex 14.5243 0.793729 4.4
      vertex 14.6 -0.748322 4.4
      vertex 14.6 0.748322 4.4
    endloop
  endfacet
  facet normal 0 0 1
    outer loop
      vertex 14.5243 0.793729 4.4
      vertex 14.5243 -0.793729 4.4
      vertex 14.6 -0.748322 4.4
    endloop
  endfacet
  facet normal 0 0 1
    outer loop
      vertex 14.4444 0.831491 4.4
      vertex 14.5243 -0.793729 4.4
      vertex 14.5243 0.793729 4.4
    endloop
  endfacet
  facet normal 0 0 1
    outer loop
      vertex 14.4444 0.831491 4.4
      vertex 14.4444 -0.831491 4.4
      vertex 14.5243 -0.793729 4.4
    endloop
  endfacet
  facet normal 0 0 1
    outer loop
      vertex 14.3613 0.861246 4.4
      vertex 14.4444 -0.831491 4.4
      vertex 14.4444 0.831491 4.4
    endloop
  endfacet
  facet normal 0 0 1
    outer loop
      vertex 14.3613 0.861246 4.4
      vertex 14.3613 -0.861246 4.4
      vertex 14.4444 -0.831491 4.4
    endloop
  endfacet
  facet normal 0 0 1
    outer loop
      vertex 14.2756 0.882707 4.4
      vertex 14.3613 -0.861246 4.4
      vertex 14.3613 0.861246 4.4
    endloop
  endfacet
  facet normal 0 0 1
    outer loop
      vertex 14.2756 0.882707 4.4
      vertex 14.2756 -0.882707 4.4
      vertex 14.3613 -0.861246 4.4
    endloop
  endfacet
  facet normal 0 0 1
    outer loop
      vertex 14.1882 0.895666 4.4
      vertex 14.2756 -0.882707 4.4
      vertex 14.2756 0.882707 4.4
    endloop
  endfacet
  facet normal 0 0 1
    outer loop
      vertex 14.1882 0.895666 4.4
      vertex 14.1882 -0.895666 4.4
      vertex 14.2756 -0.882707 4.4
    endloop
  endfacet
  facet normal 0 0 1
    outer loop
      vertex 14.1 0.9 4.4
      vertex 14.1882 -0.895666 4.4
      vertex 14.1882 0.895666 4.4
    endloop
  endfacet
  facet normal 0 0 1
    outer loop
      vertex 14.1 0.9 4.4
      vertex 14.1 -0.9 4.4
      vertex 14.1882 -0.895666 4.4
    endloop
  endfacet
  facet normal -0 0 1
    outer loop
      vertex 14.0118 0.895666 4.4
      vertex 14.1 -0.9 4.4
      vertex 14.1 0.9 4.4
    endloop
  endfacet
  facet normal 0 0 1
    outer loop
      vertex 14.0118 0.895666 4.4
      vertex 14.0118 -0.895666 4.4
      vertex 14.1 -0.9 4.4
    endloop
  endfacet
  facet normal -0 0 1
    outer loop
      vertex 13.9244 0.882707 4.4
      vertex 14.0118 -0.895666 4.4
      vertex 14.0118 0.895666 4.4
    endloop
  endfacet
  facet normal 0 0 1
    outer loop
      vertex 13.9244 0.882707 4.4
      vertex 13.9244 -0.882707 4.4
      vertex 14.0118 -0.895666 4.4
    endloop
  endfacet
  facet normal -0 0 1
    outer loop
      vertex 13.8387 0.861246 4.4
      vertex 13.9244 -0.882707 4.4
      vertex 13.9244 0.882707 4.4
    endloop
  endfacet
  facet normal 0 0 1
    outer loop
      vertex 13.8387 0.861246 4.4
      vertex 13.8387 -0.861246 4.4
      vertex 13.9244 -0.882707 4.4
    endloop
  endfacet
  facet normal -0 0 1
    outer loop
      vertex 13.7556 0.831491 4.4
      vertex 13.8387 -0.861246 4.4
      vertex 13.8387 0.861246 4.4
    endloop
  endfacet
  facet normal 0 0 1
    outer loop
      vertex 13.7556 0.831491 4.4
      vertex 13.7556 -0.831491 4.4
      vertex 13.8387 -0.861246 4.4
    endloop
  endfacet
  facet normal -0 0 1
    outer loop
      vertex 13.6757 0.793729 4.4
      vertex 13.7556 -0.831491 4.4
      vertex 13.7556 0.831491 4.4
    endloop
  endfacet
  facet normal 0 0 1
    outer loop
      vertex 13.6757 0.793729 4.4
      vertex 13.6757 -0.793729 4.4
      vertex 13.7556 -0.831491 4.4
    endloop
  endfacet
  facet normal -0 0 1
    outer loop
      vertex 13.6 0.748322 4.4
      vertex 13.6757 -0.793729 4.4
      vertex 13.6757 0.793729 4.4
    endloop
  endfacet
  facet normal 0 0 1
    outer loop
      vertex 13.6 0.748322 4.4
      vertex 13.6 -0.748322 4.4
      vertex 13.6757 -0.793729 4.4
    endloop
  endfacet
  facet normal -0 0 1
    outer loop
      vertex 13.529 0.695709 4.4
      vertex 13.6 -0.748322 4.4
      vertex 13.6 0.748322 4.4
    endloop
  endfacet
  facet normal 0 0 1
    outer loop
      vertex 13.529 0.695709 4.4
      vertex 13.529 -0.695709 4.4
      vertex 13.6 -0.748322 4.4
    endloop
  endfacet
  facet normal -0 0 1
    outer loop
      vertex 13.4636 0.636395 4.4
      vertex 13.529 -0.695709 4.4
      vertex 13.529 0.695709 4.4
    endloop
  endfacet
  facet normal 0 0 1
    outer loop
      vertex 13.4636 0.636395 4.4
      vertex 13.4636 -0.636395 4.4
      vertex 13.529 -0.695709 4.4
    endloop
  endfacet
  facet normal -0 0 1
    outer loop
      vertex 13.4043 0.570953 4.4
      vertex 13.4636 -0.636395 4.4
      vertex 13.4636 0.636395 4.4
    endloop
  endfacet
  facet normal 0 0 1
    outer loop
      vertex 13.4043 0.570953 4.4
      vertex 13.4043 -0.570953 4.4
      vertex 13.4636 -0.636395 4.4
    endloop
  endfacet
  facet normal -0 0 1
    outer loop
      vertex 13.3517 0.500012 4.4
      vertex 13.4043 -0.570953 4.4
      vertex 13.4043 0.570953 4.4
    endloop
  endfacet
  facet normal 0 0 1
    outer loop
      vertex 13.3517 0.500012 4.4
      vertex 13.3517 -0.500012 4.4
      vertex 13.4043 -0.570953 4.4
    endloop
  endfacet
  facet normal -0 0 1
    outer loop
      vertex 13.3063 0.424256 4.4
      vertex 13.3517 -0.500012 4.4
      vertex 13.3517 0.500012 4.4
    endloop
  endfacet
  facet normal 0 0 1
    outer loop
      vertex 13.3063 0.424256 4.4
      vertex 13.3063 -0.424256 4.4
      vertex 13.3517 -0.500012 4.4
    endloop
  endfacet
  facet normal -0 0 1
    outer loop
      vertex 13.2685 0.344415 4.4
      vertex 13.3063 -0.424256 4.4
      vertex 13.3063 0.424256 4.4
    endloop
  endfacet
  facet normal 0 0 1
    outer loop
      vertex 13.2685 0.344415 4.4
      vertex 13.2685 -0.344415 4.4
      vertex 13.3063 -0.424256 4.4
    endloop
  endfacet
  facet normal -0 0 1
    outer loop
      vertex 13.2388 0.261255 4.4
      vertex 13.2685 -0.344415 4.4
      vertex 13.2685 0.344415 4.4
    endloop
  endfacet
  facet normal 0 0 1
    outer loop
      vertex 13.2388 0.261255 4.4
      vertex 13.2388 -0.261255 4.4
      vertex 13.2685 -0.344415 4.4
    endloop
  endfacet
  facet normal -0 0 1
    outer loop
      vertex 13.2173 0.175581 4.4
      vertex 13.2388 -0.261255 4.4
      vertex 13.2388 0.261255 4.4
    endloop
  endfacet
  facet normal 0 0 1
    outer loop
      vertex 13.2173 0.175581 4.4
      vertex 13.2173 -0.175581 4.4
      vertex 13.2388 -0.261255 4.4
    endloop
  endfacet
  facet normal -0 0 1
    outer loop
      vertex 13.2043 0.0882149 4.4
      vertex 13.2173 -0.175581 4.4
      vertex 13.2173 0.175581 4.4
    endloop
  endfacet
  facet normal 0 0 1
    outer loop
      vertex 13.2043 0.0882149 4.4
      vertex 13.2043 -0.0882149 4.4
      vertex 13.2173 -0.175581 4.4
    endloop
  endfacet
  facet normal 0 -0 1
    outer loop
      vertex 13.2043 -0.0882149 4.4
      vertex 13.2043 0.0882149 4.4
      vertex 13.2 0 4.4
    endloop
  endfacet
  facet normal -1 0 0
    outer loop
      vertex -50 -1 2.4
      vertex -50 1 4.4
      vertex -50 1 2.4
    endloop
  endfacet
  facet normal -1 -0 0
    outer loop
      vertex -50 1 4.4
      vertex -50 -1 2.4
      vertex -50 -1 4.4
    endloop
  endfacet
  facet normal 0 1 -0
    outer loop
      vertex -6.4 1 2.4
      vertex -11.1 1 4.4
      vertex -1 1 4.4
    endloop
  endfacet
  facet normal 0 1 0
    outer loop
      vertex -11.1 1 4.4
      vertex -6.4 1 2.4
      vertex -11.1 1 2.4
    endloop
  endfacet
  facet normal 0 1 0
    outer loop
      vertex -6.4 1 2.4
      vertex -1 1 4.4
      vertex -1 1 2.4
    endloop
  endfacet
  facet normal 0 1 -0
    outer loop
      vertex -17.1 1 2.4
      vertex -50 1 4.4
      vertex -17.1 1 4.4
    endloop
  endfacet
  facet normal 0 -0 0
    outer loop
      vertex -11.1 1 2.4
      vertex -6.4 1 2.4
      vertex -17.1 1 2.4
    endloop
  endfacet
  facet normal 0 1 0
    outer loop
      vertex -17.1 1 2.4
      vertex -50 1 2.4
      vertex -50 1 4.4
    endloop
  endfacet
  facet normal 0 0 0
    outer loop
      vertex -50 1 2.4
      vertex -17.1 1 2.4
      vertex -6.4 1 2.4
    endloop
  endfacet
  facet normal 0 1 0
    outer loop
      vertex 50 1 4.4
      vertex 17.1 1 2.4
      vertex 17.1 1 4.4
    endloop
  endfacet
  facet normal 0 -0 0
    outer loop
      vertex 17.1 1 2.4
      vertex 50 1 2.4
      vertex 11.1 1 2.4
    endloop
  endfacet
  facet normal 0 1 -0
    outer loop
      vertex 50 1 2.4
      vertex 17.1 1 2.4
      vertex 50 1 4.4
    endloop
  endfacet
  facet normal 0 1 0
    outer loop
      vertex 6.4 1 2.4
      vertex 11.1 1 4.4
      vertex 11.1 1 2.4
    endloop
  endfacet
  facet normal 0 0 0
    outer loop
      vertex 6.4 1 2.4
      vertex 11.1 1 2.4
      vertex 50 1 2.4
    endloop
  endfacet
  facet normal 0 1 0
    outer loop
      vertex 11.1 1 4.4
      vertex 6.4 1 2.4
      vertex 1 1 4.4
    endloop
  endfacet
  facet normal 0 1 0
    outer loop
      vertex 1 1 4.4
      vertex 6.4 1 2.4
      vertex 1 1 2.4
    endloop
  endfacet
  facet normal 0 -1 0
    outer loop
      vertex -50 -1 4.4
      vertex -17.1 -1 2.4
      vertex -17.1 -1 4.4
    endloop
  endfacet
  facet normal 0 0 -0
    outer loop
      vertex -17.1 -1 2.4
      vertex -50 -1 2.4
      vertex -11.1 -1 2.4
    endloop
  endfacet
  facet normal 0 -1 0
    outer loop
      vertex -50 -1 2.4
      vertex -17.1 -1 2.4
      vertex -50 -1 4.4
    endloop
  endfacet
  facet normal 0 -1 0
    outer loop
      vertex -6.4 -1 2.4
      vertex -11.1 -1 4.4
      vertex -11.1 -1 2.4
    endloop
  endfacet
  facet normal 0 0 0
    outer loop
      vertex -6.4 -1 2.4
      vertex -11.1 -1 2.4
      vertex -50 -1 2.4
    endloop
  endfacet
  facet normal 0 -1 0
    outer loop
      vertex -11.1 -1 4.4
      vertex -6.4 -1 2.4
      vertex -1 -1 4.4
    endloop
  endfacet
  facet normal 0 -1 -0
    outer loop
      vertex -1 -1 4.4
      vertex -6.4 -1 2.4
      vertex -1 -1 2.4
    endloop
  endfacet
  facet normal 0 -1 0
    outer loop
      vertex 6.4 -1 2.4
      vertex 11.1 -1 4.4
      vertex 1 -1 4.4
    endloop
  endfacet
  facet normal 0 -1 -0
    outer loop
      vertex 11.1 -1 4.4
      vertex 6.4 -1 2.4
      vertex 11.1 -1 2.4
    endloop
  endfacet
  facet normal 0 -1 0
    outer loop
      vertex 6.4 -1 2.4
      vertex 1 -1 4.4
      vertex 1 -1 2.4
    endloop
  endfacet
  facet normal 0 -1 0
    outer loop
      vertex 30.3 -1 2.4
      vertex 17.1 -1 4.4
      vertex 17.1 -1 2.4
    endloop
  endfacet
  facet normal 0 0 -0
    outer loop
      vertex 11.1 -1 2.4
      vertex 6.4 -1 2.4
      vertex 17.1 -1 2.4
    endloop
  endfacet
  facet normal 0 0 0
    outer loop
      vertex 30.3 -1 2.4
      vertex 17.1 -1 2.4
      vertex 6.4 -1 2.4
    endloop
  endfacet
  facet normal 0 -1 0
    outer loop
      vertex 17.1 -1 4.4
      vertex 30.3 -1 2.4
      vertex 50 -1 4.4
    endloop
  endfacet
  facet normal 0 -1 -0
    outer loop
      vertex 50 -1 4.4
      vertex 30.3 -1 2.4
      vertex 50 -1 2.4
    endloop
  endfacet
  facet normal 0 -1 0
    outer loop
      vertex -1 -50 2.4
      vertex 1 -50 4.4
      vertex -1 -50 4.4
    endloop
  endfacet
  facet normal 0 -1 -0
    outer loop
      vertex 1 -50 4.4
      vertex -1 -50 2.4
      vertex 1 -50 2.4
    endloop
  endfacet
  facet normal -1 0 0
    outer loop
      vertex -1 -11.7 2.4
      vertex -1 -1 4.4
      vertex -1 -1 2.4
    endloop
  endfacet
  facet normal -1 0 0
    outer loop
      vertex -1 -50 4.4
      vertex -1 -11.7 2.4
      vertex -1 -50 2.4
    endloop
  endfacet
  facet normal -1 0 0
    outer loop
      vertex -1 -11.7 2.4
      vertex -1 -50 4.4
      vertex -1 -1 4.4
    endloop
  endfacet
  facet normal -1 0 0
    outer loop
      vertex -1 11.7 2.4
      vertex -1 50 4.4
      vertex -1 50 2.4
    endloop
  endfacet
  facet normal -1 0 0
    outer loop
      vertex -1 1 4.4
      vertex -1 11.7 2.4
      vertex -1 1 2.4
    endloop
  endfacet
  facet normal -1 0 0
    outer loop
      vertex -1 11.7 2.4
      vertex -1 1 4.4
      vertex -1 50 4.4
    endloop
  endfacet
  facet normal 1 0 0
    outer loop
      vertex 1 -1 4.4
      vertex 1 -11.7 2.4
      vertex 1 -1 2.4
    endloop
  endfacet
  facet normal 1 -0 0
    outer loop
      vertex 1 -50 4.4
      vertex 1 -11.7 2.4
      vertex 1 -1 4.4
    endloop
  endfacet
  facet normal 1 0 0
    outer loop
      vertex 1 -11.7 2.4
      vertex 1 -50 4.4
      vertex 1 -50 2.4
    endloop
  endfacet
  facet normal 1 0 0
    outer loop
      vertex 1 50 4.4
      vertex 1 11.7 2.4
      vertex 1 50 2.4
    endloop
  endfacet
  facet normal 1 -0 0
    outer loop
      vertex 1 1 4.4
      vertex 1 11.7 2.4
      vertex 1 50 4.4
    endloop
  endfacet
  facet normal 1 0 0
    outer loop
      vertex 1 11.7 2.4
      vertex 1 1 4.4
      vertex 1 1 2.4
    endloop
  endfacet
  facet normal 0 1 -0
    outer loop
      vertex 1 50 2.4
      vertex -1 50 4.4
      vertex 1 50 4.4
    endloop
  endfacet
  facet normal 0 1 0
    outer loop
      vertex -1 50 4.4
      vertex 1 50 2.4
      vertex -1 50 2.4
    endloop
  endfacet
endsolid OpenSCAD_Model
