solid OpenSCAD_Model
  facet normal 0.893222 -0.449616 0
    outer loop
      vertex 52.9153 -50.2838 16
      vertex 54.2394 -47.6533 0
      vertex 54.2394 -47.6533 16
    endloop
  endfacet
  facet normal 0.893222 -0.449616 0
    outer loop
      vertex 54.2394 -47.6533 0
      vertex 52.9153 -50.2838 16
      vertex 52.9153 -50.2838 0
    endloop
  endfacet
  facet normal 0.914212 -0.405237 0
    outer loop
      vertex 54.2394 -47.6533 16
      vertex 55.4328 -44.961 0
      vertex 55.4328 -44.961 16
    endloop
  endfacet
  facet normal 0.914212 -0.405237 0
    outer loop
      vertex 55.4328 -44.961 0
      vertex 54.2394 -47.6533 16
      vertex 54.2394 -47.6533 0
    endloop
  endfacet
  facet normal 0.975705 -0.219087 0
    outer loop
      vertex 58.2019 -36.5788 16
      vertex 58.8471 -33.7054 0
      vertex 58.8471 -33.7054 16
    endloop
  endfacet
  facet normal 0.975705 -0.219087 0
    outer loop
      vertex 58.8471 -33.7054 0
      vertex 58.2019 -36.5788 16
      vertex 58.2019 -36.5788 0
    endloop
  endfacet
  facet normal 0.844855 -0.534996 0
    outer loop
      vertex 49.8882 -55.3342 16
      vertex 51.4637 -52.8462 0
      vertex 51.4637 -52.8462 16
    endloop
  endfacet
  facet normal 0.844855 -0.534996 0
    outer loop
      vertex 51.4637 -52.8462 0
      vertex 49.8882 -55.3342 16
      vertex 49.8882 -55.3342 0
    endloop
  endfacet
  facet normal 0.933 -0.359875 0
    outer loop
      vertex 55.4328 -44.961 16
      vertex 56.4926 -42.2134 0
      vertex 56.4926 -42.2134 16
    endloop
  endfacet
  facet normal 0.933 -0.359875 0
    outer loop
      vertex 56.4926 -42.2134 0
      vertex 55.4328 -44.961 16
      vertex 55.4328 -44.961 0
    endloop
  endfacet
  facet normal 0.933001 0.359874 0
    outer loop
      vertex 56.4926 -1.78661 16
      vertex 55.4328 0.961005 0
      vertex 55.4328 0.961005 16
    endloop
  endfacet
  facet normal 0.933001 0.359874 0
    outer loop
      vertex 55.4328 0.961005 0
      vertex 56.4926 -1.78661 16
      vertex 56.4926 -1.78661 0
    endloop
  endfacet
  facet normal 0.817595 0.575794 0
    outer loop
      vertex 49.8882 11.3342 16
      vertex 48.1925 13.742 0
      vertex 48.1925 13.742 16
    endloop
  endfacet
  facet normal 0.817595 0.575794 0
    outer loop
      vertex 48.1925 13.742 0
      vertex 49.8882 11.3342 16
      vertex 49.8882 11.3342 0
    endloop
  endfacet
  facet normal 0.985276 0.17097 0
    outer loop
      vertex 59.3506 -13.1962 16
      vertex 58.8471 -10.2946 0
      vertex 58.8471 -10.2946 16
    endloop
  endfacet
  facet normal 0.985276 0.17097 0
    outer loop
      vertex 58.8471 -10.2946 0
      vertex 59.3506 -13.1962 16
      vertex 59.3506 -13.1962 0
    endloop
  endfacet
  facet normal 0.992479 -0.122413 0
    outer loop
      vertex 59.3506 -30.8038 16
      vertex 59.7111 -27.881 0
      vertex 59.7111 -27.881 16
    endloop
  endfacet
  facet normal 0.992479 -0.122413 0
    outer loop
      vertex 59.7111 -27.881 0
      vertex 59.3506 -30.8038 16
      vertex 59.3506 -30.8038 0
    endloop
  endfacet
  facet normal 0.975705 0.219086 0
    outer loop
      vertex 58.8471 -10.2946 16
      vertex 58.2019 -7.42119 0
      vertex 58.2019 -7.42119 16
    endloop
  endfacet
  facet normal 0.975705 0.219086 0
    outer loop
      vertex 58.2019 -7.42119 0
      vertex 58.8471 -10.2946 16
      vertex 58.8471 -10.2946 0
    endloop
  endfacet
  facet normal 0.870081 0.492909 0
    outer loop
      vertex 52.9153 6.2838 16
      vertex 51.4637 8.84616 0
      vertex 51.4637 8.84616 16
    endloop
  endfacet
  facet normal 0.870081 0.492909 0
    outer loop
      vertex 51.4637 8.84616 0
      vertex 52.9153 6.2838 16
      vertex 52.9153 6.2838 0
    endloop
  endfacet
  facet normal 0.817595 -0.575794 0
    outer loop
      vertex 48.1925 -57.742 16
      vertex 49.8882 -55.3342 0
      vertex 49.8882 -55.3342 16
    endloop
  endfacet
  facet normal 0.817595 -0.575794 0
    outer loop
      vertex 49.8882 -55.3342 0
      vertex 48.1925 -57.742 16
      vertex 48.1925 -57.742 0
    endloop
  endfacet
  facet normal 0.992479 0.122413 0
    outer loop
      vertex 59.7111 -16.119 16
      vertex 59.3506 -13.1962 0
      vertex 59.3506 -13.1962 16
    endloop
  endfacet
  facet normal 0.992479 0.122413 0
    outer loop
      vertex 59.3506 -13.1962 0
      vertex 59.7111 -16.119 16
      vertex 59.7111 -16.119 0
    endloop
  endfacet
  facet normal 0.788223 -0.61539 0
    outer loop
      vertex 47.9105 -58.1032 16
      vertex 48.1925 -57.742 0
      vertex 48.1925 -57.742 16
    endloop
  endfacet
  facet normal 0.788223 -0.61539 0
    outer loop
      vertex 48.1925 -57.742 0
      vertex 47.9105 -58.1032 16
      vertex 47.9105 -58.1032 0
    endloop
  endfacet
  facet normal 0.997291 0.0735515 0
    outer loop
      vertex 59.9277 -19.0559 16
      vertex 59.7111 -16.119 0
      vertex 59.7111 -16.119 16
    endloop
  endfacet
  facet normal 0.997291 0.0735515 0
    outer loop
      vertex 59.7111 -16.119 0
      vertex 59.9277 -19.0559 16
      vertex 59.9277 -19.0559 0
    endloop
  endfacet
  facet normal 0.870084 -0.492903 0
    outer loop
      vertex 51.4637 -52.8462 16
      vertex 52.9153 -50.2838 0
      vertex 52.9153 -50.2838 16
    endloop
  endfacet
  facet normal 0.870084 -0.492903 0
    outer loop
      vertex 52.9153 -50.2838 0
      vertex 51.4637 -52.8462 16
      vertex 51.4637 -52.8462 0
    endloop
  endfacet
  facet normal 0.985276 -0.17097 0
    outer loop
      vertex 58.8471 -33.7054 16
      vertex 59.3506 -30.8038 0
      vertex 59.3506 -30.8038 16
    endloop
  endfacet
  facet normal 0.985276 -0.17097 0
    outer loop
      vertex 59.3506 -30.8038 0
      vertex 58.8471 -33.7054 16
      vertex 58.8471 -33.7054 0
    endloop
  endfacet
  facet normal 0.949526 0.313689 0
    outer loop
      vertex 57.4164 -4.58292 16
      vertex 56.4926 -1.78661 0
      vertex 56.4926 -1.78661 16
    endloop
  endfacet
  facet normal 0.949526 0.313689 0
    outer loop
      vertex 56.4926 -1.78661 0
      vertex 57.4164 -4.58292 16
      vertex 57.4164 -4.58292 0
    endloop
  endfacet
  facet normal 0.999699 -0.0245502 0
    outer loop
      vertex 59.9277 -24.9441 16
      vertex 60 -22 0
      vertex 60 -22 16
    endloop
  endfacet
  facet normal 0.999699 -0.0245502 0
    outer loop
      vertex 60 -22 0
      vertex 59.9277 -24.9441 16
      vertex 59.9277 -24.9441 0
    endloop
  endfacet
  facet normal 0.844859 0.534989 0
    outer loop
      vertex 51.4637 8.84616 16
      vertex 49.8882 11.3342 0
      vertex 49.8882 11.3342 16
    endloop
  endfacet
  facet normal 0.844859 0.534989 0
    outer loop
      vertex 49.8882 11.3342 0
      vertex 51.4637 8.84616 16
      vertex 51.4637 8.84616 0
    endloop
  endfacet
  facet normal 0.999699 0.0245502 0
    outer loop
      vertex 60 -22 16
      vertex 59.9277 -19.0559 0
      vertex 59.9277 -19.0559 16
    endloop
  endfacet
  facet normal 0.999699 0.0245502 0
    outer loop
      vertex 59.9277 -19.0559 0
      vertex 60 -22 16
      vertex 60 -22 0
    endloop
  endfacet
  facet normal 0.997291 -0.0735515 0
    outer loop
      vertex 59.7111 -27.881 16
      vertex 59.9277 -24.9441 0
      vertex 59.9277 -24.9441 16
    endloop
  endfacet
  facet normal 0.997291 -0.0735515 0
    outer loop
      vertex 59.9277 -24.9441 0
      vertex 59.7111 -27.881 16
      vertex 59.7111 -27.881 0
    endloop
  endfacet
  facet normal 0.788223 0.61539 0
    outer loop
      vertex 48.1925 13.742 16
      vertex 47.9105 14.1032 0
      vertex 47.9105 14.1032 16
    endloop
  endfacet
  facet normal 0.788223 0.61539 0
    outer loop
      vertex 47.9105 14.1032 0
      vertex 48.1925 13.742 16
      vertex 48.1925 13.742 0
    endloop
  endfacet
  facet normal 0.963773 -0.266724 0
    outer loop
      vertex 57.4164 -39.4171 16
      vertex 58.2019 -36.5788 0
      vertex 58.2019 -36.5788 16
    endloop
  endfacet
  facet normal 0.963773 -0.266724 0
    outer loop
      vertex 58.2019 -36.5788 0
      vertex 57.4164 -39.4171 16
      vertex 57.4164 -39.4171 0
    endloop
  endfacet
  facet normal 0.949525 -0.31369 0
    outer loop
      vertex 56.4926 -42.2134 16
      vertex 57.4164 -39.4171 0
      vertex 57.4164 -39.4171 16
    endloop
  endfacet
  facet normal 0.949525 -0.31369 0
    outer loop
      vertex 57.4164 -39.4171 0
      vertex 56.4926 -42.2134 16
      vertex 56.4926 -42.2134 0
    endloop
  endfacet
  facet normal 0.893221 0.449617 0
    outer loop
      vertex 54.2394 3.65331 16
      vertex 52.9153 6.2838 0
      vertex 52.9153 6.2838 16
    endloop
  endfacet
  facet normal 0.893221 0.449617 0
    outer loop
      vertex 52.9153 6.2838 0
      vertex 54.2394 3.65331 16
      vertex 54.2394 3.65331 0
    endloop
  endfacet
  facet normal 0 0 -1
    outer loop
      vertex 58.9482 -24.4707 0
      vertex 60 -22 0
      vertex 59.9277 -24.9441 0
    endloop
  endfacet
  facet normal 0 0 -1
    outer loop
      vertex 58.7931 -26.937 0
      vertex 59.9277 -24.9441 0
      vertex 59.7111 -27.881 0
    endloop
  endfacet
  facet normal -0 0 -1
    outer loop
      vertex 60 -22 0
      vertex 58.9482 -24.4707 0
      vertex 59 -22 0
    endloop
  endfacet
  facet normal 0 0 -1
    outer loop
      vertex 58.5348 -29.3947 0
      vertex 59.7111 -27.881 0
      vertex 59.3506 -30.8038 0
    endloop
  endfacet
  facet normal 0 0 -1
    outer loop
      vertex 58.9482 -19.5293 0
      vertex 60 -22 0
      vertex 59 -22 0
    endloop
  endfacet
  facet normal 0 0 -1
    outer loop
      vertex 58.7931 -17.063 0
      vertex 59.9277 -19.0559 0
      vertex 58.9482 -19.5293 0
    endloop
  endfacet
  facet normal 0 0 -1
    outer loop
      vertex 60 -22 0
      vertex 58.9482 -19.5293 0
      vertex 59.9277 -19.0559 0
    endloop
  endfacet
  facet normal 0 0 -1
    outer loop
      vertex 58.1738 -31.8394 0
      vertex 59.3506 -30.8038 0
      vertex 58.8471 -33.7054 0
    endloop
  endfacet
  facet normal -0 0 -1
    outer loop
      vertex 59.9277 -24.9441 0
      vertex 58.7931 -26.937 0
      vertex 58.9482 -24.4707 0
    endloop
  endfacet
  facet normal -0 0 -1
    outer loop
      vertex 59.7111 -27.881 0
      vertex 58.5348 -29.3947 0
      vertex 58.7931 -26.937 0
    endloop
  endfacet
  facet normal 0 0 -1
    outer loop
      vertex 57.7107 -34.2668 0
      vertex 58.8471 -33.7054 0
      vertex 58.2019 -36.5788 0
    endloop
  endfacet
  facet normal -0 0 -1
    outer loop
      vertex 59.3506 -30.8038 0
      vertex 58.1738 -31.8394 0
      vertex 58.5348 -29.3947 0
    endloop
  endfacet
  facet normal -0 0 -1
    outer loop
      vertex 58.8471 -33.7054 0
      vertex 57.7107 -34.2668 0
      vertex 58.1738 -31.8394 0
    endloop
  endfacet
  facet normal 0 0 -1
    outer loop
      vertex 57.4164 -39.4171 0
      vertex 57.7107 -34.2668 0
      vertex 58.2019 -36.5788 0
    endloop
  endfacet
  facet normal 0 0 -1
    outer loop
      vertex 56.4926 -42.2134 0
      vertex 57.7107 -34.2668 0
      vertex 57.4164 -39.4171 0
    endloop
  endfacet
  facet normal 0 0 -1
    outer loop
      vertex 15.6416 -25.3247 0
      vertex 56.4926 -42.2134 0
      vertex 55.4328 -44.961 0
    endloop
  endfacet
  facet normal 0 0 -1
    outer loop
      vertex 15.6416 -25.3247 0
      vertex 55.4328 -44.961 0
      vertex 54.2394 -47.6533 0
    endloop
  endfacet
  facet normal 0 0 -1
    outer loop
      vertex 15.6416 -25.3247 0
      vertex 54.2394 -47.6533 0
      vertex 52.9153 -50.2838 0
    endloop
  endfacet
  facet normal 0 0 -1
    outer loop
      vertex 15.6416 -25.3247 0
      vertex 52.9153 -50.2838 0
      vertex 51.4637 -52.8462 0
    endloop
  endfacet
  facet normal 0 0 -1
    outer loop
      vertex 15.6416 -25.3247 0
      vertex 51.4637 -52.8462 0
      vertex 49.8882 -55.3342 0
    endloop
  endfacet
  facet normal 0 0 -1
    outer loop
      vertex 15.6416 -25.3247 0
      vertex 49.8882 -55.3342 0
      vertex 48.1925 -57.742 0
    endloop
  endfacet
  facet normal 0 0 -1
    outer loop
      vertex 15.6416 -25.3247 0
      vertex 48.1925 -57.742 0
      vertex 47.9105 -58.1032 0
    endloop
  endfacet
  facet normal 0 0 -1
    outer loop
      vertex 56.4926 -42.2134 0
      vertex 15.6416 -25.3247 0
      vertex 57.7107 -34.2668 0
    endloop
  endfacet
  facet normal 0 0 -1
    outer loop
      vertex 16 -22 0
      vertex 9.58211 -14.7794 0
      vertex 15.923 -20.4317 0
    endloop
  endfacet
  facet normal 0 0 -1
    outer loop
      vertex 9.58211 -29.2206 0
      vertex 15.6416 -25.3247 0
      vertex 47.9105 -58.1032 0
    endloop
  endfacet
  facet normal 0 0 -1
    outer loop
      vertex 59.9277 -19.0559 0
      vertex 58.7931 -17.063 0
      vertex 59.7111 -16.119 0
    endloop
  endfacet
  facet normal 0 0 -1
    outer loop
      vertex 58.5348 -14.6053 0
      vertex 59.7111 -16.119 0
      vertex 58.7931 -17.063 0
    endloop
  endfacet
  facet normal 0 0 -1
    outer loop
      vertex 59.7111 -16.119 0
      vertex 58.5348 -14.6053 0
      vertex 59.3506 -13.1962 0
    endloop
  endfacet
  facet normal 0 0 -1
    outer loop
      vertex 58.1738 -12.1606 0
      vertex 59.3506 -13.1962 0
      vertex 58.5348 -14.6053 0
    endloop
  endfacet
  facet normal 0 0 -1
    outer loop
      vertex 59.3506 -13.1962 0
      vertex 58.1738 -12.1606 0
      vertex 58.8471 -10.2946 0
    endloop
  endfacet
  facet normal 0 0 -1
    outer loop
      vertex 57.7107 -9.73322 0
      vertex 58.8471 -10.2946 0
      vertex 58.1738 -12.1606 0
    endloop
  endfacet
  facet normal 0 0 -1
    outer loop
      vertex 58.8471 -10.2946 0
      vertex 57.7107 -9.73322 0
      vertex 58.2019 -7.42119 0
    endloop
  endfacet
  facet normal 0 0 -1
    outer loop
      vertex 57.7107 -9.73322 0
      vertex 57.4164 -4.58292 0
      vertex 58.2019 -7.42119 0
    endloop
  endfacet
  facet normal 0 0 -1
    outer loop
      vertex 57.7107 -9.73322 0
      vertex 56.4926 -1.78661 0
      vertex 57.4164 -4.58292 0
    endloop
  endfacet
  facet normal 0 0 -1
    outer loop
      vertex 15.6416 -18.6753 0
      vertex 56.4926 -1.78661 0
      vertex 57.7107 -9.73322 0
    endloop
  endfacet
  facet normal -0 0 -1
    outer loop
      vertex 56.4926 -1.78661 0
      vertex 15.6416 -18.6753 0
      vertex 55.4328 0.961005 0
    endloop
  endfacet
  facet normal -0 0 -1
    outer loop
      vertex 55.4328 0.961005 0
      vertex 15.6416 -18.6753 0
      vertex 54.2394 3.65331 0
    endloop
  endfacet
  facet normal -0 0 -1
    outer loop
      vertex 54.2394 3.65331 0
      vertex 15.6416 -18.6753 0
      vertex 52.9153 6.2838 0
    endloop
  endfacet
  facet normal -0 0 -1
    outer loop
      vertex 52.9153 6.2838 0
      vertex 15.6416 -18.6753 0
      vertex 51.4637 8.84616 0
    endloop
  endfacet
  facet normal -0 0 -1
    outer loop
      vertex 51.4637 8.84616 0
      vertex 15.6416 -18.6753 0
      vertex 49.8882 11.3342 0
    endloop
  endfacet
  facet normal -0 0 -1
    outer loop
      vertex 49.8882 11.3342 0
      vertex 15.6416 -18.6753 0
      vertex 48.1925 13.742 0
    endloop
  endfacet
  facet normal -0 0 -1
    outer loop
      vertex 48.1925 13.742 0
      vertex 15.6416 -18.6753 0
      vertex 47.9105 14.1032 0
    endloop
  endfacet
  facet normal 0 0 -1
    outer loop
      vertex 15.6416 -18.6753 0
      vertex 9.58211 -14.7794 0
      vertex 47.9105 14.1032 0
    endloop
  endfacet
  facet normal 0 0 -1
    outer loop
      vertex 15.923 -20.4317 0
      vertex 9.58211 -14.7794 0
      vertex 15.6416 -18.6753 0
    endloop
  endfacet
  facet normal 0 0 -1
    outer loop
      vertex 9.27612 -29.6127 0
      vertex 9.58211 -14.7794 0
      vertex 9.58211 -29.2206 0
    endloop
  endfacet
  facet normal 0 0 -1
    outer loop
      vertex 9.27612 -29.6127 0
      vertex 9.27612 -14.3873 0
      vertex 9.58211 -14.7794 0
    endloop
  endfacet
  facet normal 0 0 -1
    outer loop
      vertex 8.89141 -30.0587 0
      vertex 9.27612 -14.3873 0
      vertex 9.27612 -29.6127 0
    endloop
  endfacet
  facet normal 0 0 -1
    outer loop
      vertex 8.89141 -30.0587 0
      vertex 8.89141 -13.9413 0
      vertex 9.27612 -14.3873 0
    endloop
  endfacet
  facet normal 0 0 -1
    outer loop
      vertex 8.48528 -30.4853 0
      vertex 8.89141 -13.9413 0
      vertex 8.89141 -30.0587 0
    endloop
  endfacet
  facet normal 0 0 -1
    outer loop
      vertex 8.48528 -30.4853 0
      vertex 8.48528 -13.5147 0
      vertex 8.89141 -13.9413 0
    endloop
  endfacet
  facet normal 0 0 -1
    outer loop
      vertex 8.05871 -30.8914 0
      vertex 8.48528 -13.5147 0
      vertex 8.48528 -30.4853 0
    endloop
  endfacet
  facet normal 0 0 -1
    outer loop
      vertex 8.05871 -30.8914 0
      vertex 8.05871 -13.1086 0
      vertex 8.48528 -13.5147 0
    endloop
  endfacet
  facet normal 0 0 -1
    outer loop
      vertex 7.61272 -31.2761 0
      vertex 8.05871 -13.1086 0
      vertex 8.05871 -30.8914 0
    endloop
  endfacet
  facet normal 0 0 -1
    outer loop
      vertex 7.61272 -31.2761 0
      vertex 7.61272 -12.7239 0
      vertex 8.05871 -13.1086 0
    endloop
  endfacet
  facet normal 0 0 -1
    outer loop
      vertex 7.14839 -31.6385 0
      vertex 7.61272 -12.7239 0
      vertex 7.61272 -31.2761 0
    endloop
  endfacet
  facet normal 0 0 -1
    outer loop
      vertex 7.14839 -31.6385 0
      vertex 7.14839 -12.3615 0
      vertex 7.61272 -12.7239 0
    endloop
  endfacet
  facet normal 0 0 -1
    outer loop
      vertex 6.66684 -31.9776 0
      vertex 7.14839 -12.3615 0
      vertex 7.14839 -31.6385 0
    endloop
  endfacet
  facet normal 0 0 -1
    outer loop
      vertex 6.66684 -31.9776 0
      vertex 6.66684 -12.0224 0
      vertex 7.14839 -12.3615 0
    endloop
  endfacet
  facet normal 0 0 -1
    outer loop
      vertex 6.16923 -32.2927 0
      vertex 6.66684 -12.0224 0
      vertex 6.66684 -31.9776 0
    endloop
  endfacet
  facet normal 0 0 -1
    outer loop
      vertex 6.16923 -32.2927 0
      vertex 6.16923 -11.7073 0
      vertex 6.66684 -12.0224 0
    endloop
  endfacet
  facet normal 0 0 -1
    outer loop
      vertex 5.65676 -32.5831 0
      vertex 6.16923 -11.7073 0
      vertex 6.16923 -32.2927 0
    endloop
  endfacet
  facet normal 0 0 -1
    outer loop
      vertex 5.65676 -32.5831 0
      vertex 5.65676 -11.4169 0
      vertex 6.16923 -11.7073 0
    endloop
  endfacet
  facet normal 0 0 -1
    outer loop
      vertex 5.13066 -32.8479 0
      vertex 5.65676 -11.4169 0
      vertex 5.65676 -32.5831 0
    endloop
  endfacet
  facet normal 0 0 -1
    outer loop
      vertex 5.13066 -32.8479 0
      vertex 5.13066 -11.1521 0
      vertex 5.65676 -11.4169 0
    endloop
  endfacet
  facet normal 0 0 -1
    outer loop
      vertex 4.5922 -33.0866 0
      vertex 5.13066 -11.1521 0
      vertex 5.13066 -32.8479 0
    endloop
  endfacet
  facet normal 0 0 -1
    outer loop
      vertex 4.5922 -33.0866 0
      vertex 4.5922 -10.9134 0
      vertex 5.13066 -11.1521 0
    endloop
  endfacet
  facet normal 0 0 -1
    outer loop
      vertex 4.04268 -33.2985 0
      vertex 4.5922 -10.9134 0
      vertex 4.5922 -33.0866 0
    endloop
  endfacet
  facet normal 0 0 -1
    outer loop
      vertex 4.04268 -33.2985 0
      vertex 4.04268 -10.7015 0
      vertex 4.5922 -10.9134 0
    endloop
  endfacet
  facet normal 0 0 -1
    outer loop
      vertex 3.48342 -33.4833 0
      vertex 4.04268 -10.7015 0
      vertex 4.04268 -33.2985 0
    endloop
  endfacet
  facet normal 0 0 -1
    outer loop
      vertex 3.48342 -33.4833 0
      vertex 3.48342 -10.5167 0
      vertex 4.04268 -10.7015 0
    endloop
  endfacet
  facet normal 0 0 -1
    outer loop
      vertex 2.91576 -33.6404 0
      vertex 3.48342 -10.5167 0
      vertex 3.48342 -33.4833 0
    endloop
  endfacet
  facet normal 0 0 -1
    outer loop
      vertex 2.91576 -33.6404 0
      vertex 2.91576 -10.3596 0
      vertex 3.48342 -10.5167 0
    endloop
  endfacet
  facet normal 0 0 -1
    outer loop
      vertex 2.34108 -33.7694 0
      vertex 2.91576 -10.3596 0
      vertex 2.91576 -33.6404 0
    endloop
  endfacet
  facet normal 0 0 -1
    outer loop
      vertex 2.34108 -33.7694 0
      vertex 2.34108 -10.2306 0
      vertex 2.91576 -10.3596 0
    endloop
  endfacet
  facet normal 0 0 -1
    outer loop
      vertex 1.76077 -33.8701 0
      vertex 2.34108 -10.2306 0
      vertex 2.34108 -33.7694 0
    endloop
  endfacet
  facet normal 0 0 -1
    outer loop
      vertex 1.76077 -33.8701 0
      vertex 1.76077 -10.1299 0
      vertex 2.34108 -10.2306 0
    endloop
  endfacet
  facet normal 0 0 -1
    outer loop
      vertex 1.17621 -33.9422 0
      vertex 1.76077 -10.1299 0
      vertex 1.76077 -33.8701 0
    endloop
  endfacet
  facet normal 0 0 -1
    outer loop
      vertex 1.17621 -33.9422 0
      vertex 1.17621 -10.0578 0
      vertex 1.76077 -10.1299 0
    endloop
  endfacet
  facet normal 0 0 -1
    outer loop
      vertex 0.588812 -33.9855 0
      vertex 1.17621 -10.0578 0
      vertex 1.17621 -33.9422 0
    endloop
  endfacet
  facet normal 0 0 -1
    outer loop
      vertex 0.588812 -33.9855 0
      vertex 0.588812 -10.0145 0
      vertex 1.17621 -10.0578 0
    endloop
  endfacet
  facet normal 0 0 -1
    outer loop
      vertex 0 -34 0
      vertex 0.588812 -10.0145 0
      vertex 0.588812 -33.9855 0
    endloop
  endfacet
  facet normal 0 0 -1
    outer loop
      vertex 0 -34 0
      vertex 0 -10 0
      vertex 0.588812 -10.0145 0
    endloop
  endfacet
  facet normal 0 0 -1
    outer loop
      vertex -0.588812 -33.9855 0
      vertex 0 -10 0
      vertex 0 -34 0
    endloop
  endfacet
  facet normal 0 0 -1
    outer loop
      vertex -0.588812 -33.9855 0
      vertex -0.588812 -10.0145 0
      vertex 0 -10 0
    endloop
  endfacet
  facet normal 0 0 -1
    outer loop
      vertex -1.17621 -33.9422 0
      vertex -0.588812 -10.0145 0
      vertex -0.588812 -33.9855 0
    endloop
  endfacet
  facet normal 0 0 -1
    outer loop
      vertex -1.17621 -33.9422 0
      vertex -1.17621 -10.0578 0
      vertex -0.588812 -10.0145 0
    endloop
  endfacet
  facet normal 0 0 -1
    outer loop
      vertex -1.76077 -33.8701 0
      vertex -1.17621 -10.0578 0
      vertex -1.17621 -33.9422 0
    endloop
  endfacet
  facet normal 0 0 -1
    outer loop
      vertex -1.76077 -33.8701 0
      vertex -1.76077 -10.1299 0
      vertex -1.17621 -10.0578 0
    endloop
  endfacet
  facet normal 0 0 -1
    outer loop
      vertex -2.34108 -33.7694 0
      vertex -1.76077 -10.1299 0
      vertex -1.76077 -33.8701 0
    endloop
  endfacet
  facet normal 0 0 -1
    outer loop
      vertex -2.34108 -33.7694 0
      vertex -2.34108 -10.2306 0
      vertex -1.76077 -10.1299 0
    endloop
  endfacet
  facet normal 0 0 -1
    outer loop
      vertex -2.91576 -33.6404 0
      vertex -2.34108 -10.2306 0
      vertex -2.34108 -33.7694 0
    endloop
  endfacet
  facet normal 0 0 -1
    outer loop
      vertex -2.91576 -33.6404 0
      vertex -2.91576 -10.3596 0
      vertex -2.34108 -10.2306 0
    endloop
  endfacet
  facet normal 0 0 -1
    outer loop
      vertex -3.48342 -33.4833 0
      vertex -2.91576 -10.3596 0
      vertex -2.91576 -33.6404 0
    endloop
  endfacet
  facet normal 0 0 -1
    outer loop
      vertex -3.48342 -33.4833 0
      vertex -3.48342 -10.5167 0
      vertex -2.91576 -10.3596 0
    endloop
  endfacet
  facet normal 0 0 -1
    outer loop
      vertex -4.04268 -33.2985 0
      vertex -3.48342 -10.5167 0
      vertex -3.48342 -33.4833 0
    endloop
  endfacet
  facet normal 0 0 -1
    outer loop
      vertex -4.04268 -33.2985 0
      vertex -4.04268 -10.7015 0
      vertex -3.48342 -10.5167 0
    endloop
  endfacet
  facet normal 0 0 -1
    outer loop
      vertex -4.5922 -33.0866 0
      vertex -4.04268 -10.7015 0
      vertex -4.04268 -33.2985 0
    endloop
  endfacet
  facet normal 0 0 -1
    outer loop
      vertex -4.5922 -33.0866 0
      vertex -4.5922 -10.9134 0
      vertex -4.04268 -10.7015 0
    endloop
  endfacet
  facet normal 0 0 -1
    outer loop
      vertex -5.13066 -32.8479 0
      vertex -4.5922 -10.9134 0
      vertex -4.5922 -33.0866 0
    endloop
  endfacet
  facet normal 0 0 -1
    outer loop
      vertex -5.13066 -32.8479 0
      vertex -5.13066 -11.1521 0
      vertex -4.5922 -10.9134 0
    endloop
  endfacet
  facet normal 0 0 -1
    outer loop
      vertex -5.65676 -32.5831 0
      vertex -5.13066 -11.1521 0
      vertex -5.13066 -32.8479 0
    endloop
  endfacet
  facet normal 0 0 -1
    outer loop
      vertex -5.65676 -32.5831 0
      vertex -5.65676 -11.4169 0
      vertex -5.13066 -11.1521 0
    endloop
  endfacet
  facet normal 0 0 -1
    outer loop
      vertex -6.16923 -32.2927 0
      vertex -5.65676 -11.4169 0
      vertex -5.65676 -32.5831 0
    endloop
  endfacet
  facet normal 0 0 -1
    outer loop
      vertex -6.16923 -32.2927 0
      vertex -6.16923 -11.7073 0
      vertex -5.65676 -11.4169 0
    endloop
  endfacet
  facet normal 0 0 -1
    outer loop
      vertex -6.66684 -31.9776 0
      vertex -6.16923 -11.7073 0
      vertex -6.16923 -32.2927 0
    endloop
  endfacet
  facet normal 0 0 -1
    outer loop
      vertex -6.66684 -31.9776 0
      vertex -6.66684 -12.0224 0
      vertex -6.16923 -11.7073 0
    endloop
  endfacet
  facet normal 0 0 -1
    outer loop
      vertex -7.14839 -31.6385 0
      vertex -6.66684 -12.0224 0
      vertex -6.66684 -31.9776 0
    endloop
  endfacet
  facet normal 0 0 -1
    outer loop
      vertex -7.14839 -31.6385 0
      vertex -7.14839 -12.3615 0
      vertex -6.66684 -12.0224 0
    endloop
  endfacet
  facet normal 0 0 -1
    outer loop
      vertex -7.61272 -31.2761 0
      vertex -7.14839 -12.3615 0
      vertex -7.14839 -31.6385 0
    endloop
  endfacet
  facet normal 0 0 -1
    outer loop
      vertex -7.61272 -31.2761 0
      vertex -7.61272 -12.7239 0
      vertex -7.14839 -12.3615 0
    endloop
  endfacet
  facet normal 0 0 -1
    outer loop
      vertex -8.05871 -30.8914 0
      vertex -7.61272 -12.7239 0
      vertex -7.61272 -31.2761 0
    endloop
  endfacet
  facet normal 0 0 -1
    outer loop
      vertex -8.05871 -30.8914 0
      vertex -8.05871 -13.1086 0
      vertex -7.61272 -12.7239 0
    endloop
  endfacet
  facet normal 0 0 -1
    outer loop
      vertex -8.48528 -30.4853 0
      vertex -8.05871 -13.1086 0
      vertex -8.05871 -30.8914 0
    endloop
  endfacet
  facet normal 0 0 -1
    outer loop
      vertex -8.48528 -30.4853 0
      vertex -8.48528 -13.5147 0
      vertex -8.05871 -13.1086 0
    endloop
  endfacet
  facet normal 0 0 -1
    outer loop
      vertex -8.89141 -30.0587 0
      vertex -8.48528 -13.5147 0
      vertex -8.48528 -30.4853 0
    endloop
  endfacet
  facet normal 0 0 -1
    outer loop
      vertex -8.89141 -30.0587 0
      vertex -8.89141 -13.9413 0
      vertex -8.48528 -13.5147 0
    endloop
  endfacet
  facet normal 0 0 -1
    outer loop
      vertex -9.27612 -29.6127 0
      vertex -8.89141 -13.9413 0
      vertex -8.89141 -30.0587 0
    endloop
  endfacet
  facet normal 0 0 -1
    outer loop
      vertex -9.27612 -29.6127 0
      vertex -9.27612 -14.3873 0
      vertex -8.89141 -13.9413 0
    endloop
  endfacet
  facet normal 0 0 -1
    outer loop
      vertex -9.63849 -29.1484 0
      vertex -9.27612 -14.3873 0
      vertex -9.27612 -29.6127 0
    endloop
  endfacet
  facet normal 0 0 -1
    outer loop
      vertex -9.63849 -29.1484 0
      vertex -9.63849 -14.8516 0
      vertex -9.27612 -14.3873 0
    endloop
  endfacet
  facet normal 0 0 -1
    outer loop
      vertex -9.97763 -28.6668 0
      vertex -9.63849 -14.8516 0
      vertex -9.63849 -29.1484 0
    endloop
  endfacet
  facet normal 0 0 -1
    outer loop
      vertex -9.97763 -28.6668 0
      vertex -9.97763 -15.3332 0
      vertex -9.63849 -14.8516 0
    endloop
  endfacet
  facet normal 0 0 -1
    outer loop
      vertex -10.2927 -28.1692 0
      vertex -9.97763 -15.3332 0
      vertex -9.97763 -28.6668 0
    endloop
  endfacet
  facet normal 0 0 -1
    outer loop
      vertex -10.2927 -28.1692 0
      vertex -10.2927 -15.8308 0
      vertex -9.97763 -15.3332 0
    endloop
  endfacet
  facet normal 0 0 -1
    outer loop
      vertex -10.5831 -27.6568 0
      vertex -10.2927 -15.8308 0
      vertex -10.2927 -28.1692 0
    endloop
  endfacet
  facet normal 0 0 -1
    outer loop
      vertex -10.5831 -27.6568 0
      vertex -10.5831 -16.3432 0
      vertex -10.2927 -15.8308 0
    endloop
  endfacet
  facet normal 0 0 -1
    outer loop
      vertex -10.8479 -27.1307 0
      vertex -10.5831 -16.3432 0
      vertex -10.5831 -27.6568 0
    endloop
  endfacet
  facet normal 0 0 -1
    outer loop
      vertex -10.8479 -27.1307 0
      vertex -10.8479 -16.8693 0
      vertex -10.5831 -16.3432 0
    endloop
  endfacet
  facet normal 0 0 -1
    outer loop
      vertex -11.0866 -26.5922 0
      vertex -10.8479 -16.8693 0
      vertex -10.8479 -27.1307 0
    endloop
  endfacet
  facet normal 0 0 -1
    outer loop
      vertex -11.0866 -26.5922 0
      vertex -11.0866 -17.4078 0
      vertex -10.8479 -16.8693 0
    endloop
  endfacet
  facet normal 0 0 -1
    outer loop
      vertex -11.2985 -26.0427 0
      vertex -11.0866 -17.4078 0
      vertex -11.0866 -26.5922 0
    endloop
  endfacet
  facet normal 0 0 -1
    outer loop
      vertex -11.2985 -26.0427 0
      vertex -11.2985 -17.9573 0
      vertex -11.0866 -17.4078 0
    endloop
  endfacet
  facet normal 0 0 -1
    outer loop
      vertex -11.4833 -25.4834 0
      vertex -11.2985 -17.9573 0
      vertex -11.2985 -26.0427 0
    endloop
  endfacet
  facet normal 0 0 -1
    outer loop
      vertex -11.4833 -25.4834 0
      vertex -11.4833 -18.5166 0
      vertex -11.2985 -17.9573 0
    endloop
  endfacet
  facet normal 0 0 -1
    outer loop
      vertex -11.6404 -24.9158 0
      vertex -11.4833 -18.5166 0
      vertex -11.4833 -25.4834 0
    endloop
  endfacet
  facet normal 0 0 -1
    outer loop
      vertex -11.6404 -24.9158 0
      vertex -11.6404 -19.0842 0
      vertex -11.4833 -18.5166 0
    endloop
  endfacet
  facet normal 0 0 -1
    outer loop
      vertex -11.7694 -24.3411 0
      vertex -11.6404 -19.0842 0
      vertex -11.6404 -24.9158 0
    endloop
  endfacet
  facet normal 0 0 -1
    outer loop
      vertex -11.7694 -24.3411 0
      vertex -11.7694 -19.6589 0
      vertex -11.6404 -19.0842 0
    endloop
  endfacet
  facet normal 0 0 -1
    outer loop
      vertex -11.8701 -23.7608 0
      vertex -11.7694 -19.6589 0
      vertex -11.7694 -24.3411 0
    endloop
  endfacet
  facet normal 0 0 -1
    outer loop
      vertex -11.8701 -23.7608 0
      vertex -11.8701 -20.2392 0
      vertex -11.7694 -19.6589 0
    endloop
  endfacet
  facet normal 0 0 -1
    outer loop
      vertex -11.9422 -23.1762 0
      vertex -11.8701 -20.2392 0
      vertex -11.8701 -23.7608 0
    endloop
  endfacet
  facet normal 0 0 -1
    outer loop
      vertex -11.9422 -23.1762 0
      vertex -11.9422 -20.8238 0
      vertex -11.8701 -20.2392 0
    endloop
  endfacet
  facet normal 0 0 -1
    outer loop
      vertex -11.9855 -22.5888 0
      vertex -11.9422 -20.8238 0
      vertex -11.9422 -23.1762 0
    endloop
  endfacet
  facet normal 0 0 -1
    outer loop
      vertex -11.9855 -22.5888 0
      vertex -11.9855 -21.4112 0
      vertex -11.9422 -20.8238 0
    endloop
  endfacet
  facet normal 0 -0 -1
    outer loop
      vertex -11.9855 -21.4112 0
      vertex -11.9855 -22.5888 0
      vertex -12 -22 0
    endloop
  endfacet
  facet normal 0 0 -1
    outer loop
      vertex 9.58211 -29.2206 0
      vertex 16 -22 0
      vertex 15.923 -23.5683 0
    endloop
  endfacet
  facet normal 0 0 -1
    outer loop
      vertex 9.58211 -29.2206 0
      vertex 15.6926 -25.1214 0
      vertex 15.6416 -25.3247 0
    endloop
  endfacet
  facet normal -0 0 -1
    outer loop
      vertex 15.6926 -25.1214 0
      vertex 9.58211 -29.2206 0
      vertex 15.923 -23.5683 0
    endloop
  endfacet
  facet normal 0 0 -1
    outer loop
      vertex 9.58211 -14.7794 0
      vertex 16 -22 0
      vertex 9.58211 -29.2206 0
    endloop
  endfacet
  facet normal 0 0 -1
    outer loop
      vertex 15.923 -20.4317 0
      vertex 15.6416 -18.6753 0
      vertex 15.6926 -18.8786 0
    endloop
  endfacet
  facet normal 0.963772 0.266727 0
    outer loop
      vertex 58.2019 -7.42119 16
      vertex 57.4164 -4.58292 0
      vertex 57.4164 -4.58292 16
    endloop
  endfacet
  facet normal 0.963772 0.266727 0
    outer loop
      vertex 57.4164 -4.58292 0
      vertex 58.2019 -7.42119 16
      vertex 58.2019 -7.42119 0
    endloop
  endfacet
  facet normal 0.914212 0.405237 0
    outer loop
      vertex 55.4328 0.961005 16
      vertex 54.2394 3.65331 0
      vertex 54.2394 3.65331 16
    endloop
  endfacet
  facet normal 0.914212 0.405237 0
    outer loop
      vertex 54.2394 3.65331 0
      vertex 55.4328 0.961005 16
      vertex 55.4328 0.961005 0
    endloop
  endfacet
  facet normal -0.999698 0.0245555 0
    outer loop
      vertex 56.9313 -24.7969 6.2
      vertex 57 -22 16
      vertex 57 -22 6.2
    endloop
  endfacet
  facet normal -0.999698 0.0245555 0
    outer loop
      vertex 57 -22 16
      vertex 56.9313 -24.7969 6.2
      vertex 56.9313 -24.7969 16
    endloop
  endfacet
  facet normal -0.870089 0.492894 0
    outer loop
      vertex 48.8905 -51.3039 6.2
      vertex 50.2695 -48.8696 16
      vertex 50.2695 -48.8696 6.2
    endloop
  endfacet
  facet normal -0.870089 0.492894 0
    outer loop
      vertex 50.2695 -48.8696 16
      vertex 48.8905 -51.3039 6.2
      vertex 48.8905 -51.3039 16
    endloop
  endfacet
  facet normal -0.975702 0.219102 0
    outer loop
      vertex 55.2918 -35.8499 6.2
      vertex 55.9048 -33.1201 16
      vertex 55.9048 -33.1201 6.2
    endloop
  endfacet
  facet normal -0.975702 0.219102 0
    outer loop
      vertex 55.9048 -33.1201 16
      vertex 55.2918 -35.8499 6.2
      vertex 55.2918 -35.8499 16
    endloop
  endfacet
  facet normal -0.893223 0.449614 0
    outer loop
      vertex 50.2695 -48.8696 6.2
      vertex 51.5274 -46.3706 16
      vertex 51.5274 -46.3706 6.2
    endloop
  endfacet
  facet normal -0.893223 0.449614 0
    outer loop
      vertex 51.5274 -46.3706 16
      vertex 50.2695 -48.8696 6.2
      vertex 50.2695 -48.8696 16
    endloop
  endfacet
  facet normal -0.844859 0.534989 0
    outer loop
      vertex 47.3938 -53.6675 6.2
      vertex 48.8905 -51.3039 16
      vertex 48.8905 -51.3039 6.2
    endloop
  endfacet
  facet normal -0.844859 0.534989 0
    outer loop
      vertex 48.8905 -51.3039 16
      vertex 47.3938 -53.6675 6.2
      vertex 47.3938 -53.6675 16
    endloop
  endfacet
  facet normal -0.914211 0.405239 0
    outer loop
      vertex 51.5274 -46.3706 6.2
      vertex 52.6611 -43.813 16
      vertex 52.6611 -43.813 6.2
    endloop
  endfacet
  facet normal -0.914211 0.405239 0
    outer loop
      vertex 52.6611 -43.813 16
      vertex 51.5274 -46.3706 6.2
      vertex 51.5274 -46.3706 16
    endloop
  endfacet
  facet normal -0.893221 -0.449618 0
    outer loop
      vertex 51.5274 2.37064 6.2
      vertex 50.2695 4.86961 16
      vertex 50.2695 4.86961 6.2
    endloop
  endfacet
  facet normal -0.893221 -0.449618 0
    outer loop
      vertex 50.2695 4.86961 16
      vertex 51.5274 2.37064 6.2
      vertex 51.5274 2.37064 16
    endloop
  endfacet
  facet normal -0.949527 0.313685 0
    outer loop
      vertex 53.668 -41.2027 6.2
      vertex 54.5456 -38.5462 16
      vertex 54.5456 -38.5462 6.2
    endloop
  endfacet
  facet normal -0.949527 0.313685 0
    outer loop
      vertex 54.5456 -38.5462 16
      vertex 53.668 -41.2027 6.2
      vertex 53.668 -41.2027 16
    endloop
  endfacet
  facet normal -0.992482 0.122389 0
    outer loop
      vertex 56.3831 -30.3636 6.2
      vertex 56.7255 -27.587 16
      vertex 56.7255 -27.587 6.2
    endloop
  endfacet
  facet normal -0.992482 0.122389 0
    outer loop
      vertex 56.7255 -27.587 16
      vertex 56.3831 -30.3636 6.2
      vertex 56.3831 -30.3636 16
    endloop
  endfacet
  facet normal -0.949527 -0.313686 0
    outer loop
      vertex 54.5456 -5.45377 6.2
      vertex 53.668 -2.79728 16
      vertex 53.668 -2.79728 6.2
    endloop
  endfacet
  facet normal -0.949527 -0.313686 0
    outer loop
      vertex 53.668 -2.79728 16
      vertex 54.5456 -5.45377 6.2
      vertex 54.5456 -5.45377 16
    endloop
  endfacet
  facet normal -0.997291 0.073561 0
    outer loop
      vertex 56.7255 -27.587 6.2
      vertex 56.9313 -24.7969 16
      vertex 56.9313 -24.7969 6.2
    endloop
  endfacet
  facet normal -0.997291 0.073561 0
    outer loop
      vertex 56.9313 -24.7969 16
      vertex 56.7255 -27.587 6.2
      vertex 56.7255 -27.587 16
    endloop
  endfacet
  facet normal -0.975701 -0.219105 0
    outer loop
      vertex 55.9048 -10.8799 6.2
      vertex 55.2918 -8.15013 16
      vertex 55.2918 -8.15013 6.2
    endloop
  endfacet
  facet normal -0.975701 -0.219105 0
    outer loop
      vertex 55.2918 -8.15013 16
      vertex 55.9048 -10.8799 6.2
      vertex 55.9048 -10.8799 16
    endloop
  endfacet
  facet normal -0.81758 0.575816 0
    outer loop
      vertex 45.7828 -55.9549 6.2
      vertex 47.3938 -53.6675 16
      vertex 47.3938 -53.6675 6.2
    endloop
  endfacet
  facet normal -0.81758 0.575816 0
    outer loop
      vertex 47.3938 -53.6675 16
      vertex 45.7828 -55.9549 6.2
      vertex 45.7828 -55.9549 16
    endloop
  endfacet
  facet normal -0.985278 -0.170963 0
    outer loop
      vertex 56.3831 -13.6364 6.2
      vertex 55.9048 -10.8799 16
      vertex 55.9048 -10.8799 6.2
    endloop
  endfacet
  facet normal -0.985278 -0.170963 0
    outer loop
      vertex 55.9048 -10.8799 16
      vertex 56.3831 -13.6364 6.2
      vertex 56.3831 -13.6364 16
    endloop
  endfacet
  facet normal -0.992482 -0.122389 0
    outer loop
      vertex 56.7255 -16.413 6.2
      vertex 56.3831 -13.6364 16
      vertex 56.3831 -13.6364 6.2
    endloop
  endfacet
  facet normal -0.992482 -0.122389 0
    outer loop
      vertex 56.3831 -13.6364 16
      vertex 56.7255 -16.413 6.2
      vertex 56.7255 -16.413 16
    endloop
  endfacet
  facet normal -0.963773 0.266724 0
    outer loop
      vertex 54.5456 -38.5462 6.2
      vertex 55.2918 -35.8499 16
      vertex 55.2918 -35.8499 6.2
    endloop
  endfacet
  facet normal -0.963773 0.266724 0
    outer loop
      vertex 55.2918 -35.8499 16
      vertex 54.5456 -38.5462 6.2
      vertex 54.5456 -38.5462 16
    endloop
  endfacet
  facet normal -0.999698 -0.0245555 0
    outer loop
      vertex 57 -22 6.2
      vertex 56.9313 -19.2031 16
      vertex 56.9313 -19.2031 6.2
    endloop
  endfacet
  facet normal -0.999698 -0.0245555 0
    outer loop
      vertex 56.9313 -19.2031 16
      vertex 57 -22 6.2
      vertex 57 -22 16
    endloop
  endfacet
  facet normal -0.932993 0.359894 0
    outer loop
      vertex 52.6611 -43.813 6.2
      vertex 53.668 -41.2027 16
      vertex 53.668 -41.2027 6.2
    endloop
  endfacet
  facet normal -0.932993 0.359894 0
    outer loop
      vertex 53.668 -41.2027 16
      vertex 52.6611 -43.813 6.2
      vertex 52.6611 -43.813 16
    endloop
  endfacet
  facet normal -0.870085 -0.492902 0
    outer loop
      vertex 50.2695 4.86961 6.2
      vertex 48.8905 7.30386 16
      vertex 48.8905 7.30386 6.2
    endloop
  endfacet
  facet normal -0.870085 -0.492902 0
    outer loop
      vertex 48.8905 7.30386 16
      vertex 50.2695 4.86961 6.2
      vertex 50.2695 4.86961 16
    endloop
  endfacet
  facet normal -0.93299 -0.359902 0
    outer loop
      vertex 53.668 -2.79728 6.2
      vertex 52.6611 -0.187045 16
      vertex 52.6611 -0.187045 6.2
    endloop
  endfacet
  facet normal -0.93299 -0.359902 0
    outer loop
      vertex 52.6611 -0.187045 16
      vertex 53.668 -2.79728 6.2
      vertex 53.668 -2.79728 16
    endloop
  endfacet
  facet normal -0.997291 -0.073561 0
    outer loop
      vertex 56.9313 -19.2031 6.2
      vertex 56.7255 -16.413 16
      vertex 56.7255 -16.413 6.2
    endloop
  endfacet
  facet normal -0.997291 -0.073561 0
    outer loop
      vertex 56.7255 -16.413 16
      vertex 56.9313 -19.2031 6.2
      vertex 56.9313 -19.2031 16
    endloop
  endfacet
  facet normal -0.788299 0.615292 0
    outer loop
      vertex 45.515 -56.298 6.2
      vertex 45.7828 -55.9549 16
      vertex 45.7828 -55.9549 6.2
    endloop
  endfacet
  facet normal -0.788299 0.615292 0
    outer loop
      vertex 45.7828 -55.9549 16
      vertex 45.515 -56.298 6.2
      vertex 45.515 -56.298 16
    endloop
  endfacet
  facet normal -0.81758 -0.575816 0
    outer loop
      vertex 47.3938 9.6675 6.2
      vertex 45.7828 11.9549 16
      vertex 45.7828 11.9549 6.2
    endloop
  endfacet
  facet normal -0.81758 -0.575816 0
    outer loop
      vertex 45.7828 11.9549 16
      vertex 47.3938 9.6675 6.2
      vertex 47.3938 9.6675 16
    endloop
  endfacet
  facet normal -0.788299 -0.615292 0
    outer loop
      vertex 45.7828 11.9549 6.2
      vertex 45.515 12.298 16
      vertex 45.515 12.298 6.2
    endloop
  endfacet
  facet normal -0.788299 -0.615292 0
    outer loop
      vertex 45.515 12.298 16
      vertex 45.7828 11.9549 6.2
      vertex 45.7828 11.9549 16
    endloop
  endfacet
  facet normal -0.844863 -0.534983 0
    outer loop
      vertex 48.8905 7.30386 6.2
      vertex 47.3938 9.6675 16
      vertex 47.3938 9.6675 6.2
    endloop
  endfacet
  facet normal -0.844863 -0.534983 0
    outer loop
      vertex 47.3938 9.6675 16
      vertex 48.8905 7.30386 6.2
      vertex 48.8905 7.30386 16
    endloop
  endfacet
  facet normal -0.963775 -0.266718 0
    outer loop
      vertex 55.2918 -8.15013 6.2
      vertex 54.5456 -5.45377 16
      vertex 54.5456 -5.45377 6.2
    endloop
  endfacet
  facet normal -0.963775 -0.266718 0
    outer loop
      vertex 54.5456 -5.45377 16
      vertex 55.2918 -8.15013 6.2
      vertex 55.2918 -8.15013 16
    endloop
  endfacet
  facet normal -0.985278 0.170963 0
    outer loop
      vertex 55.9048 -33.1201 6.2
      vertex 56.3831 -30.3636 16
      vertex 56.3831 -30.3636 6.2
    endloop
  endfacet
  facet normal -0.985278 0.170963 0
    outer loop
      vertex 56.3831 -30.3636 16
      vertex 55.9048 -33.1201 6.2
      vertex 55.9048 -33.1201 16
    endloop
  endfacet
  facet normal -0.914216 -0.405228 0
    outer loop
      vertex 52.6611 -0.187045 6.2
      vertex 51.5274 2.37064 16
      vertex 51.5274 2.37064 6.2
    endloop
  endfacet
  facet normal -0.914216 -0.405228 0
    outer loop
      vertex 51.5274 2.37064 16
      vertex 52.6611 -0.187045 6.2
      vertex 52.6611 -0.187045 16
    endloop
  endfacet
  facet normal 0 0 1
    outer loop
      vertex 14.3431 -18.4239 5
      vertex 54.1277 -8.44171 5
      vertex 53.3973 -5.80212 5
    endloop
  endfacet
  facet normal 0 0 1
    outer loop
      vertex 14.3431 -18.4239 5
      vertex 53.3973 -5.80212 5
      vertex 52.5381 -3.20155 5
    endloop
  endfacet
  facet normal 0 0 1
    outer loop
      vertex 14.3431 -18.4239 5
      vertex 52.5381 -3.20155 5
      vertex 51.5525 -0.64627 5
    endloop
  endfacet
  facet normal 0 0 1
    outer loop
      vertex 14.3431 -18.4239 5
      vertex 51.5525 -0.64627 5
      vertex 50.4426 1.85757 5
    endloop
  endfacet
  facet normal 0 0 1
    outer loop
      vertex 14.3431 -18.4239 5
      vertex 50.4426 1.85757 5
      vertex 49.2112 4.30393 5
    endloop
  endfacet
  facet normal 0 0 1
    outer loop
      vertex 14.3431 -18.4239 5
      vertex 49.2112 4.30393 5
      vertex 47.8612 6.68693 5
    endloop
  endfacet
  facet normal 0 0 1
    outer loop
      vertex 14.3431 -18.4239 5
      vertex 47.8612 6.68693 5
      vertex 46.396 9.00081 5
    endloop
  endfacet
  facet normal 0 0 1
    outer loop
      vertex 14.3431 -18.4239 5
      vertex 46.396 9.00081 5
      vertex 44.819 11.24 5
    endloop
  endfacet
  facet normal 0 0 1
    outer loop
      vertex 14.3431 -18.4239 5
      vertex 44.819 11.24 5
      vertex 44.5568 11.576 5
    endloop
  endfacet
  facet normal 0 0 1
    outer loop
      vertex 54.1277 -8.44171 5
      vertex 14.3431 -18.4239 5
      vertex 54.1411 -8.50111 5
    endloop
  endfacet
  facet normal 0 0 1
    outer loop
      vertex 14.7287 -20.5493 5
      vertex 4.99398 -21.7547 5
      vertex 14.8 -22 5
    endloop
  endfacet
  facet normal -0 0 1
    outer loop
      vertex 9.58211 -14.7794 5
      vertex 14.3431 -18.4239 5
      vertex 44.5568 11.576 5
    endloop
  endfacet
  facet normal 0 0 1
    outer loop
      vertex 14.5156 -19.1127 5
      vertex 4.94588 -21.2663 5
      vertex 14.7287 -20.5493 5
    endloop
  endfacet
  facet normal 0 0 1
    outer loop
      vertex 4.94588 -21.2663 5
      vertex 14.3431 -18.4239 5
      vertex 9.58211 -14.7794 5
    endloop
  endfacet
  facet normal 0 0 1
    outer loop
      vertex 14.3431 -18.4239 5
      vertex 4.94588 -21.2663 5
      vertex 14.5156 -19.1127 5
    endloop
  endfacet
  facet normal 0 -0 1
    outer loop
      vertex 4.97592 -21.5099 5
      vertex 14.7287 -20.5493 5
      vertex 4.94588 -21.2663 5
    endloop
  endfacet
  facet normal 0 -0 1
    outer loop
      vertex 4.99398 -21.7547 5
      vertex 14.7287 -20.5493 5
      vertex 4.97592 -21.5099 5
    endloop
  endfacet
  facet normal 0 0 1
    outer loop
      vertex 14.3431 -25.5761 5
      vertex 54.1277 -35.5583 5
      vertex 54.1411 -35.4989 5
    endloop
  endfacet
  facet normal 0 0 1
    outer loop
      vertex 54.1277 -35.5583 5
      vertex 14.3431 -25.5761 5
      vertex 53.3973 -38.1979 5
    endloop
  endfacet
  facet normal 0 0 1
    outer loop
      vertex 53.3973 -38.1979 5
      vertex 14.3431 -25.5761 5
      vertex 52.5381 -40.7985 5
    endloop
  endfacet
  facet normal 0 0 1
    outer loop
      vertex 52.5381 -40.7985 5
      vertex 14.3431 -25.5761 5
      vertex 51.5525 -43.3537 5
    endloop
  endfacet
  facet normal 0 0 1
    outer loop
      vertex 51.5525 -43.3537 5
      vertex 14.3431 -25.5761 5
      vertex 50.4426 -45.8576 5
    endloop
  endfacet
  facet normal 0 0 1
    outer loop
      vertex 50.4426 -45.8576 5
      vertex 14.3431 -25.5761 5
      vertex 49.2112 -48.3039 5
    endloop
  endfacet
  facet normal 0 0 1
    outer loop
      vertex 49.2112 -48.3039 5
      vertex 14.3431 -25.5761 5
      vertex 47.8612 -50.6869 5
    endloop
  endfacet
  facet normal 0 0 1
    outer loop
      vertex 47.8612 -50.6869 5
      vertex 14.3431 -25.5761 5
      vertex 46.396 -53.0008 5
    endloop
  endfacet
  facet normal 0 0 1
    outer loop
      vertex 46.396 -53.0008 5
      vertex 14.3431 -25.5761 5
      vertex 44.819 -55.24 5
    endloop
  endfacet
  facet normal 0 0 1
    outer loop
      vertex 44.819 -55.24 5
      vertex 14.3431 -25.5761 5
      vertex 44.5568 -55.576 5
    endloop
  endfacet
  facet normal 0 0 1
    outer loop
      vertex 14.3431 -25.5761 5
      vertex 9.58211 -29.2206 5
      vertex 44.5568 -55.576 5
    endloop
  endfacet
  facet normal 0 0 1
    outer loop
      vertex 4.99398 -22.2453 5
      vertex 14.8 -22 5
      vertex 5 -22 5
    endloop
  endfacet
  facet normal 0 0 1
    outer loop
      vertex 3.86505 -18.828 5
      vertex 9.58211 -14.7794 5
      vertex 9.27612 -14.3873 5
    endloop
  endfacet
  facet normal -0 0 1
    outer loop
      vertex 4.94588 -22.7337 5
      vertex 14.7287 -23.4507 5
      vertex 4.97592 -22.4901 5
    endloop
  endfacet
  facet normal 0 0 1
    outer loop
      vertex 3.86505 -18.828 5
      vertex 9.27612 -14.3873 5
      vertex 8.89141 -13.9413 5
    endloop
  endfacet
  facet normal 0 0 1
    outer loop
      vertex 14.7287 -23.4507 5
      vertex 4.94588 -22.7337 5
      vertex 14.5156 -24.8873 5
    endloop
  endfacet
  facet normal 0 0 1
    outer loop
      vertex 3.70475 -18.6422 5
      vertex 8.89141 -13.9413 5
      vertex 8.48528 -13.5147 5
    endloop
  endfacet
  facet normal -0 0 1
    outer loop
      vertex 4.90393 -22.9755 5
      vertex 14.5156 -24.8873 5
      vertex 4.94588 -22.7337 5
    endloop
  endfacet
  facet normal 0 0 1
    outer loop
      vertex 3.53553 -18.4645 5
      vertex 8.48528 -13.5147 5
      vertex 8.05871 -13.1086 5
    endloop
  endfacet
  facet normal 0 0 1
    outer loop
      vertex 14.5156 -24.8873 5
      vertex 4.90393 -22.9755 5
      vertex 14.3431 -25.5761 5
    endloop
  endfacet
  facet normal 0 0 1
    outer loop
      vertex 3.35779 -18.2952 5
      vertex 8.05871 -13.1086 5
      vertex 7.61272 -12.7239 5
    endloop
  endfacet
  facet normal -0 0 1
    outer loop
      vertex 4.85016 -23.2149 5
      vertex 14.3431 -25.5761 5
      vertex 4.90393 -22.9755 5
    endloop
  endfacet
  facet normal 0 0 1
    outer loop
      vertex 3.17197 -18.1349 5
      vertex 7.61272 -12.7239 5
      vertex 7.14839 -12.3615 5
    endloop
  endfacet
  facet normal 0 0 1
    outer loop
      vertex 14.3431 -25.5761 5
      vertex 4.85016 -23.2149 5
      vertex 9.58211 -29.2206 5
    endloop
  endfacet
  facet normal 0 0 1
    outer loop
      vertex 2.9785 -17.984 5
      vertex 7.14839 -12.3615 5
      vertex 6.66684 -12.0224 5
    endloop
  endfacet
  facet normal -0 0 1
    outer loop
      vertex 4.7847 -23.4514 5
      vertex 9.58211 -29.2206 5
      vertex 4.85016 -23.2149 5
    endloop
  endfacet
  facet normal 0 0 1
    outer loop
      vertex 2.77785 -17.8427 5
      vertex 6.66684 -12.0224 5
      vertex 6.16923 -11.7073 5
    endloop
  endfacet
  facet normal -0 0 1
    outer loop
      vertex 4.70772 -23.6844 5
      vertex 9.58211 -29.2206 5
      vertex 4.7847 -23.4514 5
    endloop
  endfacet
  facet normal 0 0 1
    outer loop
      vertex 2.57051 -17.7114 5
      vertex 6.16923 -11.7073 5
      vertex 5.65676 -11.4169 5
    endloop
  endfacet
  facet normal -0 0 1
    outer loop
      vertex 4.6194 -23.9134 5
      vertex 9.58211 -29.2206 5
      vertex 4.70772 -23.6844 5
    endloop
  endfacet
  facet normal 0 0 1
    outer loop
      vertex 2.35698 -17.5904 5
      vertex 5.65676 -11.4169 5
      vertex 5.13066 -11.1521 5
    endloop
  endfacet
  facet normal -0 0 1
    outer loop
      vertex 4.51995 -24.1378 5
      vertex 9.58211 -29.2206 5
      vertex 4.6194 -23.9134 5
    endloop
  endfacet
  facet normal -0 0 1
    outer loop
      vertex 4.40961 -24.357 5
      vertex 9.58211 -29.2206 5
      vertex 4.51995 -24.1378 5
    endloop
  endfacet
  facet normal -0 0 1
    outer loop
      vertex 4.97592 -22.4901 5
      vertex 14.7287 -23.4507 5
      vertex 4.99398 -22.2453 5
    endloop
  endfacet
  facet normal 0 0 1
    outer loop
      vertex 14.8 -22 5
      vertex 4.99398 -22.2453 5
      vertex 14.7287 -23.4507 5
    endloop
  endfacet
  facet normal 0 -0 1
    outer loop
      vertex 5 -22 5
      vertex 14.8 -22 5
      vertex 4.99398 -21.7547 5
    endloop
  endfacet
  facet normal 0 0 1
    outer loop
      vertex 9.58211 -14.7794 5
      vertex 4.90393 -21.0245 5
      vertex 4.94588 -21.2663 5
    endloop
  endfacet
  facet normal 0 0 1
    outer loop
      vertex 9.58211 -14.7794 5
      vertex 4.85016 -20.7851 5
      vertex 4.90393 -21.0245 5
    endloop
  endfacet
  facet normal 0 0 1
    outer loop
      vertex 9.58211 -14.7794 5
      vertex 4.7847 -20.5486 5
      vertex 4.85016 -20.7851 5
    endloop
  endfacet
  facet normal 0 0 1
    outer loop
      vertex 9.58211 -14.7794 5
      vertex 4.70772 -20.3156 5
      vertex 4.7847 -20.5486 5
    endloop
  endfacet
  facet normal 0 0 1
    outer loop
      vertex 9.58211 -14.7794 5
      vertex 4.6194 -20.0866 5
      vertex 4.70772 -20.3156 5
    endloop
  endfacet
  facet normal 0 0 1
    outer loop
      vertex 2.13778 -17.4801 5
      vertex 5.13066 -11.1521 5
      vertex 4.5922 -10.9134 5
    endloop
  endfacet
  facet normal 0 0 1
    outer loop
      vertex 9.58211 -14.7794 5
      vertex 4.51995 -19.8622 5
      vertex 4.6194 -20.0866 5
    endloop
  endfacet
  facet normal 0 0 1
    outer loop
      vertex 9.58211 -14.7794 5
      vertex 4.40961 -19.643 5
      vertex 4.51995 -19.8622 5
    endloop
  endfacet
  facet normal 0 0 1
    outer loop
      vertex 9.58211 -14.7794 5
      vertex 4.28864 -19.4295 5
      vertex 4.40961 -19.643 5
    endloop
  endfacet
  facet normal 0 0 1
    outer loop
      vertex 9.58211 -14.7794 5
      vertex 4.15735 -19.2221 5
      vertex 4.28864 -19.4295 5
    endloop
  endfacet
  facet normal 0 0 1
    outer loop
      vertex 1.91342 -17.3806 5
      vertex 4.5922 -10.9134 5
      vertex 4.04268 -10.7015 5
    endloop
  endfacet
  facet normal 0 0 1
    outer loop
      vertex 9.58211 -14.7794 5
      vertex 4.01604 -19.0215 5
      vertex 4.15735 -19.2221 5
    endloop
  endfacet
  facet normal 0 0 1
    outer loop
      vertex 9.58211 -14.7794 5
      vertex 3.86505 -18.828 5
      vertex 4.01604 -19.0215 5
    endloop
  endfacet
  facet normal 0 0 1
    outer loop
      vertex 8.89141 -13.9413 5
      vertex 3.70475 -18.6422 5
      vertex 3.86505 -18.828 5
    endloop
  endfacet
  facet normal 0 0 1
    outer loop
      vertex 8.48528 -13.5147 5
      vertex 3.53553 -18.4645 5
      vertex 3.70475 -18.6422 5
    endloop
  endfacet
  facet normal 0 0 1
    outer loop
      vertex 1.68445 -17.2923 5
      vertex 4.04268 -10.7015 5
      vertex 3.48342 -10.5167 5
    endloop
  endfacet
  facet normal 0 0 1
    outer loop
      vertex 8.05871 -13.1086 5
      vertex 3.35779 -18.2952 5
      vertex 3.53553 -18.4645 5
    endloop
  endfacet
  facet normal 0 0 1
    outer loop
      vertex 7.61272 -12.7239 5
      vertex 3.17197 -18.1349 5
      vertex 3.35779 -18.2952 5
    endloop
  endfacet
  facet normal 0 0 1
    outer loop
      vertex 7.14839 -12.3615 5
      vertex 2.9785 -17.984 5
      vertex 3.17197 -18.1349 5
    endloop
  endfacet
  facet normal 0 0 1
    outer loop
      vertex 1.45142 -17.2153 5
      vertex 3.48342 -10.5167 5
      vertex 2.91576 -10.3596 5
    endloop
  endfacet
  facet normal 0 0 1
    outer loop
      vertex 6.66684 -12.0224 5
      vertex 2.77785 -17.8427 5
      vertex 2.9785 -17.984 5
    endloop
  endfacet
  facet normal 0 0 1
    outer loop
      vertex 6.16923 -11.7073 5
      vertex 2.57051 -17.7114 5
      vertex 2.77785 -17.8427 5
    endloop
  endfacet
  facet normal 0 0 1
    outer loop
      vertex 5.65676 -11.4169 5
      vertex 2.35698 -17.5904 5
      vertex 2.57051 -17.7114 5
    endloop
  endfacet
  facet normal 0 0 1
    outer loop
      vertex 1.2149 -17.1498 5
      vertex 2.91576 -10.3596 5
      vertex 2.34108 -10.2306 5
    endloop
  endfacet
  facet normal 0 0 1
    outer loop
      vertex 5.13066 -11.1521 5
      vertex 2.13778 -17.4801 5
      vertex 2.35698 -17.5904 5
    endloop
  endfacet
  facet normal 0 0 1
    outer loop
      vertex 4.5922 -10.9134 5
      vertex 1.91342 -17.3806 5
      vertex 2.13778 -17.4801 5
    endloop
  endfacet
  facet normal 0 0 1
    outer loop
      vertex 0.975451 -17.0961 5
      vertex 2.34108 -10.2306 5
      vertex 1.76077 -10.1299 5
    endloop
  endfacet
  facet normal 0 0 1
    outer loop
      vertex 4.04268 -10.7015 5
      vertex 1.68445 -17.2923 5
      vertex 1.91342 -17.3806 5
    endloop
  endfacet
  facet normal 0 0 1
    outer loop
      vertex 3.48342 -10.5167 5
      vertex 1.45142 -17.2153 5
      vertex 1.68445 -17.2923 5
    endloop
  endfacet
  facet normal 0 0 1
    outer loop
      vertex 2.91576 -10.3596 5
      vertex 1.2149 -17.1498 5
      vertex 1.45142 -17.2153 5
    endloop
  endfacet
  facet normal 0 0 1
    outer loop
      vertex 0.733652 -17.0541 5
      vertex 1.76077 -10.1299 5
      vertex 1.17621 -10.0578 5
    endloop
  endfacet
  facet normal 0 0 1
    outer loop
      vertex 2.34108 -10.2306 5
      vertex 0.975451 -17.0961 5
      vertex 1.2149 -17.1498 5
    endloop
  endfacet
  facet normal 0 0 1
    outer loop
      vertex 1.76077 -10.1299 5
      vertex 0.733652 -17.0541 5
      vertex 0.975451 -17.0961 5
    endloop
  endfacet
  facet normal 0 0 1
    outer loop
      vertex 0.490086 -17.0241 5
      vertex 1.17621 -10.0578 5
      vertex 0.588812 -10.0145 5
    endloop
  endfacet
  facet normal 0 0 1
    outer loop
      vertex 1.17621 -10.0578 5
      vertex 0.490086 -17.0241 5
      vertex 0.733652 -17.0541 5
    endloop
  endfacet
  facet normal 0 0 1
    outer loop
      vertex 0.588812 -10.0145 5
      vertex 0.245337 -17.006 5
      vertex 0.490086 -17.0241 5
    endloop
  endfacet
  facet normal 0 0 1
    outer loop
      vertex 0 -10 5
      vertex 0.245337 -17.006 5
      vertex 0.588812 -10.0145 5
    endloop
  endfacet
  facet normal 0 0 1
    outer loop
      vertex 0 -10 5
      vertex 0 -17 5
      vertex 0.245337 -17.006 5
    endloop
  endfacet
  facet normal 0 0 1
    outer loop
      vertex 0 -10 5
      vertex -0.245337 -17.006 5
      vertex 0 -17 5
    endloop
  endfacet
  facet normal -0 0 1
    outer loop
      vertex -0.588812 -10.0145 5
      vertex -0.245337 -17.006 5
      vertex 0 -10 5
    endloop
  endfacet
  facet normal 0 0 1
    outer loop
      vertex -0.245337 -17.006 5
      vertex -0.588812 -10.0145 5
      vertex -0.490086 -17.0241 5
    endloop
  endfacet
  facet normal -0 0 1
    outer loop
      vertex -1.17621 -10.0578 5
      vertex -0.490086 -17.0241 5
      vertex -0.588812 -10.0145 5
    endloop
  endfacet
  facet normal 0 0 1
    outer loop
      vertex -0.490086 -17.0241 5
      vertex -1.17621 -10.0578 5
      vertex -0.733652 -17.0541 5
    endloop
  endfacet
  facet normal -0 0 1
    outer loop
      vertex -1.76077 -10.1299 5
      vertex -0.733652 -17.0541 5
      vertex -1.17621 -10.0578 5
    endloop
  endfacet
  facet normal 0 0 1
    outer loop
      vertex -0.733652 -17.0541 5
      vertex -1.76077 -10.1299 5
      vertex -0.975451 -17.0961 5
    endloop
  endfacet
  facet normal -0 0 1
    outer loop
      vertex -2.34108 -10.2306 5
      vertex -0.975451 -17.0961 5
      vertex -1.76077 -10.1299 5
    endloop
  endfacet
  facet normal 0 0 1
    outer loop
      vertex -0.975451 -17.0961 5
      vertex -2.34108 -10.2306 5
      vertex -1.2149 -17.1498 5
    endloop
  endfacet
  facet normal -0 0 1
    outer loop
      vertex -2.91576 -10.3596 5
      vertex -1.2149 -17.1498 5
      vertex -2.34108 -10.2306 5
    endloop
  endfacet
  facet normal 0 0 1
    outer loop
      vertex -1.2149 -17.1498 5
      vertex -2.91576 -10.3596 5
      vertex -1.45142 -17.2153 5
    endloop
  endfacet
  facet normal -0 0 1
    outer loop
      vertex -3.48342 -10.5167 5
      vertex -1.45142 -17.2153 5
      vertex -2.91576 -10.3596 5
    endloop
  endfacet
  facet normal 0 0 1
    outer loop
      vertex -1.45142 -17.2153 5
      vertex -3.48342 -10.5167 5
      vertex -1.68445 -17.2923 5
    endloop
  endfacet
  facet normal -0 0 1
    outer loop
      vertex -4.04268 -10.7015 5
      vertex -1.68445 -17.2923 5
      vertex -3.48342 -10.5167 5
    endloop
  endfacet
  facet normal 0 0 1
    outer loop
      vertex -1.68445 -17.2923 5
      vertex -4.04268 -10.7015 5
      vertex -1.91342 -17.3806 5
    endloop
  endfacet
  facet normal -0 0 1
    outer loop
      vertex -4.5922 -10.9134 5
      vertex -1.91342 -17.3806 5
      vertex -4.04268 -10.7015 5
    endloop
  endfacet
  facet normal 0 0 1
    outer loop
      vertex -1.91342 -17.3806 5
      vertex -4.5922 -10.9134 5
      vertex -2.13778 -17.4801 5
    endloop
  endfacet
  facet normal -0 0 1
    outer loop
      vertex -5.13066 -11.1521 5
      vertex -2.13778 -17.4801 5
      vertex -4.5922 -10.9134 5
    endloop
  endfacet
  facet normal 0 0 1
    outer loop
      vertex -2.13778 -17.4801 5
      vertex -5.13066 -11.1521 5
      vertex -2.35698 -17.5904 5
    endloop
  endfacet
  facet normal -0 0 1
    outer loop
      vertex -5.65676 -11.4169 5
      vertex -2.35698 -17.5904 5
      vertex -5.13066 -11.1521 5
    endloop
  endfacet
  facet normal 0 0 1
    outer loop
      vertex -2.35698 -17.5904 5
      vertex -5.65676 -11.4169 5
      vertex -2.57051 -17.7114 5
    endloop
  endfacet
  facet normal -0 0 1
    outer loop
      vertex -6.16923 -11.7073 5
      vertex -2.57051 -17.7114 5
      vertex -5.65676 -11.4169 5
    endloop
  endfacet
  facet normal 0 0 1
    outer loop
      vertex -2.57051 -17.7114 5
      vertex -6.16923 -11.7073 5
      vertex -2.77785 -17.8427 5
    endloop
  endfacet
  facet normal -0 0 1
    outer loop
      vertex -6.66684 -12.0224 5
      vertex -2.77785 -17.8427 5
      vertex -6.16923 -11.7073 5
    endloop
  endfacet
  facet normal 0 0 1
    outer loop
      vertex -2.77785 -17.8427 5
      vertex -6.66684 -12.0224 5
      vertex -2.9785 -17.984 5
    endloop
  endfacet
  facet normal -0 0 1
    outer loop
      vertex -7.14839 -12.3615 5
      vertex -2.9785 -17.984 5
      vertex -6.66684 -12.0224 5
    endloop
  endfacet
  facet normal 0 0 1
    outer loop
      vertex -2.9785 -17.984 5
      vertex -7.14839 -12.3615 5
      vertex -3.17197 -18.1349 5
    endloop
  endfacet
  facet normal -0 0 1
    outer loop
      vertex -7.61272 -12.7239 5
      vertex -3.17197 -18.1349 5
      vertex -7.14839 -12.3615 5
    endloop
  endfacet
  facet normal 0 0 1
    outer loop
      vertex -3.17197 -18.1349 5
      vertex -7.61272 -12.7239 5
      vertex -3.35779 -18.2952 5
    endloop
  endfacet
  facet normal -0 0 1
    outer loop
      vertex -8.05871 -13.1086 5
      vertex -3.35779 -18.2952 5
      vertex -7.61272 -12.7239 5
    endloop
  endfacet
  facet normal 0 0 1
    outer loop
      vertex -3.35779 -18.2952 5
      vertex -8.05871 -13.1086 5
      vertex -3.53553 -18.4645 5
    endloop
  endfacet
  facet normal -0 0 1
    outer loop
      vertex -8.48528 -13.5147 5
      vertex -3.53553 -18.4645 5
      vertex -8.05871 -13.1086 5
    endloop
  endfacet
  facet normal 0 0 1
    outer loop
      vertex -3.53553 -18.4645 5
      vertex -8.48528 -13.5147 5
      vertex -3.70475 -18.6422 5
    endloop
  endfacet
  facet normal -0 0 1
    outer loop
      vertex -8.89141 -13.9413 5
      vertex -3.70475 -18.6422 5
      vertex -8.48528 -13.5147 5
    endloop
  endfacet
  facet normal 0 0 1
    outer loop
      vertex -3.70475 -18.6422 5
      vertex -8.89141 -13.9413 5
      vertex -3.86505 -18.828 5
    endloop
  endfacet
  facet normal -0 0 1
    outer loop
      vertex -9.27612 -14.3873 5
      vertex -3.86505 -18.828 5
      vertex -8.89141 -13.9413 5
    endloop
  endfacet
  facet normal 0 0 1
    outer loop
      vertex -3.86505 -18.828 5
      vertex -9.27612 -14.3873 5
      vertex -4.01604 -19.0215 5
    endloop
  endfacet
  facet normal -0 0 1
    outer loop
      vertex -9.63849 -14.8516 5
      vertex -4.01604 -19.0215 5
      vertex -9.27612 -14.3873 5
    endloop
  endfacet
  facet normal 0 0 1
    outer loop
      vertex -4.01604 -19.0215 5
      vertex -9.63849 -14.8516 5
      vertex -4.15735 -19.2221 5
    endloop
  endfacet
  facet normal 0 0 1
    outer loop
      vertex -4.15735 -19.2221 5
      vertex -9.97763 -15.3332 5
      vertex -4.28864 -19.4295 5
    endloop
  endfacet
  facet normal -0 0 1
    outer loop
      vertex -9.97763 -15.3332 5
      vertex -4.15735 -19.2221 5
      vertex -9.63849 -14.8516 5
    endloop
  endfacet
  facet normal -0 0 1
    outer loop
      vertex 4.28864 -24.5705 5
      vertex 9.58211 -29.2206 5
      vertex 4.40961 -24.357 5
    endloop
  endfacet
  facet normal -0 0 1
    outer loop
      vertex 4.15735 -24.7779 5
      vertex 9.58211 -29.2206 5
      vertex 4.28864 -24.5705 5
    endloop
  endfacet
  facet normal -0 0 1
    outer loop
      vertex 4.01604 -24.9785 5
      vertex 9.58211 -29.2206 5
      vertex 4.15735 -24.7779 5
    endloop
  endfacet
  facet normal -0 0 1
    outer loop
      vertex 3.86505 -25.172 5
      vertex 9.58211 -29.2206 5
      vertex 4.01604 -24.9785 5
    endloop
  endfacet
  facet normal 0 0 1
    outer loop
      vertex 9.58211 -29.2206 5
      vertex 3.86505 -25.172 5
      vertex 9.27612 -29.6127 5
    endloop
  endfacet
  facet normal 0 0 1
    outer loop
      vertex 9.27612 -29.6127 5
      vertex 3.86505 -25.172 5
      vertex 8.89141 -30.0587 5
    endloop
  endfacet
  facet normal -0 0 1
    outer loop
      vertex 3.70475 -25.3578 5
      vertex 8.89141 -30.0587 5
      vertex 3.86505 -25.172 5
    endloop
  endfacet
  facet normal 0 0 1
    outer loop
      vertex 8.89141 -30.0587 5
      vertex 3.70475 -25.3578 5
      vertex 8.48528 -30.4853 5
    endloop
  endfacet
  facet normal -0 0 1
    outer loop
      vertex 3.53553 -25.5355 5
      vertex 8.48528 -30.4853 5
      vertex 3.70475 -25.3578 5
    endloop
  endfacet
  facet normal 0 0 1
    outer loop
      vertex 8.48528 -30.4853 5
      vertex 3.53553 -25.5355 5
      vertex 8.05871 -30.8914 5
    endloop
  endfacet
  facet normal -0 0 1
    outer loop
      vertex 3.35779 -25.7048 5
      vertex 8.05871 -30.8914 5
      vertex 3.53553 -25.5355 5
    endloop
  endfacet
  facet normal 0 0 1
    outer loop
      vertex 8.05871 -30.8914 5
      vertex 3.35779 -25.7048 5
      vertex 7.61272 -31.2761 5
    endloop
  endfacet
  facet normal -0 0 1
    outer loop
      vertex 3.17197 -25.8651 5
      vertex 7.61272 -31.2761 5
      vertex 3.35779 -25.7048 5
    endloop
  endfacet
  facet normal 0 0 1
    outer loop
      vertex 7.61272 -31.2761 5
      vertex 3.17197 -25.8651 5
      vertex 7.14839 -31.6385 5
    endloop
  endfacet
  facet normal -0 0 1
    outer loop
      vertex 2.9785 -26.016 5
      vertex 7.14839 -31.6385 5
      vertex 3.17197 -25.8651 5
    endloop
  endfacet
  facet normal 0 0 1
    outer loop
      vertex 7.14839 -31.6385 5
      vertex 2.9785 -26.016 5
      vertex 6.66684 -31.9776 5
    endloop
  endfacet
  facet normal -0 0 1
    outer loop
      vertex 2.77785 -26.1573 5
      vertex 6.66684 -31.9776 5
      vertex 2.9785 -26.016 5
    endloop
  endfacet
  facet normal 0 0 1
    outer loop
      vertex 6.66684 -31.9776 5
      vertex 2.77785 -26.1573 5
      vertex 6.16923 -32.2927 5
    endloop
  endfacet
  facet normal -0 0 1
    outer loop
      vertex 2.57051 -26.2886 5
      vertex 6.16923 -32.2927 5
      vertex 2.77785 -26.1573 5
    endloop
  endfacet
  facet normal 0 0 1
    outer loop
      vertex 6.16923 -32.2927 5
      vertex 2.57051 -26.2886 5
      vertex 5.65676 -32.5831 5
    endloop
  endfacet
  facet normal -0 0 1
    outer loop
      vertex 2.35698 -26.4096 5
      vertex 5.65676 -32.5831 5
      vertex 2.57051 -26.2886 5
    endloop
  endfacet
  facet normal 0 0 1
    outer loop
      vertex 5.65676 -32.5831 5
      vertex 2.35698 -26.4096 5
      vertex 5.13066 -32.8479 5
    endloop
  endfacet
  facet normal -0 0 1
    outer loop
      vertex 2.13778 -26.5199 5
      vertex 5.13066 -32.8479 5
      vertex 2.35698 -26.4096 5
    endloop
  endfacet
  facet normal 0 0 1
    outer loop
      vertex 5.13066 -32.8479 5
      vertex 2.13778 -26.5199 5
      vertex 4.5922 -33.0866 5
    endloop
  endfacet
  facet normal -0 0 1
    outer loop
      vertex 1.91342 -26.6194 5
      vertex 4.5922 -33.0866 5
      vertex 2.13778 -26.5199 5
    endloop
  endfacet
  facet normal 0 0 1
    outer loop
      vertex 4.5922 -33.0866 5
      vertex 1.91342 -26.6194 5
      vertex 4.04268 -33.2985 5
    endloop
  endfacet
  facet normal -0 0 1
    outer loop
      vertex 1.68445 -26.7077 5
      vertex 4.04268 -33.2985 5
      vertex 1.91342 -26.6194 5
    endloop
  endfacet
  facet normal 0 0 1
    outer loop
      vertex 4.04268 -33.2985 5
      vertex 1.68445 -26.7077 5
      vertex 3.48342 -33.4833 5
    endloop
  endfacet
  facet normal -0 0 1
    outer loop
      vertex 1.45142 -26.7847 5
      vertex 3.48342 -33.4833 5
      vertex 1.68445 -26.7077 5
    endloop
  endfacet
  facet normal 0 0 1
    outer loop
      vertex 3.48342 -33.4833 5
      vertex 1.45142 -26.7847 5
      vertex 2.91576 -33.6404 5
    endloop
  endfacet
  facet normal -0 0 1
    outer loop
      vertex 1.2149 -26.8502 5
      vertex 2.91576 -33.6404 5
      vertex 1.45142 -26.7847 5
    endloop
  endfacet
  facet normal 0 0 1
    outer loop
      vertex 2.91576 -33.6404 5
      vertex 1.2149 -26.8502 5
      vertex 2.34108 -33.7694 5
    endloop
  endfacet
  facet normal -0 0 1
    outer loop
      vertex 0.975451 -26.9039 5
      vertex 2.34108 -33.7694 5
      vertex 1.2149 -26.8502 5
    endloop
  endfacet
  facet normal 0 0 1
    outer loop
      vertex 2.34108 -33.7694 5
      vertex 0.975451 -26.9039 5
      vertex 1.76077 -33.8701 5
    endloop
  endfacet
  facet normal -0 0 1
    outer loop
      vertex 0.733652 -26.9459 5
      vertex 1.76077 -33.8701 5
      vertex 0.975451 -26.9039 5
    endloop
  endfacet
  facet normal 0 0 1
    outer loop
      vertex 1.76077 -33.8701 5
      vertex 0.733652 -26.9459 5
      vertex 1.17621 -33.9422 5
    endloop
  endfacet
  facet normal -0 0 1
    outer loop
      vertex 0.490086 -26.9759 5
      vertex 1.17621 -33.9422 5
      vertex 0.733652 -26.9459 5
    endloop
  endfacet
  facet normal 0 0 1
    outer loop
      vertex 1.17621 -33.9422 5
      vertex 0.490086 -26.9759 5
      vertex 0.588812 -33.9855 5
    endloop
  endfacet
  facet normal -0 0 1
    outer loop
      vertex 0.245337 -26.994 5
      vertex 0.588812 -33.9855 5
      vertex 0.490086 -26.9759 5
    endloop
  endfacet
  facet normal -0 0 1
    outer loop
      vertex 0 -27 5
      vertex 0.588812 -33.9855 5
      vertex 0.245337 -26.994 5
    endloop
  endfacet
  facet normal 0 0 1
    outer loop
      vertex 0 -27 5
      vertex 0 -34 5
      vertex 0.588812 -33.9855 5
    endloop
  endfacet
  facet normal 0 0 1
    outer loop
      vertex -0.245337 -26.994 5
      vertex 0 -34 5
      vertex 0 -27 5
    endloop
  endfacet
  facet normal 0 0 1
    outer loop
      vertex -0.588812 -33.9855 5
      vertex -0.245337 -26.994 5
      vertex -0.490086 -26.9759 5
    endloop
  endfacet
  facet normal 0 0 1
    outer loop
      vertex -0.245337 -26.994 5
      vertex -0.588812 -33.9855 5
      vertex 0 -34 5
    endloop
  endfacet
  facet normal 0 0 1
    outer loop
      vertex -1.17621 -33.9422 5
      vertex -0.490086 -26.9759 5
      vertex -0.733652 -26.9459 5
    endloop
  endfacet
  facet normal 0 0 1
    outer loop
      vertex -1.76077 -33.8701 5
      vertex -0.733652 -26.9459 5
      vertex -0.975451 -26.9039 5
    endloop
  endfacet
  facet normal 0 0 1
    outer loop
      vertex -0.490086 -26.9759 5
      vertex -1.17621 -33.9422 5
      vertex -0.588812 -33.9855 5
    endloop
  endfacet
  facet normal 0 0 1
    outer loop
      vertex -2.34108 -33.7694 5
      vertex -0.975451 -26.9039 5
      vertex -1.2149 -26.8502 5
    endloop
  endfacet
  facet normal 0 0 1
    outer loop
      vertex -2.91576 -33.6404 5
      vertex -1.2149 -26.8502 5
      vertex -1.45142 -26.7847 5
    endloop
  endfacet
  facet normal 0 0 1
    outer loop
      vertex -3.48342 -33.4833 5
      vertex -1.45142 -26.7847 5
      vertex -1.68445 -26.7077 5
    endloop
  endfacet
  facet normal 0 0 1
    outer loop
      vertex -0.733652 -26.9459 5
      vertex -1.76077 -33.8701 5
      vertex -1.17621 -33.9422 5
    endloop
  endfacet
  facet normal 0 0 1
    outer loop
      vertex -4.04268 -33.2985 5
      vertex -1.68445 -26.7077 5
      vertex -1.91342 -26.6194 5
    endloop
  endfacet
  facet normal 0 0 1
    outer loop
      vertex -4.5922 -33.0866 5
      vertex -1.91342 -26.6194 5
      vertex -2.13778 -26.5199 5
    endloop
  endfacet
  facet normal 0 0 1
    outer loop
      vertex -0.975451 -26.9039 5
      vertex -2.34108 -33.7694 5
      vertex -1.76077 -33.8701 5
    endloop
  endfacet
  facet normal 0 0 1
    outer loop
      vertex -5.13066 -32.8479 5
      vertex -2.13778 -26.5199 5
      vertex -2.35698 -26.4096 5
    endloop
  endfacet
  facet normal 0 0 1
    outer loop
      vertex -5.65676 -32.5831 5
      vertex -2.35698 -26.4096 5
      vertex -2.57051 -26.2886 5
    endloop
  endfacet
  facet normal 0 0 1
    outer loop
      vertex -6.16923 -32.2927 5
      vertex -2.57051 -26.2886 5
      vertex -2.77785 -26.1573 5
    endloop
  endfacet
  facet normal 0 0 1
    outer loop
      vertex -1.2149 -26.8502 5
      vertex -2.91576 -33.6404 5
      vertex -2.34108 -33.7694 5
    endloop
  endfacet
  facet normal 0 0 1
    outer loop
      vertex -6.66684 -31.9776 5
      vertex -2.77785 -26.1573 5
      vertex -2.9785 -26.016 5
    endloop
  endfacet
  facet normal 0 0 1
    outer loop
      vertex -7.14839 -31.6385 5
      vertex -2.9785 -26.016 5
      vertex -3.17197 -25.8651 5
    endloop
  endfacet
  facet normal 0 0 1
    outer loop
      vertex -7.61272 -31.2761 5
      vertex -3.17197 -25.8651 5
      vertex -3.35779 -25.7048 5
    endloop
  endfacet
  facet normal 0 0 1
    outer loop
      vertex -1.45142 -26.7847 5
      vertex -3.48342 -33.4833 5
      vertex -2.91576 -33.6404 5
    endloop
  endfacet
  facet normal 0 0 1
    outer loop
      vertex -8.05871 -30.8914 5
      vertex -3.35779 -25.7048 5
      vertex -3.53553 -25.5355 5
    endloop
  endfacet
  facet normal 0 0 1
    outer loop
      vertex -8.48528 -30.4853 5
      vertex -3.53553 -25.5355 5
      vertex -3.70475 -25.3578 5
    endloop
  endfacet
  facet normal 0 0 1
    outer loop
      vertex -8.89141 -30.0587 5
      vertex -3.70475 -25.3578 5
      vertex -3.86505 -25.172 5
    endloop
  endfacet
  facet normal 0 0 1
    outer loop
      vertex -9.27612 -29.6127 5
      vertex -3.86505 -25.172 5
      vertex -4.01604 -24.9785 5
    endloop
  endfacet
  facet normal 0 0 1
    outer loop
      vertex -1.68445 -26.7077 5
      vertex -4.04268 -33.2985 5
      vertex -3.48342 -33.4833 5
    endloop
  endfacet
  facet normal 0 0 1
    outer loop
      vertex -9.63849 -29.1484 5
      vertex -4.01604 -24.9785 5
      vertex -4.15735 -24.7779 5
    endloop
  endfacet
  facet normal 0 0 1
    outer loop
      vertex -9.97763 -28.6668 5
      vertex -4.15735 -24.7779 5
      vertex -4.28864 -24.5705 5
    endloop
  endfacet
  facet normal 0 0 1
    outer loop
      vertex -10.2927 -28.1692 5
      vertex -4.28864 -24.5705 5
      vertex -4.40961 -24.357 5
    endloop
  endfacet
  facet normal 0 0 1
    outer loop
      vertex -10.5831 -27.6568 5
      vertex -4.40961 -24.357 5
      vertex -4.51995 -24.1378 5
    endloop
  endfacet
  facet normal 0 0 1
    outer loop
      vertex -1.91342 -26.6194 5
      vertex -4.5922 -33.0866 5
      vertex -4.04268 -33.2985 5
    endloop
  endfacet
  facet normal 0 0 1
    outer loop
      vertex -10.8479 -27.1307 5
      vertex -4.51995 -24.1378 5
      vertex -4.6194 -23.9134 5
    endloop
  endfacet
  facet normal 0 0 1
    outer loop
      vertex -11.0866 -26.5922 5
      vertex -4.6194 -23.9134 5
      vertex -4.70772 -23.6844 5
    endloop
  endfacet
  facet normal 0 0 1
    outer loop
      vertex -11.2985 -26.0427 5
      vertex -4.70772 -23.6844 5
      vertex -4.7847 -23.4514 5
    endloop
  endfacet
  facet normal 0 0 1
    outer loop
      vertex -11.4833 -25.4834 5
      vertex -4.7847 -23.4514 5
      vertex -4.85016 -23.2149 5
    endloop
  endfacet
  facet normal 0 0 1
    outer loop
      vertex -11.6404 -24.9158 5
      vertex -4.85016 -23.2149 5
      vertex -4.90393 -22.9755 5
    endloop
  endfacet
  facet normal 0 0 1
    outer loop
      vertex -11.7694 -24.3411 5
      vertex -4.90393 -22.9755 5
      vertex -4.94588 -22.7337 5
    endloop
  endfacet
  facet normal 0 0 1
    outer loop
      vertex -11.8701 -23.7608 5
      vertex -4.94588 -22.7337 5
      vertex -4.97592 -22.4901 5
    endloop
  endfacet
  facet normal 0 0 1
    outer loop
      vertex -11.9422 -23.1762 5
      vertex -4.97592 -22.4901 5
      vertex -4.99398 -22.2453 5
    endloop
  endfacet
  facet normal 0 0 1
    outer loop
      vertex -2.13778 -26.5199 5
      vertex -5.13066 -32.8479 5
      vertex -4.5922 -33.0866 5
    endloop
  endfacet
  facet normal 0 0 1
    outer loop
      vertex -11.9855 -22.5888 5
      vertex -4.99398 -22.2453 5
      vertex -5 -22 5
    endloop
  endfacet
  facet normal -0 0 1
    outer loop
      vertex -10.2927 -15.8308 5
      vertex -4.28864 -19.4295 5
      vertex -9.97763 -15.3332 5
    endloop
  endfacet
  facet normal 0 0 1
    outer loop
      vertex -4.28864 -19.4295 5
      vertex -10.2927 -15.8308 5
      vertex -4.40961 -19.643 5
    endloop
  endfacet
  facet normal 0 0 1
    outer loop
      vertex -2.35698 -26.4096 5
      vertex -5.65676 -32.5831 5
      vertex -5.13066 -32.8479 5
    endloop
  endfacet
  facet normal -0 0 1
    outer loop
      vertex -10.5831 -16.3432 5
      vertex -4.40961 -19.643 5
      vertex -10.2927 -15.8308 5
    endloop
  endfacet
  facet normal 0 0 1
    outer loop
      vertex -2.57051 -26.2886 5
      vertex -6.16923 -32.2927 5
      vertex -5.65676 -32.5831 5
    endloop
  endfacet
  facet normal 0 0 1
    outer loop
      vertex -4.40961 -19.643 5
      vertex -10.5831 -16.3432 5
      vertex -4.51995 -19.8622 5
    endloop
  endfacet
  facet normal 0 0 1
    outer loop
      vertex -2.77785 -26.1573 5
      vertex -6.66684 -31.9776 5
      vertex -6.16923 -32.2927 5
    endloop
  endfacet
  facet normal -0 0 1
    outer loop
      vertex -10.8479 -16.8693 5
      vertex -4.51995 -19.8622 5
      vertex -10.5831 -16.3432 5
    endloop
  endfacet
  facet normal 0 0 1
    outer loop
      vertex -2.9785 -26.016 5
      vertex -7.14839 -31.6385 5
      vertex -6.66684 -31.9776 5
    endloop
  endfacet
  facet normal 0 0 1
    outer loop
      vertex -4.51995 -19.8622 5
      vertex -10.8479 -16.8693 5
      vertex -4.6194 -20.0866 5
    endloop
  endfacet
  facet normal 0 0 1
    outer loop
      vertex -3.17197 -25.8651 5
      vertex -7.61272 -31.2761 5
      vertex -7.14839 -31.6385 5
    endloop
  endfacet
  facet normal -0 0 1
    outer loop
      vertex -11.0866 -17.4078 5
      vertex -4.6194 -20.0866 5
      vertex -10.8479 -16.8693 5
    endloop
  endfacet
  facet normal 0 0 1
    outer loop
      vertex -3.35779 -25.7048 5
      vertex -8.05871 -30.8914 5
      vertex -7.61272 -31.2761 5
    endloop
  endfacet
  facet normal 0 0 1
    outer loop
      vertex -4.6194 -20.0866 5
      vertex -11.0866 -17.4078 5
      vertex -4.70772 -20.3156 5
    endloop
  endfacet
  facet normal 0 0 1
    outer loop
      vertex -3.53553 -25.5355 5
      vertex -8.48528 -30.4853 5
      vertex -8.05871 -30.8914 5
    endloop
  endfacet
  facet normal -0 0 1
    outer loop
      vertex -11.2985 -17.9573 5
      vertex -4.70772 -20.3156 5
      vertex -11.0866 -17.4078 5
    endloop
  endfacet
  facet normal 0 0 1
    outer loop
      vertex -3.70475 -25.3578 5
      vertex -8.89141 -30.0587 5
      vertex -8.48528 -30.4853 5
    endloop
  endfacet
  facet normal 0 0 1
    outer loop
      vertex -4.70772 -20.3156 5
      vertex -11.2985 -17.9573 5
      vertex -4.7847 -20.5486 5
    endloop
  endfacet
  facet normal 0 0 1
    outer loop
      vertex -3.86505 -25.172 5
      vertex -9.27612 -29.6127 5
      vertex -8.89141 -30.0587 5
    endloop
  endfacet
  facet normal -0 0 1
    outer loop
      vertex -11.4833 -18.5166 5
      vertex -4.7847 -20.5486 5
      vertex -11.2985 -17.9573 5
    endloop
  endfacet
  facet normal 0 0 1
    outer loop
      vertex -4.01604 -24.9785 5
      vertex -9.63849 -29.1484 5
      vertex -9.27612 -29.6127 5
    endloop
  endfacet
  facet normal 0 0 1
    outer loop
      vertex -4.7847 -20.5486 5
      vertex -11.4833 -18.5166 5
      vertex -4.85016 -20.7851 5
    endloop
  endfacet
  facet normal 0 0 1
    outer loop
      vertex -4.15735 -24.7779 5
      vertex -9.97763 -28.6668 5
      vertex -9.63849 -29.1484 5
    endloop
  endfacet
  facet normal -0 0 1
    outer loop
      vertex -11.6404 -19.0842 5
      vertex -4.85016 -20.7851 5
      vertex -11.4833 -18.5166 5
    endloop
  endfacet
  facet normal 0 0 1
    outer loop
      vertex -4.28864 -24.5705 5
      vertex -10.2927 -28.1692 5
      vertex -9.97763 -28.6668 5
    endloop
  endfacet
  facet normal 0 0 1
    outer loop
      vertex -4.85016 -20.7851 5
      vertex -11.6404 -19.0842 5
      vertex -4.90393 -21.0245 5
    endloop
  endfacet
  facet normal 0 0 1
    outer loop
      vertex -4.40961 -24.357 5
      vertex -10.5831 -27.6568 5
      vertex -10.2927 -28.1692 5
    endloop
  endfacet
  facet normal -0 0 1
    outer loop
      vertex -11.7694 -19.6589 5
      vertex -4.90393 -21.0245 5
      vertex -11.6404 -19.0842 5
    endloop
  endfacet
  facet normal 0 0 1
    outer loop
      vertex -4.51995 -24.1378 5
      vertex -10.8479 -27.1307 5
      vertex -10.5831 -27.6568 5
    endloop
  endfacet
  facet normal 0 0 1
    outer loop
      vertex -4.90393 -21.0245 5
      vertex -11.7694 -19.6589 5
      vertex -4.94588 -21.2663 5
    endloop
  endfacet
  facet normal 0 0 1
    outer loop
      vertex -4.6194 -23.9134 5
      vertex -11.0866 -26.5922 5
      vertex -10.8479 -27.1307 5
    endloop
  endfacet
  facet normal -0 0 1
    outer loop
      vertex -11.8701 -20.2392 5
      vertex -4.94588 -21.2663 5
      vertex -11.7694 -19.6589 5
    endloop
  endfacet
  facet normal 0 0 1
    outer loop
      vertex -4.70772 -23.6844 5
      vertex -11.2985 -26.0427 5
      vertex -11.0866 -26.5922 5
    endloop
  endfacet
  facet normal 0 0 1
    outer loop
      vertex -4.94588 -21.2663 5
      vertex -11.8701 -20.2392 5
      vertex -4.97592 -21.5099 5
    endloop
  endfacet
  facet normal 0 0 1
    outer loop
      vertex -4.7847 -23.4514 5
      vertex -11.4833 -25.4834 5
      vertex -11.2985 -26.0427 5
    endloop
  endfacet
  facet normal -0 0 1
    outer loop
      vertex -11.9422 -20.8238 5
      vertex -4.97592 -21.5099 5
      vertex -11.8701 -20.2392 5
    endloop
  endfacet
  facet normal 0 0 1
    outer loop
      vertex -4.85016 -23.2149 5
      vertex -11.6404 -24.9158 5
      vertex -11.4833 -25.4834 5
    endloop
  endfacet
  facet normal 0 0 1
    outer loop
      vertex -4.97592 -21.5099 5
      vertex -11.9422 -20.8238 5
      vertex -4.99398 -21.7547 5
    endloop
  endfacet
  facet normal 0 0 1
    outer loop
      vertex -4.90393 -22.9755 5
      vertex -11.7694 -24.3411 5
      vertex -11.6404 -24.9158 5
    endloop
  endfacet
  facet normal -0 0 1
    outer loop
      vertex -11.9855 -21.4112 5
      vertex -4.99398 -21.7547 5
      vertex -11.9422 -20.8238 5
    endloop
  endfacet
  facet normal 0 0 1
    outer loop
      vertex -4.94588 -22.7337 5
      vertex -11.8701 -23.7608 5
      vertex -11.7694 -24.3411 5
    endloop
  endfacet
  facet normal 0 0 1
    outer loop
      vertex -4.99398 -21.7547 5
      vertex -11.9855 -21.4112 5
      vertex -5 -22 5
    endloop
  endfacet
  facet normal 0 0 1
    outer loop
      vertex -4.97592 -22.4901 5
      vertex -11.9422 -23.1762 5
      vertex -11.8701 -23.7608 5
    endloop
  endfacet
  facet normal 0 0 1
    outer loop
      vertex -12 -22 5
      vertex -5 -22 5
      vertex -11.9855 -21.4112 5
    endloop
  endfacet
  facet normal 0 0 1
    outer loop
      vertex -4.99398 -22.2453 5
      vertex -11.9855 -22.5888 5
      vertex -11.9422 -23.1762 5
    endloop
  endfacet
  facet normal 0 0 1
    outer loop
      vertex -5 -22 5
      vertex -12 -22 5
      vertex -11.9855 -22.5888 5
    endloop
  endfacet
  facet normal -0.55762 -0.435143 0.706902
    outer loop
      vertex 44.819 11.24 5
      vertex 44.7032 11.6863 5.18338
      vertex 44.5568 11.576 5
    endloop
  endfacet
  facet normal -0.557495 -0.435142 0.707001
    outer loop
      vertex 44.7032 11.6863 5.18338
      vertex 45.7828 11.9549 6.2
      vertex 45.515 12.298 6.2
    endloop
  endfacet
  facet normal -0.557492 -0.435149 0.706999
    outer loop
      vertex 45.7828 11.9549 6.2
      vertex 44.7032 11.6863 5.18338
      vertex 44.819 11.24 5
    endloop
  endfacet
  facet normal -0.57821 -0.407217 0.706999
    outer loop
      vertex 46.396 9.00081 5
      vertex 45.7828 11.9549 6.2
      vertex 44.819 11.24 5
    endloop
  endfacet
  facet normal -0.578195 -0.407219 0.70701
    outer loop
      vertex 46.396 9.00081 5
      vertex 47.3938 9.6675 6.2
      vertex 45.7828 11.9549 6.2
    endloop
  endfacet
  facet normal -0.597489 -0.378343 0.70701
    outer loop
      vertex 47.8612 6.68693 5
      vertex 47.3938 9.6675 6.2
      vertex 46.396 9.00081 5
    endloop
  endfacet
  facet normal -0.597492 -0.378343 0.707008
    outer loop
      vertex 47.8612 6.68693 5
      vertex 48.8905 7.30386 6.2
      vertex 47.3938 9.6675 6.2
    endloop
  endfacet
  facet normal -0.615325 -0.34859 0.707008
    outer loop
      vertex 49.2112 4.30393 5
      vertex 48.8905 7.30386 6.2
      vertex 47.8612 6.68693 5
    endloop
  endfacet
  facet normal -0.615336 -0.348587 0.706999
    outer loop
      vertex 49.2112 4.30393 5
      vertex 50.2695 4.86961 6.2
      vertex 48.8905 7.30386 6.2
    endloop
  endfacet
  facet normal -0.6317 -0.317973 0.706999
    outer loop
      vertex 50.4426 1.85757 5
      vertex 50.2695 4.86961 6.2
      vertex 49.2112 4.30393 5
    endloop
  endfacet
  facet normal -0.631694 -0.317974 0.707004
    outer loop
      vertex 50.4426 1.85757 5
      vertex 51.5274 2.37064 6.2
      vertex 50.2695 4.86961 6.2
    endloop
  endfacet
  facet normal -0.646535 -0.286596 0.707004
    outer loop
      vertex 51.5525 -0.64627 5
      vertex 51.5274 2.37064 6.2
      vertex 50.4426 1.85757 5
    endloop
  endfacet
  facet normal -0.646558 -0.286589 0.706986
    outer loop
      vertex 51.5525 -0.64627 5
      vertex 52.6611 -0.187045 6.2
      vertex 51.5274 2.37064 6.2
    endloop
  endfacet
  facet normal -0.659846 -0.25451 0.706985
    outer loop
      vertex 52.5381 -3.20155 5
      vertex 52.6611 -0.187045 6.2
      vertex 51.5525 -0.64627 5
    endloop
  endfacet
  facet normal -0.659811 -0.254522 0.707013
    outer loop
      vertex 53.668 -2.79728 6.2
      vertex 52.6611 -0.187045 6.2
      vertex 52.5381 -3.20155 5
    endloop
  endfacet
  facet normal -0.671499 -0.221856 0.707014
    outer loop
      vertex 53.3973 -5.80212 5
      vertex 53.668 -2.79728 6.2
      vertex 52.5381 -3.20155 5
    endloop
  endfacet
  facet normal -0.671525 -0.221845 0.706993
    outer loop
      vertex 54.5456 -5.45377 6.2
      vertex 53.668 -2.79728 6.2
      vertex 53.3973 -5.80212 5
    endloop
  endfacet
  facet normal -0.681607 -0.188607 0.706993
    outer loop
      vertex 54.1277 -8.44171 5
      vertex 54.5456 -5.45377 6.2
      vertex 53.3973 -5.80212 5
    endloop
  endfacet
  facet normal -0.681577 -0.188622 0.707018
    outer loop
      vertex 55.2918 -8.15013 6.2
      vertex 54.5456 -5.45377 6.2
      vertex 54.1277 -8.44171 5
    endloop
  endfacet
  facet normal -0.690105 -0.154901 0.706937
    outer loop
      vertex 55.2918 -8.15013 6.2
      vertex 54.6656 -10.3805 5.1
      vertex 54.7748 -10.867 5.1
    endloop
  endfacet
  facet normal -0.690017 -0.154962 0.70701
    outer loop
      vertex 55.2918 -8.15013 6.2
      vertex 54.2381 -8.47692 5.1
      vertex 54.6656 -10.3805 5.1
    endloop
  endfacet
  facet normal -0.689937 -0.155262 0.707022
    outer loop
      vertex 54.1277 -8.44171 5
      vertex 54.2381 -8.47692 5.1
      vertex 55.2918 -8.15013 6.2
    endloop
  endfacet
  facet normal -0.689961 -0.155648 0.706914
    outer loop
      vertex 54.2381 -8.47692 5.1
      vertex 54.1277 -8.44171 5
      vertex 54.1411 -8.50111 5
    endloop
  endfacet
  facet normal -0.690014 -0.15495 0.707016
    outer loop
      vertex 54.7748 -10.867 5.1
      vertex 55.9048 -10.8799 6.2
      vertex 55.2918 -8.15013 6.2
    endloop
  endfacet
  facet normal -0.69001 -0.154987 0.707011
    outer loop
      vertex 55.9048 -10.8799 6.2
      vertex 54.7748 -10.867 5.1
      vertex 54.8259 -11.0945 5.1
    endloop
  endfacet
  facet normal -0.696791 -0.120902 0.707012
    outer loop
      vertex 55.2551 -13.5681 5.1
      vertex 55.9048 -10.8799 6.2
      vertex 54.8259 -11.0945 5.1
    endloop
  endfacet
  facet normal -0.696786 -0.120904 0.707016
    outer loop
      vertex 55.2551 -13.5681 5.1
      vertex 56.3831 -13.6364 6.2
      vertex 55.9048 -10.8799 6.2
    endloop
  endfacet
  facet normal -0.696779 -0.121034 0.707
    outer loop
      vertex 56.3831 -13.6364 6.2
      vertex 55.2551 -13.5681 5.1
      vertex 55.295 -13.7978 5.1
    endloop
  endfacet
  facet normal -0.701894 -0.0865642 0.707002
    outer loop
      vertex 55.6023 -16.2895 5.1
      vertex 56.3831 -13.6364 6.2
      vertex 55.295 -13.7978 5.1
    endloop
  endfacet
  facet normal -0.701905 -0.0865564 0.706991
    outer loop
      vertex 55.6023 -16.2895 5.1
      vertex 56.7255 -16.413 6.2
      vertex 56.3831 -13.6364 6.2
    endloop
  endfacet
  facet normal -0.701906 -0.0864864 0.707
    outer loop
      vertex 56.7255 -16.413 6.2
      vertex 55.6023 -16.2895 5.1
      vertex 55.6308 -16.5208 5.1
    endloop
  endfacet
  facet normal -0.705298 -0.0520284 0.706999
    outer loop
      vertex 55.8155 -19.0246 5.1
      vertex 56.7255 -16.413 6.2
      vertex 55.6308 -16.5208 5.1
    endloop
  endfacet
  facet normal -0.705304 -0.0520238 0.706993
    outer loop
      vertex 55.8155 -19.0246 5.1
      vertex 56.9313 -19.2031 6.2
      vertex 56.7255 -16.413 6.2
    endloop
  endfacet
  facet normal -0.705311 -0.0521779 0.706975
    outer loop
      vertex 56.9313 -19.2031 6.2
      vertex 55.8155 -19.0246 5.1
      vertex 55.8327 -19.2571 5.1
    endloop
  endfacet
  facet normal -0.707024 -0.0173531 0.706976
    outer loop
      vertex 55.8943 -21.7669 5.1
      vertex 56.9313 -19.2031 6.2
      vertex 55.8327 -19.2571 5.1
    endloop
  endfacet
  facet normal -0.707008 -0.0173662 0.706992
    outer loop
      vertex 55.8943 -21.7669 5.1
      vertex 57 -22 6.2
      vertex 56.9313 -19.2031 6.2
    endloop
  endfacet
  facet normal -0.707001 -0.0172883 0.707001
    outer loop
      vertex 57 -22 6.2
      vertex 55.8943 -21.7669 5.1
      vertex 55.9 -22 5.1
    endloop
  endfacet
  facet normal -0.707 0.0173525 0.707
    outer loop
      vertex 57 -22 6.2
      vertex 55.9 -22 5.1
      vertex 55.8384 -24.5098 5.1
    endloop
  endfacet
  facet normal -0.707016 0.0173664 0.706985
    outer loop
      vertex 55.8384 -24.5098 5.1
      vertex 56.9313 -24.7969 6.2
      vertex 57 -22 6.2
    endloop
  endfacet
  facet normal -0.707027 0.0172889 0.706976
    outer loop
      vertex 56.9313 -24.7969 6.2
      vertex 55.8384 -24.5098 5.1
      vertex 55.8327 -24.7429 5.1
    endloop
  endfacet
  facet normal -0.70532 0.052032 0.706977
    outer loop
      vertex 56.9313 -24.7969 6.2
      vertex 55.8327 -24.7429 5.1
      vertex 55.648 -27.2466 5.1
    endloop
  endfacet
  facet normal -0.705313 0.0520244 0.706985
    outer loop
      vertex 55.648 -27.2466 5.1
      vertex 56.7255 -27.587 6.2
      vertex 56.9313 -24.7969 6.2
    endloop
  endfacet
  facet normal -0.705288 0.0521537 0.707
    outer loop
      vertex 56.7255 -27.587 6.2
      vertex 55.648 -27.2466 5.1
      vertex 55.6308 -27.4792 5.1
    endloop
  endfacet
  facet normal -0.701897 0.086568 0.706999
    outer loop
      vertex 56.7255 -27.587 6.2
      vertex 55.6308 -27.4792 5.1
      vertex 55.3235 -29.9708 5.1
    endloop
  endfacet
  facet normal -0.701884 0.0865537 0.707013
    outer loop
      vertex 55.3235 -29.9708 5.1
      vertex 56.3831 -30.3636 6.2
      vertex 56.7255 -27.587 6.2
    endloop
  endfacet
  facet normal -0.701909 0.0864495 0.707
    outer loop
      vertex 56.3831 -30.3636 6.2
      vertex 55.3235 -29.9708 5.1
      vertex 55.295 -30.2022 5.1
    endloop
  endfacet
  facet normal -0.696796 0.120931 0.707002
    outer loop
      vertex 56.3831 -30.3636 6.2
      vertex 55.295 -30.2022 5.1
      vertex 54.8657 -32.6758 5.1
    endloop
  endfacet
  facet normal -0.696772 0.120902 0.70703
    outer loop
      vertex 54.8657 -32.6758 5.1
      vertex 55.9048 -33.1201 6.2
      vertex 56.3831 -30.3636 6.2
    endloop
  endfacet
  facet normal -0.696821 0.120738 0.70701
    outer loop
      vertex 55.9048 -33.1201 6.2
      vertex 54.8657 -32.6758 5.1
      vertex 54.8259 -32.9055 5.1
    endloop
  endfacet
  facet normal -0.690025 0.154917 0.707012
    outer loop
      vertex 54.6656 -33.6195 5.1
      vertex 55.9048 -33.1201 6.2
      vertex 54.8259 -32.9055 5.1
    endloop
  endfacet
  facet normal -0.690031 0.154975 0.706993
    outer loop
      vertex 55.9048 -33.1201 6.2
      vertex 54.6656 -33.6195 5.1
      vertex 54.2758 -35.3551 5.1
    endloop
  endfacet
  facet normal -0.690616 0.155796 0.706242
    outer loop
      vertex 54.1664 -35.5052 5.02613
      vertex 54.1411 -35.4989 5
      vertex 54.1277 -35.5583 5
    endloop
  endfacet
  facet normal -0.690012 0.154948 0.707018
    outer loop
      vertex 54.2758 -35.3551 5.1
      vertex 55.2918 -35.8499 6.2
      vertex 55.9048 -33.1201 6.2
    endloop
  endfacet
  facet normal -0.690046 0.15485 0.707006
    outer loop
      vertex 54.2381 -35.5231 5.1
      vertex 55.2918 -35.8499 6.2
      vertex 54.2758 -35.3551 5.1
    endloop
  endfacet
  facet normal -0.689902 0.154827 0.707152
    outer loop
      vertex 54.1277 -35.5583 5
      vertex 54.2381 -35.5231 5.1
      vertex 54.1664 -35.5052 5.02613
    endloop
  endfacet
  facet normal -0.689931 0.155283 0.707024
    outer loop
      vertex 54.2381 -35.5231 5.1
      vertex 54.1277 -35.5583 5
      vertex 55.2918 -35.8499 6.2
    endloop
  endfacet
  facet normal -0.681581 0.188599 0.70702
    outer loop
      vertex 55.2918 -35.8499 6.2
      vertex 54.1277 -35.5583 5
      vertex 53.3973 -38.1979 5
    endloop
  endfacet
  facet normal -0.681604 0.188634 0.706989
    outer loop
      vertex 54.5456 -38.5462 6.2
      vertex 55.2918 -35.8499 6.2
      vertex 53.3973 -38.1979 5
    endloop
  endfacet
  facet normal -0.671524 0.221862 0.706988
    outer loop
      vertex 54.5456 -38.5462 6.2
      vertex 53.3973 -38.1979 5
      vertex 52.5381 -40.7985 5
    endloop
  endfacet
  facet normal -0.671512 0.22184 0.707007
    outer loop
      vertex 53.668 -41.2027 6.2
      vertex 54.5456 -38.5462 6.2
      vertex 52.5381 -40.7985 5
    endloop
  endfacet
  facet normal -0.659824 0.254509 0.707006
    outer loop
      vertex 53.668 -41.2027 6.2
      vertex 52.5381 -40.7985 5
      vertex 51.5525 -43.3537 5
    endloop
  endfacet
  facet normal -0.659832 0.254524 0.706993
    outer loop
      vertex 52.6611 -43.813 6.2
      vertex 53.668 -41.2027 6.2
      vertex 51.5525 -43.3537 5
    endloop
  endfacet
  facet normal -0.646546 0.286594 0.706995
    outer loop
      vertex 52.6611 -43.813 6.2
      vertex 51.5525 -43.3537 5
      vertex 50.4426 -45.8576 5
    endloop
  endfacet
  facet normal -0.646546 0.286593 0.706996
    outer loop
      vertex 51.5274 -46.3706 6.2
      vertex 52.6611 -43.813 6.2
      vertex 50.4426 -45.8576 5
    endloop
  endfacet
  facet normal -0.631701 0.317981 0.706995
    outer loop
      vertex 51.5274 -46.3706 6.2
      vertex 50.4426 -45.8576 5
      vertex 49.2112 -48.3039 5
    endloop
  endfacet
  facet normal -0.631698 0.317972 0.707002
    outer loop
      vertex 50.2695 -48.8696 6.2
      vertex 51.5274 -46.3706 6.2
      vertex 49.2112 -48.3039 5
    endloop
  endfacet
  facet normal -0.61533 0.348592 0.707002
    outer loop
      vertex 50.2695 -48.8696 6.2
      vertex 49.2112 -48.3039 5
      vertex 47.8612 -50.6869 5
    endloop
  endfacet
  facet normal -0.615323 0.348573 0.707018
    outer loop
      vertex 48.8905 -51.3039 6.2
      vertex 50.2695 -48.8696 6.2
      vertex 47.8612 -50.6869 5
    endloop
  endfacet
  facet normal -0.597483 0.378336 0.707019
    outer loop
      vertex 48.8905 -51.3039 6.2
      vertex 47.8612 -50.6869 5
      vertex 46.396 -53.0008 5
    endloop
  endfacet
  facet normal -0.597486 0.378345 0.707012
    outer loop
      vertex 47.3938 -53.6675 6.2
      vertex 48.8905 -51.3039 6.2
      vertex 46.396 -53.0008 5
    endloop
  endfacet
  facet normal -0.5782 0.407209 0.707012
    outer loop
      vertex 47.3938 -53.6675 6.2
      vertex 46.396 -53.0008 5
      vertex 44.819 -55.24 5
    endloop
  endfacet
  facet normal -0.578204 0.407225 0.706999
    outer loop
      vertex 45.7828 -55.9549 6.2
      vertex 47.3938 -53.6675 6.2
      vertex 44.819 -55.24 5
    endloop
  endfacet
  facet normal -0.557476 0.43517 0.706999
    outer loop
      vertex 44.819 -55.24 5
      vertex 45.3632 -56.1836 6.00991
      vertex 45.7828 -55.9549 6.2
    endloop
  endfacet
  facet normal -0.557561 0.435097 0.706976
    outer loop
      vertex 45.3632 -56.1836 6.00991
      vertex 44.819 -55.24 5
      vertex 44.5568 -55.576 5
    endloop
  endfacet
  facet normal -0.557466 0.435119 0.707038
    outer loop
      vertex 45.515 -56.298 6.2
      vertex 45.7828 -55.9549 6.2
      vertex 45.3632 -56.1836 6.00991
    endloop
  endfacet
  facet normal -0.992482 0.12239 0
    outer loop
      vertex -4.97592 -21.5099 5
      vertex -4.94588 -21.2663 8.1
      vertex -4.94588 -21.2663 5
    endloop
  endfacet
  facet normal -0.992482 0.12239 0
    outer loop
      vertex -4.94588 -21.2663 8.1
      vertex -4.97592 -21.5099 5
      vertex -4.97592 -21.5099 8.1
    endloop
  endfacet
  facet normal 0.0737519 -0.997277 0
    outer loop
      vertex 0.245337 -26.994 5
      vertex 0.490086 -26.9759 8.1
      vertex 0.245337 -26.994 8.1
    endloop
  endfacet
  facet normal 0.0737519 -0.997277 0
    outer loop
      vertex 0.490086 -26.9759 8.1
      vertex 0.245337 -26.994 5
      vertex 0.490086 -26.9759 5
    endloop
  endfacet
  facet normal 0.0244488 -0.999701 0
    outer loop
      vertex 0 -27 5
      vertex 0.245337 -26.994 8.1
      vertex 0 -27 8.1
    endloop
  endfacet
  facet normal 0.0244488 -0.999701 0
    outer loop
      vertex 0.245337 -26.994 8.1
      vertex 0 -27 5
      vertex 0.245337 -26.994 5
    endloop
  endfacet
  facet normal 0.122246 -0.9925 0
    outer loop
      vertex 0.490086 -26.9759 5
      vertex 0.733652 -26.9459 8.1
      vertex 0.490086 -26.9759 8.1
    endloop
  endfacet
  facet normal 0.122246 -0.9925 0
    outer loop
      vertex 0.733652 -26.9459 8.1
      vertex 0.490086 -26.9759 5
      vertex 0.733652 -26.9459 5
    endloop
  endfacet
  facet normal -0.99729 -0.0735746 0
    outer loop
      vertex -4.97592 -22.4901 5
      vertex -4.99398 -22.2453 8.1
      vertex -4.99398 -22.2453 5
    endloop
  endfacet
  facet normal -0.99729 -0.0735746 0
    outer loop
      vertex -4.99398 -22.2453 8.1
      vertex -4.97592 -22.4901 5
      vertex -4.97592 -22.4901 8.1
    endloop
  endfacet
  facet normal -0.359812 -0.933025 0
    outer loop
      vertex -1.91342 -26.6194 5
      vertex -1.68445 -26.7077 8.1
      vertex -1.91342 -26.6194 8.1
    endloop
  endfacet
  facet normal -0.359812 -0.933025 -0
    outer loop
      vertex -1.68445 -26.7077 8.1
      vertex -1.91342 -26.6194 5
      vertex -1.68445 -26.7077 5
    endloop
  endfacet
  facet normal 0.405405 0.914137 -0
    outer loop
      vertex 2.13778 -17.4801 5
      vertex 1.91342 -17.3806 8.1
      vertex 2.13778 -17.4801 8.1
    endloop
  endfacet
  facet normal 0.405405 0.914137 0
    outer loop
      vertex 1.91342 -17.3806 8.1
      vertex 2.13778 -17.4801 5
      vertex 1.91342 -17.3806 5
    endloop
  endfacet
  facet normal 0.724175 -0.689617 0
    outer loop
      vertex 3.53553 -25.5355 8.1
      vertex 3.70475 -25.3578 5
      vertex 3.70475 -25.3578 8.1
    endloop
  endfacet
  facet normal 0.724175 -0.689617 0
    outer loop
      vertex 3.70475 -25.3578 5
      vertex 3.53553 -25.5355 8.1
      vertex 3.53553 -25.5355 5
    endloop
  endfacet
  facet normal -0.933013 -0.359842 0
    outer loop
      vertex -4.6194 -23.9134 5
      vertex -4.70772 -23.6844 8.1
      vertex -4.70772 -23.6844 5
    endloop
  endfacet
  facet normal -0.933013 -0.359842 0
    outer loop
      vertex -4.70772 -23.6844 8.1
      vertex -4.6194 -23.9134 5
      vertex -4.6194 -23.9134 8.1
    endloop
  endfacet
  facet normal -0.535007 0.844847 0
    outer loop
      vertex -2.57051 -17.7114 5
      vertex -2.77785 -17.8427 8.1
      vertex -2.57051 -17.7114 8.1
    endloop
  endfacet
  facet normal -0.535007 0.844847 0
    outer loop
      vertex -2.77785 -17.8427 8.1
      vertex -2.57051 -17.7114 5
      vertex -2.77785 -17.8427 5
    endloop
  endfacet
  facet normal -0.218829 -0.975763 0
    outer loop
      vertex -1.2149 -26.8502 5
      vertex -0.975451 -26.9039 8.1
      vertex -1.2149 -26.8502 8.1
    endloop
  endfacet
  facet normal -0.218829 -0.975763 -0
    outer loop
      vertex -0.975451 -26.9039 8.1
      vertex -1.2149 -26.8502 5
      vertex -0.975451 -26.9039 5
    endloop
  endfacet
  facet normal 0.313745 -0.949507 0
    outer loop
      vertex 1.45142 -26.7847 5
      vertex 1.68445 -26.7077 8.1
      vertex 1.45142 -26.7847 8.1
    endloop
  endfacet
  facet normal 0.313745 -0.949507 0
    outer loop
      vertex 1.68445 -26.7077 8.1
      vertex 1.45142 -26.7847 5
      vertex 1.68445 -26.7077 5
    endloop
  endfacet
  facet normal -0.218829 0.975763 0
    outer loop
      vertex -0.975451 -17.0961 5
      vertex -1.2149 -17.1498 8.1
      vertex -0.975451 -17.0961 8.1
    endloop
  endfacet
  facet normal -0.218829 0.975763 0
    outer loop
      vertex -1.2149 -17.1498 8.1
      vertex -0.975451 -17.0961 5
      vertex -1.2149 -17.1498 5
    endloop
  endfacet
  facet normal -0.405405 0.914137 0
    outer loop
      vertex -1.91342 -17.3806 5
      vertex -2.13778 -17.4801 8.1
      vertex -1.91342 -17.3806 8.1
    endloop
  endfacet
  facet normal -0.405405 0.914137 0
    outer loop
      vertex -2.13778 -17.4801 8.1
      vertex -1.91342 -17.3806 5
      vertex -2.13778 -17.4801 5
    endloop
  endfacet
  facet normal -0.653198 -0.757188 0
    outer loop
      vertex -3.35779 -25.7048 5
      vertex -3.17197 -25.8651 8.1
      vertex -3.35779 -25.7048 8.1
    endloop
  endfacet
  facet normal -0.653198 -0.757188 -0
    outer loop
      vertex -3.17197 -25.8651 8.1
      vertex -3.35779 -25.7048 5
      vertex -3.17197 -25.8651 5
    endloop
  endfacet
  facet normal -0.449494 -0.893283 0
    outer loop
      vertex -2.35698 -26.4096 5
      vertex -2.13778 -26.5199 8.1
      vertex -2.35698 -26.4096 8.1
    endloop
  endfacet
  facet normal -0.449494 -0.893283 -0
    outer loop
      vertex -2.13778 -26.5199 8.1
      vertex -2.35698 -26.4096 5
      vertex -2.13778 -26.5199 5
    endloop
  endfacet
  facet normal -0.0737519 -0.997277 0
    outer loop
      vertex -0.490086 -26.9759 5
      vertex -0.245337 -26.994 8.1
      vertex -0.490086 -26.9759 8.1
    endloop
  endfacet
  facet normal -0.0737519 -0.997277 -0
    outer loop
      vertex -0.245337 -26.994 8.1
      vertex -0.490086 -26.9759 5
      vertex -0.245337 -26.994 5
    endloop
  endfacet
  facet normal 0.817524 0.575894 0
    outer loop
      vertex 4.15735 -19.2221 8.1
      vertex 4.01604 -19.0215 5
      vertex 4.01604 -19.0215 8.1
    endloop
  endfacet
  facet normal 0.817524 0.575894 0
    outer loop
      vertex 4.01604 -19.0215 5
      vertex 4.15735 -19.2221 8.1
      vertex 4.15735 -19.2221 5
    endloop
  endfacet
  facet normal 0.870045 0.492971 0
    outer loop
      vertex 4.40961 -19.643 8.1
      vertex 4.28864 -19.4295 5
      vertex 4.28864 -19.4295 8.1
    endloop
  endfacet
  facet normal 0.870045 0.492971 0
    outer loop
      vertex 4.28864 -19.4295 5
      vertex 4.40961 -19.643 8.1
      vertex 4.40961 -19.643 5
    endloop
  endfacet
  facet normal -0.689706 -0.724089 0
    outer loop
      vertex -3.53553 -25.5355 5
      vertex -3.35779 -25.7048 8.1
      vertex -3.53553 -25.5355 8.1
    endloop
  endfacet
  facet normal -0.689706 -0.724089 -0
    outer loop
      vertex -3.35779 -25.7048 8.1
      vertex -3.53553 -25.5355 5
      vertex -3.35779 -25.7048 5
    endloop
  endfacet
  facet normal -0.963764 0.266757 0
    outer loop
      vertex -4.85016 -20.7851 5
      vertex -4.7847 -20.5486 8.1
      vertex -4.7847 -20.5486 5
    endloop
  endfacet
  facet normal -0.963764 0.266757 0
    outer loop
      vertex -4.7847 -20.5486 8.1
      vertex -4.85016 -20.7851 5
      vertex -4.85016 -20.7851 8.1
    endloop
  endfacet
  facet normal 0.615015 0.788515 -0
    outer loop
      vertex 3.17197 -18.1349 5
      vertex 2.9785 -17.984 8.1
      vertex 3.17197 -18.1349 8.1
    endloop
  endfacet
  facet normal 0.615015 0.788515 0
    outer loop
      vertex 2.9785 -17.984 8.1
      vertex 3.17197 -18.1349 5
      vertex 2.9785 -17.984 5
    endloop
  endfacet
  facet normal -0.266887 -0.963728 0
    outer loop
      vertex -1.45142 -26.7847 5
      vertex -1.2149 -26.8502 8.1
      vertex -1.45142 -26.7847 8.1
    endloop
  endfacet
  facet normal -0.266887 -0.963728 -0
    outer loop
      vertex -1.2149 -26.8502 8.1
      vertex -1.45142 -26.7847 5
      vertex -1.2149 -26.8502 5
    endloop
  endfacet
  facet normal 0.653198 0.757188 -0
    outer loop
      vertex 3.35779 -18.2952 5
      vertex 3.17197 -18.1349 8.1
      vertex 3.35779 -18.2952 8.1
    endloop
  endfacet
  facet normal 0.653198 0.757188 0
    outer loop
      vertex 3.17197 -18.1349 8.1
      vertex 3.35779 -18.2952 5
      vertex 3.17197 -18.1349 5
    endloop
  endfacet
  facet normal 0.724175 0.689617 0
    outer loop
      vertex 3.70475 -18.6422 8.1
      vertex 3.53553 -18.4645 5
      vertex 3.53553 -18.4645 8.1
    endloop
  endfacet
  facet normal 0.724175 0.689617 0
    outer loop
      vertex 3.53553 -18.4645 5
      vertex 3.70475 -18.6422 8.1
      vertex 3.70475 -18.6422 5
    endloop
  endfacet
  facet normal -0.171136 -0.985248 0
    outer loop
      vertex -0.975451 -26.9039 5
      vertex -0.733652 -26.9459 8.1
      vertex -0.975451 -26.9039 8.1
    endloop
  endfacet
  facet normal -0.171136 -0.985248 -0
    outer loop
      vertex -0.733652 -26.9459 8.1
      vertex -0.975451 -26.9039 5
      vertex -0.733652 -26.9459 5
    endloop
  endfacet
  facet normal -0.985282 0.170937 0
    outer loop
      vertex -4.94588 -21.2663 5
      vertex -4.90393 -21.0245 8.1
      vertex -4.90393 -21.0245 5
    endloop
  endfacet
  facet normal -0.985282 0.170937 0
    outer loop
      vertex -4.90393 -21.0245 8.1
      vertex -4.94588 -21.2663 5
      vertex -4.94588 -21.2663 8.1
    endloop
  endfacet
  facet normal 0.493012 -0.870023 0
    outer loop
      vertex 2.35698 -26.4096 5
      vertex 2.57051 -26.2886 8.1
      vertex 2.35698 -26.4096 8.1
    endloop
  endfacet
  facet normal 0.493012 -0.870023 0
    outer loop
      vertex 2.57051 -26.2886 8.1
      vertex 2.35698 -26.4096 5
      vertex 2.57051 -26.2886 5
    endloop
  endfacet
  facet normal 0.99729 0.0735746 0
    outer loop
      vertex 4.99398 -21.7547 8.1
      vertex 4.97592 -21.5099 5
      vertex 4.97592 -21.5099 8.1
    endloop
  endfacet
  facet normal 0.99729 0.0735746 0
    outer loop
      vertex 4.97592 -21.5099 5
      vertex 4.99398 -21.7547 8.1
      vertex 4.99398 -21.7547 5
    endloop
  endfacet
  facet normal 0.949519 0.313708 0
    outer loop
      vertex 4.7847 -20.5486 8.1
      vertex 4.70772 -20.3156 5
      vertex 4.70772 -20.3156 8.1
    endloop
  endfacet
  facet normal 0.949519 0.313708 0
    outer loop
      vertex 4.70772 -20.3156 5
      vertex 4.7847 -20.5486 8.1
      vertex 4.7847 -20.5486 5
    endloop
  endfacet
  facet normal -0.975693 -0.219144 0
    outer loop
      vertex -4.85016 -23.2149 5
      vertex -4.90393 -22.9755 8.1
      vertex -4.90393 -22.9755 5
    endloop
  endfacet
  facet normal -0.975693 -0.219144 0
    outer loop
      vertex -4.90393 -22.9755 8.1
      vertex -4.85016 -23.2149 5
      vertex -4.85016 -23.2149 8.1
    endloop
  endfacet
  facet normal 0.359812 0.933025 -0
    outer loop
      vertex 1.91342 -17.3806 5
      vertex 1.68445 -17.2923 8.1
      vertex 1.91342 -17.3806 8.1
    endloop
  endfacet
  facet normal 0.359812 0.933025 0
    outer loop
      vertex 1.68445 -17.2923 8.1
      vertex 1.91342 -17.3806 5
      vertex 1.68445 -17.2923 5
    endloop
  endfacet
  facet normal -0.405405 -0.914137 0
    outer loop
      vertex -2.13778 -26.5199 5
      vertex -1.91342 -26.6194 8.1
      vertex -2.13778 -26.5199 8.1
    endloop
  endfacet
  facet normal -0.405405 -0.914137 -0
    outer loop
      vertex -1.91342 -26.6194 8.1
      vertex -2.13778 -26.5199 5
      vertex -1.91342 -26.6194 5
    endloop
  endfacet
  facet normal 0.449494 -0.893283 0
    outer loop
      vertex 2.13778 -26.5199 5
      vertex 2.35698 -26.4096 8.1
      vertex 2.13778 -26.5199 8.1
    endloop
  endfacet
  facet normal 0.449494 -0.893283 0
    outer loop
      vertex 2.35698 -26.4096 8.1
      vertex 2.13778 -26.5199 5
      vertex 2.35698 -26.4096 5
    endloop
  endfacet
  facet normal 0.0244488 0.999701 -0
    outer loop
      vertex 0.245337 -17.006 5
      vertex 0 -17 8.1
      vertex 0.245337 -17.006 8.1
    endloop
  endfacet
  facet normal 0.0244488 0.999701 0
    outer loop
      vertex 0 -17 8.1
      vertex 0.245337 -17.006 5
      vertex 0 -17 5
    endloop
  endfacet
  facet normal 0.992482 0.12239 0
    outer loop
      vertex 4.97592 -21.5099 8.1
      vertex 4.94588 -21.2663 5
      vertex 4.94588 -21.2663 8.1
    endloop
  endfacet
  facet normal 0.992482 0.12239 0
    outer loop
      vertex 4.94588 -21.2663 5
      vertex 4.97592 -21.5099 8.1
      vertex 4.97592 -21.5099 5
    endloop
  endfacet
  facet normal -0.757153 0.653238 0
    outer loop
      vertex -3.86505 -18.828 5
      vertex -3.70475 -18.6422 8.1
      vertex -3.70475 -18.6422 5
    endloop
  endfacet
  facet normal -0.757153 0.653238 0
    outer loop
      vertex -3.70475 -18.6422 8.1
      vertex -3.86505 -18.828 5
      vertex -3.86505 -18.828 8.1
    endloop
  endfacet
  facet normal 0.844936 0.534868 0
    outer loop
      vertex 4.28864 -19.4295 8.1
      vertex 4.15735 -19.2221 5
      vertex 4.15735 -19.2221 8.1
    endloop
  endfacet
  facet normal 0.844936 0.534868 0
    outer loop
      vertex 4.15735 -19.2221 5
      vertex 4.28864 -19.4295 8.1
      vertex 4.28864 -19.4295 5
    endloop
  endfacet
  facet normal -0.122246 -0.9925 0
    outer loop
      vertex -0.733652 -26.9459 5
      vertex -0.490086 -26.9759 8.1
      vertex -0.733652 -26.9459 8.1
    endloop
  endfacet
  facet normal -0.122246 -0.9925 -0
    outer loop
      vertex -0.490086 -26.9759 8.1
      vertex -0.733652 -26.9459 5
      vertex -0.490086 -26.9759 5
    endloop
  endfacet
  facet normal -0.313745 0.949507 0
    outer loop
      vertex -1.45142 -17.2153 5
      vertex -1.68445 -17.2923 8.1
      vertex -1.45142 -17.2153 8.1
    endloop
  endfacet
  facet normal -0.313745 0.949507 0
    outer loop
      vertex -1.68445 -17.2923 8.1
      vertex -1.45142 -17.2153 5
      vertex -1.68445 -17.2923 5
    endloop
  endfacet
  facet normal 0.975693 -0.219144 0
    outer loop
      vertex 4.85016 -23.2149 8.1
      vertex 4.90393 -22.9755 5
      vertex 4.90393 -22.9755 8.1
    endloop
  endfacet
  facet normal 0.975693 -0.219144 0
    outer loop
      vertex 4.90393 -22.9755 5
      vertex 4.85016 -23.2149 8.1
      vertex 4.85016 -23.2149 5
    endloop
  endfacet
  facet normal 0.985282 -0.170937 0
    outer loop
      vertex 4.90393 -22.9755 8.1
      vertex 4.94588 -22.7337 5
      vertex 4.94588 -22.7337 8.1
    endloop
  endfacet
  facet normal 0.985282 -0.170937 0
    outer loop
      vertex 4.94588 -22.7337 5
      vertex 4.90393 -22.9755 8.1
      vertex 4.90393 -22.9755 5
    endloop
  endfacet
  facet normal 0.975693 0.219144 0
    outer loop
      vertex 4.90393 -21.0245 8.1
      vertex 4.85016 -20.7851 5
      vertex 4.85016 -20.7851 8.1
    endloop
  endfacet
  facet normal 0.975693 0.219144 0
    outer loop
      vertex 4.85016 -20.7851 5
      vertex 4.90393 -21.0245 8.1
      vertex 4.90393 -21.0245 5
    endloop
  endfacet
  facet normal 0.914239 -0.405174 0
    outer loop
      vertex 4.51995 -24.1378 8.1
      vertex 4.6194 -23.9134 5
      vertex 4.6194 -23.9134 8.1
    endloop
  endfacet
  facet normal 0.914239 -0.405174 0
    outer loop
      vertex 4.6194 -23.9134 5
      vertex 4.51995 -24.1378 8.1
      vertex 4.51995 -24.1378 5
    endloop
  endfacet
  facet normal -0.985282 -0.170937 0
    outer loop
      vertex -4.90393 -22.9755 5
      vertex -4.94588 -22.7337 8.1
      vertex -4.94588 -22.7337 5
    endloop
  endfacet
  facet normal -0.985282 -0.170937 0
    outer loop
      vertex -4.94588 -22.7337 8.1
      vertex -4.90393 -22.9755 5
      vertex -4.90393 -22.9755 8.1
    endloop
  endfacet
  facet normal -0.0737519 0.997277 0
    outer loop
      vertex -0.245337 -17.006 5
      vertex -0.490086 -17.0241 8.1
      vertex -0.245337 -17.006 8.1
    endloop
  endfacet
  facet normal -0.0737519 0.997277 0
    outer loop
      vertex -0.490086 -17.0241 8.1
      vertex -0.245337 -17.006 5
      vertex -0.490086 -17.0241 5
    endloop
  endfacet
  facet normal 0.359812 -0.933025 0
    outer loop
      vertex 1.68445 -26.7077 5
      vertex 1.91342 -26.6194 8.1
      vertex 1.68445 -26.7077 8.1
    endloop
  endfacet
  facet normal 0.359812 -0.933025 0
    outer loop
      vertex 1.91342 -26.6194 8.1
      vertex 1.68445 -26.7077 5
      vertex 1.91342 -26.6194 5
    endloop
  endfacet
  facet normal -0.724175 -0.689617 0
    outer loop
      vertex -3.53553 -25.5355 5
      vertex -3.70475 -25.3578 8.1
      vertex -3.70475 -25.3578 5
    endloop
  endfacet
  facet normal -0.724175 -0.689617 0
    outer loop
      vertex -3.70475 -25.3578 8.1
      vertex -3.53553 -25.5355 5
      vertex -3.53553 -25.5355 8.1
    endloop
  endfacet
  facet normal 0 0 1
    outer loop
      vertex 4.99398 -21.7547 8.1
      vertex 4.99398 -22.2453 8.1
      vertex 5 -22 8.1
    endloop
  endfacet
  facet normal 0 0 1
    outer loop
      vertex 4.97592 -21.5099 8.1
      vertex 4.99398 -22.2453 8.1
      vertex 4.99398 -21.7547 8.1
    endloop
  endfacet
  facet normal 0 0 1
    outer loop
      vertex 4.97592 -21.5099 8.1
      vertex 4.97592 -22.4901 8.1
      vertex 4.99398 -22.2453 8.1
    endloop
  endfacet
  facet normal 0 0 1
    outer loop
      vertex 4.94588 -21.2663 8.1
      vertex 4.97592 -22.4901 8.1
      vertex 4.97592 -21.5099 8.1
    endloop
  endfacet
  facet normal 0 0 1
    outer loop
      vertex 4.94588 -21.2663 8.1
      vertex 4.94588 -22.7337 8.1
      vertex 4.97592 -22.4901 8.1
    endloop
  endfacet
  facet normal 0 0 1
    outer loop
      vertex 4.90393 -21.0245 8.1
      vertex 4.94588 -22.7337 8.1
      vertex 4.94588 -21.2663 8.1
    endloop
  endfacet
  facet normal 0 0 1
    outer loop
      vertex 4.90393 -21.0245 8.1
      vertex 4.90393 -22.9755 8.1
      vertex 4.94588 -22.7337 8.1
    endloop
  endfacet
  facet normal 0 0 1
    outer loop
      vertex 4.85016 -20.7851 8.1
      vertex 4.90393 -22.9755 8.1
      vertex 4.90393 -21.0245 8.1
    endloop
  endfacet
  facet normal 0 0 1
    outer loop
      vertex 4.85016 -20.7851 8.1
      vertex 4.85016 -23.2149 8.1
      vertex 4.90393 -22.9755 8.1
    endloop
  endfacet
  facet normal 0 0 1
    outer loop
      vertex 4.7847 -20.5486 8.1
      vertex 4.85016 -23.2149 8.1
      vertex 4.85016 -20.7851 8.1
    endloop
  endfacet
  facet normal 0 0 1
    outer loop
      vertex 4.7847 -20.5486 8.1
      vertex 4.7847 -23.4514 8.1
      vertex 4.85016 -23.2149 8.1
    endloop
  endfacet
  facet normal 0 0 1
    outer loop
      vertex 4.70772 -20.3156 8.1
      vertex 4.7847 -23.4514 8.1
      vertex 4.7847 -20.5486 8.1
    endloop
  endfacet
  facet normal 0 0 1
    outer loop
      vertex 4.70772 -20.3156 8.1
      vertex 4.70772 -23.6844 8.1
      vertex 4.7847 -23.4514 8.1
    endloop
  endfacet
  facet normal 0 0 1
    outer loop
      vertex 4.6194 -20.0866 8.1
      vertex 4.70772 -23.6844 8.1
      vertex 4.70772 -20.3156 8.1
    endloop
  endfacet
  facet normal 0 0 1
    outer loop
      vertex 4.6194 -20.0866 8.1
      vertex 4.6194 -23.9134 8.1
      vertex 4.70772 -23.6844 8.1
    endloop
  endfacet
  facet normal 0 0 1
    outer loop
      vertex 4.51995 -19.8622 8.1
      vertex 4.6194 -23.9134 8.1
      vertex 4.6194 -20.0866 8.1
    endloop
  endfacet
  facet normal 0 0 1
    outer loop
      vertex 4.51995 -19.8622 8.1
      vertex 4.51995 -24.1378 8.1
      vertex 4.6194 -23.9134 8.1
    endloop
  endfacet
  facet normal 0 0 1
    outer loop
      vertex 4.40961 -19.643 8.1
      vertex 4.51995 -24.1378 8.1
      vertex 4.51995 -19.8622 8.1
    endloop
  endfacet
  facet normal 0 0 1
    outer loop
      vertex 4.40961 -19.643 8.1
      vertex 4.40961 -24.357 8.1
      vertex 4.51995 -24.1378 8.1
    endloop
  endfacet
  facet normal 0 0 1
    outer loop
      vertex 4.28864 -19.4295 8.1
      vertex 4.40961 -24.357 8.1
      vertex 4.40961 -19.643 8.1
    endloop
  endfacet
  facet normal 0 0 1
    outer loop
      vertex 4.28864 -19.4295 8.1
      vertex 4.28864 -24.5705 8.1
      vertex 4.40961 -24.357 8.1
    endloop
  endfacet
  facet normal 0 0 1
    outer loop
      vertex 4.15735 -19.2221 8.1
      vertex 4.28864 -24.5705 8.1
      vertex 4.28864 -19.4295 8.1
    endloop
  endfacet
  facet normal 0 0 1
    outer loop
      vertex 4.15735 -19.2221 8.1
      vertex 4.15735 -24.7779 8.1
      vertex 4.28864 -24.5705 8.1
    endloop
  endfacet
  facet normal 0 0 1
    outer loop
      vertex 4.01604 -19.0215 8.1
      vertex 4.15735 -24.7779 8.1
      vertex 4.15735 -19.2221 8.1
    endloop
  endfacet
  facet normal 0 0 1
    outer loop
      vertex 4.01604 -19.0215 8.1
      vertex 4.01604 -24.9785 8.1
      vertex 4.15735 -24.7779 8.1
    endloop
  endfacet
  facet normal 0 0 1
    outer loop
      vertex 3.86505 -18.828 8.1
      vertex 4.01604 -24.9785 8.1
      vertex 4.01604 -19.0215 8.1
    endloop
  endfacet
  facet normal 0 0 1
    outer loop
      vertex 3.86505 -18.828 8.1
      vertex 3.86505 -25.172 8.1
      vertex 4.01604 -24.9785 8.1
    endloop
  endfacet
  facet normal 0 0 1
    outer loop
      vertex 3.70475 -18.6422 8.1
      vertex 3.86505 -25.172 8.1
      vertex 3.86505 -18.828 8.1
    endloop
  endfacet
  facet normal 0 0 1
    outer loop
      vertex 3.70475 -18.6422 8.1
      vertex 3.70475 -25.3578 8.1
      vertex 3.86505 -25.172 8.1
    endloop
  endfacet
  facet normal 0 0 1
    outer loop
      vertex 3.53553 -18.4645 8.1
      vertex 3.70475 -25.3578 8.1
      vertex 3.70475 -18.6422 8.1
    endloop
  endfacet
  facet normal 0 0 1
    outer loop
      vertex 3.53553 -18.4645 8.1
      vertex 3.53553 -25.5355 8.1
      vertex 3.70475 -25.3578 8.1
    endloop
  endfacet
  facet normal 0 0 1
    outer loop
      vertex 3.35779 -18.2952 8.1
      vertex 3.53553 -25.5355 8.1
      vertex 3.53553 -18.4645 8.1
    endloop
  endfacet
  facet normal 0 0 1
    outer loop
      vertex 3.35779 -18.2952 8.1
      vertex 3.35779 -25.7048 8.1
      vertex 3.53553 -25.5355 8.1
    endloop
  endfacet
  facet normal 0 0 1
    outer loop
      vertex 3.17197 -18.1349 8.1
      vertex 3.35779 -25.7048 8.1
      vertex 3.35779 -18.2952 8.1
    endloop
  endfacet
  facet normal 0 0 1
    outer loop
      vertex 3.17197 -18.1349 8.1
      vertex 3.17197 -25.8651 8.1
      vertex 3.35779 -25.7048 8.1
    endloop
  endfacet
  facet normal 0 0 1
    outer loop
      vertex 2.9785 -17.984 8.1
      vertex 3.17197 -25.8651 8.1
      vertex 3.17197 -18.1349 8.1
    endloop
  endfacet
  facet normal 0 0 1
    outer loop
      vertex 2.9785 -17.984 8.1
      vertex 2.9785 -26.016 8.1
      vertex 3.17197 -25.8651 8.1
    endloop
  endfacet
  facet normal 0 0 1
    outer loop
      vertex 2.77785 -17.8427 8.1
      vertex 2.9785 -26.016 8.1
      vertex 2.9785 -17.984 8.1
    endloop
  endfacet
  facet normal 0 0 1
    outer loop
      vertex 2.77785 -17.8427 8.1
      vertex 2.77785 -26.1573 8.1
      vertex 2.9785 -26.016 8.1
    endloop
  endfacet
  facet normal 0 0 1
    outer loop
      vertex 2.57051 -17.7114 8.1
      vertex 2.77785 -26.1573 8.1
      vertex 2.77785 -17.8427 8.1
    endloop
  endfacet
  facet normal 0 0 1
    outer loop
      vertex 2.57051 -17.7114 8.1
      vertex 2.57051 -26.2886 8.1
      vertex 2.77785 -26.1573 8.1
    endloop
  endfacet
  facet normal 0 0 1
    outer loop
      vertex 2.35698 -17.5904 8.1
      vertex 2.57051 -26.2886 8.1
      vertex 2.57051 -17.7114 8.1
    endloop
  endfacet
  facet normal 0 0 1
    outer loop
      vertex 2.35698 -17.5904 8.1
      vertex 2.35698 -26.4096 8.1
      vertex 2.57051 -26.2886 8.1
    endloop
  endfacet
  facet normal 0 0 1
    outer loop
      vertex 2.13778 -17.4801 8.1
      vertex 2.35698 -26.4096 8.1
      vertex 2.35698 -17.5904 8.1
    endloop
  endfacet
  facet normal 0 0 1
    outer loop
      vertex 2.13778 -17.4801 8.1
      vertex 2.13778 -26.5199 8.1
      vertex 2.35698 -26.4096 8.1
    endloop
  endfacet
  facet normal 0 0 1
    outer loop
      vertex 1.91342 -17.3806 8.1
      vertex 2.13778 -26.5199 8.1
      vertex 2.13778 -17.4801 8.1
    endloop
  endfacet
  facet normal 0 0 1
    outer loop
      vertex 1.91342 -17.3806 8.1
      vertex 1.91342 -26.6194 8.1
      vertex 2.13778 -26.5199 8.1
    endloop
  endfacet
  facet normal 0 0 1
    outer loop
      vertex 1.68445 -17.2923 8.1
      vertex 1.91342 -26.6194 8.1
      vertex 1.91342 -17.3806 8.1
    endloop
  endfacet
  facet normal 0 0 1
    outer loop
      vertex 1.68445 -17.2923 8.1
      vertex 1.68445 -26.7077 8.1
      vertex 1.91342 -26.6194 8.1
    endloop
  endfacet
  facet normal 0 0 1
    outer loop
      vertex 1.45142 -17.2153 8.1
      vertex 1.68445 -26.7077 8.1
      vertex 1.68445 -17.2923 8.1
    endloop
  endfacet
  facet normal 0 0 1
    outer loop
      vertex 1.45142 -17.2153 8.1
      vertex 1.45142 -26.7847 8.1
      vertex 1.68445 -26.7077 8.1
    endloop
  endfacet
  facet normal 0 0 1
    outer loop
      vertex 1.2149 -17.1498 8.1
      vertex 1.45142 -26.7847 8.1
      vertex 1.45142 -17.2153 8.1
    endloop
  endfacet
  facet normal 0 0 1
    outer loop
      vertex 1.2149 -17.1498 8.1
      vertex 1.2149 -26.8502 8.1
      vertex 1.45142 -26.7847 8.1
    endloop
  endfacet
  facet normal 0 0 1
    outer loop
      vertex 0.975451 -17.0961 8.1
      vertex 1.2149 -26.8502 8.1
      vertex 1.2149 -17.1498 8.1
    endloop
  endfacet
  facet normal 0 0 1
    outer loop
      vertex 0.975451 -17.0961 8.1
      vertex 0.975451 -26.9039 8.1
      vertex 1.2149 -26.8502 8.1
    endloop
  endfacet
  facet normal 0 0 1
    outer loop
      vertex 0.733652 -17.0541 8.1
      vertex 0.975451 -26.9039 8.1
      vertex 0.975451 -17.0961 8.1
    endloop
  endfacet
  facet normal 0 0 1
    outer loop
      vertex 0.733652 -17.0541 8.1
      vertex 0.733652 -26.9459 8.1
      vertex 0.975451 -26.9039 8.1
    endloop
  endfacet
  facet normal 0 0 1
    outer loop
      vertex 0.490086 -17.0241 8.1
      vertex 0.733652 -26.9459 8.1
      vertex 0.733652 -17.0541 8.1
    endloop
  endfacet
  facet normal 0 0 1
    outer loop
      vertex 0.490086 -17.0241 8.1
      vertex 0.490086 -26.9759 8.1
      vertex 0.733652 -26.9459 8.1
    endloop
  endfacet
  facet normal 0 0 1
    outer loop
      vertex 0.245337 -17.006 8.1
      vertex 0.490086 -26.9759 8.1
      vertex 0.490086 -17.0241 8.1
    endloop
  endfacet
  facet normal 0 0 1
    outer loop
      vertex 0.245337 -17.006 8.1
      vertex 0.245337 -26.994 8.1
      vertex 0.490086 -26.9759 8.1
    endloop
  endfacet
  facet normal 0 0 1
    outer loop
      vertex 0 -17 8.1
      vertex 0.245337 -26.994 8.1
      vertex 0.245337 -17.006 8.1
    endloop
  endfacet
  facet normal 0 0 1
    outer loop
      vertex 0 -17 8.1
      vertex 0 -27 8.1
      vertex 0.245337 -26.994 8.1
    endloop
  endfacet
  facet normal -0 0 1
    outer loop
      vertex -0.245337 -17.006 8.1
      vertex 0 -27 8.1
      vertex 0 -17 8.1
    endloop
  endfacet
  facet normal 0 0 1
    outer loop
      vertex -0.245337 -17.006 8.1
      vertex -0.245337 -26.994 8.1
      vertex 0 -27 8.1
    endloop
  endfacet
  facet normal -0 0 1
    outer loop
      vertex -0.490086 -17.0241 8.1
      vertex -0.245337 -26.994 8.1
      vertex -0.245337 -17.006 8.1
    endloop
  endfacet
  facet normal 0 0 1
    outer loop
      vertex -0.490086 -17.0241 8.1
      vertex -0.490086 -26.9759 8.1
      vertex -0.245337 -26.994 8.1
    endloop
  endfacet
  facet normal -0 0 1
    outer loop
      vertex -0.733652 -17.0541 8.1
      vertex -0.490086 -26.9759 8.1
      vertex -0.490086 -17.0241 8.1
    endloop
  endfacet
  facet normal 0 0 1
    outer loop
      vertex -0.733652 -17.0541 8.1
      vertex -0.733652 -26.9459 8.1
      vertex -0.490086 -26.9759 8.1
    endloop
  endfacet
  facet normal -0 0 1
    outer loop
      vertex -0.975451 -17.0961 8.1
      vertex -0.733652 -26.9459 8.1
      vertex -0.733652 -17.0541 8.1
    endloop
  endfacet
  facet normal 0 0 1
    outer loop
      vertex -0.975451 -17.0961 8.1
      vertex -0.975451 -26.9039 8.1
      vertex -0.733652 -26.9459 8.1
    endloop
  endfacet
  facet normal -0 0 1
    outer loop
      vertex -1.2149 -17.1498 8.1
      vertex -0.975451 -26.9039 8.1
      vertex -0.975451 -17.0961 8.1
    endloop
  endfacet
  facet normal 0 0 1
    outer loop
      vertex -1.2149 -17.1498 8.1
      vertex -1.2149 -26.8502 8.1
      vertex -0.975451 -26.9039 8.1
    endloop
  endfacet
  facet normal -0 0 1
    outer loop
      vertex -1.45142 -17.2153 8.1
      vertex -1.2149 -26.8502 8.1
      vertex -1.2149 -17.1498 8.1
    endloop
  endfacet
  facet normal 0 0 1
    outer loop
      vertex -1.45142 -17.2153 8.1
      vertex -1.45142 -26.7847 8.1
      vertex -1.2149 -26.8502 8.1
    endloop
  endfacet
  facet normal -0 0 1
    outer loop
      vertex -1.68445 -17.2923 8.1
      vertex -1.45142 -26.7847 8.1
      vertex -1.45142 -17.2153 8.1
    endloop
  endfacet
  facet normal 0 0 1
    outer loop
      vertex -1.68445 -17.2923 8.1
      vertex -1.68445 -26.7077 8.1
      vertex -1.45142 -26.7847 8.1
    endloop
  endfacet
  facet normal -0 0 1
    outer loop
      vertex -1.91342 -17.3806 8.1
      vertex -1.68445 -26.7077 8.1
      vertex -1.68445 -17.2923 8.1
    endloop
  endfacet
  facet normal 0 0 1
    outer loop
      vertex -1.91342 -17.3806 8.1
      vertex -1.91342 -26.6194 8.1
      vertex -1.68445 -26.7077 8.1
    endloop
  endfacet
  facet normal -0 0 1
    outer loop
      vertex -2.13778 -17.4801 8.1
      vertex -1.91342 -26.6194 8.1
      vertex -1.91342 -17.3806 8.1
    endloop
  endfacet
  facet normal 0 0 1
    outer loop
      vertex -2.13778 -17.4801 8.1
      vertex -2.13778 -26.5199 8.1
      vertex -1.91342 -26.6194 8.1
    endloop
  endfacet
  facet normal -0 0 1
    outer loop
      vertex -2.35698 -17.5904 8.1
      vertex -2.13778 -26.5199 8.1
      vertex -2.13778 -17.4801 8.1
    endloop
  endfacet
  facet normal 0 0 1
    outer loop
      vertex -2.35698 -17.5904 8.1
      vertex -2.35698 -26.4096 8.1
      vertex -2.13778 -26.5199 8.1
    endloop
  endfacet
  facet normal -0 0 1
    outer loop
      vertex -2.57051 -17.7114 8.1
      vertex -2.35698 -26.4096 8.1
      vertex -2.35698 -17.5904 8.1
    endloop
  endfacet
  facet normal 0 0 1
    outer loop
      vertex -2.57051 -17.7114 8.1
      vertex -2.57051 -26.2886 8.1
      vertex -2.35698 -26.4096 8.1
    endloop
  endfacet
  facet normal -0 0 1
    outer loop
      vertex -2.77785 -17.8427 8.1
      vertex -2.57051 -26.2886 8.1
      vertex -2.57051 -17.7114 8.1
    endloop
  endfacet
  facet normal 0 0 1
    outer loop
      vertex -2.77785 -17.8427 8.1
      vertex -2.77785 -26.1573 8.1
      vertex -2.57051 -26.2886 8.1
    endloop
  endfacet
  facet normal -0 0 1
    outer loop
      vertex -2.9785 -17.984 8.1
      vertex -2.77785 -26.1573 8.1
      vertex -2.77785 -17.8427 8.1
    endloop
  endfacet
  facet normal 0 0 1
    outer loop
      vertex -2.9785 -17.984 8.1
      vertex -2.9785 -26.016 8.1
      vertex -2.77785 -26.1573 8.1
    endloop
  endfacet
  facet normal -0 0 1
    outer loop
      vertex -3.17197 -18.1349 8.1
      vertex -2.9785 -26.016 8.1
      vertex -2.9785 -17.984 8.1
    endloop
  endfacet
  facet normal 0 0 1
    outer loop
      vertex -3.17197 -18.1349 8.1
      vertex -3.17197 -25.8651 8.1
      vertex -2.9785 -26.016 8.1
    endloop
  endfacet
  facet normal -0 0 1
    outer loop
      vertex -3.35779 -18.2952 8.1
      vertex -3.17197 -25.8651 8.1
      vertex -3.17197 -18.1349 8.1
    endloop
  endfacet
  facet normal 0 0 1
    outer loop
      vertex -3.35779 -18.2952 8.1
      vertex -3.35779 -25.7048 8.1
      vertex -3.17197 -25.8651 8.1
    endloop
  endfacet
  facet normal -0 0 1
    outer loop
      vertex -3.53553 -18.4645 8.1
      vertex -3.35779 -25.7048 8.1
      vertex -3.35779 -18.2952 8.1
    endloop
  endfacet
  facet normal 0 0 1
    outer loop
      vertex -3.53553 -18.4645 8.1
      vertex -3.53553 -25.5355 8.1
      vertex -3.35779 -25.7048 8.1
    endloop
  endfacet
  facet normal -0 0 1
    outer loop
      vertex -3.70475 -18.6422 8.1
      vertex -3.53553 -25.5355 8.1
      vertex -3.53553 -18.4645 8.1
    endloop
  endfacet
  facet normal 0 0 1
    outer loop
      vertex -3.70475 -18.6422 8.1
      vertex -3.70475 -25.3578 8.1
      vertex -3.53553 -25.5355 8.1
    endloop
  endfacet
  facet normal -0 0 1
    outer loop
      vertex -3.86505 -18.828 8.1
      vertex -3.70475 -25.3578 8.1
      vertex -3.70475 -18.6422 8.1
    endloop
  endfacet
  facet normal 0 0 1
    outer loop
      vertex -3.86505 -18.828 8.1
      vertex -3.86505 -25.172 8.1
      vertex -3.70475 -25.3578 8.1
    endloop
  endfacet
  facet normal -0 0 1
    outer loop
      vertex -4.01604 -19.0215 8.1
      vertex -3.86505 -25.172 8.1
      vertex -3.86505 -18.828 8.1
    endloop
  endfacet
  facet normal 0 0 1
    outer loop
      vertex -4.01604 -19.0215 8.1
      vertex -4.01604 -24.9785 8.1
      vertex -3.86505 -25.172 8.1
    endloop
  endfacet
  facet normal -0 0 1
    outer loop
      vertex -4.15735 -19.2221 8.1
      vertex -4.01604 -24.9785 8.1
      vertex -4.01604 -19.0215 8.1
    endloop
  endfacet
  facet normal 0 0 1
    outer loop
      vertex -4.15735 -19.2221 8.1
      vertex -4.15735 -24.7779 8.1
      vertex -4.01604 -24.9785 8.1
    endloop
  endfacet
  facet normal -0 0 1
    outer loop
      vertex -4.28864 -19.4295 8.1
      vertex -4.15735 -24.7779 8.1
      vertex -4.15735 -19.2221 8.1
    endloop
  endfacet
  facet normal 0 0 1
    outer loop
      vertex -4.28864 -19.4295 8.1
      vertex -4.28864 -24.5705 8.1
      vertex -4.15735 -24.7779 8.1
    endloop
  endfacet
  facet normal -0 0 1
    outer loop
      vertex -4.40961 -19.643 8.1
      vertex -4.28864 -24.5705 8.1
      vertex -4.28864 -19.4295 8.1
    endloop
  endfacet
  facet normal 0 0 1
    outer loop
      vertex -4.40961 -19.643 8.1
      vertex -4.40961 -24.357 8.1
      vertex -4.28864 -24.5705 8.1
    endloop
  endfacet
  facet normal -0 0 1
    outer loop
      vertex -4.51995 -19.8622 8.1
      vertex -4.40961 -24.357 8.1
      vertex -4.40961 -19.643 8.1
    endloop
  endfacet
  facet normal 0 0 1
    outer loop
      vertex -4.51995 -19.8622 8.1
      vertex -4.51995 -24.1378 8.1
      vertex -4.40961 -24.357 8.1
    endloop
  endfacet
  facet normal -0 0 1
    outer loop
      vertex -4.6194 -20.0866 8.1
      vertex -4.51995 -24.1378 8.1
      vertex -4.51995 -19.8622 8.1
    endloop
  endfacet
  facet normal 0 0 1
    outer loop
      vertex -4.6194 -20.0866 8.1
      vertex -4.6194 -23.9134 8.1
      vertex -4.51995 -24.1378 8.1
    endloop
  endfacet
  facet normal -0 0 1
    outer loop
      vertex -4.70772 -20.3156 8.1
      vertex -4.6194 -23.9134 8.1
      vertex -4.6194 -20.0866 8.1
    endloop
  endfacet
  facet normal 0 0 1
    outer loop
      vertex -4.70772 -20.3156 8.1
      vertex -4.70772 -23.6844 8.1
      vertex -4.6194 -23.9134 8.1
    endloop
  endfacet
  facet normal -0 0 1
    outer loop
      vertex -4.7847 -20.5486 8.1
      vertex -4.70772 -23.6844 8.1
      vertex -4.70772 -20.3156 8.1
    endloop
  endfacet
  facet normal 0 0 1
    outer loop
      vertex -4.7847 -20.5486 8.1
      vertex -4.7847 -23.4514 8.1
      vertex -4.70772 -23.6844 8.1
    endloop
  endfacet
  facet normal -0 0 1
    outer loop
      vertex -4.85016 -20.7851 8.1
      vertex -4.7847 -23.4514 8.1
      vertex -4.7847 -20.5486 8.1
    endloop
  endfacet
  facet normal 0 0 1
    outer loop
      vertex -4.85016 -20.7851 8.1
      vertex -4.85016 -23.2149 8.1
      vertex -4.7847 -23.4514 8.1
    endloop
  endfacet
  facet normal -0 0 1
    outer loop
      vertex -4.90393 -21.0245 8.1
      vertex -4.85016 -23.2149 8.1
      vertex -4.85016 -20.7851 8.1
    endloop
  endfacet
  facet normal 0 0 1
    outer loop
      vertex -4.90393 -21.0245 8.1
      vertex -4.90393 -22.9755 8.1
      vertex -4.85016 -23.2149 8.1
    endloop
  endfacet
  facet normal -0 0 1
    outer loop
      vertex -4.94588 -21.2663 8.1
      vertex -4.90393 -22.9755 8.1
      vertex -4.90393 -21.0245 8.1
    endloop
  endfacet
  facet normal 0 0 1
    outer loop
      vertex -4.94588 -21.2663 8.1
      vertex -4.94588 -22.7337 8.1
      vertex -4.90393 -22.9755 8.1
    endloop
  endfacet
  facet normal -0 0 1
    outer loop
      vertex -4.97592 -21.5099 8.1
      vertex -4.94588 -22.7337 8.1
      vertex -4.94588 -21.2663 8.1
    endloop
  endfacet
  facet normal 0 0 1
    outer loop
      vertex -4.97592 -21.5099 8.1
      vertex -4.97592 -22.4901 8.1
      vertex -4.94588 -22.7337 8.1
    endloop
  endfacet
  facet normal -0 0 1
    outer loop
      vertex -4.99398 -21.7547 8.1
      vertex -4.97592 -22.4901 8.1
      vertex -4.97592 -21.5099 8.1
    endloop
  endfacet
  facet normal 0 0 1
    outer loop
      vertex -4.99398 -21.7547 8.1
      vertex -4.99398 -22.2453 8.1
      vertex -4.97592 -22.4901 8.1
    endloop
  endfacet
  facet normal 0 -0 1
    outer loop
      vertex -4.99398 -22.2453 8.1
      vertex -4.99398 -21.7547 8.1
      vertex -5 -22 8.1
    endloop
  endfacet
  facet normal 0.757153 -0.653238 0
    outer loop
      vertex 3.70475 -25.3578 8.1
      vertex 3.86505 -25.172 5
      vertex 3.86505 -25.172 8.1
    endloop
  endfacet
  facet normal 0.757153 -0.653238 0
    outer loop
      vertex 3.86505 -25.172 5
      vertex 3.70475 -25.3578 8.1
      vertex 3.70475 -25.3578 5
    endloop
  endfacet
  facet normal -0.313745 -0.949507 0
    outer loop
      vertex -1.68445 -26.7077 5
      vertex -1.45142 -26.7847 8.1
      vertex -1.68445 -26.7077 8.1
    endloop
  endfacet
  facet normal -0.313745 -0.949507 -0
    outer loop
      vertex -1.45142 -26.7847 8.1
      vertex -1.68445 -26.7077 5
      vertex -1.45142 -26.7847 5
    endloop
  endfacet
  facet normal 0.870045 -0.492971 0
    outer loop
      vertex 4.28864 -24.5705 8.1
      vertex 4.40961 -24.357 5
      vertex 4.40961 -24.357 8.1
    endloop
  endfacet
  facet normal 0.870045 -0.492971 0
    outer loop
      vertex 4.40961 -24.357 5
      vertex 4.28864 -24.5705 8.1
      vertex 4.28864 -24.5705 5
    endloop
  endfacet
  facet normal -0.999699 -0.024534 0
    outer loop
      vertex -4.99398 -22.2453 5
      vertex -5 -22 8.1
      vertex -5 -22 5
    endloop
  endfacet
  facet normal -0.999699 -0.024534 0
    outer loop
      vertex -5 -22 8.1
      vertex -4.99398 -22.2453 5
      vertex -4.99398 -22.2453 8.1
    endloop
  endfacet
  facet normal 0.689706 -0.724089 0
    outer loop
      vertex 3.35779 -25.7048 5
      vertex 3.53553 -25.5355 8.1
      vertex 3.35779 -25.7048 8.1
    endloop
  endfacet
  facet normal 0.689706 -0.724089 0
    outer loop
      vertex 3.53553 -25.5355 8.1
      vertex 3.35779 -25.7048 5
      vertex 3.53553 -25.5355 5
    endloop
  endfacet
  facet normal 0.893218 -0.449624 0
    outer loop
      vertex 4.40961 -24.357 8.1
      vertex 4.51995 -24.1378 5
      vertex 4.51995 -24.1378 8.1
    endloop
  endfacet
  facet normal 0.893218 -0.449624 0
    outer loop
      vertex 4.51995 -24.1378 5
      vertex 4.40961 -24.357 8.1
      vertex 4.40961 -24.357 5
    endloop
  endfacet
  facet normal -0.724175 0.689617 0
    outer loop
      vertex -3.70475 -18.6422 5
      vertex -3.53553 -18.4645 8.1
      vertex -3.53553 -18.4645 5
    endloop
  endfacet
  facet normal -0.724175 0.689617 0
    outer loop
      vertex -3.53553 -18.4645 8.1
      vertex -3.70475 -18.6422 5
      vertex -3.70475 -18.6422 8.1
    endloop
  endfacet
  facet normal -0.615015 -0.788515 0
    outer loop
      vertex -3.17197 -25.8651 5
      vertex -2.9785 -26.016 8.1
      vertex -3.17197 -25.8651 8.1
    endloop
  endfacet
  facet normal -0.615015 -0.788515 -0
    outer loop
      vertex -2.9785 -26.016 8.1
      vertex -3.17197 -25.8651 5
      vertex -2.9785 -26.016 5
    endloop
  endfacet
  facet normal 0.122246 0.9925 -0
    outer loop
      vertex 0.733652 -17.0541 5
      vertex 0.490086 -17.0241 8.1
      vertex 0.733652 -17.0541 8.1
    endloop
  endfacet
  facet normal 0.122246 0.9925 0
    outer loop
      vertex 0.490086 -17.0241 8.1
      vertex 0.733652 -17.0541 5
      vertex 0.490086 -17.0241 5
    endloop
  endfacet
  facet normal 0.535007 -0.844847 0
    outer loop
      vertex 2.57051 -26.2886 5
      vertex 2.77785 -26.1573 8.1
      vertex 2.57051 -26.2886 8.1
    endloop
  endfacet
  facet normal 0.535007 -0.844847 0
    outer loop
      vertex 2.77785 -26.1573 8.1
      vertex 2.57051 -26.2886 5
      vertex 2.77785 -26.1573 5
    endloop
  endfacet
  facet normal -0.653198 0.757188 0
    outer loop
      vertex -3.17197 -18.1349 5
      vertex -3.35779 -18.2952 8.1
      vertex -3.17197 -18.1349 8.1
    endloop
  endfacet
  facet normal -0.653198 0.757188 0
    outer loop
      vertex -3.35779 -18.2952 8.1
      vertex -3.17197 -18.1349 5
      vertex -3.35779 -18.2952 5
    endloop
  endfacet
  facet normal 0.575771 -0.817611 0
    outer loop
      vertex 2.77785 -26.1573 5
      vertex 2.9785 -26.016 8.1
      vertex 2.77785 -26.1573 8.1
    endloop
  endfacet
  facet normal 0.575771 -0.817611 0
    outer loop
      vertex 2.9785 -26.016 8.1
      vertex 2.77785 -26.1573 5
      vertex 2.9785 -26.016 5
    endloop
  endfacet
  facet normal -0.689706 0.724089 0
    outer loop
      vertex -3.35779 -18.2952 5
      vertex -3.53553 -18.4645 8.1
      vertex -3.35779 -18.2952 8.1
    endloop
  endfacet
  facet normal -0.689706 0.724089 0
    outer loop
      vertex -3.53553 -18.4645 8.1
      vertex -3.35779 -18.2952 5
      vertex -3.53553 -18.4645 5
    endloop
  endfacet
  facet normal 0.653198 -0.757188 0
    outer loop
      vertex 3.17197 -25.8651 5
      vertex 3.35779 -25.7048 8.1
      vertex 3.17197 -25.8651 8.1
    endloop
  endfacet
  facet normal 0.653198 -0.757188 0
    outer loop
      vertex 3.35779 -25.7048 8.1
      vertex 3.17197 -25.8651 5
      vertex 3.35779 -25.7048 5
    endloop
  endfacet
  facet normal -0.817524 -0.575894 0
    outer loop
      vertex -4.01604 -24.9785 5
      vertex -4.15735 -24.7779 8.1
      vertex -4.15735 -24.7779 5
    endloop
  endfacet
  facet normal -0.817524 -0.575894 0
    outer loop
      vertex -4.15735 -24.7779 8.1
      vertex -4.01604 -24.9785 5
      vertex -4.01604 -24.9785 8.1
    endloop
  endfacet
  facet normal 0.992482 -0.12239 0
    outer loop
      vertex 4.94588 -22.7337 8.1
      vertex 4.97592 -22.4901 5
      vertex 4.97592 -22.4901 8.1
    endloop
  endfacet
  facet normal 0.992482 -0.12239 0
    outer loop
      vertex 4.97592 -22.4901 5
      vertex 4.94588 -22.7337 8.1
      vertex 4.94588 -22.7337 5
    endloop
  endfacet
  facet normal -0.122246 0.9925 0
    outer loop
      vertex -0.490086 -17.0241 5
      vertex -0.733652 -17.0541 8.1
      vertex -0.490086 -17.0241 8.1
    endloop
  endfacet
  facet normal -0.122246 0.9925 0
    outer loop
      vertex -0.733652 -17.0541 8.1
      vertex -0.490086 -17.0241 5
      vertex -0.733652 -17.0541 5
    endloop
  endfacet
  facet normal -0.493012 0.870023 0
    outer loop
      vertex -2.35698 -17.5904 5
      vertex -2.57051 -17.7114 8.1
      vertex -2.35698 -17.5904 8.1
    endloop
  endfacet
  facet normal -0.493012 0.870023 0
    outer loop
      vertex -2.57051 -17.7114 8.1
      vertex -2.35698 -17.5904 5
      vertex -2.57051 -17.7114 5
    endloop
  endfacet
  facet normal 0.171136 -0.985248 0
    outer loop
      vertex 0.733652 -26.9459 5
      vertex 0.975451 -26.9039 8.1
      vertex 0.733652 -26.9459 8.1
    endloop
  endfacet
  facet normal 0.171136 -0.985248 0
    outer loop
      vertex 0.975451 -26.9039 8.1
      vertex 0.733652 -26.9459 5
      vertex 0.975451 -26.9039 5
    endloop
  endfacet
  facet normal -0.757153 -0.653238 0
    outer loop
      vertex -3.70475 -25.3578 5
      vertex -3.86505 -25.172 8.1
      vertex -3.86505 -25.172 5
    endloop
  endfacet
  facet normal -0.757153 -0.653238 0
    outer loop
      vertex -3.86505 -25.172 8.1
      vertex -3.70475 -25.3578 5
      vertex -3.70475 -25.3578 8.1
    endloop
  endfacet
  facet normal -0.493012 -0.870023 0
    outer loop
      vertex -2.57051 -26.2886 5
      vertex -2.35698 -26.4096 8.1
      vertex -2.57051 -26.2886 8.1
    endloop
  endfacet
  facet normal -0.493012 -0.870023 -0
    outer loop
      vertex -2.35698 -26.4096 8.1
      vertex -2.57051 -26.2886 5
      vertex -2.35698 -26.4096 5
    endloop
  endfacet
  facet normal -0.0244488 0.999701 0
    outer loop
      vertex 0 -17 5
      vertex -0.245337 -17.006 8.1
      vertex 0 -17 8.1
    endloop
  endfacet
  facet normal -0.0244488 0.999701 0
    outer loop
      vertex -0.245337 -17.006 8.1
      vertex 0 -17 5
      vertex -0.245337 -17.006 5
    endloop
  endfacet
  facet normal -0.0244488 -0.999701 0
    outer loop
      vertex -0.245337 -26.994 5
      vertex 0 -27 8.1
      vertex -0.245337 -26.994 8.1
    endloop
  endfacet
  facet normal -0.0244488 -0.999701 -0
    outer loop
      vertex 0 -27 8.1
      vertex -0.245337 -26.994 5
      vertex 0 -27 5
    endloop
  endfacet
  facet normal 0.933013 -0.359842 0
    outer loop
      vertex 4.6194 -23.9134 8.1
      vertex 4.70772 -23.6844 5
      vertex 4.70772 -23.6844 8.1
    endloop
  endfacet
  facet normal 0.933013 -0.359842 0
    outer loop
      vertex 4.70772 -23.6844 5
      vertex 4.6194 -23.9134 8.1
      vertex 4.6194 -23.9134 5
    endloop
  endfacet
  facet normal 0.266887 0.963728 -0
    outer loop
      vertex 1.45142 -17.2153 5
      vertex 1.2149 -17.1498 8.1
      vertex 1.45142 -17.2153 8.1
    endloop
  endfacet
  facet normal 0.266887 0.963728 0
    outer loop
      vertex 1.2149 -17.1498 8.1
      vertex 1.45142 -17.2153 5
      vertex 1.2149 -17.1498 5
    endloop
  endfacet
  facet normal 0.449494 0.893283 -0
    outer loop
      vertex 2.35698 -17.5904 5
      vertex 2.13778 -17.4801 8.1
      vertex 2.35698 -17.5904 8.1
    endloop
  endfacet
  facet normal 0.449494 0.893283 0
    outer loop
      vertex 2.13778 -17.4801 8.1
      vertex 2.35698 -17.5904 5
      vertex 2.13778 -17.4801 5
    endloop
  endfacet
  facet normal -0.914239 0.405174 0
    outer loop
      vertex -4.6194 -20.0866 5
      vertex -4.51995 -19.8622 8.1
      vertex -4.51995 -19.8622 5
    endloop
  endfacet
  facet normal -0.914239 0.405174 0
    outer loop
      vertex -4.51995 -19.8622 8.1
      vertex -4.6194 -20.0866 5
      vertex -4.6194 -20.0866 8.1
    endloop
  endfacet
  facet normal -0.844936 -0.534868 0
    outer loop
      vertex -4.15735 -24.7779 5
      vertex -4.28864 -24.5705 8.1
      vertex -4.28864 -24.5705 5
    endloop
  endfacet
  facet normal -0.844936 -0.534868 0
    outer loop
      vertex -4.28864 -24.5705 8.1
      vertex -4.15735 -24.7779 5
      vertex -4.15735 -24.7779 8.1
    endloop
  endfacet
  facet normal -0.933013 0.359842 0
    outer loop
      vertex -4.70772 -20.3156 5
      vertex -4.6194 -20.0866 8.1
      vertex -4.6194 -20.0866 5
    endloop
  endfacet
  facet normal -0.933013 0.359842 0
    outer loop
      vertex -4.6194 -20.0866 8.1
      vertex -4.70772 -20.3156 5
      vertex -4.70772 -20.3156 8.1
    endloop
  endfacet
  facet normal 0.218829 -0.975763 0
    outer loop
      vertex 0.975451 -26.9039 5
      vertex 1.2149 -26.8502 8.1
      vertex 0.975451 -26.9039 8.1
    endloop
  endfacet
  facet normal 0.218829 -0.975763 0
    outer loop
      vertex 1.2149 -26.8502 8.1
      vertex 0.975451 -26.9039 5
      vertex 1.2149 -26.8502 5
    endloop
  endfacet
  facet normal -0.99729 0.0735746 0
    outer loop
      vertex -4.99398 -21.7547 5
      vertex -4.97592 -21.5099 8.1
      vertex -4.97592 -21.5099 5
    endloop
  endfacet
  facet normal -0.99729 0.0735746 0
    outer loop
      vertex -4.97592 -21.5099 8.1
      vertex -4.99398 -21.7547 5
      vertex -4.99398 -21.7547 8.1
    endloop
  endfacet
  facet normal 0.313745 0.949507 -0
    outer loop
      vertex 1.68445 -17.2923 5
      vertex 1.45142 -17.2153 8.1
      vertex 1.68445 -17.2923 8.1
    endloop
  endfacet
  facet normal 0.313745 0.949507 0
    outer loop
      vertex 1.45142 -17.2153 8.1
      vertex 1.68445 -17.2923 5
      vertex 1.45142 -17.2153 5
    endloop
  endfacet
  facet normal 0.266887 -0.963728 0
    outer loop
      vertex 1.2149 -26.8502 5
      vertex 1.45142 -26.7847 8.1
      vertex 1.2149 -26.8502 8.1
    endloop
  endfacet
  facet normal 0.266887 -0.963728 0
    outer loop
      vertex 1.45142 -26.7847 8.1
      vertex 1.2149 -26.8502 5
      vertex 1.45142 -26.7847 5
    endloop
  endfacet
  facet normal 0.788384 0.615184 0
    outer loop
      vertex 4.01604 -19.0215 8.1
      vertex 3.86505 -18.828 5
      vertex 3.86505 -18.828 8.1
    endloop
  endfacet
  facet normal 0.788384 0.615184 0
    outer loop
      vertex 3.86505 -18.828 5
      vertex 4.01604 -19.0215 8.1
      vertex 4.01604 -19.0215 5
    endloop
  endfacet
  facet normal -0.870045 -0.492971 0
    outer loop
      vertex -4.28864 -24.5705 5
      vertex -4.40961 -24.357 8.1
      vertex -4.40961 -24.357 5
    endloop
  endfacet
  facet normal -0.870045 -0.492971 0
    outer loop
      vertex -4.40961 -24.357 8.1
      vertex -4.28864 -24.5705 5
      vertex -4.28864 -24.5705 8.1
    endloop
  endfacet
  facet normal 0.817524 -0.575894 0
    outer loop
      vertex 4.01604 -24.9785 8.1
      vertex 4.15735 -24.7779 5
      vertex 4.15735 -24.7779 8.1
    endloop
  endfacet
  facet normal 0.817524 -0.575894 0
    outer loop
      vertex 4.15735 -24.7779 5
      vertex 4.01604 -24.9785 8.1
      vertex 4.01604 -24.9785 5
    endloop
  endfacet
  facet normal -0.870045 0.492971 0
    outer loop
      vertex -4.40961 -19.643 5
      vertex -4.28864 -19.4295 8.1
      vertex -4.28864 -19.4295 5
    endloop
  endfacet
  facet normal -0.870045 0.492971 0
    outer loop
      vertex -4.28864 -19.4295 8.1
      vertex -4.40961 -19.643 5
      vertex -4.40961 -19.643 8.1
    endloop
  endfacet
  facet normal 0.933013 0.359842 0
    outer loop
      vertex 4.70772 -20.3156 8.1
      vertex 4.6194 -20.0866 5
      vertex 4.6194 -20.0866 8.1
    endloop
  endfacet
  facet normal 0.933013 0.359842 0
    outer loop
      vertex 4.6194 -20.0866 5
      vertex 4.70772 -20.3156 8.1
      vertex 4.70772 -20.3156 5
    endloop
  endfacet
  facet normal 0.999699 0.024534 0
    outer loop
      vertex 5 -22 8.1
      vertex 4.99398 -21.7547 5
      vertex 4.99398 -21.7547 8.1
    endloop
  endfacet
  facet normal 0.999699 0.024534 0
    outer loop
      vertex 4.99398 -21.7547 5
      vertex 5 -22 8.1
      vertex 5 -22 5
    endloop
  endfacet
  facet normal 0.788384 -0.615184 0
    outer loop
      vertex 3.86505 -25.172 8.1
      vertex 4.01604 -24.9785 5
      vertex 4.01604 -24.9785 8.1
    endloop
  endfacet
  facet normal 0.788384 -0.615184 0
    outer loop
      vertex 4.01604 -24.9785 5
      vertex 3.86505 -25.172 8.1
      vertex 3.86505 -25.172 5
    endloop
  endfacet
  facet normal -0.999699 0.024534 0
    outer loop
      vertex -5 -22 5
      vertex -4.99398 -21.7547 8.1
      vertex -4.99398 -21.7547 5
    endloop
  endfacet
  facet normal -0.999699 0.024534 0
    outer loop
      vertex -4.99398 -21.7547 8.1
      vertex -5 -22 5
      vertex -5 -22 8.1
    endloop
  endfacet
  facet normal 0.757153 0.653238 0
    outer loop
      vertex 3.86505 -18.828 8.1
      vertex 3.70475 -18.6422 5
      vertex 3.70475 -18.6422 8.1
    endloop
  endfacet
  facet normal 0.757153 0.653238 0
    outer loop
      vertex 3.70475 -18.6422 5
      vertex 3.86505 -18.828 8.1
      vertex 3.86505 -18.828 5
    endloop
  endfacet
  facet normal 0.985282 0.170937 0
    outer loop
      vertex 4.94588 -21.2663 8.1
      vertex 4.90393 -21.0245 5
      vertex 4.90393 -21.0245 8.1
    endloop
  endfacet
  facet normal 0.985282 0.170937 0
    outer loop
      vertex 4.90393 -21.0245 5
      vertex 4.94588 -21.2663 8.1
      vertex 4.94588 -21.2663 5
    endloop
  endfacet
  facet normal 0.218829 0.975763 -0
    outer loop
      vertex 1.2149 -17.1498 5
      vertex 0.975451 -17.0961 8.1
      vertex 1.2149 -17.1498 8.1
    endloop
  endfacet
  facet normal 0.218829 0.975763 0
    outer loop
      vertex 0.975451 -17.0961 8.1
      vertex 1.2149 -17.1498 5
      vertex 0.975451 -17.0961 5
    endloop
  endfacet
  facet normal -0.359812 0.933025 0
    outer loop
      vertex -1.68445 -17.2923 5
      vertex -1.91342 -17.3806 8.1
      vertex -1.68445 -17.2923 8.1
    endloop
  endfacet
  facet normal -0.359812 0.933025 0
    outer loop
      vertex -1.91342 -17.3806 8.1
      vertex -1.68445 -17.2923 5
      vertex -1.91342 -17.3806 5
    endloop
  endfacet
  facet normal -0.575771 0.817611 0
    outer loop
      vertex -2.77785 -17.8427 5
      vertex -2.9785 -17.984 8.1
      vertex -2.77785 -17.8427 8.1
    endloop
  endfacet
  facet normal -0.575771 0.817611 0
    outer loop
      vertex -2.9785 -17.984 8.1
      vertex -2.77785 -17.8427 5
      vertex -2.9785 -17.984 5
    endloop
  endfacet
  facet normal -0.535007 -0.844847 0
    outer loop
      vertex -2.77785 -26.1573 5
      vertex -2.57051 -26.2886 8.1
      vertex -2.77785 -26.1573 8.1
    endloop
  endfacet
  facet normal -0.535007 -0.844847 -0
    outer loop
      vertex -2.57051 -26.2886 8.1
      vertex -2.77785 -26.1573 5
      vertex -2.57051 -26.2886 5
    endloop
  endfacet
  facet normal -0.788384 -0.615184 0
    outer loop
      vertex -3.86505 -25.172 5
      vertex -4.01604 -24.9785 8.1
      vertex -4.01604 -24.9785 5
    endloop
  endfacet
  facet normal -0.788384 -0.615184 0
    outer loop
      vertex -4.01604 -24.9785 8.1
      vertex -3.86505 -25.172 5
      vertex -3.86505 -25.172 8.1
    endloop
  endfacet
  facet normal 0.963764 -0.266757 0
    outer loop
      vertex 4.7847 -23.4514 8.1
      vertex 4.85016 -23.2149 5
      vertex 4.85016 -23.2149 8.1
    endloop
  endfacet
  facet normal 0.963764 -0.266757 0
    outer loop
      vertex 4.85016 -23.2149 5
      vertex 4.7847 -23.4514 8.1
      vertex 4.7847 -23.4514 5
    endloop
  endfacet
  facet normal 0.405405 -0.914137 0
    outer loop
      vertex 1.91342 -26.6194 5
      vertex 2.13778 -26.5199 8.1
      vertex 1.91342 -26.6194 8.1
    endloop
  endfacet
  facet normal 0.405405 -0.914137 0
    outer loop
      vertex 2.13778 -26.5199 8.1
      vertex 1.91342 -26.6194 5
      vertex 2.13778 -26.5199 5
    endloop
  endfacet
  facet normal -0.893218 -0.449624 0
    outer loop
      vertex -4.40961 -24.357 5
      vertex -4.51995 -24.1378 8.1
      vertex -4.51995 -24.1378 5
    endloop
  endfacet
  facet normal -0.893218 -0.449624 0
    outer loop
      vertex -4.51995 -24.1378 8.1
      vertex -4.40961 -24.357 5
      vertex -4.40961 -24.357 8.1
    endloop
  endfacet
  facet normal 0.575771 0.817611 -0
    outer loop
      vertex 2.9785 -17.984 5
      vertex 2.77785 -17.8427 8.1
      vertex 2.9785 -17.984 8.1
    endloop
  endfacet
  facet normal 0.575771 0.817611 0
    outer loop
      vertex 2.77785 -17.8427 8.1
      vertex 2.9785 -17.984 5
      vertex 2.77785 -17.8427 5
    endloop
  endfacet
  facet normal -0.975693 0.219144 0
    outer loop
      vertex -4.90393 -21.0245 5
      vertex -4.85016 -20.7851 8.1
      vertex -4.85016 -20.7851 5
    endloop
  endfacet
  facet normal -0.975693 0.219144 0
    outer loop
      vertex -4.85016 -20.7851 8.1
      vertex -4.90393 -21.0245 5
      vertex -4.90393 -21.0245 8.1
    endloop
  endfacet
  facet normal -0.575771 -0.817611 0
    outer loop
      vertex -2.9785 -26.016 5
      vertex -2.77785 -26.1573 8.1
      vertex -2.9785 -26.016 8.1
    endloop
  endfacet
  facet normal -0.575771 -0.817611 -0
    outer loop
      vertex -2.77785 -26.1573 8.1
      vertex -2.9785 -26.016 5
      vertex -2.77785 -26.1573 5
    endloop
  endfacet
  facet normal -0.992482 -0.12239 0
    outer loop
      vertex -4.94588 -22.7337 5
      vertex -4.97592 -22.4901 8.1
      vertex -4.97592 -22.4901 5
    endloop
  endfacet
  facet normal -0.992482 -0.12239 0
    outer loop
      vertex -4.97592 -22.4901 8.1
      vertex -4.94588 -22.7337 5
      vertex -4.94588 -22.7337 8.1
    endloop
  endfacet
  facet normal 0.689706 0.724089 -0
    outer loop
      vertex 3.53553 -18.4645 5
      vertex 3.35779 -18.2952 8.1
      vertex 3.53553 -18.4645 8.1
    endloop
  endfacet
  facet normal 0.689706 0.724089 0
    outer loop
      vertex 3.35779 -18.2952 8.1
      vertex 3.53553 -18.4645 5
      vertex 3.35779 -18.2952 5
    endloop
  endfacet
  facet normal 0.535007 0.844847 -0
    outer loop
      vertex 2.77785 -17.8427 5
      vertex 2.57051 -17.7114 8.1
      vertex 2.77785 -17.8427 8.1
    endloop
  endfacet
  facet normal 0.535007 0.844847 0
    outer loop
      vertex 2.57051 -17.7114 8.1
      vertex 2.77785 -17.8427 5
      vertex 2.57051 -17.7114 5
    endloop
  endfacet
  facet normal -0.963764 -0.266757 0
    outer loop
      vertex -4.7847 -23.4514 5
      vertex -4.85016 -23.2149 8.1
      vertex -4.85016 -23.2149 5
    endloop
  endfacet
  facet normal -0.963764 -0.266757 0
    outer loop
      vertex -4.85016 -23.2149 8.1
      vertex -4.7847 -23.4514 5
      vertex -4.7847 -23.4514 8.1
    endloop
  endfacet
  facet normal -0.788384 0.615184 0
    outer loop
      vertex -4.01604 -19.0215 5
      vertex -3.86505 -18.828 8.1
      vertex -3.86505 -18.828 5
    endloop
  endfacet
  facet normal -0.788384 0.615184 0
    outer loop
      vertex -3.86505 -18.828 8.1
      vertex -4.01604 -19.0215 5
      vertex -4.01604 -19.0215 8.1
    endloop
  endfacet
  facet normal -0.171136 0.985248 0
    outer loop
      vertex -0.733652 -17.0541 5
      vertex -0.975451 -17.0961 8.1
      vertex -0.733652 -17.0541 8.1
    endloop
  endfacet
  facet normal -0.171136 0.985248 0
    outer loop
      vertex -0.975451 -17.0961 8.1
      vertex -0.733652 -17.0541 5
      vertex -0.975451 -17.0961 5
    endloop
  endfacet
  facet normal -0.914239 -0.405174 0
    outer loop
      vertex -4.51995 -24.1378 5
      vertex -4.6194 -23.9134 8.1
      vertex -4.6194 -23.9134 5
    endloop
  endfacet
  facet normal -0.914239 -0.405174 0
    outer loop
      vertex -4.6194 -23.9134 8.1
      vertex -4.51995 -24.1378 5
      vertex -4.51995 -24.1378 8.1
    endloop
  endfacet
  facet normal -0.449494 0.893283 0
    outer loop
      vertex -2.13778 -17.4801 5
      vertex -2.35698 -17.5904 8.1
      vertex -2.13778 -17.4801 8.1
    endloop
  endfacet
  facet normal -0.449494 0.893283 0
    outer loop
      vertex -2.35698 -17.5904 8.1
      vertex -2.13778 -17.4801 5
      vertex -2.35698 -17.5904 5
    endloop
  endfacet
  facet normal 0.949519 -0.313708 0
    outer loop
      vertex 4.70772 -23.6844 8.1
      vertex 4.7847 -23.4514 5
      vertex 4.7847 -23.4514 8.1
    endloop
  endfacet
  facet normal 0.949519 -0.313708 0
    outer loop
      vertex 4.7847 -23.4514 5
      vertex 4.70772 -23.6844 8.1
      vertex 4.70772 -23.6844 5
    endloop
  endfacet
  facet normal 0.999699 -0.024534 0
    outer loop
      vertex 4.99398 -22.2453 8.1
      vertex 5 -22 5
      vertex 5 -22 8.1
    endloop
  endfacet
  facet normal 0.999699 -0.024534 0
    outer loop
      vertex 5 -22 5
      vertex 4.99398 -22.2453 8.1
      vertex 4.99398 -22.2453 5
    endloop
  endfacet
  facet normal 0.893218 0.449624 0
    outer loop
      vertex 4.51995 -19.8622 8.1
      vertex 4.40961 -19.643 5
      vertex 4.40961 -19.643 8.1
    endloop
  endfacet
  facet normal 0.893218 0.449624 0
    outer loop
      vertex 4.40961 -19.643 5
      vertex 4.51995 -19.8622 8.1
      vertex 4.51995 -19.8622 5
    endloop
  endfacet
  facet normal 0.99729 -0.0735746 0
    outer loop
      vertex 4.97592 -22.4901 8.1
      vertex 4.99398 -22.2453 5
      vertex 4.99398 -22.2453 8.1
    endloop
  endfacet
  facet normal 0.99729 -0.0735746 0
    outer loop
      vertex 4.99398 -22.2453 5
      vertex 4.97592 -22.4901 8.1
      vertex 4.97592 -22.4901 5
    endloop
  endfacet
  facet normal 0.844936 -0.534868 0
    outer loop
      vertex 4.15735 -24.7779 8.1
      vertex 4.28864 -24.5705 5
      vertex 4.28864 -24.5705 8.1
    endloop
  endfacet
  facet normal 0.844936 -0.534868 0
    outer loop
      vertex 4.28864 -24.5705 5
      vertex 4.15735 -24.7779 8.1
      vertex 4.15735 -24.7779 5
    endloop
  endfacet
  facet normal -0.949519 0.313708 0
    outer loop
      vertex -4.7847 -20.5486 5
      vertex -4.70772 -20.3156 8.1
      vertex -4.70772 -20.3156 5
    endloop
  endfacet
  facet normal -0.949519 0.313708 0
    outer loop
      vertex -4.70772 -20.3156 8.1
      vertex -4.7847 -20.5486 5
      vertex -4.7847 -20.5486 8.1
    endloop
  endfacet
  facet normal 0.0737519 0.997277 -0
    outer loop
      vertex 0.490086 -17.0241 5
      vertex 0.245337 -17.006 8.1
      vertex 0.490086 -17.0241 8.1
    endloop
  endfacet
  facet normal 0.0737519 0.997277 0
    outer loop
      vertex 0.245337 -17.006 8.1
      vertex 0.490086 -17.0241 5
      vertex 0.245337 -17.006 5
    endloop
  endfacet
  facet normal 0.171136 0.985248 -0
    outer loop
      vertex 0.975451 -17.0961 5
      vertex 0.733652 -17.0541 8.1
      vertex 0.975451 -17.0961 8.1
    endloop
  endfacet
  facet normal 0.171136 0.985248 0
    outer loop
      vertex 0.733652 -17.0541 8.1
      vertex 0.975451 -17.0961 5
      vertex 0.733652 -17.0541 5
    endloop
  endfacet
  facet normal -0.949519 -0.313708 0
    outer loop
      vertex -4.70772 -23.6844 5
      vertex -4.7847 -23.4514 8.1
      vertex -4.7847 -23.4514 5
    endloop
  endfacet
  facet normal -0.949519 -0.313708 0
    outer loop
      vertex -4.7847 -23.4514 8.1
      vertex -4.70772 -23.6844 5
      vertex -4.70772 -23.6844 8.1
    endloop
  endfacet
  facet normal 0.963764 0.266757 0
    outer loop
      vertex 4.85016 -20.7851 8.1
      vertex 4.7847 -20.5486 5
      vertex 4.7847 -20.5486 8.1
    endloop
  endfacet
  facet normal 0.963764 0.266757 0
    outer loop
      vertex 4.7847 -20.5486 5
      vertex 4.85016 -20.7851 8.1
      vertex 4.85016 -20.7851 5
    endloop
  endfacet
  facet normal -0.615015 0.788515 0
    outer loop
      vertex -2.9785 -17.984 5
      vertex -3.17197 -18.1349 8.1
      vertex -2.9785 -17.984 8.1
    endloop
  endfacet
  facet normal -0.615015 0.788515 0
    outer loop
      vertex -3.17197 -18.1349 8.1
      vertex -2.9785 -17.984 5
      vertex -3.17197 -18.1349 5
    endloop
  endfacet
  facet normal 0.615015 -0.788515 0
    outer loop
      vertex 2.9785 -26.016 5
      vertex 3.17197 -25.8651 8.1
      vertex 2.9785 -26.016 8.1
    endloop
  endfacet
  facet normal 0.615015 -0.788515 0
    outer loop
      vertex 3.17197 -25.8651 8.1
      vertex 2.9785 -26.016 5
      vertex 3.17197 -25.8651 5
    endloop
  endfacet
  facet normal -0.266887 0.963728 0
    outer loop
      vertex -1.2149 -17.1498 5
      vertex -1.45142 -17.2153 8.1
      vertex -1.2149 -17.1498 8.1
    endloop
  endfacet
  facet normal -0.266887 0.963728 0
    outer loop
      vertex -1.45142 -17.2153 8.1
      vertex -1.2149 -17.1498 5
      vertex -1.45142 -17.2153 5
    endloop
  endfacet
  facet normal -0.893218 0.449624 0
    outer loop
      vertex -4.51995 -19.8622 5
      vertex -4.40961 -19.643 8.1
      vertex -4.40961 -19.643 5
    endloop
  endfacet
  facet normal -0.893218 0.449624 0
    outer loop
      vertex -4.40961 -19.643 8.1
      vertex -4.51995 -19.8622 5
      vertex -4.51995 -19.8622 8.1
    endloop
  endfacet
  facet normal 0.493012 0.870023 -0
    outer loop
      vertex 2.57051 -17.7114 5
      vertex 2.35698 -17.5904 8.1
      vertex 2.57051 -17.7114 8.1
    endloop
  endfacet
  facet normal 0.493012 0.870023 0
    outer loop
      vertex 2.35698 -17.5904 8.1
      vertex 2.57051 -17.7114 5
      vertex 2.35698 -17.5904 5
    endloop
  endfacet
  facet normal 0.914239 0.405174 0
    outer loop
      vertex 4.6194 -20.0866 8.1
      vertex 4.51995 -19.8622 5
      vertex 4.51995 -19.8622 8.1
    endloop
  endfacet
  facet normal 0.914239 0.405174 0
    outer loop
      vertex 4.51995 -19.8622 5
      vertex 4.6194 -20.0866 8.1
      vertex 4.6194 -20.0866 5
    endloop
  endfacet
  facet normal -0.817524 0.575894 0
    outer loop
      vertex -4.15735 -19.2221 5
      vertex -4.01604 -19.0215 8.1
      vertex -4.01604 -19.0215 5
    endloop
  endfacet
  facet normal -0.817524 0.575894 0
    outer loop
      vertex -4.01604 -19.0215 8.1
      vertex -4.15735 -19.2221 5
      vertex -4.15735 -19.2221 8.1
    endloop
  endfacet
  facet normal -0.844936 0.534868 0
    outer loop
      vertex -4.28864 -19.4295 5
      vertex -4.15735 -19.2221 8.1
      vertex -4.15735 -19.2221 5
    endloop
  endfacet
  facet normal -0.844936 0.534868 0
    outer loop
      vertex -4.15735 -19.2221 8.1
      vertex -4.28864 -19.4295 5
      vertex -4.28864 -19.4295 8.1
    endloop
  endfacet
  facet normal -0.989272 0.146087 0
    outer loop
      vertex 58.5348 -29.3947 0
      vertex 58.3972 -30.3265 3.8
      vertex 58.5348 -29.3947 5.1
    endloop
  endfacet
  facet normal -0.989272 0.146082 -1.16287e-06
    outer loop
      vertex 58.1738 -31.8394 0
      vertex 58.3972 -30.3265 3.8
      vertex 58.5348 -29.3947 0
    endloop
  endfacet
  facet normal -0.989318 0.145771 0
    outer loop
      vertex 58.1738 -31.8394 5.1
      vertex 58.1935 -31.7057 3.8
      vertex 58.1738 -31.8394 0
    endloop
  endfacet
  facet normal -0.989268 0.146109 -1.21654e-05
    outer loop
      vertex 58.3972 -30.3265 3.8
      vertex 58.1738 -31.8394 0
      vertex 58.1935 -31.7057 3.8
    endloop
  endfacet
  facet normal -0.989272 0.146087 0
    outer loop
      vertex 58.3972 -30.3265 5.1
      vertex 58.5348 -29.3947 5.1
      vertex 58.3972 -30.3265 3.8
    endloop
  endfacet
  facet normal 0 0 -1
    outer loop
      vertex 58.1935 -31.7057 5.1
      vertex 58.5348 -29.3947 5.1
      vertex 58.3972 -30.3265 5.1
    endloop
  endfacet
  facet normal -0 0 1
    outer loop
      vertex 58.1935 -31.7057 5.1
      vertex 58.1738 -31.8394 5.1
      vertex 58.5348 -29.3947 5.1
    endloop
  endfacet
  facet normal -0.989318 0.145771 0
    outer loop
      vertex 58.1935 -31.7057 3.8
      vertex 58.1738 -31.8394 5.1
      vertex 58.1935 -31.7057 5.1
    endloop
  endfacet
  facet normal 0.207912 -0.978147 0
    outer loop
      vertex 15.6416 -18.6753 3.8
      vertex 15.6416 -18.6753 0
      vertex 57.7048 -9.73446 3.8
    endloop
  endfacet
  facet normal 0 0 -1
    outer loop
      vertex 54.6656 -10.3805 5.1
      vertex 57.7048 -9.73446 5.1
      vertex 57.7107 -9.73322 5.1
    endloop
  endfacet
  facet normal 0.205676 -0.97862 0
    outer loop
      vertex 57.7048 -9.73446 3.8
      vertex 57.7107 -9.73322 5.1
      vertex 57.7048 -9.73446 5.1
    endloop
  endfacet
  facet normal 0.205676 -0.97862 0
    outer loop
      vertex 57.7048 -9.73446 3.8
      vertex 57.7107 -9.73322 0
      vertex 57.7107 -9.73322 5.1
    endloop
  endfacet
  facet normal 0.207912 -0.978148 3.62585e-06
    outer loop
      vertex 57.7107 -9.73322 0
      vertex 57.7048 -9.73446 3.8
      vertex 15.6416 -18.6753 0
    endloop
  endfacet
  facet normal -0.982322 -0.187199 0
    outer loop
      vertex 57.7107 -9.73322 0
      vertex 57.7423 -9.89904 3.8
      vertex 57.7107 -9.73322 5.1
    endloop
  endfacet
  facet normal -0.982279 -0.187426 -1.02427e-05
    outer loop
      vertex 57.7107 -9.73322 0
      vertex 57.9966 -11.2318 3.8
      vertex 57.7423 -9.89904 3.8
    endloop
  endfacet
  facet normal -0.982283 -0.187404 -0
    outer loop
      vertex 58.1738 -12.1606 5.1
      vertex 57.9966 -11.2318 3.8
      vertex 58.1738 -12.1606 0
    endloop
  endfacet
  facet normal -0.982283 -0.187402 -4.74527e-07
    outer loop
      vertex 58.1738 -12.1606 0
      vertex 57.9966 -11.2318 3.8
      vertex 57.7107 -9.73322 0
    endloop
  endfacet
  facet normal -0.982322 -0.187199 -0
    outer loop
      vertex 57.7423 -9.89904 5.1
      vertex 57.7107 -9.73322 5.1
      vertex 57.7423 -9.89904 3.8
    endloop
  endfacet
  facet normal 0 0 1
    outer loop
      vertex 57.9966 -11.2318 5.1
      vertex 57.7107 -9.73322 5.1
      vertex 57.7423 -9.89904 5.1
    endloop
  endfacet
  facet normal -0 -0 1
    outer loop
      vertex 57.9966 -11.2318 5.1
      vertex 58.1738 -12.1606 5.1
      vertex 57.7107 -9.73322 5.1
    endloop
  endfacet
  facet normal -0.982283 -0.187404 0
    outer loop
      vertex 57.9966 -11.2318 3.8
      vertex 58.1738 -12.1606 5.1
      vertex 57.9966 -11.2318 5.1
    endloop
  endfacet
  facet normal -0.994538 -0.104377 0
    outer loop
      vertex 58.5348 -14.6053 0
      vertex 58.5454 -14.7063 3.8
      vertex 58.5348 -14.6053 5.1
    endloop
  endfacet
  facet normal -0.994526 -0.104489 -3.00001e-06
    outer loop
      vertex 58.5348 -14.6053 0
      vertex 58.6981 -16.1597 3.8
      vertex 58.5454 -14.7063 3.8
    endloop
  endfacet
  facet normal -0.994515 -0.104593 -0
    outer loop
      vertex 58.7931 -17.063 5.1
      vertex 58.6981 -16.1597 3.8
      vertex 58.7931 -17.063 0
    endloop
  endfacet
  facet normal -0.994523 -0.104523 -1.69434e-05
    outer loop
      vertex 58.7931 -17.063 0
      vertex 58.6981 -16.1597 3.8
      vertex 58.5348 -14.6053 0
    endloop
  endfacet
  facet normal -0.994538 -0.104377 -0
    outer loop
      vertex 58.5454 -14.7063 5.1
      vertex 58.5348 -14.6053 5.1
      vertex 58.5454 -14.7063 3.8
    endloop
  endfacet
  facet normal 0 0 1
    outer loop
      vertex 58.6981 -16.1597 5.1
      vertex 58.5348 -14.6053 5.1
      vertex 58.5454 -14.7063 5.1
    endloop
  endfacet
  facet normal -0 -0 1
    outer loop
      vertex 58.6981 -16.1597 5.1
      vertex 58.7931 -17.063 5.1
      vertex 58.5348 -14.6053 5.1
    endloop
  endfacet
  facet normal -0.994515 -0.104593 0
    outer loop
      vertex 58.6981 -16.1597 3.8
      vertex 58.7931 -17.063 5.1
      vertex 58.6981 -16.1597 5.1
    endloop
  endfacet
  facet normal -0.982283 0.187404 0
    outer loop
      vertex 58.1738 -31.8394 0
      vertex 57.9966 -32.7682 3.8
      vertex 58.1738 -31.8394 5.1
    endloop
  endfacet
  facet normal -0.982284 0.1874 -8.51926e-07
    outer loop
      vertex 57.7107 -34.2668 0
      vertex 57.9966 -32.7682 3.8
      vertex 58.1738 -31.8394 0
    endloop
  endfacet
  facet normal -0.982318 0.187221 0
    outer loop
      vertex 57.7107 -34.2668 5.1
      vertex 57.7423 -34.101 3.8
      vertex 57.7107 -34.2668 0
    endloop
  endfacet
  facet normal -0.98228 0.18742 -9.01085e-06
    outer loop
      vertex 57.9966 -32.7682 3.8
      vertex 57.7107 -34.2668 0
      vertex 57.7423 -34.101 3.8
    endloop
  endfacet
  facet normal -0.982283 0.187404 0
    outer loop
      vertex 57.9966 -32.7682 5.1
      vertex 58.1738 -31.8394 5.1
      vertex 57.9966 -32.7682 3.8
    endloop
  endfacet
  facet normal 0 0 -1
    outer loop
      vertex 57.7423 -34.101 5.1
      vertex 58.1738 -31.8394 5.1
      vertex 57.9966 -32.7682 5.1
    endloop
  endfacet
  facet normal -0 0 1
    outer loop
      vertex 57.7423 -34.101 5.1
      vertex 57.7107 -34.2668 5.1
      vertex 58.1738 -31.8394 5.1
    endloop
  endfacet
  facet normal -0.982318 0.187221 0
    outer loop
      vertex 57.7423 -34.101 3.8
      vertex 57.7107 -34.2668 5.1
      vertex 57.7423 -34.101 5.1
    endloop
  endfacet
  facet normal 0 0 1
    outer loop
      vertex 57.7107 -34.2668 5.1
      vertex 57.7048 -34.2655 5.1
      vertex 54.6656 -33.6195 5.1
    endloop
  endfacet
  facet normal 0.215178 0.976575 0
    outer loop
      vertex 57.7107 -34.2668 5.1
      vertex 57.7048 -34.2655 3.8
      vertex 57.7048 -34.2655 5.1
    endloop
  endfacet
  facet normal 0.215178 0.976575 -0
    outer loop
      vertex 57.7107 -34.2668 0
      vertex 57.7048 -34.2655 3.8
      vertex 57.7107 -34.2668 5.1
    endloop
  endfacet
  facet normal 0.207911 0.978148 -1.18195e-05
    outer loop
      vertex 57.7107 -34.2668 0
      vertex 15.6416 -25.3247 3.8
      vertex 57.7048 -34.2655 3.8
    endloop
  endfacet
  facet normal 0.207913 0.978147 0
    outer loop
      vertex 15.6416 -25.3247 3.8
      vertex 57.7107 -34.2668 0
      vertex 15.6416 -25.3247 0
    endloop
  endfacet
  facet normal -0.989318 -0.145771 0
    outer loop
      vertex 58.1738 -12.1606 0
      vertex 58.1935 -12.2943 3.8
      vertex 58.1738 -12.1606 5.1
    endloop
  endfacet
  facet normal -0.989268 -0.146109 -1.21654e-05
    outer loop
      vertex 58.1738 -12.1606 0
      vertex 58.3972 -13.6735 3.8
      vertex 58.1935 -12.2943 3.8
    endloop
  endfacet
  facet normal -0.989272 -0.146087 -0
    outer loop
      vertex 58.5348 -14.6053 5.1
      vertex 58.3972 -13.6735 3.8
      vertex 58.5348 -14.6053 0
    endloop
  endfacet
  facet normal -0.989272 -0.146082 -1.16287e-06
    outer loop
      vertex 58.5348 -14.6053 0
      vertex 58.3972 -13.6735 3.8
      vertex 58.1738 -12.1606 0
    endloop
  endfacet
  facet normal -0.989318 -0.145771 -0
    outer loop
      vertex 58.1935 -12.2943 5.1
      vertex 58.1738 -12.1606 5.1
      vertex 58.1935 -12.2943 3.8
    endloop
  endfacet
  facet normal 0 0 1
    outer loop
      vertex 58.3972 -13.6735 5.1
      vertex 58.1738 -12.1606 5.1
      vertex 58.1935 -12.2943 5.1
    endloop
  endfacet
  facet normal -0 -0 1
    outer loop
      vertex 58.3972 -13.6735 5.1
      vertex 58.5348 -14.6053 5.1
      vertex 58.1738 -12.1606 5.1
    endloop
  endfacet
  facet normal -0.989272 -0.146087 0
    outer loop
      vertex 58.3972 -13.6735 3.8
      vertex 58.5348 -14.6053 5.1
      vertex 58.3972 -13.6735 5.1
    endloop
  endfacet
  facet normal -0.994515 0.104593 0
    outer loop
      vertex 58.7931 -26.937 0
      vertex 58.6981 -27.8403 3.8
      vertex 58.7931 -26.937 5.1
    endloop
  endfacet
  facet normal -0.994523 0.104523 -1.69434e-05
    outer loop
      vertex 58.5348 -29.3947 0
      vertex 58.6981 -27.8403 3.8
      vertex 58.7931 -26.937 0
    endloop
  endfacet
  facet normal -0.994538 0.104377 0
    outer loop
      vertex 58.5348 -29.3947 5.1
      vertex 58.5454 -29.2937 3.8
      vertex 58.5348 -29.3947 0
    endloop
  endfacet
  facet normal -0.994526 0.104489 -3.00001e-06
    outer loop
      vertex 58.6981 -27.8403 3.8
      vertex 58.5348 -29.3947 0
      vertex 58.5454 -29.2937 3.8
    endloop
  endfacet
  facet normal -0.994515 0.104593 0
    outer loop
      vertex 58.6981 -27.8403 5.1
      vertex 58.7931 -26.937 5.1
      vertex 58.6981 -27.8403 3.8
    endloop
  endfacet
  facet normal 0 0 1
    outer loop
      vertex 58.5454 -29.2937 5.1
      vertex 58.7931 -26.937 5.1
      vertex 58.6981 -27.8403 5.1
    endloop
  endfacet
  facet normal -0 0 1
    outer loop
      vertex 58.5454 -29.2937 5.1
      vertex 58.5348 -29.3947 5.1
      vertex 58.7931 -26.937 5.1
    endloop
  endfacet
  facet normal -0.994538 0.104377 0
    outer loop
      vertex 58.5454 -29.2937 3.8
      vertex 58.5348 -29.3947 5.1
      vertex 58.5454 -29.2937 5.1
    endloop
  endfacet
  facet normal -0.998032 0.0627143 0
    outer loop
      vertex 58.9482 -24.4707 0
      vertex 58.8994 -25.2473 3.8
      vertex 58.9482 -24.4707 5.1
    endloop
  endfacet
  facet normal -0.998028 0.0627637 1.01401e-05
    outer loop
      vertex 58.7931 -26.937 0
      vertex 58.8994 -25.2473 3.8
      vertex 58.9482 -24.4707 0
    endloop
  endfacet
  facet normal -0.998081 0.0619194 0
    outer loop
      vertex 58.7931 -26.937 5.1
      vertex 58.7973 -26.8693 3.8
      vertex 58.7931 -26.937 0
    endloop
  endfacet
  facet normal -0.998025 0.0628226 -1.6155e-05
    outer loop
      vertex 58.8994 -25.2473 3.8
      vertex 58.7931 -26.937 0
      vertex 58.7973 -26.8693 3.8
    endloop
  endfacet
  facet normal -0.998032 0.0627143 0
    outer loop
      vertex 58.8994 -25.2473 5.1
      vertex 58.9482 -24.4707 5.1
      vertex 58.8994 -25.2473 3.8
    endloop
  endfacet
  facet normal 0 0 -1
    outer loop
      vertex 58.7973 -26.8693 5.1
      vertex 58.9482 -24.4707 5.1
      vertex 58.8994 -25.2473 5.1
    endloop
  endfacet
  facet normal -0 0 1
    outer loop
      vertex 58.7973 -26.8693 5.1
      vertex 58.7931 -26.937 5.1
      vertex 58.9482 -24.4707 5.1
    endloop
  endfacet
  facet normal -0.998081 0.0619194 0
    outer loop
      vertex 58.7973 -26.8693 3.8
      vertex 58.7931 -26.937 5.1
      vertex 58.7973 -26.8693 5.1
    endloop
  endfacet
  facet normal -0.999786 -0.0207056 0
    outer loop
      vertex 58.9482 -19.5293 0
      vertex 58.9489 -19.5631 3.8
      vertex 58.9482 -19.5293 5.1
    endloop
  endfacet
  facet normal -0.99978 -0.0209611 -2.27352e-06
    outer loop
      vertex 59 -22 0
      vertex 58.9489 -19.5631 3.8
      vertex 58.9482 -19.5293 0
    endloop
  endfacet
  facet normal -0.99978 -0.0209647 0
    outer loop
      vertex 58.9489 -19.5631 3.8
      vertex 59 -22 0
      vertex 59 -22 3.8
    endloop
  endfacet
  facet normal -0.999786 -0.0207056 -0
    outer loop
      vertex 58.9489 -19.5631 5.1
      vertex 58.9482 -19.5293 5.1
      vertex 58.9489 -19.5631 3.8
    endloop
  endfacet
  facet normal -0 -0 1
    outer loop
      vertex 58.9489 -19.5631 5.1
      vertex 59 -22 5.1
      vertex 58.9482 -19.5293 5.1
    endloop
  endfacet
  facet normal -0.998081 -0.0619194 0
    outer loop
      vertex 58.7931 -17.063 0
      vertex 58.7973 -17.1307 3.8
      vertex 58.7931 -17.063 5.1
    endloop
  endfacet
  facet normal -0.998025 -0.0628226 -1.6155e-05
    outer loop
      vertex 58.7931 -17.063 0
      vertex 58.8994 -18.7527 3.8
      vertex 58.7973 -17.1307 3.8
    endloop
  endfacet
  facet normal -0.998032 -0.0627143 -0
    outer loop
      vertex 58.9482 -19.5293 5.1
      vertex 58.8994 -18.7527 3.8
      vertex 58.9482 -19.5293 0
    endloop
  endfacet
  facet normal -0.998028 -0.0627637 1.01401e-05
    outer loop
      vertex 58.9482 -19.5293 0
      vertex 58.8994 -18.7527 3.8
      vertex 58.7931 -17.063 0
    endloop
  endfacet
  facet normal -0.998081 -0.0619194 -0
    outer loop
      vertex 58.7973 -17.1307 5.1
      vertex 58.7931 -17.063 5.1
      vertex 58.7973 -17.1307 3.8
    endloop
  endfacet
  facet normal 0 0 1
    outer loop
      vertex 58.8994 -18.7527 5.1
      vertex 58.7931 -17.063 5.1
      vertex 58.7973 -17.1307 5.1
    endloop
  endfacet
  facet normal -0 -0 -1
    outer loop
      vertex 58.8994 -18.7527 5.1
      vertex 58.9482 -19.5293 5.1
      vertex 58.7931 -17.063 5.1
    endloop
  endfacet
  facet normal -0.998032 -0.0627143 0
    outer loop
      vertex 58.8994 -18.7527 3.8
      vertex 58.9482 -19.5293 5.1
      vertex 58.8994 -18.7527 5.1
    endloop
  endfacet
  facet normal 0 0 -1
    outer loop
      vertex 55.9 -22 5.1
      vertex 59 -22 5.1
      vertex 58.9482 -24.4707 5.1
    endloop
  endfacet
  facet normal 0 0 -1
    outer loop
      vertex 55.8327 -24.7429 5.1
      vertex 58.9482 -24.4707 5.1
      vertex 58.7931 -26.937 5.1
    endloop
  endfacet
  facet normal 0 0 -1
    outer loop
      vertex 55.8943 -21.7669 5.1
      vertex 59 -22 5.1
      vertex 55.9 -22 5.1
    endloop
  endfacet
  facet normal 0 0 -1
    outer loop
      vertex 55.6308 -27.4792 5.1
      vertex 58.7931 -26.937 5.1
      vertex 58.5348 -29.3947 5.1
    endloop
  endfacet
  facet normal 0 0 -1
    outer loop
      vertex 59 -22 5.1
      vertex 55.8943 -21.7669 5.1
      vertex 58.9482 -19.5293 5.1
    endloop
  endfacet
  facet normal 0 0 -1
    outer loop
      vertex 55.295 -30.2022 5.1
      vertex 58.5348 -29.3947 5.1
      vertex 58.1738 -31.8394 5.1
    endloop
  endfacet
  facet normal 0 0 -1
    outer loop
      vertex 55.8327 -19.2571 5.1
      vertex 58.9482 -19.5293 5.1
      vertex 55.8943 -21.7669 5.1
    endloop
  endfacet
  facet normal 0 0 -1
    outer loop
      vertex 54.8657 -32.6758 5.1
      vertex 58.1738 -31.8394 5.1
      vertex 57.7107 -34.2668 5.1
    endloop
  endfacet
  facet normal 0 0 -1
    outer loop
      vertex 55.8155 -19.0246 5.1
      vertex 58.9482 -19.5293 5.1
      vertex 55.8327 -19.2571 5.1
    endloop
  endfacet
  facet normal 0 0 -1
    outer loop
      vertex 58.9482 -19.5293 5.1
      vertex 55.8155 -19.0246 5.1
      vertex 58.7931 -17.063 5.1
    endloop
  endfacet
  facet normal -0 0 -1
    outer loop
      vertex 58.9482 -24.4707 5.1
      vertex 55.8384 -24.5098 5.1
      vertex 55.9 -22 5.1
    endloop
  endfacet
  facet normal 0 0 -1
    outer loop
      vertex 58.9482 -24.4707 5.1
      vertex 55.8327 -24.7429 5.1
      vertex 55.8384 -24.5098 5.1
    endloop
  endfacet
  facet normal -0 0 -1
    outer loop
      vertex 58.7931 -26.937 5.1
      vertex 55.648 -27.2466 5.1
      vertex 55.8327 -24.7429 5.1
    endloop
  endfacet
  facet normal 0 0 -1
    outer loop
      vertex 58.7931 -26.937 5.1
      vertex 55.6308 -27.4792 5.1
      vertex 55.648 -27.2466 5.1
    endloop
  endfacet
  facet normal -0 0 -1
    outer loop
      vertex 58.5348 -29.3947 5.1
      vertex 55.3235 -29.9708 5.1
      vertex 55.6308 -27.4792 5.1
    endloop
  endfacet
  facet normal 0 0 -1
    outer loop
      vertex 58.5348 -29.3947 5.1
      vertex 55.295 -30.2022 5.1
      vertex 55.3235 -29.9708 5.1
    endloop
  endfacet
  facet normal -0 0 -1
    outer loop
      vertex 58.1738 -31.8394 5.1
      vertex 54.8657 -32.6758 5.1
      vertex 55.295 -30.2022 5.1
    endloop
  endfacet
  facet normal 0 0 -1
    outer loop
      vertex 57.7107 -34.2668 5.1
      vertex 54.8259 -32.9055 5.1
      vertex 54.8657 -32.6758 5.1
    endloop
  endfacet
  facet normal 0 -0 -1
    outer loop
      vertex 54.8259 -32.9055 5.1
      vertex 57.7107 -34.2668 5.1
      vertex 54.6656 -33.6195 5.1
    endloop
  endfacet
  facet normal 0 0 -1
    outer loop
      vertex 55.6308 -16.5208 5.1
      vertex 58.7931 -17.063 5.1
      vertex 55.8155 -19.0246 5.1
    endloop
  endfacet
  facet normal 0 0 -1
    outer loop
      vertex 55.6023 -16.2895 5.1
      vertex 58.7931 -17.063 5.1
      vertex 55.6308 -16.5208 5.1
    endloop
  endfacet
  facet normal 0 0 -1
    outer loop
      vertex 58.7931 -17.063 5.1
      vertex 55.6023 -16.2895 5.1
      vertex 58.5348 -14.6053 5.1
    endloop
  endfacet
  facet normal 0 0 -1
    outer loop
      vertex 55.295 -13.7978 5.1
      vertex 58.5348 -14.6053 5.1
      vertex 55.6023 -16.2895 5.1
    endloop
  endfacet
  facet normal 0 0 -1
    outer loop
      vertex 58.5348 -14.6053 5.1
      vertex 55.295 -13.7978 5.1
      vertex 58.1738 -12.1606 5.1
    endloop
  endfacet
  facet normal 0 0 -1
    outer loop
      vertex 55.2551 -13.5681 5.1
      vertex 58.1738 -12.1606 5.1
      vertex 55.295 -13.7978 5.1
    endloop
  endfacet
  facet normal 0 0 -1
    outer loop
      vertex 54.8259 -11.0945 5.1
      vertex 58.1738 -12.1606 5.1
      vertex 55.2551 -13.5681 5.1
    endloop
  endfacet
  facet normal 0 0 -1
    outer loop
      vertex 58.1738 -12.1606 5.1
      vertex 54.8259 -11.0945 5.1
      vertex 57.7107 -9.73322 5.1
    endloop
  endfacet
  facet normal 0 0 -1
    outer loop
      vertex 54.7748 -10.867 5.1
      vertex 57.7107 -9.73322 5.1
      vertex 54.8259 -11.0945 5.1
    endloop
  endfacet
  facet normal 0 0 -1
    outer loop
      vertex 57.7107 -9.73322 5.1
      vertex 54.7748 -10.867 5.1
      vertex 54.6656 -10.3805 5.1
    endloop
  endfacet
  facet normal -0.99978 0.0209647 0
    outer loop
      vertex 59 -22 0
      vertex 58.9489 -24.4369 3.8
      vertex 59 -22 3.8
    endloop
  endfacet
  facet normal -0.999786 0.0207056 0
    outer loop
      vertex 58.9482 -24.4707 5.1
      vertex 58.9489 -24.4369 3.8
      vertex 58.9482 -24.4707 0
    endloop
  endfacet
  facet normal -0.99978 0.0209611 -2.27352e-06
    outer loop
      vertex 58.9482 -24.4707 0
      vertex 58.9489 -24.4369 3.8
      vertex 59 -22 0
    endloop
  endfacet
  facet normal -0 0 1
    outer loop
      vertex 58.9489 -24.4369 5.1
      vertex 58.9482 -24.4707 5.1
      vertex 59 -22 5.1
    endloop
  endfacet
  facet normal -0.999786 0.0207056 0
    outer loop
      vertex 58.9489 -24.4369 3.8
      vertex 58.9482 -24.4707 5.1
      vertex 58.9489 -24.4369 5.1
    endloop
  endfacet
  facet normal 0.989175 0.146743 0
    outer loop
      vertex 15.923 -20.4317 3.8
      vertex 15.6926 -18.8786 0
      vertex 15.6926 -18.8786 3.8
    endloop
  endfacet
  facet normal 0.989175 0.146743 0
    outer loop
      vertex 15.6926 -18.8786 0
      vertex 15.923 -20.4317 3.8
      vertex 15.923 -20.4317 0
    endloop
  endfacet
  facet normal 0.998797 0.0490387 0
    outer loop
      vertex 16 -22 3.8
      vertex 15.923 -20.4317 0
      vertex 15.923 -20.4317 3.8
    endloop
  endfacet
  facet normal 0.998797 0.0490387 0
    outer loop
      vertex 15.923 -20.4317 0
      vertex 16 -22 3.8
      vertex 16 -22 0
    endloop
  endfacet
  facet normal 0.989175 -0.146743 0
    outer loop
      vertex 15.6926 -25.1214 3.8
      vertex 15.923 -23.5683 0
      vertex 15.923 -23.5683 3.8
    endloop
  endfacet
  facet normal 0.989175 -0.146743 0
    outer loop
      vertex 15.923 -23.5683 0
      vertex 15.6926 -25.1214 3.8
      vertex 15.6926 -25.1214 0
    endloop
  endfacet
  facet normal 0.998797 -0.0490387 0
    outer loop
      vertex 15.923 -23.5683 3.8
      vertex 16 -22 0
      vertex 16 -22 3.8
    endloop
  endfacet
  facet normal 0.998797 -0.0490387 0
    outer loop
      vertex 16 -22 0
      vertex 15.923 -23.5683 3.8
      vertex 15.923 -23.5683 0
    endloop
  endfacet
  facet normal 0.969946 0.243321 0
    outer loop
      vertex 15.6926 -18.8786 3.8
      vertex 15.6416 -18.6753 0
      vertex 15.6416 -18.6753 3.8
    endloop
  endfacet
  facet normal 0.969946 0.243321 0
    outer loop
      vertex 15.6416 -18.6753 0
      vertex 15.6926 -18.8786 3.8
      vertex 15.6926 -18.8786 0
    endloop
  endfacet
  facet normal 0.969946 -0.243321 0
    outer loop
      vertex 15.6416 -25.3247 3.8
      vertex 15.6926 -25.1214 0
      vertex 15.6926 -25.1214 3.8
    endloop
  endfacet
  facet normal 0.969946 -0.243321 0
    outer loop
      vertex 15.6926 -25.1214 0
      vertex 15.6416 -25.3247 3.8
      vertex 15.6416 -25.3247 0
    endloop
  endfacet
  facet normal -0.974986 0.222265 0
    outer loop
      vertex 57.7423 -34.101 3.8
      vertex 57.7811 -33.9308 5.1
      vertex 57.7811 -33.9308 3.8
    endloop
  endfacet
  facet normal -0.974986 0.222265 0
    outer loop
      vertex 57.7811 -33.9308 5.1
      vertex 57.7423 -34.101 3.8
      vertex 57.7423 -34.101 5.1
    endloop
  endfacet
  facet normal -0.975022 0.22211 0
    outer loop
      vertex 57.2474 -36.2734 3.8
      vertex 57.7048 -34.2655 5.1
      vertex 57.7048 -34.2655 3.8
    endloop
  endfacet
  facet normal -0.975022 0.22211 0
    outer loop
      vertex 57.7048 -34.2655 5.1
      vertex 57.2474 -36.2734 3.8
      vertex 57.2474 -36.2734 5.1
    endloop
  endfacet
  facet normal -0.989852 0.142102 0
    outer loop
      vertex 58.2189 -31.5685 3.8
      vertex 58.3972 -30.3265 5.1
      vertex 58.3972 -30.3265 3.8
    endloop
  endfacet
  facet normal -0.989852 0.142102 0
    outer loop
      vertex 58.3972 -30.3265 5.1
      vertex 58.2189 -31.5685 3.8
      vertex 58.2189 -31.5685 5.1
    endloop
  endfacet
  facet normal -0.989911 0.141689 0
    outer loop
      vertex 58.5454 -29.2937 3.8
      vertex 58.5602 -29.1903 5.1
      vertex 58.5602 -29.1903 3.8
    endloop
  endfacet
  facet normal -0.989911 0.141689 0
    outer loop
      vertex 58.5602 -29.1903 5.1
      vertex 58.5454 -29.2937 3.8
      vertex 58.5454 -29.2937 5.1
    endloop
  endfacet
  facet normal 0.241921 0.970296 -0
    outer loop
      vertex 57.2474 -36.2734 3.8
      vertex 54.2381 -35.5231 5.1
      vertex 57.2474 -36.2734 5.1
    endloop
  endfacet
  facet normal 0.242009 0.970274 0.000215147
    outer loop
      vertex 54.2381 -35.5231 5.1
      vertex 57.2474 -36.2734 3.8
      vertex 54.1664 -35.5052 5.02613
    endloop
  endfacet
  facet normal 0.241846 0.970315 -0.000218897
    outer loop
      vertex 54.1664 -35.5052 5.02613
      vertex 57.2474 -36.2734 3.8
      vertex 54.1411 -35.4989 5
    endloop
  endfacet
  facet normal 0.241923 0.970295 -6.73485e-06
    outer loop
      vertex 14.3431 -25.5761 3.8
      vertex 54.1411 -35.4989 5
      vertex 57.2474 -36.2734 3.8
    endloop
  endfacet
  facet normal 0.241923 0.970295 0
    outer loop
      vertex 54.1411 -35.4989 5
      vertex 14.3431 -25.5761 3.8
      vertex 14.3431 -25.5761 5
    endloop
  endfacet
  facet normal -0.998134 -0.0610617 0
    outer loop
      vertex 58.8994 -18.7527 3.8
      vertex 58.8044 -17.1998 5.1
      vertex 58.8044 -17.1998 3.8
    endloop
  endfacet
  facet normal -0.998134 -0.0610617 0
    outer loop
      vertex 58.8044 -17.1998 5.1
      vertex 58.8994 -18.7527 3.8
      vertex 58.8994 -18.7527 5.1
    endloop
  endfacet
  facet normal -0.998008 -0.0630924 0
    outer loop
      vertex 58.9511 -19.5979 3.8
      vertex 58.9489 -19.5631 5.1
      vertex 58.9489 -19.5631 3.8
    endloop
  endfacet
  facet normal -0.998008 -0.0630924 0
    outer loop
      vertex 58.9489 -19.5631 5.1
      vertex 58.9511 -19.5979 3.8
      vertex 58.9511 -19.5979 5.1
    endloop
  endfacet
  facet normal -0.998008 0.0630924 0
    outer loop
      vertex 58.9489 -24.4369 3.8
      vertex 58.9511 -24.4021 5.1
      vertex 58.9511 -24.4021 3.8
    endloop
  endfacet
  facet normal -0.998008 0.0630924 0
    outer loop
      vertex 58.9511 -24.4021 5.1
      vertex 58.9489 -24.4369 3.8
      vertex 58.9489 -24.4369 5.1
    endloop
  endfacet
  facet normal -0.998134 0.0610617 0
    outer loop
      vertex 58.8044 -26.8002 3.8
      vertex 58.8994 -25.2473 5.1
      vertex 58.8994 -25.2473 3.8
    endloop
  endfacet
  facet normal -0.998134 0.0610617 0
    outer loop
      vertex 58.8994 -25.2473 5.1
      vertex 58.8044 -26.8002 3.8
      vertex 58.8044 -26.8002 5.1
    endloop
  endfacet
  facet normal 0.241923 -0.970296 0
    outer loop
      vertex 14.3431 -18.4239 5
      vertex 14.3431 -18.4239 3.8
      vertex 54.1411 -8.50111 5
    endloop
  endfacet
  facet normal 0.241938 -0.970292 3.38488e-05
    outer loop
      vertex 57.2474 -7.72661 3.8
      vertex 54.2381 -8.47692 5.1
      vertex 54.1411 -8.50111 5
    endloop
  endfacet
  facet normal 0.241924 -0.970295 0
    outer loop
      vertex 54.2381 -8.47692 5.1
      vertex 57.2474 -7.72661 3.8
      vertex 57.2474 -7.72661 5.1
    endloop
  endfacet
  facet normal 0.241923 -0.970295 -7.32027e-06
    outer loop
      vertex 57.2474 -7.72661 3.8
      vertex 54.1411 -8.50111 5
      vertex 14.3431 -18.4239 3.8
    endloop
  endfacet
  facet normal -0.989852 -0.142102 0
    outer loop
      vertex 58.3972 -13.6735 3.8
      vertex 58.2189 -12.4315 5.1
      vertex 58.2189 -12.4315 3.8
    endloop
  endfacet
  facet normal -0.989852 -0.142102 0
    outer loop
      vertex 58.2189 -12.4315 5.1
      vertex 58.3972 -13.6735 3.8
      vertex 58.3972 -13.6735 5.1
    endloop
  endfacet
  facet normal -0.989911 -0.141689 0
    outer loop
      vertex 58.5602 -14.8097 3.8
      vertex 58.5454 -14.7063 5.1
      vertex 58.5454 -14.7063 3.8
    endloop
  endfacet
  facet normal -0.989911 -0.141689 0
    outer loop
      vertex 58.5454 -14.7063 5.1
      vertex 58.5602 -14.8097 3.8
      vertex 58.5602 -14.8097 5.1
    endloop
  endfacet
  facet normal -0.983251 0.182256 0
    outer loop
      vertex 57.7811 -33.9308 3.8
      vertex 57.9966 -32.7682 5.1
      vertex 57.9966 -32.7682 3.8
    endloop
  endfacet
  facet normal -0.983251 0.182256 0
    outer loop
      vertex 57.9966 -32.7682 5.1
      vertex 57.7811 -33.9308 3.8
      vertex 57.7811 -33.9308 5.1
    endloop
  endfacet
  facet normal -0.983292 0.182038 0
    outer loop
      vertex 58.1935 -31.7057 3.8
      vertex 58.2189 -31.5685 5.1
      vertex 58.2189 -31.5685 3.8
    endloop
  endfacet
  facet normal -0.983292 0.182038 0
    outer loop
      vertex 58.2189 -31.5685 5.1
      vertex 58.1935 -31.7057 3.8
      vertex 58.1935 -31.7057 5.1
    endloop
  endfacet
  facet normal -0 -0 -1
    outer loop
      vertex 58.8044 -17.1998 5.1
      vertex 58.8994 -18.7527 5.1
      vertex 58.7973 -17.1307 5.1
    endloop
  endfacet
  facet normal -0 -0 -1
    outer loop
      vertex 58.9511 -19.5979 5.1
      vertex 59 -22 5.1
      vertex 58.9489 -19.5631 5.1
    endloop
  endfacet
  facet normal 0 0 -1
    outer loop
      vertex 59 -22 5.1
      vertex 58.9511 -24.4021 5.1
      vertex 58.9489 -24.4369 5.1
    endloop
  endfacet
  facet normal -0 -0 -1
    outer loop
      vertex 58.2189 -12.4315 5.1
      vertex 58.3972 -13.6735 5.1
      vertex 58.1935 -12.2943 5.1
    endloop
  endfacet
  facet normal -0 -0 -1
    outer loop
      vertex 58.5602 -14.8097 5.1
      vertex 58.6981 -16.1597 5.1
      vertex 58.5454 -14.7063 5.1
    endloop
  endfacet
  facet normal -0 -0 -1
    outer loop
      vertex 57.7811 -10.0692 5.1
      vertex 57.9966 -11.2318 5.1
      vertex 57.7423 -9.89904 5.1
    endloop
  endfacet
  facet normal 0 0 -1
    outer loop
      vertex 58.6981 -27.8403 5.1
      vertex 58.5602 -29.1903 5.1
      vertex 58.5454 -29.2937 5.1
    endloop
  endfacet
  facet normal 0 0 -1
    outer loop
      vertex 54.6656 -10.3805 5.1
      vertex 57.2474 -7.72661 5.1
      vertex 57.7048 -9.73446 5.1
    endloop
  endfacet
  facet normal 0 0 -1
    outer loop
      vertex 57.2474 -7.72661 5.1
      vertex 54.6656 -10.3805 5.1
      vertex 54.2381 -8.47692 5.1
    endloop
  endfacet
  facet normal 0 0 -1
    outer loop
      vertex 54.2758 -35.3551 5.1
      vertex 57.7048 -34.2655 5.1
      vertex 57.2474 -36.2734 5.1
    endloop
  endfacet
  facet normal -0 0 -1
    outer loop
      vertex 57.7048 -34.2655 5.1
      vertex 54.2758 -35.3551 5.1
      vertex 54.6656 -33.6195 5.1
    endloop
  endfacet
  facet normal 0 -0 -1
    outer loop
      vertex 54.2758 -35.3551 5.1
      vertex 57.2474 -36.2734 5.1
      vertex 54.2381 -35.5231 5.1
    endloop
  endfacet
  facet normal 0 0 -1
    outer loop
      vertex 58.8994 -25.2473 5.1
      vertex 58.8044 -26.8002 5.1
      vertex 58.7973 -26.8693 5.1
    endloop
  endfacet
  facet normal 0 0 -1
    outer loop
      vertex 57.9966 -32.7682 5.1
      vertex 57.7811 -33.9308 5.1
      vertex 57.7423 -34.101 5.1
    endloop
  endfacet
  facet normal 0 0 -1
    outer loop
      vertex 58.3972 -30.3265 5.1
      vertex 58.2189 -31.5685 5.1
      vertex 58.1935 -31.7057 5.1
    endloop
  endfacet
  facet normal -0.999793 0.020353 0
    outer loop
      vertex 58.9511 -24.4021 3.8
      vertex 59 -22 5.1
      vertex 59 -22 3.8
    endloop
  endfacet
  facet normal -0.999793 0.020353 0
    outer loop
      vertex 59 -22 5.1
      vertex 58.9511 -24.4021 3.8
      vertex 58.9511 -24.4021 5.1
    endloop
  endfacet
  facet normal -0.994823 0.101619 0
    outer loop
      vertex 58.5602 -29.1903 3.8
      vertex 58.6981 -27.8403 5.1
      vertex 58.6981 -27.8403 3.8
    endloop
  endfacet
  facet normal -0.994823 0.101619 0
    outer loop
      vertex 58.6981 -27.8403 5.1
      vertex 58.5602 -29.1903 3.8
      vertex 58.5602 -29.1903 5.1
    endloop
  endfacet
  facet normal -0.994763 0.102212 0
    outer loop
      vertex 58.7973 -26.8693 3.8
      vertex 58.8044 -26.8002 5.1
      vertex 58.8044 -26.8002 3.8
    endloop
  endfacet
  facet normal -0.994763 0.102212 0
    outer loop
      vertex 58.8044 -26.8002 5.1
      vertex 58.7973 -26.8693 3.8
      vertex 58.7973 -26.8693 5.1
    endloop
  endfacet
  facet normal -0.999793 -0.020353 0
    outer loop
      vertex 59 -22 3.8
      vertex 58.9511 -19.5979 5.1
      vertex 58.9511 -19.5979 3.8
    endloop
  endfacet
  facet normal -0.999793 -0.020353 0
    outer loop
      vertex 58.9511 -19.5979 5.1
      vertex 59 -22 3.8
      vertex 59 -22 5.1
    endloop
  endfacet
  facet normal -0.983292 -0.182038 0
    outer loop
      vertex 58.2189 -12.4315 3.8
      vertex 58.1935 -12.2943 5.1
      vertex 58.1935 -12.2943 3.8
    endloop
  endfacet
  facet normal -0.983292 -0.182038 0
    outer loop
      vertex 58.1935 -12.2943 5.1
      vertex 58.2189 -12.4315 3.8
      vertex 58.2189 -12.4315 5.1
    endloop
  endfacet
  facet normal -0.983251 -0.182256 0
    outer loop
      vertex 57.9966 -11.2318 3.8
      vertex 57.7811 -10.0692 5.1
      vertex 57.7811 -10.0692 3.8
    endloop
  endfacet
  facet normal -0.983251 -0.182256 0
    outer loop
      vertex 57.7811 -10.0692 5.1
      vertex 57.9966 -11.2318 3.8
      vertex 57.9966 -11.2318 5.1
    endloop
  endfacet
  facet normal -0.974975 -0.222314 0
    outer loop
      vertex 57.7811 -10.0692 3.8
      vertex 57.7423 -9.89904 5.1
      vertex 57.7423 -9.89904 3.8
    endloop
  endfacet
  facet normal -0.974975 -0.222314 0
    outer loop
      vertex 57.7423 -9.89904 5.1
      vertex 57.7811 -10.0692 3.8
      vertex 57.7811 -10.0692 5.1
    endloop
  endfacet
  facet normal -0.97502 -0.222115 0
    outer loop
      vertex 57.7048 -9.73446 3.8
      vertex 57.2474 -7.72661 5.1
      vertex 57.2474 -7.72661 3.8
    endloop
  endfacet
  facet normal -0.97502 -0.222115 0
    outer loop
      vertex 57.2474 -7.72661 5.1
      vertex 57.7048 -9.73446 3.8
      vertex 57.7048 -9.73446 5.1
    endloop
  endfacet
  facet normal 0 -0 1
    outer loop
      vertex 58.9511 -24.4021 3.8
      vertex 59 -22 3.8
      vertex 58.9489 -24.4369 3.8
    endloop
  endfacet
  facet normal 0 0 1
    outer loop
      vertex 58.8994 -18.7527 3.8
      vertex 58.8044 -17.1998 3.8
      vertex 58.7973 -17.1307 3.8
    endloop
  endfacet
  facet normal 0 -0 1
    outer loop
      vertex 57.7811 -33.9308 3.8
      vertex 57.9966 -32.7682 3.8
      vertex 57.7423 -34.101 3.8
    endloop
  endfacet
  facet normal 0 -0 1
    outer loop
      vertex 58.2189 -31.5685 3.8
      vertex 58.3972 -30.3265 3.8
      vertex 58.1935 -31.7057 3.8
    endloop
  endfacet
  facet normal 0 0 1
    outer loop
      vertex 57.2474 -7.72661 3.8
      vertex 15.6416 -18.6753 3.8
      vertex 57.7048 -9.73446 3.8
    endloop
  endfacet
  facet normal 0 0 1
    outer loop
      vertex 15.923 -23.5683 3.8
      vertex 14.7287 -23.4507 3.8
      vertex 15.6926 -25.1214 3.8
    endloop
  endfacet
  facet normal 0 0 1
    outer loop
      vertex 15.6926 -18.8786 3.8
      vertex 14.7287 -20.5493 3.8
      vertex 14.8 -22 3.8
    endloop
  endfacet
  facet normal 0 0 1
    outer loop
      vertex 15.6926 -18.8786 3.8
      vertex 14.5156 -19.1127 3.8
      vertex 14.7287 -20.5493 3.8
    endloop
  endfacet
  facet normal 0 0 1
    outer loop
      vertex 15.6416 -18.6753 3.8
      vertex 14.3431 -18.4239 3.8
      vertex 14.5156 -19.1127 3.8
    endloop
  endfacet
  facet normal -0 0 1
    outer loop
      vertex 14.3431 -18.4239 3.8
      vertex 15.6416 -18.6753 3.8
      vertex 57.2474 -7.72661 3.8
    endloop
  endfacet
  facet normal 0 0 1
    outer loop
      vertex 14.8 -22 3.8
      vertex 16 -22 3.8
      vertex 15.923 -20.4317 3.8
    endloop
  endfacet
  facet normal 0 0 1
    outer loop
      vertex 14.5156 -19.1127 3.8
      vertex 15.6926 -18.8786 3.8
      vertex 15.6416 -18.6753 3.8
    endloop
  endfacet
  facet normal 0 0 1
    outer loop
      vertex 15.6926 -18.8786 3.8
      vertex 14.8 -22 3.8
      vertex 15.923 -20.4317 3.8
    endloop
  endfacet
  facet normal 0 0 1
    outer loop
      vertex 16 -22 3.8
      vertex 14.8 -22 3.8
      vertex 15.923 -23.5683 3.8
    endloop
  endfacet
  facet normal -0 0 1
    outer loop
      vertex 14.7287 -23.4507 3.8
      vertex 15.923 -23.5683 3.8
      vertex 14.8 -22 3.8
    endloop
  endfacet
  facet normal 0 0 1
    outer loop
      vertex 15.6416 -25.3247 3.8
      vertex 57.2474 -36.2734 3.8
      vertex 57.7048 -34.2655 3.8
    endloop
  endfacet
  facet normal -0 0 1
    outer loop
      vertex 14.5156 -24.8873 3.8
      vertex 15.6926 -25.1214 3.8
      vertex 14.7287 -23.4507 3.8
    endloop
  endfacet
  facet normal 0 0 1
    outer loop
      vertex 15.6926 -25.1214 3.8
      vertex 14.5156 -24.8873 3.8
      vertex 15.6416 -25.3247 3.8
    endloop
  endfacet
  facet normal 0 0 1
    outer loop
      vertex 15.6416 -25.3247 3.8
      vertex 14.3431 -25.5761 3.8
      vertex 57.2474 -36.2734 3.8
    endloop
  endfacet
  facet normal 0 0 1
    outer loop
      vertex 14.3431 -25.5761 3.8
      vertex 15.6416 -25.3247 3.8
      vertex 14.5156 -24.8873 3.8
    endloop
  endfacet
  facet normal 0 0 1
    outer loop
      vertex 59 -22 3.8
      vertex 58.9511 -19.5979 3.8
      vertex 58.9489 -19.5631 3.8
    endloop
  endfacet
  facet normal 0 0 1
    outer loop
      vertex 57.9966 -11.2318 3.8
      vertex 57.7811 -10.0692 3.8
      vertex 57.7423 -9.89904 3.8
    endloop
  endfacet
  facet normal 0 0 1
    outer loop
      vertex 58.6981 -16.1597 3.8
      vertex 58.5602 -14.8097 3.8
      vertex 58.5454 -14.7063 3.8
    endloop
  endfacet
  facet normal 0 0 1
    outer loop
      vertex 58.3972 -13.6735 3.8
      vertex 58.2189 -12.4315 3.8
      vertex 58.1935 -12.2943 3.8
    endloop
  endfacet
  facet normal 0 -0 1
    outer loop
      vertex 58.8044 -26.8002 3.8
      vertex 58.8994 -25.2473 3.8
      vertex 58.7973 -26.8693 3.8
    endloop
  endfacet
  facet normal 0 -0 1
    outer loop
      vertex 58.5602 -29.1903 3.8
      vertex 58.6981 -27.8403 3.8
      vertex 58.5454 -29.2937 3.8
    endloop
  endfacet
  facet normal -0.994763 -0.102212 0
    outer loop
      vertex 58.8044 -17.1998 3.8
      vertex 58.7973 -17.1307 5.1
      vertex 58.7973 -17.1307 3.8
    endloop
  endfacet
  facet normal -0.994763 -0.102212 0
    outer loop
      vertex 58.7973 -17.1307 5.1
      vertex 58.8044 -17.1998 3.8
      vertex 58.8044 -17.1998 5.1
    endloop
  endfacet
  facet normal -0.994823 -0.101619 0
    outer loop
      vertex 58.6981 -16.1597 3.8
      vertex 58.5602 -14.8097 5.1
      vertex 58.5602 -14.8097 3.8
    endloop
  endfacet
  facet normal -0.994823 -0.101619 0
    outer loop
      vertex 58.5602 -14.8097 5.1
      vertex 58.6981 -16.1597 3.8
      vertex 58.6981 -16.1597 5.1
    endloop
  endfacet
  facet normal 0.989176 0.146731 0
    outer loop
      vertex 14.7287 -20.5493 5
      vertex 14.5156 -19.1127 3.8
      vertex 14.5156 -19.1127 5
    endloop
  endfacet
  facet normal 0.989176 0.146731 0
    outer loop
      vertex 14.5156 -19.1127 3.8
      vertex 14.7287 -20.5493 5
      vertex 14.7287 -20.5493 3.8
    endloop
  endfacet
  facet normal 0.998794 0.0490894 0
    outer loop
      vertex 14.8 -22 5
      vertex 14.7287 -20.5493 3.8
      vertex 14.7287 -20.5493 5
    endloop
  endfacet
  facet normal 0.998794 0.0490894 0
    outer loop
      vertex 14.7287 -20.5493 3.8
      vertex 14.8 -22 5
      vertex 14.8 -22 3.8
    endloop
  endfacet
  facet normal 0.970043 0.242933 0
    outer loop
      vertex 14.5156 -19.1127 5
      vertex 14.3431 -18.4239 3.8
      vertex 14.3431 -18.4239 5
    endloop
  endfacet
  facet normal 0.970043 0.242933 0
    outer loop
      vertex 14.3431 -18.4239 3.8
      vertex 14.5156 -19.1127 5
      vertex 14.5156 -19.1127 3.8
    endloop
  endfacet
  facet normal 0.998794 -0.0490894 0
    outer loop
      vertex 14.7287 -23.4507 5
      vertex 14.8 -22 3.8
      vertex 14.8 -22 5
    endloop
  endfacet
  facet normal 0.998794 -0.0490894 0
    outer loop
      vertex 14.8 -22 3.8
      vertex 14.7287 -23.4507 5
      vertex 14.7287 -23.4507 3.8
    endloop
  endfacet
  facet normal 0.989176 -0.146731 0
    outer loop
      vertex 14.5156 -24.8873 5
      vertex 14.7287 -23.4507 3.8
      vertex 14.7287 -23.4507 5
    endloop
  endfacet
  facet normal 0.989176 -0.146731 0
    outer loop
      vertex 14.7287 -23.4507 3.8
      vertex 14.5156 -24.8873 5
      vertex 14.5156 -24.8873 3.8
    endloop
  endfacet
  facet normal 0.970043 -0.242933 0
    outer loop
      vertex 14.3431 -25.5761 5
      vertex 14.5156 -24.8873 3.8
      vertex 14.5156 -24.8873 5
    endloop
  endfacet
  facet normal 0.970043 -0.242933 0
    outer loop
      vertex 14.5156 -24.8873 3.8
      vertex 14.3431 -25.5761 5
      vertex 14.3431 -25.5761 3.8
    endloop
  endfacet
  facet normal -0.601816 -0.798635 -0
    outer loop
      vertex 9.58211 -29.2206 5
      vertex 9.58211 -29.2206 0
      vertex 44.5568 -55.576 5
    endloop
  endfacet
  facet normal -0.601828 -0.798626 0
    outer loop
      vertex 45.515 -56.298 6.2
      vertex 47.9105 -58.1032 16
      vertex 45.515 -56.298 16
    endloop
  endfacet
  facet normal -0.601793 -0.798652 2.43247e-05
    outer loop
      vertex 47.9105 -58.1032 0
      vertex 45.3632 -56.1836 6.00991
      vertex 44.5568 -55.576 5
    endloop
  endfacet
  facet normal -0.601828 -0.798626 0
    outer loop
      vertex 45.515 -56.298 6.2
      vertex 47.9105 -58.1032 0
      vertex 47.9105 -58.1032 16
    endloop
  endfacet
  facet normal -0.601843 -0.798614 -9.05826e-06
    outer loop
      vertex 45.3632 -56.1836 6.00991
      vertex 47.9105 -58.1032 0
      vertex 45.515 -56.298 6.2
    endloop
  endfacet
  facet normal -0.601816 -0.798635 -2.85095e-07
    outer loop
      vertex 47.9105 -58.1032 0
      vertex 44.5568 -55.576 5
      vertex 9.58211 -29.2206 0
    endloop
  endfacet
  facet normal -0.601828 0.798626 0
    outer loop
      vertex 47.9105 14.1032 16
      vertex 45.515 12.298 6.2
      vertex 45.515 12.298 16
    endloop
  endfacet
  facet normal -0.601828 0.798626 0
    outer loop
      vertex 47.9105 14.1032 0
      vertex 45.515 12.298 6.2
      vertex 47.9105 14.1032 16
    endloop
  endfacet
  facet normal -0.601804 0.798644 1.43304e-05
    outer loop
      vertex 47.9105 14.1032 0
      vertex 44.7032 11.6863 5.18338
      vertex 45.515 12.298 6.2
    endloop
  endfacet
  facet normal -0.601777 0.798664 4.08937e-05
    outer loop
      vertex 47.9105 14.1032 0
      vertex 44.5568 11.576 5
      vertex 44.7032 11.6863 5.18338
    endloop
  endfacet
  facet normal -0.601816 0.798635 -2.85095e-07
    outer loop
      vertex 9.58211 -14.7794 0
      vertex 44.5568 11.576 5
      vertex 47.9105 14.1032 0
    endloop
  endfacet
  facet normal -0.601816 0.798635 0
    outer loop
      vertex 44.5568 11.576 5
      vertex 9.58211 -14.7794 0
      vertex 9.58211 -14.7794 5
    endloop
  endfacet
  facet normal 0 0 1
    outer loop
      vertex 57 -22 16
      vertex 60 -22 16
      vertex 59.9277 -19.0559 16
    endloop
  endfacet
  facet normal 0 0 1
    outer loop
      vertex 56.9313 -19.2031 16
      vertex 59.9277 -19.0559 16
      vertex 59.7111 -16.119 16
    endloop
  endfacet
  facet normal 0 0 1
    outer loop
      vertex 60 -22 16
      vertex 57 -22 16
      vertex 59.9277 -24.9441 16
    endloop
  endfacet
  facet normal 0 0 1
    outer loop
      vertex 56.7255 -16.413 16
      vertex 59.7111 -16.119 16
      vertex 59.3506 -13.1962 16
    endloop
  endfacet
  facet normal -0 0 1
    outer loop
      vertex 56.9313 -24.7969 16
      vertex 59.9277 -24.9441 16
      vertex 57 -22 16
    endloop
  endfacet
  facet normal 0 0 1
    outer loop
      vertex 56.3831 -13.6364 16
      vertex 59.3506 -13.1962 16
      vertex 58.8471 -10.2946 16
    endloop
  endfacet
  facet normal 0 0 1
    outer loop
      vertex 59.9277 -24.9441 16
      vertex 56.9313 -24.7969 16
      vertex 59.7111 -27.881 16
    endloop
  endfacet
  facet normal 0 0 1
    outer loop
      vertex 55.9048 -10.8799 16
      vertex 58.8471 -10.2946 16
      vertex 58.2019 -7.42119 16
    endloop
  endfacet
  facet normal -0 0 1
    outer loop
      vertex 56.7255 -27.587 16
      vertex 59.7111 -27.881 16
      vertex 56.9313 -24.7969 16
    endloop
  endfacet
  facet normal 0 0 1
    outer loop
      vertex 55.2918 -8.15013 16
      vertex 58.2019 -7.42119 16
      vertex 57.4164 -4.58292 16
    endloop
  endfacet
  facet normal 0 0 1
    outer loop
      vertex 59.7111 -27.881 16
      vertex 56.7255 -27.587 16
      vertex 59.3506 -30.8038 16
    endloop
  endfacet
  facet normal -0 0 1
    outer loop
      vertex 56.3831 -30.3636 16
      vertex 59.3506 -30.8038 16
      vertex 56.7255 -27.587 16
    endloop
  endfacet
  facet normal 0 0 1
    outer loop
      vertex 59.9277 -19.0559 16
      vertex 56.9313 -19.2031 16
      vertex 57 -22 16
    endloop
  endfacet
  facet normal 0 0 1
    outer loop
      vertex 59.7111 -16.119 16
      vertex 56.7255 -16.413 16
      vertex 56.9313 -19.2031 16
    endloop
  endfacet
  facet normal 0 0 1
    outer loop
      vertex 54.5456 -5.45377 16
      vertex 57.4164 -4.58292 16
      vertex 56.4926 -1.78661 16
    endloop
  endfacet
  facet normal 0 0 1
    outer loop
      vertex 59.3506 -13.1962 16
      vertex 56.3831 -13.6364 16
      vertex 56.7255 -16.413 16
    endloop
  endfacet
  facet normal 0 0 1
    outer loop
      vertex 58.8471 -10.2946 16
      vertex 55.9048 -10.8799 16
      vertex 56.3831 -13.6364 16
    endloop
  endfacet
  facet normal 0 0 1
    outer loop
      vertex 53.668 -2.79728 16
      vertex 56.4926 -1.78661 16
      vertex 55.4328 0.961005 16
    endloop
  endfacet
  facet normal 0 0 1
    outer loop
      vertex 58.2019 -7.42119 16
      vertex 55.2918 -8.15013 16
      vertex 55.9048 -10.8799 16
    endloop
  endfacet
  facet normal 0 0 1
    outer loop
      vertex 57.4164 -4.58292 16
      vertex 54.5456 -5.45377 16
      vertex 55.2918 -8.15013 16
    endloop
  endfacet
  facet normal 0 0 1
    outer loop
      vertex 52.6611 -0.187045 16
      vertex 55.4328 0.961005 16
      vertex 54.2394 3.65331 16
    endloop
  endfacet
  facet normal 0 0 1
    outer loop
      vertex 56.4926 -1.78661 16
      vertex 53.668 -2.79728 16
      vertex 54.5456 -5.45377 16
    endloop
  endfacet
  facet normal 0 0 1
    outer loop
      vertex 51.5274 2.37064 16
      vertex 54.2394 3.65331 16
      vertex 52.9153 6.2838 16
    endloop
  endfacet
  facet normal 0 0 1
    outer loop
      vertex 55.4328 0.961005 16
      vertex 52.6611 -0.187045 16
      vertex 53.668 -2.79728 16
    endloop
  endfacet
  facet normal 0 0 1
    outer loop
      vertex 54.2394 3.65331 16
      vertex 51.5274 2.37064 16
      vertex 52.6611 -0.187045 16
    endloop
  endfacet
  facet normal 0 0 1
    outer loop
      vertex 50.2695 4.86961 16
      vertex 52.9153 6.2838 16
      vertex 51.4637 8.84616 16
    endloop
  endfacet
  facet normal 0 0 1
    outer loop
      vertex 52.9153 6.2838 16
      vertex 50.2695 4.86961 16
      vertex 51.5274 2.37064 16
    endloop
  endfacet
  facet normal 0 0 1
    outer loop
      vertex 48.8905 7.30386 16
      vertex 51.4637 8.84616 16
      vertex 49.8882 11.3342 16
    endloop
  endfacet
  facet normal 0 0 1
    outer loop
      vertex 51.4637 8.84616 16
      vertex 48.8905 7.30386 16
      vertex 50.2695 4.86961 16
    endloop
  endfacet
  facet normal 0 0 1
    outer loop
      vertex 47.3938 9.6675 16
      vertex 49.8882 11.3342 16
      vertex 48.1925 13.742 16
    endloop
  endfacet
  facet normal 0 0 1
    outer loop
      vertex 45.7828 11.9549 16
      vertex 48.1925 13.742 16
      vertex 47.9105 14.1032 16
    endloop
  endfacet
  facet normal 0 0 1
    outer loop
      vertex 49.8882 11.3342 16
      vertex 47.3938 9.6675 16
      vertex 48.8905 7.30386 16
    endloop
  endfacet
  facet normal 0 0 1
    outer loop
      vertex 48.1925 13.742 16
      vertex 45.7828 11.9549 16
      vertex 47.3938 9.6675 16
    endloop
  endfacet
  facet normal 0 -0 1
    outer loop
      vertex 45.7828 11.9549 16
      vertex 47.9105 14.1032 16
      vertex 45.515 12.298 16
    endloop
  endfacet
  facet normal 0 0 1
    outer loop
      vertex 59.3506 -30.8038 16
      vertex 56.3831 -30.3636 16
      vertex 58.8471 -33.7054 16
    endloop
  endfacet
  facet normal -0 0 1
    outer loop
      vertex 55.9048 -33.1201 16
      vertex 58.8471 -33.7054 16
      vertex 56.3831 -30.3636 16
    endloop
  endfacet
  facet normal 0 0 1
    outer loop
      vertex 58.8471 -33.7054 16
      vertex 55.9048 -33.1201 16
      vertex 58.2019 -36.5788 16
    endloop
  endfacet
  facet normal -0 0 1
    outer loop
      vertex 55.2918 -35.8499 16
      vertex 58.2019 -36.5788 16
      vertex 55.9048 -33.1201 16
    endloop
  endfacet
  facet normal 0 0 1
    outer loop
      vertex 58.2019 -36.5788 16
      vertex 55.2918 -35.8499 16
      vertex 57.4164 -39.4171 16
    endloop
  endfacet
  facet normal -0 0 1
    outer loop
      vertex 54.5456 -38.5462 16
      vertex 57.4164 -39.4171 16
      vertex 55.2918 -35.8499 16
    endloop
  endfacet
  facet normal 0 0 1
    outer loop
      vertex 57.4164 -39.4171 16
      vertex 54.5456 -38.5462 16
      vertex 56.4926 -42.2134 16
    endloop
  endfacet
  facet normal -0 0 1
    outer loop
      vertex 53.668 -41.2027 16
      vertex 56.4926 -42.2134 16
      vertex 54.5456 -38.5462 16
    endloop
  endfacet
  facet normal 0 0 1
    outer loop
      vertex 56.4926 -42.2134 16
      vertex 53.668 -41.2027 16
      vertex 55.4328 -44.961 16
    endloop
  endfacet
  facet normal -0 0 1
    outer loop
      vertex 52.6611 -43.813 16
      vertex 55.4328 -44.961 16
      vertex 53.668 -41.2027 16
    endloop
  endfacet
  facet normal 0 0 1
    outer loop
      vertex 55.4328 -44.961 16
      vertex 52.6611 -43.813 16
      vertex 54.2394 -47.6533 16
    endloop
  endfacet
  facet normal -0 0 1
    outer loop
      vertex 51.5274 -46.3706 16
      vertex 54.2394 -47.6533 16
      vertex 52.6611 -43.813 16
    endloop
  endfacet
  facet normal 0 0 1
    outer loop
      vertex 54.2394 -47.6533 16
      vertex 51.5274 -46.3706 16
      vertex 52.9153 -50.2838 16
    endloop
  endfacet
  facet normal -0 0 1
    outer loop
      vertex 50.2695 -48.8696 16
      vertex 52.9153 -50.2838 16
      vertex 51.5274 -46.3706 16
    endloop
  endfacet
  facet normal 0 0 1
    outer loop
      vertex 52.9153 -50.2838 16
      vertex 50.2695 -48.8696 16
      vertex 51.4637 -52.8462 16
    endloop
  endfacet
  facet normal -0 0 1
    outer loop
      vertex 48.8905 -51.3039 16
      vertex 51.4637 -52.8462 16
      vertex 50.2695 -48.8696 16
    endloop
  endfacet
  facet normal 0 0 1
    outer loop
      vertex 51.4637 -52.8462 16
      vertex 48.8905 -51.3039 16
      vertex 49.8882 -55.3342 16
    endloop
  endfacet
  facet normal -0 0 1
    outer loop
      vertex 47.3938 -53.6675 16
      vertex 49.8882 -55.3342 16
      vertex 48.8905 -51.3039 16
    endloop
  endfacet
  facet normal 0 0 1
    outer loop
      vertex 49.8882 -55.3342 16
      vertex 47.3938 -53.6675 16
      vertex 48.1925 -57.742 16
    endloop
  endfacet
  facet normal -0 0 1
    outer loop
      vertex 45.7828 -55.9549 16
      vertex 48.1925 -57.742 16
      vertex 47.3938 -53.6675 16
    endloop
  endfacet
  facet normal 0 0 1
    outer loop
      vertex 48.1925 -57.742 16
      vertex 45.7828 -55.9549 16
      vertex 47.9105 -58.1032 16
    endloop
  endfacet
  facet normal 0 0 1
    outer loop
      vertex 47.9105 -58.1032 16
      vertex 45.7828 -55.9549 16
      vertex 45.515 -56.298 16
    endloop
  endfacet
  facet normal 0.0246184 0.999697 -0
    outer loop
      vertex 0.588812 -10.0145 0
      vertex 0 -10 5
      vertex 0.588812 -10.0145 5
    endloop
  endfacet
  facet normal 0.0246184 0.999697 0
    outer loop
      vertex 0 -10 5
      vertex 0.588812 -10.0145 0
      vertex 0 -10 0
    endloop
  endfacet
  facet normal 0.0735155 -0.997294 0
    outer loop
      vertex 0.588812 -33.9855 0
      vertex 1.17621 -33.9422 5
      vertex 0.588812 -33.9855 5
    endloop
  endfacet
  facet normal 0.0735155 -0.997294 0
    outer loop
      vertex 1.17621 -33.9422 5
      vertex 0.588812 -33.9855 0
      vertex 1.17621 -33.9422 0
    endloop
  endfacet
  facet normal 0.0246184 -0.999697 0
    outer loop
      vertex 0 -34 0
      vertex 0.588812 -33.9855 5
      vertex 0 -34 5
    endloop
  endfacet
  facet normal 0.0246184 -0.999697 0
    outer loop
      vertex 0.588812 -33.9855 5
      vertex 0 -34 0
      vertex 0.588812 -33.9855 0
    endloop
  endfacet
  facet normal 0.122413 -0.992479 0
    outer loop
      vertex 1.17621 -33.9422 0
      vertex 1.76077 -33.8701 5
      vertex 1.17621 -33.9422 5
    endloop
  endfacet
  facet normal 0.122413 -0.992479 0
    outer loop
      vertex 1.76077 -33.8701 5
      vertex 1.17621 -33.9422 0
      vertex 1.76077 -33.8701 0
    endloop
  endfacet
  facet normal -0.575756 -0.817621 0
    outer loop
      vertex -7.14839 -31.6385 0
      vertex -6.66684 -31.9776 5
      vertex -7.14839 -31.6385 5
    endloop
  endfacet
  facet normal -0.575756 -0.817621 -0
    outer loop
      vertex -6.66684 -31.9776 5
      vertex -7.14839 -31.6385 0
      vertex -6.66684 -31.9776 0
    endloop
  endfacet
  facet normal -0.997294 -0.0735152 0
    outer loop
      vertex -11.9422 -23.1762 0
      vertex -11.9855 -22.5888 5
      vertex -11.9855 -22.5888 0
    endloop
  endfacet
  facet normal -0.997294 -0.0735152 0
    outer loop
      vertex -11.9855 -22.5888 5
      vertex -11.9422 -23.1762 0
      vertex -11.9422 -23.1762 5
    endloop
  endfacet
  facet normal 0.534988 -0.84486 0
    outer loop
      vertex 6.16923 -32.2927 0
      vertex 6.66684 -31.9776 5
      vertex 6.16923 -32.2927 5
    endloop
  endfacet
  facet normal 0.534988 -0.84486 0
    outer loop
      vertex 6.66684 -31.9776 5
      vertex 6.16923 -32.2927 0
      vertex 6.66684 -31.9776 0
    endloop
  endfacet
  facet normal 0.757219 -0.653161 0
    outer loop
      vertex 8.89141 -30.0587 5
      vertex 9.27612 -29.6127 0
      vertex 9.27612 -29.6127 5
    endloop
  endfacet
  facet normal 0.757219 -0.653161 0
    outer loop
      vertex 9.27612 -29.6127 0
      vertex 8.89141 -30.0587 5
      vertex 8.89141 -30.0587 0
    endloop
  endfacet
  facet normal 0.266724 0.963773 -0
    outer loop
      vertex 3.48342 -10.5167 0
      vertex 2.91576 -10.3596 5
      vertex 3.48342 -10.5167 5
    endloop
  endfacet
  facet normal 0.266724 0.963773 0
    outer loop
      vertex 2.91576 -10.3596 5
      vertex 3.48342 -10.5167 0
      vertex 2.91576 -10.3596 0
    endloop
  endfacet
  facet normal -0.219023 -0.97572 0
    outer loop
      vertex -2.91576 -33.6404 0
      vertex -2.34108 -33.7694 5
      vertex -2.91576 -33.6404 5
    endloop
  endfacet
  facet normal -0.219023 -0.97572 -0
    outer loop
      vertex -2.34108 -33.7694 5
      vertex -2.91576 -33.6404 0
      vertex -2.34108 -33.7694 0
    endloop
  endfacet
  facet normal -0.170973 -0.985276 0
    outer loop
      vertex -2.34108 -33.7694 0
      vertex -1.76077 -33.8701 5
      vertex -2.34108 -33.7694 5
    endloop
  endfacet
  facet normal -0.170973 -0.985276 -0
    outer loop
      vertex -1.76077 -33.8701 5
      vertex -2.34108 -33.7694 0
      vertex -1.76077 -33.8701 0
    endloop
  endfacet
  facet normal 0.313751 -0.949505 0
    outer loop
      vertex 3.48342 -33.4833 0
      vertex 4.04268 -33.2985 5
      vertex 3.48342 -33.4833 5
    endloop
  endfacet
  facet normal 0.313751 -0.949505 0
    outer loop
      vertex 4.04268 -33.2985 5
      vertex 3.48342 -33.4833 0
      vertex 4.04268 -33.2985 0
    endloop
  endfacet
  facet normal -0.219023 0.97572 0
    outer loop
      vertex -2.34108 -10.2306 0
      vertex -2.91576 -10.3596 5
      vertex -2.34108 -10.2306 5
    endloop
  endfacet
  facet normal -0.219023 0.97572 0
    outer loop
      vertex -2.91576 -10.3596 5
      vertex -2.34108 -10.2306 0
      vertex -2.91576 -10.3596 0
    endloop
  endfacet
  facet normal -0.65316 -0.75722 0
    outer loop
      vertex -8.05871 -30.8914 0
      vertex -7.61272 -31.2761 5
      vertex -8.05871 -30.8914 5
    endloop
  endfacet
  facet normal -0.65316 -0.75722 -0
    outer loop
      vertex -7.61272 -31.2761 5
      vertex -8.05871 -30.8914 0
      vertex -7.61272 -31.2761 0
    endloop
  endfacet
  facet normal -0.449589 -0.893236 0
    outer loop
      vertex -5.65676 -32.5831 0
      vertex -5.13066 -32.8479 5
      vertex -5.65676 -32.5831 5
    endloop
  endfacet
  facet normal -0.449589 -0.893236 -0
    outer loop
      vertex -5.13066 -32.8479 5
      vertex -5.65676 -32.5831 0
      vertex -5.13066 -32.8479 0
    endloop
  endfacet
  facet normal -0.999697 0.0246189 0
    outer loop
      vertex -12 -22 0
      vertex -11.9855 -21.4112 5
      vertex -11.9855 -21.4112 0
    endloop
  endfacet
  facet normal -0.999697 0.0246189 0
    outer loop
      vertex -11.9855 -21.4112 5
      vertex -12 -22 0
      vertex -12 -22 5
    endloop
  endfacet
  facet normal -0.405266 -0.914199 0
    outer loop
      vertex -5.13066 -32.8479 0
      vertex -4.5922 -33.0866 5
      vertex -5.13066 -32.8479 5
    endloop
  endfacet
  facet normal -0.405266 -0.914199 -0
    outer loop
      vertex -4.5922 -33.0866 5
      vertex -5.13066 -32.8479 0
      vertex -4.5922 -33.0866 0
    endloop
  endfacet
  facet normal 0.493013 -0.870022 0
    outer loop
      vertex 5.65676 -32.5831 0
      vertex 6.16923 -32.2927 5
      vertex 5.65676 -32.5831 5
    endloop
  endfacet
  facet normal 0.493013 -0.870022 0
    outer loop
      vertex 6.16923 -32.2927 5
      vertex 5.65676 -32.5831 0
      vertex 6.16923 -32.2927 0
    endloop
  endfacet
  facet normal -0.689515 -0.724271 0
    outer loop
      vertex -8.48528 -30.4853 0
      vertex -8.05871 -30.8914 5
      vertex -8.48528 -30.4853 5
    endloop
  endfacet
  facet normal -0.689515 -0.724271 -0
    outer loop
      vertex -8.05871 -30.8914 5
      vertex -8.48528 -30.4853 0
      vertex -8.05871 -30.8914 0
    endloop
  endfacet
  facet normal 0.615267 0.788319 -0
    outer loop
      vertex 7.61272 -12.7239 0
      vertex 7.14839 -12.3615 5
      vertex 7.61272 -12.7239 5
    endloop
  endfacet
  facet normal 0.615267 0.788319 0
    outer loop
      vertex 7.14839 -12.3615 5
      vertex 7.61272 -12.7239 0
      vertex 7.14839 -12.3615 0
    endloop
  endfacet
  facet normal 0.575756 0.817621 -0
    outer loop
      vertex 7.14839 -12.3615 0
      vertex 6.66684 -12.0224 5
      vertex 7.14839 -12.3615 5
    endloop
  endfacet
  facet normal 0.575756 0.817621 0
    outer loop
      vertex 6.66684 -12.0224 5
      vertex 7.14839 -12.3615 0
      vertex 6.66684 -12.0224 0
    endloop
  endfacet
  facet normal -0.266724 -0.963773 0
    outer loop
      vertex -3.48342 -33.4833 0
      vertex -2.91576 -33.6404 5
      vertex -3.48342 -33.4833 5
    endloop
  endfacet
  facet normal -0.266724 -0.963773 -0
    outer loop
      vertex -2.91576 -33.6404 5
      vertex -3.48342 -33.4833 0
      vertex -2.91576 -33.6404 0
    endloop
  endfacet
  facet normal 0.65316 0.75722 -0
    outer loop
      vertex 8.05871 -13.1086 0
      vertex 7.61272 -12.7239 5
      vertex 8.05871 -13.1086 5
    endloop
  endfacet
  facet normal 0.65316 0.75722 0
    outer loop
      vertex 7.61272 -12.7239 5
      vertex 8.05871 -13.1086 0
      vertex 7.61272 -12.7239 0
    endloop
  endfacet
  facet normal 0.72427 0.689517 0
    outer loop
      vertex 8.89141 -13.9413 5
      vertex 8.48528 -13.5147 0
      vertex 8.48528 -13.5147 5
    endloop
  endfacet
  facet normal 0.72427 0.689517 0
    outer loop
      vertex 8.48528 -13.5147 0
      vertex 8.89141 -13.9413 5
      vertex 8.89141 -13.9413 0
    endloop
  endfacet
  facet normal -0.985275 0.170976 0
    outer loop
      vertex -11.8701 -20.2392 0
      vertex -11.7694 -19.6589 5
      vertex -11.7694 -19.6589 0
    endloop
  endfacet
  facet normal -0.985275 0.170976 0
    outer loop
      vertex -11.7694 -19.6589 5
      vertex -11.8701 -20.2392 0
      vertex -11.8701 -20.2392 5
    endloop
  endfacet
  facet normal -0.65316 0.75722 0
    outer loop
      vertex -7.61272 -12.7239 0
      vertex -8.05871 -13.1086 5
      vertex -7.61272 -12.7239 5
    endloop
  endfacet
  facet normal -0.65316 0.75722 0
    outer loop
      vertex -8.05871 -13.1086 5
      vertex -7.61272 -12.7239 0
      vertex -8.05871 -13.1086 0
    endloop
  endfacet
  facet normal -0.975721 -0.219015 0
    outer loop
      vertex -11.6404 -24.9158 0
      vertex -11.7694 -24.3411 5
      vertex -11.7694 -24.3411 0
    endloop
  endfacet
  facet normal -0.975721 -0.219015 0
    outer loop
      vertex -11.7694 -24.3411 5
      vertex -11.6404 -24.9158 0
      vertex -11.6404 -24.9158 5
    endloop
  endfacet
  facet normal 0.359787 -0.933035 0
    outer loop
      vertex 4.04268 -33.2985 0
      vertex 4.5922 -33.0866 5
      vertex 4.04268 -33.2985 5
    endloop
  endfacet
  facet normal 0.359787 -0.933035 0
    outer loop
      vertex 4.5922 -33.0866 5
      vertex 4.04268 -33.2985 0
      vertex 4.5922 -33.0866 0
    endloop
  endfacet
  facet normal -0.757219 0.653161 0
    outer loop
      vertex -9.27612 -14.3873 0
      vertex -8.89141 -13.9413 5
      vertex -8.89141 -13.9413 0
    endloop
  endfacet
  facet normal -0.757219 0.653161 0
    outer loop
      vertex -8.89141 -13.9413 5
      vertex -9.27612 -14.3873 0
      vertex -9.27612 -14.3873 5
    endloop
  endfacet
  facet normal 0.72427 -0.689517 0
    outer loop
      vertex 8.48528 -30.4853 5
      vertex 8.89141 -30.0587 0
      vertex 8.89141 -30.0587 5
    endloop
  endfacet
  facet normal 0.72427 -0.689517 0
    outer loop
      vertex 8.89141 -30.0587 0
      vertex 8.48528 -30.4853 5
      vertex 8.48528 -30.4853 0
    endloop
  endfacet
  facet normal -0.869993 0.493064 0
    outer loop
      vertex -10.5831 -16.3432 0
      vertex -10.2927 -15.8308 5
      vertex -10.2927 -15.8308 0
    endloop
  endfacet
  facet normal -0.869993 0.493064 0
    outer loop
      vertex -10.2927 -15.8308 5
      vertex -10.5831 -16.3432 0
      vertex -10.5831 -16.3432 5
    endloop
  endfacet
  facet normal -0.493013 -0.870022 0
    outer loop
      vertex -6.16923 -32.2927 0
      vertex -5.65676 -32.5831 5
      vertex -6.16923 -32.2927 5
    endloop
  endfacet
  facet normal -0.493013 -0.870022 -0
    outer loop
      vertex -5.65676 -32.5831 5
      vertex -6.16923 -32.2927 0
      vertex -5.65676 -32.5831 0
    endloop
  endfacet
  facet normal -0.122413 -0.992479 0
    outer loop
      vertex -1.76077 -33.8701 0
      vertex -1.17621 -33.9422 5
      vertex -1.76077 -33.8701 5
    endloop
  endfacet
  facet normal -0.122413 -0.992479 -0
    outer loop
      vertex -1.17621 -33.9422 5
      vertex -1.76077 -33.8701 0
      vertex -1.17621 -33.9422 0
    endloop
  endfacet
  facet normal -0.313751 0.949505 0
    outer loop
      vertex -3.48342 -10.5167 0
      vertex -4.04268 -10.7015 5
      vertex -3.48342 -10.5167 5
    endloop
  endfacet
  facet normal -0.313751 0.949505 0
    outer loop
      vertex -4.04268 -10.7015 5
      vertex -3.48342 -10.5167 0
      vertex -4.04268 -10.7015 0
    endloop
  endfacet
  facet normal 0.313751 0.949505 -0
    outer loop
      vertex 4.04268 -10.7015 0
      vertex 3.48342 -10.5167 5
      vertex 4.04268 -10.7015 5
    endloop
  endfacet
  facet normal 0.313751 0.949505 0
    outer loop
      vertex 3.48342 -10.5167 5
      vertex 4.04268 -10.7015 0
      vertex 3.48342 -10.5167 0
    endloop
  endfacet
  facet normal -0.985275 -0.170976 0
    outer loop
      vertex -11.7694 -24.3411 0
      vertex -11.8701 -23.7608 5
      vertex -11.8701 -23.7608 0
    endloop
  endfacet
  facet normal -0.985275 -0.170976 0
    outer loop
      vertex -11.8701 -23.7608 5
      vertex -11.7694 -24.3411 0
      vertex -11.7694 -24.3411 5
    endloop
  endfacet
  facet normal -0.0735155 0.997294 0
    outer loop
      vertex -0.588812 -10.0145 0
      vertex -1.17621 -10.0578 5
      vertex -0.588812 -10.0145 5
    endloop
  endfacet
  facet normal -0.0735155 0.997294 0
    outer loop
      vertex -1.17621 -10.0578 5
      vertex -0.588812 -10.0145 0
      vertex -1.17621 -10.0578 0
    endloop
  endfacet
  facet normal -0.359787 -0.933035 0
    outer loop
      vertex -4.5922 -33.0866 0
      vertex -4.04268 -33.2985 5
      vertex -4.5922 -33.0866 5
    endloop
  endfacet
  facet normal -0.359787 -0.933035 -0
    outer loop
      vertex -4.04268 -33.2985 5
      vertex -4.5922 -33.0866 0
      vertex -4.04268 -33.2985 0
    endloop
  endfacet
  facet normal -0.91421 0.40524 0
    outer loop
      vertex -11.0866 -17.4078 0
      vertex -10.8479 -16.8693 5
      vertex -10.8479 -16.8693 0
    endloop
  endfacet
  facet normal -0.91421 0.40524 0
    outer loop
      vertex -10.8479 -16.8693 5
      vertex -11.0866 -17.4078 0
      vertex -11.0866 -17.4078 5
    endloop
  endfacet
  facet normal -0.93303 -0.359798 0
    outer loop
      vertex -11.0866 -26.5922 0
      vertex -11.2985 -26.0427 5
      vertex -11.2985 -26.0427 0
    endloop
  endfacet
  facet normal -0.93303 -0.359798 0
    outer loop
      vertex -11.2985 -26.0427 5
      vertex -11.0866 -26.5922 0
      vertex -11.0866 -26.5922 5
    endloop
  endfacet
  facet normal -0.313751 -0.949505 0
    outer loop
      vertex -4.04268 -33.2985 0
      vertex -3.48342 -33.4833 5
      vertex -4.04268 -33.2985 5
    endloop
  endfacet
  facet normal -0.313751 -0.949505 -0
    outer loop
      vertex -3.48342 -33.4833 5
      vertex -4.04268 -33.2985 0
      vertex -3.48342 -33.4833 0
    endloop
  endfacet
  facet normal 0.359787 0.933035 -0
    outer loop
      vertex 4.5922 -10.9134 0
      vertex 4.04268 -10.7015 5
      vertex 4.5922 -10.9134 5
    endloop
  endfacet
  facet normal 0.359787 0.933035 0
    outer loop
      vertex 4.04268 -10.7015 5
      vertex 4.5922 -10.9134 0
      vertex 4.04268 -10.7015 0
    endloop
  endfacet
  facet normal -0.0735155 -0.997294 0
    outer loop
      vertex -1.17621 -33.9422 0
      vertex -0.588812 -33.9855 5
      vertex -1.17621 -33.9422 5
    endloop
  endfacet
  facet normal -0.0735155 -0.997294 -0
    outer loop
      vertex -0.588812 -33.9855 5
      vertex -1.17621 -33.9422 0
      vertex -0.588812 -33.9855 0
    endloop
  endfacet
  facet normal -0.999697 -0.0246189 0
    outer loop
      vertex -11.9855 -22.5888 0
      vertex -12 -22 5
      vertex -12 -22 0
    endloop
  endfacet
  facet normal -0.999697 -0.0246189 0
    outer loop
      vertex -12 -22 5
      vertex -11.9855 -22.5888 0
      vertex -11.9855 -22.5888 5
    endloop
  endfacet
  facet normal 0.689515 -0.724271 0
    outer loop
      vertex 8.05871 -30.8914 0
      vertex 8.48528 -30.4853 5
      vertex 8.05871 -30.8914 5
    endloop
  endfacet
  facet normal 0.689515 -0.724271 0
    outer loop
      vertex 8.48528 -30.4853 5
      vertex 8.05871 -30.8914 0
      vertex 8.48528 -30.4853 0
    endloop
  endfacet
  facet normal -0.817618 -0.575762 0
    outer loop
      vertex -9.63849 -29.1484 0
      vertex -9.97763 -28.6668 5
      vertex -9.97763 -28.6668 0
    endloop
  endfacet
  facet normal -0.817618 -0.575762 0
    outer loop
      vertex -9.97763 -28.6668 5
      vertex -9.63849 -29.1484 0
      vertex -9.63849 -29.1484 5
    endloop
  endfacet
  facet normal 0.122413 0.992479 -0
    outer loop
      vertex 1.76077 -10.1299 0
      vertex 1.17621 -10.0578 5
      vertex 1.76077 -10.1299 5
    endloop
  endfacet
  facet normal 0.122413 0.992479 0
    outer loop
      vertex 1.17621 -10.0578 5
      vertex 1.76077 -10.1299 0
      vertex 1.17621 -10.0578 0
    endloop
  endfacet
  facet normal -0.757219 -0.653161 0
    outer loop
      vertex -8.89141 -30.0587 0
      vertex -9.27612 -29.6127 5
      vertex -9.27612 -29.6127 0
    endloop
  endfacet
  facet normal -0.757219 -0.653161 0
    outer loop
      vertex -9.27612 -29.6127 5
      vertex -8.89141 -30.0587 0
      vertex -8.89141 -30.0587 5
    endloop
  endfacet
  facet normal -0.997294 0.0735152 0
    outer loop
      vertex -11.9855 -21.4112 0
      vertex -11.9422 -20.8238 5
      vertex -11.9422 -20.8238 0
    endloop
  endfacet
  facet normal -0.997294 0.0735152 0
    outer loop
      vertex -11.9422 -20.8238 5
      vertex -11.9855 -21.4112 0
      vertex -11.9855 -21.4112 5
    endloop
  endfacet
  facet normal -0.615267 -0.788319 0
    outer loop
      vertex -7.61272 -31.2761 0
      vertex -7.14839 -31.6385 5
      vertex -7.61272 -31.2761 5
    endloop
  endfacet
  facet normal -0.615267 -0.788319 -0
    outer loop
      vertex -7.14839 -31.6385 5
      vertex -7.61272 -31.2761 0
      vertex -7.14839 -31.6385 0
    endloop
  endfacet
  facet normal -0.844878 -0.534959 0
    outer loop
      vertex -9.97763 -28.6668 0
      vertex -10.2927 -28.1692 5
      vertex -10.2927 -28.1692 0
    endloop
  endfacet
  facet normal -0.844878 -0.534959 0
    outer loop
      vertex -10.2927 -28.1692 5
      vertex -9.97763 -28.6668 0
      vertex -9.97763 -28.6668 5
    endloop
  endfacet
  facet normal -0.689515 0.724271 0
    outer loop
      vertex -8.05871 -13.1086 0
      vertex -8.48528 -13.5147 5
      vertex -8.05871 -13.1086 5
    endloop
  endfacet
  facet normal -0.689515 0.724271 0
    outer loop
      vertex -8.48528 -13.5147 5
      vertex -8.05871 -13.1086 0
      vertex -8.48528 -13.5147 0
    endloop
  endfacet
  facet normal 0.65316 -0.75722 0
    outer loop
      vertex 7.61272 -31.2761 0
      vertex 8.05871 -30.8914 5
      vertex 7.61272 -31.2761 5
    endloop
  endfacet
  facet normal 0.65316 -0.75722 0
    outer loop
      vertex 8.05871 -30.8914 5
      vertex 7.61272 -31.2761 0
      vertex 8.05871 -30.8914 0
    endloop
  endfacet
  facet normal 0.449589 -0.893236 0
    outer loop
      vertex 5.13066 -32.8479 0
      vertex 5.65676 -32.5831 5
      vertex 5.13066 -32.8479 5
    endloop
  endfacet
  facet normal 0.449589 -0.893236 0
    outer loop
      vertex 5.65676 -32.5831 5
      vertex 5.13066 -32.8479 0
      vertex 5.65676 -32.5831 0
    endloop
  endfacet
  facet normal -0.493013 0.870022 0
    outer loop
      vertex -5.65676 -11.4169 0
      vertex -6.16923 -11.7073 5
      vertex -5.65676 -11.4169 5
    endloop
  endfacet
  facet normal -0.493013 0.870022 0
    outer loop
      vertex -6.16923 -11.7073 5
      vertex -5.65676 -11.4169 0
      vertex -6.16923 -11.7073 0
    endloop
  endfacet
  facet normal 0.170973 -0.985276 0
    outer loop
      vertex 1.76077 -33.8701 0
      vertex 2.34108 -33.7694 5
      vertex 1.76077 -33.8701 5
    endloop
  endfacet
  facet normal 0.170973 -0.985276 0
    outer loop
      vertex 2.34108 -33.7694 5
      vertex 1.76077 -33.8701 0
      vertex 2.34108 -33.7694 0
    endloop
  endfacet
  facet normal -0.72427 -0.689517 0
    outer loop
      vertex -8.48528 -30.4853 0
      vertex -8.89141 -30.0587 5
      vertex -8.89141 -30.0587 0
    endloop
  endfacet
  facet normal -0.72427 -0.689517 0
    outer loop
      vertex -8.89141 -30.0587 5
      vertex -8.48528 -30.4853 0
      vertex -8.48528 -30.4853 5
    endloop
  endfacet
  facet normal -0.534988 0.84486 0
    outer loop
      vertex -6.16923 -11.7073 0
      vertex -6.66684 -12.0224 5
      vertex -6.16923 -11.7073 5
    endloop
  endfacet
  facet normal -0.534988 0.84486 0
    outer loop
      vertex -6.66684 -12.0224 5
      vertex -6.16923 -11.7073 0
      vertex -6.66684 -12.0224 0
    endloop
  endfacet
  facet normal -0.0246184 0.999697 0
    outer loop
      vertex 0 -10 0
      vertex -0.588812 -10.0145 5
      vertex 0 -10 5
    endloop
  endfacet
  facet normal -0.0246184 0.999697 0
    outer loop
      vertex -0.588812 -10.0145 5
      vertex 0 -10 0
      vertex -0.588812 -10.0145 0
    endloop
  endfacet
  facet normal -0.0246184 -0.999697 0
    outer loop
      vertex -0.588812 -33.9855 0
      vertex 0 -34 5
      vertex -0.588812 -33.9855 5
    endloop
  endfacet
  facet normal -0.0246184 -0.999697 -0
    outer loop
      vertex 0 -34 5
      vertex -0.588812 -33.9855 0
      vertex 0 -34 0
    endloop
  endfacet
  facet normal 0.449589 0.893236 -0
    outer loop
      vertex 5.65676 -11.4169 0
      vertex 5.13066 -11.1521 5
      vertex 5.65676 -11.4169 5
    endloop
  endfacet
  facet normal 0.449589 0.893236 0
    outer loop
      vertex 5.13066 -11.1521 5
      vertex 5.65676 -11.4169 0
      vertex 5.13066 -11.1521 0
    endloop
  endfacet
  facet normal -0.99248 0.122405 0
    outer loop
      vertex -11.9422 -20.8238 0
      vertex -11.8701 -20.2392 5
      vertex -11.8701 -20.2392 0
    endloop
  endfacet
  facet normal -0.99248 0.122405 0
    outer loop
      vertex -11.8701 -20.2392 5
      vertex -11.9422 -20.8238 0
      vertex -11.9422 -20.8238 5
    endloop
  endfacet
  facet normal -0.93303 0.359798 0
    outer loop
      vertex -11.2985 -17.9573 0
      vertex -11.0866 -17.4078 5
      vertex -11.0866 -17.4078 0
    endloop
  endfacet
  facet normal -0.93303 0.359798 0
    outer loop
      vertex -11.0866 -17.4078 5
      vertex -11.2985 -17.9573 0
      vertex -11.2985 -17.9573 5
    endloop
  endfacet
  facet normal -0.122413 0.992479 0
    outer loop
      vertex -1.17621 -10.0578 0
      vertex -1.76077 -10.1299 5
      vertex -1.17621 -10.0578 5
    endloop
  endfacet
  facet normal -0.122413 0.992479 0
    outer loop
      vertex -1.76077 -10.1299 5
      vertex -1.17621 -10.0578 0
      vertex -1.76077 -10.1299 0
    endloop
  endfacet
  facet normal 0.219023 -0.97572 0
    outer loop
      vertex 2.34108 -33.7694 0
      vertex 2.91576 -33.6404 5
      vertex 2.34108 -33.7694 5
    endloop
  endfacet
  facet normal 0.219023 -0.97572 0
    outer loop
      vertex 2.91576 -33.6404 5
      vertex 2.34108 -33.7694 0
      vertex 2.91576 -33.6404 0
    endloop
  endfacet
  facet normal 0.575756 -0.817621 0
    outer loop
      vertex 6.66684 -31.9776 0
      vertex 7.14839 -31.6385 5
      vertex 6.66684 -31.9776 5
    endloop
  endfacet
  facet normal 0.575756 -0.817621 0
    outer loop
      vertex 7.14839 -31.6385 5
      vertex 6.66684 -31.9776 0
      vertex 7.14839 -31.6385 0
    endloop
  endfacet
  facet normal 0.266724 -0.963773 0
    outer loop
      vertex 2.91576 -33.6404 0
      vertex 3.48342 -33.4833 5
      vertex 2.91576 -33.6404 5
    endloop
  endfacet
  facet normal 0.266724 -0.963773 0
    outer loop
      vertex 3.48342 -33.4833 5
      vertex 2.91576 -33.6404 0
      vertex 3.48342 -33.4833 0
    endloop
  endfacet
  facet normal -0.949512 -0.313731 0
    outer loop
      vertex -11.2985 -26.0427 0
      vertex -11.4833 -25.4834 5
      vertex -11.4833 -25.4834 0
    endloop
  endfacet
  facet normal -0.949512 -0.313731 0
    outer loop
      vertex -11.4833 -25.4834 5
      vertex -11.2985 -26.0427 0
      vertex -11.2985 -26.0427 5
    endloop
  endfacet
  facet normal -0.869993 -0.493064 0
    outer loop
      vertex -10.2927 -28.1692 0
      vertex -10.5831 -27.6568 5
      vertex -10.5831 -27.6568 0
    endloop
  endfacet
  facet normal -0.869993 -0.493064 0
    outer loop
      vertex -10.5831 -27.6568 5
      vertex -10.2927 -28.1692 0
      vertex -10.2927 -28.1692 5
    endloop
  endfacet
  facet normal 0.788354 0.615222 0
    outer loop
      vertex 9.58211 -14.7794 5
      vertex 9.27612 -14.3873 0
      vertex 9.27612 -14.3873 5
    endloop
  endfacet
  facet normal 0.788354 0.615222 0
    outer loop
      vertex 9.27612 -14.3873 0
      vertex 9.58211 -14.7794 5
      vertex 9.58211 -14.7794 0
    endloop
  endfacet
  facet normal 0.405266 -0.914199 0
    outer loop
      vertex 4.5922 -33.0866 0
      vertex 5.13066 -32.8479 5
      vertex 4.5922 -33.0866 5
    endloop
  endfacet
  facet normal 0.405266 -0.914199 0
    outer loop
      vertex 5.13066 -32.8479 5
      vertex 4.5922 -33.0866 0
      vertex 5.13066 -32.8479 0
    endloop
  endfacet
  facet normal 0.788354 -0.615222 0
    outer loop
      vertex 9.27612 -29.6127 5
      vertex 9.58211 -29.2206 0
      vertex 9.58211 -29.2206 5
    endloop
  endfacet
  facet normal 0.788354 -0.615222 0
    outer loop
      vertex 9.58211 -29.2206 0
      vertex 9.27612 -29.6127 5
      vertex 9.27612 -29.6127 0
    endloop
  endfacet
  facet normal 0.757219 0.653161 0
    outer loop
      vertex 9.27612 -14.3873 5
      vertex 8.89141 -13.9413 0
      vertex 8.89141 -13.9413 5
    endloop
  endfacet
  facet normal 0.757219 0.653161 0
    outer loop
      vertex 8.89141 -13.9413 0
      vertex 9.27612 -14.3873 5
      vertex 9.27612 -14.3873 0
    endloop
  endfacet
  facet normal -0.788324 -0.61526 0
    outer loop
      vertex -9.27612 -29.6127 0
      vertex -9.63849 -29.1484 5
      vertex -9.63849 -29.1484 0
    endloop
  endfacet
  facet normal -0.788324 -0.61526 0
    outer loop
      vertex -9.63849 -29.1484 5
      vertex -9.27612 -29.6127 0
      vertex -9.27612 -29.6127 5
    endloop
  endfacet
  facet normal 0.615267 -0.788319 0
    outer loop
      vertex 7.14839 -31.6385 0
      vertex 7.61272 -31.2761 5
      vertex 7.14839 -31.6385 5
    endloop
  endfacet
  facet normal 0.615267 -0.788319 0
    outer loop
      vertex 7.61272 -31.2761 5
      vertex 7.14839 -31.6385 0
      vertex 7.61272 -31.2761 0
    endloop
  endfacet
  facet normal -0.359787 0.933035 0
    outer loop
      vertex -4.04268 -10.7015 0
      vertex -4.5922 -10.9134 5
      vertex -4.04268 -10.7015 5
    endloop
  endfacet
  facet normal -0.359787 0.933035 0
    outer loop
      vertex -4.5922 -10.9134 5
      vertex -4.04268 -10.7015 0
      vertex -4.5922 -10.9134 0
    endloop
  endfacet
  facet normal -0.575756 0.817621 0
    outer loop
      vertex -6.66684 -12.0224 0
      vertex -7.14839 -12.3615 5
      vertex -6.66684 -12.0224 5
    endloop
  endfacet
  facet normal -0.575756 0.817621 0
    outer loop
      vertex -7.14839 -12.3615 5
      vertex -6.66684 -12.0224 0
      vertex -7.14839 -12.3615 0
    endloop
  endfacet
  facet normal -0.963766 0.26675 0
    outer loop
      vertex -11.6404 -19.0842 0
      vertex -11.4833 -18.5166 5
      vertex -11.4833 -18.5166 0
    endloop
  endfacet
  facet normal -0.963766 0.26675 0
    outer loop
      vertex -11.4833 -18.5166 5
      vertex -11.6404 -19.0842 0
      vertex -11.6404 -19.0842 5
    endloop
  endfacet
  facet normal -0.405266 0.914199 0
    outer loop
      vertex -4.5922 -10.9134 0
      vertex -5.13066 -11.1521 5
      vertex -4.5922 -10.9134 5
    endloop
  endfacet
  facet normal -0.405266 0.914199 0
    outer loop
      vertex -5.13066 -11.1521 5
      vertex -4.5922 -10.9134 0
      vertex -5.13066 -11.1521 0
    endloop
  endfacet
  facet normal -0.893236 -0.449589 0
    outer loop
      vertex -10.5831 -27.6568 0
      vertex -10.8479 -27.1307 5
      vertex -10.8479 -27.1307 0
    endloop
  endfacet
  facet normal -0.893236 -0.449589 0
    outer loop
      vertex -10.8479 -27.1307 5
      vertex -10.5831 -27.6568 0
      vertex -10.5831 -27.6568 5
    endloop
  endfacet
  facet normal -0.975721 0.219015 0
    outer loop
      vertex -11.7694 -19.6589 0
      vertex -11.6404 -19.0842 5
      vertex -11.6404 -19.0842 0
    endloop
  endfacet
  facet normal -0.975721 0.219015 0
    outer loop
      vertex -11.6404 -19.0842 5
      vertex -11.7694 -19.6589 0
      vertex -11.7694 -19.6589 5
    endloop
  endfacet
  facet normal -0.534988 -0.84486 0
    outer loop
      vertex -6.66684 -31.9776 0
      vertex -6.16923 -32.2927 5
      vertex -6.66684 -31.9776 5
    endloop
  endfacet
  facet normal -0.534988 -0.84486 -0
    outer loop
      vertex -6.16923 -32.2927 5
      vertex -6.66684 -31.9776 0
      vertex -6.16923 -32.2927 0
    endloop
  endfacet
  facet normal -0.99248 -0.122405 0
    outer loop
      vertex -11.8701 -23.7608 0
      vertex -11.9422 -23.1762 5
      vertex -11.9422 -23.1762 0
    endloop
  endfacet
  facet normal -0.99248 -0.122405 0
    outer loop
      vertex -11.9422 -23.1762 5
      vertex -11.8701 -23.7608 0
      vertex -11.8701 -23.7608 5
    endloop
  endfacet
  facet normal 0.689515 0.724271 -0
    outer loop
      vertex 8.48528 -13.5147 0
      vertex 8.05871 -13.1086 5
      vertex 8.48528 -13.5147 5
    endloop
  endfacet
  facet normal 0.689515 0.724271 0
    outer loop
      vertex 8.05871 -13.1086 5
      vertex 8.48528 -13.5147 0
      vertex 8.05871 -13.1086 0
    endloop
  endfacet
  facet normal 0.405266 0.914199 -0
    outer loop
      vertex 5.13066 -11.1521 0
      vertex 4.5922 -10.9134 5
      vertex 5.13066 -11.1521 5
    endloop
  endfacet
  facet normal 0.405266 0.914199 0
    outer loop
      vertex 4.5922 -10.9134 5
      vertex 5.13066 -11.1521 0
      vertex 4.5922 -10.9134 0
    endloop
  endfacet
  facet normal 0.534988 0.84486 -0
    outer loop
      vertex 6.66684 -12.0224 0
      vertex 6.16923 -11.7073 5
      vertex 6.66684 -12.0224 5
    endloop
  endfacet
  facet normal 0.534988 0.84486 0
    outer loop
      vertex 6.16923 -11.7073 5
      vertex 6.66684 -12.0224 0
      vertex 6.16923 -11.7073 0
    endloop
  endfacet
  facet normal -0.963766 -0.26675 0
    outer loop
      vertex -11.4833 -25.4834 0
      vertex -11.6404 -24.9158 5
      vertex -11.6404 -24.9158 0
    endloop
  endfacet
  facet normal -0.963766 -0.26675 0
    outer loop
      vertex -11.6404 -24.9158 5
      vertex -11.4833 -25.4834 0
      vertex -11.4833 -25.4834 5
    endloop
  endfacet
  facet normal -0.170973 0.985276 0
    outer loop
      vertex -1.76077 -10.1299 0
      vertex -2.34108 -10.2306 5
      vertex -1.76077 -10.1299 5
    endloop
  endfacet
  facet normal -0.170973 0.985276 0
    outer loop
      vertex -2.34108 -10.2306 5
      vertex -1.76077 -10.1299 0
      vertex -2.34108 -10.2306 0
    endloop
  endfacet
  facet normal -0.91421 -0.40524 0
    outer loop
      vertex -10.8479 -27.1307 0
      vertex -11.0866 -26.5922 5
      vertex -11.0866 -26.5922 0
    endloop
  endfacet
  facet normal -0.91421 -0.40524 0
    outer loop
      vertex -11.0866 -26.5922 5
      vertex -10.8479 -27.1307 0
      vertex -10.8479 -27.1307 5
    endloop
  endfacet
  facet normal 0.219023 0.97572 -0
    outer loop
      vertex 2.91576 -10.3596 0
      vertex 2.34108 -10.2306 5
      vertex 2.91576 -10.3596 5
    endloop
  endfacet
  facet normal 0.219023 0.97572 0
    outer loop
      vertex 2.34108 -10.2306 5
      vertex 2.91576 -10.3596 0
      vertex 2.34108 -10.2306 0
    endloop
  endfacet
  facet normal -0.788324 0.61526 0
    outer loop
      vertex -9.63849 -14.8516 0
      vertex -9.27612 -14.3873 5
      vertex -9.27612 -14.3873 0
    endloop
  endfacet
  facet normal -0.788324 0.61526 0
    outer loop
      vertex -9.27612 -14.3873 5
      vertex -9.63849 -14.8516 0
      vertex -9.63849 -14.8516 5
    endloop
  endfacet
  facet normal -0.72427 0.689517 0
    outer loop
      vertex -8.89141 -13.9413 0
      vertex -8.48528 -13.5147 5
      vertex -8.48528 -13.5147 0
    endloop
  endfacet
  facet normal -0.72427 0.689517 0
    outer loop
      vertex -8.48528 -13.5147 5
      vertex -8.89141 -13.9413 0
      vertex -8.89141 -13.9413 5
    endloop
  endfacet
  facet normal -0.949512 0.313731 0
    outer loop
      vertex -11.4833 -18.5166 0
      vertex -11.2985 -17.9573 5
      vertex -11.2985 -17.9573 0
    endloop
  endfacet
  facet normal -0.949512 0.313731 0
    outer loop
      vertex -11.2985 -17.9573 5
      vertex -11.4833 -18.5166 0
      vertex -11.4833 -18.5166 5
    endloop
  endfacet
  facet normal 0.0735155 0.997294 -0
    outer loop
      vertex 1.17621 -10.0578 0
      vertex 0.588812 -10.0145 5
      vertex 1.17621 -10.0578 5
    endloop
  endfacet
  facet normal 0.0735155 0.997294 0
    outer loop
      vertex 0.588812 -10.0145 5
      vertex 1.17621 -10.0578 0
      vertex 0.588812 -10.0145 0
    endloop
  endfacet
  facet normal 0.170973 0.985276 -0
    outer loop
      vertex 2.34108 -10.2306 0
      vertex 1.76077 -10.1299 5
      vertex 2.34108 -10.2306 5
    endloop
  endfacet
  facet normal 0.170973 0.985276 0
    outer loop
      vertex 1.76077 -10.1299 5
      vertex 2.34108 -10.2306 0
      vertex 1.76077 -10.1299 0
    endloop
  endfacet
  facet normal -0.615267 0.788319 0
    outer loop
      vertex -7.14839 -12.3615 0
      vertex -7.61272 -12.7239 5
      vertex -7.14839 -12.3615 5
    endloop
  endfacet
  facet normal -0.615267 0.788319 0
    outer loop
      vertex -7.61272 -12.7239 5
      vertex -7.14839 -12.3615 0
      vertex -7.61272 -12.7239 0
    endloop
  endfacet
  facet normal -0.266724 0.963773 0
    outer loop
      vertex -2.91576 -10.3596 0
      vertex -3.48342 -10.5167 5
      vertex -2.91576 -10.3596 5
    endloop
  endfacet
  facet normal -0.266724 0.963773 0
    outer loop
      vertex -3.48342 -10.5167 5
      vertex -2.91576 -10.3596 0
      vertex -3.48342 -10.5167 0
    endloop
  endfacet
  facet normal -0.893236 0.449589 0
    outer loop
      vertex -10.8479 -16.8693 0
      vertex -10.5831 -16.3432 5
      vertex -10.5831 -16.3432 0
    endloop
  endfacet
  facet normal -0.893236 0.449589 0
    outer loop
      vertex -10.5831 -16.3432 5
      vertex -10.8479 -16.8693 0
      vertex -10.8479 -16.8693 5
    endloop
  endfacet
  facet normal 0.493013 0.870022 -0
    outer loop
      vertex 6.16923 -11.7073 0
      vertex 5.65676 -11.4169 5
      vertex 6.16923 -11.7073 5
    endloop
  endfacet
  facet normal 0.493013 0.870022 0
    outer loop
      vertex 5.65676 -11.4169 5
      vertex 6.16923 -11.7073 0
      vertex 5.65676 -11.4169 0
    endloop
  endfacet
  facet normal -0.817618 0.575762 0
    outer loop
      vertex -9.97763 -15.3332 0
      vertex -9.63849 -14.8516 5
      vertex -9.63849 -14.8516 0
    endloop
  endfacet
  facet normal -0.817618 0.575762 0
    outer loop
      vertex -9.63849 -14.8516 5
      vertex -9.97763 -15.3332 0
      vertex -9.97763 -15.3332 5
    endloop
  endfacet
  facet normal -0.449589 0.893236 0
    outer loop
      vertex -5.13066 -11.1521 0
      vertex -5.65676 -11.4169 5
      vertex -5.13066 -11.1521 5
    endloop
  endfacet
  facet normal -0.449589 0.893236 0
    outer loop
      vertex -5.65676 -11.4169 5
      vertex -5.13066 -11.1521 0
      vertex -5.65676 -11.4169 0
    endloop
  endfacet
  facet normal -0.844878 0.534959 0
    outer loop
      vertex -10.2927 -15.8308 0
      vertex -9.97763 -15.3332 5
      vertex -9.97763 -15.3332 0
    endloop
  endfacet
  facet normal -0.844878 0.534959 0
    outer loop
      vertex -9.97763 -15.3332 5
      vertex -10.2927 -15.8308 0
      vertex -10.2927 -15.8308 5
    endloop
  endfacet
  facet normal 0 0 -1
    outer loop
      vertex 3.89077 18.5879 0
      vertex 10.707 12.99 0
      vertex 10.3733 12.5982 0
    endloop
  endfacet
  facet normal 0 0 -1
    outer loop
      vertex 10.3733 12.5982 0
      vertex 10.707 12.99 0
      vertex 10.7093 12.9877 0
    endloop
  endfacet
  facet normal 0 0 -1
    outer loop
      vertex 13.9831 21.3131 0
      vertex 13.9831 22.6869 0
      vertex 14 22 0
    endloop
  endfacet
  facet normal 0 0 -1
    outer loop
      vertex 13.942 20.8 0
      vertex 13.9831 21.3131 0
      vertex 13.9453 20.8 0
    endloop
  endfacet
  facet normal -0 0 -1
    outer loop
      vertex 13.9831 21.3131 0
      vertex 13.942 20.8 0
      vertex 13.9831 22.6869 0
    endloop
  endfacet
  facet normal 0 0 -1
    outer loop
      vertex 13.942 23.2 0
      vertex 13.9831 22.6869 0
      vertex 13.942 20.8 0
    endloop
  endfacet
  facet normal 0 0 -1
    outer loop
      vertex 13.9831 22.6869 0
      vertex 13.942 23.2 0
      vertex 13.9453 23.2 0
    endloop
  endfacet
  facet normal 0 0 -1
    outer loop
      vertex 13.8952 20.3246 0
      vertex 13.942 23.2 0
      vertex 13.942 20.8 0
    endloop
  endfacet
  facet normal 0 0 -1
    outer loop
      vertex 13.8952 20.3246 0
      vertex 13.8952 23.6754 0
      vertex 13.942 23.2 0
    endloop
  endfacet
  facet normal 0 0 -1
    outer loop
      vertex 13.8653 20.0822 0
      vertex 13.8952 23.6754 0
      vertex 13.8952 20.3246 0
    endloop
  endfacet
  facet normal 0 0 -1
    outer loop
      vertex 13.8653 20.0822 0
      vertex 13.8653 23.9178 0
      vertex 13.8952 23.6754 0
    endloop
  endfacet
  facet normal 0 0 -1
    outer loop
      vertex 13.731 19.2687 0
      vertex 13.8653 23.9178 0
      vertex 13.8653 20.0822 0
    endloop
  endfacet
  facet normal 0 0 -1
    outer loop
      vertex 13.731 19.2687 0
      vertex 13.731 24.7313 0
      vertex 13.8653 23.9178 0
    endloop
  endfacet
  facet normal 0 0 -1
    outer loop
      vertex 13.5438 18.4658 0
      vertex 13.731 24.7313 0
      vertex 13.731 19.2687 0
    endloop
  endfacet
  facet normal 0 0 -1
    outer loop
      vertex 13.5438 18.4658 0
      vertex 13.5438 25.5342 0
      vertex 13.731 24.7313 0
    endloop
  endfacet
  facet normal 0 0 -1
    outer loop
      vertex 13.4786 18.2304 0
      vertex 13.5438 25.5342 0
      vertex 13.5438 18.4658 0
    endloop
  endfacet
  facet normal 0 0 -1
    outer loop
      vertex 13.4786 18.2304 0
      vertex 13.4786 25.7696 0
      vertex 13.5438 25.5342 0
    endloop
  endfacet
  facet normal 0 0 -1
    outer loop
      vertex 13.3013 17.646 0
      vertex 13.4786 25.7696 0
      vertex 13.4786 18.2304 0
    endloop
  endfacet
  facet normal 0 0 -1
    outer loop
      vertex 13.3013 17.646 0
      vertex 13.3013 26.354 0
      vertex 13.4786 25.7696 0
    endloop
  endfacet
  facet normal 0 0 -1
    outer loop
      vertex 13.2247 17.4141 0
      vertex 13.3013 26.354 0
      vertex 13.3013 17.646 0
    endloop
  endfacet
  facet normal 0 0 -1
    outer loop
      vertex 13.2247 17.4141 0
      vertex 13.2247 26.5859 0
      vertex 13.3013 26.354 0
    endloop
  endfacet
  facet normal 0 0 -1
    outer loop
      vertex 12.9343 16.6424 0
      vertex 13.2247 26.5859 0
      vertex 13.2247 17.4141 0
    endloop
  endfacet
  facet normal 0 0 -1
    outer loop
      vertex 12.9343 16.6424 0
      vertex 12.9343 27.3576 0
      vertex 13.2247 26.5859 0
    endloop
  endfacet
  facet normal 0 0 -1
    outer loop
      vertex 12.594 15.8914 0
      vertex 12.9343 27.3576 0
      vertex 12.9343 16.6424 0
    endloop
  endfacet
  facet normal 0 0 -1
    outer loop
      vertex 12.594 15.8914 0
      vertex 12.594 28.1086 0
      vertex 12.9343 27.3576 0
    endloop
  endfacet
  facet normal 0 0 -1
    outer loop
      vertex 12.4842 15.6733 0
      vertex 12.594 28.1086 0
      vertex 12.594 15.8914 0
    endloop
  endfacet
  facet normal 0 0 -1
    outer loop
      vertex 12.4842 15.6733 0
      vertex 12.4842 28.3267 0
      vertex 12.594 28.1086 0
    endloop
  endfacet
  facet normal 0 0 -1
    outer loop
      vertex 12.1964 15.1347 0
      vertex 12.4842 28.3267 0
      vertex 12.4842 15.6733 0
    endloop
  endfacet
  facet normal 0 0 -1
    outer loop
      vertex 12.1964 15.1347 0
      vertex 12.1964 28.8653 0
      vertex 12.4842 28.3267 0
    endloop
  endfacet
  facet normal 0 0 -1
    outer loop
      vertex 12.076 14.9222 0
      vertex 12.1964 28.8653 0
      vertex 12.1964 15.1347 0
    endloop
  endfacet
  facet normal 0 0 -1
    outer loop
      vertex 12.076 14.9222 0
      vertex 12.076 29.0778 0
      vertex 12.1964 28.8653 0
    endloop
  endfacet
  facet normal 0 0 -1
    outer loop
      vertex 11.6406 14.222 0
      vertex 12.076 29.0778 0
      vertex 12.076 14.9222 0
    endloop
  endfacet
  facet normal 0 0 -1
    outer loop
      vertex 11.6406 14.222 0
      vertex 11.6406 29.778 0
      vertex 12.076 29.0778 0
    endloop
  endfacet
  facet normal 0 0 -1
    outer loop
      vertex 11.1603 13.5518 0
      vertex 11.6406 29.778 0
      vertex 11.6406 14.222 0
    endloop
  endfacet
  facet normal 0 0 -1
    outer loop
      vertex 11.1603 13.5518 0
      vertex 11.1603 30.4482 0
      vertex 11.6406 29.778 0
    endloop
  endfacet
  facet normal 0 0 -1
    outer loop
      vertex 11.0101 13.3593 0
      vertex 11.1603 30.4482 0
      vertex 11.1603 13.5518 0
    endloop
  endfacet
  facet normal 0 0 -1
    outer loop
      vertex 11.0101 13.3593 0
      vertex 11.0101 30.6407 0
      vertex 11.1603 30.4482 0
    endloop
  endfacet
  facet normal 0 0 -1
    outer loop
      vertex 10.707 12.99 0
      vertex 11.0101 30.6407 0
      vertex 11.0101 13.3593 0
    endloop
  endfacet
  facet normal -0 0 -1
    outer loop
      vertex 11.0101 30.6407 0
      vertex 10.707 12.99 0
      vertex 10.707 31.01 0
    endloop
  endfacet
  facet normal 0 0 -1
    outer loop
      vertex 10.707 31.01 0
      vertex 10.3733 31.4018 0
      vertex 10.7093 31.0123 0
    endloop
  endfacet
  facet normal 0 0 -1
    outer loop
      vertex 10.707 12.99 0
      vertex 5.175 22 0
      vertex 10.707 31.01 0
    endloop
  endfacet
  facet normal 0 0 -1
    outer loop
      vertex 3.65928 18.3407 0
      vertex 10.3733 12.5982 0
      vertex 9.89949 12.1005 0
    endloop
  endfacet
  facet normal 0 0 -1
    outer loop
      vertex 5.16392 22.3385 0
      vertex 10.707 31.01 0
      vertex 5.175 22 0
    endloop
  endfacet
  facet normal 0 0 -1
    outer loop
      vertex 3.65928 18.3407 0
      vertex 9.89949 12.1005 0
      vertex 9.40182 11.6267 0
    endloop
  endfacet
  facet normal 0 0 -1
    outer loop
      vertex 5.13073 22.6755 0
      vertex 10.707 31.01 0
      vertex 5.16392 22.3385 0
    endloop
  endfacet
  facet normal 0 0 -1
    outer loop
      vertex 9.00997 11.293 0
      vertex 9.40182 11.6267 0
      vertex 9.01228 11.2907 0
    endloop
  endfacet
  facet normal 0 0 -1
    outer loop
      vertex 5.07556 23.0096 0
      vertex 10.707 31.01 0
      vertex 5.13073 22.6755 0
    endloop
  endfacet
  facet normal 0 0 -1
    outer loop
      vertex 3.41211 18.1092 0
      vertex 9.40182 11.6267 0
      vertex 9.00997 11.293 0
    endloop
  endfacet
  facet normal 0 0 -1
    outer loop
      vertex 4.99867 23.3394 0
      vertex 10.707 31.01 0
      vertex 5.07556 23.0096 0
    endloop
  endfacet
  facet normal 0 0 -1
    outer loop
      vertex 3.15034 17.8944 0
      vertex 9.00997 11.293 0
      vertex 8.64071 10.9899 0
    endloop
  endfacet
  facet normal 0 0 -1
    outer loop
      vertex 4.90036 23.6634 0
      vertex 10.707 31.01 0
      vertex 4.99867 23.3394 0
    endloop
  endfacet
  facet normal 0 0 -1
    outer loop
      vertex 3.15034 17.8944 0
      vertex 8.64071 10.9899 0
      vertex 8.44816 10.8397 0
    endloop
  endfacet
  facet normal 0 0 -1
    outer loop
      vertex 9.40182 32.3733 0
      vertex 9.00997 32.707 0
      vertex 9.01228 32.7093 0
    endloop
  endfacet
  facet normal 0 0 -1
    outer loop
      vertex 2.87508 17.6971 0
      vertex 8.44816 10.8397 0
      vertex 7.77798 10.3594 0
    endloop
  endfacet
  facet normal 0 0 -1
    outer loop
      vertex 4.78108 23.9804 0
      vertex 10.707 31.01 0
      vertex 4.90036 23.6634 0
    endloop
  endfacet
  facet normal 0 0 -1
    outer loop
      vertex 2.87508 17.6971 0
      vertex 7.77798 10.3594 0
      vertex 7.07784 9.92405 0
    endloop
  endfacet
  facet normal 0 0 -1
    outer loop
      vertex 4.64132 24.2888 0
      vertex 10.707 31.01 0
      vertex 4.78108 23.9804 0
    endloop
  endfacet
  facet normal 0 0 -1
    outer loop
      vertex 2.5875 17.5183 0
      vertex 7.07784 9.92405 0
      vertex 6.8653 9.80364 0
    endloop
  endfacet
  facet normal 0 0 -1
    outer loop
      vertex 4.48168 24.5875 0
      vertex 10.707 31.01 0
      vertex 4.64132 24.2888 0
    endloop
  endfacet
  facet normal 0 0 -1
    outer loop
      vertex 2.5875 17.5183 0
      vertex 6.8653 9.80364 0
      vertex 6.32674 9.51578 0
    endloop
  endfacet
  facet normal 0 0 -1
    outer loop
      vertex 4.30285 24.8751 0
      vertex 10.707 31.01 0
      vertex 4.48168 24.5875 0
    endloop
  endfacet
  facet normal 0 0 -1
    outer loop
      vertex 2.28884 17.3587 0
      vertex 6.32674 9.51578 0
      vertex 6.10855 9.40595 0
    endloop
  endfacet
  facet normal 0 0 -1
    outer loop
      vertex 4.1056 25.1503 0
      vertex 10.707 31.01 0
      vertex 4.30285 24.8751 0
    endloop
  endfacet
  facet normal 0 0 -1
    outer loop
      vertex 1.98039 17.2189 0
      vertex 6.10855 9.40595 0
      vertex 5.35757 9.06569 0
    endloop
  endfacet
  facet normal 0 0 -1
    outer loop
      vertex 3.89077 25.4121 0
      vertex 10.707 31.01 0
      vertex 4.1056 25.1503 0
    endloop
  endfacet
  facet normal -0 0 -1
    outer loop
      vertex 10.707 31.01 0
      vertex 3.89077 25.4121 0
      vertex 10.3733 31.4018 0
    endloop
  endfacet
  facet normal 0 0 -1
    outer loop
      vertex 10.707 12.99 0
      vertex 5.16392 21.6615 0
      vertex 5.175 22 0
    endloop
  endfacet
  facet normal 0 0 -1
    outer loop
      vertex 10.707 12.99 0
      vertex 5.13073 21.3245 0
      vertex 5.16392 21.6615 0
    endloop
  endfacet
  facet normal 0 0 -1
    outer loop
      vertex 10.707 12.99 0
      vertex 5.07556 20.9904 0
      vertex 5.13073 21.3245 0
    endloop
  endfacet
  facet normal 0 0 -1
    outer loop
      vertex 10.707 12.99 0
      vertex 4.99867 20.6606 0
      vertex 5.07556 20.9904 0
    endloop
  endfacet
  facet normal 0 0 -1
    outer loop
      vertex 10.707 12.99 0
      vertex 4.90036 20.3366 0
      vertex 4.99867 20.6606 0
    endloop
  endfacet
  facet normal 0 0 -1
    outer loop
      vertex 10.707 12.99 0
      vertex 4.78108 20.0196 0
      vertex 4.90036 20.3366 0
    endloop
  endfacet
  facet normal 0 0 -1
    outer loop
      vertex 10.707 12.99 0
      vertex 4.64132 19.7112 0
      vertex 4.78108 20.0196 0
    endloop
  endfacet
  facet normal 0 0 -1
    outer loop
      vertex 1.98039 17.2189 0
      vertex 5.35757 9.06569 0
      vertex 4.58591 8.77526 0
    endloop
  endfacet
  facet normal 0 0 -1
    outer loop
      vertex 10.707 12.99 0
      vertex 4.48168 19.4125 0
      vertex 4.64132 19.7112 0
    endloop
  endfacet
  facet normal 0 0 -1
    outer loop
      vertex 1.66345 17.0996 0
      vertex 4.58591 8.77526 0
      vertex 4.35403 8.69865 0
    endloop
  endfacet
  facet normal 0 0 -1
    outer loop
      vertex 10.707 12.99 0
      vertex 4.30285 19.1249 0
      vertex 4.48168 19.4125 0
    endloop
  endfacet
  facet normal 0 0 -1
    outer loop
      vertex 10.707 12.99 0
      vertex 4.1056 18.8497 0
      vertex 4.30285 19.1249 0
    endloop
  endfacet
  facet normal 0 0 -1
    outer loop
      vertex 10.707 12.99 0
      vertex 3.89077 18.5879 0
      vertex 4.1056 18.8497 0
    endloop
  endfacet
  facet normal 0 0 -1
    outer loop
      vertex 1.66345 17.0996 0
      vertex 4.35403 8.69865 0
      vertex 3.7696 8.52137 0
    endloop
  endfacet
  facet normal 0 0 -1
    outer loop
      vertex 10.3733 12.5982 0
      vertex 3.65928 18.3407 0
      vertex 3.89077 18.5879 0
    endloop
  endfacet
  facet normal 0 0 -1
    outer loop
      vertex 1.33939 17.0013 0
      vertex 3.7696 8.52137 0
      vertex 3.53421 8.45623 0
    endloop
  endfacet
  facet normal 0 0 -1
    outer loop
      vertex 9.40182 11.6267 0
      vertex 3.41211 18.1092 0
      vertex 3.65928 18.3407 0
    endloop
  endfacet
  facet normal 0 0 -1
    outer loop
      vertex 9.00997 11.293 0
      vertex 3.15034 17.8944 0
      vertex 3.41211 18.1092 0
    endloop
  endfacet
  facet normal 0 0 -1
    outer loop
      vertex 8.44816 10.8397 0
      vertex 2.87508 17.6971 0
      vertex 3.15034 17.8944 0
    endloop
  endfacet
  facet normal 0 0 -1
    outer loop
      vertex 1.00959 16.9244 0
      vertex 3.53421 8.45623 0
      vertex 2.73126 8.26901 0
    endloop
  endfacet
  facet normal 0 0 -1
    outer loop
      vertex 7.07784 9.92405 0
      vertex 2.5875 17.5183 0
      vertex 2.87508 17.6971 0
    endloop
  endfacet
  facet normal 0 0 -1
    outer loop
      vertex 6.32674 9.51578 0
      vertex 2.28884 17.3587 0
      vertex 2.5875 17.5183 0
    endloop
  endfacet
  facet normal 0 0 -1
    outer loop
      vertex 6.10855 9.40595 0
      vertex 1.98039 17.2189 0
      vertex 2.28884 17.3587 0
    endloop
  endfacet
  facet normal 0 0 -1
    outer loop
      vertex 1.00959 16.9244 0
      vertex 2.73126 8.26901 0
      vertex 1.9178 8.1347 0
    endloop
  endfacet
  facet normal 0 0 -1
    outer loop
      vertex 0.675472 16.8693 0
      vertex 1.9178 8.1347 0
      vertex 1.67537 8.1048 0
    endloop
  endfacet
  facet normal 0 0 -1
    outer loop
      vertex 4.58591 8.77526 0
      vertex 1.66345 17.0996 0
      vertex 1.98039 17.2189 0
    endloop
  endfacet
  facet normal 0 0 -1
    outer loop
      vertex 3.7696 8.52137 0
      vertex 1.33939 17.0013 0
      vertex 1.66345 17.0996 0
    endloop
  endfacet
  facet normal 0 0 -1
    outer loop
      vertex 0.675472 16.8693 0
      vertex 1.67537 8.1048 0
      vertex 1.2 8.05798 0
    endloop
  endfacet
  facet normal 0 0 -1
    outer loop
      vertex 3.53421 8.45623 0
      vertex 1.00959 16.9244 0
      vertex 1.33939 17.0013 0
    endloop
  endfacet
  facet normal 0 0 -1
    outer loop
      vertex -4.1056 25.1503 0
      vertex -11.0101 30.6407 0
      vertex -10.707 31.01 0
    endloop
  endfacet
  facet normal -0 0 -1
    outer loop
      vertex -4.90036 20.3366 0
      vertex -13.257 17.4998 0
      vertex -4.99867 20.6606 0
    endloop
  endfacet
  facet normal 0 0 -1
    outer loop
      vertex -5.175 22 0
      vertex -11.1603 30.4482 0
      vertex -11.0101 30.6407 0
    endloop
  endfacet
  facet normal 0 0 -1
    outer loop
      vertex -13.523 18.3765 0
      vertex -4.99867 20.6606 0
      vertex -13.257 17.4998 0
    endloop
  endfacet
  facet normal 0 0 -1
    outer loop
      vertex -5.175 22 0
      vertex -11.6406 29.778 0
      vertex -11.1603 30.4482 0
    endloop
  endfacet
  facet normal 0 0 -1
    outer loop
      vertex -5.175 22 0
      vertex -12.076 29.0778 0
      vertex -11.6406 29.778 0
    endloop
  endfacet
  facet normal -0 0 -1
    outer loop
      vertex -4.99867 20.6606 0
      vertex -13.523 18.3765 0
      vertex -5.07556 20.9904 0
    endloop
  endfacet
  facet normal 0 0 -1
    outer loop
      vertex -5.175 22 0
      vertex -12.1813 28.8919 0
      vertex -12.076 29.0778 0
    endloop
  endfacet
  facet normal 0 0 -1
    outer loop
      vertex -13.731 19.2687 0
      vertex -5.07556 20.9904 0
      vertex -13.523 18.3765 0
    endloop
  endfacet
  facet normal 0 0 -1
    outer loop
      vertex -5.175 22 0
      vertex -12.5562 28.192 0
      vertex -12.1813 28.8919 0
    endloop
  endfacet
  facet normal -0 0 -1
    outer loop
      vertex -12.1813 28.8919 0
      vertex -12.5562 28.192 0
      vertex -12.182 28.8922 0
    endloop
  endfacet
  facet normal -0 0 -1
    outer loop
      vertex -5.07556 20.9904 0
      vertex -13.731 19.2687 0
      vertex -5.13073 21.3245 0
    endloop
  endfacet
  facet normal 0 0 -1
    outer loop
      vertex -5.175 22 0
      vertex -12.9343 27.3576 0
      vertex -12.5562 28.192 0
    endloop
  endfacet
  facet normal 0 0 -1
    outer loop
      vertex -13.8802 20.1726 0
      vertex -5.13073 21.3245 0
      vertex -13.731 19.2687 0
    endloop
  endfacet
  facet normal 0 0 -1
    outer loop
      vertex -5.175 22 0
      vertex -13.257 26.5002 0
      vertex -12.9343 27.3576 0
    endloop
  endfacet
  facet normal 0 0 -1
    outer loop
      vertex -13.942 20.8 0
      vertex -5.13073 21.3245 0
      vertex -13.8802 20.1726 0
    endloop
  endfacet
  facet normal 0 0 -1
    outer loop
      vertex -5.175 22 0
      vertex -13.523 25.6235 0
      vertex -13.257 26.5002 0
    endloop
  endfacet
  facet normal -0 0 -1
    outer loop
      vertex -5.13073 21.3245 0
      vertex -13.942 20.8 0
      vertex -5.16392 21.6615 0
    endloop
  endfacet
  facet normal 0 0 -1
    outer loop
      vertex -5.175 22 0
      vertex -13.731 24.7313 0
      vertex -13.523 25.6235 0
    endloop
  endfacet
  facet normal -0 0 -1
    outer loop
      vertex -5.16392 21.6615 0
      vertex -13.942 20.8 0
      vertex -5.175 22 0
    endloop
  endfacet
  facet normal 0 0 -1
    outer loop
      vertex -13.942 23.2 0
      vertex -5.175 22 0
      vertex -13.942 20.8 0
    endloop
  endfacet
  facet normal 0 -0 -1
    outer loop
      vertex -13.8802 23.8274 0
      vertex -5.175 22 0
      vertex -13.942 23.2 0
    endloop
  endfacet
  facet normal 0 0 -1
    outer loop
      vertex -5.175 22 0
      vertex -13.8802 23.8274 0
      vertex -13.731 24.7313 0
    endloop
  endfacet
  facet normal 0 0 -1
    outer loop
      vertex -54.0473 20.8 0
      vertex -13.942 23.2 0
      vertex -13.942 20.8 0
    endloop
  endfacet
  facet normal -0 0 -1
    outer loop
      vertex -13.942 23.2 0
      vertex -54.0473 20.8 0
      vertex -54.0473 23.2 0
    endloop
  endfacet
  facet normal 0 0 -1
    outer loop
      vertex -3.89077 25.4121 0
      vertex -10.707 31.01 0
      vertex -10.3733 31.4018 0
    endloop
  endfacet
  facet normal 0 0 -1
    outer loop
      vertex -10.3733 31.4018 0
      vertex -10.707 31.01 0
      vertex -10.7093 31.0123 0
    endloop
  endfacet
  facet normal 0 0 -1
    outer loop
      vertex -3.53421 35.5438 0
      vertex -1.00959 27.0756 0
      vertex -1.33939 26.9987 0
    endloop
  endfacet
  facet normal 0 0 -1
    outer loop
      vertex -3.7696 35.4786 0
      vertex -1.33939 26.9987 0
      vertex -1.66345 26.9004 0
    endloop
  endfacet
  facet normal 0 0 -1
    outer loop
      vertex -1.00959 27.0756 0
      vertex -1.67537 35.8952 0
      vertex -1.2 35.942 0
    endloop
  endfacet
  facet normal 0 0 -1
    outer loop
      vertex -1.00959 27.0756 0
      vertex -1.9178 35.8653 0
      vertex -1.67537 35.8952 0
    endloop
  endfacet
  facet normal 0 0 -1
    outer loop
      vertex -4.58591 35.2247 0
      vertex -1.66345 26.9004 0
      vertex -1.98039 26.7811 0
    endloop
  endfacet
  facet normal 0 0 -1
    outer loop
      vertex -6.10855 34.594 0
      vertex -1.98039 26.7811 0
      vertex -2.28884 26.6413 0
    endloop
  endfacet
  facet normal 0 0 -1
    outer loop
      vertex -6.32674 34.4842 0
      vertex -2.28884 26.6413 0
      vertex -2.5875 26.4817 0
    endloop
  endfacet
  facet normal 0 0 -1
    outer loop
      vertex -1.00959 27.0756 0
      vertex -2.73126 35.731 0
      vertex -1.9178 35.8653 0
    endloop
  endfacet
  facet normal 0 0 -1
    outer loop
      vertex -7.07784 34.076 0
      vertex -2.5875 26.4817 0
      vertex -2.87508 26.3029 0
    endloop
  endfacet
  facet normal 0 0 -1
    outer loop
      vertex -8.44816 33.1603 0
      vertex -2.87508 26.3029 0
      vertex -3.15034 26.1056 0
    endloop
  endfacet
  facet normal 0 0 -1
    outer loop
      vertex -9.00997 32.707 0
      vertex -3.15034 26.1056 0
      vertex -3.41211 25.8908 0
    endloop
  endfacet
  facet normal 0 0 -1
    outer loop
      vertex -1.00959 27.0756 0
      vertex -3.53421 35.5438 0
      vertex -2.73126 35.731 0
    endloop
  endfacet
  facet normal 0 0 -1
    outer loop
      vertex -9.40182 32.3733 0
      vertex -3.41211 25.8908 0
      vertex -3.65928 25.6593 0
    endloop
  endfacet
  facet normal 0 0 -1
    outer loop
      vertex -1.33939 26.9987 0
      vertex -3.7696 35.4786 0
      vertex -3.53421 35.5438 0
    endloop
  endfacet
  facet normal 0 0 -1
    outer loop
      vertex -10.3733 31.4018 0
      vertex -3.65928 25.6593 0
      vertex -3.89077 25.4121 0
    endloop
  endfacet
  facet normal 0 0 -1
    outer loop
      vertex -10.707 31.01 0
      vertex -3.89077 25.4121 0
      vertex -4.1056 25.1503 0
    endloop
  endfacet
  facet normal 0 0 -1
    outer loop
      vertex -11.0101 30.6407 0
      vertex -4.1056 25.1503 0
      vertex -4.30285 24.8751 0
    endloop
  endfacet
  facet normal 0 0 -1
    outer loop
      vertex -1.66345 26.9004 0
      vertex -4.35403 35.3013 0
      vertex -3.7696 35.4786 0
    endloop
  endfacet
  facet normal 0 0 -1
    outer loop
      vertex -11.0101 30.6407 0
      vertex -4.30285 24.8751 0
      vertex -4.48168 24.5875 0
    endloop
  endfacet
  facet normal 0 0 -1
    outer loop
      vertex -1.66345 26.9004 0
      vertex -4.58591 35.2247 0
      vertex -4.35403 35.3013 0
    endloop
  endfacet
  facet normal 0 0 -1
    outer loop
      vertex -11.0101 30.6407 0
      vertex -4.48168 24.5875 0
      vertex -4.64132 24.2888 0
    endloop
  endfacet
  facet normal 0 0 -1
    outer loop
      vertex -11.0101 30.6407 0
      vertex -4.64132 24.2888 0
      vertex -4.78108 23.9804 0
    endloop
  endfacet
  facet normal 0 0 -1
    outer loop
      vertex -11.0101 30.6407 0
      vertex -4.78108 23.9804 0
      vertex -4.90036 23.6634 0
    endloop
  endfacet
  facet normal 0 0 -1
    outer loop
      vertex -11.0101 30.6407 0
      vertex -4.90036 23.6634 0
      vertex -4.99867 23.3394 0
    endloop
  endfacet
  facet normal 0 0 -1
    outer loop
      vertex -11.0101 30.6407 0
      vertex -4.99867 23.3394 0
      vertex -5.07556 23.0096 0
    endloop
  endfacet
  facet normal 0 0 -1
    outer loop
      vertex -11.0101 30.6407 0
      vertex -5.07556 23.0096 0
      vertex -5.13073 22.6755 0
    endloop
  endfacet
  facet normal 0 0 -1
    outer loop
      vertex -11.0101 30.6407 0
      vertex -5.13073 22.6755 0
      vertex -5.16392 22.3385 0
    endloop
  endfacet
  facet normal 0 0 -1
    outer loop
      vertex -1.98039 26.7811 0
      vertex -5.35757 34.9343 0
      vertex -4.58591 35.2247 0
    endloop
  endfacet
  facet normal 0 0 -1
    outer loop
      vertex -11.0101 30.6407 0
      vertex -5.16392 22.3385 0
      vertex -5.175 22 0
    endloop
  endfacet
  facet normal 0 0 -1
    outer loop
      vertex -12.1244 15 0
      vertex -4.48168 19.4125 0
      vertex -11.6406 14.222 0
    endloop
  endfacet
  facet normal 0 0 -1
    outer loop
      vertex -1.98039 26.7811 0
      vertex -6.10855 34.594 0
      vertex -5.35757 34.9343 0
    endloop
  endfacet
  facet normal -0 0 -1
    outer loop
      vertex -4.48168 19.4125 0
      vertex -12.1244 15 0
      vertex -4.64132 19.7112 0
    endloop
  endfacet
  facet normal 0 0 -1
    outer loop
      vertex -2.28884 26.6413 0
      vertex -6.32674 34.4842 0
      vertex -6.10855 34.594 0
    endloop
  endfacet
  facet normal 0 0 -1
    outer loop
      vertex -2.5875 26.4817 0
      vertex -6.8653 34.1964 0
      vertex -6.32674 34.4842 0
    endloop
  endfacet
  facet normal 0 0 -1
    outer loop
      vertex -12.5562 15.808 0
      vertex -4.64132 19.7112 0
      vertex -12.1244 15 0
    endloop
  endfacet
  facet normal 0 0 -1
    outer loop
      vertex -2.5875 26.4817 0
      vertex -7.07784 34.076 0
      vertex -6.8653 34.1964 0
    endloop
  endfacet
  facet normal -0 0 -1
    outer loop
      vertex -4.64132 19.7112 0
      vertex -12.5562 15.808 0
      vertex -4.78108 20.0196 0
    endloop
  endfacet
  facet normal 0 0 -1
    outer loop
      vertex -2.87508 26.3029 0
      vertex -7.77798 33.6406 0
      vertex -7.07784 34.076 0
    endloop
  endfacet
  facet normal 0 0 -1
    outer loop
      vertex -2.87508 26.3029 0
      vertex -8.44816 33.1603 0
      vertex -7.77798 33.6406 0
    endloop
  endfacet
  facet normal 0 0 -1
    outer loop
      vertex -12.9343 16.6424 0
      vertex -4.78108 20.0196 0
      vertex -12.5562 15.808 0
    endloop
  endfacet
  facet normal 0 0 -1
    outer loop
      vertex -3.15034 26.1056 0
      vertex -8.64071 33.0101 0
      vertex -8.44816 33.1603 0
    endloop
  endfacet
  facet normal -0 0 -1
    outer loop
      vertex -4.78108 20.0196 0
      vertex -12.9343 16.6424 0
      vertex -4.90036 20.3366 0
    endloop
  endfacet
  facet normal 0 0 -1
    outer loop
      vertex -3.15034 26.1056 0
      vertex -9.00997 32.707 0
      vertex -8.64071 33.0101 0
    endloop
  endfacet
  facet normal 0 0 -1
    outer loop
      vertex -3.65928 25.6593 0
      vertex -9.89949 31.8995 0
      vertex -9.40182 32.3733 0
    endloop
  endfacet
  facet normal -0 0 -1
    outer loop
      vertex -9.00997 32.707 0
      vertex -9.40182 32.3733 0
      vertex -9.01228 32.7093 0
    endloop
  endfacet
  facet normal 0 0 -1
    outer loop
      vertex -3.41211 25.8908 0
      vertex -9.40182 32.3733 0
      vertex -9.00997 32.707 0
    endloop
  endfacet
  facet normal 0 0 -1
    outer loop
      vertex -3.65928 25.6593 0
      vertex -10.3733 31.4018 0
      vertex -9.89949 31.8995 0
    endloop
  endfacet
  facet normal 0 0 -1
    outer loop
      vertex -13.257 17.4998 0
      vertex -4.90036 20.3366 0
      vertex -12.9343 16.6424 0
    endloop
  endfacet
  facet normal 0 0 -1
    outer loop
      vertex -37.3687 -17.0657 0
      vertex -10.707 12.99 0
      vertex -9.00997 11.293 0
    endloop
  endfacet
  facet normal 0 0 -1
    outer loop
      vertex -10.707 12.99 0
      vertex -37.3687 -17.0657 0
      vertex -39.0657 -15.3687 0
    endloop
  endfacet
  facet normal 0 0 -1
    outer loop
      vertex 0.686947 8.01686 0
      vertex 1.2 8.05798 0
      vertex 1.2 8.05471 0
    endloop
  endfacet
  facet normal -0 0 -1
    outer loop
      vertex 1.2 8.05798 0
      vertex 0.686947 8.01686 0
      vertex 0.338461 16.8361 0
    endloop
  endfacet
  facet normal 0 0 -1
    outer loop
      vertex 1.9178 8.1347 0
      vertex 0.675472 16.8693 0
      vertex 1.00959 16.9244 0
    endloop
  endfacet
  facet normal 0 0 -1
    outer loop
      vertex 1.2 8.05798 0
      vertex 0.338461 16.8361 0
      vertex 0.675472 16.8693 0
    endloop
  endfacet
  facet normal 0 0 -1
    outer loop
      vertex 0 16.825 0
      vertex 0.686947 8.01686 0
      vertex 0 8 0
    endloop
  endfacet
  facet normal 0 0 -1
    outer loop
      vertex 0.686947 8.01686 0
      vertex 0 16.825 0
      vertex 0.338461 16.8361 0
    endloop
  endfacet
  facet normal 0 0 -1
    outer loop
      vertex -0.686947 8.01686 0
      vertex 0 16.825 0
      vertex 0 8 0
    endloop
  endfacet
  facet normal -0 0 -1
    outer loop
      vertex 0 16.825 0
      vertex -0.686947 8.01686 0
      vertex -0.338461 16.8361 0
    endloop
  endfacet
  facet normal 0 0 -1
    outer loop
      vertex -1.2 8.05798 0
      vertex -0.338461 16.8361 0
      vertex -0.686947 8.01686 0
    endloop
  endfacet
  facet normal -0 0 -1
    outer loop
      vertex -0.338461 16.8361 0
      vertex -1.2 8.05798 0
      vertex -0.675472 16.8693 0
    endloop
  endfacet
  facet normal 0 0 -1
    outer loop
      vertex -1.2 8.05798 0
      vertex -0.686947 8.01686 0
      vertex -1.2 8.05471 0
    endloop
  endfacet
  facet normal 0 0 -1
    outer loop
      vertex -1.67537 8.1048 0
      vertex -0.675472 16.8693 0
      vertex -1.2 8.05798 0
    endloop
  endfacet
  facet normal 0 0 -1
    outer loop
      vertex -1.9178 8.1347 0
      vertex -0.675472 16.8693 0
      vertex -1.67537 8.1048 0
    endloop
  endfacet
  facet normal -0 0 -1
    outer loop
      vertex -0.675472 16.8693 0
      vertex -1.9178 8.1347 0
      vertex -1.00959 16.9244 0
    endloop
  endfacet
  facet normal 0 0 -1
    outer loop
      vertex -2.73126 8.26901 0
      vertex -1.00959 16.9244 0
      vertex -1.9178 8.1347 0
    endloop
  endfacet
  facet normal 0 0 -1
    outer loop
      vertex -3.53421 8.45623 0
      vertex -1.00959 16.9244 0
      vertex -2.73126 8.26901 0
    endloop
  endfacet
  facet normal -0 0 -1
    outer loop
      vertex -1.00959 16.9244 0
      vertex -3.53421 8.45623 0
      vertex -1.33939 17.0013 0
    endloop
  endfacet
  facet normal 0 0 -1
    outer loop
      vertex -3.74021 8.51324 0
      vertex -1.33939 17.0013 0
      vertex -3.53421 8.45623 0
    endloop
  endfacet
  facet normal -0 0 -1
    outer loop
      vertex -1.33939 17.0013 0
      vertex -3.74021 8.51324 0
      vertex -1.66345 17.0996 0
    endloop
  endfacet
  facet normal 0 0 -1
    outer loop
      vertex -4.50015 8.74298 0
      vertex -1.66345 17.0996 0
      vertex -3.74021 8.51324 0
    endloop
  endfacet
  facet normal -0 0 -1
    outer loop
      vertex -1.66345 17.0996 0
      vertex -4.50015 8.74298 0
      vertex -1.98039 17.2189 0
    endloop
  endfacet
  facet normal 0 0 -1
    outer loop
      vertex -5.35757 9.06569 0
      vertex -1.98039 17.2189 0
      vertex -4.50015 8.74298 0
    endloop
  endfacet
  facet normal -0 0 -1
    outer loop
      vertex -1.98039 17.2189 0
      vertex -5.35757 9.06569 0
      vertex -2.28884 17.3587 0
    endloop
  endfacet
  facet normal 0 0 -1
    outer loop
      vertex -6.19204 9.44378 0
      vertex -2.28884 17.3587 0
      vertex -5.35757 9.06569 0
    endloop
  endfacet
  facet normal -0 0 -1
    outer loop
      vertex -2.28884 17.3587 0
      vertex -6.19204 9.44378 0
      vertex -2.5875 17.5183 0
    endloop
  endfacet
  facet normal 0 0 -1
    outer loop
      vertex -7 9.87564 0
      vertex -2.5875 17.5183 0
      vertex -6.19204 9.44378 0
    endloop
  endfacet
  facet normal 0 0 -1
    outer loop
      vertex -4.50015 8.74298 0
      vertex -3.74021 8.51324 0
      vertex -3.74041 8.51251 0
    endloop
  endfacet
  facet normal -0 0 -1
    outer loop
      vertex -2.5875 17.5183 0
      vertex -7 9.87564 0
      vertex -2.87508 17.6971 0
    endloop
  endfacet
  facet normal 0 0 -1
    outer loop
      vertex -7.77798 10.3594 0
      vertex -2.87508 17.6971 0
      vertex -7 9.87564 0
    endloop
  endfacet
  facet normal -0 0 -1
    outer loop
      vertex -2.87508 17.6971 0
      vertex -7.77798 10.3594 0
      vertex -3.15034 17.8944 0
    endloop
  endfacet
  facet normal 0 0 -1
    outer loop
      vertex -8.52266 10.8931 0
      vertex -3.15034 17.8944 0
      vertex -7.77798 10.3594 0
    endloop
  endfacet
  facet normal 0 0 -1
    outer loop
      vertex -9.00997 11.293 0
      vertex -3.15034 17.8944 0
      vertex -8.52266 10.8931 0
    endloop
  endfacet
  facet normal -0 0 -1
    outer loop
      vertex -3.15034 17.8944 0
      vertex -9.00997 11.293 0
      vertex -3.41211 18.1092 0
    endloop
  endfacet
  facet normal -0 0 -1
    outer loop
      vertex -3.41211 18.1092 0
      vertex -9.00997 11.293 0
      vertex -3.65928 18.3407 0
    endloop
  endfacet
  facet normal 0 0 -1
    outer loop
      vertex -10.707 12.99 0
      vertex -3.65928 18.3407 0
      vertex -9.00997 11.293 0
    endloop
  endfacet
  facet normal -0 0 -1
    outer loop
      vertex -3.65928 18.3407 0
      vertex -10.707 12.99 0
      vertex -3.89077 18.5879 0
    endloop
  endfacet
  facet normal -0 0 -1
    outer loop
      vertex -3.89077 18.5879 0
      vertex -10.707 12.99 0
      vertex -4.1056 18.8497 0
    endloop
  endfacet
  facet normal 0 0 -1
    outer loop
      vertex -11.1069 13.4773 0
      vertex -4.1056 18.8497 0
      vertex -10.707 12.99 0
    endloop
  endfacet
  facet normal -0 0 -1
    outer loop
      vertex -4.1056 18.8497 0
      vertex -11.1069 13.4773 0
      vertex -4.30285 19.1249 0
    endloop
  endfacet
  facet normal -0 0 -1
    outer loop
      vertex -4.30285 19.1249 0
      vertex -11.6406 14.222 0
      vertex -4.48168 19.4125 0
    endloop
  endfacet
  facet normal 0 0 -1
    outer loop
      vertex -11.6406 14.222 0
      vertex -4.30285 19.1249 0
      vertex -11.1069 13.4773 0
    endloop
  endfacet
  facet normal 0 0 -1
    outer loop
      vertex 3.65928 25.6593 0
      vertex 10.3733 31.4018 0
      vertex 3.89077 25.4121 0
    endloop
  endfacet
  facet normal -0 0 -1
    outer loop
      vertex 10.3733 31.4018 0
      vertex 3.65928 25.6593 0
      vertex 9.89949 31.8995 0
    endloop
  endfacet
  facet normal -0 0 -1
    outer loop
      vertex 9.89949 31.8995 0
      vertex 3.65928 25.6593 0
      vertex 9.40182 32.3733 0
    endloop
  endfacet
  facet normal 0 0 -1
    outer loop
      vertex 3.41211 25.8908 0
      vertex 9.40182 32.3733 0
      vertex 3.65928 25.6593 0
    endloop
  endfacet
  facet normal -0 0 -1
    outer loop
      vertex 9.40182 32.3733 0
      vertex 3.41211 25.8908 0
      vertex 9.00997 32.707 0
    endloop
  endfacet
  facet normal 0 0 -1
    outer loop
      vertex 3.15034 26.1056 0
      vertex 9.00997 32.707 0
      vertex 3.41211 25.8908 0
    endloop
  endfacet
  facet normal -0 0 -1
    outer loop
      vertex 9.00997 32.707 0
      vertex 3.15034 26.1056 0
      vertex 8.64071 33.0101 0
    endloop
  endfacet
  facet normal -0 0 -1
    outer loop
      vertex 8.64071 33.0101 0
      vertex 3.15034 26.1056 0
      vertex 8.44816 33.1603 0
    endloop
  endfacet
  facet normal 0 0 -1
    outer loop
      vertex 2.87508 26.3029 0
      vertex 8.44816 33.1603 0
      vertex 3.15034 26.1056 0
    endloop
  endfacet
  facet normal -0 0 -1
    outer loop
      vertex 8.44816 33.1603 0
      vertex 2.87508 26.3029 0
      vertex 7.77798 33.6406 0
    endloop
  endfacet
  facet normal -0 0 -1
    outer loop
      vertex 7.77798 33.6406 0
      vertex 2.87508 26.3029 0
      vertex 7.07784 34.076 0
    endloop
  endfacet
  facet normal 0 0 -1
    outer loop
      vertex 2.5875 26.4817 0
      vertex 7.07784 34.076 0
      vertex 2.87508 26.3029 0
    endloop
  endfacet
  facet normal -0 0 -1
    outer loop
      vertex 7.07784 34.076 0
      vertex 2.5875 26.4817 0
      vertex 6.8653 34.1964 0
    endloop
  endfacet
  facet normal -0 0 -1
    outer loop
      vertex 6.8653 34.1964 0
      vertex 2.5875 26.4817 0
      vertex 6.32674 34.4842 0
    endloop
  endfacet
  facet normal 0 0 -1
    outer loop
      vertex 2.28884 26.6413 0
      vertex 6.32674 34.4842 0
      vertex 2.5875 26.4817 0
    endloop
  endfacet
  facet normal -0 0 -1
    outer loop
      vertex 6.32674 34.4842 0
      vertex 2.28884 26.6413 0
      vertex 6.10855 34.594 0
    endloop
  endfacet
  facet normal 0 0 -1
    outer loop
      vertex 1.98039 26.7811 0
      vertex 6.10855 34.594 0
      vertex 2.28884 26.6413 0
    endloop
  endfacet
  facet normal -0 0 -1
    outer loop
      vertex 6.10855 34.594 0
      vertex 1.98039 26.7811 0
      vertex 5.35757 34.9343 0
    endloop
  endfacet
  facet normal -0 0 -1
    outer loop
      vertex 5.35757 34.9343 0
      vertex 1.98039 26.7811 0
      vertex 4.58591 35.2247 0
    endloop
  endfacet
  facet normal 0 0 -1
    outer loop
      vertex 1.66345 26.9004 0
      vertex 4.58591 35.2247 0
      vertex 1.98039 26.7811 0
    endloop
  endfacet
  facet normal -0 0 -1
    outer loop
      vertex 4.58591 35.2247 0
      vertex 1.66345 26.9004 0
      vertex 4.35403 35.3013 0
    endloop
  endfacet
  facet normal -0 0 -1
    outer loop
      vertex 4.35403 35.3013 0
      vertex 1.66345 26.9004 0
      vertex 3.7696 35.4786 0
    endloop
  endfacet
  facet normal 0 0 -1
    outer loop
      vertex 1.33939 26.9987 0
      vertex 3.7696 35.4786 0
      vertex 1.66345 26.9004 0
    endloop
  endfacet
  facet normal -0 0 -1
    outer loop
      vertex 3.7696 35.4786 0
      vertex 1.33939 26.9987 0
      vertex 3.53421 35.5438 0
    endloop
  endfacet
  facet normal 0 0 -1
    outer loop
      vertex 1.00959 27.0756 0
      vertex 3.53421 35.5438 0
      vertex 1.33939 26.9987 0
    endloop
  endfacet
  facet normal -0 0 -1
    outer loop
      vertex 3.53421 35.5438 0
      vertex 1.00959 27.0756 0
      vertex 2.73126 35.731 0
    endloop
  endfacet
  facet normal -0 0 -1
    outer loop
      vertex 2.73126 35.731 0
      vertex 1.00959 27.0756 0
      vertex 1.9178 35.8653 0
    endloop
  endfacet
  facet normal 0 0 -1
    outer loop
      vertex 0.675472 27.1307 0
      vertex 1.9178 35.8653 0
      vertex 1.00959 27.0756 0
    endloop
  endfacet
  facet normal -0 0 -1
    outer loop
      vertex 1.9178 35.8653 0
      vertex 0.675472 27.1307 0
      vertex 1.67537 35.8952 0
    endloop
  endfacet
  facet normal -0 0 -1
    outer loop
      vertex 1.67537 35.8952 0
      vertex 0.675472 27.1307 0
      vertex 1.2 35.942 0
    endloop
  endfacet
  facet normal 0 0 -1
    outer loop
      vertex 0.338461 27.1639 0
      vertex 1.2 35.942 0
      vertex 0.675472 27.1307 0
    endloop
  endfacet
  facet normal 0 -0 -1
    outer loop
      vertex 0.686947 35.9831 0
      vertex 1.2 35.942 0
      vertex 0.338461 27.1639 0
    endloop
  endfacet
  facet normal 0 0 -1
    outer loop
      vertex 1.2 35.942 0
      vertex 0.686947 35.9831 0
      vertex 1.2 35.9453 0
    endloop
  endfacet
  facet normal 0 0 -1
    outer loop
      vertex 0 27.175 0
      vertex 0.686947 35.9831 0
      vertex 0.338461 27.1639 0
    endloop
  endfacet
  facet normal 0 0 -1
    outer loop
      vertex 0 27.175 0
      vertex 0 36 0
      vertex 0.686947 35.9831 0
    endloop
  endfacet
  facet normal 0 0 -1
    outer loop
      vertex -0.686947 35.9831 0
      vertex 0 27.175 0
      vertex -0.338461 27.1639 0
    endloop
  endfacet
  facet normal 0 0 -1
    outer loop
      vertex -1.2 35.942 0
      vertex -0.338461 27.1639 0
      vertex -0.675472 27.1307 0
    endloop
  endfacet
  facet normal 0 0 -1
    outer loop
      vertex 0 27.175 0
      vertex -0.686947 35.9831 0
      vertex 0 36 0
    endloop
  endfacet
  facet normal 0 0 -1
    outer loop
      vertex -1.2 35.942 0
      vertex -0.675472 27.1307 0
      vertex -1.00959 27.0756 0
    endloop
  endfacet
  facet normal 0 0 -1
    outer loop
      vertex -0.338461 27.1639 0
      vertex -1.2 35.942 0
      vertex -0.686947 35.9831 0
    endloop
  endfacet
  facet normal 0 0 -1
    outer loop
      vertex -0.686947 35.9831 0
      vertex -1.2 35.942 0
      vertex -1.2 35.9453 0
    endloop
  endfacet
  facet normal -1 0 0
    outer loop
      vertex -1.2 35.942 0
      vertex -1.2 35.9453 14
      vertex -1.2 35.9453 0
    endloop
  endfacet
  facet normal -1 -0 0
    outer loop
      vertex -1.2 35.9453 14
      vertex -1.2 35.942 0
      vertex -1.2 35.942 14
    endloop
  endfacet
  facet normal 1 -0 0
    outer loop
      vertex 1.2 35.942 14
      vertex 1.2 35.9453 0
      vertex 1.2 35.9453 14
    endloop
  endfacet
  facet normal 1 0 0
    outer loop
      vertex 1.2 35.9453 0
      vertex 1.2 35.942 14
      vertex 1.2 35.942 0
    endloop
  endfacet
  facet normal -0.707107 -0.707107 0
    outer loop
      vertex -10.7093 31.0123 0
      vertex -10.707 31.01 14
      vertex -10.7093 31.0123 14
    endloop
  endfacet
  facet normal -0.707107 -0.707107 -0
    outer loop
      vertex -10.707 31.01 14
      vertex -10.7093 31.0123 0
      vertex -10.707 31.01 0
    endloop
  endfacet
  facet normal 0.705571 0.708639 0
    outer loop
      vertex -9.00997 32.707 14
      vertex -9.01228 32.7093 0
      vertex -9.01228 32.7093 14
    endloop
  endfacet
  facet normal 0.705571 0.708639 0
    outer loop
      vertex -9.01228 32.7093 0
      vertex -9.00997 32.707 14
      vertex -9.00997 32.707 0
    endloop
  endfacet
  facet normal -1 0 0
    outer loop
      vertex -56.3 20.8 2.25274
      vertex -56.3 23.2 14
      vertex -56.3 23.2 2.25274
    endloop
  endfacet
  facet normal -1 -0 0
    outer loop
      vertex -56.3 23.2 14
      vertex -56.3 20.8 2.25274
      vertex -56.3 20.8 14
    endloop
  endfacet
  facet normal 0 -1 0
    outer loop
      vertex -54.0473 20.8 0
      vertex -56.3 20.8 14
      vertex -56.3 20.8 2.25274
    endloop
  endfacet
  facet normal 0 -1 0
    outer loop
      vertex -56.3 20.8 14
      vertex -54.0473 20.8 0
      vertex -13.942 20.8 14
    endloop
  endfacet
  facet normal 0 -1 -0
    outer loop
      vertex -13.942 20.8 14
      vertex -54.0473 20.8 0
      vertex -13.942 20.8 0
    endloop
  endfacet
  facet normal 0 1 -0
    outer loop
      vertex -54.0473 23.2 0
      vertex -56.3 23.2 14
      vertex -13.942 23.2 14
    endloop
  endfacet
  facet normal 0 1 0
    outer loop
      vertex -54.0473 23.2 0
      vertex -13.942 23.2 14
      vertex -13.942 23.2 0
    endloop
  endfacet
  facet normal 0 1 0
    outer loop
      vertex -56.3 23.2 14
      vertex -54.0473 23.2 0
      vertex -56.3 23.2 2.25274
    endloop
  endfacet
  facet normal -0.707113 0 -0.707101
    outer loop
      vertex -56.3 20.8 2.25274
      vertex -54.0473 23.2 0
      vertex -54.0473 20.8 0
    endloop
  endfacet
  facet normal -0.707113 0 -0.707101
    outer loop
      vertex -54.0473 23.2 0
      vertex -56.3 20.8 2.25274
      vertex -56.3 23.2 2.25274
    endloop
  endfacet
  facet normal -0.707107 -0.707107 0
    outer loop
      vertex -38.9616 -18.6586 2.25274
      vertex -40.6586 -16.9616 14
      vertex -40.6586 -16.9616 2.25274
    endloop
  endfacet
  facet normal -0.707107 -0.707107 0
    outer loop
      vertex -40.6586 -16.9616 14
      vertex -38.9616 -18.6586 2.25274
      vertex -38.9616 -18.6586 14
    endloop
  endfacet
  facet normal 0.707106 -0.707107 0
    outer loop
      vertex -9.00997 11.293 14
      vertex -37.3687 -17.0657 0
      vertex -9.00997 11.293 0
    endloop
  endfacet
  facet normal 0.707106 -0.707107 -8.05836e-08
    outer loop
      vertex -38.9616 -18.6586 14
      vertex -37.3687 -17.0657 0
      vertex -9.00997 11.293 14
    endloop
  endfacet
  facet normal 0.707107 -0.707107 0
    outer loop
      vertex -37.3687 -17.0657 0
      vertex -38.9616 -18.6586 14
      vertex -38.9616 -18.6586 2.25274
    endloop
  endfacet
  facet normal -0.707107 0.707107 0
    outer loop
      vertex -39.0657 -15.3687 0
      vertex -10.707 12.99 14
      vertex -10.707 12.99 0
    endloop
  endfacet
  facet normal -0.707107 0.707107 0
    outer loop
      vertex -40.6586 -16.9616 14
      vertex -39.0657 -15.3687 0
      vertex -40.6586 -16.9616 2.25274
    endloop
  endfacet
  facet normal -0.707107 0.707107 0
    outer loop
      vertex -39.0657 -15.3687 0
      vertex -40.6586 -16.9616 14
      vertex -10.707 12.99 14
    endloop
  endfacet
  facet normal -0.500004 -0.500004 -0.707101
    outer loop
      vertex -38.9616 -18.6586 2.25274
      vertex -39.0657 -15.3687 0
      vertex -37.3687 -17.0657 0
    endloop
  endfacet
  facet normal -0.500004 -0.500004 -0.707101
    outer loop
      vertex -39.0657 -15.3687 0
      vertex -38.9616 -18.6586 2.25274
      vertex -40.6586 -16.9616 2.25274
    endloop
  endfacet
  facet normal 1 -0 0
    outer loop
      vertex 1.2 8.05471 14
      vertex 1.2 8.05798 0
      vertex 1.2 8.05798 14
    endloop
  endfacet
  facet normal 1 0 0
    outer loop
      vertex 1.2 8.05798 0
      vertex 1.2 8.05471 14
      vertex 1.2 8.05471 0
    endloop
  endfacet
  facet normal -1 0 0
    outer loop
      vertex -1.2 8.05471 0
      vertex -1.2 8.05798 14
      vertex -1.2 8.05798 0
    endloop
  endfacet
  facet normal -1 -0 0
    outer loop
      vertex -1.2 8.05798 14
      vertex -1.2 8.05471 0
      vertex -1.2 8.05471 14
    endloop
  endfacet
  facet normal 0.707107 0.707107 0
    outer loop
      vertex 10.7093 12.9877 14
      vertex 10.707 12.99 0
      vertex 10.707 12.99 14
    endloop
  endfacet
  facet normal 0.707107 0.707107 0
    outer loop
      vertex 10.707 12.99 0
      vertex 10.7093 12.9877 14
      vertex 10.7093 12.9877 0
    endloop
  endfacet
  facet normal -0.705571 -0.708639 0
    outer loop
      vertex 9.01228 11.2907 0
      vertex 9.00997 11.293 14
      vertex 9.00997 11.293 0
    endloop
  endfacet
  facet normal -0.705571 -0.708639 0
    outer loop
      vertex 9.00997 11.293 14
      vertex 9.01228 11.2907 0
      vertex 9.01228 11.2907 14
    endloop
  endfacet
  facet normal 0 1 -0
    outer loop
      vertex 13.9453 23.2 0
      vertex 13.942 23.2 14
      vertex 13.9453 23.2 14
    endloop
  endfacet
  facet normal 0 1 0
    outer loop
      vertex 13.942 23.2 14
      vertex 13.9453 23.2 0
      vertex 13.942 23.2 0
    endloop
  endfacet
  facet normal 0 -1 0
    outer loop
      vertex 13.942 20.8 0
      vertex 13.9453 20.8 14
      vertex 13.942 20.8 14
    endloop
  endfacet
  facet normal 0 -1 -0
    outer loop
      vertex 13.9453 20.8 14
      vertex 13.942 20.8 0
      vertex 13.9453 20.8 0
    endloop
  endfacet
  facet normal -0.705571 0.708639 0
    outer loop
      vertex 9.00997 32.707 0
      vertex 9.01228 32.7093 14
      vertex 9.01228 32.7093 0
    endloop
  endfacet
  facet normal -0.705571 0.708639 0
    outer loop
      vertex 9.01228 32.7093 14
      vertex 9.00997 32.707 0
      vertex 9.00997 32.707 14
    endloop
  endfacet
  facet normal 0.707107 -0.707107 0
    outer loop
      vertex 10.707 31.01 0
      vertex 10.7093 31.0123 14
      vertex 10.707 31.01 14
    endloop
  endfacet
  facet normal 0.707107 -0.707107 0
    outer loop
      vertex 10.7093 31.0123 14
      vertex 10.707 31.01 0
      vertex 10.7093 31.0123 0
    endloop
  endfacet
  facet normal 0.352216 0.935919 -0
    outer loop
      vertex 5.35757 34.9343 0
      vertex 4.58591 35.2247 14
      vertex 5.35757 34.9343 14
    endloop
  endfacet
  facet normal 0.352216 0.935919 0
    outer loop
      vertex 4.58591 35.2247 14
      vertex 5.35757 34.9343 0
      vertex 4.58591 35.2247 0
    endloop
  endfacet
  facet normal 0.634464 0.772953 -0
    outer loop
      vertex 9.00997 32.707 0
      vertex 8.64071 33.0101 14
      vertex 9.00997 32.707 14
    endloop
  endfacet
  facet normal 0.634464 0.772953 0
    outer loop
      vertex 8.64071 33.0101 14
      vertex 9.00997 32.707 0
      vertex 8.64071 33.0101 0
    endloop
  endfacet
  facet normal -0.097976 0.995189 0
    outer loop
      vertex -1.2 35.942 0
      vertex -1.67537 35.8952 14
      vertex -1.2 35.942 14
    endloop
  endfacet
  facet normal -0.097976 0.995189 0
    outer loop
      vertex -1.67537 35.8952 14
      vertex -1.2 35.942 0
      vertex -1.67537 35.8952 0
    endloop
  endfacet
  facet normal -0.52809 0.849189 0
    outer loop
      vertex -7.07784 34.076 0
      vertex -7.77798 33.6406 14
      vertex -7.07784 34.076 14
    endloop
  endfacet
  facet normal -0.52809 0.849189 0
    outer loop
      vertex -7.77798 33.6406 14
      vertex -7.07784 34.076 0
      vertex -7.77798 33.6406 0
    endloop
  endfacet
  facet normal -0.849209 0.528057 0
    outer loop
      vertex -12.076 29.0778 0
      vertex -11.6406 29.778 14
      vertex -11.6406 29.778 0
    endloop
  endfacet
  facet normal -0.849209 0.528057 0
    outer loop
      vertex -11.6406 29.778 14
      vertex -12.076 29.0778 0
      vertex -12.076 29.0778 14
    endloop
  endfacet
  facet normal -0.812818 -0.582518 0
    outer loop
      vertex -11.1069 13.4773 0
      vertex -11.6406 14.222 14
      vertex -11.6406 14.222 0
    endloop
  endfacet
  facet normal -0.812818 -0.582518 0
    outer loop
      vertex -11.6406 14.222 14
      vertex -11.1069 13.4773 0
      vertex -11.1069 13.4773 14
    endloop
  endfacet
  facet normal 0.986645 -0.162884 0
    outer loop
      vertex 13.731 19.2687 14
      vertex 13.8653 20.0822 0
      vertex 13.8653 20.0822 14
    endloop
  endfacet
  facet normal 0.986645 -0.162884 0
    outer loop
      vertex 13.8653 20.0822 0
      vertex 13.731 19.2687 14
      vertex 13.731 19.2687 0
    endloop
  endfacet
  facet normal 0.0980174 -0.995185 0
    outer loop
      vertex 1.2 8.05798 0
      vertex 1.67537 8.1048 14
      vertex 1.2 8.05798 14
    endloop
  endfacet
  facet normal 0.0980174 -0.995185 0
    outer loop
      vertex 1.67537 8.1048 14
      vertex 1.2 8.05798 0
      vertex 1.67537 8.1048 0
    endloop
  endfacet
  facet normal 0.97388 0.227065 0
    outer loop
      vertex 13.731 24.7313 14
      vertex 13.5438 25.5342 0
      vertex 13.5438 25.5342 14
    endloop
  endfacet
  facet normal 0.97388 0.227065 0
    outer loop
      vertex 13.5438 25.5342 0
      vertex 13.731 24.7313 14
      vertex 13.731 24.7313 0
    endloop
  endfacet
  facet normal 0.52809 0.849189 -0
    outer loop
      vertex 7.77798 33.6406 0
      vertex 7.07784 34.076 14
      vertex 7.77798 33.6406 14
    endloop
  endfacet
  facet normal 0.52809 0.849189 0
    outer loop
      vertex 7.07784 34.076 14
      vertex 7.77798 33.6406 0
      vertex 7.07784 34.076 0
    endloop
  endfacet
  facet normal -0.227074 -0.973877 0
    outer loop
      vertex -3.53421 8.45623 0
      vertex -2.73126 8.26901 14
      vertex -3.53421 8.45623 14
    endloop
  endfacet
  facet normal -0.227074 -0.973877 -0
    outer loop
      vertex -2.73126 8.26901 14
      vertex -3.53421 8.45623 0
      vertex -2.73126 8.26901 0
    endloop
  endfacet
  facet normal 0.227074 -0.973877 0
    outer loop
      vertex 2.73126 8.26901 0
      vertex 3.53421 8.45623 14
      vertex 2.73126 8.26901 14
    endloop
  endfacet
  facet normal 0.227074 -0.973877 0
    outer loop
      vertex 3.53421 8.45623 14
      vertex 2.73126 8.26901 0
      vertex 3.53421 8.45623 0
    endloop
  endfacet
  facet normal -0.910848 -0.412742 0
    outer loop
      vertex -12.5562 15.808 0
      vertex -12.9343 16.6424 14
      vertex -12.9343 16.6424 0
    endloop
  endfacet
  facet normal -0.910848 -0.412742 0
    outer loop
      vertex -12.9343 16.6424 14
      vertex -12.5562 15.808 0
      vertex -12.5562 15.808 14
    endloop
  endfacet
  facet normal -0.986649 -0.162859 0
    outer loop
      vertex -13.731 19.2687 0
      vertex -13.8802 20.1726 14
      vertex -13.8802 20.1726 0
    endloop
  endfacet
  facet normal -0.986649 -0.162859 0
    outer loop
      vertex -13.8802 20.1726 14
      vertex -13.731 19.2687 0
      vertex -13.731 19.2687 14
    endloop
  endfacet
  facet normal -0.956923 0.290341 0
    outer loop
      vertex -13.523 25.6235 0
      vertex -13.257 26.5002 14
      vertex -13.257 26.5002 0
    endloop
  endfacet
  facet normal -0.956923 0.290341 0
    outer loop
      vertex -13.257 26.5002 14
      vertex -13.523 25.6235 0
      vertex -13.523 25.6235 14
    endloop
  endfacet
  facet normal -0.412704 -0.910865 0
    outer loop
      vertex -6.19204 9.44378 0
      vertex -5.35757 9.06569 14
      vertex -6.19204 9.44378 14
    endloop
  endfacet
  facet normal -0.412704 -0.910865 -0
    outer loop
      vertex -5.35757 9.06569 14
      vertex -6.19204 9.44378 0
      vertex -5.35757 9.06569 0
    endloop
  endfacet
  facet normal 0.412743 0.910848 -0
    outer loop
      vertex 6.10855 34.594 0
      vertex 5.35757 34.9343 14
      vertex 6.10855 34.594 14
    endloop
  endfacet
  facet normal 0.412743 0.910848 0
    outer loop
      vertex 5.35757 34.9343 14
      vertex 6.10855 34.594 0
      vertex 5.35757 34.9343 0
    endloop
  endfacet
  facet normal 0.910852 0.412734 0
    outer loop
      vertex 12.9343 27.3576 14
      vertex 12.594 28.1086 0
      vertex 12.594 28.1086 14
    endloop
  endfacet
  facet normal 0.910852 0.412734 0
    outer loop
      vertex 12.594 28.1086 0
      vertex 12.9343 27.3576 14
      vertex 12.9343 27.3576 0
    endloop
  endfacet
  facet normal 0.290277 -0.956943 0
    outer loop
      vertex 3.7696 8.52137 0
      vertex 4.35403 8.69865 14
      vertex 3.7696 8.52137 14
    endloop
  endfacet
  facet normal 0.290277 -0.956943 0
    outer loop
      vertex 4.35403 8.69865 14
      vertex 3.7696 8.52137 0
      vertex 4.35403 8.69865 0
    endloop
  endfacet
  facet normal 0.290307 0.956933 -0
    outer loop
      vertex 4.35403 35.3013 0
      vertex 3.7696 35.4786 14
      vertex 4.35403 35.3013 14
    endloop
  endfacet
  facet normal 0.290307 0.956933 0
    outer loop
      vertex 3.7696 35.4786 14
      vertex 4.35403 35.3013 0
      vertex 3.7696 35.4786 0
    endloop
  endfacet
  facet normal -0.634464 0.772953 0
    outer loop
      vertex -8.64071 33.0101 0
      vertex -9.00997 32.707 14
      vertex -8.64071 33.0101 14
    endloop
  endfacet
  facet normal -0.634464 0.772953 0
    outer loop
      vertex -9.00997 32.707 14
      vertex -8.64071 33.0101 0
      vertex -9.00997 32.707 0
    endloop
  endfacet
  facet normal -0.162892 0.986644 0
    outer loop
      vertex -1.9178 35.8653 0
      vertex -2.73126 35.731 14
      vertex -1.9178 35.8653 14
    endloop
  endfacet
  facet normal -0.162892 0.986644 0
    outer loop
      vertex -2.73126 35.731 14
      vertex -1.9178 35.8653 0
      vertex -2.73126 35.731 0
    endloop
  endfacet
  facet normal -0.528053 -0.849212 0
    outer loop
      vertex -7.77798 10.3594 0
      vertex -7 9.87564 14
      vertex -7.77798 10.3594 14
    endloop
  endfacet
  facet normal -0.528053 -0.849212 -0
    outer loop
      vertex -7 9.87564 14
      vertex -7.77798 10.3594 0
      vertex -7 9.87564 0
    endloop
  endfacet
  facet normal -0.227051 0.973883 0
    outer loop
      vertex -2.73126 35.731 0
      vertex -3.53421 35.5438 14
      vertex -2.73126 35.731 14
    endloop
  endfacet
  facet normal -0.227051 0.973883 0
    outer loop
      vertex -3.53421 35.5438 14
      vertex -2.73126 35.731 0
      vertex -3.53421 35.5438 0
    endloop
  endfacet
  facet normal -0.162904 -0.986642 0
    outer loop
      vertex -2.73126 8.26901 0
      vertex -1.9178 8.1347 14
      vertex -2.73126 8.26901 14
    endloop
  endfacet
  facet normal -0.162904 -0.986642 -0
    outer loop
      vertex -1.9178 8.1347 14
      vertex -2.73126 8.26901 0
      vertex -1.9178 8.1347 0
    endloop
  endfacet
  facet normal 0.471389 -0.881926 0
    outer loop
      vertex 6.32674 9.51578 0
      vertex 6.8653 9.80364 14
      vertex 6.32674 9.51578 14
    endloop
  endfacet
  facet normal 0.471389 -0.881926 0
    outer loop
      vertex 6.8653 9.80364 14
      vertex 6.32674 9.51578 0
      vertex 6.8653 9.80364 0
    endloop
  endfacet
  facet normal -0.290307 0.956933 0
    outer loop
      vertex -3.7696 35.4786 0
      vertex -4.35403 35.3013 14
      vertex -3.7696 35.4786 14
    endloop
  endfacet
  facet normal -0.290307 0.956933 0
    outer loop
      vertex -4.35403 35.3013 14
      vertex -3.7696 35.4786 0
      vertex -4.35403 35.3013 0
    endloop
  endfacet
  facet normal -0.471312 0.881966 0
    outer loop
      vertex -6.32674 34.4842 0
      vertex -6.8653 34.1964 14
      vertex -6.32674 34.4842 14
    endloop
  endfacet
  facet normal -0.471312 0.881966 0
    outer loop
      vertex -6.8653 34.1964 14
      vertex -6.32674 34.4842 0
      vertex -6.8653 34.1964 0
    endloop
  endfacet
  facet normal -0.412743 0.910848 0
    outer loop
      vertex -5.35757 34.9343 0
      vertex -6.10855 34.594 14
      vertex -5.35757 34.9343 14
    endloop
  endfacet
  facet normal -0.412743 0.910848 0
    outer loop
      vertex -6.10855 34.594 14
      vertex -5.35757 34.9343 0
      vertex -6.10855 34.594 0
    endloop
  endfacet
  facet normal 0.162904 -0.986642 0
    outer loop
      vertex 1.9178 8.1347 0
      vertex 2.73126 8.26901 14
      vertex 1.9178 8.1347 14
    endloop
  endfacet
  facet normal 0.162904 -0.986642 0
    outer loop
      vertex 2.73126 8.26901 14
      vertex 1.9178 8.1347 0
      vertex 2.73126 8.26901 0
    endloop
  endfacet
  facet normal 0.812823 0.582511 0
    outer loop
      vertex 11.6406 29.778 14
      vertex 11.1603 30.4482 0
      vertex 11.1603 30.4482 14
    endloop
  endfacet
  facet normal 0.812823 0.582511 0
    outer loop
      vertex 11.1603 30.4482 0
      vertex 11.6406 29.778 14
      vertex 11.6406 29.778 0
    endloop
  endfacet
  facet normal 0.935925 -0.3522 0
    outer loop
      vertex 12.9343 16.6424 14
      vertex 13.2247 17.4141 0
      vertex 13.2247 17.4141 14
    endloop
  endfacet
  facet normal 0.935925 -0.3522 0
    outer loop
      vertex 13.2247 17.4141 0
      vertex 12.9343 16.6424 14
      vertex 12.9343 16.6424 0
    endloop
  endfacet
  facet normal -0.35225 -0.935906 0
    outer loop
      vertex -5.35757 9.06569 0
      vertex -4.50015 8.74298 14
      vertex -5.35757 9.06569 14
    endloop
  endfacet
  facet normal -0.35225 -0.935906 -0
    outer loop
      vertex -4.50015 8.74298 14
      vertex -5.35757 9.06569 0
      vertex -4.50015 8.74298 0
    endloop
  endfacet
  facet normal -0.910848 0.412742 0
    outer loop
      vertex -12.9343 27.3576 0
      vertex -12.5562 28.192 14
      vertex -12.5562 28.192 0
    endloop
  endfacet
  facet normal -0.910848 0.412742 0
    outer loop
      vertex -12.5562 28.192 14
      vertex -12.9343 27.3576 0
      vertex -12.9343 27.3576 14
    endloop
  endfacet
  facet normal -0.986649 0.162859 0
    outer loop
      vertex -13.8802 23.8274 0
      vertex -13.731 24.7313 14
      vertex -13.731 24.7313 0
    endloop
  endfacet
  facet normal -0.986649 0.162859 0
    outer loop
      vertex -13.731 24.7313 14
      vertex -13.8802 23.8274 0
      vertex -13.8802 23.8274 14
    endloop
  endfacet
  facet normal 0.097976 0.995189 -0
    outer loop
      vertex 1.67537 35.8952 0
      vertex 1.2 35.942 14
      vertex 1.67537 35.8952 14
    endloop
  endfacet
  facet normal 0.097976 0.995189 0
    outer loop
      vertex 1.2 35.942 14
      vertex 1.67537 35.8952 0
      vertex 1.2 35.942 0
    endloop
  endfacet
  facet normal -0.772987 0.634422 0
    outer loop
      vertex -11.0101 30.6407 0
      vertex -10.707 31.01 14
      vertex -10.707 31.01 0
    endloop
  endfacet
  facet normal -0.772987 0.634422 0
    outer loop
      vertex -10.707 31.01 14
      vertex -11.0101 30.6407 0
      vertex -11.0101 30.6407 14
    endloop
  endfacet
  facet normal -0.881955 0.471333 0
    outer loop
      vertex -12.5562 28.192 0
      vertex -12.182 28.8922 14
      vertex -12.182 28.8922 0
    endloop
  endfacet
  facet normal -0.881955 0.471333 0
    outer loop
      vertex -12.182 28.8922 14
      vertex -12.5562 28.192 0
      vertex -12.5562 28.192 14
    endloop
  endfacet
  facet normal 0.881981 0.471285 0
    outer loop
      vertex 12.4842 28.3267 14
      vertex 12.1964 28.8653 0
      vertex 12.1964 28.8653 14
    endloop
  endfacet
  facet normal 0.881981 0.471285 0
    outer loop
      vertex 12.1964 28.8653 0
      vertex 12.4842 28.3267 14
      vertex 12.4842 28.3267 0
    endloop
  endfacet
  facet normal 0.910852 -0.412734 0
    outer loop
      vertex 12.594 15.8914 14
      vertex 12.9343 16.6424 0
      vertex 12.9343 16.6424 14
    endloop
  endfacet
  facet normal 0.910852 -0.412734 0
    outer loop
      vertex 12.9343 16.6424 0
      vertex 12.594 15.8914 14
      vertex 12.594 15.8914 0
    endloop
  endfacet
  facet normal 0.986645 0.162884 0
    outer loop
      vertex 13.8653 23.9178 14
      vertex 13.731 24.7313 0
      vertex 13.731 24.7313 14
    endloop
  endfacet
  facet normal 0.986645 0.162884 0
    outer loop
      vertex 13.731 24.7313 0
      vertex 13.8653 23.9178 14
      vertex 13.8653 23.9178 0
    endloop
  endfacet
  facet normal 0.956929 0.290321 0
    outer loop
      vertex 13.4786 25.7696 14
      vertex 13.3013 26.354 0
      vertex 13.3013 26.354 14
    endloop
  endfacet
  facet normal 0.956929 0.290321 0
    outer loop
      vertex 13.3013 26.354 0
      vertex 13.4786 25.7696 14
      vertex 13.4786 25.7696 0
    endloop
  endfacet
  facet normal -0.290291 -0.956938 0
    outer loop
      vertex -4.50015 8.74298 0
      vertex -3.74041 8.51251 14
      vertex -4.50015 8.74298 14
    endloop
  endfacet
  facet normal -0.290291 -0.956938 -0
    outer loop
      vertex -3.74041 8.51251 14
      vertex -4.50015 8.74298 0
      vertex -3.74041 8.51251 0
    endloop
  endfacet
  facet normal -0.582522 0.812815 0
    outer loop
      vertex -7.77798 33.6406 0
      vertex -8.44816 33.1603 14
      vertex -7.77798 33.6406 14
    endloop
  endfacet
  facet normal -0.582522 0.812815 0
    outer loop
      vertex -8.44816 33.1603 14
      vertex -7.77798 33.6406 0
      vertex -8.44816 33.1603 0
    endloop
  endfacet
  facet normal -0.973885 0.227043 0
    outer loop
      vertex -13.731 24.7313 0
      vertex -13.523 25.6235 14
      vertex -13.523 25.6235 0
    endloop
  endfacet
  facet normal -0.973885 0.227043 0
    outer loop
      vertex -13.523 25.6235 14
      vertex -13.731 24.7313 0
      vertex -13.731 24.7313 14
    endloop
  endfacet
  facet normal 0.772987 -0.634422 0
    outer loop
      vertex 10.707 12.99 14
      vertex 11.0101 13.3593 0
      vertex 11.0101 13.3593 14
    endloop
  endfacet
  facet normal 0.772987 -0.634422 0
    outer loop
      vertex 11.0101 13.3593 0
      vertex 10.707 12.99 14
      vertex 10.707 12.99 0
    endloop
  endfacet
  facet normal -0.973885 -0.227043 0
    outer loop
      vertex -13.523 18.3765 0
      vertex -13.731 19.2687 14
      vertex -13.731 19.2687 0
    endloop
  endfacet
  facet normal -0.973885 -0.227043 0
    outer loop
      vertex -13.731 19.2687 14
      vertex -13.523 18.3765 0
      vertex -13.523 18.3765 14
    endloop
  endfacet
  facet normal -0.995184 -0.0980273 0
    outer loop
      vertex -13.8802 20.1726 0
      vertex -13.942 20.8 14
      vertex -13.942 20.8 0
    endloop
  endfacet
  facet normal -0.995184 -0.0980273 0
    outer loop
      vertex -13.942 20.8 14
      vertex -13.8802 20.1726 0
      vertex -13.8802 20.1726 14
    endloop
  endfacet
  facet normal 0.634464 -0.772953 0
    outer loop
      vertex 8.64071 10.9899 0
      vertex 9.00997 11.293 14
      vertex 8.64071 10.9899 14
    endloop
  endfacet
  facet normal 0.634464 -0.772953 0
    outer loop
      vertex 9.00997 11.293 14
      vertex 8.64071 10.9899 0
      vertex 9.00997 11.293 0
    endloop
  endfacet
  facet normal 0.352248 -0.935907 0
    outer loop
      vertex 4.58591 8.77526 0
      vertex 5.35757 9.06569 14
      vertex 4.58591 8.77526 14
    endloop
  endfacet
  facet normal 0.352248 -0.935907 0
    outer loop
      vertex 5.35757 9.06569 14
      vertex 4.58591 8.77526 0
      vertex 5.35757 9.06569 0
    endloop
  endfacet
  facet normal 0.97388 -0.227065 0
    outer loop
      vertex 13.5438 18.4658 14
      vertex 13.731 19.2687 0
      vertex 13.731 19.2687 14
    endloop
  endfacet
  facet normal 0.97388 -0.227065 0
    outer loop
      vertex 13.731 19.2687 0
      vertex 13.5438 18.4658 14
      vertex 13.5438 18.4658 0
    endloop
  endfacet
  facet normal 0.582522 -0.812815 0
    outer loop
      vertex 7.77798 10.3594 0
      vertex 8.44816 10.8397 14
      vertex 7.77798 10.3594 14
    endloop
  endfacet
  facet normal 0.582522 -0.812815 0
    outer loop
      vertex 8.44816 10.8397 14
      vertex 7.77798 10.3594 0
      vertex 8.44816 10.8397 0
    endloop
  endfacet
  facet normal -0.812823 0.582511 0
    outer loop
      vertex -11.6406 29.778 0
      vertex -11.1603 30.4482 14
      vertex -11.1603 30.4482 0
    endloop
  endfacet
  facet normal -0.812823 0.582511 0
    outer loop
      vertex -11.1603 30.4482 14
      vertex -11.6406 29.778 0
      vertex -11.6406 29.778 14
    endloop
  endfacet
  facet normal -0.471394 -0.881923 0
    outer loop
      vertex -7 9.87564 0
      vertex -6.19204 9.44378 14
      vertex -7 9.87564 14
    endloop
  endfacet
  facet normal -0.471394 -0.881923 -0
    outer loop
      vertex -6.19204 9.44378 14
      vertex -7 9.87564 0
      vertex -6.19204 9.44378 0
    endloop
  endfacet
  facet normal 0.995189 0.0979698 0
    outer loop
      vertex 13.942 23.2 14
      vertex 13.8952 23.6754 0
      vertex 13.8952 23.6754 14
    endloop
  endfacet
  facet normal 0.995189 0.0979698 0
    outer loop
      vertex 13.8952 23.6754 0
      vertex 13.942 23.2 14
      vertex 13.942 23.2 0
    endloop
  endfacet
  facet normal 0.162892 0.986644 -0
    outer loop
      vertex 2.73126 35.731 0
      vertex 1.9178 35.8653 14
      vertex 2.73126 35.731 14
    endloop
  endfacet
  facet normal 0.162892 0.986644 0
    outer loop
      vertex 1.9178 35.8653 14
      vertex 2.73126 35.731 0
      vertex 1.9178 35.8653 0
    endloop
  endfacet
  facet normal 0.471312 0.881966 -0
    outer loop
      vertex 6.8653 34.1964 0
      vertex 6.32674 34.4842 14
      vertex 6.8653 34.1964 14
    endloop
  endfacet
  facet normal 0.471312 0.881966 0
    outer loop
      vertex 6.32674 34.4842 14
      vertex 6.8653 34.1964 0
      vertex 6.32674 34.4842 0
    endloop
  endfacet
  facet normal -0.995184 0.0980273 0
    outer loop
      vertex -13.942 23.2 0
      vertex -13.8802 23.8274 14
      vertex -13.8802 23.8274 0
    endloop
  endfacet
  facet normal -0.995184 0.0980273 0
    outer loop
      vertex -13.8802 23.8274 14
      vertex -13.942 23.2 0
      vertex -13.942 23.2 14
    endloop
  endfacet
  facet normal 0.412702 -0.910866 0
    outer loop
      vertex 5.35757 9.06569 0
      vertex 6.10855 9.40595 14
      vertex 5.35757 9.06569 14
    endloop
  endfacet
  facet normal 0.412702 -0.910866 0
    outer loop
      vertex 6.10855 9.40595 14
      vertex 5.35757 9.06569 0
      vertex 6.10855 9.40595 0
    endloop
  endfacet
  facet normal 0.772987 0.634422 0
    outer loop
      vertex 11.0101 30.6407 14
      vertex 10.707 31.01 0
      vertex 10.707 31.01 14
    endloop
  endfacet
  facet normal 0.772987 0.634422 0
    outer loop
      vertex 10.707 31.01 0
      vertex 11.0101 30.6407 14
      vertex 11.0101 30.6407 0
    endloop
  endfacet
  facet normal -0.88196 -0.471325 0
    outer loop
      vertex -12.1244 15 0
      vertex -12.5562 15.808 14
      vertex -12.5562 15.808 0
    endloop
  endfacet
  facet normal -0.88196 -0.471325 0
    outer loop
      vertex -12.5562 15.808 14
      vertex -12.1244 15 0
      vertex -12.1244 15 14
    endloop
  endfacet
  facet normal -0.352216 0.935919 0
    outer loop
      vertex -4.58591 35.2247 0
      vertex -5.35757 34.9343 14
      vertex -4.58591 35.2247 14
    endloop
  endfacet
  facet normal -0.352216 0.935919 0
    outer loop
      vertex -5.35757 34.9343 14
      vertex -4.58591 35.2247 0
      vertex -5.35757 34.9343 0
    endloop
  endfacet
  facet normal -0.935907 -0.352248 0
    outer loop
      vertex -12.9343 16.6424 0
      vertex -13.257 17.4998 14
      vertex -13.257 17.4998 0
    endloop
  endfacet
  facet normal -0.935907 -0.352248 0
    outer loop
      vertex -13.257 17.4998 14
      vertex -12.9343 16.6424 0
      vertex -12.9343 16.6424 14
    endloop
  endfacet
  facet normal 0.582522 0.812815 -0
    outer loop
      vertex 8.44816 33.1603 0
      vertex 7.77798 33.6406 14
      vertex 8.44816 33.1603 14
    endloop
  endfacet
  facet normal 0.582522 0.812815 0
    outer loop
      vertex 7.77798 33.6406 14
      vertex 8.44816 33.1603 0
      vertex 7.77798 33.6406 0
    endloop
  endfacet
  facet normal 0.849209 0.528057 0
    outer loop
      vertex 12.076 29.0778 14
      vertex 11.6406 29.778 0
      vertex 11.6406 29.778 14
    endloop
  endfacet
  facet normal 0.849209 0.528057 0
    outer loop
      vertex 11.6406 29.778 0
      vertex 12.076 29.0778 14
      vertex 12.076 29.0778 0
    endloop
  endfacet
  facet normal 0.528046 -0.849216 0
    outer loop
      vertex 7.07784 9.92405 0
      vertex 7.77798 10.3594 14
      vertex 7.07784 9.92405 14
    endloop
  endfacet
  facet normal 0.528046 -0.849216 0
    outer loop
      vertex 7.77798 10.3594 14
      vertex 7.07784 9.92405 0
      vertex 7.77798 10.3594 0
    endloop
  endfacet
  facet normal 0.812823 -0.582511 0
    outer loop
      vertex 11.1603 13.5518 14
      vertex 11.6406 14.222 0
      vertex 11.6406 14.222 14
    endloop
  endfacet
  facet normal 0.812823 -0.582511 0
    outer loop
      vertex 11.6406 14.222 0
      vertex 11.1603 13.5518 14
      vertex 11.1603 13.5518 0
    endloop
  endfacet
  facet normal -0.956923 -0.290341 0
    outer loop
      vertex -13.257 17.4998 0
      vertex -13.523 18.3765 14
      vertex -13.523 18.3765 0
    endloop
  endfacet
  facet normal -0.956923 -0.290341 0
    outer loop
      vertex -13.523 18.3765 14
      vertex -13.257 17.4998 0
      vertex -13.257 17.4998 14
    endloop
  endfacet
  facet normal -0.0980174 -0.995185 0
    outer loop
      vertex -1.67537 8.1048 0
      vertex -1.2 8.05798 14
      vertex -1.67537 8.1048 14
    endloop
  endfacet
  facet normal -0.0980174 -0.995185 -0
    outer loop
      vertex -1.2 8.05798 14
      vertex -1.67537 8.1048 0
      vertex -1.2 8.05798 0
    endloop
  endfacet
  facet normal -0.849198 -0.528075 0
    outer loop
      vertex -11.6406 14.222 0
      vertex -12.1244 15 14
      vertex -12.1244 15 0
    endloop
  endfacet
  facet normal -0.849198 -0.528075 0
    outer loop
      vertex -12.1244 15 14
      vertex -11.6406 14.222 0
      vertex -11.6406 14.222 14
    endloop
  endfacet
  facet normal 0.935925 0.3522 0
    outer loop
      vertex 13.2247 26.5859 14
      vertex 12.9343 27.3576 0
      vertex 12.9343 27.3576 14
    endloop
  endfacet
  facet normal 0.935925 0.3522 0
    outer loop
      vertex 12.9343 27.3576 0
      vertex 13.2247 26.5859 14
      vertex 13.2247 26.5859 0
    endloop
  endfacet
  facet normal 0.995189 -0.0979698 0
    outer loop
      vertex 13.8952 20.3246 14
      vertex 13.942 20.8 0
      vertex 13.942 20.8 14
    endloop
  endfacet
  facet normal 0.995189 -0.0979698 0
    outer loop
      vertex 13.942 20.8 0
      vertex 13.8952 20.3246 14
      vertex 13.8952 20.3246 0
    endloop
  endfacet
  facet normal -0.63437 -0.77303 0
    outer loop
      vertex -9.00997 11.293 0
      vertex -8.52266 10.8931 14
      vertex -9.00997 11.293 14
    endloop
  endfacet
  facet normal -0.63437 -0.77303 -0
    outer loop
      vertex -8.52266 10.8931 14
      vertex -9.00997 11.293 0
      vertex -8.52266 10.8931 0
    endloop
  endfacet
  facet normal 0.227051 0.973883 -0
    outer loop
      vertex 3.53421 35.5438 0
      vertex 2.73126 35.731 14
      vertex 3.53421 35.5438 14
    endloop
  endfacet
  facet normal 0.227051 0.973883 0
    outer loop
      vertex 2.73126 35.731 14
      vertex 3.53421 35.5438 0
      vertex 2.73126 35.731 0
    endloop
  endfacet
  facet normal -0.773024 -0.634377 0
    outer loop
      vertex -10.707 12.99 0
      vertex -11.1069 13.4773 14
      vertex -11.1069 13.4773 0
    endloop
  endfacet
  facet normal -0.773024 -0.634377 0
    outer loop
      vertex -11.1069 13.4773 14
      vertex -10.707 12.99 0
      vertex -10.707 12.99 14
    endloop
  endfacet
  facet normal -0.582528 -0.812811 0
    outer loop
      vertex -8.52266 10.8931 0
      vertex -7.77798 10.3594 14
      vertex -8.52266 10.8931 14
    endloop
  endfacet
  facet normal -0.582528 -0.812811 -0
    outer loop
      vertex -7.77798 10.3594 14
      vertex -8.52266 10.8931 0
      vertex -7.77798 10.3594 0
    endloop
  endfacet
  facet normal -0.935907 0.352248 0
    outer loop
      vertex -13.257 26.5002 0
      vertex -12.9343 27.3576 14
      vertex -12.9343 27.3576 0
    endloop
  endfacet
  facet normal -0.935907 0.352248 0
    outer loop
      vertex -12.9343 27.3576 14
      vertex -13.257 26.5002 0
      vertex -13.257 26.5002 14
    endloop
  endfacet
  facet normal 0.881981 -0.471285 0
    outer loop
      vertex 12.1964 15.1347 14
      vertex 12.4842 15.6733 0
      vertex 12.4842 15.6733 14
    endloop
  endfacet
  facet normal 0.881981 -0.471285 0
    outer loop
      vertex 12.4842 15.6733 0
      vertex 12.1964 15.1347 14
      vertex 12.1964 15.1347 0
    endloop
  endfacet
  facet normal 0.956929 -0.290321 0
    outer loop
      vertex 13.3013 17.646 14
      vertex 13.4786 18.2304 0
      vertex 13.4786 18.2304 14
    endloop
  endfacet
  facet normal 0.956929 -0.290321 0
    outer loop
      vertex 13.4786 18.2304 0
      vertex 13.3013 17.646 14
      vertex 13.3013 17.646 0
    endloop
  endfacet
  facet normal 0.849209 -0.528057 0
    outer loop
      vertex 11.6406 14.222 14
      vertex 12.076 14.9222 0
      vertex 12.076 14.9222 14
    endloop
  endfacet
  facet normal 0.849209 -0.528057 0
    outer loop
      vertex 12.076 14.9222 0
      vertex 11.6406 14.222 14
      vertex 11.6406 14.222 0
    endloop
  endfacet
  facet normal 0.0980385 -0.995183 0
    outer loop
      vertex -0.675472 27.1307 0
      vertex -0.338461 27.1639 2.75
      vertex -0.675472 27.1307 2.75
    endloop
  endfacet
  facet normal 0.0980385 -0.995183 0
    outer loop
      vertex -0.338461 27.1639 2.75
      vertex -0.675472 27.1307 0
      vertex -0.338461 27.1639 0
    endloop
  endfacet
  facet normal 0.0327779 -0.999463 0
    outer loop
      vertex -0.338461 27.1639 0
      vertex 0 27.175 2.75
      vertex -0.338461 27.1639 2.75
    endloop
  endfacet
  facet normal 0.0327779 -0.999463 0
    outer loop
      vertex 0 27.175 2.75
      vertex -0.338461 27.1639 0
      vertex 0 27.175 0
    endloop
  endfacet
  facet normal -0.22708 -0.973876 0
    outer loop
      vertex 1.00959 27.0756 0
      vertex 1.33939 26.9987 2.75
      vertex 1.00959 27.0756 2.75
    endloop
  endfacet
  facet normal -0.22708 -0.973876 -0
    outer loop
      vertex 1.33939 26.9987 2.75
      vertex 1.00959 27.0756 0
      vertex 1.33939 26.9987 0
    endloop
  endfacet
  facet normal 0.881944 0.471354 0
    outer loop
      vertex -4.48168 19.4125 2.75
      vertex -4.64132 19.7112 0
      vertex -4.64132 19.7112 2.75
    endloop
  endfacet
  facet normal 0.881944 0.471354 0
    outer loop
      vertex -4.64132 19.7112 0
      vertex -4.48168 19.4125 2.75
      vertex -4.48168 19.4125 0
    endloop
  endfacet
  facet normal 0.290278 -0.956942 0
    outer loop
      vertex -1.66345 26.9004 0
      vertex -1.33939 26.9987 2.75
      vertex -1.66345 26.9004 2.75
    endloop
  endfacet
  facet normal 0.290278 -0.956942 0
    outer loop
      vertex -1.33939 26.9987 2.75
      vertex -1.66345 26.9004 0
      vertex -1.33939 26.9987 0
    endloop
  endfacet
  facet normal 0.935935 -0.352172 0
    outer loop
      vertex -4.90036 23.6634 2.75
      vertex -4.78108 23.9804 0
      vertex -4.78108 23.9804 2.75
    endloop
  endfacet
  facet normal 0.935935 -0.352172 0
    outer loop
      vertex -4.78108 23.9804 0
      vertex -4.90036 23.6634 2.75
      vertex -4.90036 23.6634 0
    endloop
  endfacet
  facet normal -0.956919 0.290354 0
    outer loop
      vertex 4.90036 20.3366 0
      vertex 4.99867 20.6606 2.75
      vertex 4.99867 20.6606 0
    endloop
  endfacet
  facet normal -0.956919 0.290354 0
    outer loop
      vertex 4.99867 20.6606 2.75
      vertex 4.90036 20.3366 0
      vertex 4.90036 20.3366 2.75
    endloop
  endfacet
  facet normal 0.22708 -0.973876 0
    outer loop
      vertex -1.33939 26.9987 0
      vertex -1.00959 27.0756 2.75
      vertex -1.33939 26.9987 2.75
    endloop
  endfacet
  facet normal 0.22708 -0.973876 0
    outer loop
      vertex -1.00959 27.0756 2.75
      vertex -1.33939 26.9987 0
      vertex -1.00959 27.0756 0
    endloop
  endfacet
  facet normal 0.22708 0.973876 -0
    outer loop
      vertex -1.00959 16.9244 0
      vertex -1.33939 17.0013 2.75
      vertex -1.00959 16.9244 2.75
    endloop
  endfacet
  facet normal 0.22708 0.973876 0
    outer loop
      vertex -1.33939 17.0013 2.75
      vertex -1.00959 16.9244 0
      vertex -1.33939 17.0013 0
    endloop
  endfacet
  facet normal -0.471312 0.881967 0
    outer loop
      vertex 2.5875 17.5183 0
      vertex 2.28884 17.3587 2.75
      vertex 2.5875 17.5183 2.75
    endloop
  endfacet
  facet normal -0.471312 0.881967 0
    outer loop
      vertex 2.28884 17.3587 2.75
      vertex 2.5875 17.5183 0
      vertex 2.28884 17.3587 0
    endloop
  endfacet
  facet normal -0.412813 -0.910816 0
    outer loop
      vertex 1.98039 26.7811 0
      vertex 2.28884 26.6413 2.75
      vertex 1.98039 26.7811 2.75
    endloop
  endfacet
  facet normal -0.412813 -0.910816 -0
    outer loop
      vertex 2.28884 26.6413 2.75
      vertex 1.98039 26.7811 0
      vertex 2.28884 26.6413 0
    endloop
  endfacet
  facet normal -0.352282 0.935894 0
    outer loop
      vertex 1.98039 17.2189 0
      vertex 1.66345 17.0996 2.75
      vertex 1.98039 17.2189 2.75
    endloop
  endfacet
  facet normal -0.352282 0.935894 0
    outer loop
      vertex 1.66345 17.0996 2.75
      vertex 1.98039 17.2189 0
      vertex 1.66345 17.0996 0
    endloop
  endfacet
  facet normal -0.412813 0.910816 0
    outer loop
      vertex 2.28884 17.3587 0
      vertex 1.98039 17.2189 2.75
      vertex 2.28884 17.3587 2.75
    endloop
  endfacet
  facet normal -0.412813 0.910816 0
    outer loop
      vertex 1.98039 17.2189 2.75
      vertex 2.28884 17.3587 0
      vertex 1.98039 17.2189 0
    endloop
  endfacet
  facet normal -0.352282 -0.935894 0
    outer loop
      vertex 1.66345 26.9004 0
      vertex 1.98039 26.7811 2.75
      vertex 1.66345 26.9004 2.75
    endloop
  endfacet
  facet normal -0.352282 -0.935894 -0
    outer loop
      vertex 1.98039 26.7811 2.75
      vertex 1.66345 26.9004 0
      vertex 1.98039 26.7811 0
    endloop
  endfacet
  facet normal 0.881944 -0.471354 0
    outer loop
      vertex -4.64132 24.2888 2.75
      vertex -4.48168 24.5875 0
      vertex -4.48168 24.5875 2.75
    endloop
  endfacet
  facet normal 0.881944 -0.471354 0
    outer loop
      vertex -4.48168 24.5875 0
      vertex -4.64132 24.2888 2.75
      vertex -4.64132 24.2888 0
    endloop
  endfacet
  facet normal 0.973883 0.227052 0
    outer loop
      vertex -4.99867 20.6606 2.75
      vertex -5.07556 20.9904 0
      vertex -5.07556 20.9904 2.75
    endloop
  endfacet
  facet normal 0.973883 0.227052 0
    outer loop
      vertex -5.07556 20.9904 0
      vertex -4.99867 20.6606 2.75
      vertex -4.99867 20.6606 0
    endloop
  endfacet
  facet normal -0.72992 0.683532 0
    outer loop
      vertex 3.65928 18.3407 0
      vertex 3.89077 18.5879 2.75
      vertex 3.89077 18.5879 0
    endloop
  endfacet
  facet normal -0.72992 0.683532 0
    outer loop
      vertex 3.89077 18.5879 2.75
      vertex 3.65928 18.3407 0
      vertex 3.65928 18.3407 2.75
    endloop
  endfacet
  facet normal -0.0327779 -0.999463 0
    outer loop
      vertex 0 27.175 0
      vertex 0.338461 27.1639 2.75
      vertex 0 27.175 2.75
    endloop
  endfacet
  facet normal -0.0327779 -0.999463 -0
    outer loop
      vertex 0.338461 27.1639 2.75
      vertex 0 27.175 0
      vertex 0.338461 27.1639 0
    endloop
  endfacet
  facet normal 0.528007 0.84924 -0
    outer loop
      vertex -2.5875 17.5183 0
      vertex -2.87508 17.6971 2.75
      vertex -2.5875 17.5183 2.75
    endloop
  endfacet
  facet normal 0.528007 0.84924 0
    outer loop
      vertex -2.87508 17.6971 2.75
      vertex -2.5875 17.5183 0
      vertex -2.87508 17.6971 0
    endloop
  endfacet
  facet normal 0.773045 -0.634351 0
    outer loop
      vertex -4.1056 25.1503 2.75
      vertex -3.89077 25.4121 0
      vertex -3.89077 25.4121 2.75
    endloop
  endfacet
  facet normal 0.773045 -0.634351 0
    outer loop
      vertex -3.89077 25.4121 0
      vertex -4.1056 25.1503 2.75
      vertex -4.1056 25.1503 0
    endloop
  endfacet
  facet normal -0.162714 0.986673 0
    outer loop
      vertex 1.00959 16.9244 0
      vertex 0.675472 16.8693 2.75
      vertex 1.00959 16.9244 2.75
    endloop
  endfacet
  facet normal -0.162714 0.986673 0
    outer loop
      vertex 0.675472 16.8693 2.75
      vertex 1.00959 16.9244 0
      vertex 0.675472 16.8693 0
    endloop
  endfacet
  facet normal 0.582578 -0.812775 0
    outer loop
      vertex -3.15034 26.1056 0
      vertex -2.87508 26.3029 2.75
      vertex -3.15034 26.1056 2.75
    endloop
  endfacet
  facet normal 0.582578 -0.812775 0
    outer loop
      vertex -2.87508 26.3029 2.75
      vertex -3.15034 26.1056 0
      vertex -2.87508 26.3029 0
    endloop
  endfacet
  facet normal 0.412813 -0.910816 0
    outer loop
      vertex -2.28884 26.6413 0
      vertex -1.98039 26.7811 2.75
      vertex -2.28884 26.6413 2.75
    endloop
  endfacet
  facet normal 0.412813 -0.910816 0
    outer loop
      vertex -1.98039 26.7811 2.75
      vertex -2.28884 26.6413 0
      vertex -1.98039 26.7811 0
    endloop
  endfacet
  facet normal 0.528007 -0.84924 0
    outer loop
      vertex -2.87508 26.3029 0
      vertex -2.5875 26.4817 2.75
      vertex -2.87508 26.3029 2.75
    endloop
  endfacet
  facet normal 0.528007 -0.84924 0
    outer loop
      vertex -2.5875 26.4817 2.75
      vertex -2.87508 26.3029 0
      vertex -2.5875 26.4817 0
    endloop
  endfacet
  facet normal 0.0980385 0.995183 -0
    outer loop
      vertex -0.338461 16.8361 0
      vertex -0.675472 16.8693 2.75
      vertex -0.338461 16.8361 2.75
    endloop
  endfacet
  facet normal 0.0980385 0.995183 0
    outer loop
      vertex -0.675472 16.8693 2.75
      vertex -0.338461 16.8361 0
      vertex -0.675472 16.8693 0
    endloop
  endfacet
  facet normal 0.634342 0.773053 -0
    outer loop
      vertex -3.15034 17.8944 0
      vertex -3.41211 18.1092 2.75
      vertex -3.15034 17.8944 2.75
    endloop
  endfacet
  facet normal 0.634342 0.773053 0
    outer loop
      vertex -3.41211 18.1092 2.75
      vertex -3.15034 17.8944 0
      vertex -3.41211 18.1092 0
    endloop
  endfacet
  facet normal 0.683592 -0.729864 0
    outer loop
      vertex -3.65928 25.6593 0
      vertex -3.41211 25.8908 2.75
      vertex -3.65928 25.6593 2.75
    endloop
  endfacet
  facet normal 0.683592 -0.729864 0
    outer loop
      vertex -3.41211 25.8908 2.75
      vertex -3.65928 25.6593 0
      vertex -3.41211 25.8908 0
    endloop
  endfacet
  facet normal -0.582578 0.812775 0
    outer loop
      vertex 3.15034 17.8944 0
      vertex 2.87508 17.6971 2.75
      vertex 3.15034 17.8944 2.75
    endloop
  endfacet
  facet normal -0.582578 0.812775 0
    outer loop
      vertex 2.87508 17.6971 2.75
      vertex 3.15034 17.8944 0
      vertex 2.87508 17.6971 0
    endloop
  endfacet
  facet normal 0.849217 -0.528044 0
    outer loop
      vertex -4.48168 24.5875 2.75
      vertex -4.30285 24.8751 0
      vertex -4.30285 24.8751 2.75
    endloop
  endfacet
  facet normal 0.849217 -0.528044 0
    outer loop
      vertex -4.30285 24.8751 0
      vertex -4.48168 24.5875 2.75
      vertex -4.48168 24.5875 0
    endloop
  endfacet
  facet normal -0.471312 -0.881967 0
    outer loop
      vertex 2.28884 26.6413 0
      vertex 2.5875 26.4817 2.75
      vertex 2.28884 26.6413 2.75
    endloop
  endfacet
  facet normal -0.471312 -0.881967 -0
    outer loop
      vertex 2.5875 26.4817 2.75
      vertex 2.28884 26.6413 0
      vertex 2.5875 26.4817 0
    endloop
  endfacet
  facet normal 0.999465 -0.0327151 0
    outer loop
      vertex -5.175 22 2.75
      vertex -5.16392 22.3385 0
      vertex -5.16392 22.3385 2.75
    endloop
  endfacet
  facet normal 0.999465 -0.0327151 0
    outer loop
      vertex -5.16392 22.3385 0
      vertex -5.175 22 2.75
      vertex -5.175 22 0
    endloop
  endfacet
  facet normal 0.910835 -0.41277 0
    outer loop
      vertex -4.78108 23.9804 2.75
      vertex -4.64132 24.2888 0
      vertex -4.64132 24.2888 2.75
    endloop
  endfacet
  facet normal 0.910835 -0.41277 0
    outer loop
      vertex -4.64132 24.2888 0
      vertex -4.78108 23.9804 2.75
      vertex -4.78108 23.9804 0
    endloop
  endfacet
  facet normal -0.935935 0.352172 0
    outer loop
      vertex 4.78108 20.0196 0
      vertex 4.90036 20.3366 2.75
      vertex 4.90036 20.3366 0
    endloop
  endfacet
  facet normal -0.935935 0.352172 0
    outer loop
      vertex 4.90036 20.3366 2.75
      vertex 4.78108 20.0196 0
      vertex 4.78108 20.0196 2.75
    endloop
  endfacet
  facet normal 0.812784 -0.582564 0
    outer loop
      vertex -4.30285 24.8751 2.75
      vertex -4.1056 25.1503 0
      vertex -4.1056 25.1503 2.75
    endloop
  endfacet
  facet normal 0.812784 -0.582564 0
    outer loop
      vertex -4.1056 25.1503 0
      vertex -4.30285 24.8751 2.75
      vertex -4.30285 24.8751 0
    endloop
  endfacet
  facet normal 0.773045 0.634351 0
    outer loop
      vertex -3.89077 18.5879 2.75
      vertex -4.1056 18.8497 0
      vertex -4.1056 18.8497 2.75
    endloop
  endfacet
  facet normal 0.773045 0.634351 0
    outer loop
      vertex -4.1056 18.8497 0
      vertex -3.89077 18.5879 2.75
      vertex -3.89077 18.5879 0
    endloop
  endfacet
  facet normal -0.0327779 0.999463 0
    outer loop
      vertex 0.338461 16.8361 0
      vertex 0 16.825 2.75
      vertex 0.338461 16.8361 2.75
    endloop
  endfacet
  facet normal -0.0327779 0.999463 0
    outer loop
      vertex 0 16.825 2.75
      vertex 0.338461 16.8361 0
      vertex 0 16.825 0
    endloop
  endfacet
  facet normal 0.956919 -0.290354 0
    outer loop
      vertex -4.99867 23.3394 2.75
      vertex -4.90036 23.6634 0
      vertex -4.90036 23.6634 2.75
    endloop
  endfacet
  facet normal 0.956919 -0.290354 0
    outer loop
      vertex -4.90036 23.6634 0
      vertex -4.99867 23.3394 2.75
      vertex -4.99867 23.3394 0
    endloop
  endfacet
  facet normal -0.973883 0.227052 0
    outer loop
      vertex 4.99867 20.6606 0
      vertex 5.07556 20.9904 2.75
      vertex 5.07556 20.9904 0
    endloop
  endfacet
  facet normal -0.973883 0.227052 0
    outer loop
      vertex 5.07556 20.9904 2.75
      vertex 4.99867 20.6606 0
      vertex 4.99867 20.6606 2.75
    endloop
  endfacet
  facet normal 0.471312 -0.881967 0
    outer loop
      vertex -2.5875 26.4817 0
      vertex -2.28884 26.6413 2.75
      vertex -2.5875 26.4817 2.75
    endloop
  endfacet
  facet normal 0.471312 -0.881967 0
    outer loop
      vertex -2.28884 26.6413 2.75
      vertex -2.5875 26.4817 0
      vertex -2.28884 26.6413 0
    endloop
  endfacet
  facet normal -0.634342 -0.773053 0
    outer loop
      vertex 3.15034 26.1056 0
      vertex 3.41211 25.8908 2.75
      vertex 3.15034 26.1056 2.75
    endloop
  endfacet
  facet normal -0.634342 -0.773053 -0
    outer loop
      vertex 3.41211 25.8908 2.75
      vertex 3.15034 26.1056 0
      vertex 3.41211 25.8908 0
    endloop
  endfacet
  facet normal 0.995185 -0.0980125 0
    outer loop
      vertex -5.16392 22.3385 2.75
      vertex -5.13073 22.6755 0
      vertex -5.13073 22.6755 2.75
    endloop
  endfacet
  facet normal 0.995185 -0.0980125 0
    outer loop
      vertex -5.13073 22.6755 0
      vertex -5.16392 22.3385 2.75
      vertex -5.16392 22.3385 0
    endloop
  endfacet
  facet normal -0.683592 -0.729864 0
    outer loop
      vertex 3.41211 25.8908 0
      vertex 3.65928 25.6593 2.75
      vertex 3.41211 25.8908 2.75
    endloop
  endfacet
  facet normal -0.683592 -0.729864 -0
    outer loop
      vertex 3.65928 25.6593 2.75
      vertex 3.41211 25.8908 0
      vertex 3.65928 25.6593 0
    endloop
  endfacet
  facet normal -0.22708 0.973876 0
    outer loop
      vertex 1.33939 17.0013 0
      vertex 1.00959 16.9244 2.75
      vertex 1.33939 17.0013 2.75
    endloop
  endfacet
  facet normal -0.22708 0.973876 0
    outer loop
      vertex 1.00959 16.9244 2.75
      vertex 1.33939 17.0013 0
      vertex 1.00959 16.9244 0
    endloop
  endfacet
  facet normal 0.910835 0.41277 0
    outer loop
      vertex -4.64132 19.7112 2.75
      vertex -4.78108 20.0196 0
      vertex -4.78108 20.0196 2.75
    endloop
  endfacet
  facet normal 0.910835 0.41277 0
    outer loop
      vertex -4.78108 20.0196 0
      vertex -4.64132 19.7112 2.75
      vertex -4.64132 19.7112 0
    endloop
  endfacet
  facet normal -0.849217 0.528044 0
    outer loop
      vertex 4.30285 19.1249 0
      vertex 4.48168 19.4125 2.75
      vertex 4.48168 19.4125 0
    endloop
  endfacet
  facet normal -0.849217 0.528044 0
    outer loop
      vertex 4.48168 19.4125 2.75
      vertex 4.30285 19.1249 0
      vertex 4.30285 19.1249 2.75
    endloop
  endfacet
  facet normal -0.773045 0.634351 0
    outer loop
      vertex 3.89077 18.5879 0
      vertex 4.1056 18.8497 2.75
      vertex 4.1056 18.8497 0
    endloop
  endfacet
  facet normal -0.773045 0.634351 0
    outer loop
      vertex 4.1056 18.8497 2.75
      vertex 3.89077 18.5879 0
      vertex 3.89077 18.5879 2.75
    endloop
  endfacet
  facet normal -0.0980385 -0.995183 0
    outer loop
      vertex 0.338461 27.1639 0
      vertex 0.675472 27.1307 2.75
      vertex 0.338461 27.1639 2.75
    endloop
  endfacet
  facet normal -0.0980385 -0.995183 -0
    outer loop
      vertex 0.675472 27.1307 2.75
      vertex 0.338461 27.1639 0
      vertex 0.675472 27.1307 0
    endloop
  endfacet
  facet normal 0.995185 0.0980125 0
    outer loop
      vertex -5.13073 21.3245 2.75
      vertex -5.16392 21.6615 0
      vertex -5.16392 21.6615 2.75
    endloop
  endfacet
  facet normal 0.995185 0.0980125 0
    outer loop
      vertex -5.16392 21.6615 0
      vertex -5.13073 21.3245 2.75
      vertex -5.13073 21.3245 0
    endloop
  endfacet
  facet normal -0.910835 -0.41277 0
    outer loop
      vertex 4.78108 23.9804 0
      vertex 4.64132 24.2888 2.75
      vertex 4.64132 24.2888 0
    endloop
  endfacet
  facet normal -0.910835 -0.41277 0
    outer loop
      vertex 4.64132 24.2888 2.75
      vertex 4.78108 23.9804 0
      vertex 4.78108 23.9804 2.75
    endloop
  endfacet
  facet normal 0.72992 0.683532 0
    outer loop
      vertex -3.65928 18.3407 2.75
      vertex -3.89077 18.5879 0
      vertex -3.89077 18.5879 2.75
    endloop
  endfacet
  facet normal 0.72992 0.683532 0
    outer loop
      vertex -3.89077 18.5879 0
      vertex -3.65928 18.3407 2.75
      vertex -3.65928 18.3407 0
    endloop
  endfacet
  facet normal -0.956919 -0.290354 0
    outer loop
      vertex 4.99867 23.3394 0
      vertex 4.90036 23.6634 2.75
      vertex 4.90036 23.6634 0
    endloop
  endfacet
  facet normal -0.956919 -0.290354 0
    outer loop
      vertex 4.90036 23.6634 2.75
      vertex 4.99867 23.3394 0
      vertex 4.99867 23.3394 2.75
    endloop
  endfacet
  facet normal 0.986639 0.162924 0
    outer loop
      vertex -5.07556 20.9904 2.75
      vertex -5.13073 21.3245 0
      vertex -5.13073 21.3245 2.75
    endloop
  endfacet
  facet normal 0.986639 0.162924 0
    outer loop
      vertex -5.13073 21.3245 0
      vertex -5.07556 20.9904 2.75
      vertex -5.07556 20.9904 0
    endloop
  endfacet
  facet normal -0.290278 -0.956942 0
    outer loop
      vertex 1.33939 26.9987 0
      vertex 1.66345 26.9004 2.75
      vertex 1.33939 26.9987 2.75
    endloop
  endfacet
  facet normal -0.290278 -0.956942 -0
    outer loop
      vertex 1.66345 26.9004 2.75
      vertex 1.33939 26.9987 0
      vertex 1.66345 26.9004 0
    endloop
  endfacet
  facet normal -0.72992 -0.683532 0
    outer loop
      vertex 3.89077 25.4121 0
      vertex 3.65928 25.6593 2.75
      vertex 3.65928 25.6593 0
    endloop
  endfacet
  facet normal -0.72992 -0.683532 0
    outer loop
      vertex 3.65928 25.6593 2.75
      vertex 3.89077 25.4121 0
      vertex 3.89077 25.4121 2.75
    endloop
  endfacet
  facet normal 0.162714 0.986673 -0
    outer loop
      vertex -0.675472 16.8693 0
      vertex -1.00959 16.9244 2.75
      vertex -0.675472 16.8693 2.75
    endloop
  endfacet
  facet normal 0.162714 0.986673 0
    outer loop
      vertex -1.00959 16.9244 2.75
      vertex -0.675472 16.8693 0
      vertex -1.00959 16.9244 0
    endloop
  endfacet
  facet normal -0.995185 0.0980125 0
    outer loop
      vertex 5.13073 21.3245 0
      vertex 5.16392 21.6615 2.75
      vertex 5.16392 21.6615 0
    endloop
  endfacet
  facet normal -0.995185 0.0980125 0
    outer loop
      vertex 5.16392 21.6615 2.75
      vertex 5.13073 21.3245 0
      vertex 5.13073 21.3245 2.75
    endloop
  endfacet
  facet normal 0.999465 0.0327151 0
    outer loop
      vertex -5.16392 21.6615 2.75
      vertex -5.175 22 0
      vertex -5.175 22 2.75
    endloop
  endfacet
  facet normal 0.999465 0.0327151 0
    outer loop
      vertex -5.175 22 0
      vertex -5.16392 21.6615 2.75
      vertex -5.16392 21.6615 0
    endloop
  endfacet
  facet normal -0.995185 -0.0980125 0
    outer loop
      vertex 5.16392 22.3385 0
      vertex 5.13073 22.6755 2.75
      vertex 5.13073 22.6755 0
    endloop
  endfacet
  facet normal -0.995185 -0.0980125 0
    outer loop
      vertex 5.13073 22.6755 2.75
      vertex 5.16392 22.3385 0
      vertex 5.16392 22.3385 2.75
    endloop
  endfacet
  facet normal -0.986639 -0.162924 0
    outer loop
      vertex 5.13073 22.6755 0
      vertex 5.07556 23.0096 2.75
      vertex 5.07556 23.0096 0
    endloop
  endfacet
  facet normal -0.986639 -0.162924 0
    outer loop
      vertex 5.07556 23.0096 2.75
      vertex 5.13073 22.6755 0
      vertex 5.13073 22.6755 2.75
    endloop
  endfacet
  facet normal -0.881944 0.471354 0
    outer loop
      vertex 4.48168 19.4125 0
      vertex 4.64132 19.7112 2.75
      vertex 4.64132 19.7112 0
    endloop
  endfacet
  facet normal -0.881944 0.471354 0
    outer loop
      vertex 4.64132 19.7112 2.75
      vertex 4.48168 19.4125 0
      vertex 4.48168 19.4125 2.75
    endloop
  endfacet
  facet normal -0.999465 -0.0327151 0
    outer loop
      vertex 5.175 22 0
      vertex 5.16392 22.3385 2.75
      vertex 5.16392 22.3385 0
    endloop
  endfacet
  facet normal -0.999465 -0.0327151 0
    outer loop
      vertex 5.16392 22.3385 2.75
      vertex 5.175 22 0
      vertex 5.175 22 2.75
    endloop
  endfacet
  facet normal 0.412813 0.910816 -0
    outer loop
      vertex -1.98039 17.2189 0
      vertex -2.28884 17.3587 2.75
      vertex -1.98039 17.2189 2.75
    endloop
  endfacet
  facet normal 0.412813 0.910816 0
    outer loop
      vertex -2.28884 17.3587 2.75
      vertex -1.98039 17.2189 0
      vertex -2.28884 17.3587 0
    endloop
  endfacet
  facet normal -0.935935 -0.352172 0
    outer loop
      vertex 4.90036 23.6634 0
      vertex 4.78108 23.9804 2.75
      vertex 4.78108 23.9804 0
    endloop
  endfacet
  facet normal -0.935935 -0.352172 0
    outer loop
      vertex 4.78108 23.9804 2.75
      vertex 4.90036 23.6634 0
      vertex 4.90036 23.6634 2.75
    endloop
  endfacet
  facet normal 0.634342 -0.773053 0
    outer loop
      vertex -3.41211 25.8908 0
      vertex -3.15034 26.1056 2.75
      vertex -3.41211 25.8908 2.75
    endloop
  endfacet
  facet normal 0.634342 -0.773053 0
    outer loop
      vertex -3.15034 26.1056 2.75
      vertex -3.41211 25.8908 0
      vertex -3.15034 26.1056 0
    endloop
  endfacet
  facet normal -0.999465 0.0327151 0
    outer loop
      vertex 5.16392 21.6615 0
      vertex 5.175 22 2.75
      vertex 5.175 22 0
    endloop
  endfacet
  facet normal -0.999465 0.0327151 0
    outer loop
      vertex 5.175 22 2.75
      vertex 5.16392 21.6615 0
      vertex 5.16392 21.6615 2.75
    endloop
  endfacet
  facet normal 0.352282 -0.935894 0
    outer loop
      vertex -1.98039 26.7811 0
      vertex -1.66345 26.9004 2.75
      vertex -1.98039 26.7811 2.75
    endloop
  endfacet
  facet normal 0.352282 -0.935894 0
    outer loop
      vertex -1.66345 26.9004 2.75
      vertex -1.98039 26.7811 0
      vertex -1.66345 26.9004 0
    endloop
  endfacet
  facet normal 0.162714 -0.986673 0
    outer loop
      vertex -1.00959 27.0756 0
      vertex -0.675472 27.1307 2.75
      vertex -1.00959 27.0756 2.75
    endloop
  endfacet
  facet normal 0.162714 -0.986673 0
    outer loop
      vertex -0.675472 27.1307 2.75
      vertex -1.00959 27.0756 0
      vertex -0.675472 27.1307 0
    endloop
  endfacet
  facet normal -0.634342 0.773053 0
    outer loop
      vertex 3.41211 18.1092 0
      vertex 3.15034 17.8944 2.75
      vertex 3.41211 18.1092 2.75
    endloop
  endfacet
  facet normal -0.634342 0.773053 0
    outer loop
      vertex 3.15034 17.8944 2.75
      vertex 3.41211 18.1092 0
      vertex 3.15034 17.8944 0
    endloop
  endfacet
  facet normal -0.881944 -0.471354 0
    outer loop
      vertex 4.64132 24.2888 0
      vertex 4.48168 24.5875 2.75
      vertex 4.48168 24.5875 0
    endloop
  endfacet
  facet normal -0.881944 -0.471354 0
    outer loop
      vertex 4.48168 24.5875 2.75
      vertex 4.64132 24.2888 0
      vertex 4.64132 24.2888 2.75
    endloop
  endfacet
  facet normal -0.986639 0.162924 0
    outer loop
      vertex 5.07556 20.9904 0
      vertex 5.13073 21.3245 2.75
      vertex 5.13073 21.3245 0
    endloop
  endfacet
  facet normal -0.986639 0.162924 0
    outer loop
      vertex 5.13073 21.3245 2.75
      vertex 5.07556 20.9904 0
      vertex 5.07556 20.9904 2.75
    endloop
  endfacet
  facet normal -0.849217 -0.528044 0
    outer loop
      vertex 4.48168 24.5875 0
      vertex 4.30285 24.8751 2.75
      vertex 4.30285 24.8751 0
    endloop
  endfacet
  facet normal -0.849217 -0.528044 0
    outer loop
      vertex 4.30285 24.8751 2.75
      vertex 4.48168 24.5875 0
      vertex 4.48168 24.5875 2.75
    endloop
  endfacet
  facet normal 0.812784 0.582564 0
    outer loop
      vertex -4.1056 18.8497 2.75
      vertex -4.30285 19.1249 0
      vertex -4.30285 19.1249 2.75
    endloop
  endfacet
  facet normal 0.812784 0.582564 0
    outer loop
      vertex -4.30285 19.1249 0
      vertex -4.1056 18.8497 2.75
      vertex -4.1056 18.8497 0
    endloop
  endfacet
  facet normal 0.935935 0.352172 0
    outer loop
      vertex -4.78108 20.0196 2.75
      vertex -4.90036 20.3366 0
      vertex -4.90036 20.3366 2.75
    endloop
  endfacet
  facet normal 0.935935 0.352172 0
    outer loop
      vertex -4.90036 20.3366 0
      vertex -4.78108 20.0196 2.75
      vertex -4.78108 20.0196 0
    endloop
  endfacet
  facet normal 0.0327779 0.999463 -0
    outer loop
      vertex 0 16.825 0
      vertex -0.338461 16.8361 2.75
      vertex 0 16.825 2.75
    endloop
  endfacet
  facet normal 0.0327779 0.999463 0
    outer loop
      vertex -0.338461 16.8361 2.75
      vertex 0 16.825 0
      vertex -0.338461 16.8361 0
    endloop
  endfacet
  facet normal 0.683592 0.729864 -0
    outer loop
      vertex -3.41211 18.1092 0
      vertex -3.65928 18.3407 2.75
      vertex -3.41211 18.1092 2.75
    endloop
  endfacet
  facet normal 0.683592 0.729864 0
    outer loop
      vertex -3.65928 18.3407 2.75
      vertex -3.41211 18.1092 0
      vertex -3.65928 18.3407 0
    endloop
  endfacet
  facet normal -0.773045 -0.634351 0
    outer loop
      vertex 4.1056 25.1503 0
      vertex 3.89077 25.4121 2.75
      vertex 3.89077 25.4121 0
    endloop
  endfacet
  facet normal -0.773045 -0.634351 0
    outer loop
      vertex 3.89077 25.4121 2.75
      vertex 4.1056 25.1503 0
      vertex 4.1056 25.1503 2.75
    endloop
  endfacet
  facet normal -0.812784 -0.582564 0
    outer loop
      vertex 4.30285 24.8751 0
      vertex 4.1056 25.1503 2.75
      vertex 4.1056 25.1503 0
    endloop
  endfacet
  facet normal -0.812784 -0.582564 0
    outer loop
      vertex 4.1056 25.1503 2.75
      vertex 4.30285 24.8751 0
      vertex 4.30285 24.8751 2.75
    endloop
  endfacet
  facet normal 0.290278 0.956942 -0
    outer loop
      vertex -1.33939 17.0013 0
      vertex -1.66345 17.0996 2.75
      vertex -1.33939 17.0013 2.75
    endloop
  endfacet
  facet normal 0.290278 0.956942 0
    outer loop
      vertex -1.66345 17.0996 2.75
      vertex -1.33939 17.0013 0
      vertex -1.66345 17.0996 0
    endloop
  endfacet
  facet normal -0.0980385 0.995183 0
    outer loop
      vertex 0.675472 16.8693 0
      vertex 0.338461 16.8361 2.75
      vertex 0.675472 16.8693 2.75
    endloop
  endfacet
  facet normal -0.0980385 0.995183 0
    outer loop
      vertex 0.338461 16.8361 2.75
      vertex 0.675472 16.8693 0
      vertex 0.338461 16.8361 0
    endloop
  endfacet
  facet normal 0.956919 0.290354 0
    outer loop
      vertex -4.90036 20.3366 2.75
      vertex -4.99867 20.6606 0
      vertex -4.99867 20.6606 2.75
    endloop
  endfacet
  facet normal 0.956919 0.290354 0
    outer loop
      vertex -4.99867 20.6606 0
      vertex -4.90036 20.3366 2.75
      vertex -4.90036 20.3366 0
    endloop
  endfacet
  facet normal 0.352282 0.935894 -0
    outer loop
      vertex -1.66345 17.0996 0
      vertex -1.98039 17.2189 2.75
      vertex -1.66345 17.0996 2.75
    endloop
  endfacet
  facet normal 0.352282 0.935894 0
    outer loop
      vertex -1.98039 17.2189 2.75
      vertex -1.66345 17.0996 0
      vertex -1.98039 17.2189 0
    endloop
  endfacet
  facet normal 0.986639 -0.162924 0
    outer loop
      vertex -5.13073 22.6755 2.75
      vertex -5.07556 23.0096 0
      vertex -5.07556 23.0096 2.75
    endloop
  endfacet
  facet normal 0.986639 -0.162924 0
    outer loop
      vertex -5.07556 23.0096 0
      vertex -5.13073 22.6755 2.75
      vertex -5.13073 22.6755 0
    endloop
  endfacet
  facet normal 0.582578 0.812775 -0
    outer loop
      vertex -2.87508 17.6971 0
      vertex -3.15034 17.8944 2.75
      vertex -2.87508 17.6971 2.75
    endloop
  endfacet
  facet normal 0.582578 0.812775 0
    outer loop
      vertex -3.15034 17.8944 2.75
      vertex -2.87508 17.6971 0
      vertex -3.15034 17.8944 0
    endloop
  endfacet
  facet normal -0.162714 -0.986673 0
    outer loop
      vertex 0.675472 27.1307 0
      vertex 1.00959 27.0756 2.75
      vertex 0.675472 27.1307 2.75
    endloop
  endfacet
  facet normal -0.162714 -0.986673 -0
    outer loop
      vertex 1.00959 27.0756 2.75
      vertex 0.675472 27.1307 0
      vertex 1.00959 27.0756 0
    endloop
  endfacet
  facet normal -0.683592 0.729864 0
    outer loop
      vertex 3.65928 18.3407 0
      vertex 3.41211 18.1092 2.75
      vertex 3.65928 18.3407 2.75
    endloop
  endfacet
  facet normal -0.683592 0.729864 0
    outer loop
      vertex 3.41211 18.1092 2.75
      vertex 3.65928 18.3407 0
      vertex 3.41211 18.1092 0
    endloop
  endfacet
  facet normal -0.973883 -0.227052 0
    outer loop
      vertex 5.07556 23.0096 0
      vertex 4.99867 23.3394 2.75
      vertex 4.99867 23.3394 0
    endloop
  endfacet
  facet normal -0.973883 -0.227052 0
    outer loop
      vertex 4.99867 23.3394 2.75
      vertex 5.07556 23.0096 0
      vertex 5.07556 23.0096 2.75
    endloop
  endfacet
  facet normal 0.72992 -0.683532 0
    outer loop
      vertex -3.89077 25.4121 2.75
      vertex -3.65928 25.6593 0
      vertex -3.65928 25.6593 2.75
    endloop
  endfacet
  facet normal 0.72992 -0.683532 0
    outer loop
      vertex -3.65928 25.6593 0
      vertex -3.89077 25.4121 2.75
      vertex -3.89077 25.4121 0
    endloop
  endfacet
  facet normal -0.582578 -0.812775 0
    outer loop
      vertex 2.87508 26.3029 0
      vertex 3.15034 26.1056 2.75
      vertex 2.87508 26.3029 2.75
    endloop
  endfacet
  facet normal -0.582578 -0.812775 -0
    outer loop
      vertex 3.15034 26.1056 2.75
      vertex 2.87508 26.3029 0
      vertex 3.15034 26.1056 0
    endloop
  endfacet
  facet normal 0.849217 0.528044 0
    outer loop
      vertex -4.30285 19.1249 2.75
      vertex -4.48168 19.4125 0
      vertex -4.48168 19.4125 2.75
    endloop
  endfacet
  facet normal 0.849217 0.528044 0
    outer loop
      vertex -4.48168 19.4125 0
      vertex -4.30285 19.1249 2.75
      vertex -4.30285 19.1249 0
    endloop
  endfacet
  facet normal 0 0 -1
    outer loop
      vertex 5.16392 21.6615 2.75
      vertex 5.16392 22.3385 2.75
      vertex 5.175 22 2.75
    endloop
  endfacet
  facet normal 0 0 -1
    outer loop
      vertex 5.13073 21.3245 2.75
      vertex 5.16392 22.3385 2.75
      vertex 5.16392 21.6615 2.75
    endloop
  endfacet
  facet normal 0 0 -1
    outer loop
      vertex 5.13073 21.3245 2.75
      vertex 5.13073 22.6755 2.75
      vertex 5.16392 22.3385 2.75
    endloop
  endfacet
  facet normal 0 0 -1
    outer loop
      vertex 5.07556 20.9904 2.75
      vertex 5.13073 22.6755 2.75
      vertex 5.13073 21.3245 2.75
    endloop
  endfacet
  facet normal 0 0 -1
    outer loop
      vertex 5.07556 20.9904 2.75
      vertex 5.07556 23.0096 2.75
      vertex 5.13073 22.6755 2.75
    endloop
  endfacet
  facet normal 0 0 -1
    outer loop
      vertex 4.99867 20.6606 2.75
      vertex 5.07556 23.0096 2.75
      vertex 5.07556 20.9904 2.75
    endloop
  endfacet
  facet normal 0 0 -1
    outer loop
      vertex 4.99867 20.6606 2.75
      vertex 4.99867 23.3394 2.75
      vertex 5.07556 23.0096 2.75
    endloop
  endfacet
  facet normal 0 0 -1
    outer loop
      vertex 4.90036 20.3366 2.75
      vertex 4.99867 23.3394 2.75
      vertex 4.99867 20.6606 2.75
    endloop
  endfacet
  facet normal 0 0 -1
    outer loop
      vertex 4.90036 20.3366 2.75
      vertex 4.90036 23.6634 2.75
      vertex 4.99867 23.3394 2.75
    endloop
  endfacet
  facet normal 0 0 -1
    outer loop
      vertex 4.78108 20.0196 2.75
      vertex 4.90036 23.6634 2.75
      vertex 4.90036 20.3366 2.75
    endloop
  endfacet
  facet normal 0 0 -1
    outer loop
      vertex 4.78108 20.0196 2.75
      vertex 4.78108 23.9804 2.75
      vertex 4.90036 23.6634 2.75
    endloop
  endfacet
  facet normal 0 0 -1
    outer loop
      vertex 4.64132 19.7112 2.75
      vertex 4.78108 23.9804 2.75
      vertex 4.78108 20.0196 2.75
    endloop
  endfacet
  facet normal 0 0 -1
    outer loop
      vertex 4.64132 19.7112 2.75
      vertex 4.64132 24.2888 2.75
      vertex 4.78108 23.9804 2.75
    endloop
  endfacet
  facet normal 0 0 -1
    outer loop
      vertex 4.48168 19.4125 2.75
      vertex 4.64132 24.2888 2.75
      vertex 4.64132 19.7112 2.75
    endloop
  endfacet
  facet normal 0 0 -1
    outer loop
      vertex 4.48168 19.4125 2.75
      vertex 4.48168 24.5875 2.75
      vertex 4.64132 24.2888 2.75
    endloop
  endfacet
  facet normal 0 0 -1
    outer loop
      vertex 4.30285 19.1249 2.75
      vertex 4.48168 24.5875 2.75
      vertex 4.48168 19.4125 2.75
    endloop
  endfacet
  facet normal 0 0 -1
    outer loop
      vertex 4.30285 19.1249 2.75
      vertex 4.30285 24.8751 2.75
      vertex 4.48168 24.5875 2.75
    endloop
  endfacet
  facet normal 0 0 -1
    outer loop
      vertex 4.1056 18.8497 2.75
      vertex 4.30285 24.8751 2.75
      vertex 4.30285 19.1249 2.75
    endloop
  endfacet
  facet normal 0 0 -1
    outer loop
      vertex 4.1056 18.8497 2.75
      vertex 4.1056 25.1503 2.75
      vertex 4.30285 24.8751 2.75
    endloop
  endfacet
  facet normal 0 0 -1
    outer loop
      vertex 3.89077 18.5879 2.75
      vertex 4.1056 25.1503 2.75
      vertex 4.1056 18.8497 2.75
    endloop
  endfacet
  facet normal 0 0 -1
    outer loop
      vertex 3.89077 18.5879 2.75
      vertex 3.89077 25.4121 2.75
      vertex 4.1056 25.1503 2.75
    endloop
  endfacet
  facet normal 0 0 -1
    outer loop
      vertex 3.65928 18.3407 2.75
      vertex 3.89077 25.4121 2.75
      vertex 3.89077 18.5879 2.75
    endloop
  endfacet
  facet normal 0 0 -1
    outer loop
      vertex 3.65928 18.3407 2.75
      vertex 3.65928 25.6593 2.75
      vertex 3.89077 25.4121 2.75
    endloop
  endfacet
  facet normal 0 0 -1
    outer loop
      vertex 3.41211 18.1092 2.75
      vertex 3.65928 25.6593 2.75
      vertex 3.65928 18.3407 2.75
    endloop
  endfacet
  facet normal 0 0 -1
    outer loop
      vertex 3.41211 18.1092 2.75
      vertex 3.41211 25.8908 2.75
      vertex 3.65928 25.6593 2.75
    endloop
  endfacet
  facet normal 0 0 -1
    outer loop
      vertex 3.15034 17.8944 2.75
      vertex 3.41211 25.8908 2.75
      vertex 3.41211 18.1092 2.75
    endloop
  endfacet
  facet normal 0 0 -1
    outer loop
      vertex 3.15034 17.8944 2.75
      vertex 3.15034 26.1056 2.75
      vertex 3.41211 25.8908 2.75
    endloop
  endfacet
  facet normal 0 0 -1
    outer loop
      vertex 2.87508 17.6971 2.75
      vertex 3.15034 26.1056 2.75
      vertex 3.15034 17.8944 2.75
    endloop
  endfacet
  facet normal 0 0 -1
    outer loop
      vertex 2.87508 17.6971 2.75
      vertex 2.87508 26.3029 2.75
      vertex 3.15034 26.1056 2.75
    endloop
  endfacet
  facet normal 0 0 -1
    outer loop
      vertex 2.5875 17.5183 2.75
      vertex 2.87508 26.3029 2.75
      vertex 2.87508 17.6971 2.75
    endloop
  endfacet
  facet normal 0 0 -1
    outer loop
      vertex 2.5875 17.5183 2.75
      vertex 2.5875 26.4817 2.75
      vertex 2.87508 26.3029 2.75
    endloop
  endfacet
  facet normal 0 0 -1
    outer loop
      vertex 2.28884 17.3587 2.75
      vertex 2.5875 26.4817 2.75
      vertex 2.5875 17.5183 2.75
    endloop
  endfacet
  facet normal 0 0 -1
    outer loop
      vertex 2.28884 17.3587 2.75
      vertex 2.28884 26.6413 2.75
      vertex 2.5875 26.4817 2.75
    endloop
  endfacet
  facet normal 0 0 -1
    outer loop
      vertex 1.98039 17.2189 2.75
      vertex 2.28884 26.6413 2.75
      vertex 2.28884 17.3587 2.75
    endloop
  endfacet
  facet normal 0 0 -1
    outer loop
      vertex 1.98039 17.2189 2.75
      vertex 1.98039 26.7811 2.75
      vertex 2.28884 26.6413 2.75
    endloop
  endfacet
  facet normal 0 0 -1
    outer loop
      vertex 1.66345 17.0996 2.75
      vertex 1.98039 26.7811 2.75
      vertex 1.98039 17.2189 2.75
    endloop
  endfacet
  facet normal 0 0 -1
    outer loop
      vertex 1.66345 17.0996 2.75
      vertex 1.66345 26.9004 2.75
      vertex 1.98039 26.7811 2.75
    endloop
  endfacet
  facet normal 0 0 -1
    outer loop
      vertex 1.33939 17.0013 2.75
      vertex 1.66345 26.9004 2.75
      vertex 1.66345 17.0996 2.75
    endloop
  endfacet
  facet normal 0 0 -1
    outer loop
      vertex 1.33939 17.0013 2.75
      vertex 1.33939 26.9987 2.75
      vertex 1.66345 26.9004 2.75
    endloop
  endfacet
  facet normal 0 0 -1
    outer loop
      vertex 1.00959 16.9244 2.75
      vertex 1.33939 26.9987 2.75
      vertex 1.33939 17.0013 2.75
    endloop
  endfacet
  facet normal 0 0 -1
    outer loop
      vertex 1.00959 16.9244 2.75
      vertex 1.00959 27.0756 2.75
      vertex 1.33939 26.9987 2.75
    endloop
  endfacet
  facet normal 0 0 -1
    outer loop
      vertex 0.675472 16.8693 2.75
      vertex 1.00959 27.0756 2.75
      vertex 1.00959 16.9244 2.75
    endloop
  endfacet
  facet normal 0 0 -1
    outer loop
      vertex 0.675472 16.8693 2.75
      vertex 0.675472 27.1307 2.75
      vertex 1.00959 27.0756 2.75
    endloop
  endfacet
  facet normal 0 0 -1
    outer loop
      vertex 0.338461 16.8361 2.75
      vertex 0.675472 27.1307 2.75
      vertex 0.675472 16.8693 2.75
    endloop
  endfacet
  facet normal 0 0 -1
    outer loop
      vertex 0.338461 16.8361 2.75
      vertex 0.338461 27.1639 2.75
      vertex 0.675472 27.1307 2.75
    endloop
  endfacet
  facet normal 0 0 -1
    outer loop
      vertex 0 16.825 2.75
      vertex 0.338461 27.1639 2.75
      vertex 0.338461 16.8361 2.75
    endloop
  endfacet
  facet normal 0 0 -1
    outer loop
      vertex 0 16.825 2.75
      vertex 0 27.175 2.75
      vertex 0.338461 27.1639 2.75
    endloop
  endfacet
  facet normal 0 0 -1
    outer loop
      vertex -0.338461 16.8361 2.75
      vertex 0 27.175 2.75
      vertex 0 16.825 2.75
    endloop
  endfacet
  facet normal 0 0 -1
    outer loop
      vertex -0.338461 16.8361 2.75
      vertex -0.338461 27.1639 2.75
      vertex 0 27.175 2.75
    endloop
  endfacet
  facet normal 0 0 -1
    outer loop
      vertex -0.675472 16.8693 2.75
      vertex -0.338461 27.1639 2.75
      vertex -0.338461 16.8361 2.75
    endloop
  endfacet
  facet normal 0 0 -1
    outer loop
      vertex -0.675472 16.8693 2.75
      vertex -0.675472 27.1307 2.75
      vertex -0.338461 27.1639 2.75
    endloop
  endfacet
  facet normal 0 0 -1
    outer loop
      vertex -1.00959 16.9244 2.75
      vertex -0.675472 27.1307 2.75
      vertex -0.675472 16.8693 2.75
    endloop
  endfacet
  facet normal 0 0 -1
    outer loop
      vertex -1.00959 16.9244 2.75
      vertex -1.00959 27.0756 2.75
      vertex -0.675472 27.1307 2.75
    endloop
  endfacet
  facet normal 0 0 -1
    outer loop
      vertex -1.33939 17.0013 2.75
      vertex -1.00959 27.0756 2.75
      vertex -1.00959 16.9244 2.75
    endloop
  endfacet
  facet normal 0 0 -1
    outer loop
      vertex -1.33939 17.0013 2.75
      vertex -1.33939 26.9987 2.75
      vertex -1.00959 27.0756 2.75
    endloop
  endfacet
  facet normal 0 0 -1
    outer loop
      vertex -1.66345 17.0996 2.75
      vertex -1.33939 26.9987 2.75
      vertex -1.33939 17.0013 2.75
    endloop
  endfacet
  facet normal 0 0 -1
    outer loop
      vertex -1.66345 17.0996 2.75
      vertex -1.66345 26.9004 2.75
      vertex -1.33939 26.9987 2.75
    endloop
  endfacet
  facet normal 0 0 -1
    outer loop
      vertex -1.98039 17.2189 2.75
      vertex -1.66345 26.9004 2.75
      vertex -1.66345 17.0996 2.75
    endloop
  endfacet
  facet normal 0 0 -1
    outer loop
      vertex -1.98039 17.2189 2.75
      vertex -1.98039 26.7811 2.75
      vertex -1.66345 26.9004 2.75
    endloop
  endfacet
  facet normal 0 0 -1
    outer loop
      vertex -2.28884 17.3587 2.75
      vertex -1.98039 26.7811 2.75
      vertex -1.98039 17.2189 2.75
    endloop
  endfacet
  facet normal 0 0 -1
    outer loop
      vertex -2.28884 17.3587 2.75
      vertex -2.28884 26.6413 2.75
      vertex -1.98039 26.7811 2.75
    endloop
  endfacet
  facet normal 0 0 -1
    outer loop
      vertex -2.5875 17.5183 2.75
      vertex -2.28884 26.6413 2.75
      vertex -2.28884 17.3587 2.75
    endloop
  endfacet
  facet normal 0 0 -1
    outer loop
      vertex -2.5875 17.5183 2.75
      vertex -2.5875 26.4817 2.75
      vertex -2.28884 26.6413 2.75
    endloop
  endfacet
  facet normal 0 0 -1
    outer loop
      vertex -2.87508 17.6971 2.75
      vertex -2.5875 26.4817 2.75
      vertex -2.5875 17.5183 2.75
    endloop
  endfacet
  facet normal 0 0 -1
    outer loop
      vertex -2.87508 17.6971 2.75
      vertex -2.87508 26.3029 2.75
      vertex -2.5875 26.4817 2.75
    endloop
  endfacet
  facet normal 0 0 -1
    outer loop
      vertex -3.15034 17.8944 2.75
      vertex -2.87508 26.3029 2.75
      vertex -2.87508 17.6971 2.75
    endloop
  endfacet
  facet normal 0 0 -1
    outer loop
      vertex -3.15034 17.8944 2.75
      vertex -3.15034 26.1056 2.75
      vertex -2.87508 26.3029 2.75
    endloop
  endfacet
  facet normal 0 0 -1
    outer loop
      vertex -3.41211 18.1092 2.75
      vertex -3.15034 26.1056 2.75
      vertex -3.15034 17.8944 2.75
    endloop
  endfacet
  facet normal 0 0 -1
    outer loop
      vertex -3.41211 18.1092 2.75
      vertex -3.41211 25.8908 2.75
      vertex -3.15034 26.1056 2.75
    endloop
  endfacet
  facet normal 0 0 -1
    outer loop
      vertex -3.65928 18.3407 2.75
      vertex -3.41211 25.8908 2.75
      vertex -3.41211 18.1092 2.75
    endloop
  endfacet
  facet normal 0 0 -1
    outer loop
      vertex -3.65928 18.3407 2.75
      vertex -3.65928 25.6593 2.75
      vertex -3.41211 25.8908 2.75
    endloop
  endfacet
  facet normal 0 0 -1
    outer loop
      vertex -3.89077 18.5879 2.75
      vertex -3.65928 25.6593 2.75
      vertex -3.65928 18.3407 2.75
    endloop
  endfacet
  facet normal 0 0 -1
    outer loop
      vertex -3.89077 18.5879 2.75
      vertex -3.89077 25.4121 2.75
      vertex -3.65928 25.6593 2.75
    endloop
  endfacet
  facet normal 0 0 -1
    outer loop
      vertex -4.1056 18.8497 2.75
      vertex -3.89077 25.4121 2.75
      vertex -3.89077 18.5879 2.75
    endloop
  endfacet
  facet normal 0 0 -1
    outer loop
      vertex -4.1056 18.8497 2.75
      vertex -4.1056 25.1503 2.75
      vertex -3.89077 25.4121 2.75
    endloop
  endfacet
  facet normal 0 0 -1
    outer loop
      vertex -4.30285 19.1249 2.75
      vertex -4.1056 25.1503 2.75
      vertex -4.1056 18.8497 2.75
    endloop
  endfacet
  facet normal 0 0 -1
    outer loop
      vertex -4.30285 19.1249 2.75
      vertex -4.30285 24.8751 2.75
      vertex -4.1056 25.1503 2.75
    endloop
  endfacet
  facet normal 0 0 -1
    outer loop
      vertex -4.48168 19.4125 2.75
      vertex -4.30285 24.8751 2.75
      vertex -4.30285 19.1249 2.75
    endloop
  endfacet
  facet normal 0 0 -1
    outer loop
      vertex -4.48168 19.4125 2.75
      vertex -4.48168 24.5875 2.75
      vertex -4.30285 24.8751 2.75
    endloop
  endfacet
  facet normal 0 0 -1
    outer loop
      vertex -4.64132 19.7112 2.75
      vertex -4.48168 24.5875 2.75
      vertex -4.48168 19.4125 2.75
    endloop
  endfacet
  facet normal 0 0 -1
    outer loop
      vertex -4.64132 19.7112 2.75
      vertex -4.64132 24.2888 2.75
      vertex -4.48168 24.5875 2.75
    endloop
  endfacet
  facet normal 0 0 -1
    outer loop
      vertex -4.78108 20.0196 2.75
      vertex -4.64132 24.2888 2.75
      vertex -4.64132 19.7112 2.75
    endloop
  endfacet
  facet normal 0 0 -1
    outer loop
      vertex -4.78108 20.0196 2.75
      vertex -4.78108 23.9804 2.75
      vertex -4.64132 24.2888 2.75
    endloop
  endfacet
  facet normal 0 0 -1
    outer loop
      vertex -4.90036 20.3366 2.75
      vertex -4.78108 23.9804 2.75
      vertex -4.78108 20.0196 2.75
    endloop
  endfacet
  facet normal 0 0 -1
    outer loop
      vertex -4.90036 20.3366 2.75
      vertex -4.90036 23.6634 2.75
      vertex -4.78108 23.9804 2.75
    endloop
  endfacet
  facet normal 0 0 -1
    outer loop
      vertex -4.99867 20.6606 2.75
      vertex -4.90036 23.6634 2.75
      vertex -4.90036 20.3366 2.75
    endloop
  endfacet
  facet normal 0 0 -1
    outer loop
      vertex -4.99867 20.6606 2.75
      vertex -4.99867 23.3394 2.75
      vertex -4.90036 23.6634 2.75
    endloop
  endfacet
  facet normal 0 0 -1
    outer loop
      vertex -5.07556 20.9904 2.75
      vertex -4.99867 23.3394 2.75
      vertex -4.99867 20.6606 2.75
    endloop
  endfacet
  facet normal 0 0 -1
    outer loop
      vertex -5.07556 20.9904 2.75
      vertex -5.07556 23.0096 2.75
      vertex -4.99867 23.3394 2.75
    endloop
  endfacet
  facet normal 0 0 -1
    outer loop
      vertex -5.13073 21.3245 2.75
      vertex -5.07556 23.0096 2.75
      vertex -5.07556 20.9904 2.75
    endloop
  endfacet
  facet normal 0 0 -1
    outer loop
      vertex -5.13073 21.3245 2.75
      vertex -5.13073 22.6755 2.75
      vertex -5.07556 23.0096 2.75
    endloop
  endfacet
  facet normal 0 0 -1
    outer loop
      vertex -5.16392 21.6615 2.75
      vertex -5.13073 22.6755 2.75
      vertex -5.13073 21.3245 2.75
    endloop
  endfacet
  facet normal 0 0 -1
    outer loop
      vertex -5.16392 21.6615 2.75
      vertex -5.16392 22.3385 2.75
      vertex -5.13073 22.6755 2.75
    endloop
  endfacet
  facet normal 0 -0 -1
    outer loop
      vertex -5.16392 22.3385 2.75
      vertex -5.16392 21.6615 2.75
      vertex -5.175 22 2.75
    endloop
  endfacet
  facet normal -0.812784 0.582564 0
    outer loop
      vertex 4.1056 18.8497 0
      vertex 4.30285 19.1249 2.75
      vertex 4.30285 19.1249 0
    endloop
  endfacet
  facet normal -0.812784 0.582564 0
    outer loop
      vertex 4.30285 19.1249 2.75
      vertex 4.1056 18.8497 0
      vertex 4.1056 18.8497 2.75
    endloop
  endfacet
  facet normal -0.528007 0.84924 0
    outer loop
      vertex 2.87508 17.6971 0
      vertex 2.5875 17.5183 2.75
      vertex 2.87508 17.6971 2.75
    endloop
  endfacet
  facet normal -0.528007 0.84924 0
    outer loop
      vertex 2.5875 17.5183 2.75
      vertex 2.87508 17.6971 0
      vertex 2.5875 17.5183 0
    endloop
  endfacet
  facet normal -0.528007 -0.84924 0
    outer loop
      vertex 2.5875 26.4817 0
      vertex 2.87508 26.3029 2.75
      vertex 2.5875 26.4817 2.75
    endloop
  endfacet
  facet normal -0.528007 -0.84924 -0
    outer loop
      vertex 2.87508 26.3029 2.75
      vertex 2.5875 26.4817 0
      vertex 2.87508 26.3029 0
    endloop
  endfacet
  facet normal 0.471312 0.881967 -0
    outer loop
      vertex -2.28884 17.3587 0
      vertex -2.5875 17.5183 2.75
      vertex -2.28884 17.3587 2.75
    endloop
  endfacet
  facet normal 0.471312 0.881967 0
    outer loop
      vertex -2.5875 17.5183 2.75
      vertex -2.28884 17.3587 0
      vertex -2.5875 17.5183 0
    endloop
  endfacet
  facet normal -0.290278 0.956942 0
    outer loop
      vertex 1.66345 17.0996 0
      vertex 1.33939 17.0013 2.75
      vertex 1.66345 17.0996 2.75
    endloop
  endfacet
  facet normal -0.290278 0.956942 0
    outer loop
      vertex 1.33939 17.0013 2.75
      vertex 1.66345 17.0996 0
      vertex 1.33939 17.0013 0
    endloop
  endfacet
  facet normal 0.973883 -0.227052 0
    outer loop
      vertex -5.07556 23.0096 2.75
      vertex -4.99867 23.3394 0
      vertex -4.99867 23.3394 2.75
    endloop
  endfacet
  facet normal 0.973883 -0.227052 0
    outer loop
      vertex -4.99867 23.3394 0
      vertex -5.07556 23.0096 2.75
      vertex -5.07556 23.0096 0
    endloop
  endfacet
  facet normal -0.910835 0.41277 0
    outer loop
      vertex 4.64132 19.7112 0
      vertex 4.78108 20.0196 2.75
      vertex 4.78108 20.0196 0
    endloop
  endfacet
  facet normal -0.910835 0.41277 0
    outer loop
      vertex 4.78108 20.0196 2.75
      vertex 4.64132 19.7112 0
      vertex 4.64132 19.7112 2.75
    endloop
  endfacet
  facet normal 0.393919 0.919145 -0
    outer loop
      vertex -12.1813 28.8919 0
      vertex -12.182 28.8922 14
      vertex -12.1813 28.8919 14
    endloop
  endfacet
  facet normal 0.393919 0.919145 0
    outer loop
      vertex -12.182 28.8922 14
      vertex -12.1813 28.8919 0
      vertex -12.182 28.8922 0
    endloop
  endfacet
  facet normal 0.964458 -0.264235 0
    outer loop
      vertex -3.74041 8.51251 14
      vertex -3.74021 8.51324 0
      vertex -3.74021 8.51324 14
    endloop
  endfacet
  facet normal 0.964458 -0.264235 0
    outer loop
      vertex -3.74021 8.51324 0
      vertex -3.74041 8.51251 14
      vertex -3.74041 8.51251 0
    endloop
  endfacet
  facet normal 0 0 1
    outer loop
      vertex 9.89949 31.8995 14
      vertex 10.707 31.01 14
      vertex 10.3733 31.4018 14
    endloop
  endfacet
  facet normal 0 0 1
    outer loop
      vertex 10.3733 31.4018 14
      vertex 10.707 31.01 14
      vertex 10.7093 31.0123 14
    endloop
  endfacet
  facet normal 0 0 1
    outer loop
      vertex 13.9831 22.6869 14
      vertex 13.9831 21.3131 14
      vertex 14 22 14
    endloop
  endfacet
  facet normal -0 0 1
    outer loop
      vertex 13.942 23.2 14
      vertex 13.9831 22.6869 14
      vertex 13.9453 23.2 14
    endloop
  endfacet
  facet normal 0 0 1
    outer loop
      vertex 13.9831 22.6869 14
      vertex 13.942 23.2 14
      vertex 13.9831 21.3131 14
    endloop
  endfacet
  facet normal 0 0 1
    outer loop
      vertex 13.942 20.8 14
      vertex 13.9831 21.3131 14
      vertex 13.942 23.2 14
    endloop
  endfacet
  facet normal 0 0 1
    outer loop
      vertex 13.9831 21.3131 14
      vertex 13.942 20.8 14
      vertex 13.9453 20.8 14
    endloop
  endfacet
  facet normal 0 0 1
    outer loop
      vertex 13.8952 23.6754 14
      vertex 13.942 20.8 14
      vertex 13.942 23.2 14
    endloop
  endfacet
  facet normal 0 0 1
    outer loop
      vertex 13.8952 23.6754 14
      vertex 13.8952 20.3246 14
      vertex 13.942 20.8 14
    endloop
  endfacet
  facet normal 0 0 1
    outer loop
      vertex 13.8653 23.9178 14
      vertex 13.8952 20.3246 14
      vertex 13.8952 23.6754 14
    endloop
  endfacet
  facet normal 0 0 1
    outer loop
      vertex 13.8653 23.9178 14
      vertex 13.8653 20.0822 14
      vertex 13.8952 20.3246 14
    endloop
  endfacet
  facet normal 0 0 1
    outer loop
      vertex 13.731 24.7313 14
      vertex 13.8653 20.0822 14
      vertex 13.8653 23.9178 14
    endloop
  endfacet
  facet normal 0 0 1
    outer loop
      vertex 13.731 24.7313 14
      vertex 13.731 19.2687 14
      vertex 13.8653 20.0822 14
    endloop
  endfacet
  facet normal 0 0 1
    outer loop
      vertex 13.5438 25.5342 14
      vertex 13.731 19.2687 14
      vertex 13.731 24.7313 14
    endloop
  endfacet
  facet normal 0 0 1
    outer loop
      vertex 13.5438 25.5342 14
      vertex 13.5438 18.4658 14
      vertex 13.731 19.2687 14
    endloop
  endfacet
  facet normal 0 0 1
    outer loop
      vertex 13.4786 25.7696 14
      vertex 13.5438 18.4658 14
      vertex 13.5438 25.5342 14
    endloop
  endfacet
  facet normal 0 0 1
    outer loop
      vertex 13.4786 25.7696 14
      vertex 13.4786 18.2304 14
      vertex 13.5438 18.4658 14
    endloop
  endfacet
  facet normal 0 0 1
    outer loop
      vertex 13.3013 26.354 14
      vertex 13.4786 18.2304 14
      vertex 13.4786 25.7696 14
    endloop
  endfacet
  facet normal 0 0 1
    outer loop
      vertex 13.3013 26.354 14
      vertex 13.3013 17.646 14
      vertex 13.4786 18.2304 14
    endloop
  endfacet
  facet normal 0 0 1
    outer loop
      vertex 13.2247 26.5859 14
      vertex 13.3013 17.646 14
      vertex 13.3013 26.354 14
    endloop
  endfacet
  facet normal 0 0 1
    outer loop
      vertex 13.2247 26.5859 14
      vertex 13.2247 17.4141 14
      vertex 13.3013 17.646 14
    endloop
  endfacet
  facet normal 0 0 1
    outer loop
      vertex 12.9343 27.3576 14
      vertex 13.2247 17.4141 14
      vertex 13.2247 26.5859 14
    endloop
  endfacet
  facet normal 0 0 1
    outer loop
      vertex 12.9343 27.3576 14
      vertex 12.9343 16.6424 14
      vertex 13.2247 17.4141 14
    endloop
  endfacet
  facet normal 0 0 1
    outer loop
      vertex 12.594 28.1086 14
      vertex 12.9343 16.6424 14
      vertex 12.9343 27.3576 14
    endloop
  endfacet
  facet normal 0 0 1
    outer loop
      vertex 12.594 28.1086 14
      vertex 12.594 15.8914 14
      vertex 12.9343 16.6424 14
    endloop
  endfacet
  facet normal 0 0 1
    outer loop
      vertex 12.4842 28.3267 14
      vertex 12.594 15.8914 14
      vertex 12.594 28.1086 14
    endloop
  endfacet
  facet normal 0 0 1
    outer loop
      vertex 12.4842 28.3267 14
      vertex 12.4842 15.6733 14
      vertex 12.594 15.8914 14
    endloop
  endfacet
  facet normal 0 0 1
    outer loop
      vertex 12.1964 28.8653 14
      vertex 12.4842 15.6733 14
      vertex 12.4842 28.3267 14
    endloop
  endfacet
  facet normal 0 0 1
    outer loop
      vertex 12.1964 28.8653 14
      vertex 12.1964 15.1347 14
      vertex 12.4842 15.6733 14
    endloop
  endfacet
  facet normal 0 0 1
    outer loop
      vertex 12.076 29.0778 14
      vertex 12.1964 15.1347 14
      vertex 12.1964 28.8653 14
    endloop
  endfacet
  facet normal 0 0 1
    outer loop
      vertex 12.076 29.0778 14
      vertex 12.076 14.9222 14
      vertex 12.1964 15.1347 14
    endloop
  endfacet
  facet normal 0 0 1
    outer loop
      vertex 11.6406 29.778 14
      vertex 12.076 14.9222 14
      vertex 12.076 29.0778 14
    endloop
  endfacet
  facet normal 0 0 1
    outer loop
      vertex 11.6406 29.778 14
      vertex 11.6406 14.222 14
      vertex 12.076 14.9222 14
    endloop
  endfacet
  facet normal 0 0 1
    outer loop
      vertex 11.1603 30.4482 14
      vertex 11.6406 14.222 14
      vertex 11.6406 29.778 14
    endloop
  endfacet
  facet normal 0 0 1
    outer loop
      vertex 11.1603 30.4482 14
      vertex 11.1603 13.5518 14
      vertex 11.6406 14.222 14
    endloop
  endfacet
  facet normal 0 0 1
    outer loop
      vertex 11.0101 30.6407 14
      vertex 11.1603 13.5518 14
      vertex 11.1603 30.4482 14
    endloop
  endfacet
  facet normal 0 0 1
    outer loop
      vertex 11.0101 30.6407 14
      vertex 11.0101 13.3593 14
      vertex 11.1603 13.5518 14
    endloop
  endfacet
  facet normal 0 0 1
    outer loop
      vertex 10.707 31.01 14
      vertex 11.0101 13.3593 14
      vertex 11.0101 30.6407 14
    endloop
  endfacet
  facet normal 0 0 1
    outer loop
      vertex 11.0101 13.3593 14
      vertex 10.707 31.01 14
      vertex 10.707 12.99 14
    endloop
  endfacet
  facet normal 0 0 1
    outer loop
      vertex 10.707 12.99 14
      vertex 10.3733 12.5982 14
      vertex 10.7093 12.9877 14
    endloop
  endfacet
  facet normal 0 0 1
    outer loop
      vertex 9.00997 32.707 14
      vertex 10.707 31.01 14
      vertex 9.89949 31.8995 14
    endloop
  endfacet
  facet normal 0 0 1
    outer loop
      vertex 10.707 31.01 14
      vertex 9.00997 32.707 14
      vertex 10.707 12.99 14
    endloop
  endfacet
  facet normal 0 0 1
    outer loop
      vertex 10.707 12.99 14
      vertex 9.89949 12.1005 14
      vertex 10.3733 12.5982 14
    endloop
  endfacet
  facet normal 0 0 1
    outer loop
      vertex 9.00997 32.707 14
      vertex 9.89949 31.8995 14
      vertex 9.40182 32.3733 14
    endloop
  endfacet
  facet normal 0 0 1
    outer loop
      vertex 9.00997 11.293 14
      vertex 10.707 12.99 14
      vertex 9.00997 32.707 14
    endloop
  endfacet
  facet normal -0 0 1
    outer loop
      vertex 9.00997 32.707 14
      vertex 9.40182 32.3733 14
      vertex 9.01228 32.7093 14
    endloop
  endfacet
  facet normal 0 0 1
    outer loop
      vertex 10.707 12.99 14
      vertex 9.00997 11.293 14
      vertex 9.89949 12.1005 14
    endloop
  endfacet
  facet normal 0 0 1
    outer loop
      vertex 9.89949 12.1005 14
      vertex 9.00997 11.293 14
      vertex 9.40182 11.6267 14
    endloop
  endfacet
  facet normal 0 0 1
    outer loop
      vertex 9.40182 11.6267 14
      vertex 9.00997 11.293 14
      vertex 9.01228 11.2907 14
    endloop
  endfacet
  facet normal 0 0 1
    outer loop
      vertex 8.64071 33.0101 14
      vertex 9.00997 11.293 14
      vertex 9.00997 32.707 14
    endloop
  endfacet
  facet normal 0 0 1
    outer loop
      vertex 8.64071 33.0101 14
      vertex 8.64071 10.9899 14
      vertex 9.00997 11.293 14
    endloop
  endfacet
  facet normal 0 0 1
    outer loop
      vertex 8.44816 33.1603 14
      vertex 8.64071 10.9899 14
      vertex 8.64071 33.0101 14
    endloop
  endfacet
  facet normal 0 0 1
    outer loop
      vertex 8.44816 33.1603 14
      vertex 8.44816 10.8397 14
      vertex 8.64071 10.9899 14
    endloop
  endfacet
  facet normal 0 0 1
    outer loop
      vertex 7.77798 33.6406 14
      vertex 8.44816 10.8397 14
      vertex 8.44816 33.1603 14
    endloop
  endfacet
  facet normal 0 0 1
    outer loop
      vertex 7.77798 33.6406 14
      vertex 7.77798 10.3594 14
      vertex 8.44816 10.8397 14
    endloop
  endfacet
  facet normal 0 0 1
    outer loop
      vertex 7.07784 34.076 14
      vertex 7.77798 10.3594 14
      vertex 7.77798 33.6406 14
    endloop
  endfacet
  facet normal 0 0 1
    outer loop
      vertex 7.07784 34.076 14
      vertex 7.07784 9.92405 14
      vertex 7.77798 10.3594 14
    endloop
  endfacet
  facet normal 0 0 1
    outer loop
      vertex 6.8653 34.1964 14
      vertex 7.07784 9.92405 14
      vertex 7.07784 34.076 14
    endloop
  endfacet
  facet normal 0 0 1
    outer loop
      vertex 6.8653 34.1964 14
      vertex 6.8653 9.80364 14
      vertex 7.07784 9.92405 14
    endloop
  endfacet
  facet normal 0 0 1
    outer loop
      vertex 6.32674 34.4842 14
      vertex 6.8653 9.80364 14
      vertex 6.8653 34.1964 14
    endloop
  endfacet
  facet normal 0 0 1
    outer loop
      vertex 6.32674 34.4842 14
      vertex 6.32674 9.51578 14
      vertex 6.8653 9.80364 14
    endloop
  endfacet
  facet normal 0 0 1
    outer loop
      vertex 6.10855 34.594 14
      vertex 6.32674 9.51578 14
      vertex 6.32674 34.4842 14
    endloop
  endfacet
  facet normal 0 0 1
    outer loop
      vertex 6.10855 34.594 14
      vertex 6.10855 9.40595 14
      vertex 6.32674 9.51578 14
    endloop
  endfacet
  facet normal 0 0 1
    outer loop
      vertex 5.35757 34.9343 14
      vertex 6.10855 9.40595 14
      vertex 6.10855 34.594 14
    endloop
  endfacet
  facet normal 0 0 1
    outer loop
      vertex 5.35757 34.9343 14
      vertex 5.35757 9.06569 14
      vertex 6.10855 9.40595 14
    endloop
  endfacet
  facet normal 0 0 1
    outer loop
      vertex 4.58591 35.2247 14
      vertex 5.35757 9.06569 14
      vertex 5.35757 34.9343 14
    endloop
  endfacet
  facet normal 0 0 1
    outer loop
      vertex 4.58591 35.2247 14
      vertex 4.58591 8.77526 14
      vertex 5.35757 9.06569 14
    endloop
  endfacet
  facet normal 0 0 1
    outer loop
      vertex 4.35403 35.3013 14
      vertex 4.58591 8.77526 14
      vertex 4.58591 35.2247 14
    endloop
  endfacet
  facet normal 0 0 1
    outer loop
      vertex 4.35403 35.3013 14
      vertex 4.35403 8.69865 14
      vertex 4.58591 8.77526 14
    endloop
  endfacet
  facet normal 0 0 1
    outer loop
      vertex 3.7696 35.4786 14
      vertex 4.35403 8.69865 14
      vertex 4.35403 35.3013 14
    endloop
  endfacet
  facet normal 0 0 1
    outer loop
      vertex 3.7696 35.4786 14
      vertex 3.7696 8.52137 14
      vertex 4.35403 8.69865 14
    endloop
  endfacet
  facet normal 0 0 1
    outer loop
      vertex 3.53421 35.5438 14
      vertex 3.7696 8.52137 14
      vertex 3.7696 35.4786 14
    endloop
  endfacet
  facet normal 0 0 1
    outer loop
      vertex 3.53421 35.5438 14
      vertex 3.53421 8.45623 14
      vertex 3.7696 8.52137 14
    endloop
  endfacet
  facet normal 0 0 1
    outer loop
      vertex 2.73126 35.731 14
      vertex 3.53421 8.45623 14
      vertex 3.53421 35.5438 14
    endloop
  endfacet
  facet normal 0 0 1
    outer loop
      vertex 2.73126 35.731 14
      vertex 2.73126 8.26901 14
      vertex 3.53421 8.45623 14
    endloop
  endfacet
  facet normal 0 0 1
    outer loop
      vertex 1.9178 35.8653 14
      vertex 2.73126 8.26901 14
      vertex 2.73126 35.731 14
    endloop
  endfacet
  facet normal 0 0 1
    outer loop
      vertex 1.9178 35.8653 14
      vertex 1.9178 8.1347 14
      vertex 2.73126 8.26901 14
    endloop
  endfacet
  facet normal 0 0 1
    outer loop
      vertex 1.67537 35.8952 14
      vertex 1.9178 8.1347 14
      vertex 1.9178 35.8653 14
    endloop
  endfacet
  facet normal 0 0 1
    outer loop
      vertex 1.67537 35.8952 14
      vertex 1.67537 8.1048 14
      vertex 1.9178 8.1347 14
    endloop
  endfacet
  facet normal 0 0 1
    outer loop
      vertex 1.2 35.942 14
      vertex 1.67537 8.1048 14
      vertex 1.67537 35.8952 14
    endloop
  endfacet
  facet normal 0 0 1
    outer loop
      vertex 1.67537 8.1048 14
      vertex 1.2 35.942 14
      vertex 1.2 8.05798 14
    endloop
  endfacet
  facet normal -0 0 1
    outer loop
      vertex -11.0101 30.6407 14
      vertex -10.707 12.99 14
      vertex -10.707 31.01 14
    endloop
  endfacet
  facet normal 0 0 1
    outer loop
      vertex -11.0101 30.6407 14
      vertex -11.1069 13.4773 14
      vertex -10.707 12.99 14
    endloop
  endfacet
  facet normal -0 0 1
    outer loop
      vertex -11.1603 30.4482 14
      vertex -11.1069 13.4773 14
      vertex -11.0101 30.6407 14
    endloop
  endfacet
  facet normal -0 0 1
    outer loop
      vertex -11.6406 29.778 14
      vertex -11.1069 13.4773 14
      vertex -11.1603 30.4482 14
    endloop
  endfacet
  facet normal 0 0 1
    outer loop
      vertex -11.6406 29.778 14
      vertex -11.6406 14.222 14
      vertex -11.1069 13.4773 14
    endloop
  endfacet
  facet normal -0 0 1
    outer loop
      vertex -12.076 29.0778 14
      vertex -11.6406 14.222 14
      vertex -11.6406 29.778 14
    endloop
  endfacet
  facet normal 0 0 1
    outer loop
      vertex -12.076 29.0778 14
      vertex -12.1244 15 14
      vertex -11.6406 14.222 14
    endloop
  endfacet
  facet normal -0 0 1
    outer loop
      vertex -12.1813 28.8919 14
      vertex -12.1244 15 14
      vertex -12.076 29.0778 14
    endloop
  endfacet
  facet normal 0 0 1
    outer loop
      vertex -12.5562 28.192 14
      vertex -12.1813 28.8919 14
      vertex -12.182 28.8922 14
    endloop
  endfacet
  facet normal 0 0 1
    outer loop
      vertex -12.1813 28.8919 14
      vertex -12.5562 28.192 14
      vertex -12.1244 15 14
    endloop
  endfacet
  facet normal 0 0 1
    outer loop
      vertex -12.5562 28.192 14
      vertex -12.5562 15.808 14
      vertex -12.1244 15 14
    endloop
  endfacet
  facet normal -0 0 1
    outer loop
      vertex -12.9343 27.3576 14
      vertex -12.5562 15.808 14
      vertex -12.5562 28.192 14
    endloop
  endfacet
  facet normal 0 0 1
    outer loop
      vertex -12.9343 27.3576 14
      vertex -12.9343 16.6424 14
      vertex -12.5562 15.808 14
    endloop
  endfacet
  facet normal -0 0 1
    outer loop
      vertex -13.257 26.5002 14
      vertex -12.9343 16.6424 14
      vertex -12.9343 27.3576 14
    endloop
  endfacet
  facet normal 0 0 1
    outer loop
      vertex -13.257 26.5002 14
      vertex -13.257 17.4998 14
      vertex -12.9343 16.6424 14
    endloop
  endfacet
  facet normal -0 0 1
    outer loop
      vertex -13.523 25.6235 14
      vertex -13.257 17.4998 14
      vertex -13.257 26.5002 14
    endloop
  endfacet
  facet normal 0 0 1
    outer loop
      vertex -13.523 25.6235 14
      vertex -13.523 18.3765 14
      vertex -13.257 17.4998 14
    endloop
  endfacet
  facet normal -0 0 1
    outer loop
      vertex -13.731 24.7313 14
      vertex -13.523 18.3765 14
      vertex -13.523 25.6235 14
    endloop
  endfacet
  facet normal 0 0 1
    outer loop
      vertex -13.731 24.7313 14
      vertex -13.731 19.2687 14
      vertex -13.523 18.3765 14
    endloop
  endfacet
  facet normal 0 0 1
    outer loop
      vertex -13.942 23.2 14
      vertex -13.731 24.7313 14
      vertex -13.8802 23.8274 14
    endloop
  endfacet
  facet normal 0 0 1
    outer loop
      vertex -13.731 24.7313 14
      vertex -13.942 23.2 14
      vertex -13.731 19.2687 14
    endloop
  endfacet
  facet normal -0 0 1
    outer loop
      vertex -13.942 20.8 14
      vertex -13.731 19.2687 14
      vertex -13.942 23.2 14
    endloop
  endfacet
  facet normal 0 0 1
    outer loop
      vertex -13.731 19.2687 14
      vertex -13.942 20.8 14
      vertex -13.8802 20.1726 14
    endloop
  endfacet
  facet normal -0 0 1
    outer loop
      vertex -56.3 23.2 14
      vertex -13.942 20.8 14
      vertex -13.942 23.2 14
    endloop
  endfacet
  facet normal 0 0 1
    outer loop
      vertex -13.942 20.8 14
      vertex -56.3 23.2 14
      vertex -56.3 20.8 14
    endloop
  endfacet
  facet normal 0 0 1
    outer loop
      vertex -10.3733 31.4018 14
      vertex -10.7093 31.0123 14
      vertex -10.707 31.01 14
    endloop
  endfacet
  facet normal -0 0 1
    outer loop
      vertex -1.67537 35.8952 14
      vertex -1.2 8.05798 14
      vertex -1.2 35.942 14
    endloop
  endfacet
  facet normal 0 0 1
    outer loop
      vertex -1.67537 35.8952 14
      vertex -1.67537 8.1048 14
      vertex -1.2 8.05798 14
    endloop
  endfacet
  facet normal -0 0 1
    outer loop
      vertex -1.9178 35.8653 14
      vertex -1.67537 8.1048 14
      vertex -1.67537 35.8952 14
    endloop
  endfacet
  facet normal 0 0 1
    outer loop
      vertex -1.9178 35.8653 14
      vertex -1.9178 8.1347 14
      vertex -1.67537 8.1048 14
    endloop
  endfacet
  facet normal -0 0 1
    outer loop
      vertex -2.73126 35.731 14
      vertex -1.9178 8.1347 14
      vertex -1.9178 35.8653 14
    endloop
  endfacet
  facet normal 0 0 1
    outer loop
      vertex -2.73126 35.731 14
      vertex -2.73126 8.26901 14
      vertex -1.9178 8.1347 14
    endloop
  endfacet
  facet normal -0 0 1
    outer loop
      vertex -3.53421 35.5438 14
      vertex -2.73126 8.26901 14
      vertex -2.73126 35.731 14
    endloop
  endfacet
  facet normal 0 0 1
    outer loop
      vertex -3.53421 35.5438 14
      vertex -3.53421 8.45623 14
      vertex -2.73126 8.26901 14
    endloop
  endfacet
  facet normal 0 0 1
    outer loop
      vertex -3.53421 35.5438 14
      vertex -3.74021 8.51324 14
      vertex -3.53421 8.45623 14
    endloop
  endfacet
  facet normal -0 0 1
    outer loop
      vertex -3.7696 35.4786 14
      vertex -3.74021 8.51324 14
      vertex -3.53421 35.5438 14
    endloop
  endfacet
  facet normal -0 0 1
    outer loop
      vertex -4.35403 35.3013 14
      vertex -3.74021 8.51324 14
      vertex -3.7696 35.4786 14
    endloop
  endfacet
  facet normal -0 0 1
    outer loop
      vertex -4.50015 8.74298 14
      vertex -3.74021 8.51324 14
      vertex -4.35403 35.3013 14
    endloop
  endfacet
  facet normal 0 0 1
    outer loop
      vertex -3.74021 8.51324 14
      vertex -4.50015 8.74298 14
      vertex -3.74041 8.51251 14
    endloop
  endfacet
  facet normal -0 0 1
    outer loop
      vertex -4.58591 35.2247 14
      vertex -4.50015 8.74298 14
      vertex -4.35403 35.3013 14
    endloop
  endfacet
  facet normal -0 0 1
    outer loop
      vertex -5.35757 34.9343 14
      vertex -4.50015 8.74298 14
      vertex -4.58591 35.2247 14
    endloop
  endfacet
  facet normal 0 0 1
    outer loop
      vertex -5.35757 34.9343 14
      vertex -5.35757 9.06569 14
      vertex -4.50015 8.74298 14
    endloop
  endfacet
  facet normal -0 0 1
    outer loop
      vertex -6.10855 34.594 14
      vertex -5.35757 9.06569 14
      vertex -5.35757 34.9343 14
    endloop
  endfacet
  facet normal 0 0 1
    outer loop
      vertex -6.10855 34.594 14
      vertex -6.19204 9.44378 14
      vertex -5.35757 9.06569 14
    endloop
  endfacet
  facet normal -0 0 1
    outer loop
      vertex -6.32674 34.4842 14
      vertex -6.19204 9.44378 14
      vertex -6.10855 34.594 14
    endloop
  endfacet
  facet normal -0 0 1
    outer loop
      vertex -6.8653 34.1964 14
      vertex -6.19204 9.44378 14
      vertex -6.32674 34.4842 14
    endloop
  endfacet
  facet normal 0 0 1
    outer loop
      vertex -6.8653 34.1964 14
      vertex -7 9.87564 14
      vertex -6.19204 9.44378 14
    endloop
  endfacet
  facet normal -0 0 1
    outer loop
      vertex -7.07784 34.076 14
      vertex -7 9.87564 14
      vertex -6.8653 34.1964 14
    endloop
  endfacet
  facet normal -0 0 1
    outer loop
      vertex -7.77798 33.6406 14
      vertex -7 9.87564 14
      vertex -7.07784 34.076 14
    endloop
  endfacet
  facet normal 0 0 1
    outer loop
      vertex -7.77798 33.6406 14
      vertex -7.77798 10.3594 14
      vertex -7 9.87564 14
    endloop
  endfacet
  facet normal -0 0 1
    outer loop
      vertex -8.44816 33.1603 14
      vertex -7.77798 10.3594 14
      vertex -7.77798 33.6406 14
    endloop
  endfacet
  facet normal 0 0 1
    outer loop
      vertex -8.44816 33.1603 14
      vertex -8.52266 10.8931 14
      vertex -7.77798 10.3594 14
    endloop
  endfacet
  facet normal -0 0 1
    outer loop
      vertex -8.64071 33.0101 14
      vertex -8.52266 10.8931 14
      vertex -8.44816 33.1603 14
    endloop
  endfacet
  facet normal -0 0 1
    outer loop
      vertex -9.00997 32.707 14
      vertex -8.52266 10.8931 14
      vertex -8.64071 33.0101 14
    endloop
  endfacet
  facet normal 0 0 1
    outer loop
      vertex -9.00997 32.707 14
      vertex -9.00997 11.293 14
      vertex -8.52266 10.8931 14
    endloop
  endfacet
  facet normal 0 0 1
    outer loop
      vertex -9.40182 32.3733 14
      vertex -9.00997 32.707 14
      vertex -9.01228 32.7093 14
    endloop
  endfacet
  facet normal 0 0 1
    outer loop
      vertex -9.89949 31.8995 14
      vertex -9.00997 32.707 14
      vertex -9.40182 32.3733 14
    endloop
  endfacet
  facet normal 0 0 1
    outer loop
      vertex -10.707 31.01 14
      vertex -9.00997 32.707 14
      vertex -9.89949 31.8995 14
    endloop
  endfacet
  facet normal 0 0 1
    outer loop
      vertex -10.707 31.01 14
      vertex -9.89949 31.8995 14
      vertex -10.3733 31.4018 14
    endloop
  endfacet
  facet normal 0 0 1
    outer loop
      vertex -9.00997 32.707 14
      vertex -10.707 31.01 14
      vertex -9.00997 11.293 14
    endloop
  endfacet
  facet normal -0 0 1
    outer loop
      vertex -10.707 12.99 14
      vertex -9.00997 11.293 14
      vertex -10.707 31.01 14
    endloop
  endfacet
  facet normal 0 0 1
    outer loop
      vertex -10.707 12.99 14
      vertex -38.9616 -18.6586 14
      vertex -9.00997 11.293 14
    endloop
  endfacet
  facet normal 0 -0 1
    outer loop
      vertex -38.9616 -18.6586 14
      vertex -10.707 12.99 14
      vertex -40.6586 -16.9616 14
    endloop
  endfacet
  facet normal 0 0 1
    outer loop
      vertex 0.686947 35.9831 14
      vertex 1.2 35.942 14
      vertex 1.2 35.9453 14
    endloop
  endfacet
  facet normal 0 0 1
    outer loop
      vertex 0 36 14
      vertex 1.2 35.942 14
      vertex 0.686947 35.9831 14
    endloop
  endfacet
  facet normal 0 0 1
    outer loop
      vertex -1.2 35.942 14
      vertex 1.2 35.942 14
      vertex 0 36 14
    endloop
  endfacet
  facet normal 0 0 1
    outer loop
      vertex 1.2 8.05798 14
      vertex 0.686947 8.01686 14
      vertex 1.2 8.05471 14
    endloop
  endfacet
  facet normal 0 0 1
    outer loop
      vertex 1.2 35.942 14
      vertex -1.2 35.942 14
      vertex 1.2 8.05798 14
    endloop
  endfacet
  facet normal 0 0 1
    outer loop
      vertex 1.2 8.05798 14
      vertex 0 8 14
      vertex 0.686947 8.01686 14
    endloop
  endfacet
  facet normal 0 0 1
    outer loop
      vertex -1.2 35.942 14
      vertex 0 36 14
      vertex -0.686947 35.9831 14
    endloop
  endfacet
  facet normal 0 0 1
    outer loop
      vertex -1.2 8.05798 14
      vertex 1.2 8.05798 14
      vertex -1.2 35.942 14
    endloop
  endfacet
  facet normal 0 0 1
    outer loop
      vertex -1.2 35.942 14
      vertex -0.686947 35.9831 14
      vertex -1.2 35.9453 14
    endloop
  endfacet
  facet normal 0 0 1
    outer loop
      vertex 1.2 8.05798 14
      vertex -1.2 8.05798 14
      vertex 0 8 14
    endloop
  endfacet
  facet normal 0 0 1
    outer loop
      vertex 0 8 14
      vertex -1.2 8.05798 14
      vertex -0.686947 8.01686 14
    endloop
  endfacet
  facet normal 0 0 1
    outer loop
      vertex -0.686947 8.01686 14
      vertex -1.2 8.05798 14
      vertex -1.2 8.05471 14
    endloop
  endfacet
  facet normal -0.0734774 0.997297 0
    outer loop
      vertex -0.686947 35.9831 0
      vertex -1.2 35.9453 14
      vertex -0.686947 35.9831 14
    endloop
  endfacet
  facet normal -0.0734774 0.997297 0
    outer loop
      vertex -1.2 35.9453 14
      vertex -0.686947 35.9831 0
      vertex -1.2 35.9453 0
    endloop
  endfacet
  facet normal -0.0245942 0.999698 0
    outer loop
      vertex 0 36 0
      vertex -0.686947 35.9831 14
      vertex 0 36 14
    endloop
  endfacet
  facet normal -0.0245942 0.999698 0
    outer loop
      vertex -0.686947 35.9831 14
      vertex 0 36 0
      vertex -0.686947 35.9831 0
    endloop
  endfacet
  facet normal -0.122407 0.99248 0
    outer loop
      vertex -1.67537 35.8952 0
      vertex -1.9178 35.8653 14
      vertex -1.67537 35.8952 14
    endloop
  endfacet
  facet normal -0.122407 0.99248 0
    outer loop
      vertex -1.9178 35.8653 14
      vertex -1.67537 35.8952 0
      vertex -1.9178 35.8653 0
    endloop
  endfacet
  facet normal 0.997297 0.0734707 0
    outer loop
      vertex 13.9831 22.6869 14
      vertex 13.9453 23.2 0
      vertex 13.9453 23.2 14
    endloop
  endfacet
  facet normal 0.997297 0.0734707 0
    outer loop
      vertex 13.9453 23.2 0
      vertex 13.9831 22.6869 14
      vertex 13.9831 22.6869 0
    endloop
  endfacet
  facet normal 0.61506 0.78848 -0
    outer loop
      vertex 8.64071 33.0101 0
      vertex 8.44816 33.1603 14
      vertex 8.64071 33.0101 14
    endloop
  endfacet
  facet normal 0.61506 0.78848 0
    outer loop
      vertex 8.44816 33.1603 14
      vertex 8.64071 33.0101 0
      vertex 8.44816 33.1603 0
    endloop
  endfacet
  facet normal 0.0734774 0.997297 -0
    outer loop
      vertex 1.2 35.9453 0
      vertex 0.686947 35.9831 14
      vertex 1.2 35.9453 14
    endloop
  endfacet
  facet normal 0.0734774 0.997297 0
    outer loop
      vertex 0.686947 35.9831 14
      vertex 1.2 35.9453 0
      vertex 0.686947 35.9831 0
    endloop
  endfacet
  facet normal -0.313671 0.949532 0
    outer loop
      vertex -4.35403 35.3013 0
      vertex -4.58591 35.2247 14
      vertex -4.35403 35.3013 14
    endloop
  endfacet
  facet normal -0.313671 0.949532 0
    outer loop
      vertex -4.58591 35.2247 14
      vertex -4.35403 35.3013 0
      vertex -4.58591 35.2247 0
    endloop
  endfacet
  facet normal 0.999697 0.0245958 0
    outer loop
      vertex 14 22 14
      vertex 13.9831 22.6869 0
      vertex 13.9831 22.6869 14
    endloop
  endfacet
  facet normal 0.999697 0.0245958 0
    outer loop
      vertex 13.9831 22.6869 0
      vertex 14 22 14
      vertex 14 22 0
    endloop
  endfacet
  facet normal 0.449521 0.89327 -0
    outer loop
      vertex 6.32674 34.4842 0
      vertex 6.10855 34.594 14
      vertex 6.32674 34.4842 14
    endloop
  endfacet
  facet normal 0.449521 0.89327 0
    outer loop
      vertex 6.10855 34.594 14
      vertex 6.32674 34.4842 0
      vertex 6.10855 34.594 0
    endloop
  endfacet
  facet normal 0.724276 -0.68951 0
    outer loop
      vertex 9.89949 12.1005 14
      vertex 10.3733 12.5982 0
      vertex 10.3733 12.5982 14
    endloop
  endfacet
  facet normal 0.724276 -0.68951 0
    outer loop
      vertex 10.3733 12.5982 0
      vertex 9.89949 12.1005 14
      vertex 9.89949 12.1005 0
    endloop
  endfacet
  facet normal 0.992478 -0.122422 0
    outer loop
      vertex 13.8653 20.0822 14
      vertex 13.8952 20.3246 0
      vertex 13.8952 20.3246 14
    endloop
  endfacet
  facet normal 0.992478 -0.122422 0
    outer loop
      vertex 13.8952 20.3246 0
      vertex 13.8653 20.0822 14
      vertex 13.8653 20.0822 0
    endloop
  endfacet
  facet normal -0.492891 0.870091 0
    outer loop
      vertex -6.8653 34.1964 0
      vertex -7.07784 34.076 14
      vertex -6.8653 34.1964 14
    endloop
  endfacet
  facet normal -0.492891 0.870091 0
    outer loop
      vertex -7.07784 34.076 14
      vertex -6.8653 34.1964 0
      vertex -7.07784 34.076 0
    endloop
  endfacet
  facet normal -0.757194 0.65319 0
    outer loop
      vertex -10.7093 31.0123 0
      vertex -10.3733 31.4018 14
      vertex -10.3733 31.4018 0
    endloop
  endfacet
  facet normal -0.757194 0.65319 0
    outer loop
      vertex -10.3733 31.4018 14
      vertex -10.7093 31.0123 0
      vertex -10.7093 31.0123 14
    endloop
  endfacet
  facet normal 0.689524 -0.724263 0
    outer loop
      vertex 9.40182 11.6267 0
      vertex 9.89949 12.1005 14
      vertex 9.40182 11.6267 14
    endloop
  endfacet
  facet normal 0.689524 -0.724263 0
    outer loop
      vertex 9.89949 12.1005 14
      vertex 9.40182 11.6267 0
      vertex 9.89949 12.1005 0
    endloop
  endfacet
  facet normal -0.024536 -0.999699 0
    outer loop
      vertex -0.686947 8.01686 0
      vertex 0 8 14
      vertex -0.686947 8.01686 14
    endloop
  endfacet
  facet normal -0.024536 -0.999699 -0
    outer loop
      vertex 0 8 14
      vertex -0.686947 8.01686 0
      vertex 0 8 0
    endloop
  endfacet
  facet normal -0.449521 0.89327 0
    outer loop
      vertex -6.10855 34.594 0
      vertex -6.32674 34.4842 14
      vertex -6.10855 34.594 14
    endloop
  endfacet
  facet normal -0.449521 0.89327 0
    outer loop
      vertex -6.32674 34.4842 14
      vertex -6.10855 34.594 0
      vertex -6.32674 34.4842 0
    endloop
  endfacet
  facet normal 0.757194 -0.65319 0
    outer loop
      vertex 10.3733 12.5982 14
      vertex 10.7093 12.9877 0
      vertex 10.7093 12.9877 14
    endloop
  endfacet
  facet normal 0.757194 -0.65319 0
    outer loop
      vertex 10.7093 12.9877 0
      vertex 10.3733 12.5982 14
      vertex 10.3733 12.5982 0
    endloop
  endfacet
  facet normal -0.61506 0.78848 0
    outer loop
      vertex -8.44816 33.1603 0
      vertex -8.64071 33.0101 14
      vertex -8.44816 33.1603 14
    endloop
  endfacet
  facet normal -0.61506 0.78848 0
    outer loop
      vertex -8.64071 33.0101 14
      vertex -8.44816 33.1603 0
      vertex -8.64071 33.0101 0
    endloop
  endfacet
  facet normal 0.266936 0.963714 -0
    outer loop
      vertex 3.7696 35.4786 0
      vertex 3.53421 35.5438 14
      vertex 3.7696 35.4786 14
    endloop
  endfacet
  facet normal 0.266936 0.963714 0
    outer loop
      vertex 3.53421 35.5438 14
      vertex 3.7696 35.4786 0
      vertex 3.53421 35.5438 0
    endloop
  endfacet
  facet normal 0.024536 -0.999699 0
    outer loop
      vertex 0 8 0
      vertex 0.686947 8.01686 14
      vertex 0 8 14
    endloop
  endfacet
  facet normal 0.024536 -0.999699 0
    outer loop
      vertex 0.686947 8.01686 14
      vertex 0 8 0
      vertex 0.686947 8.01686 0
    endloop
  endfacet
  facet normal 0.313671 0.949532 -0
    outer loop
      vertex 4.58591 35.2247 0
      vertex 4.35403 35.3013 14
      vertex 4.58591 35.2247 14
    endloop
  endfacet
  facet normal 0.313671 0.949532 0
    outer loop
      vertex 4.35403 35.3013 14
      vertex 4.58591 35.2247 0
      vertex 4.35403 35.3013 0
    endloop
  endfacet
  facet normal -0.122407 -0.99248 0
    outer loop
      vertex -1.9178 8.1347 0
      vertex -1.67537 8.1048 14
      vertex -1.9178 8.1347 14
    endloop
  endfacet
  facet normal -0.122407 -0.99248 -0
    outer loop
      vertex -1.67537 8.1048 14
      vertex -1.9178 8.1347 0
      vertex -1.67537 8.1048 0
    endloop
  endfacet
  facet normal 0.492891 0.870091 -0
    outer loop
      vertex 7.07784 34.076 0
      vertex 6.8653 34.1964 14
      vertex 7.07784 34.076 14
    endloop
  endfacet
  facet normal 0.492891 0.870091 0
    outer loop
      vertex 6.8653 34.1964 14
      vertex 7.07784 34.076 0
      vertex 6.8653 34.1964 0
    endloop
  endfacet
  facet normal 0.122407 0.99248 -0
    outer loop
      vertex 1.9178 35.8653 0
      vertex 1.67537 35.8952 14
      vertex 1.9178 35.8653 14
    endloop
  endfacet
  facet normal 0.122407 0.99248 0
    outer loop
      vertex 1.67537 35.8952 14
      vertex 1.9178 35.8653 0
      vertex 1.67537 35.8952 0
    endloop
  endfacet
  facet normal 0.449619 -0.89322 0
    outer loop
      vertex 6.10855 9.40595 0
      vertex 6.32674 9.51578 14
      vertex 6.10855 9.40595 14
    endloop
  endfacet
  facet normal 0.449619 -0.89322 0
    outer loop
      vertex 6.32674 9.51578 14
      vertex 6.10855 9.40595 0
      vertex 6.32674 9.51578 0
    endloop
  endfacet
  facet normal 0.492922 -0.870074 0
    outer loop
      vertex 6.8653 9.80364 0
      vertex 7.07784 9.92405 14
      vertex 6.8653 9.80364 14
    endloop
  endfacet
  facet normal 0.492922 -0.870074 0
    outer loop
      vertex 7.07784 9.92405 14
      vertex 6.8653 9.80364 0
      vertex 7.07784 9.92405 0
    endloop
  endfacet
  facet normal 0.689524 0.724263 -0
    outer loop
      vertex 9.89949 31.8995 0
      vertex 9.40182 32.3733 14
      vertex 9.89949 31.8995 14
    endloop
  endfacet
  facet normal 0.689524 0.724263 0
    outer loop
      vertex 9.40182 32.3733 14
      vertex 9.89949 31.8995 0
      vertex 9.40182 32.3733 0
    endloop
  endfacet
  facet normal 0.0735741 -0.99729 0
    outer loop
      vertex 0.686947 8.01686 0
      vertex 1.2 8.05471 14
      vertex 0.686947 8.01686 14
    endloop
  endfacet
  facet normal 0.0735741 -0.99729 0
    outer loop
      vertex 1.2 8.05471 14
      vertex 0.686947 8.01686 0
      vertex 1.2 8.05471 0
    endloop
  endfacet
  facet normal -0.870109 0.492859 0
    outer loop
      vertex -12.1813 28.8919 0
      vertex -12.076 29.0778 14
      vertex -12.076 29.0778 0
    endloop
  endfacet
  facet normal -0.870109 0.492859 0
    outer loop
      vertex -12.076 29.0778 14
      vertex -12.1813 28.8919 0
      vertex -12.1813 28.8919 14
    endloop
  endfacet
  facet normal 0.653151 0.757228 -0
    outer loop
      vertex 9.40182 32.3733 0
      vertex 9.01228 32.7093 14
      vertex 9.40182 32.3733 14
    endloop
  endfacet
  facet normal 0.653151 0.757228 0
    outer loop
      vertex 9.01228 32.7093 14
      vertex 9.40182 32.3733 0
      vertex 9.01228 32.7093 0
    endloop
  endfacet
  facet normal 0.963717 -0.266926 0
    outer loop
      vertex 13.4786 18.2304 14
      vertex 13.5438 18.4658 0
      vertex 13.5438 18.4658 14
    endloop
  endfacet
  facet normal 0.963717 -0.266926 0
    outer loop
      vertex 13.5438 18.4658 0
      vertex 13.4786 18.2304 14
      vertex 13.4786 18.2304 0
    endloop
  endfacet
  facet normal 0.999697 -0.0245958 0
    outer loop
      vertex 13.9831 21.3131 14
      vertex 14 22 0
      vertex 14 22 14
    endloop
  endfacet
  facet normal 0.999697 -0.0245958 0
    outer loop
      vertex 14 22 0
      vertex 13.9831 21.3131 14
      vertex 13.9831 21.3131 0
    endloop
  endfacet
  facet normal 0.788403 0.615159 0
    outer loop
      vertex 11.1603 30.4482 14
      vertex 11.0101 30.6407 0
      vertex 11.0101 30.6407 14
    endloop
  endfacet
  facet normal 0.788403 0.615159 0
    outer loop
      vertex 11.0101 30.6407 0
      vertex 11.1603 30.4482 14
      vertex 11.1603 30.4482 0
    endloop
  endfacet
  facet normal 0.122407 -0.99248 0
    outer loop
      vertex 1.67537 8.1048 0
      vertex 1.9178 8.1347 14
      vertex 1.67537 8.1048 14
    endloop
  endfacet
  facet normal 0.122407 -0.99248 0
    outer loop
      vertex 1.9178 8.1347 14
      vertex 1.67537 8.1048 0
      vertex 1.9178 8.1347 0
    endloop
  endfacet
  facet normal 0.724276 0.68951 0
    outer loop
      vertex 10.3733 31.4018 14
      vertex 9.89949 31.8995 0
      vertex 9.89949 31.8995 14
    endloop
  endfacet
  facet normal 0.724276 0.68951 0
    outer loop
      vertex 9.89949 31.8995 0
      vertex 10.3733 31.4018 14
      vertex 10.3733 31.4018 0
    endloop
  endfacet
  facet normal 0.963717 0.266926 0
    outer loop
      vertex 13.5438 25.5342 14
      vertex 13.4786 25.7696 0
      vertex 13.4786 25.7696 14
    endloop
  endfacet
  facet normal 0.963717 0.266926 0
    outer loop
      vertex 13.4786 25.7696 0
      vertex 13.5438 25.5342 14
      vertex 13.5438 25.5342 0
    endloop
  endfacet
  facet normal 0.870051 -0.492961 0
    outer loop
      vertex 12.076 14.9222 14
      vertex 12.1964 15.1347 0
      vertex 12.1964 15.1347 14
    endloop
  endfacet
  facet normal 0.870051 -0.492961 0
    outer loop
      vertex 12.1964 15.1347 0
      vertex 12.076 14.9222 14
      vertex 12.076 14.9222 0
    endloop
  endfacet
  facet normal 0.94954 -0.313647 0
    outer loop
      vertex 13.2247 17.4141 14
      vertex 13.3013 17.646 0
      vertex 13.3013 17.646 14
    endloop
  endfacet
  facet normal 0.94954 -0.313647 0
    outer loop
      vertex 13.3013 17.646 0
      vertex 13.2247 17.4141 14
      vertex 13.2247 17.4141 0
    endloop
  endfacet
  facet normal 0.0245942 0.999698 -0
    outer loop
      vertex 0.686947 35.9831 0
      vertex 0 36 14
      vertex 0.686947 35.9831 14
    endloop
  endfacet
  facet normal 0.0245942 0.999698 0
    outer loop
      vertex 0 36 14
      vertex 0.686947 35.9831 0
      vertex 0 36 0
    endloop
  endfacet
  facet normal -0.689524 0.724263 0
    outer loop
      vertex -9.40182 32.3733 0
      vertex -9.89949 31.8995 14
      vertex -9.40182 32.3733 14
    endloop
  endfacet
  facet normal -0.689524 0.724263 0
    outer loop
      vertex -9.89949 31.8995 14
      vertex -9.40182 32.3733 0
      vertex -9.89949 31.8995 0
    endloop
  endfacet
  facet normal -0.266936 0.963714 0
    outer loop
      vertex -3.53421 35.5438 0
      vertex -3.7696 35.4786 14
      vertex -3.53421 35.5438 14
    endloop
  endfacet
  facet normal -0.266936 0.963714 0
    outer loop
      vertex -3.7696 35.4786 14
      vertex -3.53421 35.5438 0
      vertex -3.7696 35.4786 0
    endloop
  endfacet
  facet normal 0.653151 -0.757228 0
    outer loop
      vertex 9.01228 11.2907 0
      vertex 9.40182 11.6267 14
      vertex 9.01228 11.2907 14
    endloop
  endfacet
  facet normal 0.653151 -0.757228 0
    outer loop
      vertex 9.40182 11.6267 14
      vertex 9.01228 11.2907 0
      vertex 9.40182 11.6267 0
    endloop
  endfacet
  facet normal -0.266722 -0.963774 0
    outer loop
      vertex -3.74021 8.51324 0
      vertex -3.53421 8.45623 14
      vertex -3.74021 8.51324 14
    endloop
  endfacet
  facet normal -0.266722 -0.963774 -0
    outer loop
      vertex -3.53421 8.45623 14
      vertex -3.74021 8.51324 0
      vertex -3.53421 8.45623 0
    endloop
  endfacet
  facet normal -0.788403 0.615159 0
    outer loop
      vertex -11.1603 30.4482 0
      vertex -11.0101 30.6407 14
      vertex -11.0101 30.6407 0
    endloop
  endfacet
  facet normal -0.788403 0.615159 0
    outer loop
      vertex -11.0101 30.6407 14
      vertex -11.1603 30.4482 0
      vertex -11.1603 30.4482 14
    endloop
  endfacet
  facet normal 0.313708 -0.949519 0
    outer loop
      vertex 4.35403 8.69865 0
      vertex 4.58591 8.77526 14
      vertex 4.35403 8.69865 14
    endloop
  endfacet
  facet normal 0.313708 -0.949519 0
    outer loop
      vertex 4.58591 8.77526 14
      vertex 4.35403 8.69865 0
      vertex 4.58591 8.77526 0
    endloop
  endfacet
  facet normal 0.757194 0.65319 0
    outer loop
      vertex 10.7093 31.0123 14
      vertex 10.3733 31.4018 0
      vertex 10.3733 31.4018 14
    endloop
  endfacet
  facet normal 0.757194 0.65319 0
    outer loop
      vertex 10.3733 31.4018 0
      vertex 10.7093 31.0123 14
      vertex 10.7093 31.0123 0
    endloop
  endfacet
  facet normal 0.870051 0.492961 0
    outer loop
      vertex 12.1964 28.8653 14
      vertex 12.076 29.0778 0
      vertex 12.076 29.0778 14
    endloop
  endfacet
  facet normal 0.870051 0.492961 0
    outer loop
      vertex 12.076 29.0778 0
      vertex 12.1964 28.8653 14
      vertex 12.1964 28.8653 0
    endloop
  endfacet
  facet normal 0.992478 0.122422 0
    outer loop
      vertex 13.8952 23.6754 14
      vertex 13.8653 23.9178 0
      vertex 13.8653 23.9178 14
    endloop
  endfacet
  facet normal 0.992478 0.122422 0
    outer loop
      vertex 13.8653 23.9178 0
      vertex 13.8952 23.6754 14
      vertex 13.8952 23.6754 0
    endloop
  endfacet
  facet normal 0.94954 0.313647 0
    outer loop
      vertex 13.3013 26.354 14
      vertex 13.2247 26.5859 0
      vertex 13.2247 26.5859 14
    endloop
  endfacet
  facet normal 0.94954 0.313647 0
    outer loop
      vertex 13.2247 26.5859 0
      vertex 13.3013 26.354 14
      vertex 13.3013 26.354 0
    endloop
  endfacet
  facet normal 0.893195 0.449669 0
    outer loop
      vertex 12.594 28.1086 14
      vertex 12.4842 28.3267 0
      vertex 12.4842 28.3267 14
    endloop
  endfacet
  facet normal 0.893195 0.449669 0
    outer loop
      vertex 12.4842 28.3267 0
      vertex 12.594 28.1086 14
      vertex 12.594 28.1086 0
    endloop
  endfacet
  facet normal -0.724276 0.68951 0
    outer loop
      vertex -10.3733 31.4018 0
      vertex -9.89949 31.8995 14
      vertex -9.89949 31.8995 0
    endloop
  endfacet
  facet normal -0.724276 0.68951 0
    outer loop
      vertex -9.89949 31.8995 14
      vertex -10.3733 31.4018 0
      vertex -10.3733 31.4018 14
    endloop
  endfacet
  facet normal 0.997297 -0.0734707 0
    outer loop
      vertex 13.9453 20.8 14
      vertex 13.9831 21.3131 0
      vertex 13.9831 21.3131 14
    endloop
  endfacet
  facet normal 0.997297 -0.0734707 0
    outer loop
      vertex 13.9831 21.3131 0
      vertex 13.9453 20.8 14
      vertex 13.9453 20.8 0
    endloop
  endfacet
  facet normal -0.0735741 -0.99729 0
    outer loop
      vertex -1.2 8.05471 0
      vertex -0.686947 8.01686 14
      vertex -1.2 8.05471 14
    endloop
  endfacet
  facet normal -0.0735741 -0.99729 -0
    outer loop
      vertex -0.686947 8.01686 14
      vertex -1.2 8.05471 0
      vertex -0.686947 8.01686 0
    endloop
  endfacet
  facet normal 0.61506 -0.78848 0
    outer loop
      vertex 8.44816 10.8397 0
      vertex 8.64071 10.9899 14
      vertex 8.44816 10.8397 14
    endloop
  endfacet
  facet normal 0.61506 -0.78848 0
    outer loop
      vertex 8.64071 10.9899 14
      vertex 8.44816 10.8397 0
      vertex 8.64071 10.9899 0
    endloop
  endfacet
  facet normal 0.893195 -0.449669 0
    outer loop
      vertex 12.4842 15.6733 14
      vertex 12.594 15.8914 0
      vertex 12.594 15.8914 14
    endloop
  endfacet
  facet normal 0.893195 -0.449669 0
    outer loop
      vertex 12.594 15.8914 0
      vertex 12.4842 15.6733 14
      vertex 12.4842 15.6733 0
    endloop
  endfacet
  facet normal 0.788403 -0.615159 0
    outer loop
      vertex 11.0101 13.3593 14
      vertex 11.1603 13.5518 0
      vertex 11.1603 13.5518 14
    endloop
  endfacet
  facet normal 0.788403 -0.615159 0
    outer loop
      vertex 11.1603 13.5518 0
      vertex 11.0101 13.3593 14
      vertex 11.0101 13.3593 0
    endloop
  endfacet
  facet normal -0.653151 0.757228 0
    outer loop
      vertex -9.01228 32.7093 0
      vertex -9.40182 32.3733 14
      vertex -9.01228 32.7093 14
    endloop
  endfacet
  facet normal -0.653151 0.757228 0
    outer loop
      vertex -9.40182 32.3733 14
      vertex -9.01228 32.7093 0
      vertex -9.40182 32.3733 0
    endloop
  endfacet
  facet normal 0.266708 -0.963777 0
    outer loop
      vertex 3.53421 8.45623 0
      vertex 3.7696 8.52137 14
      vertex 3.53421 8.45623 14
    endloop
  endfacet
  facet normal 0.266708 -0.963777 0
    outer loop
      vertex 3.7696 8.52137 14
      vertex 3.53421 8.45623 0
      vertex 3.7696 8.52137 0
    endloop
  endfacet
endsolid OpenSCAD_Model
