solid OpenSCAD_Model
  facet normal 0.405486 0.914101 -0
    outer loop
      vertex 23 39.4155 0
      vertex 22.961 39.4328 36
      vertex 23 39.4155 36
    endloop
  endfacet
  facet normal 0.405486 0.914101 0
    outer loop
      vertex 22.961 39.4328 36
      vertex 23 39.4155 0
      vertex 22.961 39.4328 0
    endloop
  endfacet
  facet normal 0.219087 0.975705 -0
    outer loop
      vertex 14.5788 42.2019 0
      vertex 11.7054 42.8471 4
      vertex 14.5788 42.2019 4
    endloop
  endfacet
  facet normal 0.219087 0.975705 0
    outer loop
      vertex 11.7054 42.8471 4
      vertex 14.5788 42.2019 0
      vertex 11.7054 42.8471 0
    endloop
  endfacet
  facet normal 0.359875 0.933 -0
    outer loop
      vertex 22.961 39.4328 0
      vertex 20.2134 40.4926 36
      vertex 22.961 39.4328 36
    endloop
  endfacet
  facet normal 0.359875 0.933 0
    outer loop
      vertex 20.2134 40.4926 36
      vertex 22.961 39.4328 0
      vertex 20.2134 40.4926 0
    endloop
  endfacet
  facet normal -0.359875 0.933 0
    outer loop
      vertex -20.2134 40.4926 0
      vertex -22.961 39.4328 36
      vertex -20.2134 40.4926 36
    endloop
  endfacet
  facet normal -0.359875 0.933 0
    outer loop
      vertex -22.961 39.4328 36
      vertex -20.2134 40.4926 0
      vertex -22.961 39.4328 0
    endloop
  endfacet
  facet normal -0.170972 0.985276 0
    outer loop
      vertex -8.80383 43.3506 0
      vertex -11.7054 42.8471 4
      vertex -8.80383 43.3506 4
    endloop
  endfacet
  facet normal -0.170972 0.985276 0
    outer loop
      vertex -11.7054 42.8471 4
      vertex -8.80383 43.3506 0
      vertex -11.7054 42.8471 0
    endloop
  endfacet
  facet normal 0.122413 0.992479 -0
    outer loop
      vertex 8.80383 43.3506 0
      vertex 5.88103 43.7111 4
      vertex 8.80383 43.3506 4
    endloop
  endfacet
  facet normal 0.122413 0.992479 0
    outer loop
      vertex 5.88103 43.7111 4
      vertex 8.80383 43.3506 0
      vertex 5.88103 43.7111 0
    endloop
  endfacet
  facet normal -0.219087 0.975705 0
    outer loop
      vertex -11.7054 42.8471 0
      vertex -14.5788 42.2019 4
      vertex -11.7054 42.8471 4
    endloop
  endfacet
  facet normal -0.219087 0.975705 0
    outer loop
      vertex -14.5788 42.2019 4
      vertex -11.7054 42.8471 0
      vertex -14.5788 42.2019 0
    endloop
  endfacet
  facet normal -0.122413 0.992479 0
    outer loop
      vertex -5.88103 43.7111 0
      vertex -8.80383 43.3506 4
      vertex -5.88103 43.7111 4
    endloop
  endfacet
  facet normal -0.122413 0.992479 0
    outer loop
      vertex -8.80383 43.3506 4
      vertex -5.88103 43.7111 0
      vertex -8.80383 43.3506 0
    endloop
  endfacet
  facet normal -0.0735497 0.997292 0
    outer loop
      vertex -2.94406 43.9277 0
      vertex -5.88103 43.7111 4
      vertex -2.94406 43.9277 4
    endloop
  endfacet
  facet normal -0.0735497 0.997292 0
    outer loop
      vertex -5.88103 43.7111 4
      vertex -2.94406 43.9277 0
      vertex -5.88103 43.7111 0
    endloop
  endfacet
  facet normal 0.170972 0.985276 -0
    outer loop
      vertex 11.7054 42.8471 0
      vertex 8.80383 43.3506 4
      vertex 11.7054 42.8471 4
    endloop
  endfacet
  facet normal 0.170972 0.985276 0
    outer loop
      vertex 8.80383 43.3506 4
      vertex 11.7054 42.8471 0
      vertex 8.80383 43.3506 0
    endloop
  endfacet
  facet normal -0.313698 0.949523 0
    outer loop
      vertex -18.4 41.0917 12.565
      vertex -20.2134 40.4926 36
      vertex -18.4 41.0917 36
    endloop
  endfacet
  facet normal -0.31369 0.949525 0
    outer loop
      vertex -20.2134 40.4926 0
      vertex -17.4171 41.4164 12.2778
      vertex -17.4171 41.4164 0
    endloop
  endfacet
  facet normal -0.313698 0.949523 0
    outer loop
      vertex -18.4 41.0917 12.565
      vertex -20.2134 40.4926 0
      vertex -20.2134 40.4926 36
    endloop
  endfacet
  facet normal -0.313677 0.94953 -3.27626e-06
    outer loop
      vertex -17.4171 41.4164 12.2778
      vertex -20.2134 40.4926 0
      vertex -18.4 41.0917 12.565
    endloop
  endfacet
  facet normal -0.31336 0.949634 0
    outer loop
      vertex -17.4171 41.4164 35.9848
      vertex -17.4668 41.4 36
      vertex -17.4171 41.4164 36
    endloop
  endfacet
  facet normal 0.0245505 0.999699 -0
    outer loop
      vertex 2.94406 43.9277 0
      vertex 0 44 4
      vertex 2.94406 43.9277 4
    endloop
  endfacet
  facet normal 0.0245505 0.999699 0
    outer loop
      vertex 0 44 4
      vertex 2.94406 43.9277 0
      vertex 0 44 0
    endloop
  endfacet
  facet normal -0.0245505 0.999699 0
    outer loop
      vertex 0 44 0
      vertex -2.94406 43.9277 4
      vertex 0 44 4
    endloop
  endfacet
  facet normal -0.0245505 0.999699 0
    outer loop
      vertex -2.94406 43.9277 4
      vertex 0 44 0
      vertex -2.94406 43.9277 0
    endloop
  endfacet
  facet normal 0.0735497 0.997292 -0
    outer loop
      vertex 5.88103 43.7111 0
      vertex 2.94406 43.9277 4
      vertex 5.88103 43.7111 4
    endloop
  endfacet
  facet normal 0.0735497 0.997292 0
    outer loop
      vertex 2.94406 43.9277 4
      vertex 5.88103 43.7111 0
      vertex 2.94406 43.9277 0
    endloop
  endfacet
  facet normal 0.26674 0.963769 0
    outer loop
      vertex 17.4171 41.4164 12.2778
      vertex 16.4 41.6979 4
      vertex 16.4 41.6979 12.0288
    endloop
  endfacet
  facet normal 0.26674 0.963769 -0
    outer loop
      vertex 17.4171 41.4164 0
      vertex 16.4 41.6979 4
      vertex 17.4171 41.4164 12.2778
    endloop
  endfacet
  facet normal 0.266724 0.963773 -4.19356e-06
    outer loop
      vertex 14.5788 42.2019 0
      vertex 16.4 41.6979 4
      vertex 17.4171 41.4164 0
    endloop
  endfacet
  facet normal 0.266716 0.963775 0
    outer loop
      vertex 16.4 41.6979 4
      vertex 14.5788 42.2019 0
      vertex 14.5788 42.2019 4
    endloop
  endfacet
  facet normal 0.26674 0.963769 -0
    outer loop
      vertex 17.4171 41.4164 35.9848
      vertex 16.4 41.6979 36
      vertex 17.4171 41.4164 36
    endloop
  endfacet
  facet normal 0.26674 0.963769 0
    outer loop
      vertex 16.4 41.6979 36
      vertex 17.4171 41.4164 35.9848
      vertex 16.4 41.6979 35.725
    endloop
  endfacet
  facet normal 0.313698 0.949523 0
    outer loop
      vertex 20.2134 40.4926 36
      vertex 18.4 41.0917 12.565
      vertex 18.4 41.0917 36
    endloop
  endfacet
  facet normal 0.313698 0.949523 -0
    outer loop
      vertex 20.2134 40.4926 0
      vertex 18.4 41.0917 12.565
      vertex 20.2134 40.4926 36
    endloop
  endfacet
  facet normal 0.313677 0.94953 -3.27626e-06
    outer loop
      vertex 20.2134 40.4926 0
      vertex 17.4171 41.4164 12.2778
      vertex 18.4 41.0917 12.565
    endloop
  endfacet
  facet normal 0.31369 0.949525 0
    outer loop
      vertex 17.4171 41.4164 12.2778
      vertex 20.2134 40.4926 0
      vertex 17.4171 41.4164 0
    endloop
  endfacet
  facet normal 0.31336 0.949634 0
    outer loop
      vertex 17.4668 41.4 36
      vertex 17.4171 41.4164 35.9848
      vertex 17.4171 41.4164 36
    endloop
  endfacet
  facet normal 0 0 -1
    outer loop
      vertex 19.5047 34.0787 0
      vertex 22.7296 34.0611 0
      vertex 22.723 33.8403 0
    endloop
  endfacet
  facet normal 0 0 -1
    outer loop
      vertex 22.7296 34.0611 0
      vertex 19.5047 34.0787 0
      vertex 22.7254 34.2819 0
    endloop
  endfacet
  facet normal 0 0 -1
    outer loop
      vertex 19.5028 34.0161 0
      vertex 22.723 33.8403 0
      vertex 22.7055 33.6201 0
    endloop
  endfacet
  facet normal 0 0 -1
    outer loop
      vertex 19.5035 34.1412 0
      vertex 22.7254 34.2819 0
      vertex 19.5047 34.0787 0
    endloop
  endfacet
  facet normal 0 0 -1
    outer loop
      vertex 19.4978 33.9537 0
      vertex 22.7055 33.6201 0
      vertex 22.6773 33.4011 0
    endloop
  endfacet
  facet normal -0 0 -1
    outer loop
      vertex 22.7254 34.2819 0
      vertex 19.5035 34.1412 0
      vertex 22.7103 34.5023 0
    endloop
  endfacet
  facet normal 0 0 -1
    outer loop
      vertex 19.4898 33.8917 0
      vertex 22.6773 33.4011 0
      vertex 22.6384 33.1837 0
    endloop
  endfacet
  facet normal 0 0 -1
    outer loop
      vertex 19.4992 34.2037 0
      vertex 22.7103 34.5023 0
      vertex 19.5035 34.1412 0
    endloop
  endfacet
  facet normal 0 0 -1
    outer loop
      vertex 19.4788 33.8301 0
      vertex 22.6384 33.1837 0
      vertex 22.5888 32.9684 0
    endloop
  endfacet
  facet normal -0 0 -1
    outer loop
      vertex 22.7103 34.5023 0
      vertex 19.4992 34.2037 0
      vertex 22.6845 34.7216 0
    endloop
  endfacet
  facet normal 0 0 -1
    outer loop
      vertex 19.4648 33.7691 0
      vertex 22.5888 32.9684 0
      vertex 22.5287 32.7559 0
    endloop
  endfacet
  facet normal 0 0 -1
    outer loop
      vertex 19.4919 34.2658 0
      vertex 22.6845 34.7216 0
      vertex 19.4992 34.2037 0
    endloop
  endfacet
  facet normal 0 0 -1
    outer loop
      vertex 19.4477 33.7089 0
      vertex 22.5287 32.7559 0
      vertex 22.4583 32.5465 0
    endloop
  endfacet
  facet normal -0 0 -1
    outer loop
      vertex 22.6845 34.7216 0
      vertex 19.4919 34.2658 0
      vertex 22.6479 34.9394 0
    endloop
  endfacet
  facet normal 0 0 -1
    outer loop
      vertex 19.4278 33.6495 0
      vertex 22.4583 32.5465 0
      vertex 22.3777 32.3409 0
    endloop
  endfacet
  facet normal 0 0 -1
    outer loop
      vertex 19.4815 34.3275 0
      vertex 22.6479 34.9394 0
      vertex 19.4919 34.2658 0
    endloop
  endfacet
  facet normal 0 0 -1
    outer loop
      vertex 19.4049 33.5913 0
      vertex 22.3777 32.3409 0
      vertex 22.2871 32.1395 0
    endloop
  endfacet
  facet normal -0 0 -1
    outer loop
      vertex 22.6479 34.9394 0
      vertex 19.4815 34.3275 0
      vertex 22.6007 35.1552 0
    endloop
  endfacet
  facet normal 0 0 -1
    outer loop
      vertex 19.3793 33.5342 0
      vertex 22.2871 32.1395 0
      vertex 22.1867 31.9427 0
    endloop
  endfacet
  facet normal 0 0 -1
    outer loop
      vertex 19.4681 34.3887 0
      vertex 22.6007 35.1552 0
      vertex 19.4815 34.3275 0
    endloop
  endfacet
  facet normal 0 0 -1
    outer loop
      vertex 19.3508 33.4785 0
      vertex 22.1867 31.9427 0
      vertex 22.0768 31.7511 0
    endloop
  endfacet
  facet normal -0 0 -1
    outer loop
      vertex 22.6007 35.1552 0
      vertex 19.4681 34.3887 0
      vertex 22.543 35.3684 0
    endloop
  endfacet
  facet normal 0 0 -1
    outer loop
      vertex 19.4518 34.4491 0
      vertex 22.543 35.3684 0
      vertex 19.4681 34.3887 0
    endloop
  endfacet
  facet normal 0 0 -1
    outer loop
      vertex 19.3197 33.4242 0
      vertex 22.0768 31.7511 0
      vertex 21.9576 31.5652 0
    endloop
  endfacet
  facet normal 0 0 -1
    outer loop
      vertex 21.965 36.5937 0
      vertex 23 39.4155 0
      vertex 23 36.135 0
    endloop
  endfacet
  facet normal -0 0 -1
    outer loop
      vertex 23 39.4155 0
      vertex 21.965 36.5937 0
      vertex 22.961 39.4328 0
    endloop
  endfacet
  facet normal 0 0 -1
    outer loop
      vertex 19.2859 33.3715 0
      vertex 21.9576 31.5652 0
      vertex 21.8294 31.3853 0
    endloop
  endfacet
  facet normal 0 0 -1
    outer loop
      vertex 19.2496 33.3205 0
      vertex 21.8294 31.3853 0
      vertex 21.6926 31.2119 0
    endloop
  endfacet
  facet normal 0 0 -1
    outer loop
      vertex 19.2108 33.2714 0
      vertex 21.6926 31.2119 0
      vertex 21.5474 31.0455 0
    endloop
  endfacet
  facet normal 0 0 -1
    outer loop
      vertex 19.1697 33.2242 0
      vertex 21.5474 31.0455 0
      vertex 21.3943 30.8863 0
    endloop
  endfacet
  facet normal 0 0 -1
    outer loop
      vertex 19.1263 33.1792 0
      vertex 21.3943 30.8863 0
      vertex 21.2335 30.7349 0
    endloop
  endfacet
  facet normal 0 0 -1
    outer loop
      vertex 19.0807 33.1362 0
      vertex 21.2335 30.7349 0
      vertex 21.0654 30.5916 0
    endloop
  endfacet
  facet normal 0 0 -1
    outer loop
      vertex 19.0331 33.0956 0
      vertex 21.0654 30.5916 0
      vertex 20.8906 30.4566 0
    endloop
  endfacet
  facet normal 0 0 -1
    outer loop
      vertex 18.9836 33.0574 0
      vertex 20.8906 30.4566 0
      vertex 20.7093 30.3304 0
    endloop
  endfacet
  facet normal 0 0 -1
    outer loop
      vertex 18.9322 33.0216 0
      vertex 20.7093 30.3304 0
      vertex 20.522 30.2133 0
    endloop
  endfacet
  facet normal 0 0 -1
    outer loop
      vertex 18.8792 32.9885 0
      vertex 20.522 30.2133 0
      vertex 20.3293 30.1055 0
    endloop
  endfacet
  facet normal 0 0 -1
    outer loop
      vertex 21.965 36.5937 0
      vertex 20.2134 40.4926 0
      vertex 22.961 39.4328 0
    endloop
  endfacet
  facet normal 0 0 -1
    outer loop
      vertex 22.5888 32.9684 0
      vertex 19.4648 33.7691 0
      vertex 19.4788 33.8301 0
    endloop
  endfacet
  facet normal 0 0 -1
    outer loop
      vertex 18.8246 32.9579 0
      vertex 20.3293 30.1055 0
      vertex 20.1315 30.0072 0
    endloop
  endfacet
  facet normal 0 0 -1
    outer loop
      vertex 18.7685 32.9301 0
      vertex 20.1315 30.0072 0
      vertex 19.929 29.9188 0
    endloop
  endfacet
  facet normal 0 0 -1
    outer loop
      vertex 18.7112 32.905 0
      vertex 19.929 29.9188 0
      vertex 19.7225 29.8405 0
    endloop
  endfacet
  facet normal 0 0 -1
    outer loop
      vertex 18.6527 32.8828 0
      vertex 19.7225 29.8405 0
      vertex 19.5124 29.7723 0
    endloop
  endfacet
  facet normal -0 0 -1
    outer loop
      vertex 22.543 35.3684 0
      vertex 19.4518 34.4491 0
      vertex 22.4748 35.5785 0
    endloop
  endfacet
  facet normal -0 0 -1
    outer loop
      vertex 22.4748 35.5785 0
      vertex 19.4325 34.5086 0
      vertex 22.3965 35.785 0
    endloop
  endfacet
  facet normal 0 0 -1
    outer loop
      vertex 19.4103 34.5671 0
      vertex 22.3965 35.785 0
      vertex 19.4325 34.5086 0
    endloop
  endfacet
  facet normal -0 0 -1
    outer loop
      vertex 22.3965 35.785 0
      vertex 19.4103 34.5671 0
      vertex 22.3081 35.9874 0
    endloop
  endfacet
  facet normal 0 0 -1
    outer loop
      vertex 19.3852 34.6245 0
      vertex 22.3081 35.9874 0
      vertex 19.4103 34.5671 0
    endloop
  endfacet
  facet normal -0 0 -1
    outer loop
      vertex 22.3081 35.9874 0
      vertex 19.3852 34.6245 0
      vertex 22.2098 36.1852 0
    endloop
  endfacet
  facet normal 0 0 -1
    outer loop
      vertex 19.3574 34.6805 0
      vertex 22.2098 36.1852 0
      vertex 19.3852 34.6245 0
    endloop
  endfacet
  facet normal -0 0 -1
    outer loop
      vertex 22.2098 36.1852 0
      vertex 19.3574 34.6805 0
      vertex 22.102 36.378 0
    endloop
  endfacet
  facet normal 0 0 -1
    outer loop
      vertex 19.3268 34.7351 0
      vertex 22.102 36.378 0
      vertex 19.3574 34.6805 0
    endloop
  endfacet
  facet normal -0 0 -1
    outer loop
      vertex 22.102 36.378 0
      vertex 19.3268 34.7351 0
      vertex 21.9849 36.5652 0
    endloop
  endfacet
  facet normal 0 0 -1
    outer loop
      vertex 19.2936 34.7882 0
      vertex 21.9849 36.5652 0
      vertex 19.3268 34.7351 0
    endloop
  endfacet
  facet normal -0 0 -1
    outer loop
      vertex 21.9849 36.5652 0
      vertex 19.2936 34.7882 0
      vertex 21.965 36.5937 0
    endloop
  endfacet
  facet normal 0 0 -1
    outer loop
      vertex 19.2579 34.8395 0
      vertex 21.965 36.5937 0
      vertex 19.2936 34.7882 0
    endloop
  endfacet
  facet normal 0 0 -1
    outer loop
      vertex 19.2197 34.8891 0
      vertex 21.965 36.5937 0
      vertex 19.2579 34.8395 0
    endloop
  endfacet
  facet normal 0 0 -1
    outer loop
      vertex 19.179 34.9367 0
      vertex 21.965 36.5937 0
      vertex 19.2197 34.8891 0
    endloop
  endfacet
  facet normal 0 0 -1
    outer loop
      vertex 19.1361 34.9822 0
      vertex 21.965 36.5937 0
      vertex 19.179 34.9367 0
    endloop
  endfacet
  facet normal 0 0 -1
    outer loop
      vertex 19.0911 35.0256 0
      vertex 21.965 36.5937 0
      vertex 19.1361 34.9822 0
    endloop
  endfacet
  facet normal 0 0 -1
    outer loop
      vertex 19.0439 35.0668 0
      vertex 21.965 36.5937 0
      vertex 19.0911 35.0256 0
    endloop
  endfacet
  facet normal 0 0 -1
    outer loop
      vertex 18.9948 35.1055 0
      vertex 21.965 36.5937 0
      vertex 19.0439 35.0668 0
    endloop
  endfacet
  facet normal 0 0 -1
    outer loop
      vertex 18.9438 35.1419 0
      vertex 21.965 36.5937 0
      vertex 18.9948 35.1055 0
    endloop
  endfacet
  facet normal 0 0 -1
    outer loop
      vertex 18.8911 35.1756 0
      vertex 21.965 36.5937 0
      vertex 18.9438 35.1419 0
    endloop
  endfacet
  facet normal 0 0 -1
    outer loop
      vertex 18.8368 35.2068 0
      vertex 21.965 36.5937 0
      vertex 18.8911 35.1756 0
    endloop
  endfacet
  facet normal 0 0 -1
    outer loop
      vertex 18.7811 35.2352 0
      vertex 21.965 36.5937 0
      vertex 18.8368 35.2068 0
    endloop
  endfacet
  facet normal 0 0 -1
    outer loop
      vertex 18.724 35.2609 0
      vertex 21.965 36.5937 0
      vertex 18.7811 35.2352 0
    endloop
  endfacet
  facet normal 0 0 -1
    outer loop
      vertex 18.6657 35.2837 0
      vertex 21.965 36.5937 0
      vertex 18.724 35.2609 0
    endloop
  endfacet
  facet normal 0 0 -1
    outer loop
      vertex 16.9707 38.4054 0
      vertex 21.965 36.5937 0
      vertex 18.6657 35.2837 0
    endloop
  endfacet
  facet normal 0 0 -1
    outer loop
      vertex 16.9707 38.4054 0
      vertex 18.6657 35.2837 0
      vertex 18.6064 35.3037 0
    endloop
  endfacet
  facet normal 0 0 -1
    outer loop
      vertex 16.9707 38.4054 0
      vertex 18.6064 35.3037 0
      vertex 18.5462 35.3207 0
    endloop
  endfacet
  facet normal 0 0 -1
    outer loop
      vertex 16.9707 38.4054 0
      vertex 18.5462 35.3207 0
      vertex 18.4852 35.3347 0
    endloop
  endfacet
  facet normal 0 0 -1
    outer loop
      vertex 16.9707 38.4054 0
      vertex 18.4852 35.3347 0
      vertex 18.4236 35.3458 0
    endloop
  endfacet
  facet normal 0 0 -1
    outer loop
      vertex 16.9707 38.4054 0
      vertex 18.4236 35.3458 0
      vertex 18.3616 35.3538 0
    endloop
  endfacet
  facet normal 0 0 -1
    outer loop
      vertex 16.9707 38.4054 0
      vertex 18.3616 35.3538 0
      vertex 18.2992 35.3587 0
    endloop
  endfacet
  facet normal 0 0 -1
    outer loop
      vertex 16.9707 38.4054 0
      vertex 18.2992 35.3587 0
      vertex 18.2366 35.3606 0
    endloop
  endfacet
  facet normal 0 0 -1
    outer loop
      vertex 16.9707 38.4054 0
      vertex 18.2366 35.3606 0
      vertex 18.1741 35.3594 0
    endloop
  endfacet
  facet normal 0 0 -1
    outer loop
      vertex 16.9707 38.4054 0
      vertex 18.1741 35.3594 0
      vertex 18.1116 35.3551 0
    endloop
  endfacet
  facet normal 0 0 -1
    outer loop
      vertex 16.9707 38.4054 0
      vertex 18.1116 35.3551 0
      vertex 18.0495 35.3478 0
    endloop
  endfacet
  facet normal 0 0 -1
    outer loop
      vertex 16.9707 38.4054 0
      vertex 18.0495 35.3478 0
      vertex 17.9878 35.3375 0
    endloop
  endfacet
  facet normal 0 0 -1
    outer loop
      vertex 16.9707 38.4054 0
      vertex 17.9878 35.3375 0
      vertex 17.9266 35.3241 0
    endloop
  endfacet
  facet normal 0 0 -1
    outer loop
      vertex 16.9707 38.4054 0
      vertex 17.9266 35.3241 0
      vertex 17.8662 35.3077 0
    endloop
  endfacet
  facet normal 0 0 -1
    outer loop
      vertex 16.9469 38.3989 0
      vertex 17.8662 35.3077 0
      vertex 17.8067 35.2884 0
    endloop
  endfacet
  facet normal 0 0 -1
    outer loop
      vertex 16.7368 38.3308 0
      vertex 17.8067 35.2884 0
      vertex 17.7482 35.2662 0
    endloop
  endfacet
  facet normal 0 0 -1
    outer loop
      vertex 16.5303 38.2524 0
      vertex 17.7482 35.2662 0
      vertex 17.6908 35.2412 0
    endloop
  endfacet
  facet normal 0 0 -1
    outer loop
      vertex 16.3279 38.164 0
      vertex 17.6908 35.2412 0
      vertex 17.6348 35.2133 0
    endloop
  endfacet
  facet normal 0 0 -1
    outer loop
      vertex 16.1301 38.0658 0
      vertex 17.6348 35.2133 0
      vertex 17.5802 35.1828 0
    endloop
  endfacet
  facet normal 0 0 -1
    outer loop
      vertex 15.9373 37.958 0
      vertex 17.5802 35.1828 0
      vertex 17.5271 35.1496 0
    endloop
  endfacet
  facet normal 0 0 -1
    outer loop
      vertex 15.7501 37.8408 0
      vertex 17.5271 35.1496 0
      vertex 17.4758 35.1138 0
    endloop
  endfacet
  facet normal 0 0 -1
    outer loop
      vertex 15.5688 37.7146 0
      vertex 17.4758 35.1138 0
      vertex 17.4262 35.0756 0
    endloop
  endfacet
  facet normal 0 0 -1
    outer loop
      vertex 21.965 36.5937 0
      vertex 16.9707 38.4054 0
      vertex 20.2134 40.4926 0
    endloop
  endfacet
  facet normal 0 0 -1
    outer loop
      vertex 15.3939 37.5797 0
      vertex 17.4262 35.0756 0
      vertex 17.3786 35.035 0
    endloop
  endfacet
  facet normal 0 0 -1
    outer loop
      vertex 15.2259 37.4363 0
      vertex 17.3786 35.035 0
      vertex 17.333 34.9921 0
    endloop
  endfacet
  facet normal 0 0 -1
    outer loop
      vertex 15.0651 37.2849 0
      vertex 17.333 34.9921 0
      vertex 17.2896 34.947 0
    endloop
  endfacet
  facet normal 0 0 -1
    outer loop
      vertex 14.9119 37.1258 0
      vertex 17.2896 34.947 0
      vertex 17.2485 34.8998 0
    endloop
  endfacet
  facet normal 0 0 -1
    outer loop
      vertex 14.7667 36.9593 0
      vertex 17.2485 34.8998 0
      vertex 17.2097 34.8507 0
    endloop
  endfacet
  facet normal 0 0 -1
    outer loop
      vertex 14.6299 36.7859 0
      vertex 17.2097 34.8507 0
      vertex 17.1734 34.7997 0
    endloop
  endfacet
  facet normal 0 0 -1
    outer loop
      vertex 14.5018 36.6061 0
      vertex 17.1734 34.7997 0
      vertex 17.1397 34.7471 0
    endloop
  endfacet
  facet normal 0 0 -1
    outer loop
      vertex 14.3826 36.4201 0
      vertex 17.1397 34.7471 0
      vertex 17.1085 34.6928 0
    endloop
  endfacet
  facet normal 0 0 -1
    outer loop
      vertex 14.2727 36.2285 0
      vertex 17.1085 34.6928 0
      vertex 17.0801 34.637 0
    endloop
  endfacet
  facet normal 0 0 -1
    outer loop
      vertex 14.1723 36.0318 0
      vertex 17.0801 34.637 0
      vertex 17.0544 34.58 0
    endloop
  endfacet
  facet normal 0 0 -1
    outer loop
      vertex 14.0817 35.8303 0
      vertex 17.0544 34.58 0
      vertex 17.0316 34.5217 0
    endloop
  endfacet
  facet normal 0 0 -1
    outer loop
      vertex 14.0011 35.6247 0
      vertex 17.0316 34.5217 0
      vertex 17.0116 34.4624 0
    endloop
  endfacet
  facet normal 0 0 -1
    outer loop
      vertex 13.9306 35.4154 0
      vertex 17.0116 34.4624 0
      vertex 16.9946 34.4022 0
    endloop
  endfacet
  facet normal 0 0 -1
    outer loop
      vertex 13.8706 35.2028 0
      vertex 16.9946 34.4022 0
      vertex 16.9805 34.3412 0
    endloop
  endfacet
  facet normal -0 0 -1
    outer loop
      vertex 20.2134 40.4926 0
      vertex 16.9707 38.4054 0
      vertex 17.4171 41.4164 0
    endloop
  endfacet
  facet normal 0 0 -1
    outer loop
      vertex 16.5462 38.5456 0
      vertex 17.4171 41.4164 0
      vertex 16.9707 38.4054 0
    endloop
  endfacet
  facet normal 0 0 -1
    outer loop
      vertex 16.5462 38.5456 0
      vertex 14.5788 42.2019 0
      vertex 17.4171 41.4164 0
    endloop
  endfacet
  facet normal 0 0 -1
    outer loop
      vertex 13.8499 39.2918 0
      vertex 14.5788 42.2019 0
      vertex 16.5462 38.5456 0
    endloop
  endfacet
  facet normal 0 0 -1
    outer loop
      vertex 13.8499 39.2918 0
      vertex 11.7054 42.8471 0
      vertex 14.5788 42.2019 0
    endloop
  endfacet
  facet normal 0 0 -1
    outer loop
      vertex 11.1201 39.9048 0
      vertex 11.7054 42.8471 0
      vertex 13.8499 39.2918 0
    endloop
  endfacet
  facet normal 0 0 -1
    outer loop
      vertex 11.1201 39.9048 0
      vertex 8.80383 43.3506 0
      vertex 11.7054 42.8471 0
    endloop
  endfacet
  facet normal 0 0 -1
    outer loop
      vertex 8.36364 40.3831 0
      vertex 8.80383 43.3506 0
      vertex 11.1201 39.9048 0
    endloop
  endfacet
  facet normal 0 0 -1
    outer loop
      vertex 8.36364 40.3831 0
      vertex 5.88103 43.7111 0
      vertex 8.80383 43.3506 0
    endloop
  endfacet
  facet normal 0 0 -1
    outer loop
      vertex 5.58698 40.7255 0
      vertex 5.88103 43.7111 0
      vertex 8.36364 40.3831 0
    endloop
  endfacet
  facet normal 0 0 -1
    outer loop
      vertex 5.58698 40.7255 0
      vertex 2.94406 43.9277 0
      vertex 5.88103 43.7111 0
    endloop
  endfacet
  facet normal 0 0 -1
    outer loop
      vertex 2.79686 40.9313 0
      vertex 2.94406 43.9277 0
      vertex 5.58698 40.7255 0
    endloop
  endfacet
  facet normal 0 0 -1
    outer loop
      vertex 0 41 0
      vertex 2.94406 43.9277 0
      vertex 2.79686 40.9313 0
    endloop
  endfacet
  facet normal 0 0 -1
    outer loop
      vertex 0 41 0
      vertex 0 44 0
      vertex 2.94406 43.9277 0
    endloop
  endfacet
  facet normal 0 0 -1
    outer loop
      vertex -2.79686 40.9313 0
      vertex 0 44 0
      vertex 0 41 0
    endloop
  endfacet
  facet normal 0 0 -1
    outer loop
      vertex -2.79686 40.9313 0
      vertex -2.94406 43.9277 0
      vertex 0 44 0
    endloop
  endfacet
  facet normal 0 0 -1
    outer loop
      vertex -5.58698 40.7255 0
      vertex -2.94406 43.9277 0
      vertex -2.79686 40.9313 0
    endloop
  endfacet
  facet normal 0 0 -1
    outer loop
      vertex -5.58698 40.7255 0
      vertex -5.88103 43.7111 0
      vertex -2.94406 43.9277 0
    endloop
  endfacet
  facet normal 0 0 -1
    outer loop
      vertex -8.36364 40.3831 0
      vertex -5.88103 43.7111 0
      vertex -5.58698 40.7255 0
    endloop
  endfacet
  facet normal 0 0 -1
    outer loop
      vertex -8.36364 40.3831 0
      vertex -8.80383 43.3506 0
      vertex -5.88103 43.7111 0
    endloop
  endfacet
  facet normal 0 0 -1
    outer loop
      vertex -11.1201 39.9048 0
      vertex -8.80383 43.3506 0
      vertex -8.36364 40.3831 0
    endloop
  endfacet
  facet normal 0 0 -1
    outer loop
      vertex -11.1201 39.9048 0
      vertex -11.7054 42.8471 0
      vertex -8.80383 43.3506 0
    endloop
  endfacet
  facet normal 0 0 -1
    outer loop
      vertex -13.8499 39.2918 0
      vertex -11.7054 42.8471 0
      vertex -11.1201 39.9048 0
    endloop
  endfacet
  facet normal 0 0 -1
    outer loop
      vertex -13.8499 39.2918 0
      vertex -14.5788 42.2019 0
      vertex -11.7054 42.8471 0
    endloop
  endfacet
  facet normal 0 0 -1
    outer loop
      vertex -16.5462 38.5456 0
      vertex -14.5788 42.2019 0
      vertex -13.8499 39.2918 0
    endloop
  endfacet
  facet normal 0 0 -1
    outer loop
      vertex -16.5462 38.5456 0
      vertex -17.4171 41.4164 0
      vertex -14.5788 42.2019 0
    endloop
  endfacet
  facet normal 0 0 -1
    outer loop
      vertex -19.2027 37.668 0
      vertex -17.4171 41.4164 0
      vertex -16.5462 38.5456 0
    endloop
  endfacet
  facet normal 0 0 -1
    outer loop
      vertex -19.2027 37.668 0
      vertex -20.2134 40.4926 0
      vertex -17.4171 41.4164 0
    endloop
  endfacet
  facet normal 0 0 -1
    outer loop
      vertex -21.813 36.6611 0
      vertex -20.2134 40.4926 0
      vertex -19.2027 37.668 0
    endloop
  endfacet
  facet normal 0 0 -1
    outer loop
      vertex -21.813 36.6611 0
      vertex -22.961 39.4328 0
      vertex -20.2134 40.4926 0
    endloop
  endfacet
  facet normal 0 0 -1
    outer loop
      vertex -23 39.4155 0
      vertex -21.813 36.6611 0
      vertex -23 36.135 0
    endloop
  endfacet
  facet normal 0 0 -1
    outer loop
      vertex -21.813 36.6611 0
      vertex -23 39.4155 0
      vertex -22.961 39.4328 0
    endloop
  endfacet
  facet normal 0 0 -1
    outer loop
      vertex 13.821 34.9876 0
      vertex 16.9805 34.3412 0
      vertex 16.9695 34.2796 0
    endloop
  endfacet
  facet normal 0 0 -1
    outer loop
      vertex 13.782 34.7702 0
      vertex 16.9695 34.2796 0
      vertex 16.9615 34.2175 0
    endloop
  endfacet
  facet normal 0 0 -1
    outer loop
      vertex 13.7538 34.5511 0
      vertex 16.9615 34.2175 0
      vertex 16.9566 34.1551 0
    endloop
  endfacet
  facet normal 0 0 -1
    outer loop
      vertex 13.7364 34.3309 0
      vertex 16.9566 34.1551 0
      vertex 16.9547 34.0926 0
    endloop
  endfacet
  facet normal 0 0 -1
    outer loop
      vertex 17.8662 35.3077 0
      vertex 16.9469 38.3989 0
      vertex 16.9707 38.4054 0
    endloop
  endfacet
  facet normal 0 0 -1
    outer loop
      vertex 19.4325 34.5086 0
      vertex 22.4748 35.5785 0
      vertex 19.4518 34.4491 0
    endloop
  endfacet
  facet normal 0 0 -1
    outer loop
      vertex 22.723 33.8403 0
      vertex 19.5028 34.0161 0
      vertex 19.5047 34.0787 0
    endloop
  endfacet
  facet normal 0 0 -1
    outer loop
      vertex 22.7055 33.6201 0
      vertex 19.4978 33.9537 0
      vertex 19.5028 34.0161 0
    endloop
  endfacet
  facet normal 0 0 -1
    outer loop
      vertex 22.6773 33.4011 0
      vertex 19.4898 33.8917 0
      vertex 19.4978 33.9537 0
    endloop
  endfacet
  facet normal 0 0 -1
    outer loop
      vertex 22.6384 33.1837 0
      vertex 19.4788 33.8301 0
      vertex 19.4898 33.8917 0
    endloop
  endfacet
  facet normal 0 0 -1
    outer loop
      vertex 22.5287 32.7559 0
      vertex 19.4477 33.7089 0
      vertex 19.4648 33.7691 0
    endloop
  endfacet
  facet normal 0 0 -1
    outer loop
      vertex 22.4583 32.5465 0
      vertex 19.4278 33.6495 0
      vertex 19.4477 33.7089 0
    endloop
  endfacet
  facet normal 0 0 -1
    outer loop
      vertex 22.3777 32.3409 0
      vertex 19.4049 33.5913 0
      vertex 19.4278 33.6495 0
    endloop
  endfacet
  facet normal 0 0 -1
    outer loop
      vertex 22.2871 32.1395 0
      vertex 19.3793 33.5342 0
      vertex 19.4049 33.5913 0
    endloop
  endfacet
  facet normal 0 0 -1
    outer loop
      vertex 22.1867 31.9427 0
      vertex 19.3508 33.4785 0
      vertex 19.3793 33.5342 0
    endloop
  endfacet
  facet normal 0 0 -1
    outer loop
      vertex 22.0768 31.7511 0
      vertex 19.3197 33.4242 0
      vertex 19.3508 33.4785 0
    endloop
  endfacet
  facet normal 0 0 -1
    outer loop
      vertex 18.5931 32.8635 0
      vertex 19.5124 29.7723 0
      vertex 19.2993 29.7146 0
    endloop
  endfacet
  facet normal 0 0 -1
    outer loop
      vertex 21.9576 31.5652 0
      vertex 19.2859 33.3715 0
      vertex 19.3197 33.4242 0
    endloop
  endfacet
  facet normal 0 0 -1
    outer loop
      vertex 21.8294 31.3853 0
      vertex 19.2496 33.3205 0
      vertex 19.2859 33.3715 0
    endloop
  endfacet
  facet normal 0 0 -1
    outer loop
      vertex 21.6926 31.2119 0
      vertex 19.2108 33.2714 0
      vertex 19.2496 33.3205 0
    endloop
  endfacet
  facet normal 0 0 -1
    outer loop
      vertex 21.5474 31.0455 0
      vertex 19.1697 33.2242 0
      vertex 19.2108 33.2714 0
    endloop
  endfacet
  facet normal 0 0 -1
    outer loop
      vertex 21.3943 30.8863 0
      vertex 19.1263 33.1792 0
      vertex 19.1697 33.2242 0
    endloop
  endfacet
  facet normal 0 0 -1
    outer loop
      vertex 18.5327 32.8472 0
      vertex 19.2993 29.7146 0
      vertex 19.0835 29.6674 0
    endloop
  endfacet
  facet normal 0 0 -1
    outer loop
      vertex 21.2335 30.7349 0
      vertex 19.0807 33.1362 0
      vertex 19.1263 33.1792 0
    endloop
  endfacet
  facet normal 0 0 -1
    outer loop
      vertex 21.0654 30.5916 0
      vertex 19.0331 33.0956 0
      vertex 19.0807 33.1362 0
    endloop
  endfacet
  facet normal 0 0 -1
    outer loop
      vertex 20.8906 30.4566 0
      vertex 18.9836 33.0574 0
      vertex 19.0331 33.0956 0
    endloop
  endfacet
  facet normal 0 0 -1
    outer loop
      vertex 20.7093 30.3304 0
      vertex 18.9322 33.0216 0
      vertex 18.9836 33.0574 0
    endloop
  endfacet
  facet normal 0 0 -1
    outer loop
      vertex 20.522 30.2133 0
      vertex 18.8792 32.9885 0
      vertex 18.9322 33.0216 0
    endloop
  endfacet
  facet normal 0 0 -1
    outer loop
      vertex 18.4716 32.8338 0
      vertex 19.0835 29.6674 0
      vertex 18.8657 29.6308 0
    endloop
  endfacet
  facet normal 0 0 -1
    outer loop
      vertex 20.3293 30.1055 0
      vertex 18.8246 32.9579 0
      vertex 18.8792 32.9885 0
    endloop
  endfacet
  facet normal 0 0 -1
    outer loop
      vertex 20.1315 30.0072 0
      vertex 18.7685 32.9301 0
      vertex 18.8246 32.9579 0
    endloop
  endfacet
  facet normal 0 0 -1
    outer loop
      vertex 19.929 29.9188 0
      vertex 18.7112 32.905 0
      vertex 18.7685 32.9301 0
    endloop
  endfacet
  facet normal 0 0 -1
    outer loop
      vertex 19.7225 29.8405 0
      vertex 18.6527 32.8828 0
      vertex 18.7112 32.905 0
    endloop
  endfacet
  facet normal 0 0 -1
    outer loop
      vertex 18.4099 32.8234 0
      vertex 18.8657 29.6308 0
      vertex 18.6463 29.6049 0
    endloop
  endfacet
  facet normal 0 0 -1
    outer loop
      vertex 19.5124 29.7723 0
      vertex 18.5931 32.8635 0
      vertex 18.6527 32.8828 0
    endloop
  endfacet
  facet normal 0 0 -1
    outer loop
      vertex 19.2993 29.7146 0
      vertex 18.5327 32.8472 0
      vertex 18.5931 32.8635 0
    endloop
  endfacet
  facet normal 0 0 -1
    outer loop
      vertex 19.0835 29.6674 0
      vertex 18.4716 32.8338 0
      vertex 18.5327 32.8472 0
    endloop
  endfacet
  facet normal 0 0 -1
    outer loop
      vertex 18.3477 32.8161 0
      vertex 18.6463 29.6049 0
      vertex 18.426 29.5899 0
    endloop
  endfacet
  facet normal 0 0 -1
    outer loop
      vertex 18.8657 29.6308 0
      vertex 18.4099 32.8234 0
      vertex 18.4716 32.8338 0
    endloop
  endfacet
  facet normal 0 0 -1
    outer loop
      vertex 18.6463 29.6049 0
      vertex 18.3477 32.8161 0
      vertex 18.4099 32.8234 0
    endloop
  endfacet
  facet normal 0 0 -1
    outer loop
      vertex 18.426 29.5899 0
      vertex 18.2853 32.8118 0
      vertex 18.3477 32.8161 0
    endloop
  endfacet
  facet normal 0 0 -1
    outer loop
      vertex 18.426 29.5899 0
      vertex 18.2227 32.8106 0
      vertex 18.2853 32.8118 0
    endloop
  endfacet
  facet normal 0 0 -1
    outer loop
      vertex 18.2051 29.5857 0
      vertex 18.2227 32.8106 0
      vertex 18.426 29.5899 0
    endloop
  endfacet
  facet normal 0 0 -1
    outer loop
      vertex 18.2051 29.5857 0
      vertex 18.1602 32.8125 0
      vertex 18.2227 32.8106 0
    endloop
  endfacet
  facet normal 0 0 -1
    outer loop
      vertex 17.9844 29.5923 0
      vertex 18.1602 32.8125 0
      vertex 18.2051 29.5857 0
    endloop
  endfacet
  facet normal -0 0 -1
    outer loop
      vertex 18.1602 32.8125 0
      vertex 17.9844 29.5923 0
      vertex 18.0978 32.8175 0
    endloop
  endfacet
  facet normal 0 0 -1
    outer loop
      vertex 17.7642 29.6098 0
      vertex 18.0978 32.8175 0
      vertex 17.9844 29.5923 0
    endloop
  endfacet
  facet normal -0 0 -1
    outer loop
      vertex 18.0978 32.8175 0
      vertex 17.7642 29.6098 0
      vertex 18.0357 32.8255 0
    endloop
  endfacet
  facet normal 0 0 -1
    outer loop
      vertex 17.5451 29.638 0
      vertex 18.0357 32.8255 0
      vertex 17.7642 29.6098 0
    endloop
  endfacet
  facet normal -0 0 -1
    outer loop
      vertex 18.0357 32.8255 0
      vertex 17.5451 29.638 0
      vertex 17.9741 32.8365 0
    endloop
  endfacet
  facet normal 0 0 -1
    outer loop
      vertex 17.3277 29.6769 0
      vertex 17.9741 32.8365 0
      vertex 17.5451 29.638 0
    endloop
  endfacet
  facet normal -0 0 -1
    outer loop
      vertex 17.9741 32.8365 0
      vertex 17.3277 29.6769 0
      vertex 17.9131 32.8505 0
    endloop
  endfacet
  facet normal 0 0 -1
    outer loop
      vertex 17.1125 29.7265 0
      vertex 17.9131 32.8505 0
      vertex 17.3277 29.6769 0
    endloop
  endfacet
  facet normal -0 0 -1
    outer loop
      vertex 17.9131 32.8505 0
      vertex 17.1125 29.7265 0
      vertex 17.8529 32.8676 0
    endloop
  endfacet
  facet normal 0 0 -1
    outer loop
      vertex 16.8999 29.7866 0
      vertex 17.8529 32.8676 0
      vertex 17.1125 29.7265 0
    endloop
  endfacet
  facet normal -0 0 -1
    outer loop
      vertex 17.8529 32.8676 0
      vertex 16.8999 29.7866 0
      vertex 17.7936 32.8875 0
    endloop
  endfacet
  facet normal 0 0 -1
    outer loop
      vertex 16.6906 29.857 0
      vertex 17.7936 32.8875 0
      vertex 16.8999 29.7866 0
    endloop
  endfacet
  facet normal -0 0 -1
    outer loop
      vertex 17.7936 32.8875 0
      vertex 16.6906 29.857 0
      vertex 17.7353 32.9103 0
    endloop
  endfacet
  facet normal 0 0 -1
    outer loop
      vertex 16.4849 29.9376 0
      vertex 17.7353 32.9103 0
      vertex 16.6906 29.857 0
    endloop
  endfacet
  facet normal -0 0 -1
    outer loop
      vertex 17.7353 32.9103 0
      vertex 16.4849 29.9376 0
      vertex 17.6783 32.936 0
    endloop
  endfacet
  facet normal 0 0 -1
    outer loop
      vertex 16.2835 30.0282 0
      vertex 17.6783 32.936 0
      vertex 16.4849 29.9376 0
    endloop
  endfacet
  facet normal -0 0 -1
    outer loop
      vertex 17.6783 32.936 0
      vertex 16.2835 30.0282 0
      vertex 17.6225 32.9645 0
    endloop
  endfacet
  facet normal 0 0 -1
    outer loop
      vertex 16.0868 30.1286 0
      vertex 17.6225 32.9645 0
      vertex 16.2835 30.0282 0
    endloop
  endfacet
  facet normal -0 0 -1
    outer loop
      vertex 17.6225 32.9645 0
      vertex 16.0868 30.1286 0
      vertex 17.5682 32.9956 0
    endloop
  endfacet
  facet normal 0 0 -1
    outer loop
      vertex 15.8952 30.2385 0
      vertex 17.5682 32.9956 0
      vertex 16.0868 30.1286 0
    endloop
  endfacet
  facet normal -0 0 -1
    outer loop
      vertex 17.5682 32.9956 0
      vertex 15.8952 30.2385 0
      vertex 17.5155 33.0294 0
    endloop
  endfacet
  facet normal 0 0 -1
    outer loop
      vertex 15.7092 30.3577 0
      vertex 17.5155 33.0294 0
      vertex 15.8952 30.2385 0
    endloop
  endfacet
  facet normal -0 0 -1
    outer loop
      vertex 17.5155 33.0294 0
      vertex 15.7092 30.3577 0
      vertex 17.4646 33.0657 0
    endloop
  endfacet
  facet normal 0 0 -1
    outer loop
      vertex 15.5294 30.4859 0
      vertex 17.4646 33.0657 0
      vertex 15.7092 30.3577 0
    endloop
  endfacet
  facet normal -0 0 -1
    outer loop
      vertex 17.4646 33.0657 0
      vertex 15.5294 30.4859 0
      vertex 17.4155 33.1045 0
    endloop
  endfacet
  facet normal 0 0 -1
    outer loop
      vertex 15.356 30.6227 0
      vertex 17.4155 33.1045 0
      vertex 15.5294 30.4859 0
    endloop
  endfacet
  facet normal -0 0 -1
    outer loop
      vertex 17.4155 33.1045 0
      vertex 15.356 30.6227 0
      vertex 17.3683 33.1456 0
    endloop
  endfacet
  facet normal 0 0 -1
    outer loop
      vertex 15.1895 30.7679 0
      vertex 17.3683 33.1456 0
      vertex 15.356 30.6227 0
    endloop
  endfacet
  facet normal -0 0 -1
    outer loop
      vertex 17.3683 33.1456 0
      vertex 15.1895 30.7679 0
      vertex 17.3232 33.189 0
    endloop
  endfacet
  facet normal 0 0 -1
    outer loop
      vertex 15.0304 30.921 0
      vertex 17.3232 33.189 0
      vertex 15.1895 30.7679 0
    endloop
  endfacet
  facet normal -0 0 -1
    outer loop
      vertex 17.3232 33.189 0
      vertex 15.0304 30.921 0
      vertex 17.2803 33.2345 0
    endloop
  endfacet
  facet normal 0 0 -1
    outer loop
      vertex 14.879 31.0818 0
      vertex 17.2803 33.2345 0
      vertex 15.0304 30.921 0
    endloop
  endfacet
  facet normal -0 0 -1
    outer loop
      vertex 17.2803 33.2345 0
      vertex 14.879 31.0818 0
      vertex 17.2397 33.2822 0
    endloop
  endfacet
  facet normal 0 0 -1
    outer loop
      vertex 14.7356 31.2499 0
      vertex 17.2397 33.2822 0
      vertex 14.879 31.0818 0
    endloop
  endfacet
  facet normal -0 0 -1
    outer loop
      vertex 17.2397 33.2822 0
      vertex 14.7356 31.2499 0
      vertex 17.2015 33.3317 0
    endloop
  endfacet
  facet normal 0 0 -1
    outer loop
      vertex 14.6007 31.4247 0
      vertex 17.2015 33.3317 0
      vertex 14.7356 31.2499 0
    endloop
  endfacet
  facet normal -0 0 -1
    outer loop
      vertex 17.2015 33.3317 0
      vertex 14.6007 31.4247 0
      vertex 17.1657 33.3831 0
    endloop
  endfacet
  facet normal 0 0 -1
    outer loop
      vertex 17.8067 35.2884 0
      vertex 16.7368 38.3308 0
      vertex 16.9469 38.3989 0
    endloop
  endfacet
  facet normal 0 0 -1
    outer loop
      vertex 14.4745 31.606 0
      vertex 17.1657 33.3831 0
      vertex 14.6007 31.4247 0
    endloop
  endfacet
  facet normal 0 0 -1
    outer loop
      vertex 17.7482 35.2662 0
      vertex 16.5303 38.2524 0
      vertex 16.7368 38.3308 0
    endloop
  endfacet
  facet normal -0 0 -1
    outer loop
      vertex 17.1657 33.3831 0
      vertex 14.4745 31.606 0
      vertex 17.1325 33.4361 0
    endloop
  endfacet
  facet normal 0 0 -1
    outer loop
      vertex 17.6908 35.2412 0
      vertex 16.3279 38.164 0
      vertex 16.5303 38.2524 0
    endloop
  endfacet
  facet normal 0 0 -1
    outer loop
      vertex 14.3573 31.7932 0
      vertex 17.1325 33.4361 0
      vertex 14.4745 31.606 0
    endloop
  endfacet
  facet normal 0 0 -1
    outer loop
      vertex 17.6348 35.2133 0
      vertex 16.1301 38.0658 0
      vertex 16.3279 38.164 0
    endloop
  endfacet
  facet normal -0 0 -1
    outer loop
      vertex 17.1325 33.4361 0
      vertex 14.3573 31.7932 0
      vertex 17.102 33.4907 0
    endloop
  endfacet
  facet normal 0 0 -1
    outer loop
      vertex 17.5802 35.1828 0
      vertex 15.9373 37.958 0
      vertex 16.1301 38.0658 0
    endloop
  endfacet
  facet normal 0 0 -1
    outer loop
      vertex 14.2495 31.986 0
      vertex 17.102 33.4907 0
      vertex 14.3573 31.7932 0
    endloop
  endfacet
  facet normal 0 0 -1
    outer loop
      vertex 17.5271 35.1496 0
      vertex 15.7501 37.8408 0
      vertex 15.9373 37.958 0
    endloop
  endfacet
  facet normal -0 0 -1
    outer loop
      vertex 17.102 33.4907 0
      vertex 14.2495 31.986 0
      vertex 17.0741 33.5468 0
    endloop
  endfacet
  facet normal 0 0 -1
    outer loop
      vertex 17.4758 35.1138 0
      vertex 15.5688 37.7146 0
      vertex 15.7501 37.8408 0
    endloop
  endfacet
  facet normal 0 0 -1
    outer loop
      vertex 14.1513 32.1838 0
      vertex 17.0741 33.5468 0
      vertex 14.2495 31.986 0
    endloop
  endfacet
  facet normal 0 0 -1
    outer loop
      vertex 17.4262 35.0756 0
      vertex 15.3939 37.5797 0
      vertex 15.5688 37.7146 0
    endloop
  endfacet
  facet normal -0 0 -1
    outer loop
      vertex 17.0741 33.5468 0
      vertex 14.1513 32.1838 0
      vertex 17.0491 33.6041 0
    endloop
  endfacet
  facet normal 0 0 -1
    outer loop
      vertex 17.3786 35.035 0
      vertex 15.2259 37.4363 0
      vertex 15.3939 37.5797 0
    endloop
  endfacet
  facet normal 0 0 -1
    outer loop
      vertex 14.0629 32.3862 0
      vertex 17.0491 33.6041 0
      vertex 14.1513 32.1838 0
    endloop
  endfacet
  facet normal 0 0 -1
    outer loop
      vertex 17.333 34.9921 0
      vertex 15.0651 37.2849 0
      vertex 15.2259 37.4363 0
    endloop
  endfacet
  facet normal -0 0 -1
    outer loop
      vertex 17.0491 33.6041 0
      vertex 14.0629 32.3862 0
      vertex 17.0269 33.6626 0
    endloop
  endfacet
  facet normal 0 0 -1
    outer loop
      vertex 17.2896 34.947 0
      vertex 14.9119 37.1258 0
      vertex 15.0651 37.2849 0
    endloop
  endfacet
  facet normal 0 0 -1
    outer loop
      vertex 13.9845 32.5927 0
      vertex 17.0269 33.6626 0
      vertex 14.0629 32.3862 0
    endloop
  endfacet
  facet normal 0 0 -1
    outer loop
      vertex 17.2485 34.8998 0
      vertex 14.7667 36.9593 0
      vertex 14.9119 37.1258 0
    endloop
  endfacet
  facet normal -0 0 -1
    outer loop
      vertex 17.0269 33.6626 0
      vertex 13.9845 32.5927 0
      vertex 17.0076 33.7222 0
    endloop
  endfacet
  facet normal 0 0 -1
    outer loop
      vertex 17.2097 34.8507 0
      vertex 14.6299 36.7859 0
      vertex 14.7667 36.9593 0
    endloop
  endfacet
  facet normal 0 0 -1
    outer loop
      vertex 13.9164 32.8028 0
      vertex 17.0076 33.7222 0
      vertex 13.9845 32.5927 0
    endloop
  endfacet
  facet normal 0 0 -1
    outer loop
      vertex 17.1734 34.7997 0
      vertex 14.5018 36.6061 0
      vertex 14.6299 36.7859 0
    endloop
  endfacet
  facet normal -0 0 -1
    outer loop
      vertex 17.0076 33.7222 0
      vertex 13.9164 32.8028 0
      vertex 16.9912 33.7826 0
    endloop
  endfacet
  facet normal 0 0 -1
    outer loop
      vertex 17.1397 34.7471 0
      vertex 14.3826 36.4201 0
      vertex 14.5018 36.6061 0
    endloop
  endfacet
  facet normal 0 0 -1
    outer loop
      vertex 13.8586 33.016 0
      vertex 16.9912 33.7826 0
      vertex 13.9164 32.8028 0
    endloop
  endfacet
  facet normal 0 0 -1
    outer loop
      vertex 17.1085 34.6928 0
      vertex 14.2727 36.2285 0
      vertex 14.3826 36.4201 0
    endloop
  endfacet
  facet normal -0 0 -1
    outer loop
      vertex 16.9912 33.7826 0
      vertex 13.8586 33.016 0
      vertex 16.9778 33.8437 0
    endloop
  endfacet
  facet normal 0 0 -1
    outer loop
      vertex 17.0801 34.637 0
      vertex 14.1723 36.0318 0
      vertex 14.2727 36.2285 0
    endloop
  endfacet
  facet normal 0 0 -1
    outer loop
      vertex 13.8114 33.2318 0
      vertex 16.9778 33.8437 0
      vertex 13.8586 33.016 0
    endloop
  endfacet
  facet normal 0 0 -1
    outer loop
      vertex 17.0544 34.58 0
      vertex 14.0817 35.8303 0
      vertex 14.1723 36.0318 0
    endloop
  endfacet
  facet normal -0 0 -1
    outer loop
      vertex 16.9778 33.8437 0
      vertex 13.8114 33.2318 0
      vertex 16.9675 33.9054 0
    endloop
  endfacet
  facet normal 0 0 -1
    outer loop
      vertex 17.0316 34.5217 0
      vertex 14.0011 35.6247 0
      vertex 14.0817 35.8303 0
    endloop
  endfacet
  facet normal 0 0 -1
    outer loop
      vertex 13.7748 33.4496 0
      vertex 16.9675 33.9054 0
      vertex 13.8114 33.2318 0
    endloop
  endfacet
  facet normal 0 0 -1
    outer loop
      vertex 17.0116 34.4624 0
      vertex 13.9306 35.4154 0
      vertex 14.0011 35.6247 0
    endloop
  endfacet
  facet normal -0 0 -1
    outer loop
      vertex 16.9675 33.9054 0
      vertex 13.7748 33.4496 0
      vertex 16.9601 33.9676 0
    endloop
  endfacet
  facet normal 0 0 -1
    outer loop
      vertex 16.9946 34.4022 0
      vertex 13.8706 35.2028 0
      vertex 13.9306 35.4154 0
    endloop
  endfacet
  facet normal 0 0 -1
    outer loop
      vertex 13.749 33.669 0
      vertex 16.9601 33.9676 0
      vertex 13.7748 33.4496 0
    endloop
  endfacet
  facet normal 0 0 -1
    outer loop
      vertex 16.9805 34.3412 0
      vertex 13.821 34.9876 0
      vertex 13.8706 35.2028 0
    endloop
  endfacet
  facet normal -0 0 -1
    outer loop
      vertex 16.9601 33.9676 0
      vertex 13.749 33.669 0
      vertex 16.9559 34.03 0
    endloop
  endfacet
  facet normal 0 0 -1
    outer loop
      vertex 16.9695 34.2796 0
      vertex 13.782 34.7702 0
      vertex 13.821 34.9876 0
    endloop
  endfacet
  facet normal 0 0 -1
    outer loop
      vertex 13.734 33.8893 0
      vertex 16.9559 34.03 0
      vertex 13.749 33.669 0
    endloop
  endfacet
  facet normal 0 0 -1
    outer loop
      vertex 16.9615 34.2175 0
      vertex 13.7538 34.5511 0
      vertex 13.782 34.7702 0
    endloop
  endfacet
  facet normal -0 0 -1
    outer loop
      vertex 16.9559 34.03 0
      vertex 13.734 33.8893 0
      vertex 16.9547 34.0926 0
    endloop
  endfacet
  facet normal 0 0 -1
    outer loop
      vertex 16.9566 34.1551 0
      vertex 13.7364 34.3309 0
      vertex 13.7538 34.5511 0
    endloop
  endfacet
  facet normal 0 0 -1
    outer loop
      vertex 13.7297 34.1102 0
      vertex 16.9547 34.0926 0
      vertex 13.734 33.8893 0
    endloop
  endfacet
  facet normal 0 0 -1
    outer loop
      vertex 16.9547 34.0926 0
      vertex 13.7297 34.1102 0
      vertex 13.7364 34.3309 0
    endloop
  endfacet
  facet normal -0.266716 0.963775 0
    outer loop
      vertex -14.5788 42.2019 4
      vertex -14.5788 42.2019 0
      vertex -16.4 41.6979 4
    endloop
  endfacet
  facet normal -0.26674 0.963769 0
    outer loop
      vertex -16.4 41.6979 4
      vertex -17.4171 41.4164 12.2778
      vertex -16.4 41.6979 12.0288
    endloop
  endfacet
  facet normal -0.26674 0.963769 0
    outer loop
      vertex -16.4 41.6979 4
      vertex -17.4171 41.4164 0
      vertex -17.4171 41.4164 12.2778
    endloop
  endfacet
  facet normal -0.266724 0.963773 -4.19356e-06
    outer loop
      vertex -17.4171 41.4164 0
      vertex -16.4 41.6979 4
      vertex -14.5788 42.2019 0
    endloop
  endfacet
  facet normal -0.26674 0.963769 0
    outer loop
      vertex -16.4 41.6979 36
      vertex -17.4171 41.4164 35.9848
      vertex -17.4171 41.4164 36
    endloop
  endfacet
  facet normal -0.26674 0.963769 0
    outer loop
      vertex -17.4171 41.4164 35.9848
      vertex -16.4 41.6979 36
      vertex -16.4 41.6979 35.725
    endloop
  endfacet
  facet normal -0.405486 0.914101 0
    outer loop
      vertex -22.961 39.4328 0
      vertex -23 39.4155 36
      vertex -22.961 39.4328 36
    endloop
  endfacet
  facet normal -0.405486 0.914101 0
    outer loop
      vertex -23 39.4155 36
      vertex -22.961 39.4328 0
      vertex -23 39.4155 0
    endloop
  endfacet
  facet normal -0.0245559 -0.999698 0
    outer loop
      vertex 0 41 0
      vertex 2.79686 40.9313 4
      vertex 0 41 4
    endloop
  endfacet
  facet normal -0.0245559 -0.999698 -0
    outer loop
      vertex 2.79686 40.9313 4
      vertex 0 41 0
      vertex 2.79686 40.9313 0
    endloop
  endfacet
  facet normal -0.219102 -0.975702 0
    outer loop
      vertex 11.1201 39.9048 0
      vertex 13.8499 39.2918 4
      vertex 11.1201 39.9048 4
    endloop
  endfacet
  facet normal -0.219102 -0.975702 -0
    outer loop
      vertex 13.8499 39.2918 4
      vertex 11.1201 39.9048 0
      vertex 13.8499 39.2918 0
    endloop
  endfacet
  facet normal -0.405357 -0.914158 0
    outer loop
      vertex 21.965 36.5937 16
      vertex 21.813 36.6611 36
      vertex 21.813 36.6611 16
    endloop
  endfacet
  facet normal -0.405202 -0.914227 1.40947e-06
    outer loop
      vertex 21.813 36.6611 36
      vertex 21.965 36.5937 16
      vertex 23 36.135 36
    endloop
  endfacet
  facet normal -0.405179 -0.914237 0
    outer loop
      vertex 23 36.135 0
      vertex 21.965 36.5937 16
      vertex 21.965 36.5937 0
    endloop
  endfacet
  facet normal -0.405179 -0.914237 0
    outer loop
      vertex 21.965 36.5937 16
      vertex 23 36.135 0
      vertex 23 36.135 36
    endloop
  endfacet
  facet normal -0.313609 -0.949552 0
    outer loop
      vertex 16.9707 38.4054 0
      vertex 16.5462 38.5456 14.8832
      vertex 16.5462 38.5456 0
    endloop
  endfacet
  facet normal -0.313609 -0.949552 0
    outer loop
      vertex 16.5462 38.5456 14.8832
      vertex 16.9707 38.4054 0
      vertex 16.9707 38.4054 15.0118
    endloop
  endfacet
  facet normal -0.313707 -0.94952 0
    outer loop
      vertex 18.4 37.9332 16
      vertex 19.2027 37.668 36
      vertex 18.4 37.9332 36
    endloop
  endfacet
  facet normal -0.313707 -0.94952 -0
    outer loop
      vertex 19.2027 37.668 36
      vertex 18.4 37.9332 16
      vertex 19.2027 37.668 16
    endloop
  endfacet
  facet normal -0.122387 -0.992483 0
    outer loop
      vertex 5.58698 40.7255 0
      vertex 8.36364 40.3831 4
      vertex 5.58698 40.7255 4
    endloop
  endfacet
  facet normal -0.122387 -0.992483 -0
    outer loop
      vertex 8.36364 40.3831 4
      vertex 5.58698 40.7255 0
      vertex 8.36364 40.3831 0
    endloop
  endfacet
  facet normal 0.313707 -0.94952 0
    outer loop
      vertex -19.2027 37.668 36
      vertex -18.4 37.9332 15.4446
      vertex -18.4 37.9332 36
    endloop
  endfacet
  facet normal 0.313707 -0.94952 0
    outer loop
      vertex -19.2027 37.668 0
      vertex -18.4 37.9332 15.4446
      vertex -19.2027 37.668 36
    endloop
  endfacet
  facet normal 0.313676 -0.94953 1.77226e-06
    outer loop
      vertex -19.2027 37.668 0
      vertex -16.5462 38.5456 14.8832
      vertex -18.4 37.9332 15.4446
    endloop
  endfacet
  facet normal 0.313685 -0.949527 0
    outer loop
      vertex -16.5462 38.5456 14.8832
      vertex -19.2027 37.668 0
      vertex -16.5462 38.5456 0
    endloop
  endfacet
  facet normal -0.0735604 -0.997291 0
    outer loop
      vertex 2.79686 40.9313 0
      vertex 5.58698 40.7255 4
      vertex 2.79686 40.9313 4
    endloop
  endfacet
  facet normal -0.0735604 -0.997291 -0
    outer loop
      vertex 5.58698 40.7255 4
      vertex 2.79686 40.9313 0
      vertex 5.58698 40.7255 0
    endloop
  endfacet
  facet normal 0.219102 -0.975702 0
    outer loop
      vertex -13.8499 39.2918 0
      vertex -11.1201 39.9048 4
      vertex -13.8499 39.2918 4
    endloop
  endfacet
  facet normal 0.219102 -0.975702 0
    outer loop
      vertex -11.1201 39.9048 4
      vertex -13.8499 39.2918 0
      vertex -11.1201 39.9048 0
    endloop
  endfacet
  facet normal 0.170965 -0.985277 0
    outer loop
      vertex -11.1201 39.9048 0
      vertex -8.36364 40.3831 4
      vertex -11.1201 39.9048 4
    endloop
  endfacet
  facet normal 0.170965 -0.985277 0
    outer loop
      vertex -8.36364 40.3831 4
      vertex -11.1201 39.9048 0
      vertex -8.36364 40.3831 0
    endloop
  endfacet
  facet normal 0.122387 -0.992483 0
    outer loop
      vertex -8.36364 40.3831 0
      vertex -5.58698 40.7255 4
      vertex -8.36364 40.3831 4
    endloop
  endfacet
  facet normal 0.122387 -0.992483 0
    outer loop
      vertex -5.58698 40.7255 4
      vertex -8.36364 40.3831 0
      vertex -5.58698 40.7255 0
    endloop
  endfacet
  facet normal -0.26671 -0.963777 -0
    outer loop
      vertex 13.8499 39.2918 4
      vertex 13.8499 39.2918 0
      vertex 16.4 38.5861 4
    endloop
  endfacet
  facet normal -0.266964 -0.963707 0
    outer loop
      vertex 16.4 38.5861 4
      vertex 16.5462 38.5456 14.8832
      vertex 16.4 38.5861 14.8461
    endloop
  endfacet
  facet normal -0.266964 -0.963707 0
    outer loop
      vertex 16.4 38.5861 4
      vertex 16.5462 38.5456 0
      vertex 16.5462 38.5456 14.8832
    endloop
  endfacet
  facet normal -0.266724 -0.963773 9.44632e-06
    outer loop
      vertex 16.5462 38.5456 0
      vertex 16.4 38.5861 4
      vertex 13.8499 39.2918 0
    endloop
  endfacet
  facet normal 0.0245559 -0.999698 0
    outer loop
      vertex -2.79686 40.9313 0
      vertex 0 41 4
      vertex -2.79686 40.9313 4
    endloop
  endfacet
  facet normal 0.0245559 -0.999698 0
    outer loop
      vertex 0 41 4
      vertex -2.79686 40.9313 0
      vertex 0 41 0
    endloop
  endfacet
  facet normal -0.359894 -0.932993 0
    outer loop
      vertex 19.2027 37.668 16
      vertex 21.813 36.6611 36
      vertex 19.2027 37.668 36
    endloop
  endfacet
  facet normal -0.359894 -0.932993 -0
    outer loop
      vertex 21.813 36.6611 36
      vertex 19.2027 37.668 16
      vertex 21.813 36.6611 16
    endloop
  endfacet
  facet normal 0.359894 -0.932993 0
    outer loop
      vertex -21.813 36.6611 0
      vertex -19.2027 37.668 36
      vertex -21.813 36.6611 36
    endloop
  endfacet
  facet normal 0.359894 -0.932993 0
    outer loop
      vertex -19.2027 37.668 36
      vertex -21.813 36.6611 0
      vertex -19.2027 37.668 0
    endloop
  endfacet
  facet normal 0.0735604 -0.997291 0
    outer loop
      vertex -5.58698 40.7255 0
      vertex -2.79686 40.9313 4
      vertex -5.58698 40.7255 4
    endloop
  endfacet
  facet normal 0.0735604 -0.997291 0
    outer loop
      vertex -2.79686 40.9313 4
      vertex -5.58698 40.7255 0
      vertex -2.79686 40.9313 0
    endloop
  endfacet
  facet normal 0.266964 -0.963707 0
    outer loop
      vertex -16.5462 38.5456 14.8832
      vertex -16.4 38.5861 4
      vertex -16.4 38.5861 14.8461
    endloop
  endfacet
  facet normal 0.266964 -0.963707 0
    outer loop
      vertex -16.5462 38.5456 0
      vertex -16.4 38.5861 4
      vertex -16.5462 38.5456 14.8832
    endloop
  endfacet
  facet normal 0.266724 -0.963773 9.44632e-06
    outer loop
      vertex -13.8499 39.2918 0
      vertex -16.4 38.5861 4
      vertex -16.5462 38.5456 0
    endloop
  endfacet
  facet normal 0.26671 -0.963777 0
    outer loop
      vertex -16.4 38.5861 4
      vertex -13.8499 39.2918 0
      vertex -13.8499 39.2918 4
    endloop
  endfacet
  facet normal -0.170965 -0.985277 0
    outer loop
      vertex 8.36364 40.3831 0
      vertex 11.1201 39.9048 4
      vertex 8.36364 40.3831 4
    endloop
  endfacet
  facet normal -0.170965 -0.985277 -0
    outer loop
      vertex 11.1201 39.9048 4
      vertex 8.36364 40.3831 0
      vertex 11.1201 39.9048 0
    endloop
  endfacet
  facet normal 0.405202 -0.914227 0
    outer loop
      vertex -23 36.135 0
      vertex -21.813 36.6611 36
      vertex -23 36.135 36
    endloop
  endfacet
  facet normal 0.405202 -0.914227 0
    outer loop
      vertex -21.813 36.6611 36
      vertex -23 36.135 0
      vertex -21.813 36.6611 0
    endloop
  endfacet
  facet normal -1 0 0
    outer loop
      vertex -18.4 53.6 1.5
      vertex -18.4 54.4 24
      vertex -18.4 54.4 1.5
    endloop
  endfacet
  facet normal -1 0 0
    outer loop
      vertex -18.4 41.0917 12.565
      vertex -18.4 54.4 24
      vertex -18.4 53.6 1.5
    endloop
  endfacet
  facet normal -1 -0 0
    outer loop
      vertex -18.4 54.4 24
      vertex -18.4 41.0917 12.565
      vertex -18.4 41.4 36
    endloop
  endfacet
  facet normal -1 -0 0
    outer loop
      vertex -18.4 41.4 36
      vertex -18.4 41.0917 12.565
      vertex -18.4 41.0917 36
    endloop
  endfacet
  facet normal -1 0 0
    outer loop
      vertex -18.4 37.9332 15.4446
      vertex -18.4 30.5 24
      vertex -18.4 37.9332 36
    endloop
  endfacet
  facet normal -1 -0 -0
    outer loop
      vertex -18.4 30.5 24
      vertex -18.4 37.9332 15.4446
      vertex -18.4 28.6 24
    endloop
  endfacet
  facet normal -1 -0 0
    outer loop
      vertex -18.4 37.9332 36
      vertex -18.4 30.5 24
      vertex -18.4 30.5 36
    endloop
  endfacet
  facet normal 0 0.578728 0.81552
    outer loop
      vertex 16 29.4 30
      vertex -15.5935 28 30.9935
      vertex 15.5935 28 30.9935
    endloop
  endfacet
  facet normal 0 0.578728 0.81552
    outer loop
      vertex -15.5935 28 30.9935
      vertex 16 29.4 30
      vertex -16 29.4 30
    endloop
  endfacet
  facet normal 0 -0.636765 -0.771058
    outer loop
      vertex -16 28 24.4955
      vertex 16 28.6 24
      vertex 16 28 24.4955
    endloop
  endfacet
  facet normal -0 -0.636765 -0.771058
    outer loop
      vertex 16 28.6 24
      vertex -16 28 24.4955
      vertex -16 28.6 24
    endloop
  endfacet
  facet normal 1 0 0
    outer loop
      vertex 18.4 54.4 24
      vertex 18.4 53.6 1.5
      vertex 18.4 54.4 1.5
    endloop
  endfacet
  facet normal 1 0 0
    outer loop
      vertex 18.4 41.0917 12.565
      vertex 18.4 54.4 24
      vertex 18.4 41.4 36
    endloop
  endfacet
  facet normal 1 0 0
    outer loop
      vertex 18.4 41.0917 12.565
      vertex 18.4 41.4 36
      vertex 18.4 41.0917 36
    endloop
  endfacet
  facet normal 1 0 0
    outer loop
      vertex 18.4 54.4 24
      vertex 18.4 41.0917 12.565
      vertex 18.4 53.6 1.5
    endloop
  endfacet
  facet normal 1 -0 0
    outer loop
      vertex 18.4 30.5 24
      vertex 18.4 37.9332 16
      vertex 18.4 37.9332 36
    endloop
  endfacet
  facet normal 1 0 0
    outer loop
      vertex 18.4 30.5 24
      vertex 18.4 37.9332 36
      vertex 18.4 30.5 36
    endloop
  endfacet
  facet normal 1 0 0
    outer loop
      vertex 18.4 37.9332 16
      vertex 18.4 30.5 24
      vertex 18.4 37.3273 16
    endloop
  endfacet
  facet normal 1 0 0
    outer loop
      vertex 18.4 37.3273 16
      vertex 18.4 30.5 24
      vertex 18.4 28.6 24
    endloop
  endfacet
  facet normal 0.000124164 -0.675721 -0.737158
    outer loop
      vertex -16 28.6 24
      vertex -16.5462 38.5456 14.8832
      vertex -16.4 38.5861 14.8461
    endloop
  endfacet
  facet normal 0 -0.675723 -0.737155
    outer loop
      vertex -18.4 37.9332 15.4446
      vertex -16 28.6 24
      vertex -18.4 28.6 24
    endloop
  endfacet
  facet normal -1.30186e-05 -0.675725 -0.737154
    outer loop
      vertex -16 28.6 24
      vertex -18.4 37.9332 15.4446
      vertex -16.5462 38.5456 14.8832
    endloop
  endfacet
  facet normal 0 -0.675723 -0.737155
    outer loop
      vertex 18.4 28.6 24
      vertex 16.4 37.3273 16
      vertex 18.4 37.3273 16
    endloop
  endfacet
  facet normal -1.62922e-06 -0.675748 -0.737133
    outer loop
      vertex -16.4 38.5861 14.8461
      vertex 16.4 38.1955 15.2041
      vertex 16.4 37.3273 16
    endloop
  endfacet
  facet normal 0 -0.675673 -0.737201
    outer loop
      vertex 16.4 38.1955 15.2041
      vertex -16.4 38.5861 14.8461
      vertex 16.4 38.5861 14.8461
    endloop
  endfacet
  facet normal 0 -0.675723 -0.737155
    outer loop
      vertex 16 28.6 24
      vertex 16.4 37.3273 16
      vertex 18.4 28.6 24
    endloop
  endfacet
  facet normal 0 -0.675723 -0.737155
    outer loop
      vertex -16 28.6 24
      vertex 16.4 37.3273 16
      vertex 16 28.6 24
    endloop
  endfacet
  facet normal 7.09339e-08 -0.675724 -0.737155
    outer loop
      vertex 16.4 37.3273 16
      vertex -16 28.6 24
      vertex -16.4 38.5861 14.8461
    endloop
  endfacet
  facet normal -0 -0.67573 -0.73715
    outer loop
      vertex 16.4 38.5861 14.8461
      vertex -16.4 38.5861 14.8461
      vertex 16.4 40.6 13
    endloop
  endfacet
  facet normal -0 -0.67573 -0.73715
    outer loop
      vertex 16.4 40.6 13
      vertex -16.4 38.5861 14.8461
      vertex -16.4 40.6 13
    endloop
  endfacet
  facet normal 0.00105642 -0.674223 -0.738527
    outer loop
      vertex 16.9469 38.3989 15.0177
      vertex 16.5462 38.5456 14.8832
      vertex 16.9707 38.4054 15.0118
    endloop
  endfacet
  facet normal 6.81247e-05 -0.675692 -0.737184
    outer loop
      vertex 16.7368 38.3308 15.0801
      vertex 16.5462 38.5456 14.8832
      vertex 16.9469 38.3989 15.0177
    endloop
  endfacet
  facet normal -8.90018e-05 -0.675768 -0.737115
    outer loop
      vertex 16.5303 38.2524 15.152
      vertex 16.5462 38.5456 14.8832
      vertex 16.7368 38.3308 15.0801
    endloop
  endfacet
  facet normal 0.000288825 -0.675673 -0.737201
    outer loop
      vertex 16.4 38.5861 14.8461
      vertex 16.5303 38.2524 15.152
      vertex 16.4 38.1955 15.2041
    endloop
  endfacet
  facet normal -0.000147051 -0.675766 -0.737116
    outer loop
      vertex 16.5303 38.2524 15.152
      vertex 16.4 38.5861 14.8461
      vertex 16.5462 38.5456 14.8832
    endloop
  endfacet
  facet normal -0 0.675725 0.737154
    outer loop
      vertex -16 41.4 19
      vertex 16 29.4 30
      vertex 16 41.4 19
    endloop
  endfacet
  facet normal 0 0.675725 0.737154
    outer loop
      vertex 16 29.4 30
      vertex -16 41.4 19
      vertex -16 29.4 30
    endloop
  endfacet
  facet normal -0 0.645942 0.763386
    outer loop
      vertex -16 54.4 8
      vertex 16 41.4 19
      vertex 16 54.4 8
    endloop
  endfacet
  facet normal 0 0.645942 0.763386
    outer loop
      vertex 16 41.4 19
      vertex -16 54.4 8
      vertex -16 41.4 19
    endloop
  endfacet
  facet normal 9.13118e-07 -0.662567 -0.749003
    outer loop
      vertex 16.4 40.6 13
      vertex 6 42.8609 11
      vertex 16.4 41.6979 12.0288
    endloop
  endfacet
  facet normal 0 -0.662569 -0.749001
    outer loop
      vertex 16.4 40.6 13
      vertex -6 42.8609 11
      vertex 6 42.8609 11
    endloop
  endfacet
  facet normal -9.13118e-07 -0.662567 -0.749003
    outer loop
      vertex -16.4 41.6979 12.0288
      vertex -6 42.8609 11
      vertex -16.4 40.6 13
    endloop
  endfacet
  facet normal 0 -0.662569 -0.749001
    outer loop
      vertex -16.4 40.6 13
      vertex -6 42.8609 11
      vertex 16.4 40.6 13
    endloop
  endfacet
  facet normal -2.56932e-05 -0.662573 -0.748998
    outer loop
      vertex 17.4171 41.4164 12.2778
      vertex 18.4 53.6 1.5
      vertex 18.4 41.0917 12.565
    endloop
  endfacet
  facet normal -1.38523e-05 -0.662573 -0.748997
    outer loop
      vertex 16.4 41.6979 12.0288
      vertex 18.4 53.6 1.5
      vertex 17.4171 41.4164 12.2778
    endloop
  endfacet
  facet normal -1.19025e-06 -0.662577 -0.748994
    outer loop
      vertex 6 46 8.22308
      vertex 16.4 41.6979 12.0288
      vertex 6 42.8609 11
    endloop
  endfacet
  facet normal 6.19695e-07 -0.662575 -0.748996
    outer loop
      vertex 16.4 41.6979 12.0288
      vertex 6 46 8.22308
      vertex 18.4 53.6 1.5
    endloop
  endfacet
  facet normal 0 -0.662574 -0.748996
    outer loop
      vertex -6 46 8.22308
      vertex 18.4 53.6 1.5
      vertex 6 46 8.22308
    endloop
  endfacet
  facet normal 1.19025e-06 -0.662577 -0.748994
    outer loop
      vertex -6 42.8609 11
      vertex -16.4 41.6979 12.0288
      vertex -6 46 8.22308
    endloop
  endfacet
  facet normal 1.38523e-05 -0.662573 -0.748997
    outer loop
      vertex -18.4 53.6 1.5
      vertex -16.4 41.6979 12.0288
      vertex -17.4171 41.4164 12.2778
    endloop
  endfacet
  facet normal 2.56932e-05 -0.662573 -0.748998
    outer loop
      vertex -18.4 53.6 1.5
      vertex -17.4171 41.4164 12.2778
      vertex -18.4 41.0917 12.565
    endloop
  endfacet
  facet normal 0 -0.662574 -0.748996
    outer loop
      vertex -6 46 8.22308
      vertex -18.4 53.6 1.5
      vertex 18.4 53.6 1.5
    endloop
  endfacet
  facet normal -6.19695e-07 -0.662575 -0.748996
    outer loop
      vertex -16.4 41.6979 12.0288
      vertex -18.4 53.6 1.5
      vertex -6 46 8.22308
    endloop
  endfacet
  facet normal 0 1 0
    outer loop
      vertex 18.4 54.4 24
      vertex 16 54.4 8
      vertex 16 54.4 24
    endloop
  endfacet
  facet normal 0 1 0
    outer loop
      vertex 16 54.4 8
      vertex 18.4 54.4 1.5
      vertex -16 54.4 8
    endloop
  endfacet
  facet normal 0 1 -0
    outer loop
      vertex 18.4 54.4 1.5
      vertex 16 54.4 8
      vertex 18.4 54.4 24
    endloop
  endfacet
  facet normal 0 1 -0
    outer loop
      vertex -16 54.4 8
      vertex -18.4 54.4 24
      vertex -16 54.4 24
    endloop
  endfacet
  facet normal 0 1 0
    outer loop
      vertex -16 54.4 8
      vertex -18.4 54.4 1.5
      vertex -18.4 54.4 24
    endloop
  endfacet
  facet normal 0 1 0
    outer loop
      vertex -18.4 54.4 1.5
      vertex -16 54.4 8
      vertex 18.4 54.4 1.5
    endloop
  endfacet
  facet normal 0 0 -1
    outer loop
      vertex -18.4 53.6 1.5
      vertex 18.4 54.4 1.5
      vertex 18.4 53.6 1.5
    endloop
  endfacet
  facet normal -0 0 -1
    outer loop
      vertex 18.4 54.4 1.5
      vertex -18.4 53.6 1.5
      vertex -18.4 54.4 1.5
    endloop
  endfacet
  facet normal 0.960337 0.278841 -0
    outer loop
      vertex -15.5935 28 30.9935
      vertex -16 29.4 36
      vertex -15.5935 28 36
    endloop
  endfacet
  facet normal 0.960337 0.278841 0
    outer loop
      vertex -16 29.4 36
      vertex -15.5935 28 30.9935
      vertex -16 29.4 30
    endloop
  endfacet
  facet normal -0.960337 0.278841 0
    outer loop
      vertex 15.5935 28 30.9935
      vertex 16 29.4 36
      vertex 16 29.4 30
    endloop
  endfacet
  facet normal -0.960337 0.278841 0
    outer loop
      vertex 16 29.4 36
      vertex 15.5935 28 30.9935
      vertex 15.5935 28 36
    endloop
  endfacet
  facet normal 1 0 0
    outer loop
      vertex -16 41.4 19
      vertex -16 54.4 24
      vertex -16 41.4 36
    endloop
  endfacet
  facet normal 1 0 0
    outer loop
      vertex -16 54.4 24
      vertex -16 41.4 19
      vertex -16 54.4 8
    endloop
  endfacet
  facet normal 1 0 0
    outer loop
      vertex -16 29.4 30
      vertex -16 41.4 36
      vertex -16 29.4 36
    endloop
  endfacet
  facet normal 1 0 0
    outer loop
      vertex -16 41.4 36
      vertex -16 29.4 30
      vertex -16 41.4 19
    endloop
  endfacet
  facet normal 1 0 0
    outer loop
      vertex -16 28 24.4955
      vertex -16 28 24
      vertex -16 28.6 24
    endloop
  endfacet
  facet normal -1 0 0
    outer loop
      vertex 16 41.4 19
      vertex 16 54.4 24
      vertex 16 54.4 8
    endloop
  endfacet
  facet normal -1 0 0
    outer loop
      vertex 16 41.4 19
      vertex 16 41.4 36
      vertex 16 54.4 24
    endloop
  endfacet
  facet normal -1 0 0
    outer loop
      vertex 16 29.4 30
      vertex 16 41.4 36
      vertex 16 41.4 19
    endloop
  endfacet
  facet normal -1 -0 0
    outer loop
      vertex 16 41.4 36
      vertex 16 29.4 30
      vertex 16 29.4 36
    endloop
  endfacet
  facet normal -1 0 0
    outer loop
      vertex 16 28.6 24
      vertex 16 28 24
      vertex 16 28 24.4955
    endloop
  endfacet
  facet normal -2.82617e-05 0.67828 0.734803
    outer loop
      vertex -16 54.4 24
      vertex -16.4 41.6979 35.725
      vertex -16 41.4 36
    endloop
  endfacet
  facet normal -0 0.67828 0.734804
    outer loop
      vertex -18.4 54.4 24
      vertex -16.4 41.6979 35.725
      vertex -16 54.4 24
    endloop
  endfacet
  facet normal 5.65233e-06 0.67828 0.734803
    outer loop
      vertex -18.4 41.4 36
      vertex -16.4 41.6979 35.725
      vertex -18.4 54.4 24
    endloop
  endfacet
  facet normal 5.11065e-05 0.678115 0.734956
    outer loop
      vertex -16.4 41.6979 35.725
      vertex -18.4 41.4 36
      vertex -17.4171 41.4164 35.9848
    endloop
  endfacet
  facet normal 0 0.679765 0.73343
    outer loop
      vertex -17.4171 41.4164 35.9848
      vertex -18.4 41.4 36
      vertex -17.4668 41.4 36
    endloop
  endfacet
  facet normal 0 0.678301 0.734785
    outer loop
      vertex -16 41.4 36
      vertex -16.4 41.6979 35.725
      vertex -16.4 41.4 36
    endloop
  endfacet
  facet normal -5.65233e-06 0.67828 0.734803
    outer loop
      vertex 16.4 41.6979 35.725
      vertex 18.4 41.4 36
      vertex 18.4 54.4 24
    endloop
  endfacet
  facet normal 0 0.679765 0.73343
    outer loop
      vertex 18.4 41.4 36
      vertex 17.4171 41.4164 35.9848
      vertex 17.4668 41.4 36
    endloop
  endfacet
  facet normal -5.11065e-05 0.678115 0.734956
    outer loop
      vertex 18.4 41.4 36
      vertex 16.4 41.6979 35.725
      vertex 17.4171 41.4164 35.9848
    endloop
  endfacet
  facet normal -0 0.67828 0.734804
    outer loop
      vertex 16 54.4 24
      vertex 16.4 41.6979 35.725
      vertex 18.4 54.4 24
    endloop
  endfacet
  facet normal 2.82617e-05 0.67828 0.734803
    outer loop
      vertex 16 41.4 36
      vertex 16.4 41.6979 35.725
      vertex 16 54.4 24
    endloop
  endfacet
  facet normal 0 0.678301 0.734785
    outer loop
      vertex 16.4 41.6979 35.725
      vertex 16 41.4 36
      vertex 16.4 41.4 36
    endloop
  endfacet
  facet normal 0 0 -1
    outer loop
      vertex -16 28 24
      vertex -18.4 28.6 24
      vertex -16 28.6 24
    endloop
  endfacet
  facet normal 0 0 -1
    outer loop
      vertex -23 28 24
      vertex -18.4 28.6 24
      vertex -16 28 24
    endloop
  endfacet
  facet normal 0 0 -1
    outer loop
      vertex -23 30.5 24
      vertex -18.4 28.6 24
      vertex -23 28 24
    endloop
  endfacet
  facet normal 0 0 -1
    outer loop
      vertex -18.4 28.6 24
      vertex -23 30.5 24
      vertex -18.4 30.5 24
    endloop
  endfacet
  facet normal 0 1 -0
    outer loop
      vertex -18.4 30.5 24
      vertex -23 30.5 36
      vertex -18.4 30.5 36
    endloop
  endfacet
  facet normal 0 1 0
    outer loop
      vertex -23 30.5 36
      vertex -18.4 30.5 24
      vertex -23 30.5 24
    endloop
  endfacet
  facet normal 0 0 -1
    outer loop
      vertex 23 28 24
      vertex 18.4 28.6 24
      vertex 23 30.5 24
    endloop
  endfacet
  facet normal 0 0 -1
    outer loop
      vertex 16 28 24
      vertex 18.4 28.6 24
      vertex 23 28 24
    endloop
  endfacet
  facet normal -0 0 -1
    outer loop
      vertex 18.4 28.6 24
      vertex 16 28 24
      vertex 16 28.6 24
    endloop
  endfacet
  facet normal -0 0 -1
    outer loop
      vertex 23 30.5 24
      vertex 18.4 28.6 24
      vertex 18.4 30.5 24
    endloop
  endfacet
  facet normal 0 1 -0
    outer loop
      vertex 23 30.5 24
      vertex 18.4 30.5 36
      vertex 23 30.5 36
    endloop
  endfacet
  facet normal 0 1 0
    outer loop
      vertex 18.4 30.5 36
      vertex 23 30.5 24
      vertex 18.4 30.5 24
    endloop
  endfacet
  facet normal 0.999554 -0.029878 0
    outer loop
      vertex 22.723 33.8403 16
      vertex 22.7296 34.0611 0
      vertex 22.7296 34.0611 16
    endloop
  endfacet
  facet normal 0.999554 -0.029878 0
    outer loop
      vertex 22.7296 34.0611 0
      vertex 22.723 33.8403 16
      vertex 22.723 33.8403 0
    endloop
  endfacet
  facet normal -0.488024 0.87283 0
    outer loop
      vertex 16.1301 38.0658 0
      vertex 15.9373 37.958 4
      vertex 16.1301 38.0658 4
    endloop
  endfacet
  facet normal -0.488024 0.87283 0
    outer loop
      vertex 15.9373 37.958 4
      vertex 16.1301 38.0658 0
      vertex 15.9373 37.958 0
    endloop
  endfacet
  facet normal 0.916407 0.400249 0
    outer loop
      vertex 22.3965 35.785 16
      vertex 22.3081 35.9874 0
      vertex 22.3081 35.9874 16
    endloop
  endfacet
  facet normal 0.916407 0.400249 0
    outer loop
      vertex 22.3081 35.9874 0
      vertex 22.3965 35.785 16
      vertex 22.3965 35.785 0
    endloop
  endfacet
  facet normal -0.657254 -0.753669 0
    outer loop
      vertex 15.1895 30.7679 0
      vertex 15.356 30.6227 16
      vertex 15.1895 30.7679 16
    endloop
  endfacet
  facet normal -0.657254 -0.753669 -0
    outer loop
      vertex 15.356 30.6227 16
      vertex 15.1895 30.7679 0
      vertex 15.356 30.6227 0
    endloop
  endfacet
  facet normal -0.53065 0.847591 0
    outer loop
      vertex 15.9373 37.958 0
      vertex 15.7501 37.8408 4
      vertex 15.9373 37.958 4
    endloop
  endfacet
  facet normal -0.53065 0.847591 0
    outer loop
      vertex 15.7501 37.8408 4
      vertex 15.9373 37.958 0
      vertex 15.7501 37.8408 0
    endloop
  endfacet
  facet normal 0.991811 -0.127713 0
    outer loop
      vertex 22.6773 33.4011 16
      vertex 22.7055 33.6201 0
      vertex 22.7055 33.6201 16
    endloop
  endfacet
  facet normal 0.991811 -0.127713 0
    outer loop
      vertex 22.7055 33.6201 0
      vertex 22.6773 33.4011 16
      vertex 22.6773 33.4011 0
    endloop
  endfacet
  facet normal 0.999819 0.0190183 0
    outer loop
      vertex 22.7296 34.0611 16
      vertex 22.7254 34.2819 0
      vertex 22.7254 34.2819 16
    endloop
  endfacet
  facet normal 0.999819 0.0190183 0
    outer loop
      vertex 22.7254 34.2819 0
      vertex 22.7296 34.0611 16
      vertex 22.7296 34.0611 0
    endloop
  endfacet
  facet normal -0.753669 0.657254 0
    outer loop
      vertex 14.7667 36.9593 0
      vertex 14.9119 37.1258 4
      vertex 14.9119 37.1258 0
    endloop
  endfacet
  facet normal -0.753669 0.657254 0
    outer loop
      vertex 14.9119 37.1258 4
      vertex 14.7667 36.9593 0
      vertex 14.7667 36.9593 4
    endloop
  endfacet
  facet normal 0.962255 -0.272148 0
    outer loop
      vertex 22.5287 32.7559 16
      vertex 22.5888 32.9684 0
      vertex 22.5888 32.9684 16
    endloop
  endfacet
  facet normal 0.962255 -0.272148 0
    outer loop
      vertex 22.5888 32.9684 0
      vertex 22.5287 32.7559 16
      vertex 22.5287 32.7559 0
    endloop
  endfacet
  facet normal -0.400192 0.916432 0
    outer loop
      vertex 16.5303 38.2524 15.152
      vertex 16.4 38.1955 4
      vertex 16.4 38.1955 15.2041
    endloop
  endfacet
  facet normal -0.400192 0.916432 0
    outer loop
      vertex 16.5303 38.2524 0
      vertex 16.4 38.1955 4
      vertex 16.5303 38.2524 15.152
    endloop
  endfacet
  facet normal -0.400249 0.916407 -2.21857e-06
    outer loop
      vertex 16.3279 38.164 0
      vertex 16.4 38.1955 4
      vertex 16.5303 38.2524 0
    endloop
  endfacet
  facet normal -0.400352 0.916361 0
    outer loop
      vertex 16.4 38.1955 4
      vertex 16.3279 38.164 0
      vertex 16.3279 38.164 4
    endloop
  endfacet
  facet normal -0.847591 -0.53065 0
    outer loop
      vertex 14.4745 31.606 0
      vertex 14.3573 31.7932 16
      vertex 14.3573 31.7932 0
    endloop
  endfacet
  facet normal -0.847591 -0.53065 0
    outer loop
      vertex 14.3573 31.7932 16
      vertex 14.4745 31.606 0
      vertex 14.4745 31.606 16
    endloop
  endfacet
  facet normal -0.867434 0.497552 0
    outer loop
      vertex 14.2727 36.2285 0
      vertex 14.3826 36.4201 4
      vertex 14.3826 36.4201 0
    endloop
  endfacet
  facet normal -0.867434 0.497552 0
    outer loop
      vertex 14.3826 36.4201 4
      vertex 14.2727 36.2285 0
      vertex 14.2727 36.2285 4
    endloop
  endfacet
  facet normal -0.760788 -0.649001 0
    outer loop
      vertex 14.879 31.0818 0
      vertex 14.7356 31.2499 16
      vertex 14.7356 31.2499 0
    endloop
  endfacet
  facet normal -0.760788 -0.649001 0
    outer loop
      vertex 14.7356 31.2499 16
      vertex 14.879 31.0818 0
      vertex 14.879 31.0818 16
    endloop
  endfacet
  facet normal -0.571303 0.820739 0
    outer loop
      vertex 15.7501 37.8408 0
      vertex 15.5688 37.7146 4
      vertex 15.7501 37.8408 4
    endloop
  endfacet
  facet normal -0.571303 0.820739 0
    outer loop
      vertex 15.5688 37.7146 4
      vertex 15.7501 37.8408 0
      vertex 15.5688 37.7146 0
    endloop
  endfacet
  facet normal -0.61938 -0.785091 0
    outer loop
      vertex 15.356 30.6227 0
      vertex 15.5294 30.4859 16
      vertex 15.356 30.6227 16
    endloop
  endfacet
  facet normal -0.61938 -0.785091 -0
    outer loop
      vertex 15.5294 30.4859 16
      vertex 15.356 30.6227 0
      vertex 15.5294 30.4859 0
    endloop
  endfacet
  facet normal 0.947865 -0.318671 0
    outer loop
      vertex 22.4583 32.5465 16
      vertex 22.5287 32.7559 0
      vertex 22.5287 32.7559 16
    endloop
  endfacet
  facet normal 0.947865 -0.318671 0
    outer loop
      vertex 22.5287 32.7559 0
      vertex 22.4583 32.5465 16
      vertex 22.4583 32.5465 0
    endloop
  endfacet
  facet normal -0.976906 -0.21367 0
    outer loop
      vertex 13.8586 33.016 0
      vertex 13.8114 33.2318 16
      vertex 13.8114 33.2318 0
    endloop
  endfacet
  facet normal -0.976906 -0.21367 0
    outer loop
      vertex 13.8114 33.2318 16
      vertex 13.8586 33.016 0
      vertex 13.8586 33.016 16
    endloop
  endfacet
  facet normal -0.318808 -0.947819 0
    outer loop
      vertex 16.6906 29.857 0
      vertex 16.8999 29.7866 16
      vertex 16.6906 29.857 16
    endloop
  endfacet
  facet normal -0.318808 -0.947819 -0
    outer loop
      vertex 16.8999 29.7866 16
      vertex 16.6906 29.857 0
      vertex 16.8999 29.7866 0
    endloop
  endfacet
  facet normal -0.0298915 -0.999553 0
    outer loop
      vertex 17.9844 29.5923 0
      vertex 18.2051 29.5857 16
      vertex 17.9844 29.5923 16
    endloop
  endfacet
  facet normal -0.0298915 -0.999553 -0
    outer loop
      vertex 18.2051 29.5857 16
      vertex 17.9844 29.5923 0
      vertex 18.2051 29.5857 0
    endloop
  endfacet
  facet normal -0.974452 0.224595 0
    outer loop
      vertex 13.821 34.9876 0
      vertex 13.8706 35.2028 16
      vertex 13.8706 35.2028 0
    endloop
  endfacet
  facet normal -0.974452 0.224595 0
    outer loop
      vertex 13.8706 35.2028 16
      vertex 13.821 34.9876 0
      vertex 13.821 34.9876 16
    endloop
  endfacet
  facet normal -0.820739 -0.571303 0
    outer loop
      vertex 14.6007 31.4247 0
      vertex 14.4745 31.606 16
      vertex 14.4745 31.606 0
    endloop
  endfacet
  facet normal -0.820739 -0.571303 0
    outer loop
      vertex 14.4745 31.606 16
      vertex 14.6007 31.4247 0
      vertex 14.6007 31.4247 16
    endloop
  endfacet
  facet normal -0.720337 0.693624 0
    outer loop
      vertex 14.9119 37.1258 0
      vertex 15.0651 37.2849 4
      vertex 15.0651 37.2849 0
    endloop
  endfacet
  facet normal -0.720337 0.693624 0
    outer loop
      vertex 15.0651 37.2849 4
      vertex 14.9119 37.1258 0
      vertex 14.9119 37.1258 4
    endloop
  endfacet
  facet normal 0.996857 -0.0792234 0
    outer loop
      vertex 22.7055 33.6201 16
      vertex 22.723 33.8403 0
      vertex 22.723 33.8403 16
    endloop
  endfacet
  facet normal 0.996857 -0.0792234 0
    outer loop
      vertex 22.723 33.8403 0
      vertex 22.7055 33.6201 16
      vertex 22.7055 33.6201 0
    endloop
  endfacet
  facet normal 0.841811 -0.539773 0
    outer loop
      vertex 21.9576 31.5652 16
      vertex 22.0768 31.7511 0
      vertex 22.0768 31.7511 16
    endloop
  endfacet
  facet normal 0.841811 -0.539773 0
    outer loop
      vertex 22.0768 31.7511 0
      vertex 21.9576 31.5652 16
      vertex 21.9576 31.5652 0
    endloop
  endfacet
  facet normal -0.685506 0.728067 0
    outer loop
      vertex 15.2259 37.4363 0
      vertex 15.0651 37.2849 4
      vertex 15.2259 37.4363 4
    endloop
  endfacet
  facet normal -0.685506 0.728067 0
    outer loop
      vertex 15.0651 37.2849 4
      vertex 15.2259 37.4363 0
      vertex 15.0651 37.2849 0
    endloop
  endfacet
  facet normal -0.993157 -0.116789 0
    outer loop
      vertex 13.7748 33.4496 0
      vertex 13.749 33.669 16
      vertex 13.749 33.669 0
    endloop
  endfacet
  facet normal -0.993157 -0.116789 0
    outer loop
      vertex 13.749 33.669 16
      vertex 13.7748 33.4496 0
      vertex 13.7748 33.4496 16
    endloop
  endfacet
  facet normal -0.984287 0.176574 0
    outer loop
      vertex 13.782 34.7702 0
      vertex 13.821 34.9876 16
      vertex 13.821 34.9876 0
    endloop
  endfacet
  facet normal -0.984287 0.176574 0
    outer loop
      vertex 13.821 34.9876 16
      vertex 13.782 34.7702 0
      vertex 13.782 34.7702 16
    endloop
  endfacet
  facet normal -0.27203 -0.962289 0
    outer loop
      vertex 16.8999 29.7866 0
      vertex 17.1125 29.7265 16
      vertex 16.8999 29.7866 16
    endloop
  endfacet
  facet normal -0.27203 -0.962289 -0
    outer loop
      vertex 17.1125 29.7265 16
      vertex 16.8999 29.7866 0
      vertex 17.1125 29.7265 0
    endloop
  endfacet
  facet normal -0.96516 -0.261661 0
    outer loop
      vertex 13.9164 32.8028 0
      vertex 13.8586 33.016 16
      vertex 13.8586 33.016 0
    endloop
  endfacet
  facet normal -0.96516 -0.261661 0
    outer loop
      vertex 13.8586 33.016 16
      vertex 13.9164 32.8028 0
      vertex 13.9164 32.8028 16
    endloop
  endfacet
  facet normal 0.931015 -0.36498 0
    outer loop
      vertex 22.3777 32.3409 16
      vertex 22.4583 32.5465 0
      vertex 22.4583 32.5465 16
    endloop
  endfacet
  facet normal 0.931015 -0.36498 0
    outer loop
      vertex 22.4583 32.5465 0
      vertex 22.3777 32.3409 16
      vertex 22.3777 32.3409 0
    endloop
  endfacet
  facet normal -0.364826 -0.931076 0
    outer loop
      vertex 16.4849 29.9376 0
      vertex 16.6906 29.857 16
      vertex 16.4849 29.9376 16
    endloop
  endfacet
  facet normal -0.364826 -0.931076 -0
    outer loop
      vertex 16.6906 29.857 16
      vertex 16.4849 29.9376 0
      vertex 16.6906 29.857 0
    endloop
  endfacet
  facet normal 0.965274 0.26124 0
    outer loop
      vertex 22.6007 35.1552 16
      vertex 22.543 35.3684 0
      vertex 22.543 35.3684 16
    endloop
  endfacet
  facet normal 0.965274 0.26124 0
    outer loop
      vertex 22.543 35.3684 0
      vertex 22.6007 35.1552 16
      vertex 22.6007 35.1552 0
    endloop
  endfacet
  facet normal 0.308748 -0.951144 0
    outer loop
      vertex 19.5124 29.7723 0
      vertex 19.7225 29.8405 16
      vertex 19.5124 29.7723 16
    endloop
  endfacet
  facet normal 0.308748 -0.951144 0
    outer loop
      vertex 19.7225 29.8405 16
      vertex 19.5124 29.7723 0
      vertex 19.7225 29.8405 0
    endloop
  endfacet
  facet normal -0.127655 -0.991819 0
    outer loop
      vertex 17.5451 29.638 0
      vertex 17.7642 29.6098 16
      vertex 17.5451 29.638 16
    endloop
  endfacet
  facet normal -0.127655 -0.991819 -0
    outer loop
      vertex 17.7642 29.6098 16
      vertex 17.5451 29.638 0
      vertex 17.7642 29.6098 0
    endloop
  endfacet
  facet normal -0.308339 0.951277 0
    outer loop
      vertex 16.7368 38.3308 0
      vertex 16.9469 38.3989 15.0177
      vertex 16.9469 38.3989 0
    endloop
  endfacet
  facet normal -0.308339 0.951277 0
    outer loop
      vertex 16.9469 38.3989 15.0177
      vertex 16.7368 38.3308 0
      vertex 16.7368 38.3308 15.0801
    endloop
  endfacet
  facet normal -0.931015 0.36498 0
    outer loop
      vertex 14.0011 35.6247 0
      vertex 14.0817 35.8303 16
      vertex 14.0817 35.8303 0
    endloop
  endfacet
  facet normal -0.931015 0.36498 0
    outer loop
      vertex 14.0817 35.8303 16
      vertex 14.0011 35.6247 0
      vertex 14.0011 35.6247 16
    endloop
  endfacet
  facet normal 0.997661 0.0683516 0
    outer loop
      vertex 22.7254 34.2819 16
      vertex 22.7103 34.5023 0
      vertex 22.7103 34.5023 16
    endloop
  endfacet
  facet normal 0.997661 0.0683516 0
    outer loop
      vertex 22.7103 34.5023 0
      vertex 22.7254 34.2819 16
      vertex 22.7254 34.2819 0
    endloop
  endfacet
  facet normal -0.890683 0.454624 0
    outer loop
      vertex 14.1723 36.0318 0
      vertex 14.2727 36.2285 4
      vertex 14.2727 36.2285 0
    endloop
  endfacet
  facet normal -0.890683 0.454624 0
    outer loop
      vertex 14.2727 36.2285 4
      vertex 14.1723 36.0318 0
      vertex 14.1723 36.0318 4
    endloop
  endfacet
  facet normal -0.649224 0.760597 0
    outer loop
      vertex 15.3939 37.5797 0
      vertex 15.2259 37.4363 4
      vertex 15.3939 37.5797 4
    endloop
  endfacet
  facet normal -0.649224 0.760597 0
    outer loop
      vertex 15.2259 37.4363 4
      vertex 15.3939 37.5797 0
      vertex 15.2259 37.4363 0
    endloop
  endfacet
  facet normal -0.610739 0.791832 0
    outer loop
      vertex 15.5688 37.7146 0
      vertex 15.3939 37.5797 4
      vertex 15.5688 37.7146 4
    endloop
  endfacet
  facet normal -0.610739 0.791832 0
    outer loop
      vertex 15.3939 37.5797 4
      vertex 15.5688 37.7146 0
      vertex 15.3939 37.5797 0
    endloop
  endfacet
  facet normal -0.444676 0.895692 0
    outer loop
      vertex 16.3279 38.164 0
      vertex 16.1301 38.0658 4
      vertex 16.3279 38.164 4
    endloop
  endfacet
  facet normal -0.444676 0.895692 0
    outer loop
      vertex 16.1301 38.0658 4
      vertex 16.3279 38.164 0
      vertex 16.1301 38.0658 0
    endloop
  endfacet
  facet normal 0.685506 -0.728067 0
    outer loop
      vertex 21.2335 30.7349 0
      vertex 21.3943 30.8863 16
      vertex 21.2335 30.7349 16
    endloop
  endfacet
  facet normal 0.685506 -0.728067 0
    outer loop
      vertex 21.3943 30.8863 16
      vertex 21.2335 30.7349 0
      vertex 21.3943 30.8863 0
    endloop
  endfacet
  facet normal 0.0190097 -0.999819 0
    outer loop
      vertex 18.2051 29.5857 0
      vertex 18.426 29.5899 16
      vertex 18.2051 29.5857 16
    endloop
  endfacet
  facet normal 0.0190097 -0.999819 0
    outer loop
      vertex 18.426 29.5899 16
      vertex 18.2051 29.5857 0
      vertex 18.426 29.5899 0
    endloop
  endfacet
  facet normal -0.951277 -0.308339 0
    outer loop
      vertex 13.9845 32.5927 0
      vertex 13.9164 32.8028 16
      vertex 13.9164 32.8028 0
    endloop
  endfacet
  facet normal -0.951277 -0.308339 0
    outer loop
      vertex 13.9164 32.8028 16
      vertex 13.9845 32.5927 0
      vertex 13.9845 32.5927 16
    endloop
  endfacet
  facet normal 0.87283 0.488024 0
    outer loop
      vertex 22.2098 36.1852 16
      vertex 22.102 36.378 0
      vertex 22.102 36.378 16
    endloop
  endfacet
  facet normal 0.87283 0.488024 0
    outer loop
      vertex 22.102 36.378 0
      vertex 22.2098 36.1852 16
      vertex 22.2098 36.1852 0
    endloop
  endfacet
  facet normal 0.976906 0.21367 0
    outer loop
      vertex 22.6479 34.9394 16
      vertex 22.6007 35.1552 0
      vertex 22.6007 35.1552 16
    endloop
  endfacet
  facet normal 0.976906 0.21367 0
    outer loop
      vertex 22.6007 35.1552 0
      vertex 22.6479 34.9394 16
      vertex 22.6479 34.9394 0
    endloop
  endfacet
  facet normal 0.354545 -0.935039 0
    outer loop
      vertex 19.7225 29.8405 0
      vertex 19.929 29.9188 16
      vertex 19.7225 29.8405 16
    endloop
  endfacet
  facet normal 0.354545 -0.935039 0
    outer loop
      vertex 19.929 29.9188 16
      vertex 19.7225 29.8405 0
      vertex 19.929 29.9188 0
    endloop
  endfacet
  facet normal 0.400083 -0.916479 0
    outer loop
      vertex 19.929 29.9188 0
      vertex 20.1315 30.0072 16
      vertex 19.929 29.9188 16
    endloop
  endfacet
  facet normal 0.400083 -0.916479 0
    outer loop
      vertex 20.1315 30.0072 16
      vertex 19.929 29.9188 0
      vertex 20.1315 30.0072 0
    endloop
  endfacet
  facet normal -0.224595 -0.974452 0
    outer loop
      vertex 17.1125 29.7265 0
      vertex 17.3277 29.6769 16
      vertex 17.1125 29.7265 16
    endloop
  endfacet
  facet normal -0.224595 -0.974452 -0
    outer loop
      vertex 17.3277 29.6769 16
      vertex 17.1125 29.7265 0
      vertex 17.3277 29.6769 0
    endloop
  endfacet
  facet normal 0.117235 -0.993104 0
    outer loop
      vertex 18.6463 29.6049 0
      vertex 18.8657 29.6308 16
      vertex 18.6463 29.6049 16
    endloop
  endfacet
  facet normal 0.117235 -0.993104 0
    outer loop
      vertex 18.8657 29.6308 16
      vertex 18.6463 29.6049 0
      vertex 18.8657 29.6308 0
    endloop
  endfacet
  facet normal -0.693389 -0.720563 0
    outer loop
      vertex 15.0304 30.921 0
      vertex 15.1895 30.7679 16
      vertex 15.0304 30.921 16
    endloop
  endfacet
  facet normal -0.693389 -0.720563 -0
    outer loop
      vertex 15.1895 30.7679 16
      vertex 15.0304 30.921 0
      vertex 15.1895 30.7679 0
    endloop
  endfacet
  facet normal 0.935039 0.354545 0
    outer loop
      vertex 22.4748 35.5785 16
      vertex 22.3965 35.785 0
      vertex 22.3965 35.785 16
    endloop
  endfacet
  facet normal 0.935039 0.354545 0
    outer loop
      vertex 22.3965 35.785 0
      vertex 22.4748 35.5785 16
      vertex 22.4748 35.5785 0
    endloop
  endfacet
  facet normal 0.993151 0.116841 0
    outer loop
      vertex 22.7103 34.5023 16
      vertex 22.6845 34.7216 0
      vertex 22.6845 34.7216 16
    endloop
  endfacet
  facet normal 0.993151 0.116841 0
    outer loop
      vertex 22.6845 34.7216 0
      vertex 22.7103 34.5023 16
      vertex 22.7103 34.5023 0
    endloop
  endfacet
  facet normal -0.999811 -0.0194621 0
    outer loop
      vertex 13.734 33.8893 0
      vertex 13.7297 34.1102 16
      vertex 13.7297 34.1102 0
    endloop
  endfacet
  facet normal -0.999811 -0.0194621 0
    outer loop
      vertex 13.7297 34.1102 16
      vertex 13.734 33.8893 0
      vertex 13.734 33.8893 16
    endloop
  endfacet
  facet normal 0.847795 0.530325 0
    outer loop
      vertex 22.102 36.378 16
      vertex 21.9849 36.5652 0
      vertex 21.9849 36.5652 16
    endloop
  endfacet
  facet normal 0.847795 0.530325 0
    outer loop
      vertex 21.9849 36.5652 0
      vertex 22.102 36.378 16
      vertex 22.102 36.378 0
    endloop
  endfacet
  facet normal -0.26346 0.96467 0
    outer loop
      vertex 16.9469 38.3989 0
      vertex 16.9707 38.4054 15.0118
      vertex 16.9707 38.4054 0
    endloop
  endfacet
  facet normal -0.26346 0.96467 0
    outer loop
      vertex 16.9707 38.4054 15.0118
      vertex 16.9469 38.3989 0
      vertex 16.9469 38.3989 15.0177
    endloop
  endfacet
  facet normal 0.648738 -0.761011 0
    outer loop
      vertex 21.0654 30.5916 0
      vertex 21.2335 30.7349 16
      vertex 21.0654 30.5916 16
    endloop
  endfacet
  facet normal 0.648738 -0.761011 0
    outer loop
      vertex 21.2335 30.7349 16
      vertex 21.0654 30.5916 0
      vertex 21.2335 30.7349 0
    endloop
  endfacet
  facet normal -0.947682 0.319215 0
    outer loop
      vertex 13.9306 35.4154 0
      vertex 14.0011 35.6247 16
      vertex 14.0011 35.6247 0
    endloop
  endfacet
  facet normal -0.947682 0.319215 0
    outer loop
      vertex 14.0011 35.6247 16
      vertex 13.9306 35.4154 0
      vertex 13.9306 35.4154 16
    endloop
  endfacet
  facet normal -0.99954 0.030344 0
    outer loop
      vertex 13.7297 34.1102 0
      vertex 13.7364 34.3309 16
      vertex 13.7364 34.3309 0
    endloop
  endfacet
  facet normal -0.99954 0.030344 0
    outer loop
      vertex 13.7364 34.3309 16
      vertex 13.7297 34.1102 0
      vertex 13.7297 34.1102 16
    endloop
  endfacet
  facet normal -0.497552 -0.867434 0
    outer loop
      vertex 15.8952 30.2385 0
      vertex 16.0868 30.1286 16
      vertex 15.8952 30.2385 16
    endloop
  endfacet
  facet normal -0.497552 -0.867434 -0
    outer loop
      vertex 16.0868 30.1286 16
      vertex 15.8952 30.2385 0
      vertex 16.0868 30.1286 0
    endloop
  endfacet
  facet normal 0.984366 -0.176135 0
    outer loop
      vertex 22.6384 33.1837 16
      vertex 22.6773 33.4011 0
      vertex 22.6773 33.4011 16
    endloop
  endfacet
  facet normal 0.984366 -0.176135 0
    outer loop
      vertex 22.6773 33.4011 0
      vertex 22.6384 33.1837 16
      vertex 22.6384 33.1837 0
    endloop
  endfacet
  facet normal -0.539567 -0.841942 0
    outer loop
      vertex 15.7092 30.3577 0
      vertex 15.8952 30.2385 16
      vertex 15.7092 30.3577 16
    endloop
  endfacet
  facet normal -0.539567 -0.841942 -0
    outer loop
      vertex 15.8952 30.2385 16
      vertex 15.7092 30.3577 0
      vertex 15.8952 30.2385 0
    endloop
  endfacet
  facet normal 0.895511 0.445039 0
    outer loop
      vertex 22.3081 35.9874 16
      vertex 22.2098 36.1852 0
      vertex 22.2098 36.1852 16
    endloop
  endfacet
  facet normal 0.895511 0.445039 0
    outer loop
      vertex 22.2098 36.1852 0
      vertex 22.3081 35.9874 16
      vertex 22.3081 35.9874 0
    endloop
  endfacet
  facet normal 0.261354 -0.965243 0
    outer loop
      vertex 19.2993 29.7146 0
      vertex 19.5124 29.7723 16
      vertex 19.2993 29.7146 16
    endloop
  endfacet
  facet normal 0.261354 -0.965243 0
    outer loop
      vertex 19.5124 29.7723 16
      vertex 19.2993 29.7146 0
      vertex 19.5124 29.7723 0
    endloop
  endfacet
  facet normal -0.410252 -0.911972 0
    outer loop
      vertex 16.2835 30.0282 0
      vertex 16.4849 29.9376 16
      vertex 16.2835 30.0282 16
    endloop
  endfacet
  facet normal -0.410252 -0.911972 -0
    outer loop
      vertex 16.4849 29.9376 16
      vertex 16.2835 30.0282 0
      vertex 16.4849 29.9376 0
    endloop
  endfacet
  facet normal -0.791663 -0.610958 0
    outer loop
      vertex 14.7356 31.2499 0
      vertex 14.6007 31.4247 16
      vertex 14.6007 31.4247 0
    endloop
  endfacet
  facet normal -0.791663 -0.610958 0
    outer loop
      vertex 14.6007 31.4247 16
      vertex 14.7356 31.2499 0
      vertex 14.7356 31.2499 16
    endloop
  endfacet
  facet normal 0.814375 -0.580339 0
    outer loop
      vertex 21.8294 31.3853 16
      vertex 21.9576 31.5652 0
      vertex 21.9576 31.5652 16
    endloop
  endfacet
  facet normal 0.814375 -0.580339 0
    outer loop
      vertex 21.9576 31.5652 0
      vertex 21.8294 31.3853 16
      vertex 21.8294 31.3853 0
    endloop
  endfacet
  facet normal 0.890777 -0.454441 0
    outer loop
      vertex 22.1867 31.9427 16
      vertex 22.2871 32.1395 0
      vertex 22.2871 32.1395 16
    endloop
  endfacet
  facet normal 0.890777 -0.454441 0
    outer loop
      vertex 22.2871 32.1395 0
      vertex 22.1867 31.9427 16
      vertex 22.1867 31.9427 0
    endloop
  endfacet
  facet normal -0.916407 -0.400249 0
    outer loop
      vertex 14.1513 32.1838 0
      vertex 14.0629 32.3862 16
      vertex 14.0629 32.3862 0
    endloop
  endfacet
  facet normal -0.916407 -0.400249 0
    outer loop
      vertex 14.0629 32.3862 16
      vertex 14.1513 32.1838 0
      vertex 14.1513 32.1838 16
    endloop
  endfacet
  facet normal -0.962407 0.271611 0
    outer loop
      vertex 13.8706 35.2028 0
      vertex 13.9306 35.4154 16
      vertex 13.9306 35.4154 0
    endloop
  endfacet
  facet normal -0.962407 0.271611 0
    outer loop
      vertex 13.9306 35.4154 16
      vertex 13.8706 35.2028 0
      vertex 13.8706 35.2028 16
    endloop
  endfacet
  facet normal -0.934889 -0.354941 0
    outer loop
      vertex 14.0629 32.3862 0
      vertex 13.9845 32.5927 16
      vertex 13.9845 32.5927 0
    endloop
  endfacet
  facet normal -0.934889 -0.354941 0
    outer loop
      vertex 13.9845 32.5927 16
      vertex 14.0629 32.3862 0
      vertex 14.0629 32.3862 16
    endloop
  endfacet
  facet normal -0.785091 0.61938 0
    outer loop
      vertex 14.6299 36.7859 0
      vertex 14.7667 36.9593 4
      vertex 14.7667 36.9593 0
    endloop
  endfacet
  facet normal -0.785091 0.61938 0
    outer loop
      vertex 14.7667 36.9593 4
      vertex 14.6299 36.7859 0
      vertex 14.6299 36.7859 4
    endloop
  endfacet
  facet normal -0.895692 -0.444676 0
    outer loop
      vertex 14.2495 31.986 0
      vertex 14.1513 32.1838 16
      vertex 14.1513 32.1838 0
    endloop
  endfacet
  facet normal -0.895692 -0.444676 0
    outer loop
      vertex 14.1513 32.1838 16
      vertex 14.2495 31.986 0
      vertex 14.2495 31.986 16
    endloop
  endfacet
  facet normal -0.176135 -0.984366 0
    outer loop
      vertex 17.3277 29.6769 0
      vertex 17.5451 29.638 16
      vertex 17.3277 29.6769 16
    endloop
  endfacet
  facet normal -0.176135 -0.984366 -0
    outer loop
      vertex 17.5451 29.638 16
      vertex 17.3277 29.6769 0
      vertex 17.5451 29.638 0
    endloop
  endfacet
  facet normal 0.571303 -0.820739 0
    outer loop
      vertex 20.7093 30.3304 0
      vertex 20.8906 30.4566 16
      vertex 20.7093 30.3304 16
    endloop
  endfacet
  facet normal 0.571303 -0.820739 0
    outer loop
      vertex 20.8906 30.4566 16
      vertex 20.7093 30.3304 0
      vertex 20.8906 30.4566 0
    endloop
  endfacet
  facet normal 0.986173 0.16572 0
    outer loop
      vertex 22.6845 34.7216 16
      vertex 22.6479 34.9394 0
      vertex 22.6479 34.9394 16
    endloop
  endfacet
  facet normal 0.986173 0.16572 0
    outer loop
      vertex 22.6479 34.9394 0
      vertex 22.6845 34.7216 16
      vertex 22.6845 34.7216 0
    endloop
  endfacet
  facet normal 0.0679317 -0.99769 0
    outer loop
      vertex 18.426 29.5899 0
      vertex 18.6463 29.6049 16
      vertex 18.426 29.5899 16
    endloop
  endfacet
  facet normal 0.0679317 -0.99769 0
    outer loop
      vertex 18.6463 29.6049 16
      vertex 18.426 29.5899 0
      vertex 18.6463 29.6049 0
    endloop
  endfacet
  facet normal -0.580553 -0.814223 0
    outer loop
      vertex 15.5294 30.4859 0
      vertex 15.7092 30.3577 16
      vertex 15.5294 30.4859 16
    endloop
  endfacet
  facet normal -0.580553 -0.814223 -0
    outer loop
      vertex 15.7092 30.3577 16
      vertex 15.5294 30.4859 0
      vertex 15.7092 30.3577 0
    endloop
  endfacet
  facet normal 0.974475 -0.224496 0
    outer loop
      vertex 22.5888 32.9684 16
      vertex 22.6384 33.1837 0
      vertex 22.6384 33.1837 16
    endloop
  endfacet
  facet normal 0.974475 -0.224496 0
    outer loop
      vertex 22.6384 33.1837 0
      vertex 22.5888 32.9684 16
      vertex 22.5888 32.9684 0
    endloop
  endfacet
  facet normal 0.951144 0.308748 0
    outer loop
      vertex 22.543 35.3684 16
      vertex 22.4748 35.5785 0
      vertex 22.4748 35.5785 16
    endloop
  endfacet
  facet normal 0.951144 0.308748 0
    outer loop
      vertex 22.4748 35.5785 0
      vertex 22.543 35.3684 16
      vertex 22.543 35.3684 0
    endloop
  endfacet
  facet normal -0.454624 -0.890683 0
    outer loop
      vertex 16.0868 30.1286 0
      vertex 16.2835 30.0282 16
      vertex 16.0868 30.1286 16
    endloop
  endfacet
  facet normal -0.454624 -0.890683 -0
    outer loop
      vertex 16.2835 30.0282 16
      vertex 16.0868 30.1286 0
      vertex 16.2835 30.0282 0
    endloop
  endfacet
  facet normal -0.991819 0.127655 0
    outer loop
      vertex 13.7538 34.5511 0
      vertex 13.782 34.7702 16
      vertex 13.782 34.7702 0
    endloop
  endfacet
  facet normal -0.991819 0.127655 0
    outer loop
      vertex 13.782 34.7702 16
      vertex 13.7538 34.5511 0
      vertex 13.7538 34.5511 16
    endloop
  endfacet
  facet normal -0.912029 0.410126 0
    outer loop
      vertex 14.1723 36.0318 0
      vertex 14.158 36 4
      vertex 14.1723 36.0318 4
    endloop
  endfacet
  facet normal -0.912048 0.410082 -4.18682e-07
    outer loop
      vertex 14.0817 35.8303 0
      vertex 14.158 36 4
      vertex 14.1723 36.0318 0
    endloop
  endfacet
  facet normal -0.912052 0.410074 0
    outer loop
      vertex 14.0817 35.8303 16
      vertex 14.158 36 4
      vertex 14.0817 35.8303 0
    endloop
  endfacet
  facet normal -0.912052 0.410074 0
    outer loop
      vertex 14.158 36 4
      vertex 14.0817 35.8303 16
      vertex 14.158 36 16
    endloop
  endfacet
  facet normal -0.986173 -0.16572 0
    outer loop
      vertex 13.8114 33.2318 0
      vertex 13.7748 33.4496 16
      vertex 13.7748 33.4496 0
    endloop
  endfacet
  facet normal -0.986173 -0.16572 0
    outer loop
      vertex 13.7748 33.4496 16
      vertex 13.8114 33.2318 0
      vertex 13.8114 33.2318 16
    endloop
  endfacet
  facet normal 0.911972 -0.410252 0
    outer loop
      vertex 22.2871 32.1395 16
      vertex 22.3777 32.3409 0
      vertex 22.3777 32.3409 16
    endloop
  endfacet
  facet normal 0.911972 -0.410252 0
    outer loop
      vertex 22.3777 32.3409 0
      vertex 22.2871 32.1395 16
      vertex 22.2871 32.1395 0
    endloop
  endfacet
  facet normal 0.867434 -0.497552 0
    outer loop
      vertex 22.0768 31.7511 16
      vertex 22.1867 31.9427 0
      vertex 22.1867 31.9427 16
    endloop
  endfacet
  facet normal 0.867434 -0.497552 0
    outer loop
      vertex 22.1867 31.9427 0
      vertex 22.0768 31.7511 16
      vertex 22.0768 31.7511 0
    endloop
  endfacet
  facet normal -0.996893 0.0787735 0
    outer loop
      vertex 13.7364 34.3309 0
      vertex 13.7538 34.5511 16
      vertex 13.7538 34.5511 0
    endloop
  endfacet
  facet normal -0.996893 0.0787735 0
    outer loop
      vertex 13.7538 34.5511 16
      vertex 13.7364 34.3309 0
      vertex 13.7364 34.3309 16
    endloop
  endfacet
  facet normal 0.720781 -0.693163 0
    outer loop
      vertex 21.3943 30.8863 16
      vertex 21.5474 31.0455 0
      vertex 21.5474 31.0455 16
    endloop
  endfacet
  facet normal 0.720781 -0.693163 0
    outer loop
      vertex 21.5474 31.0455 0
      vertex 21.3943 30.8863 16
      vertex 21.3943 30.8863 0
    endloop
  endfacet
  facet normal 0.16572 -0.986173 0
    outer loop
      vertex 18.8657 29.6308 0
      vertex 19.0835 29.6674 16
      vertex 18.8657 29.6308 16
    endloop
  endfacet
  facet normal 0.16572 -0.986173 0
    outer loop
      vertex 19.0835 29.6674 16
      vertex 18.8657 29.6308 0
      vertex 19.0835 29.6674 0
    endloop
  endfacet
  facet normal -0.354941 0.934889 0
    outer loop
      vertex 16.5303 38.2524 0
      vertex 16.7368 38.3308 15.0801
      vertex 16.7368 38.3308 0
    endloop
  endfacet
  facet normal -0.354941 0.934889 0
    outer loop
      vertex 16.7368 38.3308 15.0801
      vertex 16.5303 38.2524 0
      vertex 16.5303 38.2524 15.152
    endloop
  endfacet
  facet normal 0.530121 -0.847922 0
    outer loop
      vertex 20.522 30.2133 0
      vertex 20.7093 30.3304 16
      vertex 20.522 30.2133 16
    endloop
  endfacet
  facet normal 0.530121 -0.847922 0
    outer loop
      vertex 20.7093 30.3304 16
      vertex 20.522 30.2133 0
      vertex 20.7093 30.3304 0
    endloop
  endfacet
  facet normal 0.21367 -0.976906 0
    outer loop
      vertex 19.0835 29.6674 0
      vertex 19.2993 29.7146 16
      vertex 19.0835 29.6674 16
    endloop
  endfacet
  facet normal 0.21367 -0.976906 0
    outer loop
      vertex 19.2993 29.7146 16
      vertex 19.0835 29.6674 0
      vertex 19.2993 29.7146 0
    endloop
  endfacet
  facet normal 0.753474 -0.657478 0
    outer loop
      vertex 21.5474 31.0455 16
      vertex 21.6926 31.2119 0
      vertex 21.6926 31.2119 16
    endloop
  endfacet
  facet normal 0.753474 -0.657478 0
    outer loop
      vertex 21.6926 31.2119 0
      vertex 21.5474 31.0455 16
      vertex 21.5474 31.0455 0
    endloop
  endfacet
  facet normal -0.87283 -0.488024 0
    outer loop
      vertex 14.3573 31.7932 0
      vertex 14.2495 31.986 16
      vertex 14.2495 31.986 0
    endloop
  endfacet
  facet normal -0.87283 -0.488024 0
    outer loop
      vertex 14.2495 31.986 16
      vertex 14.3573 31.7932 0
      vertex 14.3573 31.7932 16
    endloop
  endfacet
  facet normal 0 0 1
    outer loop
      vertex 18.4 37.3273 16
      vertex 22.7296 34.0611 16
      vertex 22.7254 34.2819 16
    endloop
  endfacet
  facet normal 0 0 1
    outer loop
      vertex 18.4 37.3273 16
      vertex 22.7254 34.2819 16
      vertex 22.7103 34.5023 16
    endloop
  endfacet
  facet normal 0 0 1
    outer loop
      vertex 22.7296 34.0611 16
      vertex 18.4 37.3273 16
      vertex 22.723 33.8403 16
    endloop
  endfacet
  facet normal 0 0 1
    outer loop
      vertex 18.4 37.3273 16
      vertex 22.7103 34.5023 16
      vertex 22.6845 34.7216 16
    endloop
  endfacet
  facet normal 0 0 1
    outer loop
      vertex 22.723 33.8403 16
      vertex 18.4 37.3273 16
      vertex 22.7055 33.6201 16
    endloop
  endfacet
  facet normal 0 0 1
    outer loop
      vertex 18.4 37.3273 16
      vertex 22.6845 34.7216 16
      vertex 22.6479 34.9394 16
    endloop
  endfacet
  facet normal 0 0 1
    outer loop
      vertex 22.7055 33.6201 16
      vertex 18.4 37.3273 16
      vertex 22.6773 33.4011 16
    endloop
  endfacet
  facet normal 0 0 1
    outer loop
      vertex 18.4 37.3273 16
      vertex 22.6479 34.9394 16
      vertex 22.6007 35.1552 16
    endloop
  endfacet
  facet normal 0 0 1
    outer loop
      vertex 22.6773 33.4011 16
      vertex 18.4 37.3273 16
      vertex 22.6384 33.1837 16
    endloop
  endfacet
  facet normal 0 0 1
    outer loop
      vertex 18.4 37.3273 16
      vertex 22.6007 35.1552 16
      vertex 22.543 35.3684 16
    endloop
  endfacet
  facet normal -0 0 1
    outer loop
      vertex 16.4 36 16
      vertex 22.6384 33.1837 16
      vertex 18.4 37.3273 16
    endloop
  endfacet
  facet normal 0 0 1
    outer loop
      vertex 18.4 37.3273 16
      vertex 22.543 35.3684 16
      vertex 22.4748 35.5785 16
    endloop
  endfacet
  facet normal 0 0 1
    outer loop
      vertex 22.6384 33.1837 16
      vertex 16.4 36 16
      vertex 22.5888 32.9684 16
    endloop
  endfacet
  facet normal 0 0 1
    outer loop
      vertex 21.813 36.6611 16
      vertex 22.4748 35.5785 16
      vertex 22.3965 35.785 16
    endloop
  endfacet
  facet normal 0 0 1
    outer loop
      vertex 22.5888 32.9684 16
      vertex 16.4 36 16
      vertex 22.5287 32.7559 16
    endloop
  endfacet
  facet normal 0 0 1
    outer loop
      vertex 21.813 36.6611 16
      vertex 22.3965 35.785 16
      vertex 22.3081 35.9874 16
    endloop
  endfacet
  facet normal 0 0 1
    outer loop
      vertex 22.5287 32.7559 16
      vertex 16.4 36 16
      vertex 22.4583 32.5465 16
    endloop
  endfacet
  facet normal 0 0 1
    outer loop
      vertex 21.813 36.6611 16
      vertex 22.3081 35.9874 16
      vertex 22.2098 36.1852 16
    endloop
  endfacet
  facet normal 0 0 1
    outer loop
      vertex 22.4583 32.5465 16
      vertex 16.4 36 16
      vertex 22.3777 32.3409 16
    endloop
  endfacet
  facet normal 0 0 1
    outer loop
      vertex 21.813 36.6611 16
      vertex 22.2098 36.1852 16
      vertex 22.102 36.378 16
    endloop
  endfacet
  facet normal 0 0 1
    outer loop
      vertex 22.4748 35.5785 16
      vertex 21.813 36.6611 16
      vertex 18.4 37.3273 16
    endloop
  endfacet
  facet normal 0 0 1
    outer loop
      vertex 21.813 36.6611 16
      vertex 22.102 36.378 16
      vertex 21.9849 36.5652 16
    endloop
  endfacet
  facet normal 0 0 1
    outer loop
      vertex 21.813 36.6611 16
      vertex 21.9849 36.5652 16
      vertex 21.965 36.5937 16
    endloop
  endfacet
  facet normal 0 0 1
    outer loop
      vertex 22.3777 32.3409 16
      vertex 16.4 36 16
      vertex 22.2871 32.1395 16
    endloop
  endfacet
  facet normal 0 0 1
    outer loop
      vertex 22.2871 32.1395 16
      vertex 16.4 36 16
      vertex 22.1867 31.9427 16
    endloop
  endfacet
  facet normal 0 0 1
    outer loop
      vertex 22.1867 31.9427 16
      vertex 16.4 36 16
      vertex 22.0768 31.7511 16
    endloop
  endfacet
  facet normal 0 0 1
    outer loop
      vertex 22.0768 31.7511 16
      vertex 16.4 36 16
      vertex 21.9576 31.5652 16
    endloop
  endfacet
  facet normal 0 0 1
    outer loop
      vertex 21.9576 31.5652 16
      vertex 16.4 36 16
      vertex 21.8294 31.3853 16
    endloop
  endfacet
  facet normal 0 0 1
    outer loop
      vertex 21.8294 31.3853 16
      vertex 16.4 36 16
      vertex 21.6926 31.2119 16
    endloop
  endfacet
  facet normal 0 0 1
    outer loop
      vertex 21.6926 31.2119 16
      vertex 16.4 36 16
      vertex 21.5474 31.0455 16
    endloop
  endfacet
  facet normal 0 0 1
    outer loop
      vertex 21.5474 31.0455 16
      vertex 16.4 36 16
      vertex 21.3943 30.8863 16
    endloop
  endfacet
  facet normal 0 0 1
    outer loop
      vertex 21.3943 30.8863 16
      vertex 16.4 36 16
      vertex 21.2335 30.7349 16
    endloop
  endfacet
  facet normal 0 0 1
    outer loop
      vertex 21.2335 30.7349 16
      vertex 16.4 36 16
      vertex 21.0654 30.5916 16
    endloop
  endfacet
  facet normal 0 0 1
    outer loop
      vertex 21.0654 30.5916 16
      vertex 16.4 36 16
      vertex 20.8906 30.4566 16
    endloop
  endfacet
  facet normal 0 0 1
    outer loop
      vertex 20.8906 30.4566 16
      vertex 16.4 36 16
      vertex 20.7093 30.3304 16
    endloop
  endfacet
  facet normal 0 0 1
    outer loop
      vertex 20.7093 30.3304 16
      vertex 16.4 36 16
      vertex 20.522 30.2133 16
    endloop
  endfacet
  facet normal 0 0 1
    outer loop
      vertex 20.522 30.2133 16
      vertex 16.4 36 16
      vertex 20.3293 30.1055 16
    endloop
  endfacet
  facet normal 0 0 1
    outer loop
      vertex 20.3293 30.1055 16
      vertex 16.4 36 16
      vertex 20.1315 30.0072 16
    endloop
  endfacet
  facet normal 0 0 1
    outer loop
      vertex 20.1315 30.0072 16
      vertex 16.4 36 16
      vertex 19.929 29.9188 16
    endloop
  endfacet
  facet normal 0 0 1
    outer loop
      vertex 19.929 29.9188 16
      vertex 16.4 36 16
      vertex 19.7225 29.8405 16
    endloop
  endfacet
  facet normal -0 0 1
    outer loop
      vertex 18.4 37.3273 16
      vertex 21.813 36.6611 16
      vertex 19.2027 37.668 16
    endloop
  endfacet
  facet normal 0 0 1
    outer loop
      vertex 19.7225 29.8405 16
      vertex 16.4 36 16
      vertex 19.5124 29.7723 16
    endloop
  endfacet
  facet normal 0 0 1
    outer loop
      vertex 19.5124 29.7723 16
      vertex 16.4 36 16
      vertex 19.2993 29.7146 16
    endloop
  endfacet
  facet normal 0 0 1
    outer loop
      vertex 19.2993 29.7146 16
      vertex 16.4 36 16
      vertex 19.0835 29.6674 16
    endloop
  endfacet
  facet normal 0 0 1
    outer loop
      vertex 19.0835 29.6674 16
      vertex 16.4 36 16
      vertex 18.8657 29.6308 16
    endloop
  endfacet
  facet normal 0 0 1
    outer loop
      vertex 18.4 37.3273 16
      vertex 19.2027 37.668 16
      vertex 18.4 37.9332 16
    endloop
  endfacet
  facet normal 0 0 1
    outer loop
      vertex 18.8657 29.6308 16
      vertex 16.4 36 16
      vertex 18.6463 29.6049 16
    endloop
  endfacet
  facet normal 0 0 1
    outer loop
      vertex 18.6463 29.6049 16
      vertex 16.4 36 16
      vertex 18.426 29.5899 16
    endloop
  endfacet
  facet normal 0 0 1
    outer loop
      vertex 18.426 29.5899 16
      vertex 16.4 36 16
      vertex 18.2051 29.5857 16
    endloop
  endfacet
  facet normal 0 0 1
    outer loop
      vertex 18.2051 29.5857 16
      vertex 16.4 36 16
      vertex 17.9844 29.5923 16
    endloop
  endfacet
  facet normal 0 0 1
    outer loop
      vertex 17.9844 29.5923 16
      vertex 16.4 36 16
      vertex 17.7642 29.6098 16
    endloop
  endfacet
  facet normal 0 0 1
    outer loop
      vertex 17.7642 29.6098 16
      vertex 16.4 36 16
      vertex 17.5451 29.638 16
    endloop
  endfacet
  facet normal 0 0 1
    outer loop
      vertex 17.5451 29.638 16
      vertex 16.4 36 16
      vertex 17.3277 29.6769 16
    endloop
  endfacet
  facet normal 0 0 1
    outer loop
      vertex 17.3277 29.6769 16
      vertex 16.4 36 16
      vertex 17.1125 29.7265 16
    endloop
  endfacet
  facet normal 0 0 1
    outer loop
      vertex 17.1125 29.7265 16
      vertex 16.4 36 16
      vertex 16.8999 29.7866 16
    endloop
  endfacet
  facet normal 0 0 1
    outer loop
      vertex 16.8999 29.7866 16
      vertex 16.4 36 16
      vertex 16.6906 29.857 16
    endloop
  endfacet
  facet normal 0 0 1
    outer loop
      vertex 16.4 36 16
      vertex 18.4 37.3273 16
      vertex 16.4 37.3273 16
    endloop
  endfacet
  facet normal 0 0 1
    outer loop
      vertex 16.6906 29.857 16
      vertex 16.4 36 16
      vertex 16.4849 29.9376 16
    endloop
  endfacet
  facet normal 0 0 1
    outer loop
      vertex 16.4 36 16
      vertex 16.2835 30.0282 16
      vertex 16.4849 29.9376 16
    endloop
  endfacet
  facet normal 0 0 1
    outer loop
      vertex 16.4 36 16
      vertex 16.0868 30.1286 16
      vertex 16.2835 30.0282 16
    endloop
  endfacet
  facet normal 0 0 1
    outer loop
      vertex 16.4 36 16
      vertex 15.8952 30.2385 16
      vertex 16.0868 30.1286 16
    endloop
  endfacet
  facet normal 0 0 1
    outer loop
      vertex 16.4 36 16
      vertex 15.7092 30.3577 16
      vertex 15.8952 30.2385 16
    endloop
  endfacet
  facet normal 0 0 1
    outer loop
      vertex 16.4 36 16
      vertex 15.5294 30.4859 16
      vertex 15.7092 30.3577 16
    endloop
  endfacet
  facet normal 0 0 1
    outer loop
      vertex 16.4 36 16
      vertex 15.356 30.6227 16
      vertex 15.5294 30.4859 16
    endloop
  endfacet
  facet normal 0 0 1
    outer loop
      vertex 16.4 36 16
      vertex 15.1895 30.7679 16
      vertex 15.356 30.6227 16
    endloop
  endfacet
  facet normal 0 0 1
    outer loop
      vertex 16.4 36 16
      vertex 15.0304 30.921 16
      vertex 15.1895 30.7679 16
    endloop
  endfacet
  facet normal 0 0 1
    outer loop
      vertex 16.4 36 16
      vertex 14.879 31.0818 16
      vertex 15.0304 30.921 16
    endloop
  endfacet
  facet normal 0 0 1
    outer loop
      vertex 16.4 36 16
      vertex 14.7356 31.2499 16
      vertex 14.879 31.0818 16
    endloop
  endfacet
  facet normal 0 0 1
    outer loop
      vertex 16.4 36 16
      vertex 14.6007 31.4247 16
      vertex 14.7356 31.2499 16
    endloop
  endfacet
  facet normal 0 0 1
    outer loop
      vertex 16.4 36 16
      vertex 14.4745 31.606 16
      vertex 14.6007 31.4247 16
    endloop
  endfacet
  facet normal 0 0 1
    outer loop
      vertex 16.4 36 16
      vertex 14.3573 31.7932 16
      vertex 14.4745 31.606 16
    endloop
  endfacet
  facet normal 0 0 1
    outer loop
      vertex 16.4 36 16
      vertex 14.2495 31.986 16
      vertex 14.3573 31.7932 16
    endloop
  endfacet
  facet normal 0 0 1
    outer loop
      vertex 14.0817 35.8303 16
      vertex 16.4 36 16
      vertex 14.158 36 16
    endloop
  endfacet
  facet normal 0 0 1
    outer loop
      vertex 16.4 36 16
      vertex 14.1513 32.1838 16
      vertex 14.2495 31.986 16
    endloop
  endfacet
  facet normal 0 0 1
    outer loop
      vertex 14.0011 35.6247 16
      vertex 16.4 36 16
      vertex 14.0817 35.8303 16
    endloop
  endfacet
  facet normal 0 0 1
    outer loop
      vertex 16.4 36 16
      vertex 14.0629 32.3862 16
      vertex 14.1513 32.1838 16
    endloop
  endfacet
  facet normal 0 0 1
    outer loop
      vertex 13.9306 35.4154 16
      vertex 16.4 36 16
      vertex 14.0011 35.6247 16
    endloop
  endfacet
  facet normal 0 0 1
    outer loop
      vertex 16.4 36 16
      vertex 13.9845 32.5927 16
      vertex 14.0629 32.3862 16
    endloop
  endfacet
  facet normal 0 0 1
    outer loop
      vertex 13.8706 35.2028 16
      vertex 16.4 36 16
      vertex 13.9306 35.4154 16
    endloop
  endfacet
  facet normal 0 0 1
    outer loop
      vertex 16.4 36 16
      vertex 13.9164 32.8028 16
      vertex 13.9845 32.5927 16
    endloop
  endfacet
  facet normal 0 0 1
    outer loop
      vertex 13.821 34.9876 16
      vertex 16.4 36 16
      vertex 13.8706 35.2028 16
    endloop
  endfacet
  facet normal 0 0 1
    outer loop
      vertex 16.4 36 16
      vertex 13.8586 33.016 16
      vertex 13.9164 32.8028 16
    endloop
  endfacet
  facet normal 0 0 1
    outer loop
      vertex 13.782 34.7702 16
      vertex 16.4 36 16
      vertex 13.821 34.9876 16
    endloop
  endfacet
  facet normal 0 0 1
    outer loop
      vertex 16.4 36 16
      vertex 13.8114 33.2318 16
      vertex 13.8586 33.016 16
    endloop
  endfacet
  facet normal 0 0 1
    outer loop
      vertex 13.7538 34.5511 16
      vertex 16.4 36 16
      vertex 13.782 34.7702 16
    endloop
  endfacet
  facet normal 0 0 1
    outer loop
      vertex 16.4 36 16
      vertex 13.7748 33.4496 16
      vertex 13.8114 33.2318 16
    endloop
  endfacet
  facet normal 0 0 1
    outer loop
      vertex 13.7364 34.3309 16
      vertex 16.4 36 16
      vertex 13.7538 34.5511 16
    endloop
  endfacet
  facet normal 0 0 1
    outer loop
      vertex 16.4 36 16
      vertex 13.749 33.669 16
      vertex 13.7748 33.4496 16
    endloop
  endfacet
  facet normal 0 0 1
    outer loop
      vertex 13.7297 34.1102 16
      vertex 16.4 36 16
      vertex 13.7364 34.3309 16
    endloop
  endfacet
  facet normal 0 0 1
    outer loop
      vertex 16.4 36 16
      vertex 13.734 33.8893 16
      vertex 13.749 33.669 16
    endloop
  endfacet
  facet normal 0 0 1
    outer loop
      vertex 16.4 36 16
      vertex 13.7297 34.1102 16
      vertex 13.734 33.8893 16
    endloop
  endfacet
  facet normal 0.445039 -0.895511 0
    outer loop
      vertex 20.1315 30.0072 0
      vertex 20.3293 30.1055 16
      vertex 20.1315 30.0072 16
    endloop
  endfacet
  facet normal 0.445039 -0.895511 0
    outer loop
      vertex 20.3293 30.1055 16
      vertex 20.1315 30.0072 0
      vertex 20.3293 30.1055 0
    endloop
  endfacet
  facet normal 0.488217 -0.872722 0
    outer loop
      vertex 20.3293 30.1055 0
      vertex 20.522 30.2133 16
      vertex 20.3293 30.1055 16
    endloop
  endfacet
  facet normal 0.488217 -0.872722 0
    outer loop
      vertex 20.522 30.2133 16
      vertex 20.3293 30.1055 0
      vertex 20.522 30.2133 0
    endloop
  endfacet
  facet normal 0.819907 0.572497 0
    outer loop
      vertex 21.9849 36.5652 16
      vertex 21.965 36.5937 0
      vertex 21.965 36.5937 16
    endloop
  endfacet
  facet normal 0.819907 0.572497 0
    outer loop
      vertex 21.965 36.5937 0
      vertex 21.9849 36.5652 16
      vertex 21.9849 36.5652 0
    endloop
  endfacet
  facet normal -0.0792234 -0.996857 0
    outer loop
      vertex 17.7642 29.6098 0
      vertex 17.9844 29.5923 16
      vertex 17.7642 29.6098 16
    endloop
  endfacet
  facet normal -0.0792234 -0.996857 -0
    outer loop
      vertex 17.9844 29.5923 16
      vertex 17.7642 29.6098 0
      vertex 17.9844 29.5923 0
    endloop
  endfacet
  facet normal -0.841942 0.539567 0
    outer loop
      vertex 14.3826 36.4201 0
      vertex 14.5018 36.6061 4
      vertex 14.5018 36.6061 0
    endloop
  endfacet
  facet normal -0.841942 0.539567 0
    outer loop
      vertex 14.5018 36.6061 4
      vertex 14.3826 36.4201 0
      vertex 14.3826 36.4201 4
    endloop
  endfacet
  facet normal 0.611241 -0.791444 0
    outer loop
      vertex 20.8906 30.4566 0
      vertex 21.0654 30.5916 16
      vertex 20.8906 30.4566 16
    endloop
  endfacet
  facet normal 0.611241 -0.791444 0
    outer loop
      vertex 21.0654 30.5916 16
      vertex 20.8906 30.4566 0
      vertex 21.0654 30.5916 0
    endloop
  endfacet
  facet normal -0.99769 -0.0679317 0
    outer loop
      vertex 13.749 33.669 0
      vertex 13.734 33.8893 16
      vertex 13.734 33.8893 0
    endloop
  endfacet
  facet normal -0.99769 -0.0679317 0
    outer loop
      vertex 13.734 33.8893 16
      vertex 13.749 33.669 0
      vertex 13.749 33.669 16
    endloop
  endfacet
  facet normal 0.785091 -0.61938 0
    outer loop
      vertex 21.6926 31.2119 16
      vertex 21.8294 31.3853 0
      vertex 21.8294 31.3853 16
    endloop
  endfacet
  facet normal 0.785091 -0.61938 0
    outer loop
      vertex 21.8294 31.3853 0
      vertex 21.6926 31.2119 16
      vertex 21.6926 31.2119 0
    endloop
  endfacet
  facet normal -0.814437 0.580252 0
    outer loop
      vertex 14.5018 36.6061 0
      vertex 14.6299 36.7859 4
      vertex 14.6299 36.7859 0
    endloop
  endfacet
  facet normal -0.814437 0.580252 0
    outer loop
      vertex 14.6299 36.7859 4
      vertex 14.5018 36.6061 0
      vertex 14.5018 36.6061 4
    endloop
  endfacet
  facet normal -0.728067 -0.685506 0
    outer loop
      vertex 15.0304 30.921 0
      vertex 14.879 31.0818 16
      vertex 14.879 31.0818 0
    endloop
  endfacet
  facet normal -0.728067 -0.685506 0
    outer loop
      vertex 14.879 31.0818 16
      vertex 15.0304 30.921 0
      vertex 15.0304 30.921 16
    endloop
  endfacet
  facet normal -1 0 0
    outer loop
      vertex 16.4 36 4
      vertex 16.4 38.1955 15.2041
      vertex 16.4 38.1955 4
    endloop
  endfacet
  facet normal -1 0 0
    outer loop
      vertex 16.4 36 16
      vertex 16.4 38.1955 15.2041
      vertex 16.4 36 4
    endloop
  endfacet
  facet normal -1 0 0
    outer loop
      vertex 16.4 38.1955 15.2041
      vertex 16.4 36 16
      vertex 16.4 37.3273 16
    endloop
  endfacet
  facet normal -1 0 0
    outer loop
      vertex 16.4 38.5861 4
      vertex 16.4 41.6979 12.0288
      vertex 16.4 41.6979 4
    endloop
  endfacet
  facet normal -1 -0 0
    outer loop
      vertex 16.4 41.6979 12.0288
      vertex 16.4 38.5861 4
      vertex 16.4 40.6 13
    endloop
  endfacet
  facet normal -1 -0 0
    outer loop
      vertex 16.4 40.6 13
      vertex 16.4 38.5861 4
      vertex 16.4 38.5861 14.8461
    endloop
  endfacet
  facet normal -1 -0 -0
    outer loop
      vertex 16.4 41.6979 36
      vertex 16.4 41.6979 35.725
      vertex 16.4 41.4 36
    endloop
  endfacet
  facet normal -0 0 1
    outer loop
      vertex 16.3279 38.164 4
      vertex 16.4 36 4
      vertex 16.4 38.1955 4
    endloop
  endfacet
  facet normal -0 0 1
    outer loop
      vertex 16.1301 38.0658 4
      vertex 16.4 36 4
      vertex 16.3279 38.164 4
    endloop
  endfacet
  facet normal -0 0 1
    outer loop
      vertex 15.9373 37.958 4
      vertex 16.4 36 4
      vertex 16.1301 38.0658 4
    endloop
  endfacet
  facet normal -0 0 1
    outer loop
      vertex 15.7501 37.8408 4
      vertex 16.4 36 4
      vertex 15.9373 37.958 4
    endloop
  endfacet
  facet normal -0 0 1
    outer loop
      vertex 15.5688 37.7146 4
      vertex 16.4 36 4
      vertex 15.7501 37.8408 4
    endloop
  endfacet
  facet normal -0 0 1
    outer loop
      vertex 15.3939 37.5797 4
      vertex 16.4 36 4
      vertex 15.5688 37.7146 4
    endloop
  endfacet
  facet normal -0 0 1
    outer loop
      vertex 15.2259 37.4363 4
      vertex 16.4 36 4
      vertex 15.3939 37.5797 4
    endloop
  endfacet
  facet normal -0 0 1
    outer loop
      vertex 15.0651 37.2849 4
      vertex 16.4 36 4
      vertex 15.2259 37.4363 4
    endloop
  endfacet
  facet normal -0 0 1
    outer loop
      vertex 14.9119 37.1258 4
      vertex 16.4 36 4
      vertex 15.0651 37.2849 4
    endloop
  endfacet
  facet normal -0 0 1
    outer loop
      vertex 14.7667 36.9593 4
      vertex 16.4 36 4
      vertex 14.9119 37.1258 4
    endloop
  endfacet
  facet normal -0 0 1
    outer loop
      vertex 14.6299 36.7859 4
      vertex 16.4 36 4
      vertex 14.7667 36.9593 4
    endloop
  endfacet
  facet normal -0 0 1
    outer loop
      vertex 14.5018 36.6061 4
      vertex 16.4 36 4
      vertex 14.6299 36.7859 4
    endloop
  endfacet
  facet normal -0 0 1
    outer loop
      vertex 14.3826 36.4201 4
      vertex 16.4 36 4
      vertex 14.5018 36.6061 4
    endloop
  endfacet
  facet normal -0 0 1
    outer loop
      vertex 14.2727 36.2285 4
      vertex 16.4 36 4
      vertex 14.3826 36.4201 4
    endloop
  endfacet
  facet normal -0 0 1
    outer loop
      vertex 14.1723 36.0318 4
      vertex 16.4 36 4
      vertex 14.2727 36.2285 4
    endloop
  endfacet
  facet normal 0 0 1
    outer loop
      vertex 16.4 36 4
      vertex 14.1723 36.0318 4
      vertex 14.158 36 4
    endloop
  endfacet
  facet normal 0 0 1
    outer loop
      vertex 13.8499 39.2918 4
      vertex 16.4 41.6979 4
      vertex 14.5788 42.2019 4
    endloop
  endfacet
  facet normal 0 0 1
    outer loop
      vertex 16.4 41.6979 4
      vertex 13.8499 39.2918 4
      vertex 16.4 38.5861 4
    endloop
  endfacet
  facet normal 0 0 1
    outer loop
      vertex 11.7054 42.8471 4
      vertex 13.8499 39.2918 4
      vertex 14.5788 42.2019 4
    endloop
  endfacet
  facet normal 0 0 1
    outer loop
      vertex 11.7054 42.8471 4
      vertex 11.1201 39.9048 4
      vertex 13.8499 39.2918 4
    endloop
  endfacet
  facet normal 0 0 1
    outer loop
      vertex 8.80383 43.3506 4
      vertex 11.1201 39.9048 4
      vertex 11.7054 42.8471 4
    endloop
  endfacet
  facet normal 0 0 1
    outer loop
      vertex 8.80383 43.3506 4
      vertex 8.36364 40.3831 4
      vertex 11.1201 39.9048 4
    endloop
  endfacet
  facet normal 0 0 1
    outer loop
      vertex 5.88103 43.7111 4
      vertex 8.36364 40.3831 4
      vertex 8.80383 43.3506 4
    endloop
  endfacet
  facet normal 0 0 1
    outer loop
      vertex 5.88103 43.7111 4
      vertex 5.58698 40.7255 4
      vertex 8.36364 40.3831 4
    endloop
  endfacet
  facet normal 0 0 1
    outer loop
      vertex 2.94406 43.9277 4
      vertex 5.58698 40.7255 4
      vertex 5.88103 43.7111 4
    endloop
  endfacet
  facet normal 0 0 1
    outer loop
      vertex 2.94406 43.9277 4
      vertex 2.79686 40.9313 4
      vertex 5.58698 40.7255 4
    endloop
  endfacet
  facet normal 0 0 1
    outer loop
      vertex 0 44 4
      vertex 2.79686 40.9313 4
      vertex 2.94406 43.9277 4
    endloop
  endfacet
  facet normal 0 0 1
    outer loop
      vertex 0 44 4
      vertex 0 41 4
      vertex 2.79686 40.9313 4
    endloop
  endfacet
  facet normal 0 0 1
    outer loop
      vertex 0 44 4
      vertex -2.79686 40.9313 4
      vertex 0 41 4
    endloop
  endfacet
  facet normal -0 0 1
    outer loop
      vertex -2.94406 43.9277 4
      vertex -2.79686 40.9313 4
      vertex 0 44 4
    endloop
  endfacet
  facet normal 0 0 1
    outer loop
      vertex -2.94406 43.9277 4
      vertex -5.58698 40.7255 4
      vertex -2.79686 40.9313 4
    endloop
  endfacet
  facet normal -0 0 1
    outer loop
      vertex -5.88103 43.7111 4
      vertex -5.58698 40.7255 4
      vertex -2.94406 43.9277 4
    endloop
  endfacet
  facet normal 0 0 1
    outer loop
      vertex -5.88103 43.7111 4
      vertex -8.36364 40.3831 4
      vertex -5.58698 40.7255 4
    endloop
  endfacet
  facet normal -0 0 1
    outer loop
      vertex -8.80383 43.3506 4
      vertex -8.36364 40.3831 4
      vertex -5.88103 43.7111 4
    endloop
  endfacet
  facet normal 0 0 1
    outer loop
      vertex -8.80383 43.3506 4
      vertex -11.1201 39.9048 4
      vertex -8.36364 40.3831 4
    endloop
  endfacet
  facet normal -0 0 1
    outer loop
      vertex -11.7054 42.8471 4
      vertex -11.1201 39.9048 4
      vertex -8.80383 43.3506 4
    endloop
  endfacet
  facet normal 0 0 1
    outer loop
      vertex -11.7054 42.8471 4
      vertex -13.8499 39.2918 4
      vertex -11.1201 39.9048 4
    endloop
  endfacet
  facet normal -0 0 1
    outer loop
      vertex -14.5788 42.2019 4
      vertex -13.8499 39.2918 4
      vertex -11.7054 42.8471 4
    endloop
  endfacet
  facet normal -0 0 1
    outer loop
      vertex -16.4 41.6979 4
      vertex -13.8499 39.2918 4
      vertex -14.5788 42.2019 4
    endloop
  endfacet
  facet normal 0 0 1
    outer loop
      vertex -13.8499 39.2918 4
      vertex -16.4 41.6979 4
      vertex -16.4 38.5861 4
    endloop
  endfacet
  facet normal 1 0 0
    outer loop
      vertex -16.4 38.5861 4
      vertex -16.4 41.6979 12.0288
      vertex -16.4 40.6 13
    endloop
  endfacet
  facet normal 1 0 0
    outer loop
      vertex -16.4 38.5861 4
      vertex -16.4 40.6 13
      vertex -16.4 38.5861 14.8461
    endloop
  endfacet
  facet normal 1 0 0
    outer loop
      vertex -16.4 41.6979 12.0288
      vertex -16.4 38.5861 4
      vertex -16.4 41.6979 4
    endloop
  endfacet
  facet normal 1 0 -0
    outer loop
      vertex -16.4 41.6979 35.725
      vertex -16.4 41.6979 36
      vertex -16.4 41.4 36
    endloop
  endfacet
  facet normal 0 1 -0
    outer loop
      vertex 16.4 36 4
      vertex 14.158 36 16
      vertex 16.4 36 16
    endloop
  endfacet
  facet normal 0 1 0
    outer loop
      vertex 14.158 36 16
      vertex 16.4 36 4
      vertex 14.158 36 4
    endloop
  endfacet
  facet normal 0.364219 0.931313 -0
    outer loop
      vertex 17.7936 32.8875 0
      vertex 17.7353 32.9103 12.9
      vertex 17.7936 32.8875 12.9
    endloop
  endfacet
  facet normal 0.364219 0.931313 0
    outer loop
      vertex 17.7353 32.9103 12.9
      vertex 17.7936 32.8875 0
      vertex 17.7353 32.9103 0
    endloop
  endfacet
  facet normal -0.271764 -0.962364 0
    outer loop
      vertex 18.5462 35.3207 0
      vertex 18.6064 35.3037 12.9
      vertex 18.5462 35.3207 12.9
    endloop
  endfacet
  facet normal -0.271764 -0.962364 -0
    outer loop
      vertex 18.6064 35.3037 12.9
      vertex 18.5462 35.3207 0
      vertex 18.6064 35.3037 0
    endloop
  endfacet
  facet normal -0.319581 -0.947559 0
    outer loop
      vertex 18.6064 35.3037 0
      vertex 18.6657 35.2837 12.9
      vertex 18.6064 35.3037 12.9
    endloop
  endfacet
  facet normal -0.319581 -0.947559 -0
    outer loop
      vertex 18.6657 35.2837 12.9
      vertex 18.6064 35.3037 0
      vertex 18.6657 35.2837 0
    endloop
  endfacet
  facet normal -0.223692 -0.97466 0
    outer loop
      vertex 18.4852 35.3347 0
      vertex 18.5462 35.3207 12.9
      vertex 18.4852 35.3347 12.9
    endloop
  endfacet
  facet normal -0.223692 -0.97466 -0
    outer loop
      vertex 18.5462 35.3207 12.9
      vertex 18.4852 35.3347 0
      vertex 18.5462 35.3207 0
    endloop
  endfacet
  facet normal -0.934943 -0.354799 0
    outer loop
      vertex 19.4325 34.5086 0
      vertex 19.4103 34.5671 12.9
      vertex 19.4103 34.5671 0
    endloop
  endfacet
  facet normal -0.934943 -0.354799 0
    outer loop
      vertex 19.4103 34.5671 12.9
      vertex 19.4325 34.5086 0
      vertex 19.4325 34.5086 12.9
    endloop
  endfacet
  facet normal 0.318146 0.948042 -0
    outer loop
      vertex 17.8529 32.8676 0
      vertex 17.7936 32.8875 12.9
      vertex 17.8529 32.8676 12.9
    endloop
  endfacet
  facet normal 0.318146 0.948042 0
    outer loop
      vertex 17.7936 32.8875 12.9
      vertex 17.8529 32.8676 0
      vertex 17.7936 32.8875 0
    endloop
  endfacet
  facet normal 0.030386 0.999538 -0
    outer loop
      vertex 18.2227 32.8106 0
      vertex 18.1602 32.8125 12.9
      vertex 18.2227 32.8106 12.9
    endloop
  endfacet
  facet normal 0.030386 0.999538 0
    outer loop
      vertex 18.1602 32.8125 12.9
      vertex 18.2227 32.8106 0
      vertex 18.1602 32.8125 0
    endloop
  endfacet
  facet normal 0.895383 0.445297 0
    outer loop
      vertex 17.102 33.4907 12.9
      vertex 17.0741 33.5468 0
      vertex 17.0741 33.5468 12.9
    endloop
  endfacet
  facet normal 0.895383 0.445297 0
    outer loop
      vertex 17.0741 33.5468 0
      vertex 17.102 33.4907 12.9
      vertex 17.102 33.4907 0
    endloop
  endfacet
  facet normal -0.127971 -0.991778 0
    outer loop
      vertex 18.3616 35.3538 0
      vertex 18.4236 35.3458 12.9
      vertex 18.3616 35.3538 12.9
    endloop
  endfacet
  facet normal -0.127971 -0.991778 -0
    outer loop
      vertex 18.4236 35.3458 12.9
      vertex 18.3616 35.3538 0
      vertex 18.4236 35.3458 0
    endloop
  endfacet
  facet normal 0.656693 0.754158 -0
    outer loop
      vertex 17.4155 33.1045 0
      vertex 17.3683 33.1456 12.9
      vertex 17.4155 33.1045 12.9
    endloop
  endfacet
  facet normal 0.656693 0.754158 0
    outer loop
      vertex 17.3683 33.1456 12.9
      vertex 17.4155 33.1045 0
      vertex 17.3683 33.1456 0
    endloop
  endfacet
  facet normal 0.934943 0.354799 0
    outer loop
      vertex 17.0491 33.6041 12.9
      vertex 17.0269 33.6626 0
      vertex 17.0269 33.6626 12.9
    endloop
  endfacet
  facet normal 0.934943 0.354799 0
    outer loop
      vertex 17.0269 33.6626 0
      vertex 17.0491 33.6041 12.9
      vertex 17.0491 33.6041 0
    endloop
  endfacet
  facet normal 0.175791 0.984428 -0
    outer loop
      vertex 18.0357 32.8255 0
      vertex 17.9741 32.8365 12.9
      vertex 18.0357 32.8255 12.9
    endloop
  endfacet
  facet normal 0.175791 0.984428 0
    outer loop
      vertex 17.9741 32.8365 12.9
      vertex 18.0357 32.8255 0
      vertex 17.9741 32.8365 0
    endloop
  endfacet
  facet normal -0.912489 0.409102 0
    outer loop
      vertex 19.3793 33.5342 0
      vertex 19.4049 33.5913 12.9
      vertex 19.4049 33.5913 0
    endloop
  endfacet
  facet normal -0.912489 0.409102 0
    outer loop
      vertex 19.4049 33.5913 12.9
      vertex 19.3793 33.5342 0
      vertex 19.3793 33.5342 12.9
    endloop
  endfacet
  facet normal 0.784596 -0.620007 0
    outer loop
      vertex 17.2097 34.8507 12.9
      vertex 17.2485 34.8998 0
      vertex 17.2485 34.8998 12.9
    endloop
  endfacet
  facet normal 0.784596 -0.620007 0
    outer loop
      vertex 17.2485 34.8998 0
      vertex 17.2097 34.8507 12.9
      vertex 17.2097 34.8507 0
    endloop
  endfacet
  facet normal -0.916231 -0.400651 0
    outer loop
      vertex 19.4103 34.5671 0
      vertex 19.3852 34.6245 12.9
      vertex 19.3852 34.6245 0
    endloop
  endfacet
  facet normal -0.916231 -0.400651 0
    outer loop
      vertex 19.3852 34.6245 12.9
      vertex 19.4103 34.5671 0
      vertex 19.4103 34.5671 12.9
    endloop
  endfacet
  facet normal -0.961945 0.273243 0
    outer loop
      vertex 19.4477 33.7089 0
      vertex 19.4648 33.7691 12.9
      vertex 19.4648 33.7691 0
    endloop
  endfacet
  facet normal -0.961945 0.273243 0
    outer loop
      vertex 19.4648 33.7691 12.9
      vertex 19.4477 33.7089 0
      vertex 19.4477 33.7089 12.9
    endloop
  endfacet
  facet normal 0.530142 -0.847909 0
    outer loop
      vertex 17.5271 35.1496 0
      vertex 17.5802 35.1828 12.9
      vertex 17.5271 35.1496 12.9
    endloop
  endfacet
  facet normal 0.530142 -0.847909 0
    outer loop
      vertex 17.5802 35.1828 12.9
      vertex 17.5271 35.1496 0
      vertex 17.5802 35.1828 0
    endloop
  endfacet
  facet normal 0.308544 -0.95121 0
    outer loop
      vertex 17.8067 35.2884 0
      vertex 17.8662 35.3077 12.9
      vertex 17.8067 35.2884 12.9
    endloop
  endfacet
  facet normal 0.308544 -0.95121 0
    outer loop
      vertex 17.8662 35.3077 12.9
      vertex 17.8067 35.2884 0
      vertex 17.8662 35.3077 0
    endloop
  endfacet
  facet normal -0.784596 0.620007 0
    outer loop
      vertex 19.2108 33.2714 0
      vertex 19.2496 33.3205 12.9
      vertex 19.2496 33.3205 0
    endloop
  endfacet
  facet normal -0.784596 0.620007 0
    outer loop
      vertex 19.2496 33.3205 12.9
      vertex 19.2108 33.2714 0
      vertex 19.2108 33.2714 12.9
    endloop
  endfacet
  facet normal -0.0303375 -0.99954 0
    outer loop
      vertex 18.2366 35.3606 0
      vertex 18.2992 35.3587 12.9
      vertex 18.2366 35.3606 12.9
    endloop
  endfacet
  facet normal -0.0303375 -0.99954 -0
    outer loop
      vertex 18.2992 35.3587 12.9
      vertex 18.2366 35.3606 0
      vertex 18.2992 35.3587 0
    endloop
  endfacet
  facet normal -0.308075 0.951362 0
    outer loop
      vertex 18.6527 32.8828 0
      vertex 18.5931 32.8635 12.9
      vertex 18.6527 32.8828 12.9
    endloop
  endfacet
  facet normal -0.308075 0.951362 0
    outer loop
      vertex 18.5931 32.8635 12.9
      vertex 18.6527 32.8828 0
      vertex 18.5931 32.8635 0
    endloop
  endfacet
  facet normal 0.213887 -0.976858 0
    outer loop
      vertex 17.9266 35.3241 0
      vertex 17.9878 35.3375 12.9
      vertex 17.9266 35.3241 12.9
    endloop
  endfacet
  facet normal 0.213887 -0.976858 0
    outer loop
      vertex 17.9878 35.3375 12.9
      vertex 17.9266 35.3241 0
      vertex 17.9878 35.3375 0
    endloop
  endfacet
  facet normal 0.97431 -0.225209 0
    outer loop
      vertex 16.9805 34.3412 12.9
      vertex 16.9946 34.4022 0
      vertex 16.9946 34.4022 12.9
    endloop
  endfacet
  facet normal 0.97431 -0.225209 0
    outer loop
      vertex 16.9946 34.4022 0
      vertex 16.9805 34.3412 12.9
      vertex 16.9805 34.3412 0
    endloop
  endfacet
  facet normal 0.273243 0.961945 -0
    outer loop
      vertex 17.9131 32.8505 0
      vertex 17.8529 32.8676 12.9
      vertex 17.9131 32.8505 12.9
    endloop
  endfacet
  facet normal 0.273243 0.961945 0
    outer loop
      vertex 17.8529 32.8676 12.9
      vertex 17.9131 32.8505 0
      vertex 17.8529 32.8676 0
    endloop
  endfacet
  facet normal -0.754158 0.656693 0
    outer loop
      vertex 19.1697 33.2242 0
      vertex 19.2108 33.2714 12.9
      vertex 19.2108 33.2714 0
    endloop
  endfacet
  facet normal -0.754158 0.656693 0
    outer loop
      vertex 19.2108 33.2714 12.9
      vertex 19.1697 33.2242 0
      vertex 19.1697 33.2242 12.9
    endloop
  endfacet
  facet normal -0.364219 -0.931313 0
    outer loop
      vertex 18.6657 35.2837 0
      vertex 18.724 35.2609 12.9
      vertex 18.6657 35.2837 12.9
    endloop
  endfacet
  facet normal -0.364219 -0.931313 -0
    outer loop
      vertex 18.724 35.2609 12.9
      vertex 18.6657 35.2837 0
      vertex 18.724 35.2609 0
    endloop
  endfacet
  facet normal 0.262036 -0.965058 0
    outer loop
      vertex 17.8662 35.3077 0
      vertex 17.9266 35.3241 12.9
      vertex 17.8662 35.3077 12.9
    endloop
  endfacet
  facet normal 0.262036 -0.965058 0
    outer loop
      vertex 17.9266 35.3241 12.9
      vertex 17.8662 35.3077 0
      vertex 17.9266 35.3241 0
    endloop
  endfacet
  facet normal -0.760045 -0.64987 0
    outer loop
      vertex 19.2197 34.8891 0
      vertex 19.179 34.9367 12.9
      vertex 19.179 34.9367 0
    endloop
  endfacet
  facet normal -0.760045 -0.64987 0
    outer loop
      vertex 19.179 34.9367 12.9
      vertex 19.2197 34.8891 0
      vertex 19.2197 34.8891 12.9
    endloop
  endfacet
  facet normal -0.401238 0.915974 0
    outer loop
      vertex 18.7685 32.9301 0
      vertex 18.7112 32.905 12.9
      vertex 18.7685 32.9301 12.9
    endloop
  endfacet
  facet normal -0.401238 0.915974 0
    outer loop
      vertex 18.7112 32.905 12.9
      vertex 18.7685 32.9301 0
      vertex 18.7112 32.905 0
    endloop
  endfacet
  facet normal -0.847909 -0.530142 0
    outer loop
      vertex 19.3268 34.7351 0
      vertex 19.2936 34.7882 12.9
      vertex 19.2936 34.7882 0
    endloop
  endfacet
  facet normal -0.847909 -0.530142 0
    outer loop
      vertex 19.2936 34.7882 12.9
      vertex 19.3268 34.7351 0
      vertex 19.3268 34.7351 12.9
    endloop
  endfacet
  facet normal 0.0191965 -0.999816 0
    outer loop
      vertex 18.1741 35.3594 0
      vertex 18.2366 35.3606 12.9
      vertex 18.1741 35.3594 12.9
    endloop
  endfacet
  facet normal 0.0191965 -0.999816 0
    outer loop
      vertex 18.2366 35.3606 12.9
      vertex 18.1741 35.3594 0
      vertex 18.2366 35.3606 0
    endloop
  endfacet
  facet normal 0.685215 -0.728341 0
    outer loop
      vertex 17.333 34.9921 0
      vertex 17.3786 35.035 12.9
      vertex 17.333 34.9921 12.9
    endloop
  endfacet
  facet normal 0.685215 -0.728341 0
    outer loop
      vertex 17.3786 35.035 12.9
      vertex 17.333 34.9921 0
      vertex 17.3786 35.035 0
    endloop
  endfacet
  facet normal 0.720557 -0.693396 0
    outer loop
      vertex 17.2896 34.947 12.9
      vertex 17.333 34.9921 0
      vertex 17.333 34.9921 12.9
    endloop
  endfacet
  facet normal 0.720557 -0.693396 0
    outer loop
      vertex 17.333 34.9921 0
      vertex 17.2896 34.947 12.9
      vertex 17.2896 34.947 0
    endloop
  endfacet
  facet normal -0.872342 -0.488895 0
    outer loop
      vertex 19.3574 34.6805 0
      vertex 19.3268 34.7351 12.9
      vertex 19.3268 34.7351 0
    endloop
  endfacet
  facet normal -0.872342 -0.488895 0
    outer loop
      vertex 19.3268 34.7351 12.9
      vertex 19.3574 34.6805 0
      vertex 19.3574 34.6805 12.9
    endloop
  endfacet
  facet normal 0.39931 -0.916816 0
    outer loop
      vertex 17.6908 35.2412 0
      vertex 17.7482 35.2662 12.9
      vertex 17.6908 35.2412 12.9
    endloop
  endfacet
  facet normal 0.39931 -0.916816 0
    outer loop
      vertex 17.7482 35.2662 12.9
      vertex 17.6908 35.2412 0
      vertex 17.7482 35.2662 0
    endloop
  endfacet
  facet normal 0.354799 -0.934943 0
    outer loop
      vertex 17.7482 35.2662 0
      vertex 17.8067 35.2884 12.9
      vertex 17.7482 35.2662 12.9
    endloop
  endfacet
  facet normal 0.354799 -0.934943 0
    outer loop
      vertex 17.8067 35.2884 12.9
      vertex 17.7482 35.2662 0
      vertex 17.8067 35.2884 0
    endloop
  endfacet
  facet normal 0.791672 0.610947 0
    outer loop
      vertex 17.2397 33.2822 12.9
      vertex 17.2015 33.3317 0
      vertex 17.2015 33.3317 12.9
    endloop
  endfacet
  facet normal 0.791672 0.610947 0
    outer loop
      vertex 17.2015 33.3317 0
      vertex 17.2397 33.2822 12.9
      vertex 17.2397 33.2822 0
    endloop
  endfacet
  facet normal 0.580633 0.814166 -0
    outer loop
      vertex 17.5155 33.0294 0
      vertex 17.4646 33.0657 12.9
      vertex 17.5155 33.0294 12.9
    endloop
  endfacet
  facet normal 0.580633 0.814166 0
    outer loop
      vertex 17.4646 33.0657 12.9
      vertex 17.5155 33.0294 0
      vertex 17.4646 33.0657 0
    endloop
  endfacet
  facet normal 0.916561 0.399896 0
    outer loop
      vertex 17.0741 33.5468 12.9
      vertex 17.0491 33.6041 0
      vertex 17.0491 33.6041 12.9
    endloop
  endfacet
  facet normal 0.916561 0.399896 0
    outer loop
      vertex 17.0491 33.6041 0
      vertex 17.0741 33.5468 12.9
      vertex 17.0741 33.5468 0
    endloop
  endfacet
  facet normal 0.89121 -0.453591 0
    outer loop
      vertex 17.0801 34.637 12.9
      vertex 17.1085 34.6928 0
      vertex 17.1085 34.6928 12.9
    endloop
  endfacet
  facet normal 0.89121 -0.453591 0
    outer loop
      vertex 17.1085 34.6928 0
      vertex 17.0801 34.637 12.9
      vertex 17.0801 34.637 0
    endloop
  endfacet
  facet normal -0.991778 0.127971 0
    outer loop
      vertex 19.4898 33.8917 0
      vertex 19.4978 33.9537 12.9
      vertex 19.4978 33.9537 0
    endloop
  endfacet
  facet normal -0.991778 0.127971 0
    outer loop
      vertex 19.4978 33.9537 12.9
      vertex 19.4898 33.8917 0
      vertex 19.4898 33.8917 12.9
    endloop
  endfacet
  facet normal -0.820807 -0.571205 0
    outer loop
      vertex 19.2936 34.7882 0
      vertex 19.2579 34.8395 12.9
      vertex 19.2579 34.8395 0
    endloop
  endfacet
  facet normal -0.820807 -0.571205 0
    outer loop
      vertex 19.2579 34.8395 12.9
      vertex 19.2936 34.7882 0
      vertex 19.2936 34.7882 12.9
    endloop
  endfacet
  facet normal 0.487678 -0.873024 0
    outer loop
      vertex 17.5802 35.1828 0
      vertex 17.6348 35.2133 12.9
      vertex 17.5802 35.1828 12.9
    endloop
  endfacet
  facet normal 0.487678 -0.873024 0
    outer loop
      vertex 17.6348 35.2133 12.9
      vertex 17.5802 35.1828 0
      vertex 17.6348 35.2133 0
    endloop
  endfacet
  facet normal -0.997642 -0.0686377 0
    outer loop
      vertex 19.5035 34.1412 0
      vertex 19.4992 34.2037 12.9
      vertex 19.4992 34.2037 0
    endloop
  endfacet
  facet normal -0.997642 -0.0686377 0
    outer loop
      vertex 19.4992 34.2037 12.9
      vertex 19.5035 34.1412 0
      vertex 19.5035 34.1412 12.9
    endloop
  endfacet
  facet normal 0.814704 -0.579877 0
    outer loop
      vertex 17.1734 34.7997 12.9
      vertex 17.2097 34.8507 0
      vertex 17.2097 34.8507 12.9
    endloop
  endfacet
  facet normal 0.814704 -0.579877 0
    outer loop
      vertex 17.2097 34.8507 0
      vertex 17.1734 34.7997 12.9
      vertex 17.1734 34.7997 0
    endloop
  endfacet
  facet normal 0.965058 0.262036 0
    outer loop
      vertex 17.0076 33.7222 12.9
      vertex 16.9912 33.7826 0
      vertex 16.9912 33.7826 12.9
    endloop
  endfacet
  facet normal 0.965058 0.262036 0
    outer loop
      vertex 16.9912 33.7826 0
      vertex 17.0076 33.7222 12.9
      vertex 17.0076 33.7222 0
    endloop
  endfacet
  facet normal 0.164658 -0.986351 0
    outer loop
      vertex 17.9878 35.3375 0
      vertex 18.0495 35.3478 12.9
      vertex 17.9878 35.3375 12.9
    endloop
  endfacet
  facet normal 0.164658 -0.986351 0
    outer loop
      vertex 18.0495 35.3478 12.9
      vertex 17.9878 35.3375 0
      vertex 18.0495 35.3478 0
    endloop
  endfacet
  facet normal -0.580936 -0.813949 0
    outer loop
      vertex 18.9438 35.1419 0
      vertex 18.9948 35.1055 12.9
      vertex 18.9438 35.1419 12.9
    endloop
  endfacet
  facet normal -0.580936 -0.813949 -0
    outer loop
      vertex 18.9948 35.1055 12.9
      vertex 18.9438 35.1419 0
      vertex 18.9948 35.1055 0
    endloop
  endfacet
  facet normal -0.993162 -0.116748 0
    outer loop
      vertex 19.4992 34.2037 0
      vertex 19.4919 34.2658 12.9
      vertex 19.4919 34.2658 0
    endloop
  endfacet
  facet normal -0.993162 -0.116748 0
    outer loop
      vertex 19.4919 34.2658 12.9
      vertex 19.4992 34.2037 0
      vertex 19.4992 34.2037 12.9
    endloop
  endfacet
  facet normal 0.873024 0.487678 0
    outer loop
      vertex 17.1325 33.4361 12.9
      vertex 17.102 33.4907 0
      vertex 17.102 33.4907 12.9
    endloop
  endfacet
  facet normal 0.873024 0.487678 0
    outer loop
      vertex 17.102 33.4907 0
      vertex 17.1325 33.4361 12.9
      vertex 17.1325 33.4361 0
    endloop
  endfacet
  facet normal 0.984428 -0.175791 0
    outer loop
      vertex 16.9695 34.2796 12.9
      vertex 16.9805 34.3412 0
      vertex 16.9805 34.3412 12.9
    endloop
  endfacet
  facet normal 0.984428 -0.175791 0
    outer loop
      vertex 16.9805 34.3412 0
      vertex 16.9695 34.2796 12.9
      vertex 16.9695 34.2796 0
    endloop
  endfacet
  facet normal 0.572282 -0.820057 0
    outer loop
      vertex 17.4758 35.1138 0
      vertex 17.5271 35.1496 12.9
      vertex 17.4758 35.1138 12.9
    endloop
  endfacet
  facet normal 0.572282 -0.820057 0
    outer loop
      vertex 17.5271 35.1496 12.9
      vertex 17.4758 35.1138 0
      vertex 17.5271 35.1496 0
    endloop
  endfacet
  facet normal -0.999816 -0.0191965 0
    outer loop
      vertex 19.5047 34.0787 0
      vertex 19.5035 34.1412 12.9
      vertex 19.5035 34.1412 0
    endloop
  endfacet
  facet normal -0.999816 -0.0191965 0
    outer loop
      vertex 19.5035 34.1412 12.9
      vertex 19.5047 34.0787 0
      vertex 19.5047 34.0787 12.9
    endloop
  endfacet
  facet normal -0.930557 0.366147 0
    outer loop
      vertex 19.4049 33.5913 0
      vertex 19.4278 33.6495 12.9
      vertex 19.4278 33.6495 0
    endloop
  endfacet
  facet normal -0.930557 0.366147 0
    outer loop
      vertex 19.4278 33.6495 12.9
      vertex 19.4049 33.5913 0
      vertex 19.4049 33.5913 12.9
    endloop
  endfacet
  facet normal 0.648947 -0.760834 0
    outer loop
      vertex 17.3786 35.035 0
      vertex 17.4262 35.0756 12.9
      vertex 17.3786 35.035 12.9
    endloop
  endfacet
  facet normal 0.648947 -0.760834 0
    outer loop
      vertex 17.4262 35.0756 12.9
      vertex 17.3786 35.035 0
      vertex 17.4262 35.0756 0
    endloop
  endfacet
  facet normal -0.792268 -0.610174 0
    outer loop
      vertex 19.2579 34.8395 0
      vertex 19.2197 34.8891 12.9
      vertex 19.2197 34.8891 0
    endloop
  endfacet
  facet normal -0.792268 -0.610174 0
    outer loop
      vertex 19.2197 34.8891 12.9
      vertex 19.2579 34.8395 0
      vertex 19.2579 34.8395 12.9
    endloop
  endfacet
  facet normal -0.0191658 0.999816 0
    outer loop
      vertex 18.2853 32.8118 0
      vertex 18.2227 32.8106 12.9
      vertex 18.2853 32.8118 12.9
    endloop
  endfacet
  facet normal -0.0191658 0.999816 0
    outer loop
      vertex 18.2227 32.8106 12.9
      vertex 18.2853 32.8118 0
      vertex 18.2227 32.8106 0
    endloop
  endfacet
  facet normal -0.895703 -0.444653 0
    outer loop
      vertex 19.3852 34.6245 0
      vertex 19.3574 34.6805 12.9
      vertex 19.3574 34.6805 0
    endloop
  endfacet
  facet normal -0.895703 -0.444653 0
    outer loop
      vertex 19.3574 34.6805 12.9
      vertex 19.3852 34.6245 0
      vertex 19.3852 34.6245 12.9
    endloop
  endfacet
  facet normal -0.260547 0.965461 0
    outer loop
      vertex 18.5931 32.8635 0
      vertex 18.5327 32.8472 12.9
      vertex 18.5931 32.8635 12.9
    endloop
  endfacet
  facet normal -0.260547 0.965461 0
    outer loop
      vertex 18.5327 32.8472 12.9
      vertex 18.5931 32.8635 0
      vertex 18.5327 32.8472 0
    endloop
  endfacet
  facet normal 0.951362 0.308075 0
    outer loop
      vertex 17.0269 33.6626 12.9
      vertex 17.0076 33.7222 0
      vertex 17.0076 33.7222 12.9
    endloop
  endfacet
  facet normal 0.951362 0.308075 0
    outer loop
      vertex 17.0076 33.7222 0
      vertex 17.0269 33.6626 12.9
      vertex 17.0269 33.6626 0
    endloop
  endfacet
  facet normal -0.727589 -0.686013 0
    outer loop
      vertex 19.179 34.9367 0
      vertex 19.1361 34.9822 12.9
      vertex 19.1361 34.9822 0
    endloop
  endfacet
  facet normal -0.727589 -0.686013 0
    outer loop
      vertex 19.1361 34.9822 12.9
      vertex 19.179 34.9367 0
      vertex 19.179 34.9367 12.9
    endloop
  endfacet
  facet normal -0.95121 -0.308544 0
    outer loop
      vertex 19.4518 34.4491 0
      vertex 19.4325 34.5086 12.9
      vertex 19.4325 34.5086 0
    endloop
  endfacet
  facet normal -0.95121 -0.308544 0
    outer loop
      vertex 19.4325 34.5086 12.9
      vertex 19.4518 34.4491 0
      vertex 19.4518 34.4491 12.9
    endloop
  endfacet
  facet normal 0.947559 -0.319581 0
    outer loop
      vertex 17.0116 34.4624 12.9
      vertex 17.0316 34.5217 0
      vertex 17.0316 34.5217 12.9
    endloop
  endfacet
  facet normal 0.947559 -0.319581 0
    outer loop
      vertex 17.0316 34.5217 0
      vertex 17.0116 34.4624 12.9
      vertex 17.0116 34.4624 0
    endloop
  endfacet
  facet normal 0.610174 -0.792268 0
    outer loop
      vertex 17.4262 35.0756 0
      vertex 17.4758 35.1138 12.9
      vertex 17.4262 35.0756 12.9
    endloop
  endfacet
  facet normal 0.610174 -0.792268 0
    outer loop
      vertex 17.4758 35.1138 12.9
      vertex 17.4262 35.0756 0
      vertex 17.4758 35.1138 0
    endloop
  endfacet
  facet normal 0.991804 -0.127769 0
    outer loop
      vertex 16.9615 34.2175 12.9
      vertex 16.9695 34.2796 0
      vertex 16.9695 34.2796 12.9
    endloop
  endfacet
  facet normal 0.991804 -0.127769 0
    outer loop
      vertex 16.9695 34.2796 0
      vertex 16.9615 34.2175 12.9
      vertex 16.9615 34.2175 0
    endloop
  endfacet
  facet normal 0.754158 -0.656693 0
    outer loop
      vertex 17.2485 34.8998 12.9
      vertex 17.2896 34.947 0
      vertex 17.2896 34.947 12.9
    endloop
  endfacet
  facet normal 0.754158 -0.656693 0
    outer loop
      vertex 17.2896 34.947 0
      vertex 17.2485 34.8998 12.9
      vertex 17.2485 34.8998 0
    endloop
  endfacet
  facet normal -0.98609 -0.166213 0
    outer loop
      vertex 19.4919 34.2658 0
      vertex 19.4815 34.3275 12.9
      vertex 19.4815 34.3275 0
    endloop
  endfacet
  facet normal -0.98609 -0.166213 0
    outer loop
      vertex 19.4815 34.3275 12.9
      vertex 19.4919 34.2658 0
      vertex 19.4919 34.2658 12.9
    endloop
  endfacet
  facet normal 0.999538 -0.030386 0
    outer loop
      vertex 16.9547 34.0926 12.9
      vertex 16.9566 34.1551 0
      vertex 16.9566 34.1551 12.9
    endloop
  endfacet
  facet normal 0.999538 -0.030386 0
    outer loop
      vertex 16.9566 34.1551 0
      vertex 16.9547 34.0926 12.9
      vertex 16.9547 34.0926 0
    endloop
  endfacet
  facet normal -0.996805 0.0798722 0
    outer loop
      vertex 19.4978 33.9537 0
      vertex 19.5028 34.0161 12.9
      vertex 19.5028 34.0161 0
    endloop
  endfacet
  facet normal -0.996805 0.0798722 0
    outer loop
      vertex 19.5028 34.0161 12.9
      vertex 19.4978 33.9537 0
      vertex 19.4978 33.9537 12.9
    endloop
  endfacet
  facet normal -0.976858 -0.213887 0
    outer loop
      vertex 19.4815 34.3275 0
      vertex 19.4681 34.3887 12.9
      vertex 19.4681 34.3887 0
    endloop
  endfacet
  facet normal -0.976858 -0.213887 0
    outer loop
      vertex 19.4681 34.3887 12.9
      vertex 19.4815 34.3275 0
      vertex 19.4815 34.3275 12.9
    endloop
  endfacet
  facet normal -0.410431 -0.911892 0
    outer loop
      vertex 18.724 35.2609 0
      vertex 18.7811 35.2352 12.9
      vertex 18.724 35.2609 12.9
    endloop
  endfacet
  facet normal -0.410431 -0.911892 -0
    outer loop
      vertex 18.7811 35.2352 12.9
      vertex 18.724 35.2609 0
      vertex 18.7811 35.2352 0
    endloop
  endfacet
  facet normal -0.948203 0.317664 0
    outer loop
      vertex 19.4278 33.6495 0
      vertex 19.4477 33.7089 12.9
      vertex 19.4477 33.7089 0
    endloop
  endfacet
  facet normal -0.948203 0.317664 0
    outer loop
      vertex 19.4477 33.7089 12.9
      vertex 19.4278 33.6495 0
      vertex 19.4278 33.6495 12.9
    endloop
  endfacet
  facet normal 0.445934 -0.895066 0
    outer loop
      vertex 17.6348 35.2133 0
      vertex 17.6908 35.2412 12.9
      vertex 17.6348 35.2133 12.9
    endloop
  endfacet
  facet normal 0.445934 -0.895066 0
    outer loop
      vertex 17.6908 35.2412 12.9
      vertex 17.6348 35.2133 0
      vertex 17.6908 35.2412 0
    endloop
  endfacet
  facet normal 0.867062 -0.498201 0
    outer loop
      vertex 17.1085 34.6928 12.9
      vertex 17.1397 34.7471 0
      vertex 17.1397 34.7471 12.9
    endloop
  endfacet
  facet normal 0.867062 -0.498201 0
    outer loop
      vertex 17.1397 34.7471 0
      vertex 17.1085 34.6928 12.9
      vertex 17.1085 34.6928 0
    endloop
  endfacet
  facet normal -0.538736 -0.842475 0
    outer loop
      vertex 18.8911 35.1756 0
      vertex 18.9438 35.1419 12.9
      vertex 18.8911 35.1756 12.9
    endloop
  endfacet
  facet normal -0.538736 -0.842475 -0
    outer loop
      vertex 18.9438 35.1419 12.9
      vertex 18.8911 35.1756 0
      vertex 18.9438 35.1419 0
    endloop
  endfacet
  facet normal 0.999816 0.0191658 0
    outer loop
      vertex 16.9559 34.03 12.9
      vertex 16.9547 34.0926 0
      vertex 16.9547 34.0926 12.9
    endloop
  endfacet
  facet normal 0.999816 0.0191658 0
    outer loop
      vertex 16.9547 34.0926 0
      vertex 16.9559 34.03 12.9
      vertex 16.9559 34.03 0
    endloop
  endfacet
  facet normal 0.496999 0.867751 -0
    outer loop
      vertex 17.6225 32.9645 0
      vertex 17.5682 32.9956 12.9
      vertex 17.6225 32.9645 12.9
    endloop
  endfacet
  facet normal 0.496999 0.867751 0
    outer loop
      vertex 17.5682 32.9956 12.9
      vertex 17.6225 32.9645 0
      vertex 17.5682 32.9956 0
    endloop
  endfacet
  facet normal -0.814704 0.579877 0
    outer loop
      vertex 19.2496 33.3205 0
      vertex 19.2859 33.3715 12.9
      vertex 19.2859 33.3715 0
    endloop
  endfacet
  facet normal -0.814704 0.579877 0
    outer loop
      vertex 19.2859 33.3715 12.9
      vertex 19.2496 33.3205 0
      vertex 19.2496 33.3205 12.9
    endloop
  endfacet
  facet normal 0.116748 -0.993162 0
    outer loop
      vertex 18.0495 35.3478 0
      vertex 18.1116 35.3551 12.9
      vertex 18.0495 35.3478 12.9
    endloop
  endfacet
  facet normal 0.116748 -0.993162 0
    outer loop
      vertex 18.1116 35.3551 12.9
      vertex 18.0495 35.3478 0
      vertex 18.1116 35.3551 0
    endloop
  endfacet
  facet normal -0.444016 0.896019 0
    outer loop
      vertex 18.8246 32.9579 0
      vertex 18.7685 32.9301 12.9
      vertex 18.8246 32.9579 12.9
    endloop
  endfacet
  facet normal -0.444016 0.896019 0
    outer loop
      vertex 18.7685 32.9301 12.9
      vertex 18.8246 32.9579 0
      vertex 18.7685 32.9301 0
    endloop
  endfacet
  facet normal 0.0686377 -0.997642 0
    outer loop
      vertex 18.1116 35.3551 0
      vertex 18.1741 35.3594 12.9
      vertex 18.1116 35.3551 12.9
    endloop
  endfacet
  facet normal 0.0686377 -0.997642 0
    outer loop
      vertex 18.1741 35.3594 12.9
      vertex 18.1116 35.3551 0
      vertex 18.1741 35.3594 0
    endloop
  endfacet
  facet normal -0.694195 -0.719787 0
    outer loop
      vertex 19.0911 35.0256 0
      vertex 19.1361 34.9822 12.9
      vertex 19.0911 35.0256 12.9
    endloop
  endfacet
  facet normal -0.694195 -0.719787 -0
    outer loop
      vertex 19.1361 34.9822 12.9
      vertex 19.0911 35.0256 0
      vertex 19.1361 34.9822 0
    endloop
  endfacet
  facet normal 0.976785 0.214221 0
    outer loop
      vertex 16.9912 33.7826 12.9
      vertex 16.9778 33.8437 0
      vertex 16.9778 33.8437 12.9
    endloop
  endfacet
  facet normal 0.976785 0.214221 0
    outer loop
      vertex 16.9778 33.8437 0
      vertex 16.9912 33.7826 12.9
      vertex 16.9912 33.7826 0
    endloop
  endfacet
  facet normal -0.454237 -0.890881 0
    outer loop
      vertex 18.7811 35.2352 0
      vertex 18.8368 35.2068 12.9
      vertex 18.7811 35.2352 12.9
    endloop
  endfacet
  facet normal -0.454237 -0.890881 -0
    outer loop
      vertex 18.8368 35.2068 12.9
      vertex 18.7811 35.2352 0
      vertex 18.8368 35.2068 0
    endloop
  endfacet
  facet normal 0.962364 -0.271764 0
    outer loop
      vertex 16.9946 34.4022 12.9
      vertex 17.0116 34.4624 0
      vertex 17.0116 34.4624 12.9
    endloop
  endfacet
  facet normal 0.962364 -0.271764 0
    outer loop
      vertex 17.0116 34.4624 0
      vertex 16.9946 34.4022 12.9
      vertex 16.9946 34.4022 0
    endloop
  endfacet
  facet normal 0.931313 -0.364219 0
    outer loop
      vertex 17.0316 34.5217 12.9
      vertex 17.0544 34.58 0
      vertex 17.0544 34.58 12.9
    endloop
  endfacet
  facet normal 0.931313 -0.364219 0
    outer loop
      vertex 17.0544 34.58 0
      vertex 17.0316 34.5217 12.9
      vertex 17.0316 34.5217 0
    endloop
  endfacet
  facet normal -0.99954 0.0303375 0
    outer loop
      vertex 19.5028 34.0161 0
      vertex 19.5047 34.0787 12.9
      vertex 19.5047 34.0787 0
    endloop
  endfacet
  facet normal -0.99954 0.0303375 0
    outer loop
      vertex 19.5047 34.0787 12.9
      vertex 19.5028 34.0161 0
      vertex 19.5028 34.0161 12.9
    endloop
  endfacet
  facet normal -0.177339 -0.98415 0
    outer loop
      vertex 18.4236 35.3458 0
      vertex 18.4852 35.3347 12.9
      vertex 18.4236 35.3458 12.9
    endloop
  endfacet
  facet normal -0.177339 -0.98415 -0
    outer loop
      vertex 18.4852 35.3347 12.9
      vertex 18.4236 35.3458 0
      vertex 18.4852 35.3347 0
    endloop
  endfacet
  facet normal -0.0782846 -0.996931 0
    outer loop
      vertex 18.2992 35.3587 0
      vertex 18.3616 35.3538 12.9
      vertex 18.2992 35.3587 12.9
    endloop
  endfacet
  facet normal -0.0782846 -0.996931 -0
    outer loop
      vertex 18.3616 35.3538 12.9
      vertex 18.2992 35.3587 0
      vertex 18.3616 35.3538 0
    endloop
  endfacet
  facet normal -0.867751 0.496999 0
    outer loop
      vertex 19.3197 33.4242 0
      vertex 19.3508 33.4785 12.9
      vertex 19.3508 33.4785 0
    endloop
  endfacet
  facet normal -0.867751 0.496999 0
    outer loop
      vertex 19.3508 33.4785 12.9
      vertex 19.3197 33.4242 0
      vertex 19.3197 33.4242 12.9
    endloop
  endfacet
  facet normal -0.529711 0.848178 0
    outer loop
      vertex 18.9322 33.0216 0
      vertex 18.8792 32.9885 12.9
      vertex 18.9322 33.0216 12.9
    endloop
  endfacet
  facet normal -0.529711 0.848178 0
    outer loop
      vertex 18.8792 32.9885 12.9
      vertex 18.9322 33.0216 0
      vertex 18.8792 32.9885 0
    endloop
  endfacet
  facet normal -0.354799 0.934943 0
    outer loop
      vertex 18.7112 32.905 0
      vertex 18.6527 32.8828 12.9
      vertex 18.7112 32.905 12.9
    endloop
  endfacet
  facet normal -0.354799 0.934943 0
    outer loop
      vertex 18.6527 32.8828 12.9
      vertex 18.7112 32.905 0
      vertex 18.6527 32.8828 0
    endloop
  endfacet
  facet normal -0.498201 -0.867062 0
    outer loop
      vertex 18.8368 35.2068 0
      vertex 18.8911 35.1756 12.9
      vertex 18.8368 35.2068 12.9
    endloop
  endfacet
  facet normal -0.498201 -0.867062 -0
    outer loop
      vertex 18.8911 35.1756 12.9
      vertex 18.8368 35.2068 0
      vertex 18.8911 35.1756 0
    endloop
  endfacet
  facet normal 0.41103 0.911622 -0
    outer loop
      vertex 17.7353 32.9103 0
      vertex 17.6783 32.936 12.9
      vertex 17.7353 32.9103 12.9
    endloop
  endfacet
  facet normal 0.41103 0.911622 0
    outer loop
      vertex 17.6783 32.936 12.9
      vertex 17.7353 32.9103 0
      vertex 17.6783 32.936 0
    endloop
  endfacet
  facet normal 0.693396 0.720557 -0
    outer loop
      vertex 17.3683 33.1456 0
      vertex 17.3232 33.189 12.9
      vertex 17.3683 33.1456 12.9
    endloop
  endfacet
  facet normal 0.693396 0.720557 0
    outer loop
      vertex 17.3232 33.189 12.9
      vertex 17.3683 33.1456 0
      vertex 17.3232 33.189 0
    endloop
  endfacet
  facet normal -0.6576 -0.753367 0
    outer loop
      vertex 19.0439 35.0668 0
      vertex 19.0911 35.0256 12.9
      vertex 19.0439 35.0668 12.9
    endloop
  endfacet
  facet normal -0.6576 -0.753367 -0
    outer loop
      vertex 19.0911 35.0256 12.9
      vertex 19.0439 35.0668 0
      vertex 19.0911 35.0256 0
    endloop
  endfacet
  facet normal 0.847459 0.530861 0
    outer loop
      vertex 17.1657 33.3831 12.9
      vertex 17.1325 33.4361 0
      vertex 17.1325 33.4361 12.9
    endloop
  endfacet
  facet normal 0.847459 0.530861 0
    outer loop
      vertex 17.1325 33.4361 0
      vertex 17.1657 33.3831 12.9
      vertex 17.1657 33.3831 0
    endloop
  endfacet
  facet normal -0.719787 0.694195 0
    outer loop
      vertex 19.1263 33.1792 0
      vertex 19.1697 33.2242 12.9
      vertex 19.1697 33.2242 0
    endloop
  endfacet
  facet normal -0.719787 0.694195 0
    outer loop
      vertex 19.1697 33.2242 12.9
      vertex 19.1263 33.1792 0
      vertex 19.1263 33.1792 12.9
    endloop
  endfacet
  facet normal 0.127769 0.991804 -0
    outer loop
      vertex 18.0978 32.8175 0
      vertex 18.0357 32.8255 12.9
      vertex 18.0978 32.8175 12.9
    endloop
  endfacet
  facet normal 0.127769 0.991804 0
    outer loop
      vertex 18.0357 32.8255 12.9
      vertex 18.0978 32.8175 0
      vertex 18.0357 32.8255 0
    endloop
  endfacet
  facet normal 0.223692 0.97466 -0
    outer loop
      vertex 17.9741 32.8365 0
      vertex 17.9131 32.8505 12.9
      vertex 17.9741 32.8365 12.9
    endloop
  endfacet
  facet normal 0.223692 0.97466 0
    outer loop
      vertex 17.9131 32.8505 12.9
      vertex 17.9741 32.8365 0
      vertex 17.9131 32.8505 0
    endloop
  endfacet
  facet normal -0.965461 -0.260547 0
    outer loop
      vertex 19.4681 34.3887 0
      vertex 19.4518 34.4491 12.9
      vertex 19.4518 34.4491 0
    endloop
  endfacet
  facet normal -0.965461 -0.260547 0
    outer loop
      vertex 19.4518 34.4491 12.9
      vertex 19.4681 34.3887 0
      vertex 19.4681 34.3887 12.9
    endloop
  endfacet
  facet normal -0.166213 0.98609 0
    outer loop
      vertex 18.4716 32.8338 0
      vertex 18.4099 32.8234 12.9
      vertex 18.4716 32.8338 12.9
    endloop
  endfacet
  facet normal -0.166213 0.98609 0
    outer loop
      vertex 18.4099 32.8234 12.9
      vertex 18.4716 32.8338 0
      vertex 18.4099 32.8234 0
    endloop
  endfacet
  facet normal 0.992997 0.118138 0
    outer loop
      vertex 16.9675 33.9054 12.9
      vertex 16.9601 33.9676 0
      vertex 16.9601 33.9676 12.9
    endloop
  endfacet
  facet normal 0.992997 0.118138 0
    outer loop
      vertex 16.9601 33.9676 0
      vertex 16.9675 33.9054 12.9
      vertex 16.9675 33.9054 0
    endloop
  endfacet
  facet normal 0.620007 0.784596 -0
    outer loop
      vertex 17.4646 33.0657 0
      vertex 17.4155 33.1045 12.9
      vertex 17.4646 33.0657 12.9
    endloop
  endfacet
  facet normal 0.620007 0.784596 0
    outer loop
      vertex 17.4155 33.1045 12.9
      vertex 17.4646 33.0657 0
      vertex 17.4155 33.1045 0
    endloop
  endfacet
  facet normal -0.97466 0.223692 0
    outer loop
      vertex 19.4648 33.7691 0
      vertex 19.4788 33.8301 12.9
      vertex 19.4788 33.8301 0
    endloop
  endfacet
  facet normal -0.97466 0.223692 0
    outer loop
      vertex 19.4788 33.8301 12.9
      vertex 19.4648 33.7691 0
      vertex 19.4648 33.7691 12.9
    endloop
  endfacet
  facet normal -0.841749 0.539869 0
    outer loop
      vertex 19.2859 33.3715 0
      vertex 19.3197 33.4242 12.9
      vertex 19.3197 33.4242 0
    endloop
  endfacet
  facet normal -0.841749 0.539869 0
    outer loop
      vertex 19.3197 33.4242 12.9
      vertex 19.2859 33.3715 0
      vertex 19.2859 33.3715 12.9
    endloop
  endfacet
  facet normal -0.648947 0.760834 0
    outer loop
      vertex 19.0807 33.1362 0
      vertex 19.0331 33.0956 12.9
      vertex 19.0807 33.1362 12.9
    endloop
  endfacet
  facet normal -0.648947 0.760834 0
    outer loop
      vertex 19.0331 33.0956 12.9
      vertex 19.0807 33.1362 0
      vertex 19.0331 33.0956 0
    endloop
  endfacet
  facet normal -0.984428 0.175791 0
    outer loop
      vertex 19.4788 33.8301 0
      vertex 19.4898 33.8917 12.9
      vertex 19.4898 33.8917 0
    endloop
  endfacet
  facet normal -0.984428 0.175791 0
    outer loop
      vertex 19.4898 33.8917 12.9
      vertex 19.4788 33.8301 0
      vertex 19.4788 33.8301 12.9
    endloop
  endfacet
  facet normal -0.890233 0.455505 0
    outer loop
      vertex 19.3508 33.4785 0
      vertex 19.3793 33.5342 12.9
      vertex 19.3793 33.5342 0
    endloop
  endfacet
  facet normal -0.890233 0.455505 0
    outer loop
      vertex 19.3793 33.5342 12.9
      vertex 19.3508 33.4785 0
      vertex 19.3508 33.4785 12.9
    endloop
  endfacet
  facet normal 0.82058 0.571532 0
    outer loop
      vertex 17.2015 33.3317 12.9
      vertex 17.1657 33.3831 0
      vertex 17.1657 33.3831 12.9
    endloop
  endfacet
  facet normal 0.82058 0.571532 0
    outer loop
      vertex 17.1657 33.3831 0
      vertex 17.2015 33.3317 12.9
      vertex 17.2015 33.3317 0
    endloop
  endfacet
  facet normal 0.761506 0.648158 0
    outer loop
      vertex 17.2803 33.2345 12.9
      vertex 17.2397 33.2822 0
      vertex 17.2397 33.2822 12.9
    endloop
  endfacet
  facet normal 0.761506 0.648158 0
    outer loop
      vertex 17.2397 33.2822 0
      vertex 17.2803 33.2345 12.9
      vertex 17.2803 33.2345 0
    endloop
  endfacet
  facet normal -0.488895 0.872342 0
    outer loop
      vertex 18.8792 32.9885 0
      vertex 18.8246 32.9579 12.9
      vertex 18.8792 32.9885 12.9
    endloop
  endfacet
  facet normal -0.488895 0.872342 0
    outer loop
      vertex 18.8246 32.9579 12.9
      vertex 18.8792 32.9885 0
      vertex 18.8246 32.9579 0
    endloop
  endfacet
  facet normal 0.454858 0.890564 -0
    outer loop
      vertex 17.6783 32.936 0
      vertex 17.6225 32.9645 12.9
      vertex 17.6783 32.936 12.9
    endloop
  endfacet
  facet normal 0.454858 0.890564 0
    outer loop
      vertex 17.6225 32.9645 12.9
      vertex 17.6783 32.936 0
      vertex 17.6225 32.9645 0
    endloop
  endfacet
  facet normal 0.911622 -0.41103 0
    outer loop
      vertex 17.0544 34.58 12.9
      vertex 17.0801 34.637 0
      vertex 17.0801 34.637 12.9
    endloop
  endfacet
  facet normal 0.911622 -0.41103 0
    outer loop
      vertex 17.0801 34.637 0
      vertex 17.0544 34.58 12.9
      vertex 17.0544 34.58 0
    endloop
  endfacet
  facet normal 0.986351 0.164658 0
    outer loop
      vertex 16.9778 33.8437 12.9
      vertex 16.9675 33.9054 0
      vertex 16.9675 33.9054 12.9
    endloop
  endfacet
  facet normal 0.986351 0.164658 0
    outer loop
      vertex 16.9675 33.9054 0
      vertex 16.9778 33.8437 12.9
      vertex 16.9778 33.8437 0
    endloop
  endfacet
  facet normal -0.0687472 0.997634 0
    outer loop
      vertex 18.3477 32.8161 0
      vertex 18.2853 32.8118 12.9
      vertex 18.3477 32.8161 12.9
    endloop
  endfacet
  facet normal -0.0687472 0.997634 0
    outer loop
      vertex 18.2853 32.8118 12.9
      vertex 18.3477 32.8161 0
      vertex 18.2853 32.8118 0
    endloop
  endfacet
  facet normal 0.84201 -0.539462 0
    outer loop
      vertex 17.1397 34.7471 12.9
      vertex 17.1734 34.7997 0
      vertex 17.1734 34.7997 12.9
    endloop
  endfacet
  facet normal 0.84201 -0.539462 0
    outer loop
      vertex 17.1734 34.7997 0
      vertex 17.1397 34.7471 12.9
      vertex 17.1397 34.7471 0
    endloop
  endfacet
  facet normal -0.214221 0.976785 0
    outer loop
      vertex 18.5327 32.8472 0
      vertex 18.4716 32.8338 12.9
      vertex 18.5327 32.8472 12.9
    endloop
  endfacet
  facet normal -0.214221 0.976785 0
    outer loop
      vertex 18.4716 32.8338 12.9
      vertex 18.5327 32.8472 0
      vertex 18.4716 32.8338 0
    endloop
  endfacet
  facet normal 0.996931 -0.0782846 0
    outer loop
      vertex 16.9566 34.1551 12.9
      vertex 16.9615 34.2175 0
      vertex 16.9615 34.2175 12.9
    endloop
  endfacet
  facet normal 0.996931 -0.0782846 0
    outer loop
      vertex 16.9615 34.2175 0
      vertex 16.9566 34.1551 12.9
      vertex 16.9566 34.1551 0
    endloop
  endfacet
  facet normal -0.619022 -0.785374 0
    outer loop
      vertex 18.9948 35.1055 0
      vertex 19.0439 35.0668 12.9
      vertex 18.9948 35.1055 12.9
    endloop
  endfacet
  facet normal -0.619022 -0.785374 -0
    outer loop
      vertex 19.0439 35.0668 12.9
      vertex 18.9948 35.1055 0
      vertex 19.0439 35.0668 0
    endloop
  endfacet
  facet normal 0.539869 0.841749 -0
    outer loop
      vertex 17.5682 32.9956 0
      vertex 17.5155 33.0294 12.9
      vertex 17.5682 32.9956 12.9
    endloop
  endfacet
  facet normal 0.539869 0.841749 0
    outer loop
      vertex 17.5155 33.0294 12.9
      vertex 17.5682 32.9956 0
      vertex 17.5155 33.0294 0
    endloop
  endfacet
  facet normal 0.727589 0.686013 0
    outer loop
      vertex 17.3232 33.189 12.9
      vertex 17.2803 33.2345 0
      vertex 17.2803 33.2345 12.9
    endloop
  endfacet
  facet normal 0.727589 0.686013 0
    outer loop
      vertex 17.2803 33.2345 0
      vertex 17.3232 33.189 12.9
      vertex 17.3232 33.189 0
    endloop
  endfacet
  facet normal 0.0798722 0.996805 -0
    outer loop
      vertex 18.1602 32.8125 0
      vertex 18.0978 32.8175 12.9
      vertex 18.1602 32.8125 12.9
    endloop
  endfacet
  facet normal 0.0798722 0.996805 0
    outer loop
      vertex 18.0978 32.8175 12.9
      vertex 18.1602 32.8125 0
      vertex 18.0978 32.8175 0
    endloop
  endfacet
  facet normal -0.686061 0.727544 0
    outer loop
      vertex 19.1263 33.1792 0
      vertex 19.0807 33.1362 12.9
      vertex 19.1263 33.1792 12.9
    endloop
  endfacet
  facet normal -0.686061 0.727544 0
    outer loop
      vertex 19.0807 33.1362 12.9
      vertex 19.1263 33.1792 0
      vertex 19.0807 33.1362 0
    endloop
  endfacet
  facet normal 0.997743 0.0671557 0
    outer loop
      vertex 16.9601 33.9676 12.9
      vertex 16.9559 34.03 0
      vertex 16.9559 34.03 12.9
    endloop
  endfacet
  facet normal 0.997743 0.0671557 0
    outer loop
      vertex 16.9559 34.03 0
      vertex 16.9601 33.9676 12.9
      vertex 16.9601 33.9676 0
    endloop
  endfacet
  facet normal -0.571532 0.82058 0
    outer loop
      vertex 18.9836 33.0574 0
      vertex 18.9322 33.0216 12.9
      vertex 18.9836 33.0574 12.9
    endloop
  endfacet
  facet normal -0.571532 0.82058 0
    outer loop
      vertex 18.9322 33.0216 12.9
      vertex 18.9836 33.0574 0
      vertex 18.9322 33.0216 0
    endloop
  endfacet
  facet normal -0.116563 0.993183 0
    outer loop
      vertex 18.4099 32.8234 0
      vertex 18.3477 32.8161 12.9
      vertex 18.4099 32.8234 12.9
    endloop
  endfacet
  facet normal -0.116563 0.993183 0
    outer loop
      vertex 18.3477 32.8161 12.9
      vertex 18.4099 32.8234 0
      vertex 18.3477 32.8161 0
    endloop
  endfacet
  facet normal -0.610947 0.791672 0
    outer loop
      vertex 19.0331 33.0956 0
      vertex 18.9836 33.0574 12.9
      vertex 19.0331 33.0956 12.9
    endloop
  endfacet
  facet normal -0.610947 0.791672 0
    outer loop
      vertex 18.9836 33.0574 12.9
      vertex 19.0331 33.0956 0
      vertex 18.9836 33.0574 0
    endloop
  endfacet
  facet normal 0 0 -1
    outer loop
      vertex 19.5028 34.0161 12.9
      vertex 19.5035 34.1412 12.9
      vertex 19.5047 34.0787 12.9
    endloop
  endfacet
  facet normal 0 0 -1
    outer loop
      vertex 19.5028 34.0161 12.9
      vertex 19.4992 34.2037 12.9
      vertex 19.5035 34.1412 12.9
    endloop
  endfacet
  facet normal 0 0 -1
    outer loop
      vertex 19.4978 33.9537 12.9
      vertex 19.4992 34.2037 12.9
      vertex 19.5028 34.0161 12.9
    endloop
  endfacet
  facet normal 0 0 -1
    outer loop
      vertex 19.4978 33.9537 12.9
      vertex 19.4919 34.2658 12.9
      vertex 19.4992 34.2037 12.9
    endloop
  endfacet
  facet normal 0 0 -1
    outer loop
      vertex 19.4898 33.8917 12.9
      vertex 19.4919 34.2658 12.9
      vertex 19.4978 33.9537 12.9
    endloop
  endfacet
  facet normal 0 0 -1
    outer loop
      vertex 19.4898 33.8917 12.9
      vertex 19.4815 34.3275 12.9
      vertex 19.4919 34.2658 12.9
    endloop
  endfacet
  facet normal 0 0 -1
    outer loop
      vertex 19.4788 33.8301 12.9
      vertex 19.4815 34.3275 12.9
      vertex 19.4898 33.8917 12.9
    endloop
  endfacet
  facet normal 0 0 -1
    outer loop
      vertex 19.4788 33.8301 12.9
      vertex 19.4681 34.3887 12.9
      vertex 19.4815 34.3275 12.9
    endloop
  endfacet
  facet normal 0 0 -1
    outer loop
      vertex 19.4648 33.7691 12.9
      vertex 19.4681 34.3887 12.9
      vertex 19.4788 33.8301 12.9
    endloop
  endfacet
  facet normal 0 0 -1
    outer loop
      vertex 19.4648 33.7691 12.9
      vertex 19.4518 34.4491 12.9
      vertex 19.4681 34.3887 12.9
    endloop
  endfacet
  facet normal 0 0 -1
    outer loop
      vertex 19.4477 33.7089 12.9
      vertex 19.4518 34.4491 12.9
      vertex 19.4648 33.7691 12.9
    endloop
  endfacet
  facet normal 0 0 -1
    outer loop
      vertex 19.4477 33.7089 12.9
      vertex 19.4325 34.5086 12.9
      vertex 19.4518 34.4491 12.9
    endloop
  endfacet
  facet normal 0 0 -1
    outer loop
      vertex 19.4278 33.6495 12.9
      vertex 19.4325 34.5086 12.9
      vertex 19.4477 33.7089 12.9
    endloop
  endfacet
  facet normal 0 0 -1
    outer loop
      vertex 19.4278 33.6495 12.9
      vertex 19.4103 34.5671 12.9
      vertex 19.4325 34.5086 12.9
    endloop
  endfacet
  facet normal 0 0 -1
    outer loop
      vertex 19.4049 33.5913 12.9
      vertex 19.4103 34.5671 12.9
      vertex 19.4278 33.6495 12.9
    endloop
  endfacet
  facet normal 0 0 -1
    outer loop
      vertex 19.4049 33.5913 12.9
      vertex 19.3852 34.6245 12.9
      vertex 19.4103 34.5671 12.9
    endloop
  endfacet
  facet normal 0 0 -1
    outer loop
      vertex 19.3793 33.5342 12.9
      vertex 19.3852 34.6245 12.9
      vertex 19.4049 33.5913 12.9
    endloop
  endfacet
  facet normal 0 0 -1
    outer loop
      vertex 19.3793 33.5342 12.9
      vertex 19.3574 34.6805 12.9
      vertex 19.3852 34.6245 12.9
    endloop
  endfacet
  facet normal 0 0 -1
    outer loop
      vertex 19.3508 33.4785 12.9
      vertex 19.3574 34.6805 12.9
      vertex 19.3793 33.5342 12.9
    endloop
  endfacet
  facet normal 0 0 -1
    outer loop
      vertex 19.3508 33.4785 12.9
      vertex 19.3268 34.7351 12.9
      vertex 19.3574 34.6805 12.9
    endloop
  endfacet
  facet normal 0 0 -1
    outer loop
      vertex 19.3197 33.4242 12.9
      vertex 19.3268 34.7351 12.9
      vertex 19.3508 33.4785 12.9
    endloop
  endfacet
  facet normal 0 0 -1
    outer loop
      vertex 19.3197 33.4242 12.9
      vertex 19.2936 34.7882 12.9
      vertex 19.3268 34.7351 12.9
    endloop
  endfacet
  facet normal 0 0 -1
    outer loop
      vertex 19.2859 33.3715 12.9
      vertex 19.2936 34.7882 12.9
      vertex 19.3197 33.4242 12.9
    endloop
  endfacet
  facet normal 0 0 -1
    outer loop
      vertex 19.2859 33.3715 12.9
      vertex 19.2579 34.8395 12.9
      vertex 19.2936 34.7882 12.9
    endloop
  endfacet
  facet normal 0 0 -1
    outer loop
      vertex 19.2496 33.3205 12.9
      vertex 19.2579 34.8395 12.9
      vertex 19.2859 33.3715 12.9
    endloop
  endfacet
  facet normal 0 0 -1
    outer loop
      vertex 19.2496 33.3205 12.9
      vertex 19.2197 34.8891 12.9
      vertex 19.2579 34.8395 12.9
    endloop
  endfacet
  facet normal 0 0 -1
    outer loop
      vertex 19.2108 33.2714 12.9
      vertex 19.2197 34.8891 12.9
      vertex 19.2496 33.3205 12.9
    endloop
  endfacet
  facet normal 0 0 -1
    outer loop
      vertex 19.2108 33.2714 12.9
      vertex 19.179 34.9367 12.9
      vertex 19.2197 34.8891 12.9
    endloop
  endfacet
  facet normal 0 0 -1
    outer loop
      vertex 19.1697 33.2242 12.9
      vertex 19.179 34.9367 12.9
      vertex 19.2108 33.2714 12.9
    endloop
  endfacet
  facet normal 0 0 -1
    outer loop
      vertex 19.1697 33.2242 12.9
      vertex 19.1361 34.9822 12.9
      vertex 19.179 34.9367 12.9
    endloop
  endfacet
  facet normal 0 0 -1
    outer loop
      vertex 19.1263 33.1792 12.9
      vertex 19.1361 34.9822 12.9
      vertex 19.1697 33.2242 12.9
    endloop
  endfacet
  facet normal 0 0 -1
    outer loop
      vertex 19.1263 33.1792 12.9
      vertex 19.0911 35.0256 12.9
      vertex 19.1361 34.9822 12.9
    endloop
  endfacet
  facet normal 0 0 -1
    outer loop
      vertex 19.0807 33.1362 12.9
      vertex 19.0911 35.0256 12.9
      vertex 19.1263 33.1792 12.9
    endloop
  endfacet
  facet normal 0 0 -1
    outer loop
      vertex 19.0807 33.1362 12.9
      vertex 19.0439 35.0668 12.9
      vertex 19.0911 35.0256 12.9
    endloop
  endfacet
  facet normal 0 0 -1
    outer loop
      vertex 19.0331 33.0956 12.9
      vertex 19.0439 35.0668 12.9
      vertex 19.0807 33.1362 12.9
    endloop
  endfacet
  facet normal 0 0 -1
    outer loop
      vertex 19.0331 33.0956 12.9
      vertex 18.9948 35.1055 12.9
      vertex 19.0439 35.0668 12.9
    endloop
  endfacet
  facet normal 0 0 -1
    outer loop
      vertex 18.9836 33.0574 12.9
      vertex 18.9948 35.1055 12.9
      vertex 19.0331 33.0956 12.9
    endloop
  endfacet
  facet normal 0 0 -1
    outer loop
      vertex 18.9836 33.0574 12.9
      vertex 18.9438 35.1419 12.9
      vertex 18.9948 35.1055 12.9
    endloop
  endfacet
  facet normal 0 0 -1
    outer loop
      vertex 18.9322 33.0216 12.9
      vertex 18.9438 35.1419 12.9
      vertex 18.9836 33.0574 12.9
    endloop
  endfacet
  facet normal 0 0 -1
    outer loop
      vertex 18.9322 33.0216 12.9
      vertex 18.8911 35.1756 12.9
      vertex 18.9438 35.1419 12.9
    endloop
  endfacet
  facet normal 0 0 -1
    outer loop
      vertex 18.8792 32.9885 12.9
      vertex 18.8911 35.1756 12.9
      vertex 18.9322 33.0216 12.9
    endloop
  endfacet
  facet normal 0 0 -1
    outer loop
      vertex 18.8792 32.9885 12.9
      vertex 18.8368 35.2068 12.9
      vertex 18.8911 35.1756 12.9
    endloop
  endfacet
  facet normal 0 0 -1
    outer loop
      vertex 18.8246 32.9579 12.9
      vertex 18.8368 35.2068 12.9
      vertex 18.8792 32.9885 12.9
    endloop
  endfacet
  facet normal 0 0 -1
    outer loop
      vertex 18.8246 32.9579 12.9
      vertex 18.7811 35.2352 12.9
      vertex 18.8368 35.2068 12.9
    endloop
  endfacet
  facet normal 0 0 -1
    outer loop
      vertex 18.7685 32.9301 12.9
      vertex 18.7811 35.2352 12.9
      vertex 18.8246 32.9579 12.9
    endloop
  endfacet
  facet normal 0 0 -1
    outer loop
      vertex 18.7685 32.9301 12.9
      vertex 18.724 35.2609 12.9
      vertex 18.7811 35.2352 12.9
    endloop
  endfacet
  facet normal 0 0 -1
    outer loop
      vertex 18.7112 32.905 12.9
      vertex 18.724 35.2609 12.9
      vertex 18.7685 32.9301 12.9
    endloop
  endfacet
  facet normal 0 0 -1
    outer loop
      vertex 18.7112 32.905 12.9
      vertex 18.6657 35.2837 12.9
      vertex 18.724 35.2609 12.9
    endloop
  endfacet
  facet normal 0 0 -1
    outer loop
      vertex 18.6527 32.8828 12.9
      vertex 18.6657 35.2837 12.9
      vertex 18.7112 32.905 12.9
    endloop
  endfacet
  facet normal 0 0 -1
    outer loop
      vertex 18.6527 32.8828 12.9
      vertex 18.6064 35.3037 12.9
      vertex 18.6657 35.2837 12.9
    endloop
  endfacet
  facet normal 0 0 -1
    outer loop
      vertex 18.5931 32.8635 12.9
      vertex 18.6064 35.3037 12.9
      vertex 18.6527 32.8828 12.9
    endloop
  endfacet
  facet normal 0 0 -1
    outer loop
      vertex 18.5931 32.8635 12.9
      vertex 18.5462 35.3207 12.9
      vertex 18.6064 35.3037 12.9
    endloop
  endfacet
  facet normal 0 0 -1
    outer loop
      vertex 18.5327 32.8472 12.9
      vertex 18.5462 35.3207 12.9
      vertex 18.5931 32.8635 12.9
    endloop
  endfacet
  facet normal 0 0 -1
    outer loop
      vertex 18.5327 32.8472 12.9
      vertex 18.4852 35.3347 12.9
      vertex 18.5462 35.3207 12.9
    endloop
  endfacet
  facet normal 0 0 -1
    outer loop
      vertex 18.4716 32.8338 12.9
      vertex 18.4852 35.3347 12.9
      vertex 18.5327 32.8472 12.9
    endloop
  endfacet
  facet normal 0 0 -1
    outer loop
      vertex 18.4716 32.8338 12.9
      vertex 18.4236 35.3458 12.9
      vertex 18.4852 35.3347 12.9
    endloop
  endfacet
  facet normal 0 0 -1
    outer loop
      vertex 18.4099 32.8234 12.9
      vertex 18.4236 35.3458 12.9
      vertex 18.4716 32.8338 12.9
    endloop
  endfacet
  facet normal 0 0 -1
    outer loop
      vertex 18.4099 32.8234 12.9
      vertex 18.3616 35.3538 12.9
      vertex 18.4236 35.3458 12.9
    endloop
  endfacet
  facet normal 0 0 -1
    outer loop
      vertex 18.3477 32.8161 12.9
      vertex 18.3616 35.3538 12.9
      vertex 18.4099 32.8234 12.9
    endloop
  endfacet
  facet normal 0 0 -1
    outer loop
      vertex 18.3477 32.8161 12.9
      vertex 18.2992 35.3587 12.9
      vertex 18.3616 35.3538 12.9
    endloop
  endfacet
  facet normal 0 0 -1
    outer loop
      vertex 18.2853 32.8118 12.9
      vertex 18.2992 35.3587 12.9
      vertex 18.3477 32.8161 12.9
    endloop
  endfacet
  facet normal 0 0 -1
    outer loop
      vertex 18.2853 32.8118 12.9
      vertex 18.2366 35.3606 12.9
      vertex 18.2992 35.3587 12.9
    endloop
  endfacet
  facet normal 0 0 -1
    outer loop
      vertex 18.2227 32.8106 12.9
      vertex 18.2366 35.3606 12.9
      vertex 18.2853 32.8118 12.9
    endloop
  endfacet
  facet normal 0 0 -1
    outer loop
      vertex 18.2227 32.8106 12.9
      vertex 18.1741 35.3594 12.9
      vertex 18.2366 35.3606 12.9
    endloop
  endfacet
  facet normal 0 0 -1
    outer loop
      vertex 18.1602 32.8125 12.9
      vertex 18.1741 35.3594 12.9
      vertex 18.2227 32.8106 12.9
    endloop
  endfacet
  facet normal 0 0 -1
    outer loop
      vertex 18.1602 32.8125 12.9
      vertex 18.1116 35.3551 12.9
      vertex 18.1741 35.3594 12.9
    endloop
  endfacet
  facet normal 0 0 -1
    outer loop
      vertex 18.0978 32.8175 12.9
      vertex 18.1116 35.3551 12.9
      vertex 18.1602 32.8125 12.9
    endloop
  endfacet
  facet normal 0 0 -1
    outer loop
      vertex 18.0978 32.8175 12.9
      vertex 18.0495 35.3478 12.9
      vertex 18.1116 35.3551 12.9
    endloop
  endfacet
  facet normal 0 0 -1
    outer loop
      vertex 18.0357 32.8255 12.9
      vertex 18.0495 35.3478 12.9
      vertex 18.0978 32.8175 12.9
    endloop
  endfacet
  facet normal 0 0 -1
    outer loop
      vertex 18.0357 32.8255 12.9
      vertex 17.9878 35.3375 12.9
      vertex 18.0495 35.3478 12.9
    endloop
  endfacet
  facet normal 0 0 -1
    outer loop
      vertex 17.9741 32.8365 12.9
      vertex 17.9878 35.3375 12.9
      vertex 18.0357 32.8255 12.9
    endloop
  endfacet
  facet normal 0 0 -1
    outer loop
      vertex 17.9741 32.8365 12.9
      vertex 17.9266 35.3241 12.9
      vertex 17.9878 35.3375 12.9
    endloop
  endfacet
  facet normal 0 0 -1
    outer loop
      vertex 17.9131 32.8505 12.9
      vertex 17.9266 35.3241 12.9
      vertex 17.9741 32.8365 12.9
    endloop
  endfacet
  facet normal 0 0 -1
    outer loop
      vertex 17.9131 32.8505 12.9
      vertex 17.8662 35.3077 12.9
      vertex 17.9266 35.3241 12.9
    endloop
  endfacet
  facet normal 0 0 -1
    outer loop
      vertex 17.8529 32.8676 12.9
      vertex 17.8662 35.3077 12.9
      vertex 17.9131 32.8505 12.9
    endloop
  endfacet
  facet normal 0 0 -1
    outer loop
      vertex 17.8529 32.8676 12.9
      vertex 17.8067 35.2884 12.9
      vertex 17.8662 35.3077 12.9
    endloop
  endfacet
  facet normal 0 0 -1
    outer loop
      vertex 17.7936 32.8875 12.9
      vertex 17.8067 35.2884 12.9
      vertex 17.8529 32.8676 12.9
    endloop
  endfacet
  facet normal 0 0 -1
    outer loop
      vertex 17.7936 32.8875 12.9
      vertex 17.7482 35.2662 12.9
      vertex 17.8067 35.2884 12.9
    endloop
  endfacet
  facet normal 0 0 -1
    outer loop
      vertex 17.7353 32.9103 12.9
      vertex 17.7482 35.2662 12.9
      vertex 17.7936 32.8875 12.9
    endloop
  endfacet
  facet normal 0 0 -1
    outer loop
      vertex 17.7353 32.9103 12.9
      vertex 17.6908 35.2412 12.9
      vertex 17.7482 35.2662 12.9
    endloop
  endfacet
  facet normal 0 0 -1
    outer loop
      vertex 17.6783 32.936 12.9
      vertex 17.6908 35.2412 12.9
      vertex 17.7353 32.9103 12.9
    endloop
  endfacet
  facet normal 0 0 -1
    outer loop
      vertex 17.6783 32.936 12.9
      vertex 17.6348 35.2133 12.9
      vertex 17.6908 35.2412 12.9
    endloop
  endfacet
  facet normal 0 0 -1
    outer loop
      vertex 17.6225 32.9645 12.9
      vertex 17.6348 35.2133 12.9
      vertex 17.6783 32.936 12.9
    endloop
  endfacet
  facet normal 0 0 -1
    outer loop
      vertex 17.6225 32.9645 12.9
      vertex 17.5802 35.1828 12.9
      vertex 17.6348 35.2133 12.9
    endloop
  endfacet
  facet normal 0 0 -1
    outer loop
      vertex 17.5682 32.9956 12.9
      vertex 17.5802 35.1828 12.9
      vertex 17.6225 32.9645 12.9
    endloop
  endfacet
  facet normal 0 0 -1
    outer loop
      vertex 17.5682 32.9956 12.9
      vertex 17.5271 35.1496 12.9
      vertex 17.5802 35.1828 12.9
    endloop
  endfacet
  facet normal 0 0 -1
    outer loop
      vertex 17.5155 33.0294 12.9
      vertex 17.5271 35.1496 12.9
      vertex 17.5682 32.9956 12.9
    endloop
  endfacet
  facet normal 0 0 -1
    outer loop
      vertex 17.5155 33.0294 12.9
      vertex 17.4758 35.1138 12.9
      vertex 17.5271 35.1496 12.9
    endloop
  endfacet
  facet normal 0 0 -1
    outer loop
      vertex 17.4646 33.0657 12.9
      vertex 17.4758 35.1138 12.9
      vertex 17.5155 33.0294 12.9
    endloop
  endfacet
  facet normal 0 0 -1
    outer loop
      vertex 17.4646 33.0657 12.9
      vertex 17.4262 35.0756 12.9
      vertex 17.4758 35.1138 12.9
    endloop
  endfacet
  facet normal 0 0 -1
    outer loop
      vertex 17.4155 33.1045 12.9
      vertex 17.4262 35.0756 12.9
      vertex 17.4646 33.0657 12.9
    endloop
  endfacet
  facet normal 0 0 -1
    outer loop
      vertex 17.4155 33.1045 12.9
      vertex 17.3786 35.035 12.9
      vertex 17.4262 35.0756 12.9
    endloop
  endfacet
  facet normal 0 0 -1
    outer loop
      vertex 17.3683 33.1456 12.9
      vertex 17.3786 35.035 12.9
      vertex 17.4155 33.1045 12.9
    endloop
  endfacet
  facet normal 0 0 -1
    outer loop
      vertex 17.3683 33.1456 12.9
      vertex 17.333 34.9921 12.9
      vertex 17.3786 35.035 12.9
    endloop
  endfacet
  facet normal 0 0 -1
    outer loop
      vertex 17.3232 33.189 12.9
      vertex 17.333 34.9921 12.9
      vertex 17.3683 33.1456 12.9
    endloop
  endfacet
  facet normal 0 0 -1
    outer loop
      vertex 17.3232 33.189 12.9
      vertex 17.2896 34.947 12.9
      vertex 17.333 34.9921 12.9
    endloop
  endfacet
  facet normal 0 0 -1
    outer loop
      vertex 17.2803 33.2345 12.9
      vertex 17.2896 34.947 12.9
      vertex 17.3232 33.189 12.9
    endloop
  endfacet
  facet normal 0 0 -1
    outer loop
      vertex 17.2803 33.2345 12.9
      vertex 17.2485 34.8998 12.9
      vertex 17.2896 34.947 12.9
    endloop
  endfacet
  facet normal 0 0 -1
    outer loop
      vertex 17.2397 33.2822 12.9
      vertex 17.2485 34.8998 12.9
      vertex 17.2803 33.2345 12.9
    endloop
  endfacet
  facet normal 0 0 -1
    outer loop
      vertex 17.2397 33.2822 12.9
      vertex 17.2097 34.8507 12.9
      vertex 17.2485 34.8998 12.9
    endloop
  endfacet
  facet normal 0 0 -1
    outer loop
      vertex 17.2015 33.3317 12.9
      vertex 17.2097 34.8507 12.9
      vertex 17.2397 33.2822 12.9
    endloop
  endfacet
  facet normal 0 0 -1
    outer loop
      vertex 17.2015 33.3317 12.9
      vertex 17.1734 34.7997 12.9
      vertex 17.2097 34.8507 12.9
    endloop
  endfacet
  facet normal 0 0 -1
    outer loop
      vertex 17.1657 33.3831 12.9
      vertex 17.1734 34.7997 12.9
      vertex 17.2015 33.3317 12.9
    endloop
  endfacet
  facet normal 0 0 -1
    outer loop
      vertex 17.1657 33.3831 12.9
      vertex 17.1397 34.7471 12.9
      vertex 17.1734 34.7997 12.9
    endloop
  endfacet
  facet normal 0 0 -1
    outer loop
      vertex 17.1325 33.4361 12.9
      vertex 17.1397 34.7471 12.9
      vertex 17.1657 33.3831 12.9
    endloop
  endfacet
  facet normal 0 0 -1
    outer loop
      vertex 17.1325 33.4361 12.9
      vertex 17.1085 34.6928 12.9
      vertex 17.1397 34.7471 12.9
    endloop
  endfacet
  facet normal 0 0 -1
    outer loop
      vertex 17.102 33.4907 12.9
      vertex 17.1085 34.6928 12.9
      vertex 17.1325 33.4361 12.9
    endloop
  endfacet
  facet normal 0 0 -1
    outer loop
      vertex 17.102 33.4907 12.9
      vertex 17.0801 34.637 12.9
      vertex 17.1085 34.6928 12.9
    endloop
  endfacet
  facet normal 0 0 -1
    outer loop
      vertex 17.0741 33.5468 12.9
      vertex 17.0801 34.637 12.9
      vertex 17.102 33.4907 12.9
    endloop
  endfacet
  facet normal 0 0 -1
    outer loop
      vertex 17.0741 33.5468 12.9
      vertex 17.0544 34.58 12.9
      vertex 17.0801 34.637 12.9
    endloop
  endfacet
  facet normal 0 0 -1
    outer loop
      vertex 17.0491 33.6041 12.9
      vertex 17.0544 34.58 12.9
      vertex 17.0741 33.5468 12.9
    endloop
  endfacet
  facet normal 0 0 -1
    outer loop
      vertex 17.0491 33.6041 12.9
      vertex 17.0316 34.5217 12.9
      vertex 17.0544 34.58 12.9
    endloop
  endfacet
  facet normal 0 0 -1
    outer loop
      vertex 17.0269 33.6626 12.9
      vertex 17.0316 34.5217 12.9
      vertex 17.0491 33.6041 12.9
    endloop
  endfacet
  facet normal 0 0 -1
    outer loop
      vertex 17.0269 33.6626 12.9
      vertex 17.0116 34.4624 12.9
      vertex 17.0316 34.5217 12.9
    endloop
  endfacet
  facet normal 0 0 -1
    outer loop
      vertex 17.0076 33.7222 12.9
      vertex 17.0116 34.4624 12.9
      vertex 17.0269 33.6626 12.9
    endloop
  endfacet
  facet normal 0 0 -1
    outer loop
      vertex 17.0076 33.7222 12.9
      vertex 16.9946 34.4022 12.9
      vertex 17.0116 34.4624 12.9
    endloop
  endfacet
  facet normal 0 0 -1
    outer loop
      vertex 16.9912 33.7826 12.9
      vertex 16.9946 34.4022 12.9
      vertex 17.0076 33.7222 12.9
    endloop
  endfacet
  facet normal 0 0 -1
    outer loop
      vertex 16.9912 33.7826 12.9
      vertex 16.9805 34.3412 12.9
      vertex 16.9946 34.4022 12.9
    endloop
  endfacet
  facet normal 0 0 -1
    outer loop
      vertex 16.9778 33.8437 12.9
      vertex 16.9805 34.3412 12.9
      vertex 16.9912 33.7826 12.9
    endloop
  endfacet
  facet normal 0 0 -1
    outer loop
      vertex 16.9778 33.8437 12.9
      vertex 16.9695 34.2796 12.9
      vertex 16.9805 34.3412 12.9
    endloop
  endfacet
  facet normal 0 0 -1
    outer loop
      vertex 16.9675 33.9054 12.9
      vertex 16.9695 34.2796 12.9
      vertex 16.9778 33.8437 12.9
    endloop
  endfacet
  facet normal 0 0 -1
    outer loop
      vertex 16.9675 33.9054 12.9
      vertex 16.9615 34.2175 12.9
      vertex 16.9695 34.2796 12.9
    endloop
  endfacet
  facet normal 0 0 -1
    outer loop
      vertex 16.9601 33.9676 12.9
      vertex 16.9615 34.2175 12.9
      vertex 16.9675 33.9054 12.9
    endloop
  endfacet
  facet normal 0 0 -1
    outer loop
      vertex 16.9601 33.9676 12.9
      vertex 16.9566 34.1551 12.9
      vertex 16.9615 34.2175 12.9
    endloop
  endfacet
  facet normal 0 0 -1
    outer loop
      vertex 16.9559 34.03 12.9
      vertex 16.9566 34.1551 12.9
      vertex 16.9601 33.9676 12.9
    endloop
  endfacet
  facet normal 0 0 -1
    outer loop
      vertex 16.9566 34.1551 12.9
      vertex 16.9559 34.03 12.9
      vertex 16.9547 34.0926 12.9
    endloop
  endfacet
  facet normal 0 0 -1
    outer loop
      vertex -6 42.8609 11
      vertex 6 46 11
      vertex 6 42.8609 11
    endloop
  endfacet
  facet normal -0 0 -1
    outer loop
      vertex 6 46 11
      vertex -6 42.8609 11
      vertex -6 46 11
    endloop
  endfacet
  facet normal 1 0 -0
    outer loop
      vertex -6 46 8.22308
      vertex -6 46 11
      vertex -6 42.8609 11
    endloop
  endfacet
  facet normal -1 -0 -0
    outer loop
      vertex 6 46 11
      vertex 6 46 8.22308
      vertex 6 42.8609 11
    endloop
  endfacet
  facet normal 0 -1 0
    outer loop
      vertex -6 46 8.22308
      vertex 6 46 11
      vertex -6 46 11
    endloop
  endfacet
  facet normal 0 -1 -0
    outer loop
      vertex 6 46 11
      vertex -6 46 8.22308
      vertex 6 46 8.22308
    endloop
  endfacet
  facet normal 1 -0 0
    outer loop
      vertex 23 28 36
      vertex 23 30.5 24
      vertex 23 30.5 36
    endloop
  endfacet
  facet normal 1 0 0
    outer loop
      vertex 23 30.5 24
      vertex 23 28 36
      vertex 23 28 24
    endloop
  endfacet
  facet normal 1 -0 0
    outer loop
      vertex 23 36.135 36
      vertex 23 39.4155 0
      vertex 23 39.4155 36
    endloop
  endfacet
  facet normal 1 0 0
    outer loop
      vertex 23 39.4155 0
      vertex 23 36.135 36
      vertex 23 36.135 0
    endloop
  endfacet
  facet normal -0 0 1
    outer loop
      vertex 17.4668 41.4 36
      vertex 18.4 41.0917 36
      vertex 18.4 41.4 36
    endloop
  endfacet
  facet normal 0 0 1
    outer loop
      vertex 18.4 41.0917 36
      vertex 17.4668 41.4 36
      vertex 18.4 37.9332 36
    endloop
  endfacet
  facet normal -0 0 1
    outer loop
      vertex 16.4 41.4 36
      vertex 18.4 37.9332 36
      vertex 17.4668 41.4 36
    endloop
  endfacet
  facet normal 0 0 1
    outer loop
      vertex 21.813 36.6611 36
      vertex 23 39.4155 36
      vertex 22.961 39.4328 36
    endloop
  endfacet
  facet normal 0 0 1
    outer loop
      vertex 23 39.4155 36
      vertex 21.813 36.6611 36
      vertex 23 36.135 36
    endloop
  endfacet
  facet normal 0 0 1
    outer loop
      vertex 20.2134 40.4926 36
      vertex 21.813 36.6611 36
      vertex 22.961 39.4328 36
    endloop
  endfacet
  facet normal 0 0 1
    outer loop
      vertex 20.2134 40.4926 36
      vertex 19.2027 37.668 36
      vertex 21.813 36.6611 36
    endloop
  endfacet
  facet normal 0 0 1
    outer loop
      vertex 18.4 37.9332 36
      vertex 20.2134 40.4926 36
      vertex 18.4 41.0917 36
    endloop
  endfacet
  facet normal 0 0 1
    outer loop
      vertex 20.2134 40.4926 36
      vertex 18.4 37.9332 36
      vertex 19.2027 37.668 36
    endloop
  endfacet
  facet normal -0 0 1
    outer loop
      vertex 18.4 30.5 36
      vertex 23 28 36
      vertex 23 30.5 36
    endloop
  endfacet
  facet normal 0 0 1
    outer loop
      vertex 16.4 41.4 36
      vertex 17.4668 41.4 36
      vertex 17.4171 41.4164 36
    endloop
  endfacet
  facet normal 0 0 1
    outer loop
      vertex 16.4 41.4 36
      vertex 17.4171 41.4164 36
      vertex 16.4 41.6979 36
    endloop
  endfacet
  facet normal -0 0 1
    outer loop
      vertex 16 41.4 36
      vertex 18.4 37.9332 36
      vertex 16.4 41.4 36
    endloop
  endfacet
  facet normal 0 0 1
    outer loop
      vertex 16 29.4 36
      vertex 18.4 37.9332 36
      vertex 16 41.4 36
    endloop
  endfacet
  facet normal 0 0 1
    outer loop
      vertex 18.4 37.9332 36
      vertex 16 29.4 36
      vertex 18.4 30.5 36
    endloop
  endfacet
  facet normal 0 0 1
    outer loop
      vertex 15.5935 28 36
      vertex 18.4 30.5 36
      vertex 16 29.4 36
    endloop
  endfacet
  facet normal 0 0 1
    outer loop
      vertex 18.4 30.5 36
      vertex 15.5935 28 36
      vertex 23 28 36
    endloop
  endfacet
  facet normal 0 0 1
    outer loop
      vertex -16.4 41.6979 36
      vertex -17.4171 41.4164 36
      vertex -16.4 41.4 36
    endloop
  endfacet
  facet normal 0 0 1
    outer loop
      vertex -18.4 37.9332 36
      vertex -16 41.4 36
      vertex -16.4 41.4 36
    endloop
  endfacet
  facet normal 0 0 1
    outer loop
      vertex -17.4668 41.4 36
      vertex -16.4 41.4 36
      vertex -17.4171 41.4164 36
    endloop
  endfacet
  facet normal 0 0 1
    outer loop
      vertex -16.4 41.4 36
      vertex -17.4668 41.4 36
      vertex -18.4 37.9332 36
    endloop
  endfacet
  facet normal 0 0 1
    outer loop
      vertex -18.4 41.0917 36
      vertex -17.4668 41.4 36
      vertex -18.4 41.4 36
    endloop
  endfacet
  facet normal 0 0 1
    outer loop
      vertex -18.4 37.9332 36
      vertex -17.4668 41.4 36
      vertex -18.4 41.0917 36
    endloop
  endfacet
  facet normal 0 0 1
    outer loop
      vertex -16 41.4 36
      vertex -18.4 37.9332 36
      vertex -16 29.4 36
    endloop
  endfacet
  facet normal -0 0 1
    outer loop
      vertex -18.4 30.5 36
      vertex -16 29.4 36
      vertex -18.4 37.9332 36
    endloop
  endfacet
  facet normal 0 0 1
    outer loop
      vertex -18.4 30.5 36
      vertex -15.5935 28 36
      vertex -16 29.4 36
    endloop
  endfacet
  facet normal 0 0 1
    outer loop
      vertex -23 28 36
      vertex -18.4 30.5 36
      vertex -23 30.5 36
    endloop
  endfacet
  facet normal 0 0 1
    outer loop
      vertex -18.4 30.5 36
      vertex -23 28 36
      vertex -15.5935 28 36
    endloop
  endfacet
  facet normal -0 0 1
    outer loop
      vertex -20.2134 40.4926 36
      vertex -18.4 37.9332 36
      vertex -18.4 41.0917 36
    endloop
  endfacet
  facet normal 0 0 1
    outer loop
      vertex -18.4 37.9332 36
      vertex -20.2134 40.4926 36
      vertex -19.2027 37.668 36
    endloop
  endfacet
  facet normal 0 0 1
    outer loop
      vertex -20.2134 40.4926 36
      vertex -21.813 36.6611 36
      vertex -19.2027 37.668 36
    endloop
  endfacet
  facet normal -0 0 1
    outer loop
      vertex -22.961 39.4328 36
      vertex -21.813 36.6611 36
      vertex -20.2134 40.4926 36
    endloop
  endfacet
  facet normal -0 0 1
    outer loop
      vertex -23 39.4155 36
      vertex -21.813 36.6611 36
      vertex -22.961 39.4328 36
    endloop
  endfacet
  facet normal 0 0 1
    outer loop
      vertex -21.813 36.6611 36
      vertex -23 39.4155 36
      vertex -23 36.135 36
    endloop
  endfacet
  facet normal -1 0 0
    outer loop
      vertex -23 28 24
      vertex -23 30.5 36
      vertex -23 30.5 24
    endloop
  endfacet
  facet normal -1 -0 0
    outer loop
      vertex -23 30.5 36
      vertex -23 28 24
      vertex -23 28 36
    endloop
  endfacet
  facet normal -1 0 0
    outer loop
      vertex -23 36.135 0
      vertex -23 39.4155 36
      vertex -23 39.4155 0
    endloop
  endfacet
  facet normal -1 -0 0
    outer loop
      vertex -23 39.4155 36
      vertex -23 36.135 0
      vertex -23 36.135 36
    endloop
  endfacet
  facet normal 0 -1 0
    outer loop
      vertex -23 28 36
      vertex -15.5935 28 30.9935
      vertex -15.5935 28 36
    endloop
  endfacet
  facet normal 0 -1 -0
    outer loop
      vertex -15.5935 28 30.9935
      vertex -16 28 24.4955
      vertex 15.5935 28 30.9935
    endloop
  endfacet
  facet normal 0 -1 0
    outer loop
      vertex -23 28 24
      vertex -15.5935 28 30.9935
      vertex -23 28 36
    endloop
  endfacet
  facet normal 0 -1 0
    outer loop
      vertex -15.5935 28 30.9935
      vertex -23 28 24
      vertex -16 28 24.4955
    endloop
  endfacet
  facet normal 0 -1 -0
    outer loop
      vertex -16 28 24.4955
      vertex -23 28 24
      vertex -16 28 24
    endloop
  endfacet
  facet normal 0 -1 0
    outer loop
      vertex 15.5935 28 30.9935
      vertex 23 28 36
      vertex 15.5935 28 36
    endloop
  endfacet
  facet normal 0 -1 0
    outer loop
      vertex 16 28 24.4955
      vertex 15.5935 28 30.9935
      vertex -16 28 24.4955
    endloop
  endfacet
  facet normal 0 -1 0
    outer loop
      vertex 23 28 24
      vertex 15.5935 28 30.9935
      vertex 16 28 24.4955
    endloop
  endfacet
  facet normal 0 -1 0
    outer loop
      vertex 23 28 24
      vertex 16 28 24.4955
      vertex 16 28 24
    endloop
  endfacet
  facet normal 0 -1 0
    outer loop
      vertex 15.5935 28 30.9935
      vertex 23 28 24
      vertex 23 28 36
    endloop
  endfacet
  facet normal 0 -1 0
    outer loop
      vertex -23 84 14
      vertex -19.4 84 3
      vertex -19.4 84 14
    endloop
  endfacet
  facet normal 0 -1 -0
    outer loop
      vertex -19.4 84 3
      vertex -23 84 0
      vertex 19.4 84 3
    endloop
  endfacet
  facet normal 0 -1 0
    outer loop
      vertex -23 84 0
      vertex -19.4 84 3
      vertex -23 84 14
    endloop
  endfacet
  facet normal 0 -1 0
    outer loop
      vertex 19.4 84 3
      vertex 23 84 14
      vertex 19.4 84 14
    endloop
  endfacet
  facet normal 0 -1 0
    outer loop
      vertex 19.4 84 3
      vertex 23 84 0
      vertex 23 84 14
    endloop
  endfacet
  facet normal 0 -1 0
    outer loop
      vertex 23 84 0
      vertex 19.4 84 3
      vertex -23 84 0
    endloop
  endfacet
  facet normal 0 0 -1
    outer loop
      vertex -23 84 0
      vertex 23 104 0
      vertex 23 84 0
    endloop
  endfacet
  facet normal -0 0 -1
    outer loop
      vertex 23 104 0
      vertex -23 84 0
      vertex -23 104 0
    endloop
  endfacet
  facet normal -0 0 1
    outer loop
      vertex -23 87.8 14
      vertex -19.4 84 14
      vertex -19.4 87.8 14
    endloop
  endfacet
  facet normal 0 0 1
    outer loop
      vertex -19.4 84 14
      vertex -23 87.8 14
      vertex -23 84 14
    endloop
  endfacet
  facet normal -0 0 1
    outer loop
      vertex 19.4 87.8 14
      vertex 23 84 14
      vertex 23 87.8 14
    endloop
  endfacet
  facet normal 0 0 1
    outer loop
      vertex 23 84 14
      vertex 19.4 87.8 14
      vertex 19.4 84 14
    endloop
  endfacet
  facet normal 0 1 0
    outer loop
      vertex 23 87.8 14
      vertex 19.4 87.8 3
      vertex 19.4 87.8 14
    endloop
  endfacet
  facet normal 0 1 0
    outer loop
      vertex 19.4 87.8 3
      vertex 23 87.8 2
      vertex -19.4 87.8 3
    endloop
  endfacet
  facet normal 0 1 -0
    outer loop
      vertex 23 87.8 2
      vertex 19.4 87.8 3
      vertex 23 87.8 14
    endloop
  endfacet
  facet normal 0 1 -0
    outer loop
      vertex -19.4 87.8 3
      vertex -23 87.8 14
      vertex -19.4 87.8 14
    endloop
  endfacet
  facet normal 0 1 0
    outer loop
      vertex -19.4 87.8 3
      vertex -23 87.8 2
      vertex -23 87.8 14
    endloop
  endfacet
  facet normal 0 1 0
    outer loop
      vertex -23 87.8 2
      vertex -19.4 87.8 3
      vertex 23 87.8 2
    endloop
  endfacet
  facet normal -0 0 1
    outer loop
      vertex -23 104 2
      vertex 23 87.8 2
      vertex 23 104 2
    endloop
  endfacet
  facet normal 0 0 1
    outer loop
      vertex 23 87.8 2
      vertex -23 104 2
      vertex -23 87.8 2
    endloop
  endfacet
  facet normal -1 0 0
    outer loop
      vertex 19.4 84 3
      vertex 19.4 87.8 14
      vertex 19.4 87.8 3
    endloop
  endfacet
  facet normal -1 -0 0
    outer loop
      vertex 19.4 87.8 14
      vertex 19.4 84 3
      vertex 19.4 84 14
    endloop
  endfacet
  facet normal -0 0 1
    outer loop
      vertex -19.4 87.8 3
      vertex 19.4 84 3
      vertex 19.4 87.8 3
    endloop
  endfacet
  facet normal 0 0 1
    outer loop
      vertex 19.4 84 3
      vertex -19.4 87.8 3
      vertex -19.4 84 3
    endloop
  endfacet
  facet normal 1 -0 0
    outer loop
      vertex -19.4 84 14
      vertex -19.4 87.8 3
      vertex -19.4 87.8 14
    endloop
  endfacet
  facet normal 1 0 0
    outer loop
      vertex -19.4 87.8 3
      vertex -19.4 84 14
      vertex -19.4 84 3
    endloop
  endfacet
  facet normal 1 0 0
    outer loop
      vertex 23 87.8 14
      vertex 23 84 14
      vertex 23 87.8 2
    endloop
  endfacet
  facet normal 1 -0 0
    outer loop
      vertex 23 87.8 2
      vertex 23 104 0
      vertex 23 104 2
    endloop
  endfacet
  facet normal 1 0 0
    outer loop
      vertex 23 87.8 2
      vertex 23 84 0
      vertex 23 104 0
    endloop
  endfacet
  facet normal 1 0 0
    outer loop
      vertex 23 84 0
      vertex 23 87.8 2
      vertex 23 84 14
    endloop
  endfacet
  facet normal -1 0 0
    outer loop
      vertex -23 104 0
      vertex -23 87.8 2
      vertex -23 104 2
    endloop
  endfacet
  facet normal -1 0 0
    outer loop
      vertex -23 84 0
      vertex -23 87.8 2
      vertex -23 104 0
    endloop
  endfacet
  facet normal -1 0 0
    outer loop
      vertex -23 84 14
      vertex -23 87.8 2
      vertex -23 84 0
    endloop
  endfacet
  facet normal -1 0 0
    outer loop
      vertex -23 87.8 2
      vertex -23 84 14
      vertex -23 87.8 14
    endloop
  endfacet
  facet normal 0 1 -0
    outer loop
      vertex 23 104 0
      vertex -23 104 2
      vertex 23 104 2
    endloop
  endfacet
  facet normal 0 1 0
    outer loop
      vertex -23 104 2
      vertex 23 104 0
      vertex -23 104 0
    endloop
  endfacet
endsolid OpenSCAD_Model
