solid OpenSCAD_Model
  facet normal 0.997292 0.0735497 0
    outer loop
      vertex 59.9277 2.94406 42
      vertex 59.7111 5.88103 0
      vertex 59.7111 5.88103 42
    endloop
  endfacet
  facet normal 0.997292 0.0735497 0
    outer loop
      vertex 59.7111 5.88103 0
      vertex 59.9277 2.94406 42
      vertex 59.9277 2.94406 0
    endloop
  endfacet
  facet normal 0.999699 0.0245505 0
    outer loop
      vertex 60 0 42
      vertex 59.9277 2.94406 0
      vertex 59.9277 2.94406 42
    endloop
  endfacet
  facet normal 0.999699 0.0245505 0
    outer loop
      vertex 59.9277 2.94406 0
      vertex 60 0 42
      vertex 60 0 0
    endloop
  endfacet
  facet normal 0.992479 0.122413 0
    outer loop
      vertex 59.7111 5.88103 42
      vertex 59.3506 8.80383 0
      vertex 59.3506 8.80383 42
    endloop
  endfacet
  facet normal 0.992479 0.122413 0
    outer loop
      vertex 59.3506 8.80383 0
      vertex 59.7111 5.88103 42
      vertex 59.7111 5.88103 0
    endloop
  endfacet
  facet normal 0.844855 -0.534996 0
    outer loop
      vertex 49.8882 -33.3342 42
      vertex 51.4637 -30.8462 0
      vertex 51.4637 -30.8462 42
    endloop
  endfacet
  facet normal 0.844855 -0.534996 0
    outer loop
      vertex 51.4637 -30.8462 0
      vertex 49.8882 -33.3342 42
      vertex 49.8882 -33.3342 0
    endloop
  endfacet
  facet normal 0.870084 0.492903 0
    outer loop
      vertex 52.9153 28.2838 42
      vertex 51.4637 30.8462 8.1
      vertex 51.4637 30.8462 42
    endloop
  endfacet
  facet normal 0.870084 0.492903 0
    outer loop
      vertex 51.4637 30.8462 8.1
      vertex 52.9153 28.2838 42
      vertex 52.9153 28.2838 8.1
    endloop
  endfacet
  facet normal 0.0735497 -0.997292 0
    outer loop
      vertex 2.94406 -59.9277 39.433
      vertex 5.88103 -59.7111 42
      vertex 2.94406 -59.9277 42
    endloop
  endfacet
  facet normal 0.0732401 -0.997314 0.000356216
    outer loop
      vertex 2.96056 -59.9265 39.4002
      vertex 5.88103 -59.7111 42
      vertex 2.94406 -59.9277 39.433
    endloop
  endfacet
  facet normal 0.0735332 -0.997293 2.50892e-05
    outer loop
      vertex 3.02571 -59.9217 39.2533
      vertex 5.88103 -59.7111 42
      vertex 2.96056 -59.9265 39.4002
    endloop
  endfacet
  facet normal 0.0737111 -0.99728 -0.000160779
    outer loop
      vertex 3.08356 -59.9174 39.1033
      vertex 5.88103 -59.7111 42
      vertex 3.02571 -59.9217 39.2533
    endloop
  endfacet
  facet normal 0.0734541 -0.997299 8.87854e-05
    outer loop
      vertex 3.13398 -59.9137 38.9507
      vertex 5.88103 -59.7111 42
      vertex 3.08356 -59.9174 39.1033
    endloop
  endfacet
  facet normal 0.0732163 -0.997316 0.000304098
    outer loop
      vertex 3.17685 -59.9106 38.7958
      vertex 5.88103 -59.7111 42
      vertex 3.13398 -59.9137 38.9507
    endloop
  endfacet
  facet normal 0.0735845 -0.997289 -8.31418e-06
    outer loop
      vertex 3.21207 -59.908 38.6389
      vertex 5.88103 -59.7111 42
      vertex 3.17685 -59.9106 38.7958
    endloop
  endfacet
  facet normal 0.0740445 -0.997255 -0.000375581
    outer loop
      vertex 3.23955 -59.9059 38.4805
      vertex 5.88103 -59.7111 42
      vertex 3.21207 -59.908 38.6389
    endloop
  endfacet
  facet normal 0.0731815 -0.997319 0.00027565
    outer loop
      vertex 3.25923 -59.9045 38.321
      vertex 5.88103 -59.7111 42
      vertex 3.23955 -59.9059 38.4805
    endloop
  endfacet
  facet normal 0.0737872 -0.997274 -0.000158339
    outer loop
      vertex 3.27105 -59.9036 38.1607
      vertex 5.88103 -59.7111 42
      vertex 3.25923 -59.9045 38.321
    endloop
  endfacet
  facet normal 0.0736315 -0.997286 -5.19056e-05
    outer loop
      vertex 3.275 -59.9033 38
      vertex 5.88103 -59.7111 42
      vertex 3.27105 -59.9036 38.1607
    endloop
  endfacet
  facet normal 0.0734668 -0.997298 5.59764e-05
    outer loop
      vertex 3.27105 -59.9036 37.8393
      vertex 5.88103 -59.7111 42
      vertex 3.275 -59.9033 38
    endloop
  endfacet
  facet normal 0.0732402 -0.997314 0.000198901
    outer loop
      vertex 3.25923 -59.9045 37.679
      vertex 5.88103 -59.7111 42
      vertex 3.27105 -59.9036 37.8393
    endloop
  endfacet
  facet normal 0.0742315 -0.997241 -0.000405889
    outer loop
      vertex 3.23955 -59.9059 37.5195
      vertex 5.88103 -59.7111 42
      vertex 3.25923 -59.9045 37.679
    endloop
  endfacet
  facet normal 0.0724413 -0.997372 0.000655277
    outer loop
      vertex 3.21207 -59.908 37.3611
      vertex 5.88103 -59.7111 42
      vertex 3.23955 -59.9059 37.5195
    endloop
  endfacet
  facet normal 0.0735439 -0.997292 1.74873e-05
    outer loop
      vertex 3.17685 -59.9106 37.2042
      vertex 5.88103 -59.7111 42
      vertex 3.21207 -59.908 37.3611
    endloop
  endfacet
  facet normal 0.0749734 -0.997185 -0.000792988
    outer loop
      vertex 3.13398 -59.9137 37.0493
      vertex 5.88103 -59.7111 42
      vertex 3.17685 -59.9106 37.2042
    endloop
  endfacet
  facet normal 0.0740897 -0.997252 -0.000299948
    outer loop
      vertex 3.08356 -59.9174 36.8967
      vertex 5.88103 -59.7111 42
      vertex 3.13398 -59.9137 37.0493
    endloop
  endfacet
  facet normal 0.0741257 -0.997249 0
    outer loop
      vertex 3.08356 -59.9174 27.1033
      vertex 3.08356 -59.9174 36.8967
      vertex 3.02571 -59.9217 36.7467
    endloop
  endfacet
  facet normal 0.073477 -0.997297 0
    outer loop
      vertex 3.02571 -59.9217 27.2533
      vertex 3.02571 -59.9217 36.7467
      vertex 2.96056 -59.9265 36.5998
    endloop
  endfacet
  facet normal 0.0725357 -0.997366 0
    outer loop
      vertex 2.96056 -59.9265 27.4002
      vertex 2.96056 -59.9265 36.5998
      vertex 2.94406 -59.9277 36.567
    endloop
  endfacet
  facet normal 0.0725357 -0.997366 0
    outer loop
      vertex 2.96056 -59.9265 27.4002
      vertex 2.94406 -59.9277 36.567
      vertex 2.94406 -59.9277 27.433
    endloop
  endfacet
  facet normal 0.073477 -0.997297 0
    outer loop
      vertex 2.96056 -59.9265 36.5998
      vertex 2.96056 -59.9265 27.4002
      vertex 3.02571 -59.9217 27.2533
    endloop
  endfacet
  facet normal 0.0741257 -0.997249 0
    outer loop
      vertex 3.02571 -59.9217 36.7467
      vertex 3.02571 -59.9217 27.2533
      vertex 3.08356 -59.9174 27.1033
    endloop
  endfacet
  facet normal 0.0735455 -0.997292 0
    outer loop
      vertex 3.08356 -59.9174 36.8967
      vertex 3.08356 -59.9174 27.1033
      vertex 5.88103 -59.7111 42
    endloop
  endfacet
  facet normal 0.0733168 -0.997309 4.31837e-05
    outer loop
      vertex 3.13398 -59.9137 26.9507
      vertex 5.88103 -59.7111 42
      vertex 3.08356 -59.9174 27.1033
    endloop
  endfacet
  facet normal 0.0726912 -0.997354 0.000157991
    outer loop
      vertex 3.17685 -59.9106 26.7958
      vertex 5.88103 -59.7111 42
      vertex 3.13398 -59.9137 26.9507
    endloop
  endfacet
  facet normal 0.0736007 -0.997288 -4.65301e-06
    outer loop
      vertex 3.21207 -59.908 26.6389
      vertex 5.88103 -59.7111 42
      vertex 3.17685 -59.9106 26.7958
    endloop
  endfacet
  facet normal 0.0748848 -0.997192 -0.000228977
    outer loop
      vertex 3.23955 -59.9059 26.4805
      vertex 5.88103 -59.7111 42
      vertex 3.21207 -59.908 26.6389
    endloop
  endfacet
  facet normal 0.0724594 -0.997371 0.000186085
    outer loop
      vertex 3.25923 -59.9045 26.321
      vertex 5.88103 -59.7111 42
      vertex 3.23955 -59.9059 26.4805
    endloop
  endfacet
  facet normal 0.0742874 -0.997237 -0.000121249
    outer loop
      vertex 3.27105 -59.9036 26.1607
      vertex 5.88103 -59.7111 42
      vertex 3.25923 -59.9045 26.321
    endloop
  endfacet
  facet normal 0.073838 -0.99727 -4.68004e-05
    outer loop
      vertex 3.275 -59.9033 26
      vertex 5.88103 -59.7111 42
      vertex 3.27105 -59.9036 26.1607
    endloop
  endfacet
  facet normal 0.0731649 -0.99732 6.34395e-05
    outer loop
      vertex 3.27105 -59.9036 25.8393
      vertex 5.88103 -59.7111 42
      vertex 3.275 -59.9033 26
    endloop
  endfacet
  facet normal 0.0743459 -0.997233 0.000116913
    outer loop
      vertex 5.88103 -59.7111 8.1
      vertex 3.27105 -59.9036 25.8393
      vertex 3.25923 -59.9045 25.679
    endloop
  endfacet
  facet normal 0.072386 -0.997377 -0.00017698
    outer loop
      vertex 5.88103 -59.7111 8.1
      vertex 3.25923 -59.9045 25.679
      vertex 3.23955 -59.9059 25.5195
    endloop
  endfacet
  facet normal 0.0735497 -0.997292 0
    outer loop
      vertex 5.88103 -59.7111 8.1
      vertex 2.94406 -59.9277 24.567
      vertex 2.94406 -59.9277 8.1
    endloop
  endfacet
  facet normal 0.0728011 -0.997346 -0.000134238
    outer loop
      vertex 2.94406 -59.9277 24.567
      vertex 5.88103 -59.7111 8.1
      vertex 2.96056 -59.9265 24.5998
    endloop
  endfacet
  facet normal 0.0734994 -0.997295 -9.98238e-06
    outer loop
      vertex 2.96056 -59.9265 24.5998
      vertex 5.88103 -59.7111 8.1
      vertex 3.02571 -59.9217 24.7467
    endloop
  endfacet
  facet normal 0.0739507 -0.997262 6.78546e-05
    outer loop
      vertex 3.02571 -59.9217 24.7467
      vertex 5.88103 -59.7111 8.1
      vertex 3.08356 -59.9174 24.8967
    endloop
  endfacet
  facet normal 0.073307 -0.997309 -3.9936e-05
    outer loop
      vertex 3.08356 -59.9174 24.8967
      vertex 5.88103 -59.7111 8.1
      vertex 3.13398 -59.9137 25.0493
    endloop
  endfacet
  facet normal 0.0726511 -0.997357 -0.000146822
    outer loop
      vertex 3.13398 -59.9137 25.0493
      vertex 5.88103 -59.7111 8.1
      vertex 3.17685 -59.9106 25.2042
    endloop
  endfacet
  facet normal 0.0736021 -0.997288 4.34973e-06
    outer loop
      vertex 3.17685 -59.9106 25.2042
      vertex 5.88103 -59.7111 8.1
      vertex 3.21207 -59.908 25.3611
    endloop
  endfacet
  facet normal 0.0749612 -0.997186 0.000215649
    outer loop
      vertex 3.21207 -59.908 25.3611
      vertex 5.88103 -59.7111 8.1
      vertex 3.23955 -59.9059 25.5195
    endloop
  endfacet
  facet normal 0.0735556 -0.997291 0
    outer loop
      vertex 3.27105 -59.9036 25.8393
      vertex 5.88103 -59.7111 8.1
      vertex 5.88103 -59.7111 42
    endloop
  endfacet
  facet normal 0.933 -0.359875 0
    outer loop
      vertex 55.4328 -22.961 42
      vertex 56.4926 -20.2134 0
      vertex 56.4926 -20.2134 42
    endloop
  endfacet
  facet normal 0.933 -0.359875 0
    outer loop
      vertex 56.4926 -20.2134 0
      vertex 55.4328 -22.961 42
      vertex 55.4328 -22.961 0
    endloop
  endfacet
  facet normal 0.449616 0.893222 -0
    outer loop
      vertex 28.2838 52.9153 0
      vertex 25.6533 54.2394 42
      vertex 28.2838 52.9153 42
    endloop
  endfacet
  facet normal 0.449616 0.893222 0
    outer loop
      vertex 25.6533 54.2394 42
      vertex 28.2838 52.9153 0
      vertex 25.6533 54.2394 0
    endloop
  endfacet
  facet normal 0.405237 0.914212 -0
    outer loop
      vertex 25.6533 54.2394 0
      vertex 22.961 55.4328 42
      vertex 25.6533 54.2394 42
    endloop
  endfacet
  facet normal 0.405237 0.914212 0
    outer loop
      vertex 22.961 55.4328 42
      vertex 25.6533 54.2394 0
      vertex 22.961 55.4328 0
    endloop
  endfacet
  facet normal -0.985276 -0.170972 0
    outer loop
      vertex -58.8471 -11.7054 0
      vertex -59.3506 -8.80383 42
      vertex -59.3506 -8.80383 0
    endloop
  endfacet
  facet normal -0.985276 -0.170972 0
    outer loop
      vertex -59.3506 -8.80383 42
      vertex -58.8471 -11.7054 0
      vertex -58.8471 -11.7054 42
    endloop
  endfacet
  facet normal 0.219087 0.975705 -0
    outer loop
      vertex 14.5788 58.2019 0
      vertex 11.7054 58.8471 42
      vertex 14.5788 58.2019 42
    endloop
  endfacet
  facet normal 0.219087 0.975705 0
    outer loop
      vertex 11.7054 58.8471 42
      vertex 14.5788 58.2019 0
      vertex 11.7054 58.8471 0
    endloop
  endfacet
  facet normal -0.999699 -0.0245505 0
    outer loop
      vertex -59.9277 -2.94406 0
      vertex -60 0 42
      vertex -60 0 0
    endloop
  endfacet
  facet normal -0.999699 -0.0245505 0
    outer loop
      vertex -60 0 42
      vertex -59.9277 -2.94406 0
      vertex -59.9277 -2.94406 42
    endloop
  endfacet
  facet normal 0.359875 -0.933 0
    outer loop
      vertex 20.2134 -56.4926 0
      vertex 22.961 -55.4328 42
      vertex 20.2134 -56.4926 42
    endloop
  endfacet
  facet normal 0.359875 -0.933 0
    outer loop
      vertex 22.961 -55.4328 42
      vertex 20.2134 -56.4926 0
      vertex 22.961 -55.4328 0
    endloop
  endfacet
  facet normal 0.788329 -0.615254 0
    outer loop
      vertex 46.3806 -38.0636 42
      vertex 48.1925 -35.742 0
      vertex 48.1925 -35.742 42
    endloop
  endfacet
  facet normal 0.788329 -0.615254 0
    outer loop
      vertex 48.1925 -35.742 0
      vertex 46.3806 -38.0636 42
      vertex 46.3806 -38.0636 0
    endloop
  endfacet
  facet normal 0.534996 0.844855 -0
    outer loop
      vertex 33.3342 49.8882 0
      vertex 30.8462 51.4637 42
      vertex 33.3342 49.8882 42
    endloop
  endfacet
  facet normal 0.534996 0.844855 0
    outer loop
      vertex 30.8462 51.4637 42
      vertex 33.3342 49.8882 0
      vertex 30.8462 51.4637 0
    endloop
  endfacet
  facet normal 0.449616 -0.893222 0
    outer loop
      vertex 25.6533 -54.2394 0
      vertex 28.2838 -52.9153 42
      vertex 25.6533 -54.2394 42
    endloop
  endfacet
  facet normal 0.449616 -0.893222 0
    outer loop
      vertex 28.2838 -52.9153 42
      vertex 25.6533 -54.2394 0
      vertex 28.2838 -52.9153 0
    endloop
  endfacet
  facet normal 0.266724 -0.963773 0
    outer loop
      vertex 14.5788 -58.2019 0
      vertex 17.4171 -57.4164 42
      vertex 14.5788 -58.2019 42
    endloop
  endfacet
  facet normal 0.266724 -0.963773 0
    outer loop
      vertex 17.4171 -57.4164 42
      vertex 14.5788 -58.2019 0
      vertex 17.4171 -57.4164 0
    endloop
  endfacet
  facet normal 0.757213 -0.653168 0
    outer loop
      vertex 44.4571 -40.2935 42
      vertex 46.3806 -38.0636 0
      vertex 46.3806 -38.0636 42
    endloop
  endfacet
  facet normal 0.757213 -0.653168 0
    outer loop
      vertex 46.3806 -38.0636 0
      vertex 44.4571 -40.2935 42
      vertex 44.4571 -40.2935 0
    endloop
  endfacet
  facet normal -0.757213 -0.653168 0
    outer loop
      vertex -44.4571 -40.2935 0
      vertex -46.3806 -38.0636 42
      vertex -46.3806 -38.0636 0
    endloop
  endfacet
  facet normal -0.757213 -0.653168 0
    outer loop
      vertex -46.3806 -38.0636 42
      vertex -44.4571 -40.2935 0
      vertex -44.4571 -40.2935 42
    endloop
  endfacet
  facet normal -0.933 -0.359875 0
    outer loop
      vertex -55.4328 -22.961 0
      vertex -56.4926 -20.2134 42
      vertex -56.4926 -20.2134 0
    endloop
  endfacet
  facet normal -0.933 -0.359875 0
    outer loop
      vertex -56.4926 -20.2134 42
      vertex -55.4328 -22.961 0
      vertex -55.4328 -22.961 42
    endloop
  endfacet
  facet normal 0.893222 0.449616 0
    outer loop
      vertex 54.2394 25.6533 42
      vertex 52.9153 28.2838 8.1
      vertex 52.9153 28.2838 42
    endloop
  endfacet
  facet normal 0.893222 0.449616 0
    outer loop
      vertex 52.9153 28.2838 8.1
      vertex 54.2394 25.6533 42
      vertex 54.2394 25.6533 8.1
    endloop
  endfacet
  facet normal 0.963773 0.266724 0
    outer loop
      vertex 58.2019 14.5788 42
      vertex 57.4164 17.4171 0
      vertex 57.4164 17.4171 42
    endloop
  endfacet
  facet normal 0.963773 0.266724 0
    outer loop
      vertex 57.4164 17.4171 0
      vertex 58.2019 14.5788 42
      vertex 58.2019 14.5788 0
    endloop
  endfacet
  facet normal 0.949525 -0.31369 0
    outer loop
      vertex 56.4926 -20.2134 42
      vertex 57.4164 -17.4171 0
      vertex 57.4164 -17.4171 42
    endloop
  endfacet
  facet normal 0.949525 -0.31369 0
    outer loop
      vertex 57.4164 -17.4171 0
      vertex 56.4926 -20.2134 42
      vertex 56.4926 -20.2134 0
    endloop
  endfacet
  facet normal 0.359875 0.933 -0
    outer loop
      vertex 22.961 55.4328 0
      vertex 20.2134 56.4926 42
      vertex 22.961 55.4328 42
    endloop
  endfacet
  facet normal 0.359875 0.933 0
    outer loop
      vertex 20.2134 56.4926 42
      vertex 22.961 55.4328 0
      vertex 20.2134 56.4926 0
    endloop
  endfacet
  facet normal 0.724245 -0.689542 0
    outer loop
      vertex 42.4264 -42.4264 42
      vertex 44.4571 -40.2935 0
      vertex 44.4571 -40.2935 42
    endloop
  endfacet
  facet normal 0.724245 -0.689542 0
    outer loop
      vertex 44.4571 -40.2935 0
      vertex 42.4264 -42.4264 42
      vertex 42.4264 -42.4264 0
    endloop
  endfacet
  facet normal 0.653168 0.757213 -0
    outer loop
      vertex 40.2935 44.4571 0
      vertex 38.0636 46.3806 42
      vertex 40.2935 44.4571 42
    endloop
  endfacet
  facet normal 0.653168 0.757213 0
    outer loop
      vertex 38.0636 46.3806 42
      vertex 40.2935 44.4571 0
      vertex 38.0636 46.3806 0
    endloop
  endfacet
  facet normal 0.844855 0.534996 0
    outer loop
      vertex 51.4637 30.8462 42
      vertex 49.8882 33.3342 8.1
      vertex 49.8882 33.3342 42
    endloop
  endfacet
  facet normal 0.844855 0.534996 0
    outer loop
      vertex 49.8882 33.3342 8.1
      vertex 51.4637 30.8462 42
      vertex 51.4637 30.8462 8.1
    endloop
  endfacet
  facet normal -0.359875 0.933 0
    outer loop
      vertex -20.2134 56.4926 0
      vertex -22.961 55.4328 42
      vertex -20.2134 56.4926 42
    endloop
  endfacet
  facet normal -0.359875 0.933 0
    outer loop
      vertex -22.961 55.4328 42
      vertex -20.2134 56.4926 0
      vertex -22.961 55.4328 0
    endloop
  endfacet
  facet normal 0.653168 -0.757213 0
    outer loop
      vertex 38.0636 -46.3806 0
      vertex 40.2935 -44.4571 42
      vertex 38.0636 -46.3806 42
    endloop
  endfacet
  facet normal 0.653168 -0.757213 0
    outer loop
      vertex 40.2935 -44.4571 42
      vertex 38.0636 -46.3806 0
      vertex 40.2935 -44.4571 0
    endloop
  endfacet
  facet normal -0.844855 0.534996 0
    outer loop
      vertex -51.4637 30.8462 8.1
      vertex -49.8882 33.3342 42
      vertex -49.8882 33.3342 8.1
    endloop
  endfacet
  facet normal -0.844855 0.534996 0
    outer loop
      vertex -49.8882 33.3342 42
      vertex -51.4637 30.8462 8.1
      vertex -51.4637 30.8462 42
    endloop
  endfacet
  facet normal -0.724245 0.689542 0
    outer loop
      vertex -44.4571 40.2935 0
      vertex -42.4264 42.4264 42
      vertex -42.4264 42.4264 0
    endloop
  endfacet
  facet normal -0.724245 0.689542 0
    outer loop
      vertex -42.4264 42.4264 42
      vertex -44.4571 40.2935 0
      vertex -44.4571 40.2935 42
    endloop
  endfacet
  facet normal -0.575794 0.817595 0
    outer loop
      vertex -33.3342 49.8882 0
      vertex -35.742 48.1925 42
      vertex -33.3342 49.8882 42
    endloop
  endfacet
  facet normal -0.575794 0.817595 0
    outer loop
      vertex -35.742 48.1925 42
      vertex -33.3342 49.8882 0
      vertex -35.742 48.1925 0
    endloop
  endfacet
  facet normal -0.170972 0.985276 0
    outer loop
      vertex -8.80383 59.3506 0
      vertex -11.7054 58.8471 42
      vertex -8.80383 59.3506 42
    endloop
  endfacet
  facet normal -0.170972 0.985276 0
    outer loop
      vertex -11.7054 58.8471 42
      vertex -8.80383 59.3506 0
      vertex -11.7054 58.8471 0
    endloop
  endfacet
  facet normal 0.724245 0.689542 0
    outer loop
      vertex 44.4571 40.2935 42
      vertex 42.4264 42.4264 0
      vertex 42.4264 42.4264 42
    endloop
  endfacet
  facet normal 0.724245 0.689542 0
    outer loop
      vertex 42.4264 42.4264 0
      vertex 44.4571 40.2935 42
      vertex 44.4571 40.2935 0
    endloop
  endfacet
  facet normal 0.122413 0.992479 -0
    outer loop
      vertex 8.80383 59.3506 0
      vertex 5.88103 59.7111 42
      vertex 8.80383 59.3506 42
    endloop
  endfacet
  facet normal 0.122413 0.992479 0
    outer loop
      vertex 5.88103 59.7111 42
      vertex 8.80383 59.3506 0
      vertex 5.88103 59.7111 0
    endloop
  endfacet
  facet normal 0.985276 0.170972 0
    outer loop
      vertex 59.3506 8.80383 42
      vertex 58.8471 11.7054 0
      vertex 58.8471 11.7054 42
    endloop
  endfacet
  facet normal 0.985276 0.170972 0
    outer loop
      vertex 58.8471 11.7054 0
      vertex 59.3506 8.80383 42
      vertex 59.3506 8.80383 0
    endloop
  endfacet
  facet normal 0.975705 -0.219087 0
    outer loop
      vertex 58.2019 -14.5788 42
      vertex 58.8471 -11.7054 0
      vertex 58.8471 -11.7054 42
    endloop
  endfacet
  facet normal 0.975705 -0.219087 0
    outer loop
      vertex 58.8471 -11.7054 0
      vertex 58.2019 -14.5788 42
      vertex 58.2019 -14.5788 0
    endloop
  endfacet
  facet normal 0.405237 -0.914212 0
    outer loop
      vertex 22.961 -55.4328 0
      vertex 25.6533 -54.2394 42
      vertex 22.961 -55.4328 42
    endloop
  endfacet
  facet normal 0.405237 -0.914212 0
    outer loop
      vertex 25.6533 -54.2394 42
      vertex 22.961 -55.4328 0
      vertex 25.6533 -54.2394 0
    endloop
  endfacet
  facet normal -0.999699 0.0245505 0
    outer loop
      vertex -60 0 0
      vertex -59.9277 2.94406 42
      vertex -59.9277 2.94406 0
    endloop
  endfacet
  facet normal -0.999699 0.0245505 0
    outer loop
      vertex -59.9277 2.94406 42
      vertex -60 0 0
      vertex -60 0 42
    endloop
  endfacet
  facet normal 0.949525 0.31369 0
    outer loop
      vertex 57.4164 17.4171 42
      vertex 56.4926 20.2134 0
      vertex 56.4926 20.2134 42
    endloop
  endfacet
  facet normal 0.949525 0.31369 0
    outer loop
      vertex 56.4926 20.2134 0
      vertex 57.4164 17.4171 42
      vertex 57.4164 17.4171 0
    endloop
  endfacet
  facet normal -0.219087 0.975705 0
    outer loop
      vertex -11.7054 58.8471 0
      vertex -14.5788 58.2019 42
      vertex -11.7054 58.8471 42
    endloop
  endfacet
  facet normal -0.219087 0.975705 0
    outer loop
      vertex -14.5788 58.2019 42
      vertex -11.7054 58.8471 0
      vertex -14.5788 58.2019 0
    endloop
  endfacet
  facet normal -0.844855 -0.534996 0
    outer loop
      vertex -49.8882 -33.3342 0
      vertex -51.4637 -30.8462 42
      vertex -51.4637 -30.8462 0
    endloop
  endfacet
  facet normal -0.844855 -0.534996 0
    outer loop
      vertex -51.4637 -30.8462 42
      vertex -49.8882 -33.3342 0
      vertex -49.8882 -33.3342 42
    endloop
  endfacet
  facet normal -0.492903 0.870084 0
    outer loop
      vertex -28.2838 52.9153 0
      vertex -30.8462 51.4637 42
      vertex -28.2838 52.9153 42
    endloop
  endfacet
  facet normal -0.492903 0.870084 0
    outer loop
      vertex -30.8462 51.4637 42
      vertex -28.2838 52.9153 0
      vertex -30.8462 51.4637 0
    endloop
  endfacet
  facet normal 0.575794 0.817595 -0
    outer loop
      vertex 35.742 48.1925 0
      vertex 33.3342 49.8882 42
      vertex 35.742 48.1925 42
    endloop
  endfacet
  facet normal 0.575794 0.817595 0
    outer loop
      vertex 33.3342 49.8882 42
      vertex 35.742 48.1925 0
      vertex 33.3342 49.8882 0
    endloop
  endfacet
  facet normal -0.122413 0.992479 0
    outer loop
      vertex -5.88103 59.7111 0
      vertex -8.80383 59.3506 42
      vertex -5.88103 59.7111 42
    endloop
  endfacet
  facet normal -0.122413 0.992479 0
    outer loop
      vertex -8.80383 59.3506 42
      vertex -5.88103 59.7111 0
      vertex -8.80383 59.3506 0
    endloop
  endfacet
  facet normal 0.615254 0.788329 -0
    outer loop
      vertex 38.0636 46.3806 0
      vertex 35.742 48.1925 42
      vertex 38.0636 46.3806 42
    endloop
  endfacet
  facet normal 0.615254 0.788329 0
    outer loop
      vertex 35.742 48.1925 42
      vertex 38.0636 46.3806 0
      vertex 35.742 48.1925 0
    endloop
  endfacet
  facet normal -0.122413 -0.992479 0
    outer loop
      vertex -8.80383 -59.3506 8.1
      vertex -5.88103 -59.7111 42
      vertex -8.80383 -59.3506 42
    endloop
  endfacet
  facet normal -0.122413 -0.992479 -0
    outer loop
      vertex -5.88103 -59.7111 42
      vertex -8.80383 -59.3506 8.1
      vertex -5.88103 -59.7111 8.1
    endloop
  endfacet
  facet normal 0.992479 -0.122413 0
    outer loop
      vertex 59.3506 -8.80383 42
      vertex 59.7111 -5.88103 0
      vertex 59.7111 -5.88103 42
    endloop
  endfacet
  facet normal 0.992479 -0.122413 0
    outer loop
      vertex 59.7111 -5.88103 0
      vertex 59.3506 -8.80383 42
      vertex 59.3506 -8.80383 0
    endloop
  endfacet
  facet normal 0.0242623 -0.999706 0
    outer loop
      vertex 0.160696 -59.9961 41.2711
      vertex 0 -60 42
      vertex 0 -60 41.275
    endloop
  endfacet
  facet normal 0.0249552 -0.999689 0.000152861
    outer loop
      vertex 0.321006 -59.9921 41.2592
      vertex 0 -60 42
      vertex 0.160696 -59.9961 41.2711
    endloop
  endfacet
  facet normal 0.0244294 -0.999702 -7.51479e-05
    outer loop
      vertex 0.480542 -59.9882 41.2396
      vertex 0 -60 42
      vertex 0.321006 -59.9921 41.2592
    endloop
  endfacet
  facet normal 0.0246255 -0.999697 4.88732e-05
    outer loop
      vertex 0.638921 -59.9843 41.2121
      vertex 0 -60 42
      vertex 0.480542 -59.9882 41.2396
    endloop
  endfacet
  facet normal 0.0241453 -0.999708 -0.000340778
    outer loop
      vertex 0.795759 -59.9805 41.1769
      vertex 0 -60 42
      vertex 0.638921 -59.9843 41.2121
    endloop
  endfacet
  facet normal 0.0245295 -0.999699 3.08938e-05
    outer loop
      vertex 0.950682 -59.9767 41.134
      vertex 0 -60 42
      vertex 0.795759 -59.9805 41.1769
    endloop
  endfacet
  facet normal 0.0245505 -0.999699 5.39973e-05
    outer loop
      vertex 0 -60 42
      vertex 0.950682 -59.9767 41.134
      vertex 2.94406 -59.9277 42
    endloop
  endfacet
  facet normal 0.0247532 -0.999694 -0.000412801
    outer loop
      vertex 1.10331 -59.9729 41.0836
      vertex 2.94406 -59.9277 42
      vertex 0.950682 -59.9767 41.134
    endloop
  endfacet
  facet normal 0.0246124 -0.999697 -0.000129781
    outer loop
      vertex 1.25329 -59.9692 41.0257
      vertex 2.94406 -59.9277 42
      vertex 1.10331 -59.9729 41.0836
    endloop
  endfacet
  facet normal 0.0245111 -0.9997 4.60014e-05
    outer loop
      vertex 1.40024 -59.9656 40.9606
      vertex 2.94406 -59.9277 42
      vertex 1.25329 -59.9692 41.0257
    endloop
  endfacet
  facet normal 0.0244433 -0.999701 0.000146827
    outer loop
      vertex 1.54382 -59.9621 40.8883
      vertex 2.94406 -59.9277 42
      vertex 1.40024 -59.9656 40.9606
    endloop
  endfacet
  facet normal 0.0244088 -0.999702 0.000190309
    outer loop
      vertex 1.68369 -59.9587 40.8091
      vertex 2.94406 -59.9277 42
      vertex 1.54382 -59.9621 40.8883
    endloop
  endfacet
  facet normal 0.0248522 -0.999691 -0.000279268
    outer loop
      vertex 1.81949 -59.9553 40.7231
      vertex 2.94406 -59.9277 42
      vertex 1.68369 -59.9587 40.8091
    endloop
  endfacet
  facet normal 0.0244162 -0.999702 0.000105019
    outer loop
      vertex 1.95091 -59.9521 40.6305
      vertex 2.94406 -59.9277 42
      vertex 1.81949 -59.9553 40.7231
    endloop
  endfacet
  facet normal 0.0244927 -0.9997 4.94628e-05
    outer loop
      vertex 2.07764 -59.949 40.5316
      vertex 2.94406 -59.9277 42
      vertex 1.95091 -59.9521 40.6305
    endloop
  endfacet
  facet normal 0.0246181 -0.999697 -2.45525e-05
    outer loop
      vertex 2.19936 -59.946 40.4266
      vertex 2.94406 -59.9277 42
      vertex 2.07764 -59.949 40.5316
    endloop
  endfacet
  facet normal 0.0247993 -0.999692 -0.000110354
    outer loop
      vertex 2.31577 -59.9431 40.3158
      vertex 2.94406 -59.9277 42
      vertex 2.19936 -59.946 40.4266
    endloop
  endfacet
  facet normal 0.0243948 -0.999702 4.06061e-05
    outer loop
      vertex 2.42661 -59.9404 40.1994
      vertex 2.94406 -59.9277 42
      vertex 2.31577 -59.9431 40.3158
    endloop
  endfacet
  facet normal 0.0239861 -0.999712 0.000158133
    outer loop
      vertex 2.53161 -59.9379 40.0776
      vertex 2.94406 -59.9277 42
      vertex 2.42661 -59.9404 40.1994
    endloop
  endfacet
  facet normal 0.025154 -0.999684 -9.25878e-05
    outer loop
      vertex 2.6305 -59.9354 39.9509
      vertex 2.94406 -59.9277 42
      vertex 2.53161 -59.9379 40.0776
    endloop
  endfacet
  facet normal 0.0239022 -0.999714 9.90766e-05
    outer loop
      vertex 2.72306 -59.9332 39.8195
      vertex 2.94406 -59.9277 42
      vertex 2.6305 -59.9354 39.9509
    endloop
  endfacet
  facet normal 0.0254773 -0.999675 -6.06602e-05
    outer loop
      vertex 2.80906 -59.931 39.6837
      vertex 2.94406 -59.9277 42
      vertex 2.72306 -59.9332 39.8195
    endloop
  endfacet
  facet normal 0.0240171 -0.999712 2.44931e-05
    outer loop
      vertex 2.88829 -59.9291 39.5438
      vertex 2.94406 -59.9277 42
      vertex 2.80906 -59.931 39.6837
    endloop
  endfacet
  facet normal 0.0250952 -0.999685 0
    outer loop
      vertex 2.94406 -59.9277 42
      vertex 2.88829 -59.9291 39.5438
      vertex 2.94406 -59.9277 39.433
    endloop
  endfacet
  facet normal 0.0242623 -0.999706 0
    outer loop
      vertex 0 -60 8.1
      vertex 0.160696 -59.9961 22.7289
      vertex 0 -60 22.725
    endloop
  endfacet
  facet normal 0.0249444 -0.999689 -7.49794e-06
    outer loop
      vertex 0 -60 8.1
      vertex 0.321006 -59.9921 22.7408
      vertex 0.160696 -59.9961 22.7289
    endloop
  endfacet
  facet normal 0.0244381 -0.999701 3.60966e-06
    outer loop
      vertex 0 -60 8.1
      vertex 0.480542 -59.9882 22.7604
      vertex 0.321006 -59.9921 22.7408
    endloop
  endfacet
  facet normal 0.0245505 -0.999699 -7.5939e-08
    outer loop
      vertex 2.94406 -59.9277 8.1
      vertex 0.480542 -59.9882 22.7604
      vertex 0 -60 8.1
    endloop
  endfacet
  facet normal 0.0246151 -0.999697 1.07894e-05
    outer loop
      vertex 0.480542 -59.9882 22.7604
      vertex 2.94406 -59.9277 8.1
      vertex 0.638921 -59.9843 22.7879
    endloop
  endfacet
  facet normal 0.0242328 -0.999706 -4.92578e-05
    outer loop
      vertex 0.638921 -59.9843 22.7879
      vertex 2.94406 -59.9277 8.1
      vertex 0.795759 -59.9805 22.8231
    endloop
  endfacet
  facet normal 0.0245228 -0.999699 -6.90473e-06
    outer loop
      vertex 0.795759 -59.9805 22.8231
      vertex 2.94406 -59.9277 8.1
      vertex 0.950682 -59.9767 22.866
    endloop
  endfacet
  facet normal 0.024876 -0.999691 4.07934e-05
    outer loop
      vertex 0.950682 -59.9767 22.866
      vertex 2.94406 -59.9277 8.1
      vertex 1.10331 -59.9729 22.9164
    endloop
  endfacet
  facet normal 0.0246572 -0.999696 1.35993e-05
    outer loop
      vertex 1.10331 -59.9729 22.9164
      vertex 2.94406 -59.9277 8.1
      vertex 1.25329 -59.9692 22.9743
    endloop
  endfacet
  facet normal 0.024493 -0.9997 -5.07416e-06
    outer loop
      vertex 1.25329 -59.9692 22.9743
      vertex 2.94406 -59.9277 8.1
      vertex 1.40024 -59.9656 23.0394
    endloop
  endfacet
  facet normal 0.024378 -0.999703 -1.69726e-05
    outer loop
      vertex 1.40024 -59.9656 23.0394
      vertex 2.94406 -59.9277 8.1
      vertex 1.54382 -59.9621 23.1117
    endloop
  endfacet
  facet normal 0.0243141 -0.999704 -2.29337e-05
    outer loop
      vertex 1.54382 -59.9621 23.1117
      vertex 2.94406 -59.9277 8.1
      vertex 1.68369 -59.9587 23.1909
    endloop
  endfacet
  facet normal 0.0250068 -0.999687 3.496e-05
    outer loop
      vertex 1.68369 -59.9587 23.1909
      vertex 2.94406 -59.9277 8.1
      vertex 1.81949 -59.9553 23.2769
    endloop
  endfacet
  facet normal 0.0243518 -0.999703 -1.36083e-05
    outer loop
      vertex 1.81949 -59.9553 23.2769
      vertex 2.94406 -59.9277 8.1
      vertex 1.95091 -59.9521 23.3695
    endloop
  endfacet
  facet normal 0.0244593 -0.999701 -6.61132e-06
    outer loop
      vertex 1.95091 -59.9521 23.3695
      vertex 2.94406 -59.9277 8.1
      vertex 2.07764 -59.949 23.4684
    endloop
  endfacet
  facet normal 0.0246363 -0.999696 3.37578e-06
    outer loop
      vertex 2.07764 -59.949 23.4684
      vertex 2.94406 -59.9277 8.1
      vertex 2.19936 -59.946 23.5734
    endloop
  endfacet
  facet normal 0.0248894 -0.99969 1.55634e-05
    outer loop
      vertex 2.19936 -59.946 23.5734
      vertex 2.94406 -59.9277 8.1
      vertex 2.31577 -59.9431 23.6842
    endloop
  endfacet
  facet normal 0.0243584 -0.999703 -5.85946e-06
    outer loop
      vertex 2.31577 -59.9431 23.6842
      vertex 2.94406 -59.9277 8.1
      vertex 2.42661 -59.9404 23.8006
    endloop
  endfacet
  facet normal 0.0238298 -0.999716 -2.32905e-05
    outer loop
      vertex 2.42661 -59.9404 23.8006
      vertex 2.94406 -59.9277 8.1
      vertex 2.53161 -59.9379 23.9224
    endloop
  endfacet
  facet normal 0.0252548 -0.999681 1.3878e-05
    outer loop
      vertex 2.53161 -59.9379 23.9224
      vertex 2.94406 -59.9277 8.1
      vertex 2.6305 -59.9354 24.0491
    endloop
  endfacet
  facet normal 0.023783 -0.999717 -1.50737e-05
    outer loop
      vertex 2.6305 -59.9354 24.0491
      vertex 2.94406 -59.9277 8.1
      vertex 2.72306 -59.9332 24.1805
    endloop
  endfacet
  facet normal 0.0255583 -0.999673 9.33921e-06
    outer loop
      vertex 2.72306 -59.9332 24.1805
      vertex 2.94406 -59.9277 8.1
      vertex 2.80906 -59.931 24.3163
    endloop
  endfacet
  facet normal 0.0239806 -0.999712 -3.80268e-06
    outer loop
      vertex 2.80906 -59.931 24.3163
      vertex 2.94406 -59.9277 8.1
      vertex 2.88829 -59.9291 24.4562
    endloop
  endfacet
  facet normal 0.0250952 -0.999685 0
    outer loop
      vertex 2.88829 -59.9291 24.4562
      vertex 2.94406 -59.9277 8.1
      vertex 2.94406 -59.9277 24.567
    endloop
  endfacet
  facet normal 0.0242623 -0.999706 0
    outer loop
      vertex 0 -60 29.275
      vertex 0.160696 -59.9961 34.7289
      vertex 0 -60 34.725
    endloop
  endfacet
  facet normal 0.0242623 -0.999706 0
    outer loop
      vertex 0.160696 -59.9961 29.2711
      vertex 0.160696 -59.9961 34.7289
      vertex 0 -60 29.275
    endloop
  endfacet
  facet normal 0.0249439 -0.999689 0
    outer loop
      vertex 0.160696 -59.9961 34.7289
      vertex 0.160696 -59.9961 29.2711
      vertex 0.321006 -59.9921 34.7408
    endloop
  endfacet
  facet normal 0.0249439 -0.999689 0
    outer loop
      vertex 0.321006 -59.9921 29.2592
      vertex 0.321006 -59.9921 34.7408
      vertex 0.160696 -59.9961 29.2711
    endloop
  endfacet
  facet normal 0.0244386 -0.999701 0
    outer loop
      vertex 0.321006 -59.9921 34.7408
      vertex 0.321006 -59.9921 29.2592
      vertex 0.480542 -59.9882 34.7604
    endloop
  endfacet
  facet normal 0.0244386 -0.999701 0
    outer loop
      vertex 0.480542 -59.9882 29.2396
      vertex 0.480542 -59.9882 34.7604
      vertex 0.321006 -59.9921 29.2592
    endloop
  endfacet
  facet normal 0.024617 -0.999697 0
    outer loop
      vertex 0.480542 -59.9882 34.7604
      vertex 0.480542 -59.9882 29.2396
      vertex 0.638921 -59.9843 34.7879
    endloop
  endfacet
  facet normal 0.024617 -0.999697 0
    outer loop
      vertex 0.638921 -59.9843 29.2121
      vertex 0.638921 -59.9843 34.7879
      vertex 0.480542 -59.9882 29.2396
    endloop
  endfacet
  facet normal 0.0242217 -0.999707 0
    outer loop
      vertex 0.638921 -59.9843 34.7879
      vertex 0.638921 -59.9843 29.2121
      vertex 0.795759 -59.9805 34.8231
    endloop
  endfacet
  facet normal 0.0242217 -0.999707 0
    outer loop
      vertex 0.795759 -59.9805 29.1769
      vertex 0.795759 -59.9805 34.8231
      vertex 0.638921 -59.9843 29.2121
    endloop
  endfacet
  facet normal 0.0245209 -0.999699 0
    outer loop
      vertex 0.795759 -59.9805 34.8231
      vertex 0.795759 -59.9805 29.1769
      vertex 0.950682 -59.9767 34.866
    endloop
  endfacet
  facet normal 0.0245209 -0.999699 0
    outer loop
      vertex 0.950682 -59.9767 29.134
      vertex 0.950682 -59.9767 34.866
      vertex 0.795759 -59.9805 29.1769
    endloop
  endfacet
  facet normal 0.0248894 -0.99969 0
    outer loop
      vertex 0.950682 -59.9767 34.866
      vertex 0.950682 -59.9767 29.134
      vertex 1.10331 -59.9729 34.9164
    endloop
  endfacet
  facet normal 0.0248894 -0.99969 0
    outer loop
      vertex 1.10331 -59.9729 29.0836
      vertex 1.10331 -59.9729 34.9164
      vertex 0.950682 -59.9767 29.134
    endloop
  endfacet
  facet normal 0.0246625 -0.999696 0
    outer loop
      vertex 1.10331 -59.9729 34.9164
      vertex 1.10331 -59.9729 29.0836
      vertex 1.25329 -59.9692 34.9743
    endloop
  endfacet
  facet normal 0.0246625 -0.999696 0
    outer loop
      vertex 1.25329 -59.9692 29.0257
      vertex 1.25329 -59.9692 34.9743
      vertex 1.10331 -59.9729 29.0836
    endloop
  endfacet
  facet normal 0.0244908 -0.9997 0
    outer loop
      vertex 1.25329 -59.9692 34.9743
      vertex 1.25329 -59.9692 29.0257
      vertex 1.40024 -59.9656 35.0394
    endloop
  endfacet
  facet normal 0.0244908 -0.9997 0
    outer loop
      vertex 1.40024 -59.9656 28.9606
      vertex 1.40024 -59.9656 35.0394
      vertex 1.25329 -59.9692 29.0257
    endloop
  endfacet
  facet normal 0.0243694 -0.999703 0
    outer loop
      vertex 1.40024 -59.9656 35.0394
      vertex 1.40024 -59.9656 28.9606
      vertex 1.54382 -59.9621 35.1117
    endloop
  endfacet
  facet normal 0.0243694 -0.999703 0
    outer loop
      vertex 1.54382 -59.9621 28.8883
      vertex 1.54382 -59.9621 35.1117
      vertex 1.40024 -59.9656 28.9606
    endloop
  endfacet
  facet normal 0.0243011 -0.999705 0
    outer loop
      vertex 1.54382 -59.9621 35.1117
      vertex 1.54382 -59.9621 28.8883
      vertex 1.68369 -59.9587 35.1909
    endloop
  endfacet
  facet normal 0.0243011 -0.999705 0
    outer loop
      vertex 1.68369 -59.9587 28.8091
      vertex 1.68369 -59.9587 35.1909
      vertex 1.54382 -59.9621 28.8883
    endloop
  endfacet
  facet normal 0.025029 -0.999687 0
    outer loop
      vertex 1.68369 -59.9587 35.1909
      vertex 1.68369 -59.9587 28.8091
      vertex 1.81949 -59.9553 35.2769
    endloop
  endfacet
  facet normal 0.025029 -0.999687 0
    outer loop
      vertex 1.81949 -59.9553 28.7231
      vertex 1.81949 -59.9553 35.2769
      vertex 1.68369 -59.9587 28.8091
    endloop
  endfacet
  facet normal 0.0243422 -0.999704 0
    outer loop
      vertex 1.81949 -59.9553 35.2769
      vertex 1.81949 -59.9553 28.7231
      vertex 1.95091 -59.9521 35.3695
    endloop
  endfacet
  facet normal 0.0243422 -0.999704 0
    outer loop
      vertex 1.95091 -59.9521 28.6305
      vertex 1.95091 -59.9521 35.3695
      vertex 1.81949 -59.9553 28.7231
    endloop
  endfacet
  facet normal 0.0244541 -0.999701 0
    outer loop
      vertex 1.95091 -59.9521 35.3695
      vertex 1.95091 -59.9521 28.6305
      vertex 2.07764 -59.949 35.4684
    endloop
  endfacet
  facet normal 0.0244541 -0.999701 0
    outer loop
      vertex 2.07764 -59.949 28.5316
      vertex 2.07764 -59.949 35.4684
      vertex 1.95091 -59.9521 28.6305
    endloop
  endfacet
  facet normal 0.0246392 -0.999696 0
    outer loop
      vertex 2.07764 -59.949 35.4684
      vertex 2.07764 -59.949 28.5316
      vertex 2.19936 -59.946 35.5734
    endloop
  endfacet
  facet normal 0.0246392 -0.999696 0
    outer loop
      vertex 2.19936 -59.946 28.4266
      vertex 2.19936 -59.946 35.5734
      vertex 2.07764 -59.949 28.5316
    endloop
  endfacet
  facet normal 0.0249042 -0.99969 0
    outer loop
      vertex 2.19936 -59.946 35.5734
      vertex 2.19936 -59.946 28.4266
      vertex 2.31577 -59.9431 35.6842
    endloop
  endfacet
  facet normal 0.0249042 -0.99969 0
    outer loop
      vertex 2.31577 -59.9431 28.3158
      vertex 2.31577 -59.9431 35.6842
      vertex 2.19936 -59.946 28.4266
    endloop
  endfacet
  facet normal 0.0243522 -0.999703 0
    outer loop
      vertex 2.31577 -59.9431 35.6842
      vertex 2.31577 -59.9431 28.3158
      vertex 2.42661 -59.9404 35.8006
    endloop
  endfacet
  facet normal 0.0243522 -0.999703 0
    outer loop
      vertex 2.42661 -59.9404 28.1994
      vertex 2.42661 -59.9404 35.8006
      vertex 2.31577 -59.9431 28.3158
    endloop
  endfacet
  facet normal 0.0238028 -0.999717 0
    outer loop
      vertex 2.42661 -59.9404 35.8006
      vertex 2.42661 -59.9404 28.1994
      vertex 2.53161 -59.9379 35.9224
    endloop
  endfacet
  facet normal 0.0238028 -0.999717 0
    outer loop
      vertex 2.53161 -59.9379 28.0776
      vertex 2.53161 -59.9379 35.9224
      vertex 2.42661 -59.9404 28.1994
    endloop
  endfacet
  facet normal 0.0252725 -0.999681 0
    outer loop
      vertex 2.53161 -59.9379 35.9224
      vertex 2.53161 -59.9379 28.0776
      vertex 2.6305 -59.9354 36.0491
    endloop
  endfacet
  facet normal 0.0252725 -0.999681 0
    outer loop
      vertex 2.6305 -59.9354 27.9509
      vertex 2.6305 -59.9354 36.0491
      vertex 2.53161 -59.9379 28.0776
    endloop
  endfacet
  facet normal 0.0237617 -0.999718 0
    outer loop
      vertex 2.6305 -59.9354 36.0491
      vertex 2.6305 -59.9354 27.9509
      vertex 2.72306 -59.9332 36.1805
    endloop
  endfacet
  facet normal 0.0237617 -0.999718 0
    outer loop
      vertex 2.72306 -59.9332 27.8195
      vertex 2.72306 -59.9332 36.1805
      vertex 2.6305 -59.9354 27.9509
    endloop
  endfacet
  facet normal 0.025573 -0.999673 0
    outer loop
      vertex 2.72306 -59.9332 36.1805
      vertex 2.72306 -59.9332 27.8195
      vertex 2.80906 -59.931 36.3163
    endloop
  endfacet
  facet normal 0.025573 -0.999673 0
    outer loop
      vertex 2.80906 -59.931 27.6837
      vertex 2.80906 -59.931 36.3163
      vertex 2.72306 -59.9332 27.8195
    endloop
  endfacet
  facet normal 0.0239739 -0.999713 0
    outer loop
      vertex 2.80906 -59.931 36.3163
      vertex 2.80906 -59.931 27.6837
      vertex 2.88829 -59.9291 36.4562
    endloop
  endfacet
  facet normal 0.0239739 -0.999713 0
    outer loop
      vertex 2.88829 -59.9291 27.5438
      vertex 2.88829 -59.9291 36.4562
      vertex 2.80906 -59.931 27.6837
    endloop
  endfacet
  facet normal 0.0250952 -0.999685 0
    outer loop
      vertex 2.88829 -59.9291 36.4562
      vertex 2.88829 -59.9291 27.5438
      vertex 2.94406 -59.9277 36.567
    endloop
  endfacet
  facet normal 0.0250952 -0.999685 0
    outer loop
      vertex 2.94406 -59.9277 36.567
      vertex 2.88829 -59.9291 27.5438
      vertex 2.94406 -59.9277 27.433
    endloop
  endfacet
  facet normal 0.492903 -0.870084 0
    outer loop
      vertex 28.2838 -52.9153 0
      vertex 30.8462 -51.4637 42
      vertex 28.2838 -52.9153 42
    endloop
  endfacet
  facet normal 0.492903 -0.870084 0
    outer loop
      vertex 30.8462 -51.4637 42
      vertex 28.2838 -52.9153 0
      vertex 30.8462 -51.4637 0
    endloop
  endfacet
  facet normal 0.615254 -0.788329 0
    outer loop
      vertex 35.742 -48.1925 0
      vertex 38.0636 -46.3806 42
      vertex 35.742 -48.1925 42
    endloop
  endfacet
  facet normal 0.615254 -0.788329 0
    outer loop
      vertex 38.0636 -46.3806 42
      vertex 35.742 -48.1925 0
      vertex 38.0636 -46.3806 0
    endloop
  endfacet
  facet normal 0.933001 0.359874 0
    outer loop
      vertex 55.4328 22.961 42
      vertex 55.8584 21.8576 8.1
      vertex 55.4328 22.961 8.1
    endloop
  endfacet
  facet normal 0.933 0.359876 0
    outer loop
      vertex 56.4926 20.2134 0
      vertex 55.8584 21.8576 5.27954
      vertex 55.8584 21.8576 8.1
    endloop
  endfacet
  facet normal 0.933 0.359875 -4.76799e-08
    outer loop
      vertex 56.4926 20.2134 42
      vertex 55.8584 21.8576 8.1
      vertex 55.4328 22.961 42
    endloop
  endfacet
  facet normal 0.933 0.359876 -0
    outer loop
      vertex 56.4926 20.2134 0
      vertex 55.8584 21.8576 8.1
      vertex 56.4926 20.2134 42
    endloop
  endfacet
  facet normal 0.933 0.359876 0
    outer loop
      vertex 55.8584 21.8576 5.27954
      vertex 56.4926 20.2134 0
      vertex 55.8584 21.8576 0
    endloop
  endfacet
  facet normal -0.0735497 0.997292 0
    outer loop
      vertex -2.94406 59.9277 0
      vertex -5.88103 59.7111 42
      vertex -2.94406 59.9277 42
    endloop
  endfacet
  facet normal -0.0735497 0.997292 0
    outer loop
      vertex -5.88103 59.7111 42
      vertex -2.94406 59.9277 0
      vertex -5.88103 59.7111 0
    endloop
  endfacet
  facet normal -0.992479 0.122413 0
    outer loop
      vertex -59.7111 5.88103 0
      vertex -59.3506 8.80383 42
      vertex -59.3506 8.80383 0
    endloop
  endfacet
  facet normal -0.992479 0.122413 0
    outer loop
      vertex -59.3506 8.80383 42
      vertex -59.7111 5.88103 0
      vertex -59.7111 5.88103 42
    endloop
  endfacet
  facet normal -0.975705 -0.219087 0
    outer loop
      vertex -58.2019 -14.5788 0
      vertex -58.8471 -11.7054 42
      vertex -58.8471 -11.7054 0
    endloop
  endfacet
  facet normal -0.975705 -0.219087 0
    outer loop
      vertex -58.8471 -11.7054 42
      vertex -58.2019 -14.5788 0
      vertex -58.2019 -14.5788 42
    endloop
  endfacet
  facet normal 0.788317 0.615269 0
    outer loop
      vertex 46.3806 38.0636 42
      vertex 46.8613 37.4477 8.1
      vertex 46.3806 38.0636 0
    endloop
  endfacet
  facet normal 0.788329 0.615254 4.39829e-07
    outer loop
      vertex 48.1925 35.742 42
      vertex 46.8613 37.4477 8.1
      vertex 46.3806 38.0636 42
    endloop
  endfacet
  facet normal 0.788333 0.615248 0
    outer loop
      vertex 46.8613 37.4477 8.1
      vertex 48.1925 35.742 42
      vertex 48.1925 35.742 8.1
    endloop
  endfacet
  facet normal 0.788317 0.615269 -0
    outer loop
      vertex 46.8613 37.4477 8.08548
      vertex 46.3806 38.0636 0
      vertex 46.8613 37.4477 8.1
    endloop
  endfacet
  facet normal 0.788317 0.615269 0
    outer loop
      vertex 46.3806 38.0636 0
      vertex 46.8613 37.4477 8.08548
      vertex 46.8613 37.4477 0
    endloop
  endfacet
  facet normal 0.963773 -0.266724 0
    outer loop
      vertex 57.4164 -17.4171 42
      vertex 58.2019 -14.5788 0
      vertex 58.2019 -14.5788 42
    endloop
  endfacet
  facet normal 0.963773 -0.266724 0
    outer loop
      vertex 58.2019 -14.5788 0
      vertex 57.4164 -17.4171 42
      vertex 57.4164 -17.4171 0
    endloop
  endfacet
  facet normal 0.492903 0.870084 -0
    outer loop
      vertex 30.8462 51.4637 0
      vertex 28.2838 52.9153 42
      vertex 30.8462 51.4637 42
    endloop
  endfacet
  facet normal 0.492903 0.870084 0
    outer loop
      vertex 28.2838 52.9153 42
      vertex 30.8462 51.4637 0
      vertex 28.2838 52.9153 0
    endloop
  endfacet
  facet normal 0.997292 -0.0735497 0
    outer loop
      vertex 59.7111 -5.88103 42
      vertex 59.9277 -2.94406 0
      vertex 59.9277 -2.94406 42
    endloop
  endfacet
  facet normal 0.997292 -0.0735497 0
    outer loop
      vertex 59.9277 -2.94406 0
      vertex 59.7111 -5.88103 42
      vertex 59.7111 -5.88103 0
    endloop
  endfacet
  facet normal 0.170972 0.985276 -0
    outer loop
      vertex 11.7054 58.8471 0
      vertex 8.80383 59.3506 42
      vertex 11.7054 58.8471 42
    endloop
  endfacet
  facet normal 0.170972 0.985276 0
    outer loop
      vertex 8.80383 59.3506 42
      vertex 11.7054 58.8471 0
      vertex 8.80383 59.3506 0
    endloop
  endfacet
  facet normal 0.689542 -0.724245 0
    outer loop
      vertex 40.2935 -44.4571 0
      vertex 42.4264 -42.4264 42
      vertex 40.2935 -44.4571 42
    endloop
  endfacet
  facet normal 0.689542 -0.724245 0
    outer loop
      vertex 42.4264 -42.4264 42
      vertex 40.2935 -44.4571 0
      vertex 42.4264 -42.4264 0
    endloop
  endfacet
  facet normal -0.870084 -0.492903 0
    outer loop
      vertex -51.4637 -30.8462 0
      vertex -52.9153 -28.2838 42
      vertex -52.9153 -28.2838 0
    endloop
  endfacet
  facet normal -0.870084 -0.492903 0
    outer loop
      vertex -52.9153 -28.2838 42
      vertex -51.4637 -30.8462 0
      vertex -51.4637 -30.8462 42
    endloop
  endfacet
  facet normal -0.914212 -0.405237 0
    outer loop
      vertex -54.2394 -25.6533 0
      vertex -55.4328 -22.961 42
      vertex -55.4328 -22.961 0
    endloop
  endfacet
  facet normal -0.914212 -0.405237 0
    outer loop
      vertex -55.4328 -22.961 42
      vertex -54.2394 -25.6533 0
      vertex -54.2394 -25.6533 42
    endloop
  endfacet
  facet normal 0.985276 -0.170972 0
    outer loop
      vertex 58.8471 -11.7054 42
      vertex 59.3506 -8.80383 0
      vertex 59.3506 -8.80383 42
    endloop
  endfacet
  facet normal 0.985276 -0.170972 0
    outer loop
      vertex 59.3506 -8.80383 0
      vertex 58.8471 -11.7054 42
      vertex 58.8471 -11.7054 0
    endloop
  endfacet
  facet normal -0.914212 0.405237 0
    outer loop
      vertex -55.4328 22.961 8.1
      vertex -54.2394 25.6533 42
      vertex -54.2394 25.6533 8.1
    endloop
  endfacet
  facet normal -0.914212 0.405237 0
    outer loop
      vertex -54.2394 25.6533 42
      vertex -55.4328 22.961 8.1
      vertex -55.4328 22.961 42
    endloop
  endfacet
  facet normal -0.31369 0.949525 0
    outer loop
      vertex -17.4171 57.4164 0
      vertex -20.2134 56.4926 42
      vertex -17.4171 57.4164 42
    endloop
  endfacet
  facet normal -0.31369 0.949525 0
    outer loop
      vertex -20.2134 56.4926 42
      vertex -17.4171 57.4164 0
      vertex -20.2134 56.4926 0
    endloop
  endfacet
  facet normal 0.914212 0.405237 0
    outer loop
      vertex 55.4328 22.961 42
      vertex 54.2394 25.6533 8.1
      vertex 54.2394 25.6533 42
    endloop
  endfacet
  facet normal 0.914212 0.405237 0
    outer loop
      vertex 54.2394 25.6533 8.1
      vertex 55.4328 22.961 42
      vertex 55.4328 22.961 8.1
    endloop
  endfacet
  facet normal 0.757213 0.653168 0
    outer loop
      vertex 46.3806 38.0636 42
      vertex 44.4571 40.2935 0
      vertex 44.4571 40.2935 42
    endloop
  endfacet
  facet normal 0.757213 0.653168 0
    outer loop
      vertex 44.4571 40.2935 0
      vertex 46.3806 38.0636 42
      vertex 46.3806 38.0636 0
    endloop
  endfacet
  facet normal -0.0735497 -0.997292 0
    outer loop
      vertex -5.88103 -59.7111 42
      vertex -2.94406 -59.9277 39.433
      vertex -2.94406 -59.9277 42
    endloop
  endfacet
  facet normal -0.0732401 -0.997314 0.000356216
    outer loop
      vertex -5.88103 -59.7111 42
      vertex -2.96056 -59.9265 39.4002
      vertex -2.94406 -59.9277 39.433
    endloop
  endfacet
  facet normal -0.0735332 -0.997293 2.50892e-05
    outer loop
      vertex -5.88103 -59.7111 42
      vertex -3.02571 -59.9217 39.2533
      vertex -2.96056 -59.9265 39.4002
    endloop
  endfacet
  facet normal -0.0737111 -0.99728 -0.000160779
    outer loop
      vertex -5.88103 -59.7111 42
      vertex -3.08356 -59.9174 39.1033
      vertex -3.02571 -59.9217 39.2533
    endloop
  endfacet
  facet normal -0.0734541 -0.997299 8.87854e-05
    outer loop
      vertex -5.88103 -59.7111 42
      vertex -3.13398 -59.9137 38.9507
      vertex -3.08356 -59.9174 39.1033
    endloop
  endfacet
  facet normal -0.0732163 -0.997316 0.000304098
    outer loop
      vertex -5.88103 -59.7111 42
      vertex -3.17685 -59.9106 38.7958
      vertex -3.13398 -59.9137 38.9507
    endloop
  endfacet
  facet normal -0.0735845 -0.997289 -8.31418e-06
    outer loop
      vertex -5.88103 -59.7111 42
      vertex -3.21207 -59.908 38.6389
      vertex -3.17685 -59.9106 38.7958
    endloop
  endfacet
  facet normal -0.0740445 -0.997255 -0.000375581
    outer loop
      vertex -5.88103 -59.7111 42
      vertex -3.23955 -59.9059 38.4805
      vertex -3.21207 -59.908 38.6389
    endloop
  endfacet
  facet normal -0.0731815 -0.997319 0.00027565
    outer loop
      vertex -5.88103 -59.7111 42
      vertex -3.25923 -59.9045 38.321
      vertex -3.23955 -59.9059 38.4805
    endloop
  endfacet
  facet normal -0.0737872 -0.997274 -0.000158339
    outer loop
      vertex -5.88103 -59.7111 42
      vertex -3.27105 -59.9036 38.1607
      vertex -3.25923 -59.9045 38.321
    endloop
  endfacet
  facet normal -0.0736315 -0.997286 -5.19056e-05
    outer loop
      vertex -5.88103 -59.7111 42
      vertex -3.275 -59.9033 38
      vertex -3.27105 -59.9036 38.1607
    endloop
  endfacet
  facet normal -0.0734668 -0.997298 5.59764e-05
    outer loop
      vertex -5.88103 -59.7111 42
      vertex -3.27105 -59.9036 37.8393
      vertex -3.275 -59.9033 38
    endloop
  endfacet
  facet normal -0.0732402 -0.997314 0.000198901
    outer loop
      vertex -5.88103 -59.7111 42
      vertex -3.25923 -59.9045 37.679
      vertex -3.27105 -59.9036 37.8393
    endloop
  endfacet
  facet normal -0.0742315 -0.997241 -0.000405889
    outer loop
      vertex -5.88103 -59.7111 42
      vertex -3.23955 -59.9059 37.5195
      vertex -3.25923 -59.9045 37.679
    endloop
  endfacet
  facet normal -0.0724413 -0.997372 0.000655277
    outer loop
      vertex -5.88103 -59.7111 42
      vertex -3.21207 -59.908 37.3611
      vertex -3.23955 -59.9059 37.5195
    endloop
  endfacet
  facet normal -0.0735439 -0.997292 1.74873e-05
    outer loop
      vertex -5.88103 -59.7111 42
      vertex -3.17685 -59.9106 37.2042
      vertex -3.21207 -59.908 37.3611
    endloop
  endfacet
  facet normal -0.0749734 -0.997185 -0.000792988
    outer loop
      vertex -5.88103 -59.7111 42
      vertex -3.13398 -59.9137 37.0493
      vertex -3.17685 -59.9106 37.2042
    endloop
  endfacet
  facet normal -0.0740897 -0.997252 -0.000299948
    outer loop
      vertex -5.88103 -59.7111 42
      vertex -3.08356 -59.9174 36.8967
      vertex -3.13398 -59.9137 37.0493
    endloop
  endfacet
  facet normal -0.0735455 -0.997292 0
    outer loop
      vertex -3.08356 -59.9174 27.1033
      vertex -3.08356 -59.9174 36.8967
      vertex -5.88103 -59.7111 42
    endloop
  endfacet
  facet normal -0.0741257 -0.997249 -0
    outer loop
      vertex -3.08356 -59.9174 36.8967
      vertex -3.08356 -59.9174 27.1033
      vertex -3.02571 -59.9217 36.7467
    endloop
  endfacet
  facet normal -0.0741257 -0.997249 0
    outer loop
      vertex -3.02571 -59.9217 27.2533
      vertex -3.02571 -59.9217 36.7467
      vertex -3.08356 -59.9174 27.1033
    endloop
  endfacet
  facet normal -0.073477 -0.997297 -0
    outer loop
      vertex -3.02571 -59.9217 36.7467
      vertex -3.02571 -59.9217 27.2533
      vertex -2.96056 -59.9265 36.5998
    endloop
  endfacet
  facet normal -0.0725357 -0.997366 -0
    outer loop
      vertex -2.94406 -59.9277 36.567
      vertex -2.96056 -59.9265 27.4002
      vertex -2.94406 -59.9277 27.433
    endloop
  endfacet
  facet normal -0.0725357 -0.997366 -0
    outer loop
      vertex -2.96056 -59.9265 36.5998
      vertex -2.96056 -59.9265 27.4002
      vertex -2.94406 -59.9277 36.567
    endloop
  endfacet
  facet normal -0.073477 -0.997297 0
    outer loop
      vertex -2.96056 -59.9265 27.4002
      vertex -2.96056 -59.9265 36.5998
      vertex -3.02571 -59.9217 27.2533
    endloop
  endfacet
  facet normal -0.0733168 -0.997309 4.31837e-05
    outer loop
      vertex -5.88103 -59.7111 42
      vertex -3.13398 -59.9137 26.9507
      vertex -3.08356 -59.9174 27.1033
    endloop
  endfacet
  facet normal -0.0726912 -0.997354 0.000157991
    outer loop
      vertex -5.88103 -59.7111 42
      vertex -3.17685 -59.9106 26.7958
      vertex -3.13398 -59.9137 26.9507
    endloop
  endfacet
  facet normal -0.0736007 -0.997288 -4.65301e-06
    outer loop
      vertex -5.88103 -59.7111 42
      vertex -3.21207 -59.908 26.6389
      vertex -3.17685 -59.9106 26.7958
    endloop
  endfacet
  facet normal -0.0748848 -0.997192 -0.000228977
    outer loop
      vertex -5.88103 -59.7111 42
      vertex -3.23955 -59.9059 26.4805
      vertex -3.21207 -59.908 26.6389
    endloop
  endfacet
  facet normal -0.0724594 -0.997371 0.000186085
    outer loop
      vertex -5.88103 -59.7111 42
      vertex -3.25923 -59.9045 26.321
      vertex -3.23955 -59.9059 26.4805
    endloop
  endfacet
  facet normal -0.0742874 -0.997237 -0.000121249
    outer loop
      vertex -5.88103 -59.7111 42
      vertex -3.27105 -59.9036 26.1607
      vertex -3.25923 -59.9045 26.321
    endloop
  endfacet
  facet normal -0.073838 -0.99727 -4.68004e-05
    outer loop
      vertex -5.88103 -59.7111 42
      vertex -3.275 -59.9033 26
      vertex -3.27105 -59.9036 26.1607
    endloop
  endfacet
  facet normal -0.0731649 -0.99732 6.34395e-05
    outer loop
      vertex -5.88103 -59.7111 42
      vertex -3.27105 -59.9036 25.8393
      vertex -3.275 -59.9033 26
    endloop
  endfacet
  facet normal -0.0735556 -0.997291 0
    outer loop
      vertex -5.88103 -59.7111 8.1
      vertex -3.27105 -59.9036 25.8393
      vertex -5.88103 -59.7111 42
    endloop
  endfacet
  facet normal -0.0743459 -0.997233 0.000116913
    outer loop
      vertex -3.27105 -59.9036 25.8393
      vertex -5.88103 -59.7111 8.1
      vertex -3.25923 -59.9045 25.679
    endloop
  endfacet
  facet normal -0.072386 -0.997377 -0.00017698
    outer loop
      vertex -3.25923 -59.9045 25.679
      vertex -5.88103 -59.7111 8.1
      vertex -3.23955 -59.9059 25.5195
    endloop
  endfacet
  facet normal -0.0749612 -0.997186 0.000215649
    outer loop
      vertex -5.88103 -59.7111 8.1
      vertex -3.21207 -59.908 25.3611
      vertex -3.23955 -59.9059 25.5195
    endloop
  endfacet
  facet normal -0.0736021 -0.997288 4.34973e-06
    outer loop
      vertex -5.88103 -59.7111 8.1
      vertex -3.17685 -59.9106 25.2042
      vertex -3.21207 -59.908 25.3611
    endloop
  endfacet
  facet normal -0.0726511 -0.997357 -0.000146822
    outer loop
      vertex -5.88103 -59.7111 8.1
      vertex -3.13398 -59.9137 25.0493
      vertex -3.17685 -59.9106 25.2042
    endloop
  endfacet
  facet normal -0.073307 -0.997309 -3.9936e-05
    outer loop
      vertex -5.88103 -59.7111 8.1
      vertex -3.08356 -59.9174 24.8967
      vertex -3.13398 -59.9137 25.0493
    endloop
  endfacet
  facet normal -0.0739507 -0.997262 6.78546e-05
    outer loop
      vertex -5.88103 -59.7111 8.1
      vertex -3.02571 -59.9217 24.7467
      vertex -3.08356 -59.9174 24.8967
    endloop
  endfacet
  facet normal -0.0734994 -0.997295 -9.98238e-06
    outer loop
      vertex -5.88103 -59.7111 8.1
      vertex -2.96056 -59.9265 24.5998
      vertex -3.02571 -59.9217 24.7467
    endloop
  endfacet
  facet normal -0.0728011 -0.997346 -0.000134238
    outer loop
      vertex -5.88103 -59.7111 8.1
      vertex -2.94406 -59.9277 24.567
      vertex -2.96056 -59.9265 24.5998
    endloop
  endfacet
  facet normal -0.0735497 -0.997292 -0
    outer loop
      vertex -2.94406 -59.9277 24.567
      vertex -5.88103 -59.7111 8.1
      vertex -2.94406 -59.9277 8.1
    endloop
  endfacet
  facet normal 0.0245505 0.999699 -0
    outer loop
      vertex 2.94406 59.9277 0
      vertex 0 60 42
      vertex 2.94406 59.9277 42
    endloop
  endfacet
  facet normal 0.0245505 0.999699 0
    outer loop
      vertex 0 60 42
      vertex 2.94406 59.9277 0
      vertex 0 60 0
    endloop
  endfacet
  facet normal -0.893222 0.449616 0
    outer loop
      vertex -54.2394 25.6533 8.1
      vertex -52.9153 28.2838 42
      vertex -52.9153 28.2838 8.1
    endloop
  endfacet
  facet normal -0.893222 0.449616 0
    outer loop
      vertex -52.9153 28.2838 42
      vertex -54.2394 25.6533 8.1
      vertex -54.2394 25.6533 42
    endloop
  endfacet
  facet normal -0.689542 -0.724245 0
    outer loop
      vertex -42.4264 -42.4264 0
      vertex -40.2935 -44.4571 42
      vertex -42.4264 -42.4264 42
    endloop
  endfacet
  facet normal -0.689542 -0.724245 -0
    outer loop
      vertex -40.2935 -44.4571 42
      vertex -42.4264 -42.4264 0
      vertex -40.2935 -44.4571 0
    endloop
  endfacet
  facet normal -0.724245 -0.689542 0
    outer loop
      vertex -42.4264 -42.4264 0
      vertex -44.4571 -40.2935 42
      vertex -44.4571 -40.2935 0
    endloop
  endfacet
  facet normal -0.724245 -0.689542 0
    outer loop
      vertex -44.4571 -40.2935 42
      vertex -42.4264 -42.4264 0
      vertex -42.4264 -42.4264 42
    endloop
  endfacet
  facet normal -0.788317 0.615269 0
    outer loop
      vertex -46.8613 37.4477 8.08548
      vertex -46.3806 38.0636 0
      vertex -46.8613 37.4477 0
    endloop
  endfacet
  facet normal -0.788317 0.615269 0
    outer loop
      vertex -46.8613 37.4477 8.1
      vertex -46.3806 38.0636 0
      vertex -46.8613 37.4477 8.08548
    endloop
  endfacet
  facet normal -0.788317 0.615269 0
    outer loop
      vertex -46.3806 38.0636 0
      vertex -46.8613 37.4477 8.1
      vertex -46.3806 38.0636 42
    endloop
  endfacet
  facet normal -0.788333 0.615248 0
    outer loop
      vertex -48.1925 35.742 42
      vertex -46.8613 37.4477 8.1
      vertex -48.1925 35.742 8.1
    endloop
  endfacet
  facet normal -0.788329 0.615254 4.39829e-07
    outer loop
      vertex -46.8613 37.4477 8.1
      vertex -48.1925 35.742 42
      vertex -46.3806 38.0636 42
    endloop
  endfacet
  facet normal -0.359875 -0.933 0
    outer loop
      vertex -22.961 -55.4328 0
      vertex -20.2134 -56.4926 42
      vertex -22.961 -55.4328 42
    endloop
  endfacet
  facet normal -0.359875 -0.933 -0
    outer loop
      vertex -20.2134 -56.4926 42
      vertex -22.961 -55.4328 0
      vertex -20.2134 -56.4926 0
    endloop
  endfacet
  facet normal 0.975705 0.219087 0
    outer loop
      vertex 58.8471 11.7054 42
      vertex 58.2019 14.5788 0
      vertex 58.2019 14.5788 42
    endloop
  endfacet
  facet normal 0.975705 0.219087 0
    outer loop
      vertex 58.2019 14.5788 0
      vertex 58.8471 11.7054 42
      vertex 58.8471 11.7054 0
    endloop
  endfacet
  facet normal 0.689542 0.724245 -0
    outer loop
      vertex 42.4264 42.4264 0
      vertex 40.2935 44.4571 42
      vertex 42.4264 42.4264 42
    endloop
  endfacet
  facet normal 0.689542 0.724245 0
    outer loop
      vertex 40.2935 44.4571 42
      vertex 42.4264 42.4264 0
      vertex 40.2935 44.4571 0
    endloop
  endfacet
  facet normal -0.963773 0.266724 0
    outer loop
      vertex -58.2019 14.5788 0
      vertex -57.4164 17.4171 42
      vertex -57.4164 17.4171 0
    endloop
  endfacet
  facet normal -0.963773 0.266724 0
    outer loop
      vertex -57.4164 17.4171 42
      vertex -58.2019 14.5788 0
      vertex -58.2019 14.5788 42
    endloop
  endfacet
  facet normal 0.534996 -0.844855 0
    outer loop
      vertex 30.8462 -51.4637 0
      vertex 33.3342 -49.8882 42
      vertex 30.8462 -51.4637 42
    endloop
  endfacet
  facet normal 0.534996 -0.844855 0
    outer loop
      vertex 33.3342 -49.8882 42
      vertex 30.8462 -51.4637 0
      vertex 33.3342 -49.8882 0
    endloop
  endfacet
  facet normal -0.534996 0.844855 0
    outer loop
      vertex -30.8462 51.4637 0
      vertex -33.3342 49.8882 42
      vertex -30.8462 51.4637 42
    endloop
  endfacet
  facet normal -0.534996 0.844855 0
    outer loop
      vertex -33.3342 49.8882 42
      vertex -30.8462 51.4637 0
      vertex -33.3342 49.8882 0
    endloop
  endfacet
  facet normal 0.870084 -0.492903 0
    outer loop
      vertex 51.4637 -30.8462 42
      vertex 52.9153 -28.2838 0
      vertex 52.9153 -28.2838 42
    endloop
  endfacet
  facet normal 0.870084 -0.492903 0
    outer loop
      vertex 52.9153 -28.2838 0
      vertex 51.4637 -30.8462 42
      vertex 51.4637 -30.8462 0
    endloop
  endfacet
  facet normal -0.0245505 0.999699 0
    outer loop
      vertex 0 60 0
      vertex -2.94406 59.9277 42
      vertex 0 60 42
    endloop
  endfacet
  facet normal -0.0245505 0.999699 0
    outer loop
      vertex -2.94406 59.9277 42
      vertex 0 60 0
      vertex -2.94406 59.9277 0
    endloop
  endfacet
  facet normal 0.0735497 0.997292 -0
    outer loop
      vertex 5.88103 59.7111 0
      vertex 2.94406 59.9277 42
      vertex 5.88103 59.7111 42
    endloop
  endfacet
  facet normal 0.0735497 0.997292 0
    outer loop
      vertex 2.94406 59.9277 42
      vertex 5.88103 59.7111 0
      vertex 2.94406 59.9277 0
    endloop
  endfacet
  facet normal -0.615254 0.788329 0
    outer loop
      vertex -35.742 48.1925 0
      vertex -38.0636 46.3806 42
      vertex -35.742 48.1925 42
    endloop
  endfacet
  facet normal -0.615254 0.788329 0
    outer loop
      vertex -38.0636 46.3806 42
      vertex -35.742 48.1925 0
      vertex -38.0636 46.3806 0
    endloop
  endfacet
  facet normal -0.405237 -0.914212 0
    outer loop
      vertex -25.6533 -54.2394 0
      vertex -22.961 -55.4328 42
      vertex -25.6533 -54.2394 42
    endloop
  endfacet
  facet normal -0.405237 -0.914212 -0
    outer loop
      vertex -22.961 -55.4328 42
      vertex -25.6533 -54.2394 0
      vertex -22.961 -55.4328 0
    endloop
  endfacet
  facet normal -0.689542 0.724245 0
    outer loop
      vertex -40.2935 44.4571 0
      vertex -42.4264 42.4264 42
      vertex -40.2935 44.4571 42
    endloop
  endfacet
  facet normal -0.689542 0.724245 0
    outer loop
      vertex -42.4264 42.4264 42
      vertex -40.2935 44.4571 0
      vertex -42.4264 42.4264 0
    endloop
  endfacet
  facet normal -0.997292 -0.0735497 0
    outer loop
      vertex -59.7111 -5.88103 0
      vertex -59.9277 -2.94406 42
      vertex -59.9277 -2.94406 0
    endloop
  endfacet
  facet normal -0.997292 -0.0735497 0
    outer loop
      vertex -59.9277 -2.94406 42
      vertex -59.7111 -5.88103 0
      vertex -59.7111 -5.88103 42
    endloop
  endfacet
  facet normal -0.653168 0.757213 0
    outer loop
      vertex -38.0636 46.3806 0
      vertex -40.2935 44.4571 42
      vertex -38.0636 46.3806 42
    endloop
  endfacet
  facet normal -0.653168 0.757213 0
    outer loop
      vertex -40.2935 44.4571 42
      vertex -38.0636 46.3806 0
      vertex -40.2935 44.4571 0
    endloop
  endfacet
  facet normal 0.219087 -0.975705 0
    outer loop
      vertex 11.7054 -58.8471 0
      vertex 14.5788 -58.2019 42
      vertex 11.7054 -58.8471 42
    endloop
  endfacet
  facet normal 0.219087 -0.975705 0
    outer loop
      vertex 14.5788 -58.2019 42
      vertex 11.7054 -58.8471 0
      vertex 14.5788 -58.2019 0
    endloop
  endfacet
  facet normal -0.949525 -0.31369 0
    outer loop
      vertex -56.4926 -20.2134 0
      vertex -57.4164 -17.4171 42
      vertex -57.4164 -17.4171 0
    endloop
  endfacet
  facet normal -0.949525 -0.31369 0
    outer loop
      vertex -57.4164 -17.4171 42
      vertex -56.4926 -20.2134 0
      vertex -56.4926 -20.2134 42
    endloop
  endfacet
  facet normal -0.653168 -0.757213 0
    outer loop
      vertex -40.2935 -44.4571 0
      vertex -38.0636 -46.3806 42
      vertex -40.2935 -44.4571 42
    endloop
  endfacet
  facet normal -0.653168 -0.757213 -0
    outer loop
      vertex -38.0636 -46.3806 42
      vertex -40.2935 -44.4571 0
      vertex -38.0636 -46.3806 0
    endloop
  endfacet
  facet normal -0.817595 -0.575794 0
    outer loop
      vertex -48.1925 -35.742 0
      vertex -49.8882 -33.3342 42
      vertex -49.8882 -33.3342 0
    endloop
  endfacet
  facet normal -0.817595 -0.575794 0
    outer loop
      vertex -49.8882 -33.3342 42
      vertex -48.1925 -35.742 0
      vertex -48.1925 -35.742 42
    endloop
  endfacet
  facet normal 0.266724 0.963773 -0
    outer loop
      vertex 17.4171 57.4164 0
      vertex 14.5788 58.2019 42
      vertex 17.4171 57.4164 42
    endloop
  endfacet
  facet normal 0.266724 0.963773 0
    outer loop
      vertex 14.5788 58.2019 42
      vertex 17.4171 57.4164 0
      vertex 14.5788 58.2019 0
    endloop
  endfacet
  facet normal 0.893222 -0.449616 0
    outer loop
      vertex 52.9153 -28.2838 42
      vertex 54.2394 -25.6533 0
      vertex 54.2394 -25.6533 42
    endloop
  endfacet
  facet normal 0.893222 -0.449616 0
    outer loop
      vertex 54.2394 -25.6533 0
      vertex 52.9153 -28.2838 42
      vertex 52.9153 -28.2838 0
    endloop
  endfacet
  facet normal -0.492903 -0.870084 0
    outer loop
      vertex -30.8462 -51.4637 0
      vertex -28.2838 -52.9153 42
      vertex -30.8462 -51.4637 42
    endloop
  endfacet
  facet normal -0.492903 -0.870084 -0
    outer loop
      vertex -28.2838 -52.9153 42
      vertex -30.8462 -51.4637 0
      vertex -28.2838 -52.9153 0
    endloop
  endfacet
  facet normal -0.992479 -0.122413 0
    outer loop
      vertex -59.3506 -8.80383 0
      vertex -59.7111 -5.88103 42
      vertex -59.7111 -5.88103 0
    endloop
  endfacet
  facet normal -0.992479 -0.122413 0
    outer loop
      vertex -59.7111 -5.88103 42
      vertex -59.3506 -8.80383 0
      vertex -59.3506 -8.80383 42
    endloop
  endfacet
  facet normal -0.266724 -0.963773 0
    outer loop
      vertex -17.4171 -57.4164 0
      vertex -14.5788 -58.2019 42
      vertex -17.4171 -57.4164 42
    endloop
  endfacet
  facet normal -0.266724 -0.963773 -0
    outer loop
      vertex -14.5788 -58.2019 42
      vertex -17.4171 -57.4164 0
      vertex -14.5788 -58.2019 0
    endloop
  endfacet
  facet normal -0.0245505 -0.999699 5.39973e-05
    outer loop
      vertex -0.950682 -59.9767 41.134
      vertex 0 -60 42
      vertex -2.94406 -59.9277 42
    endloop
  endfacet
  facet normal -0.0242623 -0.999706 -0
    outer loop
      vertex 0 -60 42
      vertex -0.160696 -59.9961 41.2711
      vertex 0 -60 41.275
    endloop
  endfacet
  facet normal -0.0249552 -0.999689 0.000152861
    outer loop
      vertex 0 -60 42
      vertex -0.321006 -59.9921 41.2592
      vertex -0.160696 -59.9961 41.2711
    endloop
  endfacet
  facet normal -0.0244294 -0.999702 -7.51479e-05
    outer loop
      vertex 0 -60 42
      vertex -0.480542 -59.9882 41.2396
      vertex -0.321006 -59.9921 41.2592
    endloop
  endfacet
  facet normal -0.0246255 -0.999697 4.88732e-05
    outer loop
      vertex 0 -60 42
      vertex -0.638921 -59.9843 41.2121
      vertex -0.480542 -59.9882 41.2396
    endloop
  endfacet
  facet normal -0.0241453 -0.999708 -0.000340778
    outer loop
      vertex 0 -60 42
      vertex -0.795759 -59.9805 41.1769
      vertex -0.638921 -59.9843 41.2121
    endloop
  endfacet
  facet normal -0.0245295 -0.999699 3.08938e-05
    outer loop
      vertex 0 -60 42
      vertex -0.950682 -59.9767 41.134
      vertex -0.795759 -59.9805 41.1769
    endloop
  endfacet
  facet normal -0.0247532 -0.999694 -0.000412801
    outer loop
      vertex -2.94406 -59.9277 42
      vertex -1.10331 -59.9729 41.0836
      vertex -0.950682 -59.9767 41.134
    endloop
  endfacet
  facet normal -0.0246124 -0.999697 -0.000129781
    outer loop
      vertex -2.94406 -59.9277 42
      vertex -1.25329 -59.9692 41.0257
      vertex -1.10331 -59.9729 41.0836
    endloop
  endfacet
  facet normal -0.0245111 -0.9997 4.60014e-05
    outer loop
      vertex -2.94406 -59.9277 42
      vertex -1.40024 -59.9656 40.9606
      vertex -1.25329 -59.9692 41.0257
    endloop
  endfacet
  facet normal -0.0244433 -0.999701 0.000146827
    outer loop
      vertex -2.94406 -59.9277 42
      vertex -1.54382 -59.9621 40.8883
      vertex -1.40024 -59.9656 40.9606
    endloop
  endfacet
  facet normal -0.0244088 -0.999702 0.000190309
    outer loop
      vertex -2.94406 -59.9277 42
      vertex -1.68369 -59.9587 40.8091
      vertex -1.54382 -59.9621 40.8883
    endloop
  endfacet
  facet normal -0.0248522 -0.999691 -0.000279268
    outer loop
      vertex -2.94406 -59.9277 42
      vertex -1.81949 -59.9553 40.7231
      vertex -1.68369 -59.9587 40.8091
    endloop
  endfacet
  facet normal -0.0244162 -0.999702 0.000105019
    outer loop
      vertex -2.94406 -59.9277 42
      vertex -1.95091 -59.9521 40.6305
      vertex -1.81949 -59.9553 40.7231
    endloop
  endfacet
  facet normal -0.0244927 -0.9997 4.94628e-05
    outer loop
      vertex -2.94406 -59.9277 42
      vertex -2.07764 -59.949 40.5316
      vertex -1.95091 -59.9521 40.6305
    endloop
  endfacet
  facet normal -0.0246181 -0.999697 -2.45525e-05
    outer loop
      vertex -2.94406 -59.9277 42
      vertex -2.19936 -59.946 40.4266
      vertex -2.07764 -59.949 40.5316
    endloop
  endfacet
  facet normal -0.0247993 -0.999692 -0.000110354
    outer loop
      vertex -2.94406 -59.9277 42
      vertex -2.31577 -59.9431 40.3158
      vertex -2.19936 -59.946 40.4266
    endloop
  endfacet
  facet normal -0.0243948 -0.999702 4.06061e-05
    outer loop
      vertex -2.94406 -59.9277 42
      vertex -2.42661 -59.9404 40.1994
      vertex -2.31577 -59.9431 40.3158
    endloop
  endfacet
  facet normal -0.0239861 -0.999712 0.000158133
    outer loop
      vertex -2.94406 -59.9277 42
      vertex -2.53161 -59.9379 40.0776
      vertex -2.42661 -59.9404 40.1994
    endloop
  endfacet
  facet normal -0.025154 -0.999684 -9.25878e-05
    outer loop
      vertex -2.94406 -59.9277 42
      vertex -2.6305 -59.9354 39.9509
      vertex -2.53161 -59.9379 40.0776
    endloop
  endfacet
  facet normal -0.0239022 -0.999714 9.90766e-05
    outer loop
      vertex -2.94406 -59.9277 42
      vertex -2.72306 -59.9332 39.8195
      vertex -2.6305 -59.9354 39.9509
    endloop
  endfacet
  facet normal -0.0254773 -0.999675 -6.06602e-05
    outer loop
      vertex -2.94406 -59.9277 42
      vertex -2.80906 -59.931 39.6837
      vertex -2.72306 -59.9332 39.8195
    endloop
  endfacet
  facet normal -0.0240171 -0.999712 2.44931e-05
    outer loop
      vertex -2.94406 -59.9277 42
      vertex -2.88829 -59.9291 39.5438
      vertex -2.80906 -59.931 39.6837
    endloop
  endfacet
  facet normal -0.0250952 -0.999685 0
    outer loop
      vertex -2.88829 -59.9291 39.5438
      vertex -2.94406 -59.9277 42
      vertex -2.94406 -59.9277 39.433
    endloop
  endfacet
  facet normal -0.0250952 -0.999685 0
    outer loop
      vertex -2.94406 -59.9277 8.1
      vertex -2.88829 -59.9291 24.4562
      vertex -2.94406 -59.9277 24.567
    endloop
  endfacet
  facet normal -0.0239806 -0.999712 -3.80268e-06
    outer loop
      vertex -2.94406 -59.9277 8.1
      vertex -2.80906 -59.931 24.3163
      vertex -2.88829 -59.9291 24.4562
    endloop
  endfacet
  facet normal -0.0255583 -0.999673 9.33921e-06
    outer loop
      vertex -2.94406 -59.9277 8.1
      vertex -2.72306 -59.9332 24.1805
      vertex -2.80906 -59.931 24.3163
    endloop
  endfacet
  facet normal -0.023783 -0.999717 -1.50737e-05
    outer loop
      vertex -2.94406 -59.9277 8.1
      vertex -2.6305 -59.9354 24.0491
      vertex -2.72306 -59.9332 24.1805
    endloop
  endfacet
  facet normal -0.0252548 -0.999681 1.3878e-05
    outer loop
      vertex -2.94406 -59.9277 8.1
      vertex -2.53161 -59.9379 23.9224
      vertex -2.6305 -59.9354 24.0491
    endloop
  endfacet
  facet normal -0.0238298 -0.999716 -2.32905e-05
    outer loop
      vertex -2.94406 -59.9277 8.1
      vertex -2.42661 -59.9404 23.8006
      vertex -2.53161 -59.9379 23.9224
    endloop
  endfacet
  facet normal -0.0243584 -0.999703 -5.85946e-06
    outer loop
      vertex -2.94406 -59.9277 8.1
      vertex -2.31577 -59.9431 23.6842
      vertex -2.42661 -59.9404 23.8006
    endloop
  endfacet
  facet normal -0.0248894 -0.99969 1.55634e-05
    outer loop
      vertex -2.94406 -59.9277 8.1
      vertex -2.19936 -59.946 23.5734
      vertex -2.31577 -59.9431 23.6842
    endloop
  endfacet
  facet normal -0.0246363 -0.999696 3.37578e-06
    outer loop
      vertex -2.94406 -59.9277 8.1
      vertex -2.07764 -59.949 23.4684
      vertex -2.19936 -59.946 23.5734
    endloop
  endfacet
  facet normal -0.0244593 -0.999701 -6.61132e-06
    outer loop
      vertex -2.94406 -59.9277 8.1
      vertex -1.95091 -59.9521 23.3695
      vertex -2.07764 -59.949 23.4684
    endloop
  endfacet
  facet normal -0.0243518 -0.999703 -1.36083e-05
    outer loop
      vertex -2.94406 -59.9277 8.1
      vertex -1.81949 -59.9553 23.2769
      vertex -1.95091 -59.9521 23.3695
    endloop
  endfacet
  facet normal -0.0250068 -0.999687 3.496e-05
    outer loop
      vertex -2.94406 -59.9277 8.1
      vertex -1.68369 -59.9587 23.1909
      vertex -1.81949 -59.9553 23.2769
    endloop
  endfacet
  facet normal -0.0243141 -0.999704 -2.29337e-05
    outer loop
      vertex -2.94406 -59.9277 8.1
      vertex -1.54382 -59.9621 23.1117
      vertex -1.68369 -59.9587 23.1909
    endloop
  endfacet
  facet normal -0.024378 -0.999703 -1.69726e-05
    outer loop
      vertex -2.94406 -59.9277 8.1
      vertex -1.40024 -59.9656 23.0394
      vertex -1.54382 -59.9621 23.1117
    endloop
  endfacet
  facet normal -0.024493 -0.9997 -5.07416e-06
    outer loop
      vertex -2.94406 -59.9277 8.1
      vertex -1.25329 -59.9692 22.9743
      vertex -1.40024 -59.9656 23.0394
    endloop
  endfacet
  facet normal -0.0246572 -0.999696 1.35993e-05
    outer loop
      vertex -2.94406 -59.9277 8.1
      vertex -1.10331 -59.9729 22.9164
      vertex -1.25329 -59.9692 22.9743
    endloop
  endfacet
  facet normal -0.024876 -0.999691 4.07934e-05
    outer loop
      vertex -2.94406 -59.9277 8.1
      vertex -0.950682 -59.9767 22.866
      vertex -1.10331 -59.9729 22.9164
    endloop
  endfacet
  facet normal -0.0245228 -0.999699 -6.90473e-06
    outer loop
      vertex -2.94406 -59.9277 8.1
      vertex -0.795759 -59.9805 22.8231
      vertex -0.950682 -59.9767 22.866
    endloop
  endfacet
  facet normal -0.0242328 -0.999706 -4.92578e-05
    outer loop
      vertex -2.94406 -59.9277 8.1
      vertex -0.638921 -59.9843 22.7879
      vertex -0.795759 -59.9805 22.8231
    endloop
  endfacet
  facet normal -0.0246151 -0.999697 1.07894e-05
    outer loop
      vertex -2.94406 -59.9277 8.1
      vertex -0.480542 -59.9882 22.7604
      vertex -0.638921 -59.9843 22.7879
    endloop
  endfacet
  facet normal -0.0245505 -0.999699 -7.5939e-08
    outer loop
      vertex 0 -60 8.1
      vertex -0.480542 -59.9882 22.7604
      vertex -2.94406 -59.9277 8.1
    endloop
  endfacet
  facet normal -0.0244381 -0.999701 3.60966e-06
    outer loop
      vertex -0.480542 -59.9882 22.7604
      vertex 0 -60 8.1
      vertex -0.321006 -59.9921 22.7408
    endloop
  endfacet
  facet normal -0.0249444 -0.999689 -7.49794e-06
    outer loop
      vertex -0.321006 -59.9921 22.7408
      vertex 0 -60 8.1
      vertex -0.160696 -59.9961 22.7289
    endloop
  endfacet
  facet normal -0.0242623 -0.999706 0
    outer loop
      vertex -0.160696 -59.9961 22.7289
      vertex 0 -60 8.1
      vertex 0 -60 22.725
    endloop
  endfacet
  facet normal -0.0242623 -0.999706 0
    outer loop
      vertex -0.160696 -59.9961 34.7289
      vertex 0 -60 29.275
      vertex 0 -60 34.725
    endloop
  endfacet
  facet normal -0.0249439 -0.999689 0
    outer loop
      vertex -0.160696 -59.9961 29.2711
      vertex -0.160696 -59.9961 34.7289
      vertex -0.321006 -59.9921 34.7408
    endloop
  endfacet
  facet normal -0.0244386 -0.999701 0
    outer loop
      vertex -0.321006 -59.9921 29.2592
      vertex -0.321006 -59.9921 34.7408
      vertex -0.480542 -59.9882 34.7604
    endloop
  endfacet
  facet normal -0.024617 -0.999697 0
    outer loop
      vertex -0.480542 -59.9882 29.2396
      vertex -0.480542 -59.9882 34.7604
      vertex -0.638921 -59.9843 34.7879
    endloop
  endfacet
  facet normal -0.0242217 -0.999707 0
    outer loop
      vertex -0.638921 -59.9843 29.2121
      vertex -0.638921 -59.9843 34.7879
      vertex -0.795759 -59.9805 34.8231
    endloop
  endfacet
  facet normal -0.0245209 -0.999699 0
    outer loop
      vertex -0.795759 -59.9805 29.1769
      vertex -0.795759 -59.9805 34.8231
      vertex -0.950682 -59.9767 34.866
    endloop
  endfacet
  facet normal -0.0248894 -0.99969 0
    outer loop
      vertex -0.950682 -59.9767 29.134
      vertex -0.950682 -59.9767 34.866
      vertex -1.10331 -59.9729 34.9164
    endloop
  endfacet
  facet normal -0.0246625 -0.999696 0
    outer loop
      vertex -1.10331 -59.9729 29.0836
      vertex -1.10331 -59.9729 34.9164
      vertex -1.25329 -59.9692 34.9743
    endloop
  endfacet
  facet normal -0.0244908 -0.9997 0
    outer loop
      vertex -1.25329 -59.9692 29.0257
      vertex -1.25329 -59.9692 34.9743
      vertex -1.40024 -59.9656 35.0394
    endloop
  endfacet
  facet normal -0.0243694 -0.999703 0
    outer loop
      vertex -1.40024 -59.9656 28.9606
      vertex -1.40024 -59.9656 35.0394
      vertex -1.54382 -59.9621 35.1117
    endloop
  endfacet
  facet normal -0.0243011 -0.999705 0
    outer loop
      vertex -1.54382 -59.9621 28.8883
      vertex -1.54382 -59.9621 35.1117
      vertex -1.68369 -59.9587 35.1909
    endloop
  endfacet
  facet normal -0.025029 -0.999687 0
    outer loop
      vertex -1.68369 -59.9587 28.8091
      vertex -1.68369 -59.9587 35.1909
      vertex -1.81949 -59.9553 35.2769
    endloop
  endfacet
  facet normal -0.0243422 -0.999704 0
    outer loop
      vertex -1.81949 -59.9553 28.7231
      vertex -1.81949 -59.9553 35.2769
      vertex -1.95091 -59.9521 35.3695
    endloop
  endfacet
  facet normal -0.0244541 -0.999701 0
    outer loop
      vertex -1.95091 -59.9521 28.6305
      vertex -1.95091 -59.9521 35.3695
      vertex -2.07764 -59.949 35.4684
    endloop
  endfacet
  facet normal -0.0246392 -0.999696 0
    outer loop
      vertex -2.07764 -59.949 28.5316
      vertex -2.07764 -59.949 35.4684
      vertex -2.19936 -59.946 35.5734
    endloop
  endfacet
  facet normal -0.0249042 -0.99969 0
    outer loop
      vertex -2.19936 -59.946 28.4266
      vertex -2.19936 -59.946 35.5734
      vertex -2.31577 -59.9431 35.6842
    endloop
  endfacet
  facet normal -0.0243522 -0.999703 0
    outer loop
      vertex -2.31577 -59.9431 28.3158
      vertex -2.31577 -59.9431 35.6842
      vertex -2.42661 -59.9404 35.8006
    endloop
  endfacet
  facet normal -0.0238028 -0.999717 0
    outer loop
      vertex -2.42661 -59.9404 28.1994
      vertex -2.42661 -59.9404 35.8006
      vertex -2.53161 -59.9379 35.9224
    endloop
  endfacet
  facet normal -0.0252725 -0.999681 0
    outer loop
      vertex -2.53161 -59.9379 28.0776
      vertex -2.53161 -59.9379 35.9224
      vertex -2.6305 -59.9354 36.0491
    endloop
  endfacet
  facet normal -0.0237617 -0.999718 0
    outer loop
      vertex -2.6305 -59.9354 27.9509
      vertex -2.6305 -59.9354 36.0491
      vertex -2.72306 -59.9332 36.1805
    endloop
  endfacet
  facet normal -0.025573 -0.999673 0
    outer loop
      vertex -2.72306 -59.9332 27.8195
      vertex -2.72306 -59.9332 36.1805
      vertex -2.80906 -59.931 36.3163
    endloop
  endfacet
  facet normal -0.0239739 -0.999713 0
    outer loop
      vertex -2.80906 -59.931 27.6837
      vertex -2.80906 -59.931 36.3163
      vertex -2.88829 -59.9291 36.4562
    endloop
  endfacet
  facet normal -0.0250952 -0.999685 0
    outer loop
      vertex -2.88829 -59.9291 27.5438
      vertex -2.88829 -59.9291 36.4562
      vertex -2.94406 -59.9277 36.567
    endloop
  endfacet
  facet normal -0.0242623 -0.999706 -0
    outer loop
      vertex -0.160696 -59.9961 34.7289
      vertex -0.160696 -59.9961 29.2711
      vertex 0 -60 29.275
    endloop
  endfacet
  facet normal -0.0249439 -0.999689 -0
    outer loop
      vertex -0.321006 -59.9921 34.7408
      vertex -0.321006 -59.9921 29.2592
      vertex -0.160696 -59.9961 29.2711
    endloop
  endfacet
  facet normal -0.0244386 -0.999701 -0
    outer loop
      vertex -0.480542 -59.9882 34.7604
      vertex -0.480542 -59.9882 29.2396
      vertex -0.321006 -59.9921 29.2592
    endloop
  endfacet
  facet normal -0.024617 -0.999697 -0
    outer loop
      vertex -0.638921 -59.9843 34.7879
      vertex -0.638921 -59.9843 29.2121
      vertex -0.480542 -59.9882 29.2396
    endloop
  endfacet
  facet normal -0.0242217 -0.999707 -0
    outer loop
      vertex -0.795759 -59.9805 34.8231
      vertex -0.795759 -59.9805 29.1769
      vertex -0.638921 -59.9843 29.2121
    endloop
  endfacet
  facet normal -0.0245209 -0.999699 -0
    outer loop
      vertex -0.950682 -59.9767 34.866
      vertex -0.950682 -59.9767 29.134
      vertex -0.795759 -59.9805 29.1769
    endloop
  endfacet
  facet normal -0.0248894 -0.99969 -0
    outer loop
      vertex -1.10331 -59.9729 34.9164
      vertex -1.10331 -59.9729 29.0836
      vertex -0.950682 -59.9767 29.134
    endloop
  endfacet
  facet normal -0.0246625 -0.999696 -0
    outer loop
      vertex -1.25329 -59.9692 34.9743
      vertex -1.25329 -59.9692 29.0257
      vertex -1.10331 -59.9729 29.0836
    endloop
  endfacet
  facet normal -0.0244908 -0.9997 -0
    outer loop
      vertex -1.40024 -59.9656 35.0394
      vertex -1.40024 -59.9656 28.9606
      vertex -1.25329 -59.9692 29.0257
    endloop
  endfacet
  facet normal -0.0243694 -0.999703 -0
    outer loop
      vertex -1.54382 -59.9621 35.1117
      vertex -1.54382 -59.9621 28.8883
      vertex -1.40024 -59.9656 28.9606
    endloop
  endfacet
  facet normal -0.0243011 -0.999705 -0
    outer loop
      vertex -1.68369 -59.9587 35.1909
      vertex -1.68369 -59.9587 28.8091
      vertex -1.54382 -59.9621 28.8883
    endloop
  endfacet
  facet normal -0.025029 -0.999687 -0
    outer loop
      vertex -1.81949 -59.9553 35.2769
      vertex -1.81949 -59.9553 28.7231
      vertex -1.68369 -59.9587 28.8091
    endloop
  endfacet
  facet normal -0.0243422 -0.999704 -0
    outer loop
      vertex -1.95091 -59.9521 35.3695
      vertex -1.95091 -59.9521 28.6305
      vertex -1.81949 -59.9553 28.7231
    endloop
  endfacet
  facet normal -0.0244541 -0.999701 -0
    outer loop
      vertex -2.07764 -59.949 35.4684
      vertex -2.07764 -59.949 28.5316
      vertex -1.95091 -59.9521 28.6305
    endloop
  endfacet
  facet normal -0.0246392 -0.999696 -0
    outer loop
      vertex -2.19936 -59.946 35.5734
      vertex -2.19936 -59.946 28.4266
      vertex -2.07764 -59.949 28.5316
    endloop
  endfacet
  facet normal -0.0249042 -0.99969 -0
    outer loop
      vertex -2.31577 -59.9431 35.6842
      vertex -2.31577 -59.9431 28.3158
      vertex -2.19936 -59.946 28.4266
    endloop
  endfacet
  facet normal -0.0243522 -0.999703 -0
    outer loop
      vertex -2.42661 -59.9404 35.8006
      vertex -2.42661 -59.9404 28.1994
      vertex -2.31577 -59.9431 28.3158
    endloop
  endfacet
  facet normal -0.0238028 -0.999717 -0
    outer loop
      vertex -2.53161 -59.9379 35.9224
      vertex -2.53161 -59.9379 28.0776
      vertex -2.42661 -59.9404 28.1994
    endloop
  endfacet
  facet normal -0.0252725 -0.999681 -0
    outer loop
      vertex -2.6305 -59.9354 36.0491
      vertex -2.6305 -59.9354 27.9509
      vertex -2.53161 -59.9379 28.0776
    endloop
  endfacet
  facet normal -0.0237617 -0.999718 -0
    outer loop
      vertex -2.72306 -59.9332 36.1805
      vertex -2.72306 -59.9332 27.8195
      vertex -2.6305 -59.9354 27.9509
    endloop
  endfacet
  facet normal -0.025573 -0.999673 -0
    outer loop
      vertex -2.80906 -59.931 36.3163
      vertex -2.80906 -59.931 27.6837
      vertex -2.72306 -59.9332 27.8195
    endloop
  endfacet
  facet normal -0.0239739 -0.999713 -0
    outer loop
      vertex -2.88829 -59.9291 36.4562
      vertex -2.88829 -59.9291 27.5438
      vertex -2.80906 -59.931 27.6837
    endloop
  endfacet
  facet normal -0.0250952 -0.999685 0
    outer loop
      vertex -2.88829 -59.9291 27.5438
      vertex -2.94406 -59.9277 36.567
      vertex -2.94406 -59.9277 27.433
    endloop
  endfacet
  facet normal 0.817595 -0.575794 0
    outer loop
      vertex 48.1925 -35.742 42
      vertex 49.8882 -33.3342 0
      vertex 49.8882 -33.3342 42
    endloop
  endfacet
  facet normal 0.817595 -0.575794 0
    outer loop
      vertex 49.8882 -33.3342 0
      vertex 48.1925 -35.742 42
      vertex 48.1925 -35.742 0
    endloop
  endfacet
  facet normal 0.170773 -0.98531 0
    outer loop
      vertex 9 -59.3166 8.1
      vertex 8.80383 -59.3506 42
      vertex 8.80383 -59.3506 8.1
    endloop
  endfacet
  facet normal 0.170972 -0.985276 1.18413e-06
    outer loop
      vertex 8.80383 -59.3506 42
      vertex 9 -59.3166 8.1
      vertex 11.7054 -58.8471 42
    endloop
  endfacet
  facet normal 0.170986 -0.985273 0
    outer loop
      vertex 11.7054 -58.8471 0
      vertex 9 -59.3166 8.1
      vertex 9 -59.3166 0
    endloop
  endfacet
  facet normal 0.170986 -0.985273 0
    outer loop
      vertex 9 -59.3166 8.1
      vertex 11.7054 -58.8471 0
      vertex 11.7054 -58.8471 42
    endloop
  endfacet
  facet normal 0.999699 -0.0245505 0
    outer loop
      vertex 59.9277 -2.94406 42
      vertex 60 0 0
      vertex 60 0 42
    endloop
  endfacet
  facet normal 0.999699 -0.0245505 0
    outer loop
      vertex 60 0 0
      vertex 59.9277 -2.94406 42
      vertex 59.9277 -2.94406 0
    endloop
  endfacet
  facet normal 0.122413 -0.992479 0
    outer loop
      vertex 5.88103 -59.7111 8.1
      vertex 8.80383 -59.3506 42
      vertex 5.88103 -59.7111 42
    endloop
  endfacet
  facet normal 0.122413 -0.992479 0
    outer loop
      vertex 8.80383 -59.3506 42
      vertex 5.88103 -59.7111 8.1
      vertex 8.80383 -59.3506 8.1
    endloop
  endfacet
  facet normal -0.949525 0.31369 0
    outer loop
      vertex -57.4164 17.4171 0
      vertex -56.4926 20.2134 42
      vertex -56.4926 20.2134 0
    endloop
  endfacet
  facet normal -0.949525 0.31369 0
    outer loop
      vertex -56.4926 20.2134 42
      vertex -57.4164 17.4171 0
      vertex -57.4164 17.4171 42
    endloop
  endfacet
  facet normal -0.219087 -0.975705 0
    outer loop
      vertex -14.5788 -58.2019 0
      vertex -11.7054 -58.8471 42
      vertex -14.5788 -58.2019 42
    endloop
  endfacet
  facet normal -0.219087 -0.975705 -0
    outer loop
      vertex -11.7054 -58.8471 42
      vertex -14.5788 -58.2019 0
      vertex -11.7054 -58.8471 0
    endloop
  endfacet
  facet normal -0.933 0.359876 0
    outer loop
      vertex -56.4926 20.2134 0
      vertex -55.8584 21.8576 5.27954
      vertex -55.8584 21.8576 0
    endloop
  endfacet
  facet normal -0.933 0.359876 0
    outer loop
      vertex -55.8584 21.8576 5.27954
      vertex -56.4926 20.2134 0
      vertex -55.8584 21.8576 8.1
    endloop
  endfacet
  facet normal -0.933001 0.359874 0
    outer loop
      vertex -55.8584 21.8576 8.1
      vertex -55.4328 22.961 42
      vertex -55.4328 22.961 8.1
    endloop
  endfacet
  facet normal -0.933 0.359876 0
    outer loop
      vertex -56.4926 20.2134 42
      vertex -55.8584 21.8576 8.1
      vertex -56.4926 20.2134 0
    endloop
  endfacet
  facet normal -0.933 0.359875 -4.76799e-08
    outer loop
      vertex -55.8584 21.8576 8.1
      vertex -56.4926 20.2134 42
      vertex -55.4328 22.961 42
    endloop
  endfacet
  facet normal 0.31369 0.949525 -0
    outer loop
      vertex 20.2134 56.4926 0
      vertex 17.4171 57.4164 42
      vertex 20.2134 56.4926 42
    endloop
  endfacet
  facet normal 0.31369 0.949525 0
    outer loop
      vertex 17.4171 57.4164 42
      vertex 20.2134 56.4926 0
      vertex 17.4171 57.4164 0
    endloop
  endfacet
  facet normal -0.893222 -0.449616 0
    outer loop
      vertex -52.9153 -28.2838 0
      vertex -54.2394 -25.6533 42
      vertex -54.2394 -25.6533 0
    endloop
  endfacet
  facet normal -0.893222 -0.449616 0
    outer loop
      vertex -54.2394 -25.6533 42
      vertex -52.9153 -28.2838 0
      vertex -52.9153 -28.2838 42
    endloop
  endfacet
  facet normal -0.975705 0.219087 0
    outer loop
      vertex -58.8471 11.7054 0
      vertex -58.2019 14.5788 42
      vertex -58.2019 14.5788 0
    endloop
  endfacet
  facet normal -0.975705 0.219087 0
    outer loop
      vertex -58.2019 14.5788 42
      vertex -58.8471 11.7054 0
      vertex -58.8471 11.7054 42
    endloop
  endfacet
  facet normal -0.449616 0.893222 0
    outer loop
      vertex -25.6533 54.2394 0
      vertex -28.2838 52.9153 42
      vertex -25.6533 54.2394 42
    endloop
  endfacet
  facet normal -0.449616 0.893222 0
    outer loop
      vertex -28.2838 52.9153 42
      vertex -25.6533 54.2394 0
      vertex -28.2838 52.9153 0
    endloop
  endfacet
  facet normal -0.615254 -0.788329 0
    outer loop
      vertex -38.0636 -46.3806 0
      vertex -35.742 -48.1925 42
      vertex -38.0636 -46.3806 42
    endloop
  endfacet
  facet normal -0.615254 -0.788329 -0
    outer loop
      vertex -35.742 -48.1925 42
      vertex -38.0636 -46.3806 0
      vertex -35.742 -48.1925 0
    endloop
  endfacet
  facet normal 0.575794 -0.817595 0
    outer loop
      vertex 33.3342 -49.8882 0
      vertex 35.742 -48.1925 42
      vertex 33.3342 -49.8882 42
    endloop
  endfacet
  facet normal 0.575794 -0.817595 0
    outer loop
      vertex 35.742 -48.1925 42
      vertex 33.3342 -49.8882 0
      vertex 35.742 -48.1925 0
    endloop
  endfacet
  facet normal -0.757213 0.653168 0
    outer loop
      vertex -46.3806 38.0636 0
      vertex -44.4571 40.2935 42
      vertex -44.4571 40.2935 0
    endloop
  endfacet
  facet normal -0.757213 0.653168 0
    outer loop
      vertex -44.4571 40.2935 42
      vertex -46.3806 38.0636 0
      vertex -46.3806 38.0636 42
    endloop
  endfacet
  facet normal -0.817595 0.575794 0
    outer loop
      vertex -49.8882 33.3342 8.1
      vertex -48.1925 35.742 42
      vertex -48.1925 35.742 8.1
    endloop
  endfacet
  facet normal -0.817595 0.575794 0
    outer loop
      vertex -48.1925 35.742 42
      vertex -49.8882 33.3342 8.1
      vertex -49.8882 33.3342 42
    endloop
  endfacet
  facet normal 0.817595 0.575794 0
    outer loop
      vertex 49.8882 33.3342 42
      vertex 48.1925 35.742 8.1
      vertex 48.1925 35.742 42
    endloop
  endfacet
  facet normal 0.817595 0.575794 0
    outer loop
      vertex 48.1925 35.742 8.1
      vertex 49.8882 33.3342 42
      vertex 49.8882 33.3342 8.1
    endloop
  endfacet
  facet normal 0.914212 -0.405237 0
    outer loop
      vertex 54.2394 -25.6533 42
      vertex 55.4328 -22.961 0
      vertex 55.4328 -22.961 42
    endloop
  endfacet
  facet normal 0.914212 -0.405237 0
    outer loop
      vertex 55.4328 -22.961 0
      vertex 54.2394 -25.6533 42
      vertex 54.2394 -25.6533 0
    endloop
  endfacet
  facet normal -0.31369 -0.949525 0
    outer loop
      vertex -20.2134 -56.4926 0
      vertex -17.4171 -57.4164 42
      vertex -20.2134 -56.4926 42
    endloop
  endfacet
  facet normal -0.31369 -0.949525 -0
    outer loop
      vertex -17.4171 -57.4164 42
      vertex -20.2134 -56.4926 0
      vertex -17.4171 -57.4164 0
    endloop
  endfacet
  facet normal 0 0 1
    outer loop
      vertex 57 0 42
      vertex 60 0 42
      vertex 59.9277 2.94406 42
    endloop
  endfacet
  facet normal 0 0 1
    outer loop
      vertex 56.9313 2.79686 42
      vertex 59.9277 2.94406 42
      vertex 59.7111 5.88103 42
    endloop
  endfacet
  facet normal 0 0 1
    outer loop
      vertex 60 0 42
      vertex 57 0 42
      vertex 59.9277 -2.94406 42
    endloop
  endfacet
  facet normal 0 0 1
    outer loop
      vertex 56.7255 5.58698 42
      vertex 59.7111 5.88103 42
      vertex 59.3506 8.80383 42
    endloop
  endfacet
  facet normal -0 0 1
    outer loop
      vertex 56.9313 -2.79686 42
      vertex 59.9277 -2.94406 42
      vertex 57 0 42
    endloop
  endfacet
  facet normal 0 0 1
    outer loop
      vertex 56.3831 8.36364 42
      vertex 59.3506 8.80383 42
      vertex 58.8471 11.7054 42
    endloop
  endfacet
  facet normal 0 0 1
    outer loop
      vertex 59.9277 -2.94406 42
      vertex 56.9313 -2.79686 42
      vertex 59.7111 -5.88103 42
    endloop
  endfacet
  facet normal 0 0 1
    outer loop
      vertex 55.9048 11.1201 42
      vertex 58.8471 11.7054 42
      vertex 58.2019 14.5788 42
    endloop
  endfacet
  facet normal -0 0 1
    outer loop
      vertex 56.7255 -5.58698 42
      vertex 59.7111 -5.88103 42
      vertex 56.9313 -2.79686 42
    endloop
  endfacet
  facet normal 0 0 1
    outer loop
      vertex 55.2918 13.8499 42
      vertex 58.2019 14.5788 42
      vertex 57.4164 17.4171 42
    endloop
  endfacet
  facet normal 0 0 1
    outer loop
      vertex 59.7111 -5.88103 42
      vertex 56.7255 -5.58698 42
      vertex 59.3506 -8.80383 42
    endloop
  endfacet
  facet normal -0 0 1
    outer loop
      vertex 56.3831 -8.36364 42
      vertex 59.3506 -8.80383 42
      vertex 56.7255 -5.58698 42
    endloop
  endfacet
  facet normal 0 0 1
    outer loop
      vertex 59.9277 2.94406 42
      vertex 56.9313 2.79686 42
      vertex 57 0 42
    endloop
  endfacet
  facet normal 0 0 1
    outer loop
      vertex 59.7111 5.88103 42
      vertex 56.7255 5.58698 42
      vertex 56.9313 2.79686 42
    endloop
  endfacet
  facet normal 0 0 1
    outer loop
      vertex 54.5456 16.5462 42
      vertex 57.4164 17.4171 42
      vertex 56.4926 20.2134 42
    endloop
  endfacet
  facet normal 0 0 1
    outer loop
      vertex 59.3506 8.80383 42
      vertex 56.3831 8.36364 42
      vertex 56.7255 5.58698 42
    endloop
  endfacet
  facet normal 0 0 1
    outer loop
      vertex 58.8471 11.7054 42
      vertex 55.9048 11.1201 42
      vertex 56.3831 8.36364 42
    endloop
  endfacet
  facet normal 0 0 1
    outer loop
      vertex 53.668 19.2027 42
      vertex 56.4926 20.2134 42
      vertex 55.4328 22.961 42
    endloop
  endfacet
  facet normal 0 0 1
    outer loop
      vertex 58.2019 14.5788 42
      vertex 55.2918 13.8499 42
      vertex 55.9048 11.1201 42
    endloop
  endfacet
  facet normal 0 0 1
    outer loop
      vertex 57.4164 17.4171 42
      vertex 54.5456 16.5462 42
      vertex 55.2918 13.8499 42
    endloop
  endfacet
  facet normal 0 0 1
    outer loop
      vertex 52.6611 21.813 42
      vertex 55.4328 22.961 42
      vertex 54.2394 25.6533 42
    endloop
  endfacet
  facet normal 0 0 1
    outer loop
      vertex 56.4926 20.2134 42
      vertex 53.668 19.2027 42
      vertex 54.5456 16.5462 42
    endloop
  endfacet
  facet normal 0 0 1
    outer loop
      vertex 51.5274 24.3706 42
      vertex 54.2394 25.6533 42
      vertex 52.9153 28.2838 42
    endloop
  endfacet
  facet normal 0 0 1
    outer loop
      vertex 55.4328 22.961 42
      vertex 52.6611 21.813 42
      vertex 53.668 19.2027 42
    endloop
  endfacet
  facet normal 0 0 1
    outer loop
      vertex 54.2394 25.6533 42
      vertex 51.5274 24.3706 42
      vertex 52.6611 21.813 42
    endloop
  endfacet
  facet normal 0 0 1
    outer loop
      vertex 50.2695 26.8696 42
      vertex 52.9153 28.2838 42
      vertex 51.4637 30.8462 42
    endloop
  endfacet
  facet normal 0 0 1
    outer loop
      vertex 52.9153 28.2838 42
      vertex 50.2695 26.8696 42
      vertex 51.5274 24.3706 42
    endloop
  endfacet
  facet normal 0 0 1
    outer loop
      vertex 48.8905 29.3039 42
      vertex 51.4637 30.8462 42
      vertex 49.8882 33.3342 42
    endloop
  endfacet
  facet normal 0 0 1
    outer loop
      vertex 51.4637 30.8462 42
      vertex 48.8905 29.3039 42
      vertex 50.2695 26.8696 42
    endloop
  endfacet
  facet normal 0 0 1
    outer loop
      vertex 47.3938 31.6675 42
      vertex 49.8882 33.3342 42
      vertex 48.1925 35.742 42
    endloop
  endfacet
  facet normal 0 0 1
    outer loop
      vertex 49.8882 33.3342 42
      vertex 47.3938 31.6675 42
      vertex 48.8905 29.3039 42
    endloop
  endfacet
  facet normal 0 0 1
    outer loop
      vertex 45.7828 33.9549 42
      vertex 48.1925 35.742 42
      vertex 46.3806 38.0636 42
    endloop
  endfacet
  facet normal 0 0 1
    outer loop
      vertex 48.1925 35.742 42
      vertex 45.7828 33.9549 42
      vertex 47.3938 31.6675 42
    endloop
  endfacet
  facet normal 0 0 1
    outer loop
      vertex 44.0616 36.1604 42
      vertex 46.3806 38.0636 42
      vertex 44.4571 40.2935 42
    endloop
  endfacet
  facet normal 0 0 1
    outer loop
      vertex 46.3806 38.0636 42
      vertex 44.0616 36.1604 42
      vertex 45.7828 33.9549 42
    endloop
  endfacet
  facet normal 0 0 1
    outer loop
      vertex 42.2342 38.2789 42
      vertex 44.4571 40.2935 42
      vertex 42.4264 42.4264 42
    endloop
  endfacet
  facet normal 0 0 1
    outer loop
      vertex 44.4571 40.2935 42
      vertex 42.2342 38.2789 42
      vertex 44.0616 36.1604 42
    endloop
  endfacet
  facet normal 0 0 1
    outer loop
      vertex 42.4264 42.4264 42
      vertex 40.3051 40.3051 42
      vertex 42.2342 38.2789 42
    endloop
  endfacet
  facet normal 0 0 1
    outer loop
      vertex 40.2935 44.4571 42
      vertex 40.3051 40.3051 42
      vertex 42.4264 42.4264 42
    endloop
  endfacet
  facet normal 0 0 1
    outer loop
      vertex 40.2935 44.4571 42
      vertex 38.2789 42.2342 42
      vertex 40.3051 40.3051 42
    endloop
  endfacet
  facet normal 0 0 1
    outer loop
      vertex 38.0636 46.3806 42
      vertex 38.2789 42.2342 42
      vertex 40.2935 44.4571 42
    endloop
  endfacet
  facet normal 0 0 1
    outer loop
      vertex 38.0636 46.3806 42
      vertex 36.1604 44.0616 42
      vertex 38.2789 42.2342 42
    endloop
  endfacet
  facet normal 0 0 1
    outer loop
      vertex 35.742 48.1925 42
      vertex 36.1604 44.0616 42
      vertex 38.0636 46.3806 42
    endloop
  endfacet
  facet normal 0 0 1
    outer loop
      vertex 35.742 48.1925 42
      vertex 33.9549 45.7828 42
      vertex 36.1604 44.0616 42
    endloop
  endfacet
  facet normal 0 0 1
    outer loop
      vertex 33.3342 49.8882 42
      vertex 33.9549 45.7828 42
      vertex 35.742 48.1925 42
    endloop
  endfacet
  facet normal 0 0 1
    outer loop
      vertex 33.3342 49.8882 42
      vertex 31.6675 47.3938 42
      vertex 33.9549 45.7828 42
    endloop
  endfacet
  facet normal 0 0 1
    outer loop
      vertex 30.8462 51.4637 42
      vertex 31.6675 47.3938 42
      vertex 33.3342 49.8882 42
    endloop
  endfacet
  facet normal 0 0 1
    outer loop
      vertex 30.8462 51.4637 42
      vertex 29.3039 48.8905 42
      vertex 31.6675 47.3938 42
    endloop
  endfacet
  facet normal 0 0 1
    outer loop
      vertex 28.2838 52.9153 42
      vertex 29.3039 48.8905 42
      vertex 30.8462 51.4637 42
    endloop
  endfacet
  facet normal 0 0 1
    outer loop
      vertex 28.2838 52.9153 42
      vertex 26.8696 50.2695 42
      vertex 29.3039 48.8905 42
    endloop
  endfacet
  facet normal 0 0 1
    outer loop
      vertex 25.6533 54.2394 42
      vertex 26.8696 50.2695 42
      vertex 28.2838 52.9153 42
    endloop
  endfacet
  facet normal 0 0 1
    outer loop
      vertex 25.6533 54.2394 42
      vertex 24.3706 51.5274 42
      vertex 26.8696 50.2695 42
    endloop
  endfacet
  facet normal 0 0 1
    outer loop
      vertex 22.961 55.4328 42
      vertex 24.3706 51.5274 42
      vertex 25.6533 54.2394 42
    endloop
  endfacet
  facet normal 0 0 1
    outer loop
      vertex 22.961 55.4328 42
      vertex 21.813 52.6611 42
      vertex 24.3706 51.5274 42
    endloop
  endfacet
  facet normal 0 0 1
    outer loop
      vertex 20.2134 56.4926 42
      vertex 21.813 52.6611 42
      vertex 22.961 55.4328 42
    endloop
  endfacet
  facet normal 0 0 1
    outer loop
      vertex 20.2134 56.4926 42
      vertex 19.2027 53.668 42
      vertex 21.813 52.6611 42
    endloop
  endfacet
  facet normal 0 0 1
    outer loop
      vertex 17.4171 57.4164 42
      vertex 19.2027 53.668 42
      vertex 20.2134 56.4926 42
    endloop
  endfacet
  facet normal 0 0 1
    outer loop
      vertex 17.4171 57.4164 42
      vertex 16.5462 54.5456 42
      vertex 19.2027 53.668 42
    endloop
  endfacet
  facet normal 0 0 1
    outer loop
      vertex 14.5788 58.2019 42
      vertex 16.5462 54.5456 42
      vertex 17.4171 57.4164 42
    endloop
  endfacet
  facet normal 0 0 1
    outer loop
      vertex 14.5788 58.2019 42
      vertex 13.8499 55.2918 42
      vertex 16.5462 54.5456 42
    endloop
  endfacet
  facet normal 0 0 1
    outer loop
      vertex 11.7054 58.8471 42
      vertex 13.8499 55.2918 42
      vertex 14.5788 58.2019 42
    endloop
  endfacet
  facet normal 0 0 1
    outer loop
      vertex 11.7054 58.8471 42
      vertex 11.1201 55.9048 42
      vertex 13.8499 55.2918 42
    endloop
  endfacet
  facet normal 0 0 1
    outer loop
      vertex 8.80383 59.3506 42
      vertex 11.1201 55.9048 42
      vertex 11.7054 58.8471 42
    endloop
  endfacet
  facet normal 0 0 1
    outer loop
      vertex 8.80383 59.3506 42
      vertex 8.36364 56.3831 42
      vertex 11.1201 55.9048 42
    endloop
  endfacet
  facet normal 0 0 1
    outer loop
      vertex 5.88103 59.7111 42
      vertex 8.36364 56.3831 42
      vertex 8.80383 59.3506 42
    endloop
  endfacet
  facet normal 0 0 1
    outer loop
      vertex 5.88103 59.7111 42
      vertex 5.58698 56.7255 42
      vertex 8.36364 56.3831 42
    endloop
  endfacet
  facet normal 0 0 1
    outer loop
      vertex 2.94406 59.9277 42
      vertex 5.58698 56.7255 42
      vertex 5.88103 59.7111 42
    endloop
  endfacet
  facet normal 0 0 1
    outer loop
      vertex 2.94406 59.9277 42
      vertex 2.79686 56.9313 42
      vertex 5.58698 56.7255 42
    endloop
  endfacet
  facet normal 0 0 1
    outer loop
      vertex 0 60 42
      vertex 2.79686 56.9313 42
      vertex 2.94406 59.9277 42
    endloop
  endfacet
  facet normal 0 0 1
    outer loop
      vertex 0 60 42
      vertex 0 57 42
      vertex 2.79686 56.9313 42
    endloop
  endfacet
  facet normal 0 0 1
    outer loop
      vertex 0 60 42
      vertex -2.79686 56.9313 42
      vertex 0 57 42
    endloop
  endfacet
  facet normal -0 0 1
    outer loop
      vertex -2.94406 59.9277 42
      vertex -2.79686 56.9313 42
      vertex 0 60 42
    endloop
  endfacet
  facet normal 0 0 1
    outer loop
      vertex -2.94406 59.9277 42
      vertex -5.58698 56.7255 42
      vertex -2.79686 56.9313 42
    endloop
  endfacet
  facet normal -0 0 1
    outer loop
      vertex -5.88103 59.7111 42
      vertex -5.58698 56.7255 42
      vertex -2.94406 59.9277 42
    endloop
  endfacet
  facet normal 0 0 1
    outer loop
      vertex -5.88103 59.7111 42
      vertex -8.36364 56.3831 42
      vertex -5.58698 56.7255 42
    endloop
  endfacet
  facet normal -0 0 1
    outer loop
      vertex -8.80383 59.3506 42
      vertex -8.36364 56.3831 42
      vertex -5.88103 59.7111 42
    endloop
  endfacet
  facet normal 0 0 1
    outer loop
      vertex -8.80383 59.3506 42
      vertex -11.1201 55.9048 42
      vertex -8.36364 56.3831 42
    endloop
  endfacet
  facet normal -0 0 1
    outer loop
      vertex -11.7054 58.8471 42
      vertex -11.1201 55.9048 42
      vertex -8.80383 59.3506 42
    endloop
  endfacet
  facet normal 0 0 1
    outer loop
      vertex -11.7054 58.8471 42
      vertex -13.8499 55.2918 42
      vertex -11.1201 55.9048 42
    endloop
  endfacet
  facet normal -0 0 1
    outer loop
      vertex -14.5788 58.2019 42
      vertex -13.8499 55.2918 42
      vertex -11.7054 58.8471 42
    endloop
  endfacet
  facet normal 0 0 1
    outer loop
      vertex -14.5788 58.2019 42
      vertex -16.5462 54.5456 42
      vertex -13.8499 55.2918 42
    endloop
  endfacet
  facet normal -0 0 1
    outer loop
      vertex -17.4171 57.4164 42
      vertex -16.5462 54.5456 42
      vertex -14.5788 58.2019 42
    endloop
  endfacet
  facet normal 0 0 1
    outer loop
      vertex -17.4171 57.4164 42
      vertex -19.2027 53.668 42
      vertex -16.5462 54.5456 42
    endloop
  endfacet
  facet normal -0 0 1
    outer loop
      vertex -20.2134 56.4926 42
      vertex -19.2027 53.668 42
      vertex -17.4171 57.4164 42
    endloop
  endfacet
  facet normal 0 0 1
    outer loop
      vertex -20.2134 56.4926 42
      vertex -21.813 52.6611 42
      vertex -19.2027 53.668 42
    endloop
  endfacet
  facet normal -0 0 1
    outer loop
      vertex -22.961 55.4328 42
      vertex -21.813 52.6611 42
      vertex -20.2134 56.4926 42
    endloop
  endfacet
  facet normal 0 0 1
    outer loop
      vertex -22.961 55.4328 42
      vertex -24.3706 51.5274 42
      vertex -21.813 52.6611 42
    endloop
  endfacet
  facet normal -0 0 1
    outer loop
      vertex -25.6533 54.2394 42
      vertex -24.3706 51.5274 42
      vertex -22.961 55.4328 42
    endloop
  endfacet
  facet normal 0 0 1
    outer loop
      vertex -25.6533 54.2394 42
      vertex -26.8696 50.2695 42
      vertex -24.3706 51.5274 42
    endloop
  endfacet
  facet normal -0 0 1
    outer loop
      vertex -28.2838 52.9153 42
      vertex -26.8696 50.2695 42
      vertex -25.6533 54.2394 42
    endloop
  endfacet
  facet normal 0 0 1
    outer loop
      vertex -28.2838 52.9153 42
      vertex -29.3039 48.8905 42
      vertex -26.8696 50.2695 42
    endloop
  endfacet
  facet normal -0 0 1
    outer loop
      vertex -30.8462 51.4637 42
      vertex -29.3039 48.8905 42
      vertex -28.2838 52.9153 42
    endloop
  endfacet
  facet normal 0 0 1
    outer loop
      vertex -30.8462 51.4637 42
      vertex -31.6675 47.3938 42
      vertex -29.3039 48.8905 42
    endloop
  endfacet
  facet normal -0 0 1
    outer loop
      vertex -33.3342 49.8882 42
      vertex -31.6675 47.3938 42
      vertex -30.8462 51.4637 42
    endloop
  endfacet
  facet normal 0 0 1
    outer loop
      vertex -33.3342 49.8882 42
      vertex -33.9549 45.7828 42
      vertex -31.6675 47.3938 42
    endloop
  endfacet
  facet normal -0 0 1
    outer loop
      vertex -35.742 48.1925 42
      vertex -33.9549 45.7828 42
      vertex -33.3342 49.8882 42
    endloop
  endfacet
  facet normal 0 0 1
    outer loop
      vertex -35.742 48.1925 42
      vertex -36.1604 44.0616 42
      vertex -33.9549 45.7828 42
    endloop
  endfacet
  facet normal -0 0 1
    outer loop
      vertex -38.0636 46.3806 42
      vertex -36.1604 44.0616 42
      vertex -35.742 48.1925 42
    endloop
  endfacet
  facet normal 0 0 1
    outer loop
      vertex -38.0636 46.3806 42
      vertex -38.2789 42.2342 42
      vertex -36.1604 44.0616 42
    endloop
  endfacet
  facet normal -0 0 1
    outer loop
      vertex -40.2935 44.4571 42
      vertex -38.2789 42.2342 42
      vertex -38.0636 46.3806 42
    endloop
  endfacet
  facet normal 0 0 1
    outer loop
      vertex -40.2935 44.4571 42
      vertex -40.3051 40.3051 42
      vertex -38.2789 42.2342 42
    endloop
  endfacet
  facet normal -0 0 1
    outer loop
      vertex -42.4264 42.4264 42
      vertex -40.3051 40.3051 42
      vertex -40.2935 44.4571 42
    endloop
  endfacet
  facet normal 0 0 1
    outer loop
      vertex -40.3051 40.3051 42
      vertex -42.4264 42.4264 42
      vertex -42.2342 38.2789 42
    endloop
  endfacet
  facet normal -0 0 1
    outer loop
      vertex -44.4571 40.2935 42
      vertex -42.2342 38.2789 42
      vertex -42.4264 42.4264 42
    endloop
  endfacet
  facet normal 0 0 1
    outer loop
      vertex -42.2342 38.2789 42
      vertex -44.4571 40.2935 42
      vertex -44.0616 36.1604 42
    endloop
  endfacet
  facet normal -0 0 1
    outer loop
      vertex -46.3806 38.0636 42
      vertex -44.0616 36.1604 42
      vertex -44.4571 40.2935 42
    endloop
  endfacet
  facet normal 0 0 1
    outer loop
      vertex -44.0616 36.1604 42
      vertex -46.3806 38.0636 42
      vertex -45.7828 33.9549 42
    endloop
  endfacet
  facet normal -0 0 1
    outer loop
      vertex -48.1925 35.742 42
      vertex -45.7828 33.9549 42
      vertex -46.3806 38.0636 42
    endloop
  endfacet
  facet normal 0 0 1
    outer loop
      vertex -45.7828 33.9549 42
      vertex -48.1925 35.742 42
      vertex -47.3938 31.6675 42
    endloop
  endfacet
  facet normal -0 0 1
    outer loop
      vertex -49.8882 33.3342 42
      vertex -47.3938 31.6675 42
      vertex -48.1925 35.742 42
    endloop
  endfacet
  facet normal 0 0 1
    outer loop
      vertex -47.3938 31.6675 42
      vertex -49.8882 33.3342 42
      vertex -48.8905 29.3039 42
    endloop
  endfacet
  facet normal -0 0 1
    outer loop
      vertex -51.4637 30.8462 42
      vertex -48.8905 29.3039 42
      vertex -49.8882 33.3342 42
    endloop
  endfacet
  facet normal 0 0 1
    outer loop
      vertex -48.8905 29.3039 42
      vertex -51.4637 30.8462 42
      vertex -50.2695 26.8696 42
    endloop
  endfacet
  facet normal -0 0 1
    outer loop
      vertex -52.9153 28.2838 42
      vertex -50.2695 26.8696 42
      vertex -51.4637 30.8462 42
    endloop
  endfacet
  facet normal 0 0 1
    outer loop
      vertex -50.2695 26.8696 42
      vertex -52.9153 28.2838 42
      vertex -51.5274 24.3706 42
    endloop
  endfacet
  facet normal -0 0 1
    outer loop
      vertex -54.2394 25.6533 42
      vertex -51.5274 24.3706 42
      vertex -52.9153 28.2838 42
    endloop
  endfacet
  facet normal 0 0 1
    outer loop
      vertex -51.5274 24.3706 42
      vertex -54.2394 25.6533 42
      vertex -52.6611 21.813 42
    endloop
  endfacet
  facet normal -0 0 1
    outer loop
      vertex -55.4328 22.961 42
      vertex -52.6611 21.813 42
      vertex -54.2394 25.6533 42
    endloop
  endfacet
  facet normal 0 0 1
    outer loop
      vertex -52.6611 21.813 42
      vertex -55.4328 22.961 42
      vertex -53.668 19.2027 42
    endloop
  endfacet
  facet normal -0 0 1
    outer loop
      vertex -56.4926 20.2134 42
      vertex -53.668 19.2027 42
      vertex -55.4328 22.961 42
    endloop
  endfacet
  facet normal 0 0 1
    outer loop
      vertex -53.668 19.2027 42
      vertex -56.4926 20.2134 42
      vertex -54.5456 16.5462 42
    endloop
  endfacet
  facet normal -0 0 1
    outer loop
      vertex -57.4164 17.4171 42
      vertex -54.5456 16.5462 42
      vertex -56.4926 20.2134 42
    endloop
  endfacet
  facet normal 0 0 1
    outer loop
      vertex -54.5456 16.5462 42
      vertex -57.4164 17.4171 42
      vertex -55.2918 13.8499 42
    endloop
  endfacet
  facet normal -0 0 1
    outer loop
      vertex -58.2019 14.5788 42
      vertex -55.2918 13.8499 42
      vertex -57.4164 17.4171 42
    endloop
  endfacet
  facet normal 0 0 1
    outer loop
      vertex -55.2918 13.8499 42
      vertex -58.2019 14.5788 42
      vertex -55.9048 11.1201 42
    endloop
  endfacet
  facet normal -0 0 1
    outer loop
      vertex -58.8471 11.7054 42
      vertex -55.9048 11.1201 42
      vertex -58.2019 14.5788 42
    endloop
  endfacet
  facet normal -0 0 1
    outer loop
      vertex -59.3506 8.80383 42
      vertex -56.3831 8.36364 42
      vertex -58.8471 11.7054 42
    endloop
  endfacet
  facet normal 0 0 1
    outer loop
      vertex -55.9048 11.1201 42
      vertex -58.8471 11.7054 42
      vertex -56.3831 8.36364 42
    endloop
  endfacet
  facet normal 0 0 1
    outer loop
      vertex 59.3506 -8.80383 42
      vertex 56.3831 -8.36364 42
      vertex 58.8471 -11.7054 42
    endloop
  endfacet
  facet normal -0 0 1
    outer loop
      vertex 55.9048 -11.1201 42
      vertex 58.8471 -11.7054 42
      vertex 56.3831 -8.36364 42
    endloop
  endfacet
  facet normal 0 0 1
    outer loop
      vertex 58.8471 -11.7054 42
      vertex 55.9048 -11.1201 42
      vertex 58.2019 -14.5788 42
    endloop
  endfacet
  facet normal -0 0 1
    outer loop
      vertex 55.2918 -13.8499 42
      vertex 58.2019 -14.5788 42
      vertex 55.9048 -11.1201 42
    endloop
  endfacet
  facet normal 0 0 1
    outer loop
      vertex 58.2019 -14.5788 42
      vertex 55.2918 -13.8499 42
      vertex 57.4164 -17.4171 42
    endloop
  endfacet
  facet normal -0 0 1
    outer loop
      vertex 54.5456 -16.5462 42
      vertex 57.4164 -17.4171 42
      vertex 55.2918 -13.8499 42
    endloop
  endfacet
  facet normal 0 0 1
    outer loop
      vertex 57.4164 -17.4171 42
      vertex 54.5456 -16.5462 42
      vertex 56.4926 -20.2134 42
    endloop
  endfacet
  facet normal -0 0 1
    outer loop
      vertex 53.668 -19.2027 42
      vertex 56.4926 -20.2134 42
      vertex 54.5456 -16.5462 42
    endloop
  endfacet
  facet normal 0 0 1
    outer loop
      vertex 56.4926 -20.2134 42
      vertex 53.668 -19.2027 42
      vertex 55.4328 -22.961 42
    endloop
  endfacet
  facet normal -0 0 1
    outer loop
      vertex 52.6611 -21.813 42
      vertex 55.4328 -22.961 42
      vertex 53.668 -19.2027 42
    endloop
  endfacet
  facet normal 0 0 1
    outer loop
      vertex 55.4328 -22.961 42
      vertex 52.6611 -21.813 42
      vertex 54.2394 -25.6533 42
    endloop
  endfacet
  facet normal -0 0 1
    outer loop
      vertex 51.5274 -24.3706 42
      vertex 54.2394 -25.6533 42
      vertex 52.6611 -21.813 42
    endloop
  endfacet
  facet normal 0 0 1
    outer loop
      vertex 54.2394 -25.6533 42
      vertex 51.5274 -24.3706 42
      vertex 52.9153 -28.2838 42
    endloop
  endfacet
  facet normal -0 0 1
    outer loop
      vertex 50.2695 -26.8696 42
      vertex 52.9153 -28.2838 42
      vertex 51.5274 -24.3706 42
    endloop
  endfacet
  facet normal 0 0 1
    outer loop
      vertex 52.9153 -28.2838 42
      vertex 50.2695 -26.8696 42
      vertex 51.4637 -30.8462 42
    endloop
  endfacet
  facet normal -0 0 1
    outer loop
      vertex 48.8905 -29.3039 42
      vertex 51.4637 -30.8462 42
      vertex 50.2695 -26.8696 42
    endloop
  endfacet
  facet normal 0 0 1
    outer loop
      vertex 51.4637 -30.8462 42
      vertex 48.8905 -29.3039 42
      vertex 49.8882 -33.3342 42
    endloop
  endfacet
  facet normal -0 0 1
    outer loop
      vertex 47.3938 -31.6675 42
      vertex 49.8882 -33.3342 42
      vertex 48.8905 -29.3039 42
    endloop
  endfacet
  facet normal 0 0 1
    outer loop
      vertex 49.8882 -33.3342 42
      vertex 47.3938 -31.6675 42
      vertex 48.1925 -35.742 42
    endloop
  endfacet
  facet normal -0 0 1
    outer loop
      vertex 45.7828 -33.9549 42
      vertex 48.1925 -35.742 42
      vertex 47.3938 -31.6675 42
    endloop
  endfacet
  facet normal 0 0 1
    outer loop
      vertex 48.1925 -35.742 42
      vertex 45.7828 -33.9549 42
      vertex 46.3806 -38.0636 42
    endloop
  endfacet
  facet normal -0 0 1
    outer loop
      vertex 44.0616 -36.1604 42
      vertex 46.3806 -38.0636 42
      vertex 45.7828 -33.9549 42
    endloop
  endfacet
  facet normal 0 0 1
    outer loop
      vertex 46.3806 -38.0636 42
      vertex 44.0616 -36.1604 42
      vertex 44.4571 -40.2935 42
    endloop
  endfacet
  facet normal -0 0 1
    outer loop
      vertex 42.2342 -38.2789 42
      vertex 44.4571 -40.2935 42
      vertex 44.0616 -36.1604 42
    endloop
  endfacet
  facet normal 0 0 1
    outer loop
      vertex 44.4571 -40.2935 42
      vertex 42.2342 -38.2789 42
      vertex 42.4264 -42.4264 42
    endloop
  endfacet
  facet normal -0 0 1
    outer loop
      vertex 40.3051 -40.3051 42
      vertex 42.4264 -42.4264 42
      vertex 42.2342 -38.2789 42
    endloop
  endfacet
  facet normal 0 0 1
    outer loop
      vertex 40.3051 -40.3051 42
      vertex 40.2935 -44.4571 42
      vertex 42.4264 -42.4264 42
    endloop
  endfacet
  facet normal -0 0 1
    outer loop
      vertex 38.2789 -42.2342 42
      vertex 40.2935 -44.4571 42
      vertex 40.3051 -40.3051 42
    endloop
  endfacet
  facet normal 0 0 1
    outer loop
      vertex 38.2789 -42.2342 42
      vertex 38.0636 -46.3806 42
      vertex 40.2935 -44.4571 42
    endloop
  endfacet
  facet normal -0 0 1
    outer loop
      vertex 36.1604 -44.0616 42
      vertex 38.0636 -46.3806 42
      vertex 38.2789 -42.2342 42
    endloop
  endfacet
  facet normal 0 0 1
    outer loop
      vertex 36.1604 -44.0616 42
      vertex 35.742 -48.1925 42
      vertex 38.0636 -46.3806 42
    endloop
  endfacet
  facet normal -0 0 1
    outer loop
      vertex 33.9549 -45.7828 42
      vertex 35.742 -48.1925 42
      vertex 36.1604 -44.0616 42
    endloop
  endfacet
  facet normal 0 0 1
    outer loop
      vertex 33.9549 -45.7828 42
      vertex 33.3342 -49.8882 42
      vertex 35.742 -48.1925 42
    endloop
  endfacet
  facet normal -0 0 1
    outer loop
      vertex 31.6675 -47.3938 42
      vertex 33.3342 -49.8882 42
      vertex 33.9549 -45.7828 42
    endloop
  endfacet
  facet normal 0 0 1
    outer loop
      vertex 31.6675 -47.3938 42
      vertex 30.8462 -51.4637 42
      vertex 33.3342 -49.8882 42
    endloop
  endfacet
  facet normal -0 0 1
    outer loop
      vertex 29.3039 -48.8905 42
      vertex 30.8462 -51.4637 42
      vertex 31.6675 -47.3938 42
    endloop
  endfacet
  facet normal 0 0 1
    outer loop
      vertex 29.3039 -48.8905 42
      vertex 28.2838 -52.9153 42
      vertex 30.8462 -51.4637 42
    endloop
  endfacet
  facet normal -0 0 1
    outer loop
      vertex 26.8696 -50.2695 42
      vertex 28.2838 -52.9153 42
      vertex 29.3039 -48.8905 42
    endloop
  endfacet
  facet normal 0 0 1
    outer loop
      vertex 26.8696 -50.2695 42
      vertex 25.6533 -54.2394 42
      vertex 28.2838 -52.9153 42
    endloop
  endfacet
  facet normal -0 0 1
    outer loop
      vertex 24.3706 -51.5274 42
      vertex 25.6533 -54.2394 42
      vertex 26.8696 -50.2695 42
    endloop
  endfacet
  facet normal 0 0 1
    outer loop
      vertex 24.3706 -51.5274 42
      vertex 22.961 -55.4328 42
      vertex 25.6533 -54.2394 42
    endloop
  endfacet
  facet normal -0 0 1
    outer loop
      vertex 21.813 -52.6611 42
      vertex 22.961 -55.4328 42
      vertex 24.3706 -51.5274 42
    endloop
  endfacet
  facet normal 0 0 1
    outer loop
      vertex 21.813 -52.6611 42
      vertex 20.2134 -56.4926 42
      vertex 22.961 -55.4328 42
    endloop
  endfacet
  facet normal -0 0 1
    outer loop
      vertex 19.2027 -53.668 42
      vertex 20.2134 -56.4926 42
      vertex 21.813 -52.6611 42
    endloop
  endfacet
  facet normal 0 0 1
    outer loop
      vertex 19.2027 -53.668 42
      vertex 17.4171 -57.4164 42
      vertex 20.2134 -56.4926 42
    endloop
  endfacet
  facet normal -0 0 1
    outer loop
      vertex 16.5462 -54.5456 42
      vertex 17.4171 -57.4164 42
      vertex 19.2027 -53.668 42
    endloop
  endfacet
  facet normal 0 0 1
    outer loop
      vertex 16.5462 -54.5456 42
      vertex 14.5788 -58.2019 42
      vertex 17.4171 -57.4164 42
    endloop
  endfacet
  facet normal -0 0 1
    outer loop
      vertex 13.8499 -55.2918 42
      vertex 14.5788 -58.2019 42
      vertex 16.5462 -54.5456 42
    endloop
  endfacet
  facet normal 0 0 1
    outer loop
      vertex 13.8499 -55.2918 42
      vertex 11.7054 -58.8471 42
      vertex 14.5788 -58.2019 42
    endloop
  endfacet
  facet normal -0 0 1
    outer loop
      vertex 11.1201 -55.9048 42
      vertex 11.7054 -58.8471 42
      vertex 13.8499 -55.2918 42
    endloop
  endfacet
  facet normal 0 0 1
    outer loop
      vertex 11.1201 -55.9048 42
      vertex 8.80383 -59.3506 42
      vertex 11.7054 -58.8471 42
    endloop
  endfacet
  facet normal -0 0 1
    outer loop
      vertex 8.36364 -56.3831 42
      vertex 8.80383 -59.3506 42
      vertex 11.1201 -55.9048 42
    endloop
  endfacet
  facet normal 0 0 1
    outer loop
      vertex 8.36364 -56.3831 42
      vertex 5.88103 -59.7111 42
      vertex 8.80383 -59.3506 42
    endloop
  endfacet
  facet normal -0 0 1
    outer loop
      vertex 5.58698 -56.7255 42
      vertex 5.88103 -59.7111 42
      vertex 8.36364 -56.3831 42
    endloop
  endfacet
  facet normal 0 0 1
    outer loop
      vertex 5.58698 -56.7255 42
      vertex 2.94406 -59.9277 42
      vertex 5.88103 -59.7111 42
    endloop
  endfacet
  facet normal -0 0 1
    outer loop
      vertex 2.79686 -56.9313 42
      vertex 2.94406 -59.9277 42
      vertex 5.58698 -56.7255 42
    endloop
  endfacet
  facet normal -0 0 1
    outer loop
      vertex 0 -57 42
      vertex 2.94406 -59.9277 42
      vertex 2.79686 -56.9313 42
    endloop
  endfacet
  facet normal 0 0 1
    outer loop
      vertex 0 -57 42
      vertex 0 -60 42
      vertex 2.94406 -59.9277 42
    endloop
  endfacet
  facet normal 0 0 1
    outer loop
      vertex -2.79686 -56.9313 42
      vertex 0 -60 42
      vertex 0 -57 42
    endloop
  endfacet
  facet normal 0 0 1
    outer loop
      vertex -2.79686 -56.9313 42
      vertex -2.94406 -59.9277 42
      vertex 0 -60 42
    endloop
  endfacet
  facet normal 0 0 1
    outer loop
      vertex -5.58698 -56.7255 42
      vertex -2.94406 -59.9277 42
      vertex -2.79686 -56.9313 42
    endloop
  endfacet
  facet normal 0 0 1
    outer loop
      vertex -5.58698 -56.7255 42
      vertex -5.88103 -59.7111 42
      vertex -2.94406 -59.9277 42
    endloop
  endfacet
  facet normal 0 0 1
    outer loop
      vertex -8.36364 -56.3831 42
      vertex -5.88103 -59.7111 42
      vertex -5.58698 -56.7255 42
    endloop
  endfacet
  facet normal 0 0 1
    outer loop
      vertex -8.36364 -56.3831 42
      vertex -8.80383 -59.3506 42
      vertex -5.88103 -59.7111 42
    endloop
  endfacet
  facet normal 0 0 1
    outer loop
      vertex -11.1201 -55.9048 42
      vertex -8.80383 -59.3506 42
      vertex -8.36364 -56.3831 42
    endloop
  endfacet
  facet normal 0 0 1
    outer loop
      vertex -11.1201 -55.9048 42
      vertex -11.7054 -58.8471 42
      vertex -8.80383 -59.3506 42
    endloop
  endfacet
  facet normal 0 0 1
    outer loop
      vertex -13.8499 -55.2918 42
      vertex -11.7054 -58.8471 42
      vertex -11.1201 -55.9048 42
    endloop
  endfacet
  facet normal 0 0 1
    outer loop
      vertex -13.8499 -55.2918 42
      vertex -14.5788 -58.2019 42
      vertex -11.7054 -58.8471 42
    endloop
  endfacet
  facet normal 0 0 1
    outer loop
      vertex -16.5462 -54.5456 42
      vertex -14.5788 -58.2019 42
      vertex -13.8499 -55.2918 42
    endloop
  endfacet
  facet normal 0 0 1
    outer loop
      vertex -16.5462 -54.5456 42
      vertex -17.4171 -57.4164 42
      vertex -14.5788 -58.2019 42
    endloop
  endfacet
  facet normal 0 0 1
    outer loop
      vertex -19.2027 -53.668 42
      vertex -17.4171 -57.4164 42
      vertex -16.5462 -54.5456 42
    endloop
  endfacet
  facet normal 0 0 1
    outer loop
      vertex -19.2027 -53.668 42
      vertex -20.2134 -56.4926 42
      vertex -17.4171 -57.4164 42
    endloop
  endfacet
  facet normal 0 0 1
    outer loop
      vertex -21.813 -52.6611 42
      vertex -20.2134 -56.4926 42
      vertex -19.2027 -53.668 42
    endloop
  endfacet
  facet normal 0 0 1
    outer loop
      vertex -21.813 -52.6611 42
      vertex -22.961 -55.4328 42
      vertex -20.2134 -56.4926 42
    endloop
  endfacet
  facet normal 0 0 1
    outer loop
      vertex -24.3706 -51.5274 42
      vertex -22.961 -55.4328 42
      vertex -21.813 -52.6611 42
    endloop
  endfacet
  facet normal 0 0 1
    outer loop
      vertex -24.3706 -51.5274 42
      vertex -25.6533 -54.2394 42
      vertex -22.961 -55.4328 42
    endloop
  endfacet
  facet normal 0 0 1
    outer loop
      vertex -26.8696 -50.2695 42
      vertex -25.6533 -54.2394 42
      vertex -24.3706 -51.5274 42
    endloop
  endfacet
  facet normal 0 0 1
    outer loop
      vertex -26.8696 -50.2695 42
      vertex -28.2838 -52.9153 42
      vertex -25.6533 -54.2394 42
    endloop
  endfacet
  facet normal 0 0 1
    outer loop
      vertex -29.3039 -48.8905 42
      vertex -28.2838 -52.9153 42
      vertex -26.8696 -50.2695 42
    endloop
  endfacet
  facet normal 0 0 1
    outer loop
      vertex -29.3039 -48.8905 42
      vertex -30.8462 -51.4637 42
      vertex -28.2838 -52.9153 42
    endloop
  endfacet
  facet normal 0 0 1
    outer loop
      vertex -31.6675 -47.3938 42
      vertex -30.8462 -51.4637 42
      vertex -29.3039 -48.8905 42
    endloop
  endfacet
  facet normal 0 0 1
    outer loop
      vertex -31.6675 -47.3938 42
      vertex -33.3342 -49.8882 42
      vertex -30.8462 -51.4637 42
    endloop
  endfacet
  facet normal 0 0 1
    outer loop
      vertex -33.9549 -45.7828 42
      vertex -33.3342 -49.8882 42
      vertex -31.6675 -47.3938 42
    endloop
  endfacet
  facet normal 0 0 1
    outer loop
      vertex -33.9549 -45.7828 42
      vertex -35.742 -48.1925 42
      vertex -33.3342 -49.8882 42
    endloop
  endfacet
  facet normal 0 0 1
    outer loop
      vertex -36.1604 -44.0616 42
      vertex -35.742 -48.1925 42
      vertex -33.9549 -45.7828 42
    endloop
  endfacet
  facet normal 0 0 1
    outer loop
      vertex -36.1604 -44.0616 42
      vertex -38.0636 -46.3806 42
      vertex -35.742 -48.1925 42
    endloop
  endfacet
  facet normal 0 0 1
    outer loop
      vertex -38.2789 -42.2342 42
      vertex -38.0636 -46.3806 42
      vertex -36.1604 -44.0616 42
    endloop
  endfacet
  facet normal 0 0 1
    outer loop
      vertex -38.2789 -42.2342 42
      vertex -40.2935 -44.4571 42
      vertex -38.0636 -46.3806 42
    endloop
  endfacet
  facet normal 0 0 1
    outer loop
      vertex -40.3051 -40.3051 42
      vertex -40.2935 -44.4571 42
      vertex -38.2789 -42.2342 42
    endloop
  endfacet
  facet normal 0 0 1
    outer loop
      vertex -42.4264 -42.4264 42
      vertex -40.3051 -40.3051 42
      vertex -42.2342 -38.2789 42
    endloop
  endfacet
  facet normal 0 0 1
    outer loop
      vertex -40.3051 -40.3051 42
      vertex -42.4264 -42.4264 42
      vertex -40.2935 -44.4571 42
    endloop
  endfacet
  facet normal 0 0 1
    outer loop
      vertex -44.4571 -40.2935 42
      vertex -42.2342 -38.2789 42
      vertex -44.0616 -36.1604 42
    endloop
  endfacet
  facet normal 0 0 1
    outer loop
      vertex -42.2342 -38.2789 42
      vertex -44.4571 -40.2935 42
      vertex -42.4264 -42.4264 42
    endloop
  endfacet
  facet normal 0 0 1
    outer loop
      vertex -46.3806 -38.0636 42
      vertex -44.0616 -36.1604 42
      vertex -45.7828 -33.9549 42
    endloop
  endfacet
  facet normal 0 0 1
    outer loop
      vertex -44.0616 -36.1604 42
      vertex -46.3806 -38.0636 42
      vertex -44.4571 -40.2935 42
    endloop
  endfacet
  facet normal 0 0 1
    outer loop
      vertex -48.1925 -35.742 42
      vertex -45.7828 -33.9549 42
      vertex -47.3938 -31.6675 42
    endloop
  endfacet
  facet normal 0 0 1
    outer loop
      vertex -45.7828 -33.9549 42
      vertex -48.1925 -35.742 42
      vertex -46.3806 -38.0636 42
    endloop
  endfacet
  facet normal 0 0 1
    outer loop
      vertex -49.8882 -33.3342 42
      vertex -47.3938 -31.6675 42
      vertex -48.8905 -29.3039 42
    endloop
  endfacet
  facet normal 0 0 1
    outer loop
      vertex -47.3938 -31.6675 42
      vertex -49.8882 -33.3342 42
      vertex -48.1925 -35.742 42
    endloop
  endfacet
  facet normal 0 0 1
    outer loop
      vertex -51.4637 -30.8462 42
      vertex -48.8905 -29.3039 42
      vertex -50.2695 -26.8696 42
    endloop
  endfacet
  facet normal 0 0 1
    outer loop
      vertex -48.8905 -29.3039 42
      vertex -51.4637 -30.8462 42
      vertex -49.8882 -33.3342 42
    endloop
  endfacet
  facet normal 0 0 1
    outer loop
      vertex -52.9153 -28.2838 42
      vertex -50.2695 -26.8696 42
      vertex -51.5274 -24.3706 42
    endloop
  endfacet
  facet normal 0 0 1
    outer loop
      vertex -54.2394 -25.6533 42
      vertex -51.5274 -24.3706 42
      vertex -52.6611 -21.813 42
    endloop
  endfacet
  facet normal 0 0 1
    outer loop
      vertex -50.2695 -26.8696 42
      vertex -52.9153 -28.2838 42
      vertex -51.4637 -30.8462 42
    endloop
  endfacet
  facet normal 0 0 1
    outer loop
      vertex -55.4328 -22.961 42
      vertex -52.6611 -21.813 42
      vertex -53.668 -19.2027 42
    endloop
  endfacet
  facet normal 0 0 1
    outer loop
      vertex -51.5274 -24.3706 42
      vertex -54.2394 -25.6533 42
      vertex -52.9153 -28.2838 42
    endloop
  endfacet
  facet normal 0 0 1
    outer loop
      vertex -56.4926 -20.2134 42
      vertex -53.668 -19.2027 42
      vertex -54.5456 -16.5462 42
    endloop
  endfacet
  facet normal 0 0 1
    outer loop
      vertex -57.4164 -17.4171 42
      vertex -54.5456 -16.5462 42
      vertex -55.2918 -13.8499 42
    endloop
  endfacet
  facet normal 0 0 1
    outer loop
      vertex -52.6611 -21.813 42
      vertex -55.4328 -22.961 42
      vertex -54.2394 -25.6533 42
    endloop
  endfacet
  facet normal 0 0 1
    outer loop
      vertex -58.2019 -14.5788 42
      vertex -55.2918 -13.8499 42
      vertex -55.9048 -11.1201 42
    endloop
  endfacet
  facet normal 0 0 1
    outer loop
      vertex -58.8471 -11.7054 42
      vertex -55.9048 -11.1201 42
      vertex -56.3831 -8.36364 42
    endloop
  endfacet
  facet normal 0 0 1
    outer loop
      vertex -53.668 -19.2027 42
      vertex -56.4926 -20.2134 42
      vertex -55.4328 -22.961 42
    endloop
  endfacet
  facet normal 0 0 1
    outer loop
      vertex -59.3506 -8.80383 42
      vertex -56.3831 -8.36364 42
      vertex -56.7255 -5.58698 42
    endloop
  endfacet
  facet normal 0 0 1
    outer loop
      vertex -59.7111 -5.88103 42
      vertex -56.7255 -5.58698 42
      vertex -56.9313 -2.79686 42
    endloop
  endfacet
  facet normal 0 0 1
    outer loop
      vertex -54.5456 -16.5462 42
      vertex -57.4164 -17.4171 42
      vertex -56.4926 -20.2134 42
    endloop
  endfacet
  facet normal 0 0 1
    outer loop
      vertex -59.9277 -2.94406 42
      vertex -56.9313 -2.79686 42
      vertex -57 0 42
    endloop
  endfacet
  facet normal 0 0 1
    outer loop
      vertex -56.3831 8.36364 42
      vertex -59.3506 8.80383 42
      vertex -56.7255 5.58698 42
    endloop
  endfacet
  facet normal -0 0 1
    outer loop
      vertex -59.7111 5.88103 42
      vertex -56.7255 5.58698 42
      vertex -59.3506 8.80383 42
    endloop
  endfacet
  facet normal 0 0 1
    outer loop
      vertex -55.2918 -13.8499 42
      vertex -58.2019 -14.5788 42
      vertex -57.4164 -17.4171 42
    endloop
  endfacet
  facet normal 0 0 1
    outer loop
      vertex -56.7255 5.58698 42
      vertex -59.7111 5.88103 42
      vertex -56.9313 2.79686 42
    endloop
  endfacet
  facet normal 0 0 1
    outer loop
      vertex -55.9048 -11.1201 42
      vertex -58.8471 -11.7054 42
      vertex -58.2019 -14.5788 42
    endloop
  endfacet
  facet normal -0 0 1
    outer loop
      vertex -59.9277 2.94406 42
      vertex -56.9313 2.79686 42
      vertex -59.7111 5.88103 42
    endloop
  endfacet
  facet normal 0 0 1
    outer loop
      vertex -56.3831 -8.36364 42
      vertex -59.3506 -8.80383 42
      vertex -58.8471 -11.7054 42
    endloop
  endfacet
  facet normal 0 0 1
    outer loop
      vertex -56.9313 2.79686 42
      vertex -59.9277 2.94406 42
      vertex -57 0 42
    endloop
  endfacet
  facet normal 0 0 1
    outer loop
      vertex -56.7255 -5.58698 42
      vertex -59.7111 -5.88103 42
      vertex -59.3506 -8.80383 42
    endloop
  endfacet
  facet normal 0 0 1
    outer loop
      vertex -60 0 42
      vertex -57 0 42
      vertex -59.9277 2.94406 42
    endloop
  endfacet
  facet normal 0 0 1
    outer loop
      vertex -56.9313 -2.79686 42
      vertex -59.9277 -2.94406 42
      vertex -59.7111 -5.88103 42
    endloop
  endfacet
  facet normal 0 0 1
    outer loop
      vertex -57 0 42
      vertex -60 0 42
      vertex -59.9277 -2.94406 42
    endloop
  endfacet
  facet normal 0 0 -1
    outer loop
      vertex -46.8613 37.4477 0
      vertex -53.3185 31.6952 0
      vertex -53.3178 31.7774 0
    endloop
  endfacet
  facet normal 0 0 -1
    outer loop
      vertex -3.32473 15.6416 0
      vertex -53.3232 31.6131 0
      vertex -53.3185 31.6952 0
    endloop
  endfacet
  facet normal 0 0 -1
    outer loop
      vertex -3.32473 15.6416 0
      vertex -53.3319 31.5314 0
      vertex -53.3232 31.6131 0
    endloop
  endfacet
  facet normal 0 0 -1
    outer loop
      vertex -3.32473 15.6416 0
      vertex -53.3447 31.4501 0
      vertex -53.3319 31.5314 0
    endloop
  endfacet
  facet normal 0 0 -1
    outer loop
      vertex -3.32473 15.6416 0
      vertex -53.3614 31.3696 0
      vertex -53.3447 31.4501 0
    endloop
  endfacet
  facet normal 0 0 -1
    outer loop
      vertex -3.32473 15.6416 0
      vertex -53.382 31.2901 0
      vertex -53.3614 31.3696 0
    endloop
  endfacet
  facet normal 0 0 -1
    outer loop
      vertex -3.32473 15.6416 0
      vertex -53.4065 31.2116 0
      vertex -53.382 31.2901 0
    endloop
  endfacet
  facet normal 0 -0 -1
    outer loop
      vertex -53.4669 31.0587 0
      vertex -3.32473 15.6416 0
      vertex -55.8584 21.8576 0
    endloop
  endfacet
  facet normal 0 0 -1
    outer loop
      vertex -3.32473 15.6416 0
      vertex -53.4348 31.1344 0
      vertex -53.4065 31.2116 0
    endloop
  endfacet
  facet normal 0 0 -1
    outer loop
      vertex -3.32473 15.6416 0
      vertex -53.4669 31.0587 0
      vertex -53.4348 31.1344 0
    endloop
  endfacet
  facet normal 0 0 -1
    outer loop
      vertex -53.4669 31.0587 0
      vertex -55.8584 21.8576 0
      vertex -53.5027 30.9847 0
    endloop
  endfacet
  facet normal 0 0 -1
    outer loop
      vertex -53.5027 30.9847 0
      vertex -55.8584 21.8576 0
      vertex -53.542 30.9125 0
    endloop
  endfacet
  facet normal 0 0 -1
    outer loop
      vertex -53.542 30.9125 0
      vertex -55.8584 21.8576 0
      vertex -53.5849 30.8423 0
    endloop
  endfacet
  facet normal 0 0 -1
    outer loop
      vertex -53.5849 30.8423 0
      vertex -55.8584 21.8576 0
      vertex -53.6311 30.7743 0
    endloop
  endfacet
  facet normal 0 0 -1
    outer loop
      vertex -53.6311 30.7743 0
      vertex -55.8584 21.8576 0
      vertex -53.6806 30.7087 0
    endloop
  endfacet
  facet normal 0 0 -1
    outer loop
      vertex -53.6806 30.7087 0
      vertex -55.8584 21.8576 0
      vertex -53.7333 30.6456 0
    endloop
  endfacet
  facet normal 0 0 -1
    outer loop
      vertex -53.7333 30.6456 0
      vertex -55.8584 21.8576 0
      vertex -53.789 30.5851 0
    endloop
  endfacet
  facet normal 0 0 -1
    outer loop
      vertex -53.789 30.5851 0
      vertex -55.8584 21.8576 0
      vertex -53.8476 30.5275 0
    endloop
  endfacet
  facet normal 0 0 -1
    outer loop
      vertex -53.8476 30.5275 0
      vertex -55.8584 21.8576 0
      vertex -53.909 30.4728 0
    endloop
  endfacet
  facet normal 0 0 -1
    outer loop
      vertex -53.909 30.4728 0
      vertex -55.8584 21.8576 0
      vertex -53.9729 30.4211 0
    endloop
  endfacet
  facet normal 0 0 -1
    outer loop
      vertex -53.9729 30.4211 0
      vertex -55.8584 21.8576 0
      vertex -54.0394 30.3727 0
    endloop
  endfacet
  facet normal 0 0 -1
    outer loop
      vertex -54.0394 30.3727 0
      vertex -55.8584 21.8576 0
      vertex -54.1081 30.3276 0
    endloop
  endfacet
  facet normal 0 0 -1
    outer loop
      vertex -55.4328 -22.961 0
      vertex -3.32473 15.6416 0
      vertex -54.2394 -25.6533 0
    endloop
  endfacet
  facet normal 0 0 -1
    outer loop
      vertex -54.1081 30.3276 0
      vertex -55.8584 21.8576 0
      vertex -54.179 30.2859 0
    endloop
  endfacet
  facet normal 0 0 -1
    outer loop
      vertex -54.179 30.2859 0
      vertex -55.8584 21.8576 0
      vertex -54.2518 30.2477 0
    endloop
  endfacet
  facet normal 0 0 -1
    outer loop
      vertex -54.2518 30.2477 0
      vertex -55.8584 21.8576 0
      vertex -54.3264 30.2132 0
    endloop
  endfacet
  facet normal 0 0 -1
    outer loop
      vertex -54.3264 30.2132 0
      vertex -55.8584 21.8576 0
      vertex -54.4026 30.1824 0
    endloop
  endfacet
  facet normal 0 0 -1
    outer loop
      vertex -54.4026 30.1824 0
      vertex -55.8584 21.8576 0
      vertex -54.4802 30.1553 0
    endloop
  endfacet
  facet normal 0 0 -1
    outer loop
      vertex -54.4802 30.1553 0
      vertex -55.8584 21.8576 0
      vertex -54.5591 30.1321 0
    endloop
  endfacet
  facet normal 0 0 -1
    outer loop
      vertex -54.5591 30.1321 0
      vertex -55.8584 21.8576 0
      vertex -54.639 30.1128 0
    endloop
  endfacet
  facet normal 0 0 -1
    outer loop
      vertex -54.639 30.1128 0
      vertex -55.8584 21.8576 0
      vertex -54.7198 30.0974 0
    endloop
  endfacet
  facet normal 0 0 -1
    outer loop
      vertex -54.7198 30.0974 0
      vertex -55.8584 21.8576 0
      vertex -54.8012 30.086 0
    endloop
  endfacet
  facet normal 0 0 -1
    outer loop
      vertex -54.8012 30.086 0
      vertex -55.8584 21.8576 0
      vertex -54.8831 30.0786 0
    endloop
  endfacet
  facet normal 0 0 -1
    outer loop
      vertex -54.8831 30.0786 0
      vertex -55.8584 21.8576 0
      vertex -54.9652 30.0752 0
    endloop
  endfacet
  facet normal -0 0 -1
    outer loop
      vertex -54.9652 30.0752 0
      vertex -55.8584 21.8576 0
      vertex -55.0474 30.0759 0
    endloop
  endfacet
  facet normal -0 0 -1
    outer loop
      vertex -55.0474 30.0759 0
      vertex -55.8584 21.8576 0
      vertex -55.1295 30.0806 0
    endloop
  endfacet
  facet normal -0 0 -1
    outer loop
      vertex -55.1295 30.0806 0
      vertex -55.8584 21.8576 0
      vertex -55.2112 30.0893 0
    endloop
  endfacet
  facet normal -0 0 -1
    outer loop
      vertex -55.2112 30.0893 0
      vertex -55.8584 21.8576 0
      vertex -55.2925 30.1021 0
    endloop
  endfacet
  facet normal 0 0 -1
    outer loop
      vertex -56.4926 -20.2134 0
      vertex -3.32473 15.6416 0
      vertex -55.4328 -22.961 0
    endloop
  endfacet
  facet normal -0 0 -1
    outer loop
      vertex -55.2925 30.1021 0
      vertex -55.8584 21.8576 0
      vertex -55.373 30.1188 0
    endloop
  endfacet
  facet normal -0 0 -1
    outer loop
      vertex -55.373 30.1188 0
      vertex -55.8584 21.8576 0
      vertex -55.4525 30.1394 0
    endloop
  endfacet
  facet normal -0 0 -1
    outer loop
      vertex -55.4525 30.1394 0
      vertex -55.8584 21.8576 0
      vertex -55.531 30.1639 0
    endloop
  endfacet
  facet normal -0 0 -1
    outer loop
      vertex -55.531 30.1639 0
      vertex -55.8584 21.8576 0
      vertex -55.6082 30.1922 0
    endloop
  endfacet
  facet normal -0 0 -1
    outer loop
      vertex -55.6082 30.1922 0
      vertex -55.8584 21.8576 0
      vertex -55.6839 30.2243 0
    endloop
  endfacet
  facet normal -0 0 -1
    outer loop
      vertex -55.6839 30.2243 0
      vertex -55.8584 21.8576 0
      vertex -55.7579 30.2601 0
    endloop
  endfacet
  facet normal 0 0 -1
    outer loop
      vertex -62.5237 25.7058 0
      vertex -55.7579 30.2601 0
      vertex -55.8584 21.8576 0
    endloop
  endfacet
  facet normal 0 0 -1
    outer loop
      vertex -57.4164 -17.4171 0
      vertex -3.32473 15.6416 0
      vertex -56.4926 -20.2134 0
    endloop
  endfacet
  facet normal 0 0 -1
    outer loop
      vertex -3.32473 15.6416 0
      vertex -56.4926 20.2134 0
      vertex -55.8584 21.8576 0
    endloop
  endfacet
  facet normal 0 0 -1
    outer loop
      vertex -58.2019 -14.5788 0
      vertex -3.32473 15.6416 0
      vertex -57.4164 -17.4171 0
    endloop
  endfacet
  facet normal 0 0 -1
    outer loop
      vertex -3.32473 15.6416 0
      vertex -57.4164 17.4171 0
      vertex -56.4926 20.2134 0
    endloop
  endfacet
  facet normal 0 0 -1
    outer loop
      vertex -58.8471 -11.7054 0
      vertex -3.32473 15.6416 0
      vertex -58.2019 -14.5788 0
    endloop
  endfacet
  facet normal -0 0 -1
    outer loop
      vertex -3.32473 15.6416 0
      vertex -58.2019 14.5788 0
      vertex -57.4164 17.4171 0
    endloop
  endfacet
  facet normal 0 0 -1
    outer loop
      vertex -59.3506 -8.80383 0
      vertex -3.32473 15.6416 0
      vertex -58.8471 -11.7054 0
    endloop
  endfacet
  facet normal 0 0 -1
    outer loop
      vertex -3.32473 15.6416 0
      vertex -58.8471 11.7054 0
      vertex -58.2019 14.5788 0
    endloop
  endfacet
  facet normal 0 0 -1
    outer loop
      vertex -59.7111 -5.88103 0
      vertex -3.32473 15.6416 0
      vertex -59.3506 -8.80383 0
    endloop
  endfacet
  facet normal 0 0 -1
    outer loop
      vertex -3.32473 15.6416 0
      vertex -59.3506 8.80383 0
      vertex -58.8471 11.7054 0
    endloop
  endfacet
  facet normal 0 0 -1
    outer loop
      vertex -59.9277 -2.94406 0
      vertex -3.32473 15.6416 0
      vertex -59.7111 -5.88103 0
    endloop
  endfacet
  facet normal 0 0 -1
    outer loop
      vertex -3.32473 15.6416 0
      vertex -59.7111 5.88103 0
      vertex -59.3506 8.80383 0
    endloop
  endfacet
  facet normal 0 0 -1
    outer loop
      vertex -60 0 0
      vertex -3.32473 15.6416 0
      vertex -59.9277 -2.94406 0
    endloop
  endfacet
  facet normal 0 0 -1
    outer loop
      vertex -3.32473 15.6416 0
      vertex -59.9277 2.94406 0
      vertex -59.7111 5.88103 0
    endloop
  endfacet
  facet normal 0 0 -1
    outer loop
      vertex -3.32473 15.6416 0
      vertex -60 0 0
      vertex -59.9277 2.94406 0
    endloop
  endfacet
  facet normal -0 0 -1
    outer loop
      vertex -55.7579 30.2601 0
      vertex -62.5237 25.7058 0
      vertex -55.8301 30.2994 0
    endloop
  endfacet
  facet normal -0 0 -1
    outer loop
      vertex -55.8301 30.2994 0
      vertex -62.5237 25.7058 0
      vertex -55.9003 30.3422 0
    endloop
  endfacet
  facet normal -0 0 -1
    outer loop
      vertex -55.9003 30.3422 0
      vertex -62.5237 25.7058 0
      vertex -55.9683 30.3885 0
    endloop
  endfacet
  facet normal -0 0 -1
    outer loop
      vertex -55.9683 30.3885 0
      vertex -62.5237 25.7058 0
      vertex -56.0339 30.438 0
    endloop
  endfacet
  facet normal -0 0 -1
    outer loop
      vertex -56.0339 30.438 0
      vertex -62.5237 25.7058 0
      vertex -56.097 30.4907 0
    endloop
  endfacet
  facet normal -0 0 -1
    outer loop
      vertex -56.097 30.4907 0
      vertex -62.5237 25.7058 0
      vertex -56.1575 30.5464 0
    endloop
  endfacet
  facet normal -0 0 -1
    outer loop
      vertex -56.1575 30.5464 0
      vertex -62.5237 25.7058 0
      vertex -56.2151 30.605 0
    endloop
  endfacet
  facet normal -0 0 -1
    outer loop
      vertex -56.2151 30.605 0
      vertex -62.5237 25.7058 0
      vertex -56.2698 30.6663 0
    endloop
  endfacet
  facet normal -0 0 -1
    outer loop
      vertex -56.2698 30.6663 0
      vertex -62.5237 25.7058 0
      vertex -56.3215 30.7303 0
    endloop
  endfacet
  facet normal -0 0 -1
    outer loop
      vertex -56.3215 30.7303 0
      vertex -62.5237 25.7058 0
      vertex -56.3699 30.7968 0
    endloop
  endfacet
  facet normal -0 0 -1
    outer loop
      vertex -56.3699 30.7968 0
      vertex -62.5237 25.7058 0
      vertex -56.415 30.8655 0
    endloop
  endfacet
  facet normal -0 0 -1
    outer loop
      vertex -56.415 30.8655 0
      vertex -62.5237 25.7058 0
      vertex -56.4567 30.9363 0
    endloop
  endfacet
  facet normal -0 0 -1
    outer loop
      vertex -56.4567 30.9363 0
      vertex -62.5237 25.7058 0
      vertex -56.4949 31.0092 0
    endloop
  endfacet
  facet normal -0 0 -1
    outer loop
      vertex -56.4949 31.0092 0
      vertex -62.5237 25.7058 0
      vertex -56.5294 31.0838 0
    endloop
  endfacet
  facet normal -0 0 -1
    outer loop
      vertex -56.5294 31.0838 0
      vertex -62.5237 25.7058 0
      vertex -56.5603 31.16 0
    endloop
  endfacet
  facet normal -0 0 -1
    outer loop
      vertex -56.5603 31.16 0
      vertex -62.5237 25.7058 0
      vertex -56.5873 31.2376 0
    endloop
  endfacet
  facet normal -0 0 -1
    outer loop
      vertex -56.5873 31.2376 0
      vertex -62.5237 25.7058 0
      vertex -56.6105 31.3165 0
    endloop
  endfacet
  facet normal -0 0 -1
    outer loop
      vertex -56.6105 31.3165 0
      vertex -62.5237 25.7058 0
      vertex -56.6299 31.3964 0
    endloop
  endfacet
  facet normal -0 0 -1
    outer loop
      vertex -56.6299 31.3964 0
      vertex -62.5237 25.7058 0
      vertex -56.6452 31.4771 0
    endloop
  endfacet
  facet normal -0 0 -1
    outer loop
      vertex -56.6452 31.4771 0
      vertex -62.5237 25.7058 0
      vertex -56.6566 31.5586 0
    endloop
  endfacet
  facet normal -0 0 -1
    outer loop
      vertex -56.664 31.6404 0
      vertex -62.5237 25.7058 0
      vertex -56.6674 31.7226 0
    endloop
  endfacet
  facet normal -0 0 -1
    outer loop
      vertex -56.6566 31.5586 0
      vertex -62.5237 25.7058 0
      vertex -56.664 31.6404 0
    endloop
  endfacet
  facet normal 0 0 -1
    outer loop
      vertex 1.67298 -63.4178 0
      vertex 9 -59.3166 0
      vertex 9 -67 0
    endloop
  endfacet
  facet normal 0 0 -1
    outer loop
      vertex 0.93058 -62.1073 0
      vertex 9 -59.3166 0
      vertex 0.997796 -62.1546 0
    endloop
  endfacet
  facet normal 0 0 -1
    outer loop
      vertex 1.67298 -63.4178 0
      vertex 9 -67 0
      vertex 1.675 -63.5 0
    endloop
  endfacet
  facet normal 0 0 -1
    outer loop
      vertex 9 -67 0
      vertex 1.67298 -63.5822 0
      vertex 1.675 -63.5 0
    endloop
  endfacet
  facet normal 0 0 -1
    outer loop
      vertex 9 -67 0
      vertex 1.66693 -63.6642 0
      vertex 1.67298 -63.5822 0
    endloop
  endfacet
  facet normal 0 0 -1
    outer loop
      vertex 9 -67 0
      vertex 1.65687 -63.7458 0
      vertex 1.66693 -63.6642 0
    endloop
  endfacet
  facet normal 0 0 -1
    outer loop
      vertex 9 -67 0
      vertex 1.64281 -63.8268 0
      vertex 1.65687 -63.7458 0
    endloop
  endfacet
  facet normal 0 0 -1
    outer loop
      vertex 9 -67 0
      vertex 1.6248 -63.907 0
      vertex 1.64281 -63.8268 0
    endloop
  endfacet
  facet normal 0 0 -1
    outer loop
      vertex 9 -67 0
      vertex 1.60287 -63.9862 0
      vertex 1.6248 -63.907 0
    endloop
  endfacet
  facet normal 0 0 -1
    outer loop
      vertex 9 -67 0
      vertex 1.57709 -64.0643 0
      vertex 1.60287 -63.9862 0
    endloop
  endfacet
  facet normal 0 0 -1
    outer loop
      vertex 9 -67 0
      vertex 1.5475 -64.141 0
      vertex 1.57709 -64.0643 0
    endloop
  endfacet
  facet normal 0 0 -1
    outer loop
      vertex 9 -67 0
      vertex 1.51418 -64.2162 0
      vertex 1.5475 -64.141 0
    endloop
  endfacet
  facet normal 0 0 -1
    outer loop
      vertex 9 -67 0
      vertex 1.47722 -64.2896 0
      vertex 1.51418 -64.2162 0
    endloop
  endfacet
  facet normal 0 0 -1
    outer loop
      vertex 9 -67 0
      vertex 1.4367 -64.3611 0
      vertex 1.47722 -64.2896 0
    endloop
  endfacet
  facet normal 0 0 -1
    outer loop
      vertex 9 -67 0
      vertex 1.39271 -64.4306 0
      vertex 1.4367 -64.3611 0
    endloop
  endfacet
  facet normal 0 0 -1
    outer loop
      vertex 9 -67 0
      vertex 1.34537 -64.4978 0
      vertex 1.39271 -64.4306 0
    endloop
  endfacet
  facet normal 0 0 -1
    outer loop
      vertex 9 -67 0
      vertex 1.29479 -64.5626 0
      vertex 1.34537 -64.4978 0
    endloop
  endfacet
  facet normal 0 0 -1
    outer loop
      vertex 9 -67 0
      vertex 1.24109 -64.6249 0
      vertex 1.29479 -64.5626 0
    endloop
  endfacet
  facet normal 0 0 -1
    outer loop
      vertex 9 -67 0
      vertex 1.1844 -64.6844 0
      vertex 1.24109 -64.6249 0
    endloop
  endfacet
  facet normal 0 0 -1
    outer loop
      vertex 9 -67 0
      vertex 1.12486 -64.7411 0
      vertex 1.1844 -64.6844 0
    endloop
  endfacet
  facet normal 0 0 -1
    outer loop
      vertex 9 -67 0
      vertex 1.06261 -64.7948 0
      vertex 1.12486 -64.7411 0
    endloop
  endfacet
  facet normal 0 0 -1
    outer loop
      vertex 9 -67 0
      vertex 0.997796 -64.8454 0
      vertex 1.06261 -64.7948 0
    endloop
  endfacet
  facet normal 0 0 -1
    outer loop
      vertex 9 -67 0
      vertex 0.93058 -64.8927 0
      vertex 0.997796 -64.8454 0
    endloop
  endfacet
  facet normal 0 0 -1
    outer loop
      vertex 9 -67 0
      vertex 0.861121 -64.9367 0
      vertex 0.93058 -64.8927 0
    endloop
  endfacet
  facet normal 0 0 -1
    outer loop
      vertex 9 -67 0
      vertex 0.789589 -64.9772 0
      vertex 0.861121 -64.9367 0
    endloop
  endfacet
  facet normal 0 0 -1
    outer loop
      vertex 9 -67 0
      vertex 0.716154 -65.0142 0
      vertex 0.789589 -64.9772 0
    endloop
  endfacet
  facet normal 0 0 -1
    outer loop
      vertex 9 -67 0
      vertex 0.640994 -65.0475 0
      vertex 0.716154 -65.0142 0
    endloop
  endfacet
  facet normal 0 0 -1
    outer loop
      vertex 9 -67 0
      vertex 0.56429 -65.0771 0
      vertex 0.640994 -65.0475 0
    endloop
  endfacet
  facet normal 0 0 -1
    outer loop
      vertex 9 -67 0
      vertex 0.486226 -65.1029 0
      vertex 0.56429 -65.0771 0
    endloop
  endfacet
  facet normal 0 0 -1
    outer loop
      vertex 9 -67 0
      vertex 0.406991 -65.1248 0
      vertex 0.486226 -65.1029 0
    endloop
  endfacet
  facet normal 0 0 -1
    outer loop
      vertex 9 -67 0
      vertex 0.326776 -65.1428 0
      vertex 0.406991 -65.1248 0
    endloop
  endfacet
  facet normal 0 0 -1
    outer loop
      vertex 9 -67 0
      vertex 0.245773 -65.1569 0
      vertex 0.326776 -65.1428 0
    endloop
  endfacet
  facet normal 0 0 -1
    outer loop
      vertex 9 -67 0
      vertex 0.164178 -65.1669 0
      vertex 0.245773 -65.1569 0
    endloop
  endfacet
  facet normal 0 0 -1
    outer loop
      vertex 9 -67 0
      vertex 0.0821877 -65.173 0
      vertex 0.164178 -65.1669 0
    endloop
  endfacet
  facet normal 0 0 -1
    outer loop
      vertex 9 -67 0
      vertex 0 -65.175 0
      vertex 0.0821877 -65.173 0
    endloop
  endfacet
  facet normal 0 0 -1
    outer loop
      vertex -9 -67 0
      vertex 0 -65.175 0
      vertex 9 -67 0
    endloop
  endfacet
  facet normal -0 0 -1
    outer loop
      vertex 0 -65.175 0
      vertex -9 -67 0
      vertex -0.0821877 -65.173 0
    endloop
  endfacet
  facet normal -0 0 -1
    outer loop
      vertex -0.0821877 -65.173 0
      vertex -9 -67 0
      vertex -0.164178 -65.1669 0
    endloop
  endfacet
  facet normal -0 0 -1
    outer loop
      vertex -0.164178 -65.1669 0
      vertex -9 -67 0
      vertex -0.245773 -65.1569 0
    endloop
  endfacet
  facet normal 0 0 -1
    outer loop
      vertex -1.56827 15.923 0
      vertex -3.32473 15.6416 0
      vertex -3.12144 15.6926 0
    endloop
  endfacet
  facet normal -0 0 -1
    outer loop
      vertex -0.245773 -65.1569 0
      vertex -9 -67 0
      vertex -0.326776 -65.1428 0
    endloop
  endfacet
  facet normal 0 0 -1
    outer loop
      vertex -9 -67 0
      vertex -0.406991 -65.1248 0
      vertex -0.326776 -65.1428 0
    endloop
  endfacet
  facet normal 0 0 -1
    outer loop
      vertex -9 -67 0
      vertex -0.486226 -65.1029 0
      vertex -0.406991 -65.1248 0
    endloop
  endfacet
  facet normal 0 0 -1
    outer loop
      vertex -9 -67 0
      vertex -0.56429 -65.0771 0
      vertex -0.486226 -65.1029 0
    endloop
  endfacet
  facet normal 0 0 -1
    outer loop
      vertex -9 -67 0
      vertex -0.640994 -65.0475 0
      vertex -0.56429 -65.0771 0
    endloop
  endfacet
  facet normal 0 0 -1
    outer loop
      vertex -9 -67 0
      vertex -0.716154 -65.0142 0
      vertex -0.640994 -65.0475 0
    endloop
  endfacet
  facet normal 0 0 -1
    outer loop
      vertex -9 -67 0
      vertex -0.789589 -64.9772 0
      vertex -0.716154 -65.0142 0
    endloop
  endfacet
  facet normal 0 0 -1
    outer loop
      vertex -9 -67 0
      vertex -0.861121 -64.9367 0
      vertex -0.789589 -64.9772 0
    endloop
  endfacet
  facet normal 0 0 -1
    outer loop
      vertex -9 -67 0
      vertex -0.93058 -64.8927 0
      vertex -0.861121 -64.9367 0
    endloop
  endfacet
  facet normal 0 0 -1
    outer loop
      vertex -9 -67 0
      vertex -0.997796 -64.8454 0
      vertex -0.93058 -64.8927 0
    endloop
  endfacet
  facet normal 0 0 -1
    outer loop
      vertex -9 -67 0
      vertex -1.06261 -64.7948 0
      vertex -0.997796 -64.8454 0
    endloop
  endfacet
  facet normal 0 0 -1
    outer loop
      vertex -9 -67 0
      vertex -1.12486 -64.7411 0
      vertex -1.06261 -64.7948 0
    endloop
  endfacet
  facet normal 0 0 -1
    outer loop
      vertex -9 -67 0
      vertex -1.1844 -64.6844 0
      vertex -1.12486 -64.7411 0
    endloop
  endfacet
  facet normal 0 0 -1
    outer loop
      vertex -9 -67 0
      vertex -1.24109 -64.6249 0
      vertex -1.1844 -64.6844 0
    endloop
  endfacet
  facet normal 0 0 -1
    outer loop
      vertex -9 -67 0
      vertex -1.29479 -64.5626 0
      vertex -1.24109 -64.6249 0
    endloop
  endfacet
  facet normal 0 0 -1
    outer loop
      vertex -9 -67 0
      vertex -1.34537 -64.4978 0
      vertex -1.29479 -64.5626 0
    endloop
  endfacet
  facet normal 0 0 -1
    outer loop
      vertex -9 -67 0
      vertex -1.39271 -64.4306 0
      vertex -1.34537 -64.4978 0
    endloop
  endfacet
  facet normal 0 0 -1
    outer loop
      vertex -9 -67 0
      vertex -1.4367 -64.3611 0
      vertex -1.39271 -64.4306 0
    endloop
  endfacet
  facet normal 0 0 -1
    outer loop
      vertex -9 -67 0
      vertex -1.47722 -64.2896 0
      vertex -1.4367 -64.3611 0
    endloop
  endfacet
  facet normal 0 0 -1
    outer loop
      vertex -9 -67 0
      vertex -1.51418 -64.2162 0
      vertex -1.47722 -64.2896 0
    endloop
  endfacet
  facet normal 0 0 -1
    outer loop
      vertex -9 -67 0
      vertex -1.5475 -64.141 0
      vertex -1.51418 -64.2162 0
    endloop
  endfacet
  facet normal 0 0 -1
    outer loop
      vertex -9 -67 0
      vertex -1.57709 -64.0643 0
      vertex -1.5475 -64.141 0
    endloop
  endfacet
  facet normal 0 0 -1
    outer loop
      vertex -9 -67 0
      vertex -1.60287 -63.9862 0
      vertex -1.57709 -64.0643 0
    endloop
  endfacet
  facet normal 0 0 -1
    outer loop
      vertex -9 -67 0
      vertex -1.6248 -63.907 0
      vertex -1.60287 -63.9862 0
    endloop
  endfacet
  facet normal 0 0 -1
    outer loop
      vertex -9 -67 0
      vertex -1.64281 -63.8268 0
      vertex -1.6248 -63.907 0
    endloop
  endfacet
  facet normal 0 0 -1
    outer loop
      vertex -9 -67 0
      vertex -1.65687 -63.7458 0
      vertex -1.64281 -63.8268 0
    endloop
  endfacet
  facet normal 0 0 -1
    outer loop
      vertex -9 -67 0
      vertex -1.66693 -63.6642 0
      vertex -1.65687 -63.7458 0
    endloop
  endfacet
  facet normal 0 0 -1
    outer loop
      vertex -9 -67 0
      vertex -1.67298 -63.5822 0
      vertex -1.66693 -63.6642 0
    endloop
  endfacet
  facet normal 0 0 -1
    outer loop
      vertex -9 -67 0
      vertex -1.675 -63.5 0
      vertex -1.67298 -63.5822 0
    endloop
  endfacet
  facet normal -0 0 -1
    outer loop
      vertex -1.67298 -63.4178 0
      vertex -9 -67 0
      vertex -9 -59.3166 0
    endloop
  endfacet
  facet normal 0 0 -1
    outer loop
      vertex -1.67298 -63.4178 0
      vertex -9 -59.3166 0
      vertex -3.32473 15.6416 0
    endloop
  endfacet
  facet normal 0 0 -1
    outer loop
      vertex -11.7054 -58.8471 0
      vertex -3.32473 15.6416 0
      vertex -9 -59.3166 0
    endloop
  endfacet
  facet normal 0 0 -1
    outer loop
      vertex -14.5788 -58.2019 0
      vertex -3.32473 15.6416 0
      vertex -11.7054 -58.8471 0
    endloop
  endfacet
  facet normal 0 0 -1
    outer loop
      vertex -17.4171 -57.4164 0
      vertex -3.32473 15.6416 0
      vertex -14.5788 -58.2019 0
    endloop
  endfacet
  facet normal 0 0 -1
    outer loop
      vertex 12.2668 57.7107 0
      vertex 11.7054 58.8471 0
      vertex 14.5788 58.2019 0
    endloop
  endfacet
  facet normal 0 0 -1
    outer loop
      vertex 9.83936 58.1738 0
      vertex 11.7054 58.8471 0
      vertex 12.2668 57.7107 0
    endloop
  endfacet
  facet normal 0 0 -1
    outer loop
      vertex 9.83936 58.1738 0
      vertex 8.80383 59.3506 0
      vertex 11.7054 58.8471 0
    endloop
  endfacet
  facet normal 0 0 -1
    outer loop
      vertex 7.39465 58.5348 0
      vertex 8.80383 59.3506 0
      vertex 9.83936 58.1738 0
    endloop
  endfacet
  facet normal 0 0 -1
    outer loop
      vertex 7.39465 58.5348 0
      vertex 5.88103 59.7111 0
      vertex 8.80383 59.3506 0
    endloop
  endfacet
  facet normal 0 0 -1
    outer loop
      vertex 4.93698 58.7931 0
      vertex 5.88103 59.7111 0
      vertex 7.39465 58.5348 0
    endloop
  endfacet
  facet normal 0 0 -1
    outer loop
      vertex 4.93698 58.7931 0
      vertex 2.94406 59.9277 0
      vertex 5.88103 59.7111 0
    endloop
  endfacet
  facet normal 0 0 -1
    outer loop
      vertex 2.47066 58.9482 0
      vertex 2.94406 59.9277 0
      vertex 4.93698 58.7931 0
    endloop
  endfacet
  facet normal 0 0 -1
    outer loop
      vertex 0 60 0
      vertex 2.47066 58.9482 0
      vertex 0 59 0
    endloop
  endfacet
  facet normal 0 0 -1
    outer loop
      vertex 2.47066 58.9482 0
      vertex 0 60 0
      vertex 2.94406 59.9277 0
    endloop
  endfacet
  facet normal 0 0 -1
    outer loop
      vertex -2.47066 58.9482 0
      vertex 0 60 0
      vertex 0 59 0
    endloop
  endfacet
  facet normal 0 0 -1
    outer loop
      vertex -2.47066 58.9482 0
      vertex -2.94406 59.9277 0
      vertex 0 60 0
    endloop
  endfacet
  facet normal 0 0 -1
    outer loop
      vertex -4.93698 58.7931 0
      vertex -2.94406 59.9277 0
      vertex -2.47066 58.9482 0
    endloop
  endfacet
  facet normal 0 0 -1
    outer loop
      vertex -4.93698 58.7931 0
      vertex -5.88103 59.7111 0
      vertex -2.94406 59.9277 0
    endloop
  endfacet
  facet normal 0 0 -1
    outer loop
      vertex -7.39465 58.5348 0
      vertex -5.88103 59.7111 0
      vertex -4.93698 58.7931 0
    endloop
  endfacet
  facet normal 0 0 -1
    outer loop
      vertex -7.39465 58.5348 0
      vertex -8.80383 59.3506 0
      vertex -5.88103 59.7111 0
    endloop
  endfacet
  facet normal 0 0 -1
    outer loop
      vertex -9.83936 58.1738 0
      vertex -8.80383 59.3506 0
      vertex -7.39465 58.5348 0
    endloop
  endfacet
  facet normal 0 0 -1
    outer loop
      vertex -9.83936 58.1738 0
      vertex -11.7054 58.8471 0
      vertex -8.80383 59.3506 0
    endloop
  endfacet
  facet normal 0 0 -1
    outer loop
      vertex -12.2668 57.7107 0
      vertex -11.7054 58.8471 0
      vertex -9.83936 58.1738 0
    endloop
  endfacet
  facet normal 0 0 -1
    outer loop
      vertex -12.2668 57.7107 0
      vertex -14.5788 58.2019 0
      vertex -11.7054 58.8471 0
    endloop
  endfacet
  facet normal 0 0 -1
    outer loop
      vertex -20.2134 -56.4926 0
      vertex -3.32473 15.6416 0
      vertex -17.4171 -57.4164 0
    endloop
  endfacet
  facet normal 0 0 -1
    outer loop
      vertex -22.961 -55.4328 0
      vertex -3.32473 15.6416 0
      vertex -20.2134 -56.4926 0
    endloop
  endfacet
  facet normal -0 0 -1
    outer loop
      vertex -12.2668 57.7107 0
      vertex -17.4171 57.4164 0
      vertex -14.5788 58.2019 0
    endloop
  endfacet
  facet normal 0 0 -1
    outer loop
      vertex -25.6533 -54.2394 0
      vertex -3.32473 15.6416 0
      vertex -22.961 -55.4328 0
    endloop
  endfacet
  facet normal 0 0 -1
    outer loop
      vertex -12.2668 57.7107 0
      vertex -20.2134 56.4926 0
      vertex -17.4171 57.4164 0
    endloop
  endfacet
  facet normal 0 0 -1
    outer loop
      vertex -28.2838 -52.9153 0
      vertex -3.32473 15.6416 0
      vertex -25.6533 -54.2394 0
    endloop
  endfacet
  facet normal 0 0 -1
    outer loop
      vertex -3.32473 15.6416 0
      vertex -20.2134 56.4926 0
      vertex -12.2668 57.7107 0
    endloop
  endfacet
  facet normal 0 0 -1
    outer loop
      vertex -30.8462 -51.4637 0
      vertex -3.32473 15.6416 0
      vertex -28.2838 -52.9153 0
    endloop
  endfacet
  facet normal 0 -0 -1
    outer loop
      vertex -20.2134 56.4926 0
      vertex -3.32473 15.6416 0
      vertex -22.961 55.4328 0
    endloop
  endfacet
  facet normal 0 0 -1
    outer loop
      vertex -33.3342 -49.8882 0
      vertex -3.32473 15.6416 0
      vertex -30.8462 -51.4637 0
    endloop
  endfacet
  facet normal 0 -0 -1
    outer loop
      vertex -22.961 55.4328 0
      vertex -3.32473 15.6416 0
      vertex -25.6533 54.2394 0
    endloop
  endfacet
  facet normal 0 0 -1
    outer loop
      vertex -35.742 -48.1925 0
      vertex -3.32473 15.6416 0
      vertex -33.3342 -49.8882 0
    endloop
  endfacet
  facet normal 0 -0 -1
    outer loop
      vertex -25.6533 54.2394 0
      vertex -3.32473 15.6416 0
      vertex -28.2838 52.9153 0
    endloop
  endfacet
  facet normal 0 0 -1
    outer loop
      vertex -38.0636 -46.3806 0
      vertex -3.32473 15.6416 0
      vertex -35.742 -48.1925 0
    endloop
  endfacet
  facet normal 0 -0 -1
    outer loop
      vertex -28.2838 52.9153 0
      vertex -3.32473 15.6416 0
      vertex -30.8462 51.4637 0
    endloop
  endfacet
  facet normal 0 0 -1
    outer loop
      vertex -40.2935 -44.4571 0
      vertex -3.32473 15.6416 0
      vertex -38.0636 -46.3806 0
    endloop
  endfacet
  facet normal 0 -0 -1
    outer loop
      vertex -30.8462 51.4637 0
      vertex -3.32473 15.6416 0
      vertex -33.3342 49.8882 0
    endloop
  endfacet
  facet normal 0 0 -1
    outer loop
      vertex -42.4264 -42.4264 0
      vertex -3.32473 15.6416 0
      vertex -40.2935 -44.4571 0
    endloop
  endfacet
  facet normal 0 -0 -1
    outer loop
      vertex -33.3342 49.8882 0
      vertex -3.32473 15.6416 0
      vertex -35.742 48.1925 0
    endloop
  endfacet
  facet normal 0 0 -1
    outer loop
      vertex -44.4571 -40.2935 0
      vertex -3.32473 15.6416 0
      vertex -42.4264 -42.4264 0
    endloop
  endfacet
  facet normal 0 -0 -1
    outer loop
      vertex -35.742 48.1925 0
      vertex -3.32473 15.6416 0
      vertex -38.0636 46.3806 0
    endloop
  endfacet
  facet normal 0 0 -1
    outer loop
      vertex -46.3806 -38.0636 0
      vertex -3.32473 15.6416 0
      vertex -44.4571 -40.2935 0
    endloop
  endfacet
  facet normal 0 -0 -1
    outer loop
      vertex -38.0636 46.3806 0
      vertex -3.32473 15.6416 0
      vertex -40.2935 44.4571 0
    endloop
  endfacet
  facet normal 0 0 -1
    outer loop
      vertex -48.1925 -35.742 0
      vertex -3.32473 15.6416 0
      vertex -46.3806 -38.0636 0
    endloop
  endfacet
  facet normal 0 -0 -1
    outer loop
      vertex -40.2935 44.4571 0
      vertex -3.32473 15.6416 0
      vertex -42.4264 42.4264 0
    endloop
  endfacet
  facet normal 0 0 -1
    outer loop
      vertex -49.8882 -33.3342 0
      vertex -3.32473 15.6416 0
      vertex -48.1925 -35.742 0
    endloop
  endfacet
  facet normal 0 -0 -1
    outer loop
      vertex -42.4264 42.4264 0
      vertex -3.32473 15.6416 0
      vertex -44.4571 40.2935 0
    endloop
  endfacet
  facet normal 0 0 -1
    outer loop
      vertex -3.32473 15.6416 0
      vertex -46.3806 38.0636 0
      vertex -44.4571 40.2935 0
    endloop
  endfacet
  facet normal 0 0 -1
    outer loop
      vertex -51.4637 -30.8462 0
      vertex -3.32473 15.6416 0
      vertex -49.8882 -33.3342 0
    endloop
  endfacet
  facet normal 0 0 -1
    outer loop
      vertex -52.9153 -28.2838 0
      vertex -3.32473 15.6416 0
      vertex -51.4637 -30.8462 0
    endloop
  endfacet
  facet normal 0 0 -1
    outer loop
      vertex -54.2394 -25.6533 0
      vertex -3.32473 15.6416 0
      vertex -52.9153 -28.2838 0
    endloop
  endfacet
  facet normal 0 -0 -1
    outer loop
      vertex -46.3806 38.0636 0
      vertex -3.32473 15.6416 0
      vertex -46.8613 37.4477 0
    endloop
  endfacet
  facet normal 0 0 -1
    outer loop
      vertex -53.3185 31.6952 0
      vertex -46.8613 37.4477 0
      vertex -3.32473 15.6416 0
    endloop
  endfacet
  facet normal 0 0 -1
    outer loop
      vertex -53.3212 31.8596 0
      vertex -46.8613 37.4477 0
      vertex -53.3178 31.7774 0
    endloop
  endfacet
  facet normal 0 0 -1
    outer loop
      vertex -53.3286 31.9414 0
      vertex -46.8613 37.4477 0
      vertex -53.3212 31.8596 0
    endloop
  endfacet
  facet normal 0 0 -1
    outer loop
      vertex -53.34 32.0229 0
      vertex -46.8613 37.4477 0
      vertex -53.3286 31.9414 0
    endloop
  endfacet
  facet normal 0 0 -1
    outer loop
      vertex -53.3554 32.1036 0
      vertex -46.8613 37.4477 0
      vertex -53.34 32.0229 0
    endloop
  endfacet
  facet normal 0 0 -1
    outer loop
      vertex -53.3747 32.1835 0
      vertex -46.8613 37.4477 0
      vertex -53.3554 32.1036 0
    endloop
  endfacet
  facet normal 0 0 -1
    outer loop
      vertex -53.3979 32.2624 0
      vertex -46.8613 37.4477 0
      vertex -53.3747 32.1835 0
    endloop
  endfacet
  facet normal 0 0 -1
    outer loop
      vertex -53.425 32.34 0
      vertex -46.8613 37.4477 0
      vertex -53.3979 32.2624 0
    endloop
  endfacet
  facet normal 0 0 -1
    outer loop
      vertex -53.4558 32.4162 0
      vertex -46.8613 37.4477 0
      vertex -53.425 32.34 0
    endloop
  endfacet
  facet normal 0 0 -1
    outer loop
      vertex -53.4903 32.4908 0
      vertex -46.8613 37.4477 0
      vertex -53.4558 32.4162 0
    endloop
  endfacet
  facet normal 0 0 -1
    outer loop
      vertex -53.5285 32.5637 0
      vertex -46.8613 37.4477 0
      vertex -53.4903 32.4908 0
    endloop
  endfacet
  facet normal 0 0 -1
    outer loop
      vertex -53.5702 32.6345 0
      vertex -46.8613 37.4477 0
      vertex -53.5285 32.5637 0
    endloop
  endfacet
  facet normal 0 0 -1
    outer loop
      vertex -53.6153 32.7032 0
      vertex -46.8613 37.4477 0
      vertex -53.5702 32.6345 0
    endloop
  endfacet
  facet normal 0 0 -1
    outer loop
      vertex -53.6637 32.7697 0
      vertex -46.8613 37.4477 0
      vertex -53.6153 32.7032 0
    endloop
  endfacet
  facet normal 0 0 -1
    outer loop
      vertex -53.7154 32.8337 0
      vertex -46.8613 37.4477 0
      vertex -53.6637 32.7697 0
    endloop
  endfacet
  facet normal 0 0 -1
    outer loop
      vertex -53.7701 32.895 0
      vertex -46.8613 37.4477 0
      vertex -53.7154 32.8337 0
    endloop
  endfacet
  facet normal 0 0 -1
    outer loop
      vertex -53.8277 32.9536 0
      vertex -46.8613 37.4477 0
      vertex -53.7701 32.895 0
    endloop
  endfacet
  facet normal 0 0 -1
    outer loop
      vertex -53.8882 33.0093 0
      vertex -46.8613 37.4477 0
      vertex -53.8277 32.9536 0
    endloop
  endfacet
  facet normal 0 0 -1
    outer loop
      vertex -53.9513 33.062 0
      vertex -46.8613 37.4477 0
      vertex -53.8882 33.0093 0
    endloop
  endfacet
  facet normal 0 0 -1
    outer loop
      vertex -54.017 33.1115 0
      vertex -46.8613 37.4477 0
      vertex -53.9513 33.062 0
    endloop
  endfacet
  facet normal 0 0 -1
    outer loop
      vertex -54.0849 33.1577 0
      vertex -46.8613 37.4477 0
      vertex -54.017 33.1115 0
    endloop
  endfacet
  facet normal -0 0 -1
    outer loop
      vertex -46.8613 37.4477 0
      vertex -54.0849 33.1577 0
      vertex -53.5237 41.2942 0
    endloop
  endfacet
  facet normal 0 0 -1
    outer loop
      vertex -54.1551 33.2006 0
      vertex -53.5237 41.2942 0
      vertex -54.0849 33.1577 0
    endloop
  endfacet
  facet normal 0 0 -1
    outer loop
      vertex -54.2273 33.2399 0
      vertex -53.5237 41.2942 0
      vertex -54.1551 33.2006 0
    endloop
  endfacet
  facet normal 0 0 -1
    outer loop
      vertex -54.3013 33.2757 0
      vertex -53.5237 41.2942 0
      vertex -54.2273 33.2399 0
    endloop
  endfacet
  facet normal 0 0 -1
    outer loop
      vertex -54.377 33.3078 0
      vertex -53.5237 41.2942 0
      vertex -54.3013 33.2757 0
    endloop
  endfacet
  facet normal 0 0 -1
    outer loop
      vertex -54.4542 33.3361 0
      vertex -53.5237 41.2942 0
      vertex -54.377 33.3078 0
    endloop
  endfacet
  facet normal 0 0 -1
    outer loop
      vertex -54.5327 33.3606 0
      vertex -53.5237 41.2942 0
      vertex -54.4542 33.3361 0
    endloop
  endfacet
  facet normal 0 0 -1
    outer loop
      vertex -54.6123 33.3812 0
      vertex -53.5237 41.2942 0
      vertex -54.5327 33.3606 0
    endloop
  endfacet
  facet normal 0 0 -1
    outer loop
      vertex -54.6928 33.3979 0
      vertex -53.5237 41.2942 0
      vertex -54.6123 33.3812 0
    endloop
  endfacet
  facet normal 0 0 -1
    outer loop
      vertex -54.774 33.4107 0
      vertex -53.5237 41.2942 0
      vertex -54.6928 33.3979 0
    endloop
  endfacet
  facet normal 0 0 -1
    outer loop
      vertex -54.8557 33.4194 0
      vertex -53.5237 41.2942 0
      vertex -54.774 33.4107 0
    endloop
  endfacet
  facet normal 0 0 -1
    outer loop
      vertex -54.9378 33.4241 0
      vertex -53.5237 41.2942 0
      vertex -54.8557 33.4194 0
    endloop
  endfacet
  facet normal 0 0 -1
    outer loop
      vertex -55.02 33.4248 0
      vertex -53.5237 41.2942 0
      vertex -54.9378 33.4241 0
    endloop
  endfacet
  facet normal 0 0 -1
    outer loop
      vertex -55.1022 33.4214 0
      vertex -53.5237 41.2942 0
      vertex -55.02 33.4248 0
    endloop
  endfacet
  facet normal 0 0 -1
    outer loop
      vertex -55.184 33.414 0
      vertex -53.5237 41.2942 0
      vertex -55.1022 33.4214 0
    endloop
  endfacet
  facet normal 0 0 -1
    outer loop
      vertex -55.2655 33.4026 0
      vertex -53.5237 41.2942 0
      vertex -55.184 33.414 0
    endloop
  endfacet
  facet normal 0 0 -1
    outer loop
      vertex -55.3462 33.3872 0
      vertex -53.5237 41.2942 0
      vertex -55.2655 33.4026 0
    endloop
  endfacet
  facet normal 0 0 -1
    outer loop
      vertex -55.4261 33.3679 0
      vertex -53.5237 41.2942 0
      vertex -55.3462 33.3872 0
    endloop
  endfacet
  facet normal 0 0 -1
    outer loop
      vertex -55.505 33.3447 0
      vertex -53.5237 41.2942 0
      vertex -55.4261 33.3679 0
    endloop
  endfacet
  facet normal 0 0 -1
    outer loop
      vertex -55.5826 33.3176 0
      vertex -53.5237 41.2942 0
      vertex -55.505 33.3447 0
    endloop
  endfacet
  facet normal 0 0 -1
    outer loop
      vertex -55.6588 33.2868 0
      vertex -53.5237 41.2942 0
      vertex -55.5826 33.3176 0
    endloop
  endfacet
  facet normal 0 0 -1
    outer loop
      vertex -55.7334 33.2523 0
      vertex -53.5237 41.2942 0
      vertex -55.6588 33.2868 0
    endloop
  endfacet
  facet normal 0 0 -1
    outer loop
      vertex -55.8063 33.2141 0
      vertex -53.5237 41.2942 0
      vertex -55.7334 33.2523 0
    endloop
  endfacet
  facet normal 0 0 -1
    outer loop
      vertex -55.8771 33.1724 0
      vertex -53.5237 41.2942 0
      vertex -55.8063 33.2141 0
    endloop
  endfacet
  facet normal 0 0 -1
    outer loop
      vertex -55.9459 33.1273 0
      vertex -53.5237 41.2942 0
      vertex -55.8771 33.1724 0
    endloop
  endfacet
  facet normal 0 0 -1
    outer loop
      vertex -56.0123 33.0789 0
      vertex -53.5237 41.2942 0
      vertex -55.9459 33.1273 0
    endloop
  endfacet
  facet normal 0 0 -1
    outer loop
      vertex -56.0763 33.0272 0
      vertex -53.5237 41.2942 0
      vertex -56.0123 33.0789 0
    endloop
  endfacet
  facet normal 0 0 -1
    outer loop
      vertex -56.1376 32.9725 0
      vertex -53.5237 41.2942 0
      vertex -56.0763 33.0272 0
    endloop
  endfacet
  facet normal 0 0 -1
    outer loop
      vertex -56.1962 32.9149 0
      vertex -53.5237 41.2942 0
      vertex -56.1376 32.9725 0
    endloop
  endfacet
  facet normal 0 0 -1
    outer loop
      vertex -56.2519 32.8544 0
      vertex -53.5237 41.2942 0
      vertex -56.1962 32.9149 0
    endloop
  endfacet
  facet normal 0 0 -1
    outer loop
      vertex -56.3046 32.7913 0
      vertex -53.5237 41.2942 0
      vertex -56.2519 32.8544 0
    endloop
  endfacet
  facet normal 0 0 -1
    outer loop
      vertex -56.3541 32.7257 0
      vertex -53.5237 41.2942 0
      vertex -56.3046 32.7913 0
    endloop
  endfacet
  facet normal 0 0 -1
    outer loop
      vertex -56.4004 32.6577 0
      vertex -53.5237 41.2942 0
      vertex -56.3541 32.7257 0
    endloop
  endfacet
  facet normal 0 0 -1
    outer loop
      vertex -56.4432 32.5875 0
      vertex -53.5237 41.2942 0
      vertex -56.4004 32.6577 0
    endloop
  endfacet
  facet normal 0 0 -1
    outer loop
      vertex -62.5237 25.7058 0
      vertex -56.4432 32.5875 0
      vertex -56.4826 32.5153 0
    endloop
  endfacet
  facet normal 0 0 -1
    outer loop
      vertex -62.5237 25.7058 0
      vertex -56.4826 32.5153 0
      vertex -56.5183 32.4413 0
    endloop
  endfacet
  facet normal 0 0 -1
    outer loop
      vertex -62.5237 25.7058 0
      vertex -56.5183 32.4413 0
      vertex -56.5504 32.3656 0
    endloop
  endfacet
  facet normal 0 0 -1
    outer loop
      vertex -62.5237 25.7058 0
      vertex -56.5504 32.3656 0
      vertex -56.5787 32.2884 0
    endloop
  endfacet
  facet normal -0 0 -1
    outer loop
      vertex -56.4432 32.5875 0
      vertex -62.5237 25.7058 0
      vertex -53.5237 41.2942 0
    endloop
  endfacet
  facet normal -0 0 -1
    outer loop
      vertex -56.6032 32.2099 0
      vertex -62.5237 25.7058 0
      vertex -56.5787 32.2884 0
    endloop
  endfacet
  facet normal -0 0 -1
    outer loop
      vertex -56.6239 32.1304 0
      vertex -62.5237 25.7058 0
      vertex -56.6032 32.2099 0
    endloop
  endfacet
  facet normal -0 0 -1
    outer loop
      vertex -56.6406 32.0499 0
      vertex -62.5237 25.7058 0
      vertex -56.6239 32.1304 0
    endloop
  endfacet
  facet normal -0 0 -1
    outer loop
      vertex -56.6533 31.9686 0
      vertex -62.5237 25.7058 0
      vertex -56.6406 32.0499 0
    endloop
  endfacet
  facet normal -0 0 -1
    outer loop
      vertex -56.662 31.8869 0
      vertex -62.5237 25.7058 0
      vertex -56.6533 31.9686 0
    endloop
  endfacet
  facet normal -0 0 -1
    outer loop
      vertex -56.6667 31.8048 0
      vertex -62.5237 25.7058 0
      vertex -56.662 31.8869 0
    endloop
  endfacet
  facet normal 0 0 -1
    outer loop
      vertex -62.5237 25.7058 0
      vertex -56.6667 31.8048 0
      vertex -56.6674 31.7226 0
    endloop
  endfacet
  facet normal 0 0 -1
    outer loop
      vertex 9 -59.3166 0
      vertex 1.67298 -63.4178 0
      vertex 1.66693 -63.3358 0
    endloop
  endfacet
  facet normal 0 0 -1
    outer loop
      vertex 9 -59.3166 0
      vertex 1.66693 -63.3358 0
      vertex 1.65687 -63.2542 0
    endloop
  endfacet
  facet normal 0 0 -1
    outer loop
      vertex 9 -59.3166 0
      vertex 1.65687 -63.2542 0
      vertex 1.64281 -63.1732 0
    endloop
  endfacet
  facet normal 0 0 -1
    outer loop
      vertex 9 -59.3166 0
      vertex 1.64281 -63.1732 0
      vertex 1.6248 -63.093 0
    endloop
  endfacet
  facet normal 0 0 -1
    outer loop
      vertex 9 -59.3166 0
      vertex 1.6248 -63.093 0
      vertex 1.60287 -63.0138 0
    endloop
  endfacet
  facet normal 0 0 -1
    outer loop
      vertex 9 -59.3166 0
      vertex 1.60287 -63.0138 0
      vertex 1.57709 -62.9357 0
    endloop
  endfacet
  facet normal 0 0 -1
    outer loop
      vertex 9 -59.3166 0
      vertex 1.57709 -62.9357 0
      vertex 1.5475 -62.859 0
    endloop
  endfacet
  facet normal 0 0 -1
    outer loop
      vertex 9 -59.3166 0
      vertex 1.5475 -62.859 0
      vertex 1.51418 -62.7838 0
    endloop
  endfacet
  facet normal 0 0 -1
    outer loop
      vertex 9 -59.3166 0
      vertex 1.51418 -62.7838 0
      vertex 1.47722 -62.7104 0
    endloop
  endfacet
  facet normal 0 0 -1
    outer loop
      vertex 9 -59.3166 0
      vertex 1.47722 -62.7104 0
      vertex 1.4367 -62.6389 0
    endloop
  endfacet
  facet normal 0 0 -1
    outer loop
      vertex 9 -59.3166 0
      vertex 1.4367 -62.6389 0
      vertex 1.39271 -62.5694 0
    endloop
  endfacet
  facet normal 0 0 -1
    outer loop
      vertex 9 -59.3166 0
      vertex 1.39271 -62.5694 0
      vertex 1.34537 -62.5022 0
    endloop
  endfacet
  facet normal 0 0 -1
    outer loop
      vertex 9 -59.3166 0
      vertex 1.34537 -62.5022 0
      vertex 1.29479 -62.4374 0
    endloop
  endfacet
  facet normal 0 0 -1
    outer loop
      vertex 9 -59.3166 0
      vertex 1.29479 -62.4374 0
      vertex 1.24109 -62.3751 0
    endloop
  endfacet
  facet normal 0 0 -1
    outer loop
      vertex 9 -59.3166 0
      vertex 1.24109 -62.3751 0
      vertex 1.1844 -62.3156 0
    endloop
  endfacet
  facet normal 0 0 -1
    outer loop
      vertex 9 -59.3166 0
      vertex 1.1844 -62.3156 0
      vertex 1.12486 -62.2589 0
    endloop
  endfacet
  facet normal 0 0 -1
    outer loop
      vertex 9 -59.3166 0
      vertex 1.12486 -62.2589 0
      vertex 1.06261 -62.2052 0
    endloop
  endfacet
  facet normal 0 0 -1
    outer loop
      vertex 9 -59.3166 0
      vertex 1.06261 -62.2052 0
      vertex 0.997796 -62.1546 0
    endloop
  endfacet
  facet normal 0 0 -1
    outer loop
      vertex 0.861121 -62.0633 0
      vertex 9 -59.3166 0
      vertex 0.93058 -62.1073 0
    endloop
  endfacet
  facet normal 0 0 -1
    outer loop
      vertex 0.789589 -62.0228 0
      vertex 9 -59.3166 0
      vertex 0.861121 -62.0633 0
    endloop
  endfacet
  facet normal 0 0 -1
    outer loop
      vertex 0.716154 -61.9858 0
      vertex 9 -59.3166 0
      vertex 0.789589 -62.0228 0
    endloop
  endfacet
  facet normal 0 0 -1
    outer loop
      vertex 0.640994 -61.9525 0
      vertex 9 -59.3166 0
      vertex 0.716154 -61.9858 0
    endloop
  endfacet
  facet normal 0 0 -1
    outer loop
      vertex 0.56429 -61.9229 0
      vertex 9 -59.3166 0
      vertex 0.640994 -61.9525 0
    endloop
  endfacet
  facet normal 0 0 -1
    outer loop
      vertex 0.486226 -61.8971 0
      vertex 9 -59.3166 0
      vertex 0.56429 -61.9229 0
    endloop
  endfacet
  facet normal 0 0 -1
    outer loop
      vertex 0.406991 -61.8752 0
      vertex 9 -59.3166 0
      vertex 0.486226 -61.8971 0
    endloop
  endfacet
  facet normal 0 0 -1
    outer loop
      vertex 0.326776 -61.8572 0
      vertex 9 -59.3166 0
      vertex 0.406991 -61.8752 0
    endloop
  endfacet
  facet normal 0 0 -1
    outer loop
      vertex 0.245773 -61.8431 0
      vertex 9 -59.3166 0
      vertex 0.326776 -61.8572 0
    endloop
  endfacet
  facet normal 0 0 -1
    outer loop
      vertex 0.164178 -61.8331 0
      vertex 9 -59.3166 0
      vertex 0.245773 -61.8431 0
    endloop
  endfacet
  facet normal 0 0 -1
    outer loop
      vertex 0.0821877 -61.827 0
      vertex 9 -59.3166 0
      vertex 0.164178 -61.8331 0
    endloop
  endfacet
  facet normal 0 0 -1
    outer loop
      vertex 0 -61.825 0
      vertex 9 -59.3166 0
      vertex 0.0821877 -61.827 0
    endloop
  endfacet
  facet normal 0 0 -1
    outer loop
      vertex -0.0821877 -61.827 0
      vertex 9 -59.3166 0
      vertex 0 -61.825 0
    endloop
  endfacet
  facet normal 0 0 -1
    outer loop
      vertex 9 -59.3166 0
      vertex -3.32473 15.6416 0
      vertex 3.32473 15.6416 0
    endloop
  endfacet
  facet normal 0 -0 -1
    outer loop
      vertex 1.56827 15.923 0
      vertex 3.32473 15.6416 0
      vertex -3.32473 15.6416 0
    endloop
  endfacet
  facet normal 0 0 -1
    outer loop
      vertex 3.32473 15.6416 0
      vertex 1.56827 15.923 0
      vertex 3.12144 15.6926 0
    endloop
  endfacet
  facet normal 0 0 -1
    outer loop
      vertex -0.164178 -61.8331 0
      vertex 9 -59.3166 0
      vertex -0.0821877 -61.827 0
    endloop
  endfacet
  facet normal 0 0 -1
    outer loop
      vertex -0.245773 -61.8431 0
      vertex 9 -59.3166 0
      vertex -0.164178 -61.8331 0
    endloop
  endfacet
  facet normal -0 0 -1
    outer loop
      vertex 9 -59.3166 0
      vertex -0.245773 -61.8431 0
      vertex -3.32473 15.6416 0
    endloop
  endfacet
  facet normal 0 0 -1
    outer loop
      vertex -3.32473 15.6416 0
      vertex -0.245773 -61.8431 0
      vertex -0.326776 -61.8572 0
    endloop
  endfacet
  facet normal 0 0 -1
    outer loop
      vertex -3.32473 15.6416 0
      vertex -0.326776 -61.8572 0
      vertex -0.406991 -61.8752 0
    endloop
  endfacet
  facet normal 0 0 -1
    outer loop
      vertex -3.32473 15.6416 0
      vertex -0.406991 -61.8752 0
      vertex -0.486226 -61.8971 0
    endloop
  endfacet
  facet normal 0 0 -1
    outer loop
      vertex -3.32473 15.6416 0
      vertex -0.486226 -61.8971 0
      vertex -0.56429 -61.9229 0
    endloop
  endfacet
  facet normal 0 0 -1
    outer loop
      vertex -3.32473 15.6416 0
      vertex -0.56429 -61.9229 0
      vertex -0.640994 -61.9525 0
    endloop
  endfacet
  facet normal 0 0 -1
    outer loop
      vertex -3.32473 15.6416 0
      vertex -0.640994 -61.9525 0
      vertex -0.716154 -61.9858 0
    endloop
  endfacet
  facet normal 0 0 -1
    outer loop
      vertex -3.32473 15.6416 0
      vertex -0.716154 -61.9858 0
      vertex -0.789589 -62.0228 0
    endloop
  endfacet
  facet normal 0 0 -1
    outer loop
      vertex -3.32473 15.6416 0
      vertex -0.789589 -62.0228 0
      vertex -0.861121 -62.0633 0
    endloop
  endfacet
  facet normal 0 0 -1
    outer loop
      vertex -3.32473 15.6416 0
      vertex -0.861121 -62.0633 0
      vertex -0.93058 -62.1073 0
    endloop
  endfacet
  facet normal 0 0 -1
    outer loop
      vertex -3.32473 15.6416 0
      vertex -0.93058 -62.1073 0
      vertex -0.997796 -62.1546 0
    endloop
  endfacet
  facet normal 0 0 -1
    outer loop
      vertex -3.32473 15.6416 0
      vertex -0.997796 -62.1546 0
      vertex -1.06261 -62.2052 0
    endloop
  endfacet
  facet normal 0 0 -1
    outer loop
      vertex -3.32473 15.6416 0
      vertex -1.06261 -62.2052 0
      vertex -1.12486 -62.2589 0
    endloop
  endfacet
  facet normal 0 0 -1
    outer loop
      vertex -3.32473 15.6416 0
      vertex -1.12486 -62.2589 0
      vertex -1.1844 -62.3156 0
    endloop
  endfacet
  facet normal 0 0 -1
    outer loop
      vertex -3.32473 15.6416 0
      vertex -1.1844 -62.3156 0
      vertex -1.24109 -62.3751 0
    endloop
  endfacet
  facet normal 0 0 -1
    outer loop
      vertex -3.32473 15.6416 0
      vertex -1.24109 -62.3751 0
      vertex -1.29479 -62.4374 0
    endloop
  endfacet
  facet normal 0 0 -1
    outer loop
      vertex -3.32473 15.6416 0
      vertex -1.29479 -62.4374 0
      vertex -1.34537 -62.5022 0
    endloop
  endfacet
  facet normal 0 0 -1
    outer loop
      vertex -3.32473 15.6416 0
      vertex -1.34537 -62.5022 0
      vertex -1.39271 -62.5694 0
    endloop
  endfacet
  facet normal 0 0 -1
    outer loop
      vertex -3.32473 15.6416 0
      vertex -1.39271 -62.5694 0
      vertex -1.4367 -62.6389 0
    endloop
  endfacet
  facet normal 0 0 -1
    outer loop
      vertex -3.32473 15.6416 0
      vertex -1.4367 -62.6389 0
      vertex -1.47722 -62.7104 0
    endloop
  endfacet
  facet normal 0 0 -1
    outer loop
      vertex -3.32473 15.6416 0
      vertex -1.47722 -62.7104 0
      vertex -1.51418 -62.7838 0
    endloop
  endfacet
  facet normal 0 0 -1
    outer loop
      vertex -3.32473 15.6416 0
      vertex -1.51418 -62.7838 0
      vertex -1.5475 -62.859 0
    endloop
  endfacet
  facet normal 0 0 -1
    outer loop
      vertex -3.32473 15.6416 0
      vertex 0 16 0
      vertex 1.56827 15.923 0
    endloop
  endfacet
  facet normal 0 0 -1
    outer loop
      vertex -3.32473 15.6416 0
      vertex -1.5475 -62.859 0
      vertex -1.57709 -62.9357 0
    endloop
  endfacet
  facet normal 0 0 -1
    outer loop
      vertex -3.32473 15.6416 0
      vertex -1.57709 -62.9357 0
      vertex -1.60287 -63.0138 0
    endloop
  endfacet
  facet normal 0 0 -1
    outer loop
      vertex -3.32473 15.6416 0
      vertex -1.60287 -63.0138 0
      vertex -1.6248 -63.093 0
    endloop
  endfacet
  facet normal 0 0 -1
    outer loop
      vertex -3.32473 15.6416 0
      vertex -1.6248 -63.093 0
      vertex -1.64281 -63.1732 0
    endloop
  endfacet
  facet normal 0 0 -1
    outer loop
      vertex -3.32473 15.6416 0
      vertex -1.64281 -63.1732 0
      vertex -1.65687 -63.2542 0
    endloop
  endfacet
  facet normal 0 0 -1
    outer loop
      vertex -3.32473 15.6416 0
      vertex -1.65687 -63.2542 0
      vertex -1.66693 -63.3358 0
    endloop
  endfacet
  facet normal 0 0 -1
    outer loop
      vertex -3.32473 15.6416 0
      vertex -1.66693 -63.3358 0
      vertex -1.67298 -63.4178 0
    endloop
  endfacet
  facet normal 0 0 -1
    outer loop
      vertex -9 -67 0
      vertex -1.67298 -63.4178 0
      vertex -1.675 -63.5 0
    endloop
  endfacet
  facet normal 0 0 -1
    outer loop
      vertex -3.32473 15.6416 0
      vertex -1.56827 15.923 0
      vertex 0 16 0
    endloop
  endfacet
  facet normal 0 0 -1
    outer loop
      vertex 3.32473 15.6416 0
      vertex 60 0 0
      vertex 59.9277 -2.94406 0
    endloop
  endfacet
  facet normal 0 0 -1
    outer loop
      vertex 3.32473 15.6416 0
      vertex 59.9277 -2.94406 0
      vertex 59.7111 -5.88103 0
    endloop
  endfacet
  facet normal 0 0 -1
    outer loop
      vertex 60 0 0
      vertex 3.32473 15.6416 0
      vertex 59.9277 2.94406 0
    endloop
  endfacet
  facet normal 0 0 -1
    outer loop
      vertex 3.32473 15.6416 0
      vertex 59.7111 -5.88103 0
      vertex 59.3506 -8.80383 0
    endloop
  endfacet
  facet normal 0 0 -1
    outer loop
      vertex 59.9277 2.94406 0
      vertex 3.32473 15.6416 0
      vertex 59.7111 5.88103 0
    endloop
  endfacet
  facet normal 0 0 -1
    outer loop
      vertex 3.32473 15.6416 0
      vertex 59.3506 -8.80383 0
      vertex 58.8471 -11.7054 0
    endloop
  endfacet
  facet normal 0 0 -1
    outer loop
      vertex 59.7111 5.88103 0
      vertex 3.32473 15.6416 0
      vertex 59.3506 8.80383 0
    endloop
  endfacet
  facet normal 0 0 -1
    outer loop
      vertex 3.32473 15.6416 0
      vertex 58.8471 -11.7054 0
      vertex 58.2019 -14.5788 0
    endloop
  endfacet
  facet normal 0 0 -1
    outer loop
      vertex 59.3506 8.80383 0
      vertex 3.32473 15.6416 0
      vertex 58.8471 11.7054 0
    endloop
  endfacet
  facet normal 0 0 -1
    outer loop
      vertex 3.32473 15.6416 0
      vertex 58.2019 -14.5788 0
      vertex 57.4164 -17.4171 0
    endloop
  endfacet
  facet normal 0 0 -1
    outer loop
      vertex 58.8471 11.7054 0
      vertex 3.32473 15.6416 0
      vertex 58.2019 14.5788 0
    endloop
  endfacet
  facet normal 0 0 -1
    outer loop
      vertex 3.32473 15.6416 0
      vertex 57.4164 -17.4171 0
      vertex 56.4926 -20.2134 0
    endloop
  endfacet
  facet normal 0 0 -1
    outer loop
      vertex 58.2019 14.5788 0
      vertex 3.32473 15.6416 0
      vertex 57.4164 17.4171 0
    endloop
  endfacet
  facet normal -0 0 -1
    outer loop
      vertex 57.4164 17.4171 0
      vertex 3.32473 15.6416 0
      vertex 56.4926 20.2134 0
    endloop
  endfacet
  facet normal 0 0 -1
    outer loop
      vertex 62.5237 25.7058 0
      vertex 55.7579 30.2601 0
      vertex 55.8301 30.2994 0
    endloop
  endfacet
  facet normal 0 0 -1
    outer loop
      vertex 55.8584 21.8576 0
      vertex 55.6839 30.2243 0
      vertex 55.7579 30.2601 0
    endloop
  endfacet
  facet normal -0 0 -1
    outer loop
      vertex 56.4926 20.2134 0
      vertex 3.32473 15.6416 0
      vertex 55.8584 21.8576 0
    endloop
  endfacet
  facet normal 0 0 -1
    outer loop
      vertex 55.8584 21.8576 0
      vertex 55.6082 30.1922 0
      vertex 55.6839 30.2243 0
    endloop
  endfacet
  facet normal 0 0 -1
    outer loop
      vertex 55.8584 21.8576 0
      vertex 55.531 30.1639 0
      vertex 55.6082 30.1922 0
    endloop
  endfacet
  facet normal 0 0 -1
    outer loop
      vertex 55.8584 21.8576 0
      vertex 55.4525 30.1394 0
      vertex 55.531 30.1639 0
    endloop
  endfacet
  facet normal 0 0 -1
    outer loop
      vertex 3.32473 15.6416 0
      vertex 56.4926 -20.2134 0
      vertex 55.4328 -22.961 0
    endloop
  endfacet
  facet normal 0 0 -1
    outer loop
      vertex 55.8584 21.8576 0
      vertex 55.373 30.1188 0
      vertex 55.4525 30.1394 0
    endloop
  endfacet
  facet normal 0 0 -1
    outer loop
      vertex 55.8584 21.8576 0
      vertex 55.2925 30.1021 0
      vertex 55.373 30.1188 0
    endloop
  endfacet
  facet normal 0 0 -1
    outer loop
      vertex 55.8584 21.8576 0
      vertex 55.2112 30.0893 0
      vertex 55.2925 30.1021 0
    endloop
  endfacet
  facet normal 0 0 -1
    outer loop
      vertex 55.8584 21.8576 0
      vertex 55.1295 30.0806 0
      vertex 55.2112 30.0893 0
    endloop
  endfacet
  facet normal 0 0 -1
    outer loop
      vertex 55.8584 21.8576 0
      vertex 55.0474 30.0759 0
      vertex 55.1295 30.0806 0
    endloop
  endfacet
  facet normal 0 0 -1
    outer loop
      vertex 55.8584 21.8576 0
      vertex 54.9652 30.0752 0
      vertex 55.0474 30.0759 0
    endloop
  endfacet
  facet normal 0 0 -1
    outer loop
      vertex 55.8584 21.8576 0
      vertex 54.8831 30.0786 0
      vertex 54.9652 30.0752 0
    endloop
  endfacet
  facet normal 0 0 -1
    outer loop
      vertex 55.8584 21.8576 0
      vertex 54.8012 30.086 0
      vertex 54.8831 30.0786 0
    endloop
  endfacet
  facet normal 0 0 -1
    outer loop
      vertex 55.8584 21.8576 0
      vertex 54.7198 30.0974 0
      vertex 54.8012 30.086 0
    endloop
  endfacet
  facet normal 0 0 -1
    outer loop
      vertex 55.8584 21.8576 0
      vertex 54.639 30.1128 0
      vertex 54.7198 30.0974 0
    endloop
  endfacet
  facet normal 0 0 -1
    outer loop
      vertex 55.8584 21.8576 0
      vertex 54.5591 30.1321 0
      vertex 54.639 30.1128 0
    endloop
  endfacet
  facet normal 0 0 -1
    outer loop
      vertex 55.8584 21.8576 0
      vertex 54.4802 30.1553 0
      vertex 54.5591 30.1321 0
    endloop
  endfacet
  facet normal 0 0 -1
    outer loop
      vertex 55.8584 21.8576 0
      vertex 54.4026 30.1824 0
      vertex 54.4802 30.1553 0
    endloop
  endfacet
  facet normal 0 0 -1
    outer loop
      vertex 55.8584 21.8576 0
      vertex 54.3264 30.2132 0
      vertex 54.4026 30.1824 0
    endloop
  endfacet
  facet normal 0 0 -1
    outer loop
      vertex 55.8584 21.8576 0
      vertex 54.2518 30.2477 0
      vertex 54.3264 30.2132 0
    endloop
  endfacet
  facet normal 0 0 -1
    outer loop
      vertex 3.32473 15.6416 0
      vertex 55.4328 -22.961 0
      vertex 54.2394 -25.6533 0
    endloop
  endfacet
  facet normal 0 0 -1
    outer loop
      vertex 55.8584 21.8576 0
      vertex 54.179 30.2859 0
      vertex 54.2518 30.2477 0
    endloop
  endfacet
  facet normal 0 0 -1
    outer loop
      vertex 55.8584 21.8576 0
      vertex 54.1081 30.3276 0
      vertex 54.179 30.2859 0
    endloop
  endfacet
  facet normal 0 0 -1
    outer loop
      vertex 55.8584 21.8576 0
      vertex 54.0394 30.3727 0
      vertex 54.1081 30.3276 0
    endloop
  endfacet
  facet normal 0 -0 -1
    outer loop
      vertex 46.8613 37.4477 0
      vertex 55.8584 21.8576 0
      vertex 3.32473 15.6416 0
    endloop
  endfacet
  facet normal 0 0 -1
    outer loop
      vertex 55.8584 21.8576 0
      vertex 53.9729 30.4211 0
      vertex 54.0394 30.3727 0
    endloop
  endfacet
  facet normal 0 0 -1
    outer loop
      vertex 55.8584 21.8576 0
      vertex 53.909 30.4728 0
      vertex 53.9729 30.4211 0
    endloop
  endfacet
  facet normal 0 0 -1
    outer loop
      vertex 55.8584 21.8576 0
      vertex 53.8476 30.5275 0
      vertex 53.909 30.4728 0
    endloop
  endfacet
  facet normal 0 0 -1
    outer loop
      vertex 55.8584 21.8576 0
      vertex 53.789 30.5851 0
      vertex 53.8476 30.5275 0
    endloop
  endfacet
  facet normal 0 0 -1
    outer loop
      vertex 55.8584 21.8576 0
      vertex 53.7333 30.6456 0
      vertex 53.789 30.5851 0
    endloop
  endfacet
  facet normal 0 0 -1
    outer loop
      vertex 55.8584 21.8576 0
      vertex 53.6806 30.7087 0
      vertex 53.7333 30.6456 0
    endloop
  endfacet
  facet normal 0 0 -1
    outer loop
      vertex 55.8584 21.8576 0
      vertex 53.6311 30.7743 0
      vertex 53.6806 30.7087 0
    endloop
  endfacet
  facet normal -0 -0 -1
    outer loop
      vertex 53.542 30.9125 0
      vertex 55.8584 21.8576 0
      vertex 46.8613 37.4477 0
    endloop
  endfacet
  facet normal 0 0 -1
    outer loop
      vertex 55.8584 21.8576 0
      vertex 53.5849 30.8423 0
      vertex 53.6311 30.7743 0
    endloop
  endfacet
  facet normal 0 0 -1
    outer loop
      vertex 55.8584 21.8576 0
      vertex 53.542 30.9125 0
      vertex 53.5849 30.8423 0
    endloop
  endfacet
  facet normal 0 0 -1
    outer loop
      vertex 53.542 30.9125 0
      vertex 46.8613 37.4477 0
      vertex 53.5027 30.9847 0
    endloop
  endfacet
  facet normal 0 0 -1
    outer loop
      vertex 53.5027 30.9847 0
      vertex 46.8613 37.4477 0
      vertex 53.4669 31.0587 0
    endloop
  endfacet
  facet normal 0 0 -1
    outer loop
      vertex 53.4669 31.0587 0
      vertex 46.8613 37.4477 0
      vertex 53.4348 31.1344 0
    endloop
  endfacet
  facet normal 0 0 -1
    outer loop
      vertex 53.4348 31.1344 0
      vertex 46.8613 37.4477 0
      vertex 53.4065 31.2116 0
    endloop
  endfacet
  facet normal 0 0 -1
    outer loop
      vertex 53.4065 31.2116 0
      vertex 46.8613 37.4477 0
      vertex 53.382 31.2901 0
    endloop
  endfacet
  facet normal 0 0 -1
    outer loop
      vertex 53.382 31.2901 0
      vertex 46.8613 37.4477 0
      vertex 53.3614 31.3696 0
    endloop
  endfacet
  facet normal 0 0 -1
    outer loop
      vertex 53.3614 31.3696 0
      vertex 46.8613 37.4477 0
      vertex 53.3447 31.4501 0
    endloop
  endfacet
  facet normal 0 0 -1
    outer loop
      vertex 53.3447 31.4501 0
      vertex 46.8613 37.4477 0
      vertex 53.3319 31.5314 0
    endloop
  endfacet
  facet normal 0 0 -1
    outer loop
      vertex 53.3319 31.5314 0
      vertex 46.8613 37.4477 0
      vertex 53.3232 31.6131 0
    endloop
  endfacet
  facet normal 0 0 -1
    outer loop
      vertex 3.32473 15.6416 0
      vertex 54.2394 -25.6533 0
      vertex 52.9153 -28.2838 0
    endloop
  endfacet
  facet normal 0 0 -1
    outer loop
      vertex 62.5237 25.7058 0
      vertex 56.664 31.6404 0
      vertex 56.6674 31.7226 0
    endloop
  endfacet
  facet normal 0 0 -1
    outer loop
      vertex 62.5237 25.7058 0
      vertex 56.6566 31.5586 0
      vertex 56.664 31.6404 0
    endloop
  endfacet
  facet normal 0 0 -1
    outer loop
      vertex 62.5237 25.7058 0
      vertex 56.6452 31.4771 0
      vertex 56.6566 31.5586 0
    endloop
  endfacet
  facet normal 0 0 -1
    outer loop
      vertex 62.5237 25.7058 0
      vertex 56.6299 31.3964 0
      vertex 56.6452 31.4771 0
    endloop
  endfacet
  facet normal 0 0 -1
    outer loop
      vertex 62.5237 25.7058 0
      vertex 56.6105 31.3165 0
      vertex 56.6299 31.3964 0
    endloop
  endfacet
  facet normal 0 0 -1
    outer loop
      vertex 62.5237 25.7058 0
      vertex 56.5873 31.2376 0
      vertex 56.6105 31.3165 0
    endloop
  endfacet
  facet normal 0 0 -1
    outer loop
      vertex 62.5237 25.7058 0
      vertex 56.5603 31.16 0
      vertex 56.5873 31.2376 0
    endloop
  endfacet
  facet normal 0 0 -1
    outer loop
      vertex 62.5237 25.7058 0
      vertex 56.5294 31.0838 0
      vertex 56.5603 31.16 0
    endloop
  endfacet
  facet normal 0 0 -1
    outer loop
      vertex 62.5237 25.7058 0
      vertex 56.4949 31.0092 0
      vertex 56.5294 31.0838 0
    endloop
  endfacet
  facet normal 0 0 -1
    outer loop
      vertex 62.5237 25.7058 0
      vertex 56.4567 30.9363 0
      vertex 56.4949 31.0092 0
    endloop
  endfacet
  facet normal 0 0 -1
    outer loop
      vertex 62.5237 25.7058 0
      vertex 56.415 30.8655 0
      vertex 56.4567 30.9363 0
    endloop
  endfacet
  facet normal 0 0 -1
    outer loop
      vertex 62.5237 25.7058 0
      vertex 56.3699 30.7968 0
      vertex 56.415 30.8655 0
    endloop
  endfacet
  facet normal 0 0 -1
    outer loop
      vertex 62.5237 25.7058 0
      vertex 56.3215 30.7303 0
      vertex 56.3699 30.7968 0
    endloop
  endfacet
  facet normal 0 0 -1
    outer loop
      vertex 62.5237 25.7058 0
      vertex 56.2698 30.6663 0
      vertex 56.3215 30.7303 0
    endloop
  endfacet
  facet normal 0 0 -1
    outer loop
      vertex 62.5237 25.7058 0
      vertex 56.2151 30.605 0
      vertex 56.2698 30.6663 0
    endloop
  endfacet
  facet normal 0 0 -1
    outer loop
      vertex 62.5237 25.7058 0
      vertex 56.1575 30.5464 0
      vertex 56.2151 30.605 0
    endloop
  endfacet
  facet normal 0 0 -1
    outer loop
      vertex 62.5237 25.7058 0
      vertex 56.097 30.4907 0
      vertex 56.1575 30.5464 0
    endloop
  endfacet
  facet normal 0 0 -1
    outer loop
      vertex 62.5237 25.7058 0
      vertex 56.0339 30.438 0
      vertex 56.097 30.4907 0
    endloop
  endfacet
  facet normal 0 0 -1
    outer loop
      vertex 62.5237 25.7058 0
      vertex 55.9683 30.3885 0
      vertex 56.0339 30.438 0
    endloop
  endfacet
  facet normal 0 0 -1
    outer loop
      vertex 62.5237 25.7058 0
      vertex 55.9003 30.3422 0
      vertex 55.9683 30.3885 0
    endloop
  endfacet
  facet normal 0 0 -1
    outer loop
      vertex 55.7579 30.2601 0
      vertex 62.5237 25.7058 0
      vertex 55.8584 21.8576 0
    endloop
  endfacet
  facet normal 0 0 -1
    outer loop
      vertex 62.5237 25.7058 0
      vertex 55.8301 30.2994 0
      vertex 55.9003 30.3422 0
    endloop
  endfacet
  facet normal 0 0 -1
    outer loop
      vertex 56.6667 31.8048 0
      vertex 62.5237 25.7058 0
      vertex 56.6674 31.7226 0
    endloop
  endfacet
  facet normal 0 0 -1
    outer loop
      vertex 56.662 31.8869 0
      vertex 62.5237 25.7058 0
      vertex 56.6667 31.8048 0
    endloop
  endfacet
  facet normal 0 0 -1
    outer loop
      vertex 56.6533 31.9686 0
      vertex 62.5237 25.7058 0
      vertex 56.662 31.8869 0
    endloop
  endfacet
  facet normal 0 0 -1
    outer loop
      vertex 56.6406 32.0499 0
      vertex 62.5237 25.7058 0
      vertex 56.6533 31.9686 0
    endloop
  endfacet
  facet normal 0 0 -1
    outer loop
      vertex 56.6239 32.1304 0
      vertex 62.5237 25.7058 0
      vertex 56.6406 32.0499 0
    endloop
  endfacet
  facet normal 0 0 -1
    outer loop
      vertex 56.6032 32.2099 0
      vertex 62.5237 25.7058 0
      vertex 56.6239 32.1304 0
    endloop
  endfacet
  facet normal 0 0 -1
    outer loop
      vertex 56.5787 32.2884 0
      vertex 62.5237 25.7058 0
      vertex 56.6032 32.2099 0
    endloop
  endfacet
  facet normal 0 0 -1
    outer loop
      vertex 56.5504 32.3656 0
      vertex 62.5237 25.7058 0
      vertex 56.5787 32.2884 0
    endloop
  endfacet
  facet normal 0 0 -1
    outer loop
      vertex 56.5183 32.4413 0
      vertex 62.5237 25.7058 0
      vertex 56.5504 32.3656 0
    endloop
  endfacet
  facet normal 0 0 -1
    outer loop
      vertex 56.4826 32.5153 0
      vertex 62.5237 25.7058 0
      vertex 56.5183 32.4413 0
    endloop
  endfacet
  facet normal 0 0 -1
    outer loop
      vertex 56.4432 32.5875 0
      vertex 62.5237 25.7058 0
      vertex 56.4826 32.5153 0
    endloop
  endfacet
  facet normal 0 0 -1
    outer loop
      vertex 53.5237 41.2942 0
      vertex 56.4432 32.5875 0
      vertex 56.4004 32.6577 0
    endloop
  endfacet
  facet normal 0 0 -1
    outer loop
      vertex 53.5237 41.2942 0
      vertex 56.4004 32.6577 0
      vertex 56.3541 32.7257 0
    endloop
  endfacet
  facet normal 0 0 -1
    outer loop
      vertex 53.5237 41.2942 0
      vertex 56.3541 32.7257 0
      vertex 56.3046 32.7913 0
    endloop
  endfacet
  facet normal 0 0 -1
    outer loop
      vertex 53.5237 41.2942 0
      vertex 56.3046 32.7913 0
      vertex 56.2519 32.8544 0
    endloop
  endfacet
  facet normal 0 0 -1
    outer loop
      vertex 56.4432 32.5875 0
      vertex 53.5237 41.2942 0
      vertex 62.5237 25.7058 0
    endloop
  endfacet
  facet normal 0 0 -1
    outer loop
      vertex 56.1962 32.9149 0
      vertex 53.5237 41.2942 0
      vertex 56.2519 32.8544 0
    endloop
  endfacet
  facet normal 0 0 -1
    outer loop
      vertex 56.1376 32.9725 0
      vertex 53.5237 41.2942 0
      vertex 56.1962 32.9149 0
    endloop
  endfacet
  facet normal 0 0 -1
    outer loop
      vertex 56.0763 33.0272 0
      vertex 53.5237 41.2942 0
      vertex 56.1376 32.9725 0
    endloop
  endfacet
  facet normal 0 0 -1
    outer loop
      vertex 56.0123 33.0789 0
      vertex 53.5237 41.2942 0
      vertex 56.0763 33.0272 0
    endloop
  endfacet
  facet normal 0 0 -1
    outer loop
      vertex 55.9459 33.1273 0
      vertex 53.5237 41.2942 0
      vertex 56.0123 33.0789 0
    endloop
  endfacet
  facet normal 0 0 -1
    outer loop
      vertex 55.8771 33.1724 0
      vertex 53.5237 41.2942 0
      vertex 55.9459 33.1273 0
    endloop
  endfacet
  facet normal 0 0 -1
    outer loop
      vertex 55.8063 33.2141 0
      vertex 53.5237 41.2942 0
      vertex 55.8771 33.1724 0
    endloop
  endfacet
  facet normal 0 0 -1
    outer loop
      vertex 55.7334 33.2523 0
      vertex 53.5237 41.2942 0
      vertex 55.8063 33.2141 0
    endloop
  endfacet
  facet normal 0 0 -1
    outer loop
      vertex 55.6588 33.2868 0
      vertex 53.5237 41.2942 0
      vertex 55.7334 33.2523 0
    endloop
  endfacet
  facet normal 0 0 -1
    outer loop
      vertex 55.5826 33.3176 0
      vertex 53.5237 41.2942 0
      vertex 55.6588 33.2868 0
    endloop
  endfacet
  facet normal 0 0 -1
    outer loop
      vertex 55.505 33.3447 0
      vertex 53.5237 41.2942 0
      vertex 55.5826 33.3176 0
    endloop
  endfacet
  facet normal 0 0 -1
    outer loop
      vertex 55.4261 33.3679 0
      vertex 53.5237 41.2942 0
      vertex 55.505 33.3447 0
    endloop
  endfacet
  facet normal 0 0 -1
    outer loop
      vertex 55.3462 33.3872 0
      vertex 53.5237 41.2942 0
      vertex 55.4261 33.3679 0
    endloop
  endfacet
  facet normal 0 0 -1
    outer loop
      vertex 55.2655 33.4026 0
      vertex 53.5237 41.2942 0
      vertex 55.3462 33.3872 0
    endloop
  endfacet
  facet normal 0 0 -1
    outer loop
      vertex 55.184 33.414 0
      vertex 53.5237 41.2942 0
      vertex 55.2655 33.4026 0
    endloop
  endfacet
  facet normal 0 0 -1
    outer loop
      vertex 55.1022 33.4214 0
      vertex 53.5237 41.2942 0
      vertex 55.184 33.414 0
    endloop
  endfacet
  facet normal 0 0 -1
    outer loop
      vertex 55.02 33.4248 0
      vertex 53.5237 41.2942 0
      vertex 55.1022 33.4214 0
    endloop
  endfacet
  facet normal 0 0 -1
    outer loop
      vertex 54.9378 33.4241 0
      vertex 53.5237 41.2942 0
      vertex 55.02 33.4248 0
    endloop
  endfacet
  facet normal 0 0 -1
    outer loop
      vertex 54.8557 33.4194 0
      vertex 53.5237 41.2942 0
      vertex 54.9378 33.4241 0
    endloop
  endfacet
  facet normal 0 0 -1
    outer loop
      vertex 54.774 33.4107 0
      vertex 53.5237 41.2942 0
      vertex 54.8557 33.4194 0
    endloop
  endfacet
  facet normal 0 0 -1
    outer loop
      vertex 54.6928 33.3979 0
      vertex 53.5237 41.2942 0
      vertex 54.774 33.4107 0
    endloop
  endfacet
  facet normal 0 0 -1
    outer loop
      vertex 54.6123 33.3812 0
      vertex 53.5237 41.2942 0
      vertex 54.6928 33.3979 0
    endloop
  endfacet
  facet normal 0 0 -1
    outer loop
      vertex 54.5327 33.3606 0
      vertex 53.5237 41.2942 0
      vertex 54.6123 33.3812 0
    endloop
  endfacet
  facet normal 0 0 -1
    outer loop
      vertex 54.4542 33.3361 0
      vertex 53.5237 41.2942 0
      vertex 54.5327 33.3606 0
    endloop
  endfacet
  facet normal 0 0 -1
    outer loop
      vertex 54.377 33.3078 0
      vertex 53.5237 41.2942 0
      vertex 54.4542 33.3361 0
    endloop
  endfacet
  facet normal 0 0 -1
    outer loop
      vertex 54.3013 33.2757 0
      vertex 53.5237 41.2942 0
      vertex 54.377 33.3078 0
    endloop
  endfacet
  facet normal 0 0 -1
    outer loop
      vertex 54.2273 33.2399 0
      vertex 53.5237 41.2942 0
      vertex 54.3013 33.2757 0
    endloop
  endfacet
  facet normal 0 0 -1
    outer loop
      vertex 54.1551 33.2006 0
      vertex 53.5237 41.2942 0
      vertex 54.2273 33.2399 0
    endloop
  endfacet
  facet normal 0 0 -1
    outer loop
      vertex 54.0849 33.1577 0
      vertex 53.5237 41.2942 0
      vertex 54.1551 33.2006 0
    endloop
  endfacet
  facet normal 0 0 -1
    outer loop
      vertex 46.8613 37.4477 0
      vertex 54.0849 33.1577 0
      vertex 54.017 33.1115 0
    endloop
  endfacet
  facet normal 0 0 -1
    outer loop
      vertex 46.8613 37.4477 0
      vertex 54.017 33.1115 0
      vertex 53.9513 33.062 0
    endloop
  endfacet
  facet normal 0 0 -1
    outer loop
      vertex 46.8613 37.4477 0
      vertex 53.9513 33.062 0
      vertex 53.8882 33.0093 0
    endloop
  endfacet
  facet normal 0 0 -1
    outer loop
      vertex 46.8613 37.4477 0
      vertex 53.8882 33.0093 0
      vertex 53.8277 32.9536 0
    endloop
  endfacet
  facet normal 0 0 -1
    outer loop
      vertex 46.8613 37.4477 0
      vertex 53.8277 32.9536 0
      vertex 53.7701 32.895 0
    endloop
  endfacet
  facet normal 0 0 -1
    outer loop
      vertex 46.8613 37.4477 0
      vertex 53.7701 32.895 0
      vertex 53.7154 32.8337 0
    endloop
  endfacet
  facet normal 0 0 -1
    outer loop
      vertex 46.8613 37.4477 0
      vertex 53.7154 32.8337 0
      vertex 53.6637 32.7697 0
    endloop
  endfacet
  facet normal 0 0 -1
    outer loop
      vertex 46.8613 37.4477 0
      vertex 53.6637 32.7697 0
      vertex 53.6153 32.7032 0
    endloop
  endfacet
  facet normal 0 0 -1
    outer loop
      vertex 46.8613 37.4477 0
      vertex 53.6153 32.7032 0
      vertex 53.5702 32.6345 0
    endloop
  endfacet
  facet normal 0 0 -1
    outer loop
      vertex 46.8613 37.4477 0
      vertex 53.5702 32.6345 0
      vertex 53.5285 32.5637 0
    endloop
  endfacet
  facet normal 0 0 -1
    outer loop
      vertex 46.8613 37.4477 0
      vertex 53.5285 32.5637 0
      vertex 53.4903 32.4908 0
    endloop
  endfacet
  facet normal 0 0 -1
    outer loop
      vertex 46.8613 37.4477 0
      vertex 53.4903 32.4908 0
      vertex 53.4558 32.4162 0
    endloop
  endfacet
  facet normal 0 0 -1
    outer loop
      vertex 46.8613 37.4477 0
      vertex 53.4558 32.4162 0
      vertex 53.425 32.34 0
    endloop
  endfacet
  facet normal 0 0 -1
    outer loop
      vertex 46.8613 37.4477 0
      vertex 53.425 32.34 0
      vertex 53.3979 32.2624 0
    endloop
  endfacet
  facet normal 0 0 -1
    outer loop
      vertex 46.8613 37.4477 0
      vertex 53.3979 32.2624 0
      vertex 53.3747 32.1835 0
    endloop
  endfacet
  facet normal 0 0 -1
    outer loop
      vertex 46.8613 37.4477 0
      vertex 53.3747 32.1835 0
      vertex 53.3554 32.1036 0
    endloop
  endfacet
  facet normal 0 0 -1
    outer loop
      vertex 46.8613 37.4477 0
      vertex 53.3554 32.1036 0
      vertex 53.34 32.0229 0
    endloop
  endfacet
  facet normal 0 0 -1
    outer loop
      vertex 46.8613 37.4477 0
      vertex 53.34 32.0229 0
      vertex 53.3286 31.9414 0
    endloop
  endfacet
  facet normal 0 0 -1
    outer loop
      vertex 46.8613 37.4477 0
      vertex 53.3286 31.9414 0
      vertex 53.3212 31.8596 0
    endloop
  endfacet
  facet normal 0 0 -1
    outer loop
      vertex 46.8613 37.4477 0
      vertex 53.3212 31.8596 0
      vertex 53.3178 31.7774 0
    endloop
  endfacet
  facet normal 0 0 -1
    outer loop
      vertex 3.32473 15.6416 0
      vertex 52.9153 -28.2838 0
      vertex 51.4637 -30.8462 0
    endloop
  endfacet
  facet normal 0 0 -1
    outer loop
      vertex 53.3232 31.6131 0
      vertex 46.8613 37.4477 0
      vertex 53.3185 31.6952 0
    endloop
  endfacet
  facet normal 0 0 -1
    outer loop
      vertex 3.32473 15.6416 0
      vertex 51.4637 -30.8462 0
      vertex 49.8882 -33.3342 0
    endloop
  endfacet
  facet normal 0 0 -1
    outer loop
      vertex 3.32473 15.6416 0
      vertex 49.8882 -33.3342 0
      vertex 48.1925 -35.742 0
    endloop
  endfacet
  facet normal 0 0 -1
    outer loop
      vertex 54.0849 33.1577 0
      vertex 46.8613 37.4477 0
      vertex 53.5237 41.2942 0
    endloop
  endfacet
  facet normal 0 0 -1
    outer loop
      vertex 3.32473 15.6416 0
      vertex 48.1925 -35.742 0
      vertex 46.3806 -38.0636 0
    endloop
  endfacet
  facet normal 0 0 -1
    outer loop
      vertex 53.3185 31.6952 0
      vertex 46.8613 37.4477 0
      vertex 53.3178 31.7774 0
    endloop
  endfacet
  facet normal 0 0 -1
    outer loop
      vertex 3.32473 15.6416 0
      vertex 46.3806 -38.0636 0
      vertex 44.4571 -40.2935 0
    endloop
  endfacet
  facet normal -0 0 -1
    outer loop
      vertex 46.8613 37.4477 0
      vertex 3.32473 15.6416 0
      vertex 46.3806 38.0636 0
    endloop
  endfacet
  facet normal 0 0 -1
    outer loop
      vertex 3.32473 15.6416 0
      vertex 44.4571 -40.2935 0
      vertex 42.4264 -42.4264 0
    endloop
  endfacet
  facet normal -0 0 -1
    outer loop
      vertex 46.3806 38.0636 0
      vertex 3.32473 15.6416 0
      vertex 44.4571 40.2935 0
    endloop
  endfacet
  facet normal 0 0 -1
    outer loop
      vertex 3.32473 15.6416 0
      vertex 42.4264 -42.4264 0
      vertex 40.2935 -44.4571 0
    endloop
  endfacet
  facet normal -0 0 -1
    outer loop
      vertex 44.4571 40.2935 0
      vertex 3.32473 15.6416 0
      vertex 42.4264 42.4264 0
    endloop
  endfacet
  facet normal 0 0 -1
    outer loop
      vertex 3.32473 15.6416 0
      vertex 40.2935 -44.4571 0
      vertex 38.0636 -46.3806 0
    endloop
  endfacet
  facet normal -0 0 -1
    outer loop
      vertex 42.4264 42.4264 0
      vertex 3.32473 15.6416 0
      vertex 40.2935 44.4571 0
    endloop
  endfacet
  facet normal 0 0 -1
    outer loop
      vertex 3.32473 15.6416 0
      vertex 38.0636 -46.3806 0
      vertex 35.742 -48.1925 0
    endloop
  endfacet
  facet normal -0 0 -1
    outer loop
      vertex 40.2935 44.4571 0
      vertex 3.32473 15.6416 0
      vertex 38.0636 46.3806 0
    endloop
  endfacet
  facet normal 0 0 -1
    outer loop
      vertex 3.32473 15.6416 0
      vertex 35.742 -48.1925 0
      vertex 33.3342 -49.8882 0
    endloop
  endfacet
  facet normal -0 0 -1
    outer loop
      vertex 38.0636 46.3806 0
      vertex 3.32473 15.6416 0
      vertex 35.742 48.1925 0
    endloop
  endfacet
  facet normal 0 0 -1
    outer loop
      vertex 3.32473 15.6416 0
      vertex 33.3342 -49.8882 0
      vertex 30.8462 -51.4637 0
    endloop
  endfacet
  facet normal -0 0 -1
    outer loop
      vertex 35.742 48.1925 0
      vertex 3.32473 15.6416 0
      vertex 33.3342 49.8882 0
    endloop
  endfacet
  facet normal 0 0 -1
    outer loop
      vertex 3.32473 15.6416 0
      vertex 30.8462 -51.4637 0
      vertex 28.2838 -52.9153 0
    endloop
  endfacet
  facet normal -0 0 -1
    outer loop
      vertex 33.3342 49.8882 0
      vertex 3.32473 15.6416 0
      vertex 30.8462 51.4637 0
    endloop
  endfacet
  facet normal 0 0 -1
    outer loop
      vertex 3.32473 15.6416 0
      vertex 28.2838 -52.9153 0
      vertex 25.6533 -54.2394 0
    endloop
  endfacet
  facet normal -0 0 -1
    outer loop
      vertex 30.8462 51.4637 0
      vertex 3.32473 15.6416 0
      vertex 28.2838 52.9153 0
    endloop
  endfacet
  facet normal 0 0 -1
    outer loop
      vertex 3.32473 15.6416 0
      vertex 25.6533 -54.2394 0
      vertex 22.961 -55.4328 0
    endloop
  endfacet
  facet normal -0 0 -1
    outer loop
      vertex 28.2838 52.9153 0
      vertex 3.32473 15.6416 0
      vertex 25.6533 54.2394 0
    endloop
  endfacet
  facet normal 0 0 -1
    outer loop
      vertex 3.32473 15.6416 0
      vertex 22.961 -55.4328 0
      vertex 20.2134 -56.4926 0
    endloop
  endfacet
  facet normal -0 0 -1
    outer loop
      vertex 25.6533 54.2394 0
      vertex 3.32473 15.6416 0
      vertex 22.961 55.4328 0
    endloop
  endfacet
  facet normal 0 0 -1
    outer loop
      vertex 3.32473 15.6416 0
      vertex 20.2134 -56.4926 0
      vertex 17.4171 -57.4164 0
    endloop
  endfacet
  facet normal -0 0 -1
    outer loop
      vertex 22.961 55.4328 0
      vertex 3.32473 15.6416 0
      vertex 20.2134 56.4926 0
    endloop
  endfacet
  facet normal 0 0 -1
    outer loop
      vertex 3.32473 15.6416 0
      vertex 17.4171 -57.4164 0
      vertex 14.5788 -58.2019 0
    endloop
  endfacet
  facet normal 0 -0 -1
    outer loop
      vertex 12.2668 57.7107 0
      vertex 20.2134 56.4926 0
      vertex 3.32473 15.6416 0
    endloop
  endfacet
  facet normal 0 0 -1
    outer loop
      vertex 20.2134 56.4926 0
      vertex 12.2668 57.7107 0
      vertex 17.4171 57.4164 0
    endloop
  endfacet
  facet normal 0 0 -1
    outer loop
      vertex 3.32473 15.6416 0
      vertex 14.5788 -58.2019 0
      vertex 11.7054 -58.8471 0
    endloop
  endfacet
  facet normal 0 0 -1
    outer loop
      vertex 3.32473 15.6416 0
      vertex 11.7054 -58.8471 0
      vertex 9 -59.3166 0
    endloop
  endfacet
  facet normal 0 0 -1
    outer loop
      vertex 17.4171 57.4164 0
      vertex 12.2668 57.7107 0
      vertex 14.5788 58.2019 0
    endloop
  endfacet
  facet normal -0.997292 0.0735497 0
    outer loop
      vertex -59.9277 2.94406 0
      vertex -59.7111 5.88103 42
      vertex -59.7111 5.88103 0
    endloop
  endfacet
  facet normal -0.997292 0.0735497 0
    outer loop
      vertex -59.7111 5.88103 42
      vertex -59.9277 2.94406 0
      vertex -59.9277 2.94406 42
    endloop
  endfacet
  facet normal -0.985276 0.170972 0
    outer loop
      vertex -59.3506 8.80383 0
      vertex -58.8471 11.7054 42
      vertex -58.8471 11.7054 0
    endloop
  endfacet
  facet normal -0.985276 0.170972 0
    outer loop
      vertex -58.8471 11.7054 42
      vertex -59.3506 8.80383 0
      vertex -59.3506 8.80383 42
    endloop
  endfacet
  facet normal -0.170972 -0.985276 1.18413e-06
    outer loop
      vertex -11.7054 -58.8471 42
      vertex -9 -59.3166 8.1
      vertex -8.80383 -59.3506 42
    endloop
  endfacet
  facet normal -0.170986 -0.985273 0
    outer loop
      vertex -11.7054 -58.8471 0
      vertex -9 -59.3166 8.1
      vertex -11.7054 -58.8471 42
    endloop
  endfacet
  facet normal -0.170986 -0.985273 -0
    outer loop
      vertex -9 -59.3166 8.1
      vertex -11.7054 -58.8471 0
      vertex -9 -59.3166 0
    endloop
  endfacet
  facet normal -0.170773 -0.98531 -0
    outer loop
      vertex -8.80383 -59.3506 42
      vertex -9 -59.3166 8.1
      vertex -8.80383 -59.3506 8.1
    endloop
  endfacet
  facet normal 0.31369 -0.949525 0
    outer loop
      vertex 17.4171 -57.4164 0
      vertex 20.2134 -56.4926 42
      vertex 17.4171 -57.4164 42
    endloop
  endfacet
  facet normal 0.31369 -0.949525 0
    outer loop
      vertex 20.2134 -56.4926 42
      vertex 17.4171 -57.4164 0
      vertex 20.2134 -56.4926 0
    endloop
  endfacet
  facet normal -0.266724 0.963773 0
    outer loop
      vertex -14.5788 58.2019 0
      vertex -17.4171 57.4164 42
      vertex -14.5788 58.2019 42
    endloop
  endfacet
  facet normal -0.266724 0.963773 0
    outer loop
      vertex -17.4171 57.4164 42
      vertex -14.5788 58.2019 0
      vertex -17.4171 57.4164 0
    endloop
  endfacet
  facet normal -0.788329 -0.615254 0
    outer loop
      vertex -46.3806 -38.0636 0
      vertex -48.1925 -35.742 42
      vertex -48.1925 -35.742 0
    endloop
  endfacet
  facet normal -0.788329 -0.615254 0
    outer loop
      vertex -48.1925 -35.742 42
      vertex -46.3806 -38.0636 0
      vertex -46.3806 -38.0636 42
    endloop
  endfacet
  facet normal -0.963773 -0.266724 0
    outer loop
      vertex -57.4164 -17.4171 0
      vertex -58.2019 -14.5788 42
      vertex -58.2019 -14.5788 0
    endloop
  endfacet
  facet normal -0.963773 -0.266724 0
    outer loop
      vertex -58.2019 -14.5788 42
      vertex -57.4164 -17.4171 0
      vertex -57.4164 -17.4171 42
    endloop
  endfacet
  facet normal -0.449616 -0.893222 0
    outer loop
      vertex -28.2838 -52.9153 0
      vertex -25.6533 -54.2394 42
      vertex -28.2838 -52.9153 42
    endloop
  endfacet
  facet normal -0.449616 -0.893222 -0
    outer loop
      vertex -25.6533 -54.2394 42
      vertex -28.2838 -52.9153 0
      vertex -25.6533 -54.2394 0
    endloop
  endfacet
  facet normal -0.870084 0.492903 0
    outer loop
      vertex -52.9153 28.2838 8.1
      vertex -51.4637 30.8462 42
      vertex -51.4637 30.8462 8.1
    endloop
  endfacet
  facet normal -0.870084 0.492903 0
    outer loop
      vertex -51.4637 30.8462 42
      vertex -52.9153 28.2838 8.1
      vertex -52.9153 28.2838 42
    endloop
  endfacet
  facet normal -0.405237 0.914212 0
    outer loop
      vertex -22.961 55.4328 0
      vertex -25.6533 54.2394 42
      vertex -22.961 55.4328 42
    endloop
  endfacet
  facet normal -0.405237 0.914212 0
    outer loop
      vertex -25.6533 54.2394 42
      vertex -22.961 55.4328 0
      vertex -25.6533 54.2394 0
    endloop
  endfacet
  facet normal -0.575794 -0.817595 0
    outer loop
      vertex -35.742 -48.1925 0
      vertex -33.3342 -49.8882 42
      vertex -35.742 -48.1925 42
    endloop
  endfacet
  facet normal -0.575794 -0.817595 -0
    outer loop
      vertex -33.3342 -49.8882 42
      vertex -35.742 -48.1925 0
      vertex -33.3342 -49.8882 0
    endloop
  endfacet
  facet normal -0.534996 -0.844855 0
    outer loop
      vertex -33.3342 -49.8882 0
      vertex -30.8462 -51.4637 42
      vertex -33.3342 -49.8882 42
    endloop
  endfacet
  facet normal -0.534996 -0.844855 -0
    outer loop
      vertex -30.8462 -51.4637 42
      vertex -33.3342 -49.8882 0
      vertex -30.8462 -51.4637 0
    endloop
  endfacet
  facet normal -0.997291 -0.0735604 0
    outer loop
      vertex 56.9313 2.79686 6.2
      vertex 56.7255 5.58698 42
      vertex 56.7255 5.58698 6.2
    endloop
  endfacet
  facet normal -0.997291 -0.0735604 0
    outer loop
      vertex 56.7255 5.58698 42
      vertex 56.9313 2.79686 6.2
      vertex 56.9313 2.79686 42
    endloop
  endfacet
  facet normal -0.999698 -0.0245559 0
    outer loop
      vertex 57 0 6.2
      vertex 56.9313 2.79686 42
      vertex 56.9313 2.79686 6.2
    endloop
  endfacet
  facet normal -0.999698 -0.0245559 0
    outer loop
      vertex 56.9313 2.79686 42
      vertex 57 0 6.2
      vertex 57 0 42
    endloop
  endfacet
  facet normal -0.992483 -0.122387 0
    outer loop
      vertex 56.7255 5.58698 6.2
      vertex 56.3831 8.36364 42
      vertex 56.3831 8.36364 6.2
    endloop
  endfacet
  facet normal -0.992483 -0.122387 0
    outer loop
      vertex 56.3831 8.36364 42
      vertex 56.7255 5.58698 6.2
      vertex 56.7255 5.58698 42
    endloop
  endfacet
  facet normal -0.449614 0.893223 0
    outer loop
      vertex 26.8696 -50.2695 6.2
      vertex 24.3706 -51.5274 42
      vertex 26.8696 -50.2695 42
    endloop
  endfacet
  facet normal -0.449614 0.893223 0
    outer loop
      vertex 24.3706 -51.5274 42
      vertex 26.8696 -50.2695 6.2
      vertex 24.3706 -51.5274 6.2
    endloop
  endfacet
  facet normal -0.122387 0.992483 0
    outer loop
      vertex 8.36364 -56.3831 6.2
      vertex 5.58698 -56.7255 42
      vertex 8.36364 -56.3831 42
    endloop
  endfacet
  facet normal -0.122387 0.992483 0
    outer loop
      vertex 5.58698 -56.7255 42
      vertex 8.36364 -56.3831 6.2
      vertex 5.58698 -56.7255 6.2
    endloop
  endfacet
  facet normal 0.949527 -0.313685 0
    outer loop
      vertex -54.5456 16.5462 42
      vertex -53.668 19.2027 6.2
      vertex -53.668 19.2027 42
    endloop
  endfacet
  facet normal 0.949527 -0.313685 0
    outer loop
      vertex -53.668 19.2027 6.2
      vertex -54.5456 16.5462 42
      vertex -54.5456 16.5462 6.2
    endloop
  endfacet
  facet normal 0.985277 0.170965 0
    outer loop
      vertex -55.9048 -11.1201 42
      vertex -56.3831 -8.36364 6.2
      vertex -56.3831 -8.36364 42
    endloop
  endfacet
  facet normal 0.985277 0.170965 0
    outer loop
      vertex -56.3831 -8.36364 6.2
      vertex -55.9048 -11.1201 42
      vertex -55.9048 -11.1201 6.2
    endloop
  endfacet
  facet normal -0.788345 0.615234 0
    outer loop
      vertex 44.0616 -36.1604 6.2
      vertex 45.7828 -33.9549 42
      vertex 45.7828 -33.9549 6.2
    endloop
  endfacet
  facet normal -0.788345 0.615234 0
    outer loop
      vertex 45.7828 -33.9549 42
      vertex 44.0616 -36.1604 6.2
      vertex 44.0616 -36.1604 42
    endloop
  endfacet
  facet normal 0.81758 -0.575816 0
    outer loop
      vertex -47.3938 31.6675 42
      vertex -45.7828 33.9549 6.2
      vertex -45.7828 33.9549 42
    endloop
  endfacet
  facet normal 0.81758 -0.575816 0
    outer loop
      vertex -45.7828 33.9549 6.2
      vertex -47.3938 31.6675 42
      vertex -47.3938 31.6675 6.2
    endloop
  endfacet
  facet normal -0.0735604 0.997291 0
    outer loop
      vertex 5.58698 -56.7255 6.2
      vertex 2.79686 -56.9313 42
      vertex 5.58698 -56.7255 42
    endloop
  endfacet
  facet normal -0.0735604 0.997291 0
    outer loop
      vertex 2.79686 -56.9313 42
      vertex 5.58698 -56.7255 6.2
      vertex 2.79686 -56.9313 6.2
    endloop
  endfacet
  facet normal 0.266724 0.963773 -0
    outer loop
      vertex -13.8499 -55.2918 6.2
      vertex -16.5462 -54.5456 42
      vertex -13.8499 -55.2918 42
    endloop
  endfacet
  facet normal 0.266724 0.963773 0
    outer loop
      vertex -16.5462 -54.5456 42
      vertex -13.8499 -55.2918 6.2
      vertex -16.5462 -54.5456 6.2
    endloop
  endfacet
  facet normal -0.997291 0.0735604 0
    outer loop
      vertex 56.7255 -5.58698 6.2
      vertex 56.9313 -2.79686 42
      vertex 56.9313 -2.79686 6.2
    endloop
  endfacet
  facet normal -0.997291 0.0735604 0
    outer loop
      vertex 56.9313 -2.79686 42
      vertex 56.7255 -5.58698 6.2
      vertex 56.7255 -5.58698 42
    endloop
  endfacet
  facet normal -0.949527 -0.313685 0
    outer loop
      vertex 54.5456 16.5462 6.2
      vertex 53.668 19.2027 42
      vertex 53.668 19.2027 6.2
    endloop
  endfacet
  facet normal -0.949527 -0.313685 0
    outer loop
      vertex 53.668 19.2027 42
      vertex 54.5456 16.5462 6.2
      vertex 54.5456 16.5462 42
    endloop
  endfacet
  facet normal 0.405239 0.914211 -0
    outer loop
      vertex -21.813 -52.6611 6.2
      vertex -24.3706 -51.5274 42
      vertex -21.813 -52.6611 42
    endloop
  endfacet
  facet normal 0.405239 0.914211 0
    outer loop
      vertex -24.3706 -51.5274 42
      vertex -21.813 -52.6611 6.2
      vertex -24.3706 -51.5274 6.2
    endloop
  endfacet
  facet normal -0.0245559 -0.999698 0
    outer loop
      vertex 0 57 6.2
      vertex 2.79686 56.9313 42
      vertex 0 57 42
    endloop
  endfacet
  facet normal -0.0245559 -0.999698 -0
    outer loop
      vertex 2.79686 56.9313 42
      vertex 0 57 6.2
      vertex 2.79686 56.9313 6.2
    endloop
  endfacet
  facet normal -0.893223 0.449614 0
    outer loop
      vertex 50.2695 -26.8696 6.2
      vertex 51.5274 -24.3706 42
      vertex 51.5274 -24.3706 6.2
    endloop
  endfacet
  facet normal -0.893223 0.449614 0
    outer loop
      vertex 51.5274 -24.3706 42
      vertex 50.2695 -26.8696 6.2
      vertex 50.2695 -26.8696 42
    endloop
  endfacet
  facet normal -0.492894 -0.870089 0
    outer loop
      vertex 26.8696 50.2695 6.2
      vertex 29.3039 48.8905 42
      vertex 26.8696 50.2695 42
    endloop
  endfacet
  facet normal -0.492894 -0.870089 -0
    outer loop
      vertex 29.3039 48.8905 42
      vertex 26.8696 50.2695 6.2
      vertex 29.3039 48.8905 6.2
    endloop
  endfacet
  facet normal -0.219102 -0.975702 0
    outer loop
      vertex 11.1201 55.9048 6.2
      vertex 13.8499 55.2918 42
      vertex 11.1201 55.9048 42
    endloop
  endfacet
  facet normal -0.219102 -0.975702 -0
    outer loop
      vertex 13.8499 55.2918 42
      vertex 11.1201 55.9048 6.2
      vertex 13.8499 55.2918 6.2
    endloop
  endfacet
  facet normal 0.893223 -0.449614 0
    outer loop
      vertex -51.5274 24.3706 42
      vertex -50.2695 26.8696 6.2
      vertex -50.2695 26.8696 42
    endloop
  endfacet
  facet normal 0.893223 -0.449614 0
    outer loop
      vertex -50.2695 26.8696 6.2
      vertex -51.5274 24.3706 42
      vertex -51.5274 24.3706 6.2
    endloop
  endfacet
  facet normal -0.653167 -0.757214 0
    outer loop
      vertex 36.1604 44.0616 6.2
      vertex 38.2789 42.2342 42
      vertex 36.1604 44.0616 42
    endloop
  endfacet
  facet normal -0.653167 -0.757214 -0
    outer loop
      vertex 38.2789 42.2342 42
      vertex 36.1604 44.0616 6.2
      vertex 38.2789 42.2342 6.2
    endloop
  endfacet
  facet normal -0.844859 -0.534989 0
    outer loop
      vertex 48.8905 29.3039 6.2
      vertex 47.3938 31.6675 42
      vertex 47.3938 31.6675 6.2
    endloop
  endfacet
  facet normal -0.844859 -0.534989 0
    outer loop
      vertex 47.3938 31.6675 42
      vertex 48.8905 29.3039 6.2
      vertex 48.8905 29.3039 42
    endloop
  endfacet
  facet normal 0.724248 0.68954 0
    outer loop
      vertex -40.3051 -40.3051 42
      vertex -42.2342 -38.2789 6.2
      vertex -42.2342 -38.2789 42
    endloop
  endfacet
  facet normal 0.724248 0.68954 0
    outer loop
      vertex -42.2342 -38.2789 6.2
      vertex -40.3051 -40.3051 42
      vertex -40.3051 -40.3051 6.2
    endloop
  endfacet
  facet normal -0.449614 -0.893223 0
    outer loop
      vertex 24.3706 51.5274 6.2
      vertex 26.8696 50.2695 42
      vertex 24.3706 51.5274 42
    endloop
  endfacet
  facet normal -0.449614 -0.893223 -0
    outer loop
      vertex 26.8696 50.2695 42
      vertex 24.3706 51.5274 6.2
      vertex 26.8696 50.2695 6.2
    endloop
  endfacet
  facet normal -0.534989 -0.844859 0
    outer loop
      vertex 29.3039 48.8905 6.2
      vertex 31.6675 47.3938 42
      vertex 29.3039 48.8905 42
    endloop
  endfacet
  facet normal -0.534989 -0.844859 -0
    outer loop
      vertex 31.6675 47.3938 42
      vertex 29.3039 48.8905 6.2
      vertex 31.6675 47.3938 6.2
    endloop
  endfacet
  facet normal 0.999698 -0.0245559 0
    outer loop
      vertex -57 0 42
      vertex -56.9313 2.79686 6.2
      vertex -56.9313 2.79686 42
    endloop
  endfacet
  facet normal 0.999698 -0.0245559 0
    outer loop
      vertex -56.9313 2.79686 6.2
      vertex -57 0 42
      vertex -57 0 6.2
    endloop
  endfacet
  facet normal 0.68954 -0.724248 0
    outer loop
      vertex -40.3051 40.3051 6.2
      vertex -38.2789 42.2342 42
      vertex -40.3051 40.3051 42
    endloop
  endfacet
  facet normal 0.68954 -0.724248 0
    outer loop
      vertex -38.2789 42.2342 42
      vertex -40.3051 40.3051 6.2
      vertex -38.2789 42.2342 6.2
    endloop
  endfacet
  facet normal -0.870089 -0.492894 0
    outer loop
      vertex 50.2695 26.8696 6.2
      vertex 48.8905 29.3039 42
      vertex 48.8905 29.3039 6.2
    endloop
  endfacet
  facet normal -0.870089 -0.492894 0
    outer loop
      vertex 48.8905 29.3039 42
      vertex 50.2695 26.8696 6.2
      vertex 50.2695 26.8696 42
    endloop
  endfacet
  facet normal -0.575816 0.81758 0
    outer loop
      vertex 33.9549 -45.7828 6.2
      vertex 31.6675 -47.3938 42
      vertex 33.9549 -45.7828 42
    endloop
  endfacet
  facet normal -0.575816 0.81758 0
    outer loop
      vertex 31.6675 -47.3938 42
      vertex 33.9549 -45.7828 6.2
      vertex 31.6675 -47.3938 6.2
    endloop
  endfacet
  facet normal -0.81758 -0.575816 0
    outer loop
      vertex 47.3938 31.6675 6.2
      vertex 45.7828 33.9549 42
      vertex 45.7828 33.9549 6.2
    endloop
  endfacet
  facet normal -0.81758 -0.575816 0
    outer loop
      vertex 45.7828 33.9549 42
      vertex 47.3938 31.6675 6.2
      vertex 47.3938 31.6675 42
    endloop
  endfacet
  facet normal -0.405239 -0.914211 0
    outer loop
      vertex 21.813 52.6611 6.2
      vertex 24.3706 51.5274 42
      vertex 21.813 52.6611 42
    endloop
  endfacet
  facet normal -0.405239 -0.914211 -0
    outer loop
      vertex 24.3706 51.5274 42
      vertex 21.813 52.6611 6.2
      vertex 24.3706 51.5274 6.2
    endloop
  endfacet
  facet normal -0.985277 0.170965 0
    outer loop
      vertex 55.9048 -11.1201 6.2
      vertex 56.3831 -8.36364 42
      vertex 56.3831 -8.36364 6.2
    endloop
  endfacet
  facet normal -0.985277 0.170965 0
    outer loop
      vertex 56.3831 -8.36364 42
      vertex 55.9048 -11.1201 6.2
      vertex 55.9048 -11.1201 42
    endloop
  endfacet
  facet normal 0.449614 -0.893223 0
    outer loop
      vertex -26.8696 50.2695 6.2
      vertex -24.3706 51.5274 42
      vertex -26.8696 50.2695 42
    endloop
  endfacet
  facet normal 0.449614 -0.893223 0
    outer loop
      vertex -24.3706 51.5274 42
      vertex -26.8696 50.2695 6.2
      vertex -24.3706 51.5274 6.2
    endloop
  endfacet
  facet normal -0.963773 0.266724 0
    outer loop
      vertex 54.5456 -16.5462 6.2
      vertex 55.2918 -13.8499 42
      vertex 55.2918 -13.8499 6.2
    endloop
  endfacet
  facet normal -0.963773 0.266724 0
    outer loop
      vertex 55.2918 -13.8499 42
      vertex 54.5456 -16.5462 6.2
      vertex 54.5456 -16.5462 42
    endloop
  endfacet
  facet normal -0.219102 0.975702 0
    outer loop
      vertex 13.8499 -55.2918 6.2
      vertex 11.1201 -55.9048 42
      vertex 13.8499 -55.2918 42
    endloop
  endfacet
  facet normal -0.219102 0.975702 0
    outer loop
      vertex 11.1201 -55.9048 42
      vertex 13.8499 -55.2918 6.2
      vertex 11.1201 -55.9048 6.2
    endloop
  endfacet
  facet normal -0.313685 0.949527 0
    outer loop
      vertex 19.2027 -53.668 6.2
      vertex 16.5462 -54.5456 42
      vertex 19.2027 -53.668 42
    endloop
  endfacet
  facet normal -0.313685 0.949527 0
    outer loop
      vertex 16.5462 -54.5456 42
      vertex 19.2027 -53.668 6.2
      vertex 16.5462 -54.5456 6.2
    endloop
  endfacet
  facet normal -0.313685 -0.949527 0
    outer loop
      vertex 16.5462 54.5456 6.2
      vertex 19.2027 53.668 42
      vertex 16.5462 54.5456 42
    endloop
  endfacet
  facet normal -0.313685 -0.949527 -0
    outer loop
      vertex 19.2027 53.668 42
      vertex 16.5462 54.5456 6.2
      vertex 19.2027 53.668 6.2
    endloop
  endfacet
  facet normal 0.534989 0.844859 -0
    outer loop
      vertex -29.3039 -48.8905 6.2
      vertex -31.6675 -47.3938 42
      vertex -29.3039 -48.8905 42
    endloop
  endfacet
  facet normal 0.534989 0.844859 0
    outer loop
      vertex -31.6675 -47.3938 42
      vertex -29.3039 -48.8905 6.2
      vertex -31.6675 -47.3938 6.2
    endloop
  endfacet
  facet normal 0.992483 -0.122387 0
    outer loop
      vertex -56.7255 5.58698 42
      vertex -56.3831 8.36364 6.2
      vertex -56.3831 8.36364 42
    endloop
  endfacet
  facet normal 0.992483 -0.122387 0
    outer loop
      vertex -56.3831 8.36364 6.2
      vertex -56.7255 5.58698 42
      vertex -56.7255 5.58698 6.2
    endloop
  endfacet
  facet normal -0.122387 -0.992483 0
    outer loop
      vertex 5.58698 56.7255 6.2
      vertex 8.36364 56.3831 42
      vertex 5.58698 56.7255 42
    endloop
  endfacet
  facet normal -0.122387 -0.992483 -0
    outer loop
      vertex 8.36364 56.3831 42
      vertex 5.58698 56.7255 6.2
      vertex 8.36364 56.3831 6.2
    endloop
  endfacet
  facet normal 0.122387 0.992483 -0
    outer loop
      vertex -5.58698 -56.7255 6.2
      vertex -8.36364 -56.3831 42
      vertex -5.58698 -56.7255 42
    endloop
  endfacet
  facet normal 0.122387 0.992483 0
    outer loop
      vertex -8.36364 -56.3831 42
      vertex -5.58698 -56.7255 6.2
      vertex -8.36364 -56.3831 6.2
    endloop
  endfacet
  facet normal -0.992483 0.122387 0
    outer loop
      vertex 56.3831 -8.36364 6.2
      vertex 56.7255 -5.58698 42
      vertex 56.7255 -5.58698 6.2
    endloop
  endfacet
  facet normal -0.992483 0.122387 0
    outer loop
      vertex 56.7255 -5.58698 42
      vertex 56.3831 -8.36364 6.2
      vertex 56.3831 -8.36364 42
    endloop
  endfacet
  facet normal -0.788345 -0.615234 0
    outer loop
      vertex 45.7828 33.9549 6.2
      vertex 44.0616 36.1604 42
      vertex 44.0616 36.1604 6.2
    endloop
  endfacet
  facet normal -0.788345 -0.615234 0
    outer loop
      vertex 44.0616 36.1604 42
      vertex 45.7828 33.9549 6.2
      vertex 45.7828 33.9549 42
    endloop
  endfacet
  facet normal 0.653167 -0.757214 0
    outer loop
      vertex -38.2789 42.2342 6.2
      vertex -36.1604 44.0616 42
      vertex -38.2789 42.2342 42
    endloop
  endfacet
  facet normal 0.653167 -0.757214 0
    outer loop
      vertex -36.1604 44.0616 42
      vertex -38.2789 42.2342 6.2
      vertex -36.1604 44.0616 6.2
    endloop
  endfacet
  facet normal 0.844859 0.534989 0
    outer loop
      vertex -47.3938 -31.6675 42
      vertex -48.8905 -29.3039 6.2
      vertex -48.8905 -29.3039 42
    endloop
  endfacet
  facet normal 0.844859 0.534989 0
    outer loop
      vertex -48.8905 -29.3039 6.2
      vertex -47.3938 -31.6675 42
      vertex -47.3938 -31.6675 6.2
    endloop
  endfacet
  facet normal -0.724248 -0.68954 0
    outer loop
      vertex 42.2342 38.2789 6.2
      vertex 40.3051 40.3051 42
      vertex 40.3051 40.3051 6.2
    endloop
  endfacet
  facet normal -0.724248 -0.68954 0
    outer loop
      vertex 40.3051 40.3051 42
      vertex 42.2342 38.2789 6.2
      vertex 42.2342 38.2789 42
    endloop
  endfacet
  facet normal 0.870089 0.492894 0
    outer loop
      vertex -48.8905 -29.3039 42
      vertex -50.2695 -26.8696 6.2
      vertex -50.2695 -26.8696 42
    endloop
  endfacet
  facet normal 0.870089 0.492894 0
    outer loop
      vertex -50.2695 -26.8696 6.2
      vertex -48.8905 -29.3039 42
      vertex -48.8905 -29.3039 6.2
    endloop
  endfacet
  facet normal -0.975702 0.219102 0
    outer loop
      vertex 55.2918 -13.8499 6.2
      vertex 55.9048 -11.1201 42
      vertex 55.9048 -11.1201 6.2
    endloop
  endfacet
  facet normal -0.975702 0.219102 0
    outer loop
      vertex 55.9048 -11.1201 42
      vertex 55.2918 -13.8499 6.2
      vertex 55.2918 -13.8499 42
    endloop
  endfacet
  facet normal -0.757214 0.653167 0
    outer loop
      vertex 42.2342 -38.2789 6.2
      vertex 44.0616 -36.1604 42
      vertex 44.0616 -36.1604 6.2
    endloop
  endfacet
  facet normal -0.757214 0.653167 0
    outer loop
      vertex 44.0616 -36.1604 42
      vertex 42.2342 -38.2789 6.2
      vertex 42.2342 -38.2789 42
    endloop
  endfacet
  facet normal 0.963773 -0.266724 0
    outer loop
      vertex -55.2918 13.8499 42
      vertex -54.5456 16.5462 6.2
      vertex -54.5456 16.5462 42
    endloop
  endfacet
  facet normal 0.963773 -0.266724 0
    outer loop
      vertex -54.5456 16.5462 6.2
      vertex -55.2918 13.8499 42
      vertex -55.2918 13.8499 6.2
    endloop
  endfacet
  facet normal 0.0735604 0.997291 -0
    outer loop
      vertex -2.79686 -56.9313 6.2
      vertex -5.58698 -56.7255 42
      vertex -2.79686 -56.9313 42
    endloop
  endfacet
  facet normal 0.0735604 0.997291 0
    outer loop
      vertex -5.58698 -56.7255 42
      vertex -2.79686 -56.9313 6.2
      vertex -5.58698 -56.7255 6.2
    endloop
  endfacet
  facet normal -0.492894 0.870089 0
    outer loop
      vertex 29.3039 -48.8905 6.2
      vertex 26.8696 -50.2695 42
      vertex 29.3039 -48.8905 42
    endloop
  endfacet
  facet normal -0.492894 0.870089 0
    outer loop
      vertex 26.8696 -50.2695 42
      vertex 29.3039 -48.8905 6.2
      vertex 26.8696 -50.2695 6.2
    endloop
  endfacet
  facet normal 0.313685 -0.949527 0
    outer loop
      vertex -19.2027 53.668 6.2
      vertex -16.5462 54.5456 42
      vertex -19.2027 53.668 42
    endloop
  endfacet
  facet normal 0.313685 -0.949527 0
    outer loop
      vertex -16.5462 54.5456 42
      vertex -19.2027 53.668 6.2
      vertex -16.5462 54.5456 6.2
    endloop
  endfacet
  facet normal -0.68954 0.724248 0
    outer loop
      vertex 40.3051 -40.3051 6.2
      vertex 38.2789 -42.2342 42
      vertex 40.3051 -40.3051 42
    endloop
  endfacet
  facet normal -0.68954 0.724248 0
    outer loop
      vertex 38.2789 -42.2342 42
      vertex 40.3051 -40.3051 6.2
      vertex 38.2789 -42.2342 6.2
    endloop
  endfacet
  facet normal 0.975702 -0.219102 0
    outer loop
      vertex -55.9048 11.1201 42
      vertex -55.2918 13.8499 6.2
      vertex -55.2918 13.8499 42
    endloop
  endfacet
  facet normal 0.975702 -0.219102 0
    outer loop
      vertex -55.2918 13.8499 6.2
      vertex -55.9048 11.1201 42
      vertex -55.9048 11.1201 6.2
    endloop
  endfacet
  facet normal 0.313685 0.949527 -0
    outer loop
      vertex -16.5462 -54.5456 6.2
      vertex -19.2027 -53.668 42
      vertex -16.5462 -54.5456 42
    endloop
  endfacet
  facet normal 0.313685 0.949527 0
    outer loop
      vertex -19.2027 -53.668 42
      vertex -16.5462 -54.5456 6.2
      vertex -19.2027 -53.668 6.2
    endloop
  endfacet
  facet normal 0.932993 -0.359894 0
    outer loop
      vertex -53.668 19.2027 42
      vertex -52.6611 21.813 6.2
      vertex -52.6611 21.813 42
    endloop
  endfacet
  facet normal 0.932993 -0.359894 0
    outer loop
      vertex -52.6611 21.813 6.2
      vertex -53.668 19.2027 42
      vertex -53.668 19.2027 6.2
    endloop
  endfacet
  facet normal -0.914211 -0.405239 0
    outer loop
      vertex 52.6611 21.813 6.2
      vertex 51.5274 24.3706 42
      vertex 51.5274 24.3706 6.2
    endloop
  endfacet
  facet normal -0.914211 -0.405239 0
    outer loop
      vertex 51.5274 24.3706 42
      vertex 52.6611 21.813 6.2
      vertex 52.6611 21.813 42
    endloop
  endfacet
  facet normal -0.405239 0.914211 0
    outer loop
      vertex 24.3706 -51.5274 6.2
      vertex 21.813 -52.6611 42
      vertex 24.3706 -51.5274 42
    endloop
  endfacet
  facet normal -0.405239 0.914211 0
    outer loop
      vertex 21.813 -52.6611 42
      vertex 24.3706 -51.5274 6.2
      vertex 21.813 -52.6611 6.2
    endloop
  endfacet
  facet normal -0.949527 0.313685 0
    outer loop
      vertex 53.668 -19.2027 6.2
      vertex 54.5456 -16.5462 42
      vertex 54.5456 -16.5462 6.2
    endloop
  endfacet
  facet normal -0.949527 0.313685 0
    outer loop
      vertex 54.5456 -16.5462 42
      vertex 53.668 -19.2027 6.2
      vertex 53.668 -19.2027 42
    endloop
  endfacet
  facet normal -0.0735604 -0.997291 0
    outer loop
      vertex 2.79686 56.9313 6.2
      vertex 5.58698 56.7255 42
      vertex 2.79686 56.9313 42
    endloop
  endfacet
  facet normal -0.0735604 -0.997291 -0
    outer loop
      vertex 5.58698 56.7255 42
      vertex 2.79686 56.9313 6.2
      vertex 5.58698 56.7255 6.2
    endloop
  endfacet
  facet normal 0.997291 0.0735604 0
    outer loop
      vertex -56.7255 -5.58698 42
      vertex -56.9313 -2.79686 6.2
      vertex -56.9313 -2.79686 42
    endloop
  endfacet
  facet normal 0.997291 0.0735604 0
    outer loop
      vertex -56.9313 -2.79686 6.2
      vertex -56.7255 -5.58698 42
      vertex -56.7255 -5.58698 6.2
    endloop
  endfacet
  facet normal 0.914211 0.405239 0
    outer loop
      vertex -51.5274 -24.3706 42
      vertex -52.6611 -21.813 6.2
      vertex -52.6611 -21.813 42
    endloop
  endfacet
  facet normal 0.914211 0.405239 0
    outer loop
      vertex -52.6611 -21.813 6.2
      vertex -51.5274 -24.3706 42
      vertex -51.5274 -24.3706 6.2
    endloop
  endfacet
  facet normal 0.219102 -0.975702 0
    outer loop
      vertex -13.8499 55.2918 6.2
      vertex -11.1201 55.9048 42
      vertex -13.8499 55.2918 42
    endloop
  endfacet
  facet normal 0.219102 -0.975702 0
    outer loop
      vertex -11.1201 55.9048 42
      vertex -13.8499 55.2918 6.2
      vertex -11.1201 55.9048 6.2
    endloop
  endfacet
  facet normal -0.575816 -0.81758 0
    outer loop
      vertex 31.6675 47.3938 6.2
      vertex 33.9549 45.7828 42
      vertex 31.6675 47.3938 42
    endloop
  endfacet
  facet normal -0.575816 -0.81758 -0
    outer loop
      vertex 33.9549 45.7828 42
      vertex 31.6675 47.3938 6.2
      vertex 33.9549 45.7828 6.2
    endloop
  endfacet
  facet normal 0.170965 -0.985277 0
    outer loop
      vertex -11.1201 55.9048 6.2
      vertex -8.36364 56.3831 42
      vertex -11.1201 55.9048 42
    endloop
  endfacet
  facet normal 0.170965 -0.985277 0
    outer loop
      vertex -8.36364 56.3831 42
      vertex -11.1201 55.9048 6.2
      vertex -8.36364 56.3831 6.2
    endloop
  endfacet
  facet normal 0.999698 0.0245559 0
    outer loop
      vertex -56.9313 -2.79686 42
      vertex -57 0 6.2
      vertex -57 0 42
    endloop
  endfacet
  facet normal 0.999698 0.0245559 0
    outer loop
      vertex -57 0 6.2
      vertex -56.9313 -2.79686 42
      vertex -56.9313 -2.79686 6.2
    endloop
  endfacet
  facet normal -0.534989 0.844859 0
    outer loop
      vertex 31.6675 -47.3938 6.2
      vertex 29.3039 -48.8905 42
      vertex 31.6675 -47.3938 42
    endloop
  endfacet
  facet normal -0.534989 0.844859 0
    outer loop
      vertex 29.3039 -48.8905 42
      vertex 31.6675 -47.3938 6.2
      vertex 29.3039 -48.8905 6.2
    endloop
  endfacet
  facet normal -0.985277 -0.170965 0
    outer loop
      vertex 56.3831 8.36364 6.2
      vertex 55.9048 11.1201 42
      vertex 55.9048 11.1201 6.2
    endloop
  endfacet
  facet normal -0.985277 -0.170965 0
    outer loop
      vertex 55.9048 11.1201 42
      vertex 56.3831 8.36364 6.2
      vertex 56.3831 8.36364 42
    endloop
  endfacet
  facet normal -0.893223 -0.449614 0
    outer loop
      vertex 51.5274 24.3706 6.2
      vertex 50.2695 26.8696 42
      vertex 50.2695 26.8696 6.2
    endloop
  endfacet
  facet normal -0.893223 -0.449614 0
    outer loop
      vertex 50.2695 26.8696 42
      vertex 51.5274 24.3706 6.2
      vertex 51.5274 24.3706 42
    endloop
  endfacet
  facet normal 0.893223 0.449614 0
    outer loop
      vertex -50.2695 -26.8696 42
      vertex -51.5274 -24.3706 6.2
      vertex -51.5274 -24.3706 42
    endloop
  endfacet
  facet normal 0.893223 0.449614 0
    outer loop
      vertex -51.5274 -24.3706 6.2
      vertex -50.2695 -26.8696 42
      vertex -50.2695 -26.8696 6.2
    endloop
  endfacet
  facet normal -0.724248 0.68954 0
    outer loop
      vertex 40.3051 -40.3051 6.2
      vertex 42.2342 -38.2789 42
      vertex 42.2342 -38.2789 6.2
    endloop
  endfacet
  facet normal -0.724248 0.68954 0
    outer loop
      vertex 42.2342 -38.2789 42
      vertex 40.3051 -40.3051 6.2
      vertex 40.3051 -40.3051 42
    endloop
  endfacet
  facet normal 0.615234 0.788345 -0
    outer loop
      vertex -33.9549 -45.7828 6.2
      vertex -36.1604 -44.0616 42
      vertex -33.9549 -45.7828 42
    endloop
  endfacet
  facet normal 0.615234 0.788345 0
    outer loop
      vertex -36.1604 -44.0616 42
      vertex -33.9549 -45.7828 6.2
      vertex -36.1604 -44.0616 6.2
    endloop
  endfacet
  facet normal 0.359894 0.932993 -0
    outer loop
      vertex -19.2027 -53.668 6.2
      vertex -21.813 -52.6611 42
      vertex -19.2027 -53.668 42
    endloop
  endfacet
  facet normal 0.359894 0.932993 0
    outer loop
      vertex -21.813 -52.6611 42
      vertex -19.2027 -53.668 6.2
      vertex -21.813 -52.6611 6.2
    endloop
  endfacet
  facet normal 0.122387 -0.992483 0
    outer loop
      vertex -8.36364 56.3831 6.2
      vertex -5.58698 56.7255 42
      vertex -8.36364 56.3831 42
    endloop
  endfacet
  facet normal 0.122387 -0.992483 0
    outer loop
      vertex -5.58698 56.7255 42
      vertex -8.36364 56.3831 6.2
      vertex -5.58698 56.7255 6.2
    endloop
  endfacet
  facet normal -0.844859 0.534989 0
    outer loop
      vertex 47.3938 -31.6675 6.2
      vertex 48.8905 -29.3039 42
      vertex 48.8905 -29.3039 6.2
    endloop
  endfacet
  facet normal -0.844859 0.534989 0
    outer loop
      vertex 48.8905 -29.3039 42
      vertex 47.3938 -31.6675 6.2
      vertex 47.3938 -31.6675 42
    endloop
  endfacet
  facet normal -0.170965 0.985277 0
    outer loop
      vertex 11.1201 -55.9048 6.2
      vertex 8.36364 -56.3831 42
      vertex 11.1201 -55.9048 42
    endloop
  endfacet
  facet normal -0.170965 0.985277 0
    outer loop
      vertex 8.36364 -56.3831 42
      vertex 11.1201 -55.9048 6.2
      vertex 8.36364 -56.3831 6.2
    endloop
  endfacet
  facet normal -0.266724 0.963773 0
    outer loop
      vertex 16.5462 -54.5456 6.2
      vertex 13.8499 -55.2918 42
      vertex 16.5462 -54.5456 42
    endloop
  endfacet
  facet normal -0.266724 0.963773 0
    outer loop
      vertex 13.8499 -55.2918 42
      vertex 16.5462 -54.5456 6.2
      vertex 13.8499 -55.2918 6.2
    endloop
  endfacet
  facet normal -0.914211 0.405239 0
    outer loop
      vertex 51.5274 -24.3706 6.2
      vertex 52.6611 -21.813 42
      vertex 52.6611 -21.813 6.2
    endloop
  endfacet
  facet normal -0.914211 0.405239 0
    outer loop
      vertex 52.6611 -21.813 42
      vertex 51.5274 -24.3706 6.2
      vertex 51.5274 -24.3706 42
    endloop
  endfacet
  facet normal -0.999698 0.0245559 0
    outer loop
      vertex 56.9313 -2.79686 6.2
      vertex 57 0 42
      vertex 57 0 6.2
    endloop
  endfacet
  facet normal -0.999698 0.0245559 0
    outer loop
      vertex 57 0 42
      vertex 56.9313 -2.79686 6.2
      vertex 56.9313 -2.79686 42
    endloop
  endfacet
  facet normal -0.266724 -0.963773 0
    outer loop
      vertex 13.8499 55.2918 6.2
      vertex 16.5462 54.5456 42
      vertex 13.8499 55.2918 42
    endloop
  endfacet
  facet normal -0.266724 -0.963773 -0
    outer loop
      vertex 16.5462 54.5456 42
      vertex 13.8499 55.2918 6.2
      vertex 16.5462 54.5456 6.2
    endloop
  endfacet
  facet normal 0.0245559 -0.999698 0
    outer loop
      vertex -2.79686 56.9313 6.2
      vertex 0 57 42
      vertex -2.79686 56.9313 42
    endloop
  endfacet
  facet normal 0.0245559 -0.999698 0
    outer loop
      vertex 0 57 42
      vertex -2.79686 56.9313 6.2
      vertex 0 57 6.2
    endloop
  endfacet
  facet normal -0.359894 -0.932993 0
    outer loop
      vertex 19.2027 53.668 6.2
      vertex 21.813 52.6611 42
      vertex 19.2027 53.668 42
    endloop
  endfacet
  facet normal -0.359894 -0.932993 -0
    outer loop
      vertex 21.813 52.6611 42
      vertex 19.2027 53.668 6.2
      vertex 21.813 52.6611 6.2
    endloop
  endfacet
  facet normal 0.492894 -0.870089 0
    outer loop
      vertex -29.3039 48.8905 6.2
      vertex -26.8696 50.2695 42
      vertex -29.3039 48.8905 42
    endloop
  endfacet
  facet normal 0.492894 -0.870089 0
    outer loop
      vertex -26.8696 50.2695 42
      vertex -29.3039 48.8905 6.2
      vertex -26.8696 50.2695 6.2
    endloop
  endfacet
  facet normal -0.975702 -0.219102 0
    outer loop
      vertex 55.9048 11.1201 6.2
      vertex 55.2918 13.8499 42
      vertex 55.2918 13.8499 6.2
    endloop
  endfacet
  facet normal -0.975702 -0.219102 0
    outer loop
      vertex 55.2918 13.8499 42
      vertex 55.9048 11.1201 6.2
      vertex 55.9048 11.1201 42
    endloop
  endfacet
  facet normal -0.68954 -0.724248 0
    outer loop
      vertex 38.2789 42.2342 6.2
      vertex 40.3051 40.3051 42
      vertex 38.2789 42.2342 42
    endloop
  endfacet
  facet normal -0.68954 -0.724248 -0
    outer loop
      vertex 40.3051 40.3051 42
      vertex 38.2789 42.2342 6.2
      vertex 40.3051 40.3051 6.2
    endloop
  endfacet
  facet normal 0.0243273 0.999704 0
    outer loop
      vertex -0.0821877 -56.998 39.673
      vertex 0 -57 42
      vertex 0 -57 39.675
    endloop
  endfacet
  facet normal 0.024386 0.999703 -2.07411e-06
    outer loop
      vertex -0.164178 -56.996 39.6669
      vertex 0 -57 42
      vertex -0.0821877 -56.998 39.673
    endloop
  endfacet
  facet normal 0.0245052 0.9997 -1.0467e-05
    outer loop
      vertex -0.245773 -56.994 39.6569
      vertex 0 -57 42
      vertex -0.164178 -56.996 39.6669
    endloop
  endfacet
  facet normal 0.0246881 0.999695 -2.96583e-05
    outer loop
      vertex -0.326776 -56.992 39.6428
      vertex 0 -57 42
      vertex -0.245773 -56.994 39.6569
    endloop
  endfacet
  facet normal 0.0249397 0.999689 -6.45648e-05
    outer loop
      vertex -0.406991 -56.99 39.6248
      vertex 0 -57 42
      vertex -0.326776 -56.992 39.6428
    endloop
  endfacet
  facet normal 0.023943 0.999713 0.00010632
    outer loop
      vertex -0.486226 -56.9881 39.6029
      vertex 0 -57 42
      vertex -0.406991 -56.99 39.6248
    endloop
  endfacet
  facet normal 0.0256938 0.99967 -0.000249029
    outer loop
      vertex -0.56429 -56.9861 39.5771
      vertex 0 -57 42
      vertex -0.486226 -56.9881 39.6029
    endloop
  endfacet
  facet normal 0.0233453 0.999727 0.000298267
    outer loop
      vertex -0.640994 -56.9843 39.5475
      vertex 0 -57 42
      vertex -0.56429 -56.9861 39.5771
    endloop
  endfacet
  facet normal 0.0253742 0.999678 -0.000232319
    outer loop
      vertex -0.716154 -56.9824 39.5142
      vertex 0 -57 42
      vertex -0.640994 -56.9843 39.5475
    endloop
  endfacet
  facet normal 0.0245559 0.999698 3.58848e-06
    outer loop
      vertex 0 -57 42
      vertex -0.716154 -56.9824 39.5142
      vertex -2.79686 -56.9313 42
    endloop
  endfacet
  facet normal 0.0245182 0.999699 -2.79563e-05
    outer loop
      vertex -0.789589 -56.9806 39.4772
      vertex -2.79686 -56.9313 42
      vertex -0.716154 -56.9824 39.5142
    endloop
  endfacet
  facet normal 0.0240056 0.999712 -0.000436033
    outer loop
      vertex -0.861121 -56.9789 39.4367
      vertex -2.79686 -56.9313 42
      vertex -0.789589 -56.9806 39.4772
    endloop
  endfacet
  facet normal 0.0245048 0.9997 -5.88391e-05
    outer loop
      vertex -0.93058 -56.9772 39.3927
      vertex -2.79686 -56.9313 42
      vertex -0.861121 -56.9789 39.4367
    endloop
  endfacet
  facet normal 0.0250502 0.999686 0.000331784
    outer loop
      vertex -0.997796 -56.9755 39.3454
      vertex -2.79686 -56.9313 42
      vertex -0.93058 -56.9772 39.3927
    endloop
  endfacet
  facet normal 0.0246378 0.999696 5.21477e-05
    outer loop
      vertex -1.06261 -56.9739 39.2948
      vertex -2.79686 -56.9313 42
      vertex -0.997796 -56.9755 39.3454
    endloop
  endfacet
  facet normal 0.0242557 0.999706 -0.000192944
    outer loop
      vertex -1.12486 -56.9724 39.2411
      vertex -2.79686 -56.9313 42
      vertex -1.06261 -56.9739 39.2948
    endloop
  endfacet
  facet normal 0.0249615 0.999688 0.000235024
    outer loop
      vertex -1.1844 -56.9709 39.1844
      vertex -2.79686 -56.9313 42
      vertex -1.12486 -56.9724 39.2411
    endloop
  endfacet
  facet normal 0.0246368 0.999696 4.8976e-05
    outer loop
      vertex -1.24109 -56.9695 39.1249
      vertex -2.79686 -56.9313 42
      vertex -1.1844 -56.9709 39.1844
    endloop
  endfacet
  facet normal 0.0243345 0.999704 -0.000114717
    outer loop
      vertex -1.29479 -56.9682 39.0626
      vertex -2.79686 -56.9313 42
      vertex -1.24109 -56.9695 39.1249
    endloop
  endfacet
  facet normal 0.0240508 0.999711 -0.000259851
    outer loop
      vertex -1.34537 -56.967 38.9978
      vertex -2.79686 -56.9313 42
      vertex -1.29479 -56.9682 39.0626
    endloop
  endfacet
  facet normal 0.0250342 0.999687 0.000215859
    outer loop
      vertex -1.39271 -56.9658 38.9306
      vertex -2.79686 -56.9313 42
      vertex -1.34537 -56.967 38.9978
    endloop
  endfacet
  facet normal 0.0248153 0.999692 0.000115651
    outer loop
      vertex -1.4367 -56.9647 38.8611
      vertex -2.79686 -56.9313 42
      vertex -1.39271 -56.9658 38.9306
    endloop
  endfacet
  facet normal 0.0246183 0.999697 3.02529e-05
    outer loop
      vertex -1.47722 -56.9637 38.7896
      vertex -2.79686 -56.9313 42
      vertex -1.4367 -56.9647 38.8611
    endloop
  endfacet
  facet normal 0.0244339 0.999701 -4.55882e-05
    outer loop
      vertex -1.51418 -56.9628 38.7162
      vertex -2.79686 -56.9313 42
      vertex -1.47722 -56.9637 38.7896
    endloop
  endfacet
  facet normal 0.0242594 0.999706 -0.000113803
    outer loop
      vertex -1.5475 -56.962 38.641
      vertex -2.79686 -56.9313 42
      vertex -1.51418 -56.9628 38.7162
    endloop
  endfacet
  facet normal 0.0240992 0.99971 -0.000173401
    outer loop
      vertex -1.57709 -56.9613 38.5643
      vertex -2.79686 -56.9313 42
      vertex -1.5475 -56.962 38.641
    endloop
  endfacet
  facet normal 0.0239515 0.999713 -0.000225886
    outer loop
      vertex -1.60287 -56.9607 38.4862
      vertex -2.79686 -56.9313 42
      vertex -1.57709 -56.9613 38.5643
    endloop
  endfacet
  facet normal 0.0258433 0.999666 0.00041736
    outer loop
      vertex -1.6248 -56.9601 38.407
      vertex -2.79686 -56.9313 42
      vertex -1.60287 -56.9607 38.4862
    endloop
  endfacet
  facet normal 0.0236024 0.999721 -0.000314097
    outer loop
      vertex -1.64281 -56.9597 38.3268
      vertex -2.79686 -56.9313 42
      vertex -1.6248 -56.9601 38.407
    endloop
  endfacet
  facet normal 0.025967 0.999663 0.000429256
    outer loop
      vertex -1.65687 -56.9593 38.2458
      vertex -2.79686 -56.9313 42
      vertex -1.64281 -56.9597 38.3268
    endloop
  endfacet
  facet normal 0.0232037 0.999731 -0.000410332
    outer loop
      vertex -1.66693 -56.9591 38.1642
      vertex -2.79686 -56.9313 42
      vertex -1.65687 -56.9593 38.2458
    endloop
  endfacet
  facet normal 0.0262876 0.999654 0.000498667
    outer loop
      vertex -1.67298 -56.9589 38.0822
      vertex -2.79686 -56.9313 42
      vertex -1.66693 -56.9591 38.1642
    endloop
  endfacet
  facet normal 0.0226143 0.999744 -0.000555727
    outer loop
      vertex -1.675 -56.9589 38
      vertex -2.79686 -56.9313 42
      vertex -1.67298 -56.9589 38.0822
    endloop
  endfacet
  facet normal 0.0269548 0.999636 0.000662394
    outer loop
      vertex -1.67298 -56.9589 37.9178
      vertex -2.79686 -56.9313 42
      vertex -1.675 -56.9589 38
    endloop
  endfacet
  facet normal 0.021441 0.99977 -0.000856537
    outer loop
      vertex -1.66693 -56.9591 37.8358
      vertex -2.79686 -56.9313 42
      vertex -1.67298 -56.9589 37.9178
    endloop
  endfacet
  facet normal 0.028524 0.999593 0.00106658
    outer loop
      vertex -1.65687 -56.9593 37.7542
      vertex -2.79686 -56.9313 42
      vertex -1.66693 -56.9591 37.8358
    endloop
  endfacet
  facet normal 0.017449 0.999846 -0.00190871
    outer loop
      vertex -1.64281 -56.9597 37.6732
      vertex -2.79686 -56.9313 42
      vertex -1.65687 -56.9593 37.7542
    endloop
  endfacet
  facet normal 0.0222044 0.999753 -0
    outer loop
      vertex -1.64281 -56.9597 26.3268
      vertex -1.64281 -56.9597 37.6732
      vertex -1.6248 -56.9601 37.593
    endloop
  endfacet
  facet normal 0.0243273 0.999704 -0
    outer loop
      vertex 0 -57 27.675
      vertex -0.0821877 -56.998 36.327
      vertex 0 -57 36.325
    endloop
  endfacet
  facet normal 0.0243273 0.999704 -0
    outer loop
      vertex -0.0821877 -56.998 27.673
      vertex -0.0821877 -56.998 36.327
      vertex 0 -57 27.675
    endloop
  endfacet
  facet normal 0.0243859 0.999703 0
    outer loop
      vertex -0.0821877 -56.998 36.327
      vertex -0.0821877 -56.998 27.673
      vertex -0.164178 -56.996 36.3331
    endloop
  endfacet
  facet normal 0.0243859 0.999703 -0
    outer loop
      vertex -0.164178 -56.996 27.6669
      vertex -0.164178 -56.996 36.3331
      vertex -0.0821877 -56.998 27.673
    endloop
  endfacet
  facet normal 0.0245039 0.9997 0
    outer loop
      vertex -0.164178 -56.996 36.3331
      vertex -0.164178 -56.996 27.6669
      vertex -0.245773 -56.994 36.3431
    endloop
  endfacet
  facet normal 0.0245039 0.9997 -0
    outer loop
      vertex -0.245773 -56.994 27.6569
      vertex -0.245773 -56.994 36.3431
      vertex -0.164178 -56.996 27.6669
    endloop
  endfacet
  facet normal 0.0246829 0.999695 0
    outer loop
      vertex -0.245773 -56.994 36.3431
      vertex -0.245773 -56.994 27.6569
      vertex -0.326776 -56.992 36.3572
    endloop
  endfacet
  facet normal 0.0246829 0.999695 -0
    outer loop
      vertex -0.326776 -56.992 27.6428
      vertex -0.326776 -56.992 36.3572
      vertex -0.245773 -56.994 27.6569
    endloop
  endfacet
  facet normal 0.0249252 0.999689 0
    outer loop
      vertex -0.326776 -56.992 36.3572
      vertex -0.326776 -56.992 27.6428
      vertex -0.406991 -56.99 36.3752
    endloop
  endfacet
  facet normal 0.0249252 0.999689 -0
    outer loop
      vertex -0.406991 -56.99 27.6248
      vertex -0.406991 -56.99 36.3752
      vertex -0.326776 -56.992 27.6428
    endloop
  endfacet
  facet normal 0.0239724 0.999713 0
    outer loop
      vertex -0.406991 -56.99 36.3752
      vertex -0.406991 -56.99 27.6248
      vertex -0.486226 -56.9881 36.3971
    endloop
  endfacet
  facet normal 0.0239724 0.999713 -0
    outer loop
      vertex -0.486226 -56.9881 27.6029
      vertex -0.486226 -56.9881 36.3971
      vertex -0.406991 -56.99 27.6248
    endloop
  endfacet
  facet normal 0.0256116 0.999672 0
    outer loop
      vertex -0.486226 -56.9881 36.3971
      vertex -0.486226 -56.9881 27.6029
      vertex -0.56429 -56.9861 36.4229
    endloop
  endfacet
  facet normal 0.0256116 0.999672 -0
    outer loop
      vertex -0.56429 -56.9861 27.5771
      vertex -0.56429 -56.9861 36.4229
      vertex -0.486226 -56.9881 27.6029
    endloop
  endfacet
  facet normal 0.0234604 0.999725 0
    outer loop
      vertex -0.56429 -56.9861 36.4229
      vertex -0.56429 -56.9861 27.5771
      vertex -0.640994 -56.9843 36.4525
    endloop
  endfacet
  facet normal 0.0234604 0.999725 -0
    outer loop
      vertex -0.640994 -56.9843 27.5475
      vertex -0.640994 -56.9843 36.4525
      vertex -0.56429 -56.9861 27.5771
    endloop
  endfacet
  facet normal 0.0252713 0.999681 0
    outer loop
      vertex -0.640994 -56.9843 36.4525
      vertex -0.640994 -56.9843 27.5475
      vertex -0.716154 -56.9824 36.4858
    endloop
  endfacet
  facet normal 0.0252713 0.999681 -0
    outer loop
      vertex -0.716154 -56.9824 27.5142
      vertex -0.716154 -56.9824 36.4858
      vertex -0.640994 -56.9843 27.5475
    endloop
  endfacet
  facet normal 0.0245041 0.9997 0
    outer loop
      vertex -0.716154 -56.9824 36.4858
      vertex -0.716154 -56.9824 27.5142
      vertex -0.789589 -56.9806 36.5228
    endloop
  endfacet
  facet normal 0.0245041 0.9997 -0
    outer loop
      vertex -0.789589 -56.9806 27.4772
      vertex -0.789589 -56.9806 36.5228
      vertex -0.716154 -56.9824 27.5142
    endloop
  endfacet
  facet normal 0.0237589 0.999718 0
    outer loop
      vertex -0.789589 -56.9806 36.5228
      vertex -0.789589 -56.9806 27.4772
      vertex -0.861121 -56.9789 36.5633
    endloop
  endfacet
  facet normal 0.0237589 0.999718 -0
    outer loop
      vertex -0.861121 -56.9789 27.4367
      vertex -0.861121 -56.9789 36.5633
      vertex -0.789589 -56.9806 27.4772
    endloop
  endfacet
  facet normal 0.0244675 0.999701 0
    outer loop
      vertex -0.861121 -56.9789 36.5633
      vertex -0.861121 -56.9789 27.4367
      vertex -0.93058 -56.9772 36.6073
    endloop
  endfacet
  facet normal 0.0244675 0.999701 -0
    outer loop
      vertex -0.93058 -56.9772 27.3927
      vertex -0.93058 -56.9772 36.6073
      vertex -0.861121 -56.9789 27.4367
    endloop
  endfacet
  facet normal 0.0252835 0.99968 0
    outer loop
      vertex -0.93058 -56.9772 36.6073
      vertex -0.93058 -56.9772 27.3927
      vertex -0.997796 -56.9755 36.6546
    endloop
  endfacet
  facet normal 0.0252835 0.99968 -0
    outer loop
      vertex -0.997796 -56.9755 27.3454
      vertex -0.997796 -56.9755 36.6546
      vertex -0.93058 -56.9772 27.3927
    endloop
  endfacet
  facet normal 0.0246785 0.999695 0
    outer loop
      vertex -0.997796 -56.9755 36.6546
      vertex -0.997796 -56.9755 27.3454
      vertex -1.06261 -56.9739 36.7052
    endloop
  endfacet
  facet normal 0.0246785 0.999695 -0
    outer loop
      vertex -1.06261 -56.9739 27.2948
      vertex -1.06261 -56.9739 36.7052
      vertex -0.997796 -56.9755 27.3454
    endloop
  endfacet
  facet normal 0.0240894 0.99971 0
    outer loop
      vertex -1.06261 -56.9739 36.7052
      vertex -1.06261 -56.9739 27.2948
      vertex -1.12486 -56.9724 36.7589
    endloop
  endfacet
  facet normal 0.0240894 0.99971 -0
    outer loop
      vertex -1.12486 -56.9724 27.2411
      vertex -1.12486 -56.9724 36.7589
      vertex -1.06261 -56.9739 27.2948
    endloop
  endfacet
  facet normal 0.0251852 0.999683 0
    outer loop
      vertex -1.12486 -56.9724 36.7589
      vertex -1.12486 -56.9724 27.2411
      vertex -1.1844 -56.9709 36.8156
    endloop
  endfacet
  facet normal 0.0251852 0.999683 -0
    outer loop
      vertex -1.1844 -56.9709 27.1844
      vertex -1.1844 -56.9709 36.8156
      vertex -1.12486 -56.9724 27.2411
    endloop
  endfacet
  facet normal 0.0246882 0.999695 0
    outer loop
      vertex -1.1844 -56.9709 36.8156
      vertex -1.1844 -56.9709 27.1844
      vertex -1.24109 -56.9695 36.8751
    endloop
  endfacet
  facet normal 0.0246882 0.999695 -0
    outer loop
      vertex -1.24109 -56.9695 27.1249
      vertex -1.24109 -56.9695 36.8751
      vertex -1.1844 -56.9709 27.1844
    endloop
  endfacet
  facet normal 0.0242015 0.999707 0
    outer loop
      vertex -1.24109 -56.9695 36.8751
      vertex -1.24109 -56.9695 27.1249
      vertex -1.29479 -56.9682 36.9374
    endloop
  endfacet
  facet normal 0.0242015 0.999707 -0
    outer loop
      vertex -1.29479 -56.9682 27.0626
      vertex -1.29479 -56.9682 36.9374
      vertex -1.24109 -56.9695 27.1249
    endloop
  endfacet
  facet normal 0.0237181 0.999719 0
    outer loop
      vertex -1.29479 -56.9682 36.9374
      vertex -1.29479 -56.9682 27.0626
      vertex -1.34537 -56.967 37.0022
    endloop
  endfacet
  facet normal 0.0237181 0.999719 -0
    outer loop
      vertex -1.34537 -56.967 26.9978
      vertex -1.34537 -56.967 37.0022
      vertex -1.29479 -56.9682 27.0626
    endloop
  endfacet
  facet normal 0.0253404 0.999679 0
    outer loop
      vertex -1.34537 -56.967 37.0022
      vertex -1.34537 -56.967 26.9978
      vertex -1.39271 -56.9658 37.0694
    endloop
  endfacet
  facet normal 0.0253404 0.999679 -0
    outer loop
      vertex -1.39271 -56.9658 26.9306
      vertex -1.39271 -56.9658 37.0694
      vertex -1.34537 -56.967 26.9978
    endloop
  endfacet
  facet normal 0.0249979 0.999688 0
    outer loop
      vertex -1.39271 -56.9658 37.0694
      vertex -1.39271 -56.9658 26.9306
      vertex -1.4367 -56.9647 37.1389
    endloop
  endfacet
  facet normal 0.0249979 0.999688 -0
    outer loop
      vertex -1.4367 -56.9647 26.8611
      vertex -1.4367 -56.9647 37.1389
      vertex -1.39271 -56.9658 26.9306
    endloop
  endfacet
  facet normal 0.0246717 0.999696 0
    outer loop
      vertex -1.4367 -56.9647 37.1389
      vertex -1.4367 -56.9647 26.8611
      vertex -1.47722 -56.9637 37.2104
    endloop
  endfacet
  facet normal 0.0246717 0.999696 -0
    outer loop
      vertex -1.47722 -56.9637 26.7896
      vertex -1.47722 -56.9637 37.2104
      vertex -1.4367 -56.9647 26.8611
    endloop
  endfacet
  facet normal 0.0243434 0.999704 0
    outer loop
      vertex -1.47722 -56.9637 37.2104
      vertex -1.47722 -56.9637 26.7896
      vertex -1.51418 -56.9628 37.2838
    endloop
  endfacet
  facet normal 0.0243434 0.999704 -0
    outer loop
      vertex -1.51418 -56.9628 26.7162
      vertex -1.51418 -56.9628 37.2838
      vertex -1.47722 -56.9637 26.7896
    endloop
  endfacet
  facet normal 0.0240027 0.999712 0
    outer loop
      vertex -1.51418 -56.9628 37.2838
      vertex -1.51418 -56.9628 26.7162
      vertex -1.5475 -56.962 37.359
    endloop
  endfacet
  facet normal 0.0240027 0.999712 -0
    outer loop
      vertex -1.5475 -56.962 26.641
      vertex -1.5475 -56.962 37.359
      vertex -1.51418 -56.9628 26.7162
    endloop
  endfacet
  facet normal 0.02365 0.99972 0
    outer loop
      vertex -1.5475 -56.962 37.359
      vertex -1.5475 -56.962 26.641
      vertex -1.57709 -56.9613 37.4357
    endloop
  endfacet
  facet normal 0.02365 0.99972 -0
    outer loop
      vertex -1.57709 -56.9613 26.5643
      vertex -1.57709 -56.9613 37.4357
      vertex -1.5475 -56.962 26.641
    endloop
  endfacet
  facet normal 0.0232676 0.999729 0
    outer loop
      vertex -1.57709 -56.9613 37.4357
      vertex -1.57709 -56.9613 26.5643
      vertex -1.60287 -56.9607 37.5138
    endloop
  endfacet
  facet normal 0.0232676 0.999729 -0
    outer loop
      vertex -1.60287 -56.9607 26.4862
      vertex -1.60287 -56.9607 37.5138
      vertex -1.57709 -56.9613 26.5643
    endloop
  endfacet
  facet normal 0.0273495 0.999626 0
    outer loop
      vertex -1.60287 -56.9607 37.5138
      vertex -1.60287 -56.9607 26.4862
      vertex -1.6248 -56.9601 37.593
    endloop
  endfacet
  facet normal 0.0273495 0.999626 -0
    outer loop
      vertex -1.6248 -56.9601 26.407
      vertex -1.6248 -56.9601 37.593
      vertex -1.60287 -56.9607 26.4862
    endloop
  endfacet
  facet normal 0.0222044 0.999753 0
    outer loop
      vertex -1.64281 -56.9597 26.3268
      vertex -1.6248 -56.9601 37.593
      vertex -1.6248 -56.9601 26.407
    endloop
  endfacet
  facet normal 0.0246015 0.999697 0
    outer loop
      vertex -1.64281 -56.9597 37.6732
      vertex -1.64281 -56.9597 26.3268
      vertex -2.79686 -56.9313 42
    endloop
  endfacet
  facet normal 0.0272954 0.999627 0.000198484
    outer loop
      vertex -1.65687 -56.9593 26.2458
      vertex -2.79686 -56.9313 42
      vertex -1.64281 -56.9597 26.3268
    endloop
  endfacet
  facet normal 0.0216069 0.999767 -0.000213389
    outer loop
      vertex -1.66693 -56.9591 26.1642
      vertex -2.79686 -56.9313 42
      vertex -1.65687 -56.9593 26.2458
    endloop
  endfacet
  facet normal 0.0288892 0.999583 0.000306546
    outer loop
      vertex -1.67298 -56.9589 26.0822
      vertex -2.79686 -56.9313 42
      vertex -1.66693 -56.9591 26.1642
    endloop
  endfacet
  facet normal 0.0182142 0.999834 -0.0004476
    outer loop
      vertex -1.675 -56.9589 26
      vertex -2.79686 -56.9313 42
      vertex -1.67298 -56.9589 26.0822
    endloop
  endfacet
  facet normal 0.0171571 0.999853 0.000421621
    outer loop
      vertex -2.79686 -56.9313 6.2
      vertex -1.675 -56.9589 26
      vertex -1.67298 -56.9589 25.9178
    endloop
  endfacet
  facet normal 0.0243273 0.999704 -0
    outer loop
      vertex 0 -57 6.2
      vertex -0.0821877 -56.998 24.327
      vertex 0 -57 24.325
    endloop
  endfacet
  facet normal 0.0243859 0.999703 2.65648e-07
    outer loop
      vertex 0 -57 6.2
      vertex -0.164178 -56.996 24.3331
      vertex -0.0821877 -56.998 24.327
    endloop
  endfacet
  facet normal 0.0245041 0.9997 1.33661e-06
    outer loop
      vertex 0 -57 6.2
      vertex -0.245773 -56.994 24.3431
      vertex -0.164178 -56.996 24.3331
    endloop
  endfacet
  facet normal 0.0245559 0.999698 2.03797e-06
    outer loop
      vertex -2.79686 -56.9313 6.2
      vertex -0.245773 -56.994 24.3431
      vertex 0 -57 6.2
    endloop
  endfacet
  facet normal 0.0246802 0.999695 -1.54613e-05
    outer loop
      vertex -0.245773 -56.994 24.3431
      vertex -2.79686 -56.9313 6.2
      vertex -0.326776 -56.992 24.3572
    endloop
  endfacet
  facet normal 0.0249146 0.99969 -4.73672e-05
    outer loop
      vertex -0.326776 -56.992 24.3572
      vertex -2.79686 -56.9313 6.2
      vertex -0.406991 -56.99 24.3752
    endloop
  endfacet
  facet normal 0.0239928 0.999712 7.39131e-05
    outer loop
      vertex -0.406991 -56.99 24.3752
      vertex -2.79686 -56.9313 6.2
      vertex -0.486226 -56.9881 24.3971
    endloop
  endfacet
  facet normal 0.0255698 0.999673 -0.000126454
    outer loop
      vertex -0.486226 -56.9881 24.3971
      vertex -2.79686 -56.9313 6.2
      vertex -0.56429 -56.9861 24.4229
    endloop
  endfacet
  facet normal 0.023509 0.999724 0.000126175
    outer loop
      vertex -0.56429 -56.9861 24.4229
      vertex -2.79686 -56.9313 6.2
      vertex -0.640994 -56.9843 24.4525
    endloop
  endfacet
  facet normal 0.0252368 0.999681 -7.80173e-05
    outer loop
      vertex -0.640994 -56.9843 24.4525
      vertex -2.79686 -56.9313 6.2
      vertex -0.716154 -56.9824 24.4858
    endloop
  endfacet
  facet normal 0.0245067 0.9997 5.11023e-06
    outer loop
      vertex -0.716154 -56.9824 24.4858
      vertex -2.79686 -56.9313 6.2
      vertex -0.789589 -56.9806 24.5228
    endloop
  endfacet
  facet normal 0.0238053 0.999717 8.19955e-05
    outer loop
      vertex -0.789589 -56.9806 24.5228
      vertex -2.79686 -56.9313 6.2
      vertex -0.861121 -56.9789 24.5633
    endloop
  endfacet
  facet normal 0.0244747 0.9997 1.13822e-05
    outer loop
      vertex -0.861121 -56.9789 24.5633
      vertex -2.79686 -56.9313 6.2
      vertex -0.93058 -56.9772 24.6073
    endloop
  endfacet
  facet normal 0.0252371 0.999681 -6.59608e-05
    outer loop
      vertex -0.93058 -56.9772 24.6073
      vertex -2.79686 -56.9313 6.2
      vertex -0.997796 -56.9755 24.6546
    endloop
  endfacet
  facet normal 0.0246702 0.999696 -1.06588e-05
    outer loop
      vertex -0.997796 -56.9755 24.6546
      vertex -2.79686 -56.9313 6.2
      vertex -1.06261 -56.9739 24.7052
    endloop
  endfacet
  facet normal 0.0241243 0.999709 4.05278e-05
    outer loop
      vertex -1.06261 -56.9739 24.7052
      vertex -2.79686 -56.9313 6.2
      vertex -1.12486 -56.9724 24.7589
    endloop
  endfacet
  facet normal 0.0251369 0.999684 -5.07474e-05
    outer loop
      vertex -1.12486 -56.9724 24.7589
      vertex -2.79686 -56.9313 6.2
      vertex -1.1844 -56.9709 24.8156
    endloop
  endfacet
  facet normal 0.0246768 0.999695 -1.08717e-05
    outer loop
      vertex -1.1844 -56.9709 24.8156
      vertex -2.79686 -56.9313 6.2
      vertex -1.24109 -56.9695 24.8751
    endloop
  endfacet
  facet normal 0.0242319 0.999706 2.62149e-05
    outer loop
      vertex -1.24109 -56.9695 24.8751
      vertex -2.79686 -56.9313 6.2
      vertex -1.29479 -56.9682 24.9374
    endloop
  endfacet
  facet normal 0.0237964 0.999717 6.1144e-05
    outer loop
      vertex -1.29479 -56.9682 24.9374
      vertex -2.79686 -56.9313 6.2
      vertex -1.34537 -56.967 25.0022
    endloop
  endfacet
  facet normal 0.0252661 0.999681 -5.23811e-05
    outer loop
      vertex -1.34537 -56.967 25.0022
      vertex -2.79686 -56.9313 6.2
      vertex -1.39271 -56.9658 25.0694
    endloop
  endfacet
  facet normal 0.0249521 0.999689 -2.89996e-05
    outer loop
      vertex -1.39271 -56.9658 25.0694
      vertex -2.79686 -56.9313 6.2
      vertex -1.4367 -56.9647 25.1389
    endloop
  endfacet
  facet normal 0.0246578 0.999696 -7.85276e-06
    outer loop
      vertex -1.4367 -56.9647 25.1389
      vertex -2.79686 -56.9313 6.2
      vertex -1.47722 -56.9637 25.2104
    endloop
  endfacet
  facet normal 0.0243678 0.999703 1.22892e-05
    outer loop
      vertex -1.47722 -56.9637 25.2104
      vertex -2.79686 -56.9313 6.2
      vertex -1.51418 -56.9628 25.2838
    endloop
  endfacet
  facet normal 0.0240748 0.99971 3.19927e-05
    outer loop
      vertex -1.51418 -56.9628 25.2838
      vertex -2.79686 -56.9313 6.2
      vertex -1.5475 -56.962 25.359
    endloop
  endfacet
  facet normal 0.0237823 0.999717 5.10779e-05
    outer loop
      vertex -1.5475 -56.962 25.359
      vertex -2.79686 -56.9313 6.2
      vertex -1.57709 -56.9613 25.4357
    endloop
  endfacet
  facet normal 0.0234802 0.999724 7.02458e-05
    outer loop
      vertex -1.57709 -56.9613 25.4357
      vertex -2.79686 -56.9313 6.2
      vertex -1.60287 -56.9607 25.5138
    endloop
  endfacet
  facet normal 0.0268507 0.999639 -0.000138244
    outer loop
      vertex -1.60287 -56.9607 25.5138
      vertex -2.79686 -56.9313 6.2
      vertex -1.6248 -56.9601 25.593
    endloop
  endfacet
  facet normal 0.022705 0.999742 0.000112463
    outer loop
      vertex -1.6248 -56.9601 25.593
      vertex -2.79686 -56.9313 6.2
      vertex -1.64281 -56.9597 25.6732
    endloop
  endfacet
  facet normal 0.0274617 0.999623 -0.000169609
    outer loop
      vertex -1.64281 -56.9597 25.6732
      vertex -2.79686 -56.9313 6.2
      vertex -1.65687 -56.9593 25.7542
    endloop
  endfacet
  facet normal 0.0245946 0.999698 0
    outer loop
      vertex -1.675 -56.9589 26
      vertex -2.79686 -56.9313 6.2
      vertex -2.79686 -56.9313 42
    endloop
  endfacet
  facet normal 0.0293406 0.999569 -0.000273213
    outer loop
      vertex -1.66693 -56.9591 25.8358
      vertex -2.79686 -56.9313 6.2
      vertex -1.67298 -56.9589 25.9178
    endloop
  endfacet
  facet normal 0.0213787 0.999771 0.000185235
    outer loop
      vertex -1.65687 -56.9593 25.7542
      vertex -2.79686 -56.9313 6.2
      vertex -1.66693 -56.9591 25.8358
    endloop
  endfacet
  facet normal 0.359894 -0.932993 0
    outer loop
      vertex -21.813 52.6611 6.2
      vertex -19.2027 53.668 42
      vertex -21.813 52.6611 42
    endloop
  endfacet
  facet normal 0.359894 -0.932993 0
    outer loop
      vertex -19.2027 53.668 42
      vertex -21.813 52.6611 6.2
      vertex -19.2027 53.668 6.2
    endloop
  endfacet
  facet normal -0.963773 -0.266724 0
    outer loop
      vertex 55.2918 13.8499 6.2
      vertex 54.5456 16.5462 42
      vertex 54.5456 16.5462 6.2
    endloop
  endfacet
  facet normal -0.963773 -0.266724 0
    outer loop
      vertex 54.5456 16.5462 42
      vertex 55.2918 13.8499 6.2
      vertex 55.2918 13.8499 42
    endloop
  endfacet
  facet normal -0.0245559 0.999698 3.58848e-06
    outer loop
      vertex 0.716154 -56.9824 39.5142
      vertex 0 -57 42
      vertex 2.79686 -56.9313 42
    endloop
  endfacet
  facet normal -0.0243273 0.999704 0
    outer loop
      vertex 0 -57 42
      vertex 0.0821877 -56.998 39.673
      vertex 0 -57 39.675
    endloop
  endfacet
  facet normal -0.024386 0.999703 -2.07411e-06
    outer loop
      vertex 0 -57 42
      vertex 0.164178 -56.996 39.6669
      vertex 0.0821877 -56.998 39.673
    endloop
  endfacet
  facet normal -0.0245052 0.9997 -1.0467e-05
    outer loop
      vertex 0 -57 42
      vertex 0.245773 -56.994 39.6569
      vertex 0.164178 -56.996 39.6669
    endloop
  endfacet
  facet normal -0.0246881 0.999695 -2.96583e-05
    outer loop
      vertex 0 -57 42
      vertex 0.326776 -56.992 39.6428
      vertex 0.245773 -56.994 39.6569
    endloop
  endfacet
  facet normal -0.0249397 0.999689 -6.45648e-05
    outer loop
      vertex 0 -57 42
      vertex 0.406991 -56.99 39.6248
      vertex 0.326776 -56.992 39.6428
    endloop
  endfacet
  facet normal -0.023943 0.999713 0.00010632
    outer loop
      vertex 0 -57 42
      vertex 0.486226 -56.9881 39.6029
      vertex 0.406991 -56.99 39.6248
    endloop
  endfacet
  facet normal -0.0256938 0.99967 -0.000249029
    outer loop
      vertex 0 -57 42
      vertex 0.56429 -56.9861 39.5771
      vertex 0.486226 -56.9881 39.6029
    endloop
  endfacet
  facet normal -0.0233453 0.999727 0.000298267
    outer loop
      vertex 0 -57 42
      vertex 0.640994 -56.9843 39.5475
      vertex 0.56429 -56.9861 39.5771
    endloop
  endfacet
  facet normal -0.0253742 0.999678 -0.000232319
    outer loop
      vertex 0 -57 42
      vertex 0.716154 -56.9824 39.5142
      vertex 0.640994 -56.9843 39.5475
    endloop
  endfacet
  facet normal -0.0245182 0.999699 -2.79563e-05
    outer loop
      vertex 2.79686 -56.9313 42
      vertex 0.789589 -56.9806 39.4772
      vertex 0.716154 -56.9824 39.5142
    endloop
  endfacet
  facet normal -0.0240056 0.999712 -0.000436033
    outer loop
      vertex 2.79686 -56.9313 42
      vertex 0.861121 -56.9789 39.4367
      vertex 0.789589 -56.9806 39.4772
    endloop
  endfacet
  facet normal -0.0245048 0.9997 -5.88391e-05
    outer loop
      vertex 2.79686 -56.9313 42
      vertex 0.93058 -56.9772 39.3927
      vertex 0.861121 -56.9789 39.4367
    endloop
  endfacet
  facet normal -0.0250502 0.999686 0.000331784
    outer loop
      vertex 2.79686 -56.9313 42
      vertex 0.997796 -56.9755 39.3454
      vertex 0.93058 -56.9772 39.3927
    endloop
  endfacet
  facet normal -0.0246378 0.999696 5.21477e-05
    outer loop
      vertex 2.79686 -56.9313 42
      vertex 1.06261 -56.9739 39.2948
      vertex 0.997796 -56.9755 39.3454
    endloop
  endfacet
  facet normal -0.0242557 0.999706 -0.000192944
    outer loop
      vertex 2.79686 -56.9313 42
      vertex 1.12486 -56.9724 39.2411
      vertex 1.06261 -56.9739 39.2948
    endloop
  endfacet
  facet normal -0.0249615 0.999688 0.000235024
    outer loop
      vertex 2.79686 -56.9313 42
      vertex 1.1844 -56.9709 39.1844
      vertex 1.12486 -56.9724 39.2411
    endloop
  endfacet
  facet normal -0.0246368 0.999696 4.8976e-05
    outer loop
      vertex 2.79686 -56.9313 42
      vertex 1.24109 -56.9695 39.1249
      vertex 1.1844 -56.9709 39.1844
    endloop
  endfacet
  facet normal -0.0243345 0.999704 -0.000114717
    outer loop
      vertex 2.79686 -56.9313 42
      vertex 1.29479 -56.9682 39.0626
      vertex 1.24109 -56.9695 39.1249
    endloop
  endfacet
  facet normal -0.0240508 0.999711 -0.000259851
    outer loop
      vertex 2.79686 -56.9313 42
      vertex 1.34537 -56.967 38.9978
      vertex 1.29479 -56.9682 39.0626
    endloop
  endfacet
  facet normal -0.0250342 0.999687 0.000215859
    outer loop
      vertex 2.79686 -56.9313 42
      vertex 1.39271 -56.9658 38.9306
      vertex 1.34537 -56.967 38.9978
    endloop
  endfacet
  facet normal -0.0248153 0.999692 0.000115651
    outer loop
      vertex 2.79686 -56.9313 42
      vertex 1.4367 -56.9647 38.8611
      vertex 1.39271 -56.9658 38.9306
    endloop
  endfacet
  facet normal -0.0246183 0.999697 3.02529e-05
    outer loop
      vertex 2.79686 -56.9313 42
      vertex 1.47722 -56.9637 38.7896
      vertex 1.4367 -56.9647 38.8611
    endloop
  endfacet
  facet normal -0.0244339 0.999701 -4.55882e-05
    outer loop
      vertex 2.79686 -56.9313 42
      vertex 1.51418 -56.9628 38.7162
      vertex 1.47722 -56.9637 38.7896
    endloop
  endfacet
  facet normal -0.0242594 0.999706 -0.000113803
    outer loop
      vertex 2.79686 -56.9313 42
      vertex 1.5475 -56.962 38.641
      vertex 1.51418 -56.9628 38.7162
    endloop
  endfacet
  facet normal -0.0240992 0.99971 -0.000173401
    outer loop
      vertex 2.79686 -56.9313 42
      vertex 1.57709 -56.9613 38.5643
      vertex 1.5475 -56.962 38.641
    endloop
  endfacet
  facet normal -0.0239515 0.999713 -0.000225886
    outer loop
      vertex 2.79686 -56.9313 42
      vertex 1.60287 -56.9607 38.4862
      vertex 1.57709 -56.9613 38.5643
    endloop
  endfacet
  facet normal -0.0258433 0.999666 0.00041736
    outer loop
      vertex 2.79686 -56.9313 42
      vertex 1.6248 -56.9601 38.407
      vertex 1.60287 -56.9607 38.4862
    endloop
  endfacet
  facet normal -0.0236024 0.999721 -0.000314097
    outer loop
      vertex 2.79686 -56.9313 42
      vertex 1.64281 -56.9597 38.3268
      vertex 1.6248 -56.9601 38.407
    endloop
  endfacet
  facet normal -0.025967 0.999663 0.000429256
    outer loop
      vertex 2.79686 -56.9313 42
      vertex 1.65687 -56.9593 38.2458
      vertex 1.64281 -56.9597 38.3268
    endloop
  endfacet
  facet normal -0.0232037 0.999731 -0.000410332
    outer loop
      vertex 2.79686 -56.9313 42
      vertex 1.66693 -56.9591 38.1642
      vertex 1.65687 -56.9593 38.2458
    endloop
  endfacet
  facet normal -0.0262876 0.999654 0.000498667
    outer loop
      vertex 2.79686 -56.9313 42
      vertex 1.67298 -56.9589 38.0822
      vertex 1.66693 -56.9591 38.1642
    endloop
  endfacet
  facet normal -0.0226143 0.999744 -0.000555727
    outer loop
      vertex 2.79686 -56.9313 42
      vertex 1.675 -56.9589 38
      vertex 1.67298 -56.9589 38.0822
    endloop
  endfacet
  facet normal -0.0269548 0.999636 0.000662394
    outer loop
      vertex 2.79686 -56.9313 42
      vertex 1.67298 -56.9589 37.9178
      vertex 1.675 -56.9589 38
    endloop
  endfacet
  facet normal -0.021441 0.99977 -0.000856537
    outer loop
      vertex 2.79686 -56.9313 42
      vertex 1.66693 -56.9591 37.8358
      vertex 1.67298 -56.9589 37.9178
    endloop
  endfacet
  facet normal -0.028524 0.999593 0.00106658
    outer loop
      vertex 2.79686 -56.9313 42
      vertex 1.65687 -56.9593 37.7542
      vertex 1.66693 -56.9591 37.8358
    endloop
  endfacet
  facet normal -0.017449 0.999846 -0.00190871
    outer loop
      vertex 2.79686 -56.9313 42
      vertex 1.64281 -56.9597 37.6732
      vertex 1.65687 -56.9593 37.7542
    endloop
  endfacet
  facet normal -0.0246015 0.999697 0
    outer loop
      vertex 1.64281 -56.9597 26.3268
      vertex 1.64281 -56.9597 37.6732
      vertex 2.79686 -56.9313 42
    endloop
  endfacet
  facet normal -0.0243273 0.999704 0
    outer loop
      vertex 0.0821877 -56.998 36.327
      vertex 0 -57 27.675
      vertex 0 -57 36.325
    endloop
  endfacet
  facet normal -0.0243859 0.999703 0
    outer loop
      vertex 0.0821877 -56.998 27.673
      vertex 0.0821877 -56.998 36.327
      vertex 0.164178 -56.996 36.3331
    endloop
  endfacet
  facet normal -0.0245039 0.9997 0
    outer loop
      vertex 0.164178 -56.996 27.6669
      vertex 0.164178 -56.996 36.3331
      vertex 0.245773 -56.994 36.3431
    endloop
  endfacet
  facet normal -0.0246829 0.999695 0
    outer loop
      vertex 0.245773 -56.994 27.6569
      vertex 0.245773 -56.994 36.3431
      vertex 0.326776 -56.992 36.3572
    endloop
  endfacet
  facet normal -0.0249252 0.999689 0
    outer loop
      vertex 0.326776 -56.992 27.6428
      vertex 0.326776 -56.992 36.3572
      vertex 0.406991 -56.99 36.3752
    endloop
  endfacet
  facet normal -0.0239724 0.999713 0
    outer loop
      vertex 0.406991 -56.99 27.6248
      vertex 0.406991 -56.99 36.3752
      vertex 0.486226 -56.9881 36.3971
    endloop
  endfacet
  facet normal -0.0256116 0.999672 0
    outer loop
      vertex 0.486226 -56.9881 27.6029
      vertex 0.486226 -56.9881 36.3971
      vertex 0.56429 -56.9861 36.4229
    endloop
  endfacet
  facet normal -0.0234604 0.999725 0
    outer loop
      vertex 0.56429 -56.9861 27.5771
      vertex 0.56429 -56.9861 36.4229
      vertex 0.640994 -56.9843 36.4525
    endloop
  endfacet
  facet normal -0.0252713 0.999681 0
    outer loop
      vertex 0.640994 -56.9843 27.5475
      vertex 0.640994 -56.9843 36.4525
      vertex 0.716154 -56.9824 36.4858
    endloop
  endfacet
  facet normal -0.0245041 0.9997 0
    outer loop
      vertex 0.716154 -56.9824 27.5142
      vertex 0.716154 -56.9824 36.4858
      vertex 0.789589 -56.9806 36.5228
    endloop
  endfacet
  facet normal -0.0237589 0.999718 0
    outer loop
      vertex 0.789589 -56.9806 27.4772
      vertex 0.789589 -56.9806 36.5228
      vertex 0.861121 -56.9789 36.5633
    endloop
  endfacet
  facet normal -0.0244675 0.999701 0
    outer loop
      vertex 0.861121 -56.9789 27.4367
      vertex 0.861121 -56.9789 36.5633
      vertex 0.93058 -56.9772 36.6073
    endloop
  endfacet
  facet normal -0.0252835 0.99968 0
    outer loop
      vertex 0.93058 -56.9772 27.3927
      vertex 0.93058 -56.9772 36.6073
      vertex 0.997796 -56.9755 36.6546
    endloop
  endfacet
  facet normal -0.0246785 0.999695 0
    outer loop
      vertex 0.997796 -56.9755 27.3454
      vertex 0.997796 -56.9755 36.6546
      vertex 1.06261 -56.9739 36.7052
    endloop
  endfacet
  facet normal -0.0240894 0.99971 0
    outer loop
      vertex 1.06261 -56.9739 27.2948
      vertex 1.06261 -56.9739 36.7052
      vertex 1.12486 -56.9724 36.7589
    endloop
  endfacet
  facet normal -0.0251852 0.999683 0
    outer loop
      vertex 1.12486 -56.9724 27.2411
      vertex 1.12486 -56.9724 36.7589
      vertex 1.1844 -56.9709 36.8156
    endloop
  endfacet
  facet normal -0.0246882 0.999695 0
    outer loop
      vertex 1.1844 -56.9709 27.1844
      vertex 1.1844 -56.9709 36.8156
      vertex 1.24109 -56.9695 36.8751
    endloop
  endfacet
  facet normal -0.0242015 0.999707 0
    outer loop
      vertex 1.24109 -56.9695 27.1249
      vertex 1.24109 -56.9695 36.8751
      vertex 1.29479 -56.9682 36.9374
    endloop
  endfacet
  facet normal -0.0237181 0.999719 0
    outer loop
      vertex 1.29479 -56.9682 27.0626
      vertex 1.29479 -56.9682 36.9374
      vertex 1.34537 -56.967 37.0022
    endloop
  endfacet
  facet normal -0.0253404 0.999679 0
    outer loop
      vertex 1.34537 -56.967 26.9978
      vertex 1.34537 -56.967 37.0022
      vertex 1.39271 -56.9658 37.0694
    endloop
  endfacet
  facet normal -0.0249979 0.999688 0
    outer loop
      vertex 1.39271 -56.9658 26.9306
      vertex 1.39271 -56.9658 37.0694
      vertex 1.4367 -56.9647 37.1389
    endloop
  endfacet
  facet normal -0.0246717 0.999696 0
    outer loop
      vertex 1.4367 -56.9647 26.8611
      vertex 1.4367 -56.9647 37.1389
      vertex 1.47722 -56.9637 37.2104
    endloop
  endfacet
  facet normal -0.0243434 0.999704 0
    outer loop
      vertex 1.47722 -56.9637 26.7896
      vertex 1.47722 -56.9637 37.2104
      vertex 1.51418 -56.9628 37.2838
    endloop
  endfacet
  facet normal -0.0240027 0.999712 0
    outer loop
      vertex 1.51418 -56.9628 26.7162
      vertex 1.51418 -56.9628 37.2838
      vertex 1.5475 -56.962 37.359
    endloop
  endfacet
  facet normal -0.02365 0.99972 0
    outer loop
      vertex 1.5475 -56.962 26.641
      vertex 1.5475 -56.962 37.359
      vertex 1.57709 -56.9613 37.4357
    endloop
  endfacet
  facet normal -0.0232676 0.999729 0
    outer loop
      vertex 1.57709 -56.9613 26.5643
      vertex 1.57709 -56.9613 37.4357
      vertex 1.60287 -56.9607 37.5138
    endloop
  endfacet
  facet normal -0.0273495 0.999626 0
    outer loop
      vertex 1.60287 -56.9607 26.4862
      vertex 1.60287 -56.9607 37.5138
      vertex 1.6248 -56.9601 37.593
    endloop
  endfacet
  facet normal -0.0222044 0.999753 0
    outer loop
      vertex 1.64281 -56.9597 37.6732
      vertex 1.64281 -56.9597 26.3268
      vertex 1.6248 -56.9601 37.593
    endloop
  endfacet
  facet normal -0.0243273 0.999704 0
    outer loop
      vertex 0.0821877 -56.998 36.327
      vertex 0.0821877 -56.998 27.673
      vertex 0 -57 27.675
    endloop
  endfacet
  facet normal -0.0243859 0.999703 0
    outer loop
      vertex 0.164178 -56.996 36.3331
      vertex 0.164178 -56.996 27.6669
      vertex 0.0821877 -56.998 27.673
    endloop
  endfacet
  facet normal -0.0245039 0.9997 0
    outer loop
      vertex 0.245773 -56.994 36.3431
      vertex 0.245773 -56.994 27.6569
      vertex 0.164178 -56.996 27.6669
    endloop
  endfacet
  facet normal -0.0246829 0.999695 0
    outer loop
      vertex 0.326776 -56.992 36.3572
      vertex 0.326776 -56.992 27.6428
      vertex 0.245773 -56.994 27.6569
    endloop
  endfacet
  facet normal -0.0249252 0.999689 0
    outer loop
      vertex 0.406991 -56.99 36.3752
      vertex 0.406991 -56.99 27.6248
      vertex 0.326776 -56.992 27.6428
    endloop
  endfacet
  facet normal -0.0239724 0.999713 0
    outer loop
      vertex 0.486226 -56.9881 36.3971
      vertex 0.486226 -56.9881 27.6029
      vertex 0.406991 -56.99 27.6248
    endloop
  endfacet
  facet normal -0.0256116 0.999672 0
    outer loop
      vertex 0.56429 -56.9861 36.4229
      vertex 0.56429 -56.9861 27.5771
      vertex 0.486226 -56.9881 27.6029
    endloop
  endfacet
  facet normal -0.0234604 0.999725 0
    outer loop
      vertex 0.640994 -56.9843 36.4525
      vertex 0.640994 -56.9843 27.5475
      vertex 0.56429 -56.9861 27.5771
    endloop
  endfacet
  facet normal -0.0252713 0.999681 0
    outer loop
      vertex 0.716154 -56.9824 36.4858
      vertex 0.716154 -56.9824 27.5142
      vertex 0.640994 -56.9843 27.5475
    endloop
  endfacet
  facet normal -0.0245041 0.9997 0
    outer loop
      vertex 0.789589 -56.9806 36.5228
      vertex 0.789589 -56.9806 27.4772
      vertex 0.716154 -56.9824 27.5142
    endloop
  endfacet
  facet normal -0.0237589 0.999718 0
    outer loop
      vertex 0.861121 -56.9789 36.5633
      vertex 0.861121 -56.9789 27.4367
      vertex 0.789589 -56.9806 27.4772
    endloop
  endfacet
  facet normal -0.0244675 0.999701 0
    outer loop
      vertex 0.93058 -56.9772 36.6073
      vertex 0.93058 -56.9772 27.3927
      vertex 0.861121 -56.9789 27.4367
    endloop
  endfacet
  facet normal -0.0252835 0.99968 0
    outer loop
      vertex 0.997796 -56.9755 36.6546
      vertex 0.997796 -56.9755 27.3454
      vertex 0.93058 -56.9772 27.3927
    endloop
  endfacet
  facet normal -0.0246785 0.999695 0
    outer loop
      vertex 1.06261 -56.9739 36.7052
      vertex 1.06261 -56.9739 27.2948
      vertex 0.997796 -56.9755 27.3454
    endloop
  endfacet
  facet normal -0.0240894 0.99971 0
    outer loop
      vertex 1.12486 -56.9724 36.7589
      vertex 1.12486 -56.9724 27.2411
      vertex 1.06261 -56.9739 27.2948
    endloop
  endfacet
  facet normal -0.0251852 0.999683 0
    outer loop
      vertex 1.1844 -56.9709 36.8156
      vertex 1.1844 -56.9709 27.1844
      vertex 1.12486 -56.9724 27.2411
    endloop
  endfacet
  facet normal -0.0246882 0.999695 0
    outer loop
      vertex 1.24109 -56.9695 36.8751
      vertex 1.24109 -56.9695 27.1249
      vertex 1.1844 -56.9709 27.1844
    endloop
  endfacet
  facet normal -0.0242015 0.999707 0
    outer loop
      vertex 1.29479 -56.9682 36.9374
      vertex 1.29479 -56.9682 27.0626
      vertex 1.24109 -56.9695 27.1249
    endloop
  endfacet
  facet normal -0.0237181 0.999719 0
    outer loop
      vertex 1.34537 -56.967 37.0022
      vertex 1.34537 -56.967 26.9978
      vertex 1.29479 -56.9682 27.0626
    endloop
  endfacet
  facet normal -0.0253404 0.999679 0
    outer loop
      vertex 1.39271 -56.9658 37.0694
      vertex 1.39271 -56.9658 26.9306
      vertex 1.34537 -56.967 26.9978
    endloop
  endfacet
  facet normal -0.0249979 0.999688 0
    outer loop
      vertex 1.4367 -56.9647 37.1389
      vertex 1.4367 -56.9647 26.8611
      vertex 1.39271 -56.9658 26.9306
    endloop
  endfacet
  facet normal -0.0246717 0.999696 0
    outer loop
      vertex 1.47722 -56.9637 37.2104
      vertex 1.47722 -56.9637 26.7896
      vertex 1.4367 -56.9647 26.8611
    endloop
  endfacet
  facet normal -0.0243434 0.999704 0
    outer loop
      vertex 1.51418 -56.9628 37.2838
      vertex 1.51418 -56.9628 26.7162
      vertex 1.47722 -56.9637 26.7896
    endloop
  endfacet
  facet normal -0.0240027 0.999712 0
    outer loop
      vertex 1.5475 -56.962 37.359
      vertex 1.5475 -56.962 26.641
      vertex 1.51418 -56.9628 26.7162
    endloop
  endfacet
  facet normal -0.02365 0.99972 0
    outer loop
      vertex 1.57709 -56.9613 37.4357
      vertex 1.57709 -56.9613 26.5643
      vertex 1.5475 -56.962 26.641
    endloop
  endfacet
  facet normal -0.0232676 0.999729 0
    outer loop
      vertex 1.60287 -56.9607 37.5138
      vertex 1.60287 -56.9607 26.4862
      vertex 1.57709 -56.9613 26.5643
    endloop
  endfacet
  facet normal -0.0273495 0.999626 0
    outer loop
      vertex 1.6248 -56.9601 37.593
      vertex 1.6248 -56.9601 26.407
      vertex 1.60287 -56.9607 26.4862
    endloop
  endfacet
  facet normal -0.0222044 0.999753 0
    outer loop
      vertex 1.6248 -56.9601 37.593
      vertex 1.64281 -56.9597 26.3268
      vertex 1.6248 -56.9601 26.407
    endloop
  endfacet
  facet normal -0.0272954 0.999627 0.000198484
    outer loop
      vertex 2.79686 -56.9313 42
      vertex 1.65687 -56.9593 26.2458
      vertex 1.64281 -56.9597 26.3268
    endloop
  endfacet
  facet normal -0.0216069 0.999767 -0.000213389
    outer loop
      vertex 2.79686 -56.9313 42
      vertex 1.66693 -56.9591 26.1642
      vertex 1.65687 -56.9593 26.2458
    endloop
  endfacet
  facet normal -0.0288892 0.999583 0.000306546
    outer loop
      vertex 2.79686 -56.9313 42
      vertex 1.67298 -56.9589 26.0822
      vertex 1.66693 -56.9591 26.1642
    endloop
  endfacet
  facet normal -0.0182142 0.999834 -0.0004476
    outer loop
      vertex 2.79686 -56.9313 42
      vertex 1.675 -56.9589 26
      vertex 1.67298 -56.9589 26.0822
    endloop
  endfacet
  facet normal -0.0245946 0.999698 0
    outer loop
      vertex 2.79686 -56.9313 6.2
      vertex 1.675 -56.9589 26
      vertex 2.79686 -56.9313 42
    endloop
  endfacet
  facet normal -0.0171571 0.999853 0.000421621
    outer loop
      vertex 1.675 -56.9589 26
      vertex 2.79686 -56.9313 6.2
      vertex 1.67298 -56.9589 25.9178
    endloop
  endfacet
  facet normal -0.0293406 0.999569 -0.000273213
    outer loop
      vertex 2.79686 -56.9313 6.2
      vertex 1.66693 -56.9591 25.8358
      vertex 1.67298 -56.9589 25.9178
    endloop
  endfacet
  facet normal -0.0213787 0.999771 0.000185235
    outer loop
      vertex 2.79686 -56.9313 6.2
      vertex 1.65687 -56.9593 25.7542
      vertex 1.66693 -56.9591 25.8358
    endloop
  endfacet
  facet normal -0.0274617 0.999623 -0.000169609
    outer loop
      vertex 2.79686 -56.9313 6.2
      vertex 1.64281 -56.9597 25.6732
      vertex 1.65687 -56.9593 25.7542
    endloop
  endfacet
  facet normal -0.022705 0.999742 0.000112463
    outer loop
      vertex 2.79686 -56.9313 6.2
      vertex 1.6248 -56.9601 25.593
      vertex 1.64281 -56.9597 25.6732
    endloop
  endfacet
  facet normal -0.0268507 0.999639 -0.000138244
    outer loop
      vertex 2.79686 -56.9313 6.2
      vertex 1.60287 -56.9607 25.5138
      vertex 1.6248 -56.9601 25.593
    endloop
  endfacet
  facet normal -0.0234802 0.999724 7.02458e-05
    outer loop
      vertex 2.79686 -56.9313 6.2
      vertex 1.57709 -56.9613 25.4357
      vertex 1.60287 -56.9607 25.5138
    endloop
  endfacet
  facet normal -0.0237823 0.999717 5.10779e-05
    outer loop
      vertex 2.79686 -56.9313 6.2
      vertex 1.5475 -56.962 25.359
      vertex 1.57709 -56.9613 25.4357
    endloop
  endfacet
  facet normal -0.0240748 0.99971 3.19927e-05
    outer loop
      vertex 2.79686 -56.9313 6.2
      vertex 1.51418 -56.9628 25.2838
      vertex 1.5475 -56.962 25.359
    endloop
  endfacet
  facet normal -0.0243678 0.999703 1.22892e-05
    outer loop
      vertex 2.79686 -56.9313 6.2
      vertex 1.47722 -56.9637 25.2104
      vertex 1.51418 -56.9628 25.2838
    endloop
  endfacet
  facet normal -0.0246578 0.999696 -7.85276e-06
    outer loop
      vertex 2.79686 -56.9313 6.2
      vertex 1.4367 -56.9647 25.1389
      vertex 1.47722 -56.9637 25.2104
    endloop
  endfacet
  facet normal -0.0249521 0.999689 -2.89996e-05
    outer loop
      vertex 2.79686 -56.9313 6.2
      vertex 1.39271 -56.9658 25.0694
      vertex 1.4367 -56.9647 25.1389
    endloop
  endfacet
  facet normal -0.0252661 0.999681 -5.23811e-05
    outer loop
      vertex 2.79686 -56.9313 6.2
      vertex 1.34537 -56.967 25.0022
      vertex 1.39271 -56.9658 25.0694
    endloop
  endfacet
  facet normal -0.0237964 0.999717 6.1144e-05
    outer loop
      vertex 2.79686 -56.9313 6.2
      vertex 1.29479 -56.9682 24.9374
      vertex 1.34537 -56.967 25.0022
    endloop
  endfacet
  facet normal -0.0242319 0.999706 2.62149e-05
    outer loop
      vertex 2.79686 -56.9313 6.2
      vertex 1.24109 -56.9695 24.8751
      vertex 1.29479 -56.9682 24.9374
    endloop
  endfacet
  facet normal -0.0246768 0.999695 -1.08717e-05
    outer loop
      vertex 2.79686 -56.9313 6.2
      vertex 1.1844 -56.9709 24.8156
      vertex 1.24109 -56.9695 24.8751
    endloop
  endfacet
  facet normal -0.0251369 0.999684 -5.07474e-05
    outer loop
      vertex 2.79686 -56.9313 6.2
      vertex 1.12486 -56.9724 24.7589
      vertex 1.1844 -56.9709 24.8156
    endloop
  endfacet
  facet normal -0.0241243 0.999709 4.05278e-05
    outer loop
      vertex 2.79686 -56.9313 6.2
      vertex 1.06261 -56.9739 24.7052
      vertex 1.12486 -56.9724 24.7589
    endloop
  endfacet
  facet normal -0.0246702 0.999696 -1.06588e-05
    outer loop
      vertex 2.79686 -56.9313 6.2
      vertex 0.997796 -56.9755 24.6546
      vertex 1.06261 -56.9739 24.7052
    endloop
  endfacet
  facet normal -0.0252371 0.999681 -6.59608e-05
    outer loop
      vertex 2.79686 -56.9313 6.2
      vertex 0.93058 -56.9772 24.6073
      vertex 0.997796 -56.9755 24.6546
    endloop
  endfacet
  facet normal -0.0244747 0.9997 1.13822e-05
    outer loop
      vertex 2.79686 -56.9313 6.2
      vertex 0.861121 -56.9789 24.5633
      vertex 0.93058 -56.9772 24.6073
    endloop
  endfacet
  facet normal -0.0238053 0.999717 8.19955e-05
    outer loop
      vertex 2.79686 -56.9313 6.2
      vertex 0.789589 -56.9806 24.5228
      vertex 0.861121 -56.9789 24.5633
    endloop
  endfacet
  facet normal -0.0245067 0.9997 5.11023e-06
    outer loop
      vertex 2.79686 -56.9313 6.2
      vertex 0.716154 -56.9824 24.4858
      vertex 0.789589 -56.9806 24.5228
    endloop
  endfacet
  facet normal -0.0252368 0.999681 -7.80173e-05
    outer loop
      vertex 2.79686 -56.9313 6.2
      vertex 0.640994 -56.9843 24.4525
      vertex 0.716154 -56.9824 24.4858
    endloop
  endfacet
  facet normal -0.023509 0.999724 0.000126175
    outer loop
      vertex 2.79686 -56.9313 6.2
      vertex 0.56429 -56.9861 24.4229
      vertex 0.640994 -56.9843 24.4525
    endloop
  endfacet
  facet normal -0.0255698 0.999673 -0.000126454
    outer loop
      vertex 2.79686 -56.9313 6.2
      vertex 0.486226 -56.9881 24.3971
      vertex 0.56429 -56.9861 24.4229
    endloop
  endfacet
  facet normal -0.0239928 0.999712 7.39131e-05
    outer loop
      vertex 2.79686 -56.9313 6.2
      vertex 0.406991 -56.99 24.3752
      vertex 0.486226 -56.9881 24.3971
    endloop
  endfacet
  facet normal -0.0249146 0.99969 -4.73672e-05
    outer loop
      vertex 2.79686 -56.9313 6.2
      vertex 0.326776 -56.992 24.3572
      vertex 0.406991 -56.99 24.3752
    endloop
  endfacet
  facet normal -0.0246802 0.999695 -1.54613e-05
    outer loop
      vertex 2.79686 -56.9313 6.2
      vertex 0.245773 -56.994 24.3431
      vertex 0.326776 -56.992 24.3572
    endloop
  endfacet
  facet normal -0.0245051 0.9997 9.1828e-06
    outer loop
      vertex 2.79686 -56.9313 6.2
      vertex 0.164178 -56.996 24.3331
      vertex 0.245773 -56.994 24.3431
    endloop
  endfacet
  facet normal -0.0245559 0.999698 1.80538e-06
    outer loop
      vertex 0 -57 6.2
      vertex 0.164178 -56.996 24.3331
      vertex 2.79686 -56.9313 6.2
    endloop
  endfacet
  facet normal -0.0243859 0.999703 2.65648e-07
    outer loop
      vertex 0.164178 -56.996 24.3331
      vertex 0 -57 6.2
      vertex 0.0821877 -56.998 24.327
    endloop
  endfacet
  facet normal -0.0243273 0.999704 0
    outer loop
      vertex 0.0821877 -56.998 24.327
      vertex 0 -57 6.2
      vertex 0 -57 24.325
    endloop
  endfacet
  facet normal 0.757214 0.653167 0
    outer loop
      vertex -42.2342 -38.2789 42
      vertex -44.0616 -36.1604 6.2
      vertex -44.0616 -36.1604 42
    endloop
  endfacet
  facet normal 0.757214 0.653167 0
    outer loop
      vertex -44.0616 -36.1604 6.2
      vertex -42.2342 -38.2789 42
      vertex -42.2342 -38.2789 6.2
    endloop
  endfacet
  facet normal 0.0735604 -0.997291 0
    outer loop
      vertex -5.58698 56.7255 6.2
      vertex -2.79686 56.9313 42
      vertex -5.58698 56.7255 42
    endloop
  endfacet
  facet normal 0.0735604 -0.997291 0
    outer loop
      vertex -2.79686 56.9313 42
      vertex -5.58698 56.7255 6.2
      vertex -2.79686 56.9313 6.2
    endloop
  endfacet
  facet normal 0.949527 0.313685 0
    outer loop
      vertex -53.668 -19.2027 42
      vertex -54.5456 -16.5462 6.2
      vertex -54.5456 -16.5462 42
    endloop
  endfacet
  facet normal 0.949527 0.313685 0
    outer loop
      vertex -54.5456 -16.5462 6.2
      vertex -53.668 -19.2027 42
      vertex -53.668 -19.2027 6.2
    endloop
  endfacet
  facet normal 0.932993 0.359894 0
    outer loop
      vertex -52.6611 -21.813 42
      vertex -53.668 -19.2027 6.2
      vertex -53.668 -19.2027 42
    endloop
  endfacet
  facet normal 0.932993 0.359894 0
    outer loop
      vertex -53.668 -19.2027 6.2
      vertex -52.6611 -21.813 42
      vertex -52.6611 -21.813 6.2
    endloop
  endfacet
  facet normal 0.653167 0.757214 -0
    outer loop
      vertex -36.1604 -44.0616 6.2
      vertex -38.2789 -42.2342 42
      vertex -36.1604 -44.0616 42
    endloop
  endfacet
  facet normal 0.653167 0.757214 0
    outer loop
      vertex -38.2789 -42.2342 42
      vertex -36.1604 -44.0616 6.2
      vertex -38.2789 -42.2342 6.2
    endloop
  endfacet
  facet normal -0.615234 -0.788345 0
    outer loop
      vertex 33.9549 45.7828 6.2
      vertex 36.1604 44.0616 42
      vertex 33.9549 45.7828 42
    endloop
  endfacet
  facet normal -0.615234 -0.788345 -0
    outer loop
      vertex 36.1604 44.0616 42
      vertex 33.9549 45.7828 6.2
      vertex 36.1604 44.0616 6.2
    endloop
  endfacet
  facet normal 0.788345 -0.615234 0
    outer loop
      vertex -45.7828 33.9549 42
      vertex -44.0616 36.1604 6.2
      vertex -44.0616 36.1604 42
    endloop
  endfacet
  facet normal 0.788345 -0.615234 0
    outer loop
      vertex -44.0616 36.1604 6.2
      vertex -45.7828 33.9549 42
      vertex -45.7828 33.9549 6.2
    endloop
  endfacet
  facet normal -0.757214 -0.653167 0
    outer loop
      vertex 44.0616 36.1604 6.2
      vertex 42.2342 38.2789 42
      vertex 42.2342 38.2789 6.2
    endloop
  endfacet
  facet normal -0.757214 -0.653167 0
    outer loop
      vertex 42.2342 38.2789 42
      vertex 44.0616 36.1604 6.2
      vertex 44.0616 36.1604 42
    endloop
  endfacet
  facet normal 0.81758 0.575816 0
    outer loop
      vertex -45.7828 -33.9549 42
      vertex -47.3938 -31.6675 6.2
      vertex -47.3938 -31.6675 42
    endloop
  endfacet
  facet normal 0.81758 0.575816 0
    outer loop
      vertex -47.3938 -31.6675 6.2
      vertex -45.7828 -33.9549 42
      vertex -45.7828 -33.9549 6.2
    endloop
  endfacet
  facet normal 0.757214 -0.653167 0
    outer loop
      vertex -44.0616 36.1604 42
      vertex -42.2342 38.2789 6.2
      vertex -42.2342 38.2789 42
    endloop
  endfacet
  facet normal 0.757214 -0.653167 0
    outer loop
      vertex -42.2342 38.2789 6.2
      vertex -44.0616 36.1604 42
      vertex -44.0616 36.1604 6.2
    endloop
  endfacet
  facet normal -0.932993 -0.359894 0
    outer loop
      vertex 53.668 19.2027 6.2
      vertex 52.6611 21.813 42
      vertex 52.6611 21.813 6.2
    endloop
  endfacet
  facet normal -0.932993 -0.359894 0
    outer loop
      vertex 52.6611 21.813 42
      vertex 53.668 19.2027 6.2
      vertex 53.668 19.2027 42
    endloop
  endfacet
  facet normal -0.653167 0.757214 0
    outer loop
      vertex 38.2789 -42.2342 6.2
      vertex 36.1604 -44.0616 42
      vertex 38.2789 -42.2342 42
    endloop
  endfacet
  facet normal -0.653167 0.757214 0
    outer loop
      vertex 36.1604 -44.0616 42
      vertex 38.2789 -42.2342 6.2
      vertex 36.1604 -44.0616 6.2
    endloop
  endfacet
  facet normal 0.975702 0.219102 0
    outer loop
      vertex -55.2918 -13.8499 42
      vertex -55.9048 -11.1201 6.2
      vertex -55.9048 -11.1201 42
    endloop
  endfacet
  facet normal 0.975702 0.219102 0
    outer loop
      vertex -55.9048 -11.1201 6.2
      vertex -55.2918 -13.8499 42
      vertex -55.2918 -13.8499 6.2
    endloop
  endfacet
  facet normal 0.992483 0.122387 0
    outer loop
      vertex -56.3831 -8.36364 42
      vertex -56.7255 -5.58698 6.2
      vertex -56.7255 -5.58698 42
    endloop
  endfacet
  facet normal 0.992483 0.122387 0
    outer loop
      vertex -56.7255 -5.58698 6.2
      vertex -56.3831 -8.36364 42
      vertex -56.3831 -8.36364 6.2
    endloop
  endfacet
  facet normal -0.870089 0.492894 0
    outer loop
      vertex 48.8905 -29.3039 6.2
      vertex 50.2695 -26.8696 42
      vertex 50.2695 -26.8696 6.2
    endloop
  endfacet
  facet normal -0.870089 0.492894 0
    outer loop
      vertex 50.2695 -26.8696 42
      vertex 48.8905 -29.3039 6.2
      vertex 48.8905 -29.3039 42
    endloop
  endfacet
  facet normal -0.615234 0.788345 0
    outer loop
      vertex 36.1604 -44.0616 6.2
      vertex 33.9549 -45.7828 42
      vertex 36.1604 -44.0616 42
    endloop
  endfacet
  facet normal -0.615234 0.788345 0
    outer loop
      vertex 33.9549 -45.7828 42
      vertex 36.1604 -44.0616 6.2
      vertex 33.9549 -45.7828 6.2
    endloop
  endfacet
  facet normal -0.81758 0.575816 0
    outer loop
      vertex 45.7828 -33.9549 6.2
      vertex 47.3938 -31.6675 42
      vertex 47.3938 -31.6675 6.2
    endloop
  endfacet
  facet normal -0.81758 0.575816 0
    outer loop
      vertex 47.3938 -31.6675 42
      vertex 45.7828 -33.9549 6.2
      vertex 45.7828 -33.9549 42
    endloop
  endfacet
  facet normal 0.844859 -0.534989 0
    outer loop
      vertex -48.8905 29.3039 42
      vertex -47.3938 31.6675 6.2
      vertex -47.3938 31.6675 42
    endloop
  endfacet
  facet normal 0.844859 -0.534989 0
    outer loop
      vertex -47.3938 31.6675 6.2
      vertex -48.8905 29.3039 42
      vertex -48.8905 29.3039 6.2
    endloop
  endfacet
  facet normal 0.219102 0.975702 -0
    outer loop
      vertex -11.1201 -55.9048 6.2
      vertex -13.8499 -55.2918 42
      vertex -11.1201 -55.9048 42
    endloop
  endfacet
  facet normal 0.219102 0.975702 0
    outer loop
      vertex -13.8499 -55.2918 42
      vertex -11.1201 -55.9048 6.2
      vertex -13.8499 -55.2918 6.2
    endloop
  endfacet
  facet normal 0.575816 -0.81758 0
    outer loop
      vertex -33.9549 45.7828 6.2
      vertex -31.6675 47.3938 42
      vertex -33.9549 45.7828 42
    endloop
  endfacet
  facet normal 0.575816 -0.81758 0
    outer loop
      vertex -31.6675 47.3938 42
      vertex -33.9549 45.7828 6.2
      vertex -31.6675 47.3938 6.2
    endloop
  endfacet
  facet normal 0.724248 -0.68954 0
    outer loop
      vertex -42.2342 38.2789 42
      vertex -40.3051 40.3051 6.2
      vertex -40.3051 40.3051 42
    endloop
  endfacet
  facet normal 0.724248 -0.68954 0
    outer loop
      vertex -40.3051 40.3051 6.2
      vertex -42.2342 38.2789 42
      vertex -42.2342 38.2789 6.2
    endloop
  endfacet
  facet normal -0.359894 0.932993 0
    outer loop
      vertex 21.813 -52.6611 6.2
      vertex 19.2027 -53.668 42
      vertex 21.813 -52.6611 42
    endloop
  endfacet
  facet normal -0.359894 0.932993 0
    outer loop
      vertex 19.2027 -53.668 42
      vertex 21.813 -52.6611 6.2
      vertex 19.2027 -53.668 6.2
    endloop
  endfacet
  facet normal 0.615234 -0.788345 0
    outer loop
      vertex -36.1604 44.0616 6.2
      vertex -33.9549 45.7828 42
      vertex -36.1604 44.0616 42
    endloop
  endfacet
  facet normal 0.615234 -0.788345 0
    outer loop
      vertex -33.9549 45.7828 42
      vertex -36.1604 44.0616 6.2
      vertex -33.9549 45.7828 6.2
    endloop
  endfacet
  facet normal 0.534989 -0.844859 0
    outer loop
      vertex -31.6675 47.3938 6.2
      vertex -29.3039 48.8905 42
      vertex -31.6675 47.3938 42
    endloop
  endfacet
  facet normal 0.534989 -0.844859 0
    outer loop
      vertex -29.3039 48.8905 42
      vertex -31.6675 47.3938 6.2
      vertex -29.3039 48.8905 6.2
    endloop
  endfacet
  facet normal 0.870089 -0.492894 0
    outer loop
      vertex -50.2695 26.8696 42
      vertex -48.8905 29.3039 6.2
      vertex -48.8905 29.3039 42
    endloop
  endfacet
  facet normal 0.870089 -0.492894 0
    outer loop
      vertex -48.8905 29.3039 6.2
      vertex -50.2695 26.8696 42
      vertex -50.2695 26.8696 6.2
    endloop
  endfacet
  facet normal 0.492894 0.870089 -0
    outer loop
      vertex -26.8696 -50.2695 6.2
      vertex -29.3039 -48.8905 42
      vertex -26.8696 -50.2695 42
    endloop
  endfacet
  facet normal 0.492894 0.870089 0
    outer loop
      vertex -29.3039 -48.8905 42
      vertex -26.8696 -50.2695 6.2
      vertex -29.3039 -48.8905 6.2
    endloop
  endfacet
  facet normal 0.68954 0.724248 -0
    outer loop
      vertex -38.2789 -42.2342 6.2
      vertex -40.3051 -40.3051 42
      vertex -38.2789 -42.2342 42
    endloop
  endfacet
  facet normal 0.68954 0.724248 0
    outer loop
      vertex -40.3051 -40.3051 42
      vertex -38.2789 -42.2342 6.2
      vertex -40.3051 -40.3051 6.2
    endloop
  endfacet
  facet normal 0.997291 -0.0735604 0
    outer loop
      vertex -56.9313 2.79686 42
      vertex -56.7255 5.58698 6.2
      vertex -56.7255 5.58698 42
    endloop
  endfacet
  facet normal 0.997291 -0.0735604 0
    outer loop
      vertex -56.7255 5.58698 6.2
      vertex -56.9313 2.79686 42
      vertex -56.9313 2.79686 6.2
    endloop
  endfacet
  facet normal 0.985277 -0.170965 0
    outer loop
      vertex -56.3831 8.36364 42
      vertex -55.9048 11.1201 6.2
      vertex -55.9048 11.1201 42
    endloop
  endfacet
  facet normal 0.985277 -0.170965 0
    outer loop
      vertex -55.9048 11.1201 6.2
      vertex -56.3831 8.36364 42
      vertex -56.3831 8.36364 6.2
    endloop
  endfacet
  facet normal 0.170965 0.985277 -0
    outer loop
      vertex -8.36364 -56.3831 6.2
      vertex -11.1201 -55.9048 42
      vertex -8.36364 -56.3831 42
    endloop
  endfacet
  facet normal 0.170965 0.985277 0
    outer loop
      vertex -11.1201 -55.9048 42
      vertex -8.36364 -56.3831 6.2
      vertex -11.1201 -55.9048 6.2
    endloop
  endfacet
  facet normal 0.266724 -0.963773 0
    outer loop
      vertex -16.5462 54.5456 6.2
      vertex -13.8499 55.2918 42
      vertex -16.5462 54.5456 42
    endloop
  endfacet
  facet normal 0.266724 -0.963773 0
    outer loop
      vertex -13.8499 55.2918 42
      vertex -16.5462 54.5456 6.2
      vertex -13.8499 55.2918 6.2
    endloop
  endfacet
  facet normal 0.788345 0.615234 0
    outer loop
      vertex -44.0616 -36.1604 42
      vertex -45.7828 -33.9549 6.2
      vertex -45.7828 -33.9549 42
    endloop
  endfacet
  facet normal 0.788345 0.615234 0
    outer loop
      vertex -45.7828 -33.9549 6.2
      vertex -44.0616 -36.1604 42
      vertex -44.0616 -36.1604 6.2
    endloop
  endfacet
  facet normal -0.170965 -0.985277 0
    outer loop
      vertex 8.36364 56.3831 6.2
      vertex 11.1201 55.9048 42
      vertex 8.36364 56.3831 42
    endloop
  endfacet
  facet normal -0.170965 -0.985277 -0
    outer loop
      vertex 11.1201 55.9048 42
      vertex 8.36364 56.3831 6.2
      vertex 11.1201 55.9048 6.2
    endloop
  endfacet
  facet normal 0.914211 -0.405239 0
    outer loop
      vertex -52.6611 21.813 42
      vertex -51.5274 24.3706 6.2
      vertex -51.5274 24.3706 42
    endloop
  endfacet
  facet normal 0.914211 -0.405239 0
    outer loop
      vertex -51.5274 24.3706 6.2
      vertex -52.6611 21.813 42
      vertex -52.6611 21.813 6.2
    endloop
  endfacet
  facet normal 0.449614 0.893223 -0
    outer loop
      vertex -24.3706 -51.5274 6.2
      vertex -26.8696 -50.2695 42
      vertex -24.3706 -51.5274 42
    endloop
  endfacet
  facet normal 0.449614 0.893223 0
    outer loop
      vertex -26.8696 -50.2695 42
      vertex -24.3706 -51.5274 6.2
      vertex -26.8696 -50.2695 6.2
    endloop
  endfacet
  facet normal 0.963773 0.266724 0
    outer loop
      vertex -54.5456 -16.5462 42
      vertex -55.2918 -13.8499 6.2
      vertex -55.2918 -13.8499 42
    endloop
  endfacet
  facet normal 0.963773 0.266724 0
    outer loop
      vertex -55.2918 -13.8499 6.2
      vertex -54.5456 -16.5462 42
      vertex -54.5456 -16.5462 6.2
    endloop
  endfacet
  facet normal -0.932993 0.359894 0
    outer loop
      vertex 52.6611 -21.813 6.2
      vertex 53.668 -19.2027 42
      vertex 53.668 -19.2027 6.2
    endloop
  endfacet
  facet normal -0.932993 0.359894 0
    outer loop
      vertex 53.668 -19.2027 42
      vertex 52.6611 -21.813 6.2
      vertex 52.6611 -21.813 42
    endloop
  endfacet
  facet normal 0.405239 -0.914211 0
    outer loop
      vertex -24.3706 51.5274 6.2
      vertex -21.813 52.6611 42
      vertex -24.3706 51.5274 42
    endloop
  endfacet
  facet normal 0.405239 -0.914211 0
    outer loop
      vertex -21.813 52.6611 42
      vertex -24.3706 51.5274 6.2
      vertex -21.813 52.6611 6.2
    endloop
  endfacet
  facet normal 0.575816 0.81758 -0
    outer loop
      vertex -31.6675 -47.3938 6.2
      vertex -33.9549 -45.7828 42
      vertex -31.6675 -47.3938 42
    endloop
  endfacet
  facet normal 0.575816 0.81758 0
    outer loop
      vertex -33.9549 -45.7828 42
      vertex -31.6675 -47.3938 6.2
      vertex -33.9549 -45.7828 6.2
    endloop
  endfacet
  facet normal 0.866025 0.500001 0
    outer loop
      vertex 62.5237 25.7058 8
      vertex 53.5237 41.2942 0
      vertex 53.5237 41.2942 8
    endloop
  endfacet
  facet normal 0.866025 0.500001 0
    outer loop
      vertex 53.5237 41.2942 0
      vertex 62.5237 25.7058 8
      vertex 62.5237 25.7058 0
    endloop
  endfacet
  facet normal 0.5 -0.866025 0
    outer loop
      vertex 55.8584 21.8576 8.1
      vertex 55.8584 21.8576 5.27954
      vertex 56.4615 22.2058 8.1
    endloop
  endfacet
  facet normal 0.499999 -0.866026 0
    outer loop
      vertex 62.5237 25.7058 0
      vertex 55.8584 21.8576 5.27954
      vertex 55.8584 21.8576 0
    endloop
  endfacet
  facet normal 0.499999 -0.866026 3.16734e-07
    outer loop
      vertex 55.8584 21.8576 5.27954
      vertex 62.5237 25.7058 0
      vertex 56.4615 22.2058 8.1
    endloop
  endfacet
  facet normal -0.499972 0.866041 0
    outer loop
      vertex 47.4615 37.7942 8.1
      vertex 46.8613 37.4477 8.08548
      vertex 46.8613 37.4477 8.1
    endloop
  endfacet
  facet normal -0.499988 0.866032 0.000864025
    outer loop
      vertex 46.8613 37.4477 8.08548
      vertex 47.4615 37.7942 8.1
      vertex 53.5237 41.2942 8
    endloop
  endfacet
  facet normal 0.0123904 0.00716075 0.999898
    outer loop
      vertex 62.5237 25.7058 8
      vertex 56.6667 31.8048 8.0289
      vertex 56.6674 31.7226 8.02948
    endloop
  endfacet
  facet normal 0.0123942 0.00716441 0.999898
    outer loop
      vertex 62.5237 25.7058 8
      vertex 56.662 31.8869 8.02837
      vertex 56.6667 31.8048 8.0289
    endloop
  endfacet
  facet normal 0.0124298 0.00719816 0.999897
    outer loop
      vertex 62.5237 25.7058 8
      vertex 56.6533 31.9686 8.02789
      vertex 56.662 31.8869 8.02837
    endloop
  endfacet
  facet normal 0.0123133 0.00708902 0.999899
    outer loop
      vertex 62.5237 25.7058 8
      vertex 56.6406 32.0499 8.02747
      vertex 56.6533 31.9686 8.02789
    endloop
  endfacet
  facet normal 0.0123984 0.00716789 0.999897
    outer loop
      vertex 62.5237 25.7058 8
      vertex 56.6239 32.1304 8.0271
      vertex 56.6406 32.0499 8.02747
    endloop
  endfacet
  facet normal 0.0123366 0.00711115 0.999899
    outer loop
      vertex 62.5237 25.7058 8
      vertex 56.6032 32.2099 8.02679
      vertex 56.6239 32.1304 8.0271
    endloop
  endfacet
  facet normal 0.0124217 0.00718859 0.999897
    outer loop
      vertex 62.5237 25.7058 8
      vertex 56.5787 32.2884 8.02653
      vertex 56.6032 32.2099 8.02679
    endloop
  endfacet
  facet normal 0.0123385 0.00711346 0.999899
    outer loop
      vertex 62.5237 25.7058 8
      vertex 56.5504 32.3656 8.02633
      vertex 56.5787 32.2884 8.02653
    endloop
  endfacet
  facet normal 0.0122704 0.0070524 0.9999
    outer loop
      vertex 62.5237 25.7058 8
      vertex 56.5183 32.4413 8.02619
      vertex 56.5504 32.3656 8.02633
    endloop
  endfacet
  facet normal 0.0124741 0.00723399 0.999896
    outer loop
      vertex 62.5237 25.7058 8
      vertex 56.4826 32.5153 8.0261
      vertex 56.5183 32.4413 8.02619
    endloop
  endfacet
  facet normal 0.0124409 0.00720454 0.999897
    outer loop
      vertex 62.5237 25.7058 8
      vertex 56.4432 32.5875 8.02607
      vertex 56.4826 32.5153 8.0261
    endloop
  endfacet
  facet normal 0.0123698 0.00714174 0.999898
    outer loop
      vertex 53.5237 41.2942 8
      vertex 56.4432 32.5875 8.02607
      vertex 62.5237 25.7058 8
    endloop
  endfacet
  facet normal 0.0124694 0.00717515 0.999897
    outer loop
      vertex 56.4432 32.5875 8.02607
      vertex 53.5237 41.2942 8
      vertex 56.4004 32.6577 8.0261
    endloop
  endfacet
  facet normal 0.0124933 0.00718311 0.999896
    outer loop
      vertex 56.4004 32.6577 8.0261
      vertex 53.5237 41.2942 8
      vertex 56.3541 32.7257 8.02619
    endloop
  endfacet
  facet normal 0.0122338 0.0070974 0.9999
    outer loop
      vertex 56.3541 32.7257 8.02619
      vertex 53.5237 41.2942 8
      vertex 56.3046 32.7913 8.02633
    endloop
  endfacet
  facet normal 0.0123306 0.00712903 0.999899
    outer loop
      vertex 56.3046 32.7913 8.02633
      vertex 53.5237 41.2942 8
      vertex 56.2519 32.8544 8.02653
    endloop
  endfacet
  facet normal 0.0124541 0.00716897 0.999897
    outer loop
      vertex 53.5237 41.2942 8
      vertex 56.1962 32.9149 8.02679
      vertex 56.2519 32.8544 8.02653
    endloop
  endfacet
  facet normal 0.0122824 0.00711418 0.999899
    outer loop
      vertex 53.5237 41.2942 8
      vertex 56.1376 32.9725 8.0271
      vertex 56.1962 32.9149 8.02679
    endloop
  endfacet
  facet normal 0.0124229 0.00715831 0.999897
    outer loop
      vertex 53.5237 41.2942 8
      vertex 56.0763 33.0272 8.02747
      vertex 56.1376 32.9725 8.0271
    endloop
  endfacet
  facet normal 0.0123183 0.00712605 0.999899
    outer loop
      vertex 53.5237 41.2942 8
      vertex 56.0123 33.0789 8.02789
      vertex 56.0763 33.0272 8.02747
    endloop
  endfacet
  facet normal 0.012452 0.00716651 0.999897
    outer loop
      vertex 53.5237 41.2942 8
      vertex 55.9459 33.1273 8.02837
      vertex 56.0123 33.0789 8.02789
    endloop
  endfacet
  facet normal 0.0123881 0.00714758 0.999898
    outer loop
      vertex 53.5237 41.2942 8
      vertex 55.8771 33.1724 8.0289
      vertex 55.9459 33.1273 8.02837
    endloop
  endfacet
  facet normal 0.0124037 0.0071521 0.999897
    outer loop
      vertex 53.5237 41.2942 8
      vertex 55.8063 33.2141 8.02948
      vertex 55.8771 33.1724 8.0289
    endloop
  endfacet
  facet normal 0.0122253 0.0071017 0.9999
    outer loop
      vertex 53.5237 41.2942 8
      vertex 55.7334 33.2523 8.0301
      vertex 55.8063 33.2141 8.02948
    endloop
  endfacet
  facet normal 0.0124239 0.00715626 0.999897
    outer loop
      vertex 53.5237 41.2942 8
      vertex 55.6588 33.2868 8.03078
      vertex 55.7334 33.2523 8.0301
    endloop
  endfacet
  facet normal 0.0123303 0.00713133 0.999899
    outer loop
      vertex 53.5237 41.2942 8
      vertex 55.5826 33.3176 8.0315
      vertex 55.6588 33.2868 8.03078
    endloop
  endfacet
  facet normal 0.0124202 0.00715452 0.999897
    outer loop
      vertex 53.5237 41.2942 8
      vertex 55.505 33.3447 8.03227
      vertex 55.5826 33.3176 8.0315
    endloop
  endfacet
  facet normal 0.0123648 0.00714071 0.999898
    outer loop
      vertex 53.5237 41.2942 8
      vertex 55.4261 33.3679 8.03308
      vertex 55.505 33.3447 8.03227
    endloop
  endfacet
  facet normal 0.0123619 0.00714002 0.999898
    outer loop
      vertex 53.5237 41.2942 8
      vertex 55.3462 33.3872 8.03393
      vertex 55.4261 33.3679 8.03308
    endloop
  endfacet
  facet normal 0.0123912 0.00714677 0.999898
    outer loop
      vertex 53.5237 41.2942 8
      vertex 55.2655 33.4026 8.03482
      vertex 55.3462 33.3872 8.03393
    endloop
  endfacet
  facet normal 0.0124101 0.00715094 0.999897
    outer loop
      vertex 53.5237 41.2942 8
      vertex 55.184 33.414 8.03575
      vertex 55.2655 33.4026 8.03482
    endloop
  endfacet
  facet normal 0.0123811 0.00714483 0.999898
    outer loop
      vertex 53.5237 41.2942 8
      vertex 55.1022 33.4214 8.03671
      vertex 55.184 33.414 8.03575
    endloop
  endfacet
  facet normal 0.0123377 0.00713614 0.999898
    outer loop
      vertex 53.5237 41.2942 8
      vertex 55.02 33.4248 8.0377
      vertex 55.1022 33.4214 8.03671
    endloop
  endfacet
  facet normal 0.0123467 0.00713784 0.999898
    outer loop
      vertex 53.5237 41.2942 8
      vertex 54.9378 33.4241 8.03872
      vertex 55.02 33.4248 8.0377
    endloop
  endfacet
  facet normal 0.012379 0.00714365 0.999898
    outer loop
      vertex 53.5237 41.2942 8
      vertex 54.8557 33.4194 8.03977
      vertex 54.9378 33.4241 8.03872
    endloop
  endfacet
  facet normal 0.0123354 0.00713628 0.999898
    outer loop
      vertex 53.5237 41.2942 8
      vertex 54.774 33.4107 8.04084
      vertex 54.8557 33.4194 8.03977
    endloop
  endfacet
  facet normal 0.0124184 0.00714943 0.999897
    outer loop
      vertex 53.5237 41.2942 8
      vertex 54.6928 33.3979 8.04194
      vertex 54.774 33.4107 8.04084
    endloop
  endfacet
  facet normal 0.0123077 0.00713304 0.999899
    outer loop
      vertex 53.5237 41.2942 8
      vertex 54.6123 33.3812 8.04305
      vertex 54.6928 33.3979 8.04194
    endloop
  endfacet
  facet normal 0.0124684 0.00715515 0.999897
    outer loop
      vertex 53.5237 41.2942 8
      vertex 54.5327 33.3606 8.04419
      vertex 54.6123 33.3812 8.04305
    endloop
  endfacet
  facet normal 0.0122946 0.00713305 0.999899
    outer loop
      vertex 53.5237 41.2942 8
      vertex 54.4542 33.3361 8.04533
      vertex 54.5327 33.3606 8.04419
    endloop
  endfacet
  facet normal 0.0124048 0.00714593 0.999898
    outer loop
      vertex 53.5237 41.2942 8
      vertex 54.377 33.3078 8.04649
      vertex 54.4542 33.3361 8.04533
    endloop
  endfacet
  facet normal 0.0122968 0.0071344 0.999899
    outer loop
      vertex 53.5237 41.2942 8
      vertex 54.3013 33.2757 8.04765
      vertex 54.377 33.3078 8.04649
    endloop
  endfacet
  facet normal 0.012484 0.00715254 0.999896
    outer loop
      vertex 53.5237 41.2942 8
      vertex 54.2273 33.2399 8.04883
      vertex 54.3013 33.2757 8.04765
    endloop
  endfacet
  facet normal 0.012318 0.00713805 0.999899
    outer loop
      vertex 53.5237 41.2942 8
      vertex 54.1551 33.2006 8.05
      vertex 54.2273 33.2399 8.04883
    endloop
  endfacet
  facet normal 0.0123705 0.00714214 0.999898
    outer loop
      vertex 47.4615 37.7942 8.1
      vertex 54.1551 33.2006 8.05
      vertex 53.5237 41.2942 8
    endloop
  endfacet
  facet normal 0.0123334 0.00708807 0.999899
    outer loop
      vertex 54.1551 33.2006 8.05
      vertex 47.4615 37.7942 8.1
      vertex 54.0849 33.1577 8.05117
    endloop
  endfacet
  facet normal 0.0124452 0.00724782 0.999896
    outer loop
      vertex 54.0849 33.1577 8.05117
      vertex 47.4615 37.7942 8.1
      vertex 54.017 33.1115 8.05235
    endloop
  endfacet
  facet normal 0.0123227 0.00707636 0.999899
    outer loop
      vertex 54.017 33.1115 8.05235
      vertex 47.4615 37.7942 8.1
      vertex 53.9513 33.062 8.05351
    endloop
  endfacet
  facet normal 0.0123921 0.00717152 0.999897
    outer loop
      vertex 53.9513 33.062 8.05351
      vertex 47.4615 37.7942 8.1
      vertex 53.8882 33.0093 8.05467
    endloop
  endfacet
  facet normal 0.0123234 0.00707929 0.999899
    outer loop
      vertex 53.8882 33.0093 8.05467
      vertex 47.4615 37.7942 8.1
      vertex 53.8277 32.9536 8.05581
    endloop
  endfacet
  facet normal 0.0124363 0.00722779 0.999897
    outer loop
      vertex 53.8277 32.9536 8.05581
      vertex 47.4615 37.7942 8.1
      vertex 53.7701 32.895 8.05695
    endloop
  endfacet
  facet normal 0.0123358 0.00709824 0.999899
    outer loop
      vertex 53.7701 32.895 8.05695
      vertex 47.4615 37.7942 8.1
      vertex 53.7154 32.8337 8.05806
    endloop
  endfacet
  facet normal 0.012395 0.00717292 0.999897
    outer loop
      vertex 53.7154 32.8337 8.05806
      vertex 47.4615 37.7942 8.1
      vertex 53.6637 32.7697 8.05916
    endloop
  endfacet
  facet normal 0.0123412 0.00710646 0.999899
    outer loop
      vertex 53.6637 32.7697 8.05916
      vertex 47.4615 37.7942 8.1
      vertex 53.6153 32.7032 8.06023
    endloop
  endfacet
  facet normal 0.0123809 0.00715451 0.999898
    outer loop
      vertex 53.6153 32.7032 8.06023
      vertex 47.4615 37.7942 8.1
      vertex 53.5702 32.6345 8.06128
    endloop
  endfacet
  facet normal 0.0123576 0.00712691 0.999898
    outer loop
      vertex 53.5702 32.6345 8.06128
      vertex 47.4615 37.7942 8.1
      vertex 53.5285 32.5637 8.0623
    endloop
  endfacet
  facet normal 0.0123436 0.00711073 0.999899
    outer loop
      vertex 53.5285 32.5637 8.0623
      vertex 47.4615 37.7942 8.1
      vertex 53.4903 32.4908 8.06329
    endloop
  endfacet
  facet normal 0.0123737 0.0071449 0.999898
    outer loop
      vertex 53.4903 32.4908 8.06329
      vertex 47.4615 37.7942 8.1
      vertex 53.4558 32.4162 8.06425
    endloop
  endfacet
  facet normal 0.0124113 0.00718683 0.999897
    outer loop
      vertex 53.4558 32.4162 8.06425
      vertex 47.4615 37.7942 8.1
      vertex 53.425 32.34 8.06518
    endloop
  endfacet
  facet normal 0.0123744 0.00714644 0.999898
    outer loop
      vertex 53.425 32.34 8.06518
      vertex 47.4615 37.7942 8.1
      vertex 53.3979 32.2624 8.06607
    endloop
  endfacet
  facet normal 0.0123649 0.00713623 0.999898
    outer loop
      vertex 53.3979 32.2624 8.06607
      vertex 47.4615 37.7942 8.1
      vertex 53.3747 32.1835 8.06692
    endloop
  endfacet
  facet normal 0.0123754 0.00714734 0.999898
    outer loop
      vertex 53.3747 32.1835 8.06692
      vertex 47.4615 37.7942 8.1
      vertex 53.3554 32.1036 8.06773
    endloop
  endfacet
  facet normal 0.0124012 0.00717402 0.999897
    outer loop
      vertex 53.3554 32.1036 8.06773
      vertex 47.4615 37.7942 8.1
      vertex 53.34 32.0229 8.0685
    endloop
  endfacet
  facet normal 0.0123362 0.0071079 0.999899
    outer loop
      vertex 53.34 32.0229 8.0685
      vertex 47.4615 37.7942 8.1
      vertex 53.3286 31.9414 8.06922
    endloop
  endfacet
  facet normal 0.012417 0.00718881 0.999897
    outer loop
      vertex 53.3286 31.9414 8.06922
      vertex 47.4615 37.7942 8.1
      vertex 53.3212 31.8596 8.0699
    endloop
  endfacet
  facet normal 0.0122609 0.00703468 0.9999
    outer loop
      vertex 53.3212 31.8596 8.0699
      vertex 47.4615 37.7942 8.1
      vertex 53.3178 31.7774 8.07052
    endloop
  endfacet
  facet normal 0.0122609 0.00703468 0.9999
    outer loop
      vertex 56.664 31.6404 8.0301
      vertex 62.5237 25.7058 8
      vertex 56.6674 31.7226 8.02948
    endloop
  endfacet
  facet normal 0.012417 0.00718881 0.999897
    outer loop
      vertex 56.6566 31.5586 8.03078
      vertex 62.5237 25.7058 8
      vertex 56.664 31.6404 8.0301
    endloop
  endfacet
  facet normal 0.0123362 0.0071079 0.999899
    outer loop
      vertex 56.6452 31.4771 8.0315
      vertex 62.5237 25.7058 8
      vertex 56.6566 31.5586 8.03078
    endloop
  endfacet
  facet normal 0.0124139 0.00718697 0.999897
    outer loop
      vertex 56.6299 31.3964 8.03227
      vertex 62.5237 25.7058 8
      vertex 56.6452 31.4771 8.0315
    endloop
  endfacet
  facet normal 0.0123635 0.00713475 0.999898
    outer loop
      vertex 56.6105 31.3165 8.03308
      vertex 62.5237 25.7058 8
      vertex 56.6299 31.3964 8.03227
    endloop
  endfacet
  facet normal 0.0123649 0.00713623 0.999898
    outer loop
      vertex 56.5873 31.2376 8.03393
      vertex 62.5237 25.7058 8
      vertex 56.6105 31.3165 8.03308
    endloop
  endfacet
  facet normal 0.0123856 0.00715848 0.999898
    outer loop
      vertex 56.5603 31.16 8.03482
      vertex 62.5237 25.7058 8
      vertex 56.5873 31.2376 8.03393
    endloop
  endfacet
  facet normal 0.0124006 0.00717489 0.999897
    outer loop
      vertex 56.5294 31.0838 8.03575
      vertex 62.5237 25.7058 8
      vertex 56.5603 31.16 8.03482
    endloop
  endfacet
  facet normal 0.0123737 0.0071449 0.999898
    outer loop
      vertex 56.4949 31.0092 8.03671
      vertex 62.5237 25.7058 8
      vertex 56.5294 31.0838 8.03575
    endloop
  endfacet
  facet normal 0.0123436 0.00711073 0.999899
    outer loop
      vertex 56.4567 30.9363 8.0377
      vertex 62.5237 25.7058 8
      vertex 56.4949 31.0092 8.03671
    endloop
  endfacet
  facet normal 0.0123576 0.00712691 0.999898
    outer loop
      vertex 56.415 30.8655 8.03872
      vertex 62.5237 25.7058 8
      vertex 56.4567 30.9363 8.0377
    endloop
  endfacet
  facet normal 0.0123809 0.00715451 0.999898
    outer loop
      vertex 56.3699 30.7968 8.03977
      vertex 62.5237 25.7058 8
      vertex 56.415 30.8655 8.03872
    endloop
  endfacet
  facet normal 0.0123412 0.00710646 0.999899
    outer loop
      vertex 56.3215 30.7303 8.04084
      vertex 62.5237 25.7058 8
      vertex 56.3699 30.7968 8.03977
    endloop
  endfacet
  facet normal 0.012395 0.00717292 0.999897
    outer loop
      vertex 56.2698 30.6663 8.04194
      vertex 62.5237 25.7058 8
      vertex 56.3215 30.7303 8.04084
    endloop
  endfacet
  facet normal 0.0123358 0.00709824 0.999899
    outer loop
      vertex 56.2151 30.605 8.04305
      vertex 62.5237 25.7058 8
      vertex 56.2698 30.6663 8.04194
    endloop
  endfacet
  facet normal 0.0124363 0.00722779 0.999897
    outer loop
      vertex 56.1575 30.5464 8.04419
      vertex 62.5237 25.7058 8
      vertex 56.2151 30.605 8.04305
    endloop
  endfacet
  facet normal 0.0123234 0.00707929 0.999899
    outer loop
      vertex 56.097 30.4907 8.04533
      vertex 62.5237 25.7058 8
      vertex 56.1575 30.5464 8.04419
    endloop
  endfacet
  facet normal 0.0123921 0.00717152 0.999897
    outer loop
      vertex 56.0339 30.438 8.04649
      vertex 62.5237 25.7058 8
      vertex 56.097 30.4907 8.04533
    endloop
  endfacet
  facet normal 0.012332 0.00708902 0.999899
    outer loop
      vertex 55.9683 30.3885 8.04765
      vertex 62.5237 25.7058 8
      vertex 56.0339 30.438 8.04649
    endloop
  endfacet
  facet normal 0.0124305 0.00722693 0.999897
    outer loop
      vertex 55.9003 30.3422 8.04883
      vertex 62.5237 25.7058 8
      vertex 55.9683 30.3885 8.04765
    endloop
  endfacet
  facet normal 0.0123387 0.00709586 0.999899
    outer loop
      vertex 55.8301 30.2994 8.05
      vertex 62.5237 25.7058 8
      vertex 55.9003 30.3422 8.04883
    endloop
  endfacet
  facet normal 0.0123705 0.00714214 0.999898
    outer loop
      vertex 62.5237 25.7058 8
      vertex 55.8301 30.2994 8.05
      vertex 56.4615 22.2058 8.1
    endloop
  endfacet
  facet normal 0.012318 0.00713805 0.999899
    outer loop
      vertex 55.7579 30.2601 8.05117
      vertex 56.4615 22.2058 8.1
      vertex 55.8301 30.2994 8.05
    endloop
  endfacet
  facet normal 0.012484 0.00715254 0.999896
    outer loop
      vertex 55.6839 30.2243 8.05235
      vertex 56.4615 22.2058 8.1
      vertex 55.7579 30.2601 8.05117
    endloop
  endfacet
  facet normal 0.0122968 0.0071344 0.999899
    outer loop
      vertex 55.6082 30.1922 8.05351
      vertex 56.4615 22.2058 8.1
      vertex 55.6839 30.2243 8.05235
    endloop
  endfacet
  facet normal 0.0124048 0.00714593 0.999898
    outer loop
      vertex 55.531 30.1639 8.05467
      vertex 56.4615 22.2058 8.1
      vertex 55.6082 30.1922 8.05351
    endloop
  endfacet
  facet normal 0.0122946 0.00713305 0.999899
    outer loop
      vertex 55.4525 30.1394 8.05581
      vertex 56.4615 22.2058 8.1
      vertex 55.531 30.1639 8.05467
    endloop
  endfacet
  facet normal 0.0124836 0.00715708 0.999896
    outer loop
      vertex 55.373 30.1188 8.05695
      vertex 56.4615 22.2058 8.1
      vertex 55.4525 30.1394 8.05581
    endloop
  endfacet
  facet normal 0.0123077 0.00713289 0.999899
    outer loop
      vertex 55.2925 30.1021 8.05806
      vertex 56.4615 22.2058 8.1
      vertex 55.373 30.1188 8.05695
    endloop
  endfacet
  facet normal 0.0124035 0.00714707 0.999898
    outer loop
      vertex 55.2112 30.0893 8.05916
      vertex 56.4615 22.2058 8.1
      vertex 55.2925 30.1021 8.05806
    endloop
  endfacet
  facet normal 0.0123354 0.00713628 0.999898
    outer loop
      vertex 55.1295 30.0806 8.06023
      vertex 56.4615 22.2058 8.1
      vertex 55.2112 30.0893 8.05916
    endloop
  endfacet
  facet normal 0.012379 0.00714365 0.999898
    outer loop
      vertex 55.0474 30.0759 8.06128
      vertex 56.4615 22.2058 8.1
      vertex 55.1295 30.0806 8.06023
    endloop
  endfacet
  facet normal 0.0123467 0.00713784 0.999898
    outer loop
      vertex 54.9652 30.0752 8.0623
      vertex 56.4615 22.2058 8.1
      vertex 55.0474 30.0759 8.06128
    endloop
  endfacet
  facet normal 0.0123529 0.00713902 0.999898
    outer loop
      vertex 54.8831 30.0786 8.06329
      vertex 56.4615 22.2058 8.1
      vertex 54.9652 30.0752 8.0623
    endloop
  endfacet
  facet normal 0.0123657 0.00714158 0.999898
    outer loop
      vertex 54.8012 30.086 8.06425
      vertex 56.4615 22.2058 8.1
      vertex 54.8831 30.0786 8.06329
    endloop
  endfacet
  facet normal 0.0124258 0.00715425 0.999897
    outer loop
      vertex 54.7198 30.0974 8.06518
      vertex 56.4615 22.2058 8.1
      vertex 54.8012 30.086 8.06425
    endloop
  endfacet
  facet normal 0.0123752 0.00714307 0.999898
    outer loop
      vertex 54.639 30.1128 8.06607
      vertex 56.4615 22.2058 8.1
      vertex 54.7198 30.0974 8.06518
    endloop
  endfacet
  facet normal 0.0123619 0.00714002 0.999898
    outer loop
      vertex 54.5591 30.1321 8.06692
      vertex 56.4615 22.2058 8.1
      vertex 54.639 30.1128 8.06607
    endloop
  endfacet
  facet normal 0.0123648 0.00714071 0.999898
    outer loop
      vertex 54.4802 30.1553 8.06773
      vertex 56.4615 22.2058 8.1
      vertex 54.5591 30.1321 8.06692
    endloop
  endfacet
  facet normal 0.0124202 0.00715452 0.999897
    outer loop
      vertex 54.4026 30.1824 8.0685
      vertex 56.4615 22.2058 8.1
      vertex 54.4802 30.1553 8.06773
    endloop
  endfacet
  facet normal 0.0123303 0.00713133 0.999899
    outer loop
      vertex 54.3264 30.2132 8.06922
      vertex 56.4615 22.2058 8.1
      vertex 54.4026 30.1824 8.0685
    endloop
  endfacet
  facet normal 0.0124239 0.00715626 0.999897
    outer loop
      vertex 54.2518 30.2477 8.0699
      vertex 56.4615 22.2058 8.1
      vertex 54.3264 30.2132 8.06922
    endloop
  endfacet
  facet normal 0.0122449 0.00710709 0.9999
    outer loop
      vertex 54.179 30.2859 8.07052
      vertex 56.4615 22.2058 8.1
      vertex 54.2518 30.2477 8.0699
    endloop
  endfacet
  facet normal 0.0123826 0.00714599 0.999898
    outer loop
      vertex 54.1081 30.3276 8.0711
      vertex 56.4615 22.2058 8.1
      vertex 54.179 30.2859 8.07052
    endloop
  endfacet
  facet normal 0.0124104 0.00715403 0.999897
    outer loop
      vertex 54.0394 30.3727 8.07163
      vertex 56.4615 22.2058 8.1
      vertex 54.1081 30.3276 8.0711
    endloop
  endfacet
  facet normal 0.0124279 0.00715924 0.999897
    outer loop
      vertex 53.9729 30.4211 8.07211
      vertex 56.4615 22.2058 8.1
      vertex 54.0394 30.3727 8.07163
    endloop
  endfacet
  facet normal 0.0123439 0.00713378 0.999898
    outer loop
      vertex 53.909 30.4728 8.07253
      vertex 56.4615 22.2058 8.1
      vertex 53.9729 30.4211 8.07211
    endloop
  endfacet
  facet normal 0.0123948 0.00714949 0.999898
    outer loop
      vertex 53.8476 30.5275 8.0729
      vertex 56.4615 22.2058 8.1
      vertex 53.909 30.4728 8.07253
    endloop
  endfacet
  facet normal 0.0122824 0.00711418 0.999899
    outer loop
      vertex 53.789 30.5851 8.07321
      vertex 56.4615 22.2058 8.1
      vertex 53.8476 30.5275 8.0729
    endloop
  endfacet
  facet normal 0.0124541 0.00716897 0.999897
    outer loop
      vertex 53.7333 30.6456 8.07347
      vertex 56.4615 22.2058 8.1
      vertex 53.789 30.5851 8.07321
    endloop
  endfacet
  facet normal 0.0123306 0.00712903 0.999899
    outer loop
      vertex 53.6806 30.7087 8.07367
      vertex 56.4615 22.2058 8.1
      vertex 53.7333 30.6456 8.07347
    endloop
  endfacet
  facet normal 0.0122338 0.0070974 0.9999
    outer loop
      vertex 53.6311 30.7743 8.07381
      vertex 56.4615 22.2058 8.1
      vertex 53.6806 30.7087 8.07367
    endloop
  endfacet
  facet normal 0.012546 0.00720049 0.999895
    outer loop
      vertex 53.5849 30.8423 8.0739
      vertex 56.4615 22.2058 8.1
      vertex 53.6311 30.7743 8.07381
    endloop
  endfacet
  facet normal 0.012405 0.00715356 0.999897
    outer loop
      vertex 53.542 30.9125 8.07393
      vertex 56.4615 22.2058 8.1
      vertex 53.5849 30.8423 8.0739
    endloop
  endfacet
  facet normal 0.0123901 0.00715967 0.999898
    outer loop
      vertex 47.4615 37.7942 8.1
      vertex 53.542 30.9125 8.07393
      vertex 53.5027 30.9847 8.0739
    endloop
  endfacet
  facet normal 0.0125154 0.00727083 0.999895
    outer loop
      vertex 47.4615 37.7942 8.1
      vertex 53.5027 30.9847 8.0739
      vertex 53.4669 31.0587 8.07381
    endloop
  endfacet
  facet normal 0.0122704 0.0070524 0.9999
    outer loop
      vertex 47.4615 37.7942 8.1
      vertex 53.4669 31.0587 8.07381
      vertex 53.4348 31.1344 8.07367
    endloop
  endfacet
  facet normal 0.0123385 0.00711346 0.999899
    outer loop
      vertex 47.4615 37.7942 8.1
      vertex 53.4348 31.1344 8.07367
      vertex 53.4065 31.2116 8.07347
    endloop
  endfacet
  facet normal 0.0123698 0.00714174 0.999898
    outer loop
      vertex 53.542 30.9125 8.07393
      vertex 47.4615 37.7942 8.1
      vertex 56.4615 22.2058 8.1
    endloop
  endfacet
  facet normal 0.0124217 0.00718859 0.999897
    outer loop
      vertex 53.382 31.2901 8.07321
      vertex 47.4615 37.7942 8.1
      vertex 53.4065 31.2116 8.07347
    endloop
  endfacet
  facet normal 0.0123128 0.00708946 0.999899
    outer loop
      vertex 53.3614 31.3696 8.0729
      vertex 47.4615 37.7942 8.1
      vertex 53.382 31.2901 8.07321
    endloop
  endfacet
  facet normal 0.0123981 0.00716784 0.999897
    outer loop
      vertex 53.3447 31.4501 8.07253
      vertex 47.4615 37.7942 8.1
      vertex 53.3614 31.3696 8.0729
    endloop
  endfacet
  facet normal 0.0123328 0.00710722 0.999899
    outer loop
      vertex 53.3319 31.5314 8.07211
      vertex 47.4615 37.7942 8.1
      vertex 53.3447 31.4501 8.07253
    endloop
  endfacet
  facet normal 0.0124298 0.00719816 0.999897
    outer loop
      vertex 53.3232 31.6131 8.07163
      vertex 47.4615 37.7942 8.1
      vertex 53.3319 31.5314 8.07211
    endloop
  endfacet
  facet normal 0.0123942 0.00716441 0.999898
    outer loop
      vertex 53.3185 31.6952 8.0711
      vertex 47.4615 37.7942 8.1
      vertex 53.3232 31.6131 8.07163
    endloop
  endfacet
  facet normal 0.0123904 0.00716075 0.999898
    outer loop
      vertex 47.4615 37.7942 8.1
      vertex 53.3185 31.6952 8.0711
      vertex 53.3178 31.7774 8.07052
    endloop
  endfacet
  facet normal -0.499996 0.866028 0
    outer loop
      vertex 46.8613 37.4477 0
      vertex 53.5237 41.2942 8
      vertex 53.5237 41.2942 0
    endloop
  endfacet
  facet normal -0.499996 0.866028 0
    outer loop
      vertex 53.5237 41.2942 8
      vertex 46.8613 37.4477 0
      vertex 46.8613 37.4477 8.08548
    endloop
  endfacet
  facet normal 0 0 1
    outer loop
      vertex 56.4615 22.2058 8.1
      vertex 55.4328 22.961 8.1
      vertex 55.8584 21.8576 8.1
    endloop
  endfacet
  facet normal 0 0 1
    outer loop
      vertex 56.4615 22.2058 8.1
      vertex 54.2394 25.6533 8.1
      vertex 55.4328 22.961 8.1
    endloop
  endfacet
  facet normal 0 0 1
    outer loop
      vertex 56.4615 22.2058 8.1
      vertex 52.9153 28.2838 8.1
      vertex 54.2394 25.6533 8.1
    endloop
  endfacet
  facet normal 0 0 1
    outer loop
      vertex 56.4615 22.2058 8.1
      vertex 51.4637 30.8462 8.1
      vertex 52.9153 28.2838 8.1
    endloop
  endfacet
  facet normal 0 0 1
    outer loop
      vertex 47.4615 37.7942 8.1
      vertex 51.4637 30.8462 8.1
      vertex 56.4615 22.2058 8.1
    endloop
  endfacet
  facet normal 0 0 1
    outer loop
      vertex 47.4615 37.7942 8.1
      vertex 49.8882 33.3342 8.1
      vertex 51.4637 30.8462 8.1
    endloop
  endfacet
  facet normal 0 0 1
    outer loop
      vertex 47.4615 37.7942 8.1
      vertex 48.1925 35.742 8.1
      vertex 49.8882 33.3342 8.1
    endloop
  endfacet
  facet normal 0 0 1
    outer loop
      vertex 48.1925 35.742 8.1
      vertex 47.4615 37.7942 8.1
      vertex 46.8613 37.4477 8.1
    endloop
  endfacet
  facet normal 0.499999 -0.866026 0
    outer loop
      vertex 62.5237 25.7058 8
      vertex 56.4615 22.2058 8.1
      vertex 62.5237 25.7058 0
    endloop
  endfacet
  facet normal -0.499999 -0.866026 -0
    outer loop
      vertex -62.5237 25.7058 8
      vertex -62.5237 25.7058 0
      vertex -56.4615 22.2058 8.1
    endloop
  endfacet
  facet normal -0.499999 -0.866026 3.16734e-07
    outer loop
      vertex -62.5237 25.7058 0
      vertex -55.8584 21.8576 5.27954
      vertex -56.4615 22.2058 8.1
    endloop
  endfacet
  facet normal -0.499999 -0.866026 -0
    outer loop
      vertex -55.8584 21.8576 5.27954
      vertex -62.5237 25.7058 0
      vertex -55.8584 21.8576 0
    endloop
  endfacet
  facet normal 0.499972 0.866041 -0
    outer loop
      vertex -46.8613 37.4477 8.08548
      vertex -47.4615 37.7942 8.1
      vertex -46.8613 37.4477 8.1
    endloop
  endfacet
  facet normal 0.499988 0.866032 0.000864025
    outer loop
      vertex -47.4615 37.7942 8.1
      vertex -46.8613 37.4477 8.08548
      vertex -53.5237 41.2942 8
    endloop
  endfacet
  facet normal 0.499996 0.866028 -0
    outer loop
      vertex -46.8613 37.4477 0
      vertex -53.5237 41.2942 8
      vertex -46.8613 37.4477 8.08548
    endloop
  endfacet
  facet normal 0.499996 0.866028 0
    outer loop
      vertex -53.5237 41.2942 8
      vertex -46.8613 37.4477 0
      vertex -53.5237 41.2942 0
    endloop
  endfacet
  facet normal -0.5 -0.866025 -0
    outer loop
      vertex -55.8584 21.8576 8.1
      vertex -56.4615 22.2058 8.1
      vertex -55.8584 21.8576 5.27954
    endloop
  endfacet
  facet normal 0 0 1
    outer loop
      vertex -47.4615 37.7942 8.1
      vertex -48.1925 35.742 8.1
      vertex -46.8613 37.4477 8.1
    endloop
  endfacet
  facet normal 0 0 1
    outer loop
      vertex -47.4615 37.7942 8.1
      vertex -49.8882 33.3342 8.1
      vertex -48.1925 35.742 8.1
    endloop
  endfacet
  facet normal 0 0 1
    outer loop
      vertex -47.4615 37.7942 8.1
      vertex -51.4637 30.8462 8.1
      vertex -49.8882 33.3342 8.1
    endloop
  endfacet
  facet normal 0 0 1
    outer loop
      vertex -55.4328 22.961 8.1
      vertex -56.4615 22.2058 8.1
      vertex -55.8584 21.8576 8.1
    endloop
  endfacet
  facet normal 0 0 1
    outer loop
      vertex -54.2394 25.6533 8.1
      vertex -56.4615 22.2058 8.1
      vertex -55.4328 22.961 8.1
    endloop
  endfacet
  facet normal 0 0 1
    outer loop
      vertex -52.9153 28.2838 8.1
      vertex -56.4615 22.2058 8.1
      vertex -54.2394 25.6533 8.1
    endloop
  endfacet
  facet normal 0 0 1
    outer loop
      vertex -51.4637 30.8462 8.1
      vertex -56.4615 22.2058 8.1
      vertex -52.9153 28.2838 8.1
    endloop
  endfacet
  facet normal 0 0 1
    outer loop
      vertex -56.4615 22.2058 8.1
      vertex -51.4637 30.8462 8.1
      vertex -47.4615 37.7942 8.1
    endloop
  endfacet
  facet normal -0.0122609 0.00703468 0.9999
    outer loop
      vertex -47.4615 37.7942 8.1
      vertex -53.3212 31.8596 8.0699
      vertex -53.3178 31.7774 8.07052
    endloop
  endfacet
  facet normal -0.012417 0.00718881 0.999897
    outer loop
      vertex -47.4615 37.7942 8.1
      vertex -53.3286 31.9414 8.06922
      vertex -53.3212 31.8596 8.0699
    endloop
  endfacet
  facet normal -0.0123362 0.0071079 0.999899
    outer loop
      vertex -47.4615 37.7942 8.1
      vertex -53.34 32.0229 8.0685
      vertex -53.3286 31.9414 8.06922
    endloop
  endfacet
  facet normal -0.0124012 0.00717402 0.999897
    outer loop
      vertex -47.4615 37.7942 8.1
      vertex -53.3554 32.1036 8.06773
      vertex -53.34 32.0229 8.0685
    endloop
  endfacet
  facet normal -0.0123754 0.00714734 0.999898
    outer loop
      vertex -47.4615 37.7942 8.1
      vertex -53.3747 32.1835 8.06692
      vertex -53.3554 32.1036 8.06773
    endloop
  endfacet
  facet normal -0.0123649 0.00713623 0.999898
    outer loop
      vertex -47.4615 37.7942 8.1
      vertex -53.3979 32.2624 8.06607
      vertex -53.3747 32.1835 8.06692
    endloop
  endfacet
  facet normal -0.0123744 0.00714644 0.999898
    outer loop
      vertex -47.4615 37.7942 8.1
      vertex -53.425 32.34 8.06518
      vertex -53.3979 32.2624 8.06607
    endloop
  endfacet
  facet normal -0.0124113 0.00718683 0.999897
    outer loop
      vertex -47.4615 37.7942 8.1
      vertex -53.4558 32.4162 8.06425
      vertex -53.425 32.34 8.06518
    endloop
  endfacet
  facet normal -0.0123737 0.0071449 0.999898
    outer loop
      vertex -47.4615 37.7942 8.1
      vertex -53.4903 32.4908 8.06329
      vertex -53.4558 32.4162 8.06425
    endloop
  endfacet
  facet normal -0.0123705 0.00714214 0.999898
    outer loop
      vertex -54.1551 33.2006 8.05
      vertex -47.4615 37.7942 8.1
      vertex -53.5237 41.2942 8
    endloop
  endfacet
  facet normal -0.0123436 0.00711073 0.999899
    outer loop
      vertex -47.4615 37.7942 8.1
      vertex -53.5285 32.5637 8.0623
      vertex -53.4903 32.4908 8.06329
    endloop
  endfacet
  facet normal -0.0123576 0.00712691 0.999898
    outer loop
      vertex -47.4615 37.7942 8.1
      vertex -53.5702 32.6345 8.06128
      vertex -53.5285 32.5637 8.0623
    endloop
  endfacet
  facet normal -0.0123809 0.00715451 0.999898
    outer loop
      vertex -47.4615 37.7942 8.1
      vertex -53.6153 32.7032 8.06023
      vertex -53.5702 32.6345 8.06128
    endloop
  endfacet
  facet normal -0.0123412 0.00710646 0.999899
    outer loop
      vertex -47.4615 37.7942 8.1
      vertex -53.6637 32.7697 8.05916
      vertex -53.6153 32.7032 8.06023
    endloop
  endfacet
  facet normal -0.012395 0.00717292 0.999897
    outer loop
      vertex -47.4615 37.7942 8.1
      vertex -53.7154 32.8337 8.05806
      vertex -53.6637 32.7697 8.05916
    endloop
  endfacet
  facet normal -0.0123358 0.00709824 0.999899
    outer loop
      vertex -47.4615 37.7942 8.1
      vertex -53.7701 32.895 8.05695
      vertex -53.7154 32.8337 8.05806
    endloop
  endfacet
  facet normal -0.0124363 0.00722779 0.999897
    outer loop
      vertex -47.4615 37.7942 8.1
      vertex -53.8277 32.9536 8.05581
      vertex -53.7701 32.895 8.05695
    endloop
  endfacet
  facet normal -0.0123234 0.00707929 0.999899
    outer loop
      vertex -47.4615 37.7942 8.1
      vertex -53.8882 33.0093 8.05467
      vertex -53.8277 32.9536 8.05581
    endloop
  endfacet
  facet normal -0.0123921 0.00717152 0.999897
    outer loop
      vertex -47.4615 37.7942 8.1
      vertex -53.9513 33.062 8.05351
      vertex -53.8882 33.0093 8.05467
    endloop
  endfacet
  facet normal -0.0123227 0.00707636 0.999899
    outer loop
      vertex -47.4615 37.7942 8.1
      vertex -54.017 33.1115 8.05235
      vertex -53.9513 33.062 8.05351
    endloop
  endfacet
  facet normal -0.0124452 0.00724782 0.999896
    outer loop
      vertex -47.4615 37.7942 8.1
      vertex -54.0849 33.1577 8.05117
      vertex -54.017 33.1115 8.05235
    endloop
  endfacet
  facet normal -0.0123334 0.00708807 0.999899
    outer loop
      vertex -47.4615 37.7942 8.1
      vertex -54.1551 33.2006 8.05
      vertex -54.0849 33.1577 8.05117
    endloop
  endfacet
  facet normal -0.012318 0.00713805 0.999899
    outer loop
      vertex -53.5237 41.2942 8
      vertex -54.2273 33.2399 8.04883
      vertex -54.1551 33.2006 8.05
    endloop
  endfacet
  facet normal -0.012484 0.00715254 0.999896
    outer loop
      vertex -53.5237 41.2942 8
      vertex -54.3013 33.2757 8.04765
      vertex -54.2273 33.2399 8.04883
    endloop
  endfacet
  facet normal -0.0122968 0.0071344 0.999899
    outer loop
      vertex -53.5237 41.2942 8
      vertex -54.377 33.3078 8.04649
      vertex -54.3013 33.2757 8.04765
    endloop
  endfacet
  facet normal -0.0124048 0.00714593 0.999898
    outer loop
      vertex -53.5237 41.2942 8
      vertex -54.4542 33.3361 8.04533
      vertex -54.377 33.3078 8.04649
    endloop
  endfacet
  facet normal -0.0122946 0.00713305 0.999899
    outer loop
      vertex -53.5237 41.2942 8
      vertex -54.5327 33.3606 8.04419
      vertex -54.4542 33.3361 8.04533
    endloop
  endfacet
  facet normal -0.0124684 0.00715515 0.999897
    outer loop
      vertex -53.5237 41.2942 8
      vertex -54.6123 33.3812 8.04305
      vertex -54.5327 33.3606 8.04419
    endloop
  endfacet
  facet normal -0.0123077 0.00713304 0.999899
    outer loop
      vertex -53.5237 41.2942 8
      vertex -54.6928 33.3979 8.04194
      vertex -54.6123 33.3812 8.04305
    endloop
  endfacet
  facet normal -0.0124184 0.00714943 0.999897
    outer loop
      vertex -53.5237 41.2942 8
      vertex -54.774 33.4107 8.04084
      vertex -54.6928 33.3979 8.04194
    endloop
  endfacet
  facet normal -0.0123354 0.00713628 0.999898
    outer loop
      vertex -53.5237 41.2942 8
      vertex -54.8557 33.4194 8.03977
      vertex -54.774 33.4107 8.04084
    endloop
  endfacet
  facet normal -0.012379 0.00714365 0.999898
    outer loop
      vertex -53.5237 41.2942 8
      vertex -54.9378 33.4241 8.03872
      vertex -54.8557 33.4194 8.03977
    endloop
  endfacet
  facet normal -0.0123467 0.00713784 0.999898
    outer loop
      vertex -53.5237 41.2942 8
      vertex -55.02 33.4248 8.0377
      vertex -54.9378 33.4241 8.03872
    endloop
  endfacet
  facet normal -0.0123377 0.00713614 0.999898
    outer loop
      vertex -53.5237 41.2942 8
      vertex -55.1022 33.4214 8.03671
      vertex -55.02 33.4248 8.0377
    endloop
  endfacet
  facet normal -0.0123811 0.00714483 0.999898
    outer loop
      vertex -53.5237 41.2942 8
      vertex -55.184 33.414 8.03575
      vertex -55.1022 33.4214 8.03671
    endloop
  endfacet
  facet normal -0.0124101 0.00715094 0.999897
    outer loop
      vertex -53.5237 41.2942 8
      vertex -55.2655 33.4026 8.03482
      vertex -55.184 33.414 8.03575
    endloop
  endfacet
  facet normal -0.0123912 0.00714677 0.999898
    outer loop
      vertex -53.5237 41.2942 8
      vertex -55.3462 33.3872 8.03393
      vertex -55.2655 33.4026 8.03482
    endloop
  endfacet
  facet normal -0.0123619 0.00714002 0.999898
    outer loop
      vertex -53.5237 41.2942 8
      vertex -55.4261 33.3679 8.03308
      vertex -55.3462 33.3872 8.03393
    endloop
  endfacet
  facet normal -0.0123648 0.00714071 0.999898
    outer loop
      vertex -53.5237 41.2942 8
      vertex -55.505 33.3447 8.03227
      vertex -55.4261 33.3679 8.03308
    endloop
  endfacet
  facet normal -0.0124202 0.00715452 0.999897
    outer loop
      vertex -53.5237 41.2942 8
      vertex -55.5826 33.3176 8.0315
      vertex -55.505 33.3447 8.03227
    endloop
  endfacet
  facet normal -0.0123303 0.00713133 0.999899
    outer loop
      vertex -53.5237 41.2942 8
      vertex -55.6588 33.2868 8.03078
      vertex -55.5826 33.3176 8.0315
    endloop
  endfacet
  facet normal -0.0124239 0.00715626 0.999897
    outer loop
      vertex -53.5237 41.2942 8
      vertex -55.7334 33.2523 8.0301
      vertex -55.6588 33.2868 8.03078
    endloop
  endfacet
  facet normal -0.0122253 0.0071017 0.9999
    outer loop
      vertex -53.5237 41.2942 8
      vertex -55.8063 33.2141 8.02948
      vertex -55.7334 33.2523 8.0301
    endloop
  endfacet
  facet normal -0.0124037 0.0071521 0.999897
    outer loop
      vertex -53.5237 41.2942 8
      vertex -55.8771 33.1724 8.0289
      vertex -55.8063 33.2141 8.02948
    endloop
  endfacet
  facet normal -0.0123881 0.00714758 0.999898
    outer loop
      vertex -53.5237 41.2942 8
      vertex -55.9459 33.1273 8.02837
      vertex -55.8771 33.1724 8.0289
    endloop
  endfacet
  facet normal -0.012452 0.00716651 0.999897
    outer loop
      vertex -53.5237 41.2942 8
      vertex -56.0123 33.0789 8.02789
      vertex -55.9459 33.1273 8.02837
    endloop
  endfacet
  facet normal -0.0123183 0.00712605 0.999899
    outer loop
      vertex -53.5237 41.2942 8
      vertex -56.0763 33.0272 8.02747
      vertex -56.0123 33.0789 8.02789
    endloop
  endfacet
  facet normal -0.0124229 0.00715831 0.999897
    outer loop
      vertex -53.5237 41.2942 8
      vertex -56.1376 32.9725 8.0271
      vertex -56.0763 33.0272 8.02747
    endloop
  endfacet
  facet normal -0.0122824 0.00711418 0.999899
    outer loop
      vertex -53.5237 41.2942 8
      vertex -56.1962 32.9149 8.02679
      vertex -56.1376 32.9725 8.0271
    endloop
  endfacet
  facet normal -0.0124541 0.00716897 0.999897
    outer loop
      vertex -53.5237 41.2942 8
      vertex -56.2519 32.8544 8.02653
      vertex -56.1962 32.9149 8.02679
    endloop
  endfacet
  facet normal -0.0123306 0.00712903 0.999899
    outer loop
      vertex -53.5237 41.2942 8
      vertex -56.3046 32.7913 8.02633
      vertex -56.2519 32.8544 8.02653
    endloop
  endfacet
  facet normal -0.0122338 0.0070974 0.9999
    outer loop
      vertex -53.5237 41.2942 8
      vertex -56.3541 32.7257 8.02619
      vertex -56.3046 32.7913 8.02633
    endloop
  endfacet
  facet normal -0.0124933 0.00718311 0.999896
    outer loop
      vertex -53.5237 41.2942 8
      vertex -56.4004 32.6577 8.0261
      vertex -56.3541 32.7257 8.02619
    endloop
  endfacet
  facet normal -0.0124694 0.00717515 0.999897
    outer loop
      vertex -53.5237 41.2942 8
      vertex -56.4432 32.5875 8.02607
      vertex -56.4004 32.6577 8.0261
    endloop
  endfacet
  facet normal -0.0123698 0.00714174 0.999898
    outer loop
      vertex -62.5237 25.7058 8
      vertex -56.4432 32.5875 8.02607
      vertex -53.5237 41.2942 8
    endloop
  endfacet
  facet normal -0.0124409 0.00720454 0.999897
    outer loop
      vertex -56.4432 32.5875 8.02607
      vertex -62.5237 25.7058 8
      vertex -56.4826 32.5153 8.0261
    endloop
  endfacet
  facet normal -0.0124741 0.00723399 0.999896
    outer loop
      vertex -56.4826 32.5153 8.0261
      vertex -62.5237 25.7058 8
      vertex -56.5183 32.4413 8.02619
    endloop
  endfacet
  facet normal -0.0122704 0.0070524 0.9999
    outer loop
      vertex -56.5183 32.4413 8.02619
      vertex -62.5237 25.7058 8
      vertex -56.5504 32.3656 8.02633
    endloop
  endfacet
  facet normal -0.0123904 0.00716075 0.999898
    outer loop
      vertex -56.6667 31.8048 8.0289
      vertex -62.5237 25.7058 8
      vertex -56.6674 31.7226 8.02948
    endloop
  endfacet
  facet normal -0.0123942 0.00716441 0.999898
    outer loop
      vertex -56.662 31.8869 8.02837
      vertex -62.5237 25.7058 8
      vertex -56.6667 31.8048 8.0289
    endloop
  endfacet
  facet normal -0.0124298 0.00719816 0.999897
    outer loop
      vertex -56.6533 31.9686 8.02789
      vertex -62.5237 25.7058 8
      vertex -56.662 31.8869 8.02837
    endloop
  endfacet
  facet normal -0.0123133 0.00708902 0.999899
    outer loop
      vertex -56.6406 32.0499 8.02747
      vertex -62.5237 25.7058 8
      vertex -56.6533 31.9686 8.02789
    endloop
  endfacet
  facet normal -0.0123984 0.00716789 0.999897
    outer loop
      vertex -56.6239 32.1304 8.0271
      vertex -62.5237 25.7058 8
      vertex -56.6406 32.0499 8.02747
    endloop
  endfacet
  facet normal -0.0123366 0.00711115 0.999899
    outer loop
      vertex -56.6032 32.2099 8.02679
      vertex -62.5237 25.7058 8
      vertex -56.6239 32.1304 8.0271
    endloop
  endfacet
  facet normal -0.0124217 0.00718859 0.999897
    outer loop
      vertex -56.5787 32.2884 8.02653
      vertex -62.5237 25.7058 8
      vertex -56.6032 32.2099 8.02679
    endloop
  endfacet
  facet normal -0.0123385 0.00711346 0.999899
    outer loop
      vertex -56.5504 32.3656 8.02633
      vertex -62.5237 25.7058 8
      vertex -56.5787 32.2884 8.02653
    endloop
  endfacet
  facet normal -0.0123904 0.00716075 0.999898
    outer loop
      vertex -53.3185 31.6952 8.0711
      vertex -47.4615 37.7942 8.1
      vertex -53.3178 31.7774 8.07052
    endloop
  endfacet
  facet normal -0.0123942 0.00716441 0.999898
    outer loop
      vertex -53.3232 31.6131 8.07163
      vertex -47.4615 37.7942 8.1
      vertex -53.3185 31.6952 8.0711
    endloop
  endfacet
  facet normal -0.0124298 0.00719816 0.999897
    outer loop
      vertex -53.3319 31.5314 8.07211
      vertex -47.4615 37.7942 8.1
      vertex -53.3232 31.6131 8.07163
    endloop
  endfacet
  facet normal -0.0123328 0.00710722 0.999899
    outer loop
      vertex -53.3447 31.4501 8.07253
      vertex -47.4615 37.7942 8.1
      vertex -53.3319 31.5314 8.07211
    endloop
  endfacet
  facet normal -0.0123981 0.00716784 0.999897
    outer loop
      vertex -53.3614 31.3696 8.0729
      vertex -47.4615 37.7942 8.1
      vertex -53.3447 31.4501 8.07253
    endloop
  endfacet
  facet normal -0.0123128 0.00708946 0.999899
    outer loop
      vertex -53.382 31.2901 8.07321
      vertex -47.4615 37.7942 8.1
      vertex -53.3614 31.3696 8.0729
    endloop
  endfacet
  facet normal -0.0124217 0.00718859 0.999897
    outer loop
      vertex -53.4065 31.2116 8.07347
      vertex -47.4615 37.7942 8.1
      vertex -53.382 31.2901 8.07321
    endloop
  endfacet
  facet normal -0.0123385 0.00711346 0.999899
    outer loop
      vertex -53.4348 31.1344 8.07367
      vertex -47.4615 37.7942 8.1
      vertex -53.4065 31.2116 8.07347
    endloop
  endfacet
  facet normal -0.0122704 0.0070524 0.9999
    outer loop
      vertex -53.4669 31.0587 8.07381
      vertex -47.4615 37.7942 8.1
      vertex -53.4348 31.1344 8.07367
    endloop
  endfacet
  facet normal -0.0125154 0.00727083 0.999895
    outer loop
      vertex -53.5027 30.9847 8.0739
      vertex -47.4615 37.7942 8.1
      vertex -53.4669 31.0587 8.07381
    endloop
  endfacet
  facet normal -0.0123901 0.00715967 0.999898
    outer loop
      vertex -53.542 30.9125 8.07393
      vertex -47.4615 37.7942 8.1
      vertex -53.5027 30.9847 8.0739
    endloop
  endfacet
  facet normal -0.012405 0.00715356 0.999897
    outer loop
      vertex -56.4615 22.2058 8.1
      vertex -53.542 30.9125 8.07393
      vertex -53.5849 30.8423 8.0739
    endloop
  endfacet
  facet normal -0.012546 0.00720049 0.999895
    outer loop
      vertex -56.4615 22.2058 8.1
      vertex -53.5849 30.8423 8.0739
      vertex -53.6311 30.7743 8.07381
    endloop
  endfacet
  facet normal -0.0122338 0.0070974 0.9999
    outer loop
      vertex -56.4615 22.2058 8.1
      vertex -53.6311 30.7743 8.07381
      vertex -53.6806 30.7087 8.07367
    endloop
  endfacet
  facet normal -0.0123306 0.00712903 0.999899
    outer loop
      vertex -56.4615 22.2058 8.1
      vertex -53.6806 30.7087 8.07367
      vertex -53.7333 30.6456 8.07347
    endloop
  endfacet
  facet normal -0.0123698 0.00714174 0.999898
    outer loop
      vertex -53.542 30.9125 8.07393
      vertex -56.4615 22.2058 8.1
      vertex -47.4615 37.7942 8.1
    endloop
  endfacet
  facet normal -0.0124541 0.00716897 0.999897
    outer loop
      vertex -53.789 30.5851 8.07321
      vertex -56.4615 22.2058 8.1
      vertex -53.7333 30.6456 8.07347
    endloop
  endfacet
  facet normal -0.0122824 0.00711418 0.999899
    outer loop
      vertex -53.8476 30.5275 8.0729
      vertex -56.4615 22.2058 8.1
      vertex -53.789 30.5851 8.07321
    endloop
  endfacet
  facet normal -0.0123948 0.00714949 0.999898
    outer loop
      vertex -53.909 30.4728 8.07253
      vertex -56.4615 22.2058 8.1
      vertex -53.8476 30.5275 8.0729
    endloop
  endfacet
  facet normal -0.0123439 0.00713378 0.999898
    outer loop
      vertex -53.9729 30.4211 8.07211
      vertex -56.4615 22.2058 8.1
      vertex -53.909 30.4728 8.07253
    endloop
  endfacet
  facet normal -0.0124279 0.00715924 0.999897
    outer loop
      vertex -54.0394 30.3727 8.07163
      vertex -56.4615 22.2058 8.1
      vertex -53.9729 30.4211 8.07211
    endloop
  endfacet
  facet normal -0.0124104 0.00715403 0.999897
    outer loop
      vertex -54.1081 30.3276 8.0711
      vertex -56.4615 22.2058 8.1
      vertex -54.0394 30.3727 8.07163
    endloop
  endfacet
  facet normal -0.0123826 0.00714599 0.999898
    outer loop
      vertex -54.179 30.2859 8.07052
      vertex -56.4615 22.2058 8.1
      vertex -54.1081 30.3276 8.0711
    endloop
  endfacet
  facet normal -0.0122449 0.00710709 0.9999
    outer loop
      vertex -54.2518 30.2477 8.0699
      vertex -56.4615 22.2058 8.1
      vertex -54.179 30.2859 8.07052
    endloop
  endfacet
  facet normal -0.0124239 0.00715626 0.999897
    outer loop
      vertex -54.3264 30.2132 8.06922
      vertex -56.4615 22.2058 8.1
      vertex -54.2518 30.2477 8.0699
    endloop
  endfacet
  facet normal -0.0123303 0.00713133 0.999899
    outer loop
      vertex -54.4026 30.1824 8.0685
      vertex -56.4615 22.2058 8.1
      vertex -54.3264 30.2132 8.06922
    endloop
  endfacet
  facet normal -0.0124202 0.00715452 0.999897
    outer loop
      vertex -54.4802 30.1553 8.06773
      vertex -56.4615 22.2058 8.1
      vertex -54.4026 30.1824 8.0685
    endloop
  endfacet
  facet normal -0.0123648 0.00714071 0.999898
    outer loop
      vertex -54.5591 30.1321 8.06692
      vertex -56.4615 22.2058 8.1
      vertex -54.4802 30.1553 8.06773
    endloop
  endfacet
  facet normal -0.0123619 0.00714002 0.999898
    outer loop
      vertex -54.639 30.1128 8.06607
      vertex -56.4615 22.2058 8.1
      vertex -54.5591 30.1321 8.06692
    endloop
  endfacet
  facet normal -0.0123752 0.00714307 0.999898
    outer loop
      vertex -54.7198 30.0974 8.06518
      vertex -56.4615 22.2058 8.1
      vertex -54.639 30.1128 8.06607
    endloop
  endfacet
  facet normal -0.0124258 0.00715425 0.999897
    outer loop
      vertex -54.8012 30.086 8.06425
      vertex -56.4615 22.2058 8.1
      vertex -54.7198 30.0974 8.06518
    endloop
  endfacet
  facet normal -0.0123657 0.00714158 0.999898
    outer loop
      vertex -54.8831 30.0786 8.06329
      vertex -56.4615 22.2058 8.1
      vertex -54.8012 30.086 8.06425
    endloop
  endfacet
  facet normal -0.0123529 0.00713902 0.999898
    outer loop
      vertex -54.9652 30.0752 8.0623
      vertex -56.4615 22.2058 8.1
      vertex -54.8831 30.0786 8.06329
    endloop
  endfacet
  facet normal -0.0123467 0.00713784 0.999898
    outer loop
      vertex -55.0474 30.0759 8.06128
      vertex -56.4615 22.2058 8.1
      vertex -54.9652 30.0752 8.0623
    endloop
  endfacet
  facet normal -0.012379 0.00714365 0.999898
    outer loop
      vertex -55.1295 30.0806 8.06023
      vertex -56.4615 22.2058 8.1
      vertex -55.0474 30.0759 8.06128
    endloop
  endfacet
  facet normal -0.0123354 0.00713628 0.999898
    outer loop
      vertex -55.2112 30.0893 8.05916
      vertex -56.4615 22.2058 8.1
      vertex -55.1295 30.0806 8.06023
    endloop
  endfacet
  facet normal -0.0124035 0.00714707 0.999898
    outer loop
      vertex -55.2925 30.1021 8.05806
      vertex -56.4615 22.2058 8.1
      vertex -55.2112 30.0893 8.05916
    endloop
  endfacet
  facet normal -0.0123077 0.00713289 0.999899
    outer loop
      vertex -55.373 30.1188 8.05695
      vertex -56.4615 22.2058 8.1
      vertex -55.2925 30.1021 8.05806
    endloop
  endfacet
  facet normal -0.0124836 0.00715708 0.999896
    outer loop
      vertex -55.4525 30.1394 8.05581
      vertex -56.4615 22.2058 8.1
      vertex -55.373 30.1188 8.05695
    endloop
  endfacet
  facet normal -0.0122946 0.00713305 0.999899
    outer loop
      vertex -55.531 30.1639 8.05467
      vertex -56.4615 22.2058 8.1
      vertex -55.4525 30.1394 8.05581
    endloop
  endfacet
  facet normal -0.0124048 0.00714593 0.999898
    outer loop
      vertex -55.6082 30.1922 8.05351
      vertex -56.4615 22.2058 8.1
      vertex -55.531 30.1639 8.05467
    endloop
  endfacet
  facet normal -0.0122968 0.0071344 0.999899
    outer loop
      vertex -55.6839 30.2243 8.05235
      vertex -56.4615 22.2058 8.1
      vertex -55.6082 30.1922 8.05351
    endloop
  endfacet
  facet normal -0.012484 0.00715254 0.999896
    outer loop
      vertex -55.7579 30.2601 8.05117
      vertex -56.4615 22.2058 8.1
      vertex -55.6839 30.2243 8.05235
    endloop
  endfacet
  facet normal -0.012318 0.00713805 0.999899
    outer loop
      vertex -55.8301 30.2994 8.05
      vertex -56.4615 22.2058 8.1
      vertex -55.7579 30.2601 8.05117
    endloop
  endfacet
  facet normal -0.0123387 0.00709586 0.999899
    outer loop
      vertex -62.5237 25.7058 8
      vertex -55.8301 30.2994 8.05
      vertex -55.9003 30.3422 8.04883
    endloop
  endfacet
  facet normal -0.0124305 0.00722693 0.999897
    outer loop
      vertex -62.5237 25.7058 8
      vertex -55.9003 30.3422 8.04883
      vertex -55.9683 30.3885 8.04765
    endloop
  endfacet
  facet normal -0.012332 0.00708902 0.999899
    outer loop
      vertex -62.5237 25.7058 8
      vertex -55.9683 30.3885 8.04765
      vertex -56.0339 30.438 8.04649
    endloop
  endfacet
  facet normal -0.0123921 0.00717152 0.999897
    outer loop
      vertex -62.5237 25.7058 8
      vertex -56.0339 30.438 8.04649
      vertex -56.097 30.4907 8.04533
    endloop
  endfacet
  facet normal -0.0123234 0.00707929 0.999899
    outer loop
      vertex -62.5237 25.7058 8
      vertex -56.097 30.4907 8.04533
      vertex -56.1575 30.5464 8.04419
    endloop
  endfacet
  facet normal -0.0124363 0.00722779 0.999897
    outer loop
      vertex -62.5237 25.7058 8
      vertex -56.1575 30.5464 8.04419
      vertex -56.2151 30.605 8.04305
    endloop
  endfacet
  facet normal -0.0123358 0.00709824 0.999899
    outer loop
      vertex -62.5237 25.7058 8
      vertex -56.2151 30.605 8.04305
      vertex -56.2698 30.6663 8.04194
    endloop
  endfacet
  facet normal -0.012395 0.00717292 0.999897
    outer loop
      vertex -62.5237 25.7058 8
      vertex -56.2698 30.6663 8.04194
      vertex -56.3215 30.7303 8.04084
    endloop
  endfacet
  facet normal -0.0123412 0.00710646 0.999899
    outer loop
      vertex -62.5237 25.7058 8
      vertex -56.3215 30.7303 8.04084
      vertex -56.3699 30.7968 8.03977
    endloop
  endfacet
  facet normal -0.0123809 0.00715451 0.999898
    outer loop
      vertex -62.5237 25.7058 8
      vertex -56.3699 30.7968 8.03977
      vertex -56.415 30.8655 8.03872
    endloop
  endfacet
  facet normal -0.0123576 0.00712691 0.999898
    outer loop
      vertex -62.5237 25.7058 8
      vertex -56.415 30.8655 8.03872
      vertex -56.4567 30.9363 8.0377
    endloop
  endfacet
  facet normal -0.0123436 0.00711073 0.999899
    outer loop
      vertex -62.5237 25.7058 8
      vertex -56.4567 30.9363 8.0377
      vertex -56.4949 31.0092 8.03671
    endloop
  endfacet
  facet normal -0.0123737 0.0071449 0.999898
    outer loop
      vertex -62.5237 25.7058 8
      vertex -56.4949 31.0092 8.03671
      vertex -56.5294 31.0838 8.03575
    endloop
  endfacet
  facet normal -0.0124006 0.00717489 0.999897
    outer loop
      vertex -62.5237 25.7058 8
      vertex -56.5294 31.0838 8.03575
      vertex -56.5603 31.16 8.03482
    endloop
  endfacet
  facet normal -0.0123856 0.00715848 0.999898
    outer loop
      vertex -62.5237 25.7058 8
      vertex -56.5603 31.16 8.03482
      vertex -56.5873 31.2376 8.03393
    endloop
  endfacet
  facet normal -0.0123649 0.00713623 0.999898
    outer loop
      vertex -62.5237 25.7058 8
      vertex -56.5873 31.2376 8.03393
      vertex -56.6105 31.3165 8.03308
    endloop
  endfacet
  facet normal -0.0123635 0.00713475 0.999898
    outer loop
      vertex -62.5237 25.7058 8
      vertex -56.6105 31.3165 8.03308
      vertex -56.6299 31.3964 8.03227
    endloop
  endfacet
  facet normal -0.0124139 0.00718697 0.999897
    outer loop
      vertex -62.5237 25.7058 8
      vertex -56.6299 31.3964 8.03227
      vertex -56.6452 31.4771 8.0315
    endloop
  endfacet
  facet normal -0.0123362 0.0071079 0.999899
    outer loop
      vertex -62.5237 25.7058 8
      vertex -56.6452 31.4771 8.0315
      vertex -56.6566 31.5586 8.03078
    endloop
  endfacet
  facet normal -0.012417 0.00718881 0.999897
    outer loop
      vertex -62.5237 25.7058 8
      vertex -56.6566 31.5586 8.03078
      vertex -56.664 31.6404 8.0301
    endloop
  endfacet
  facet normal -0.0122609 0.00703468 0.9999
    outer loop
      vertex -62.5237 25.7058 8
      vertex -56.664 31.6404 8.0301
      vertex -56.6674 31.7226 8.02948
    endloop
  endfacet
  facet normal -0.0123705 0.00714214 0.999898
    outer loop
      vertex -55.8301 30.2994 8.05
      vertex -62.5237 25.7058 8
      vertex -56.4615 22.2058 8.1
    endloop
  endfacet
  facet normal -0.866025 0.500001 0
    outer loop
      vertex -62.5237 25.7058 0
      vertex -53.5237 41.2942 8
      vertex -53.5237 41.2942 0
    endloop
  endfacet
  facet normal -0.866025 0.500001 0
    outer loop
      vertex -53.5237 41.2942 8
      vertex -62.5237 25.7058 0
      vertex -62.5237 25.7058 8
    endloop
  endfacet
  facet normal -1 0 0
    outer loop
      vertex -9 -59.3166 0
      vertex -9 -60 8.1
      vertex -9 -59.3166 8.1
    endloop
  endfacet
  facet normal -1 0 0
    outer loop
      vertex -9 -67 0
      vertex -9 -60 8.1
      vertex -9 -59.3166 0
    endloop
  endfacet
  facet normal -1 0 0
    outer loop
      vertex -9 -60 8.1
      vertex -9 -67 0
      vertex -9 -67 8
    endloop
  endfacet
  facet normal 1.21241e-16 -0.0142843 0.999898
    outer loop
      vertex 9 -60 8.1
      vertex 1.675 -63.5 8.05
      vertex 9 -67 8
    endloop
  endfacet
  facet normal -2.46206e-05 -0.0142327 0.999899
    outer loop
      vertex 9 -60 8.1
      vertex 1.67298 -63.4178 8.05117
      vertex 1.675 -63.5 8.05
    endloop
  endfacet
  facet normal 4.65669e-05 -0.0143853 0.999897
    outer loop
      vertex 9 -60 8.1
      vertex 1.66693 -63.3358 8.05235
      vertex 1.67298 -63.4178 8.05117
    endloop
  endfacet
  facet normal -2.96076e-05 -0.0142179 0.999899
    outer loop
      vertex 9 -60 8.1
      vertex 1.65687 -63.2542 8.05351
      vertex 1.66693 -63.3358 8.05235
    endloop
  endfacet
  facet normal 1.43331e-05 -0.014317 0.999898
    outer loop
      vertex 9 -60 8.1
      vertex 1.64281 -63.1732 8.05467
      vertex 1.65687 -63.2542 8.05351
    endloop
  endfacet
  facet normal -2.78373e-05 -0.0142193 0.999899
    outer loop
      vertex 9 -60 8.1
      vertex 1.6248 -63.093 8.05581
      vertex 1.64281 -63.1732 8.05467
    endloop
  endfacet
  facet normal 4.01403e-05 -0.0143813 0.999897
    outer loop
      vertex 9 -60 8.1
      vertex 1.60287 -63.0138 8.05695
      vertex 1.6248 -63.093 8.05581
    endloop
  endfacet
  facet normal -2.57629e-05 -0.0142196 0.999899
    outer loop
      vertex 9 -60 8.1
      vertex 1.57709 -62.9357 8.05806
      vertex 1.60287 -63.0138 8.05695
    endloop
  endfacet
  facet normal 1.90043e-05 -0.0143328 0.999897
    outer loop
      vertex 9 -60 8.1
      vertex 1.5475 -62.859 8.05916
      vertex 1.57709 -62.9357 8.05806
    endloop
  endfacet
  facet normal -1.83574e-05 -0.0142354 0.999899
    outer loop
      vertex 9 -60 8.1
      vertex 1.51418 -62.7838 8.06023
      vertex 1.5475 -62.859 8.05916
    endloop
  endfacet
  facet normal 5.93487e-06 -0.0143007 0.999898
    outer loop
      vertex 9 -60 8.1
      vertex 1.47722 -62.7104 8.06128
      vertex 1.51418 -62.7838 8.06023
    endloop
  endfacet
  facet normal -5.97743e-06 -0.0142677 0.999898
    outer loop
      vertex 9 -60 8.1
      vertex 1.4367 -62.6389 8.0623
      vertex 1.47722 -62.7104 8.06128
    endloop
  endfacet
  facet normal -1.19025e-05 -0.0142507 0.999898
    outer loop
      vertex 9 -60 8.1
      vertex 1.39271 -62.5694 8.06329
      vertex 1.4367 -62.6389 8.0623
    endloop
  endfacet
  facet normal -4.55041e-07 -0.0142846 0.999898
    outer loop
      vertex 9 -60 8.1
      vertex 1.34537 -62.5022 8.06425
      vertex 1.39271 -62.5694 8.06329
    endloop
  endfacet
  facet normal 1.67768e-05 -0.0143373 0.999897
    outer loop
      vertex 9 -60 8.1
      vertex 1.29479 -62.4374 8.06518
      vertex 1.34537 -62.5022 8.06425
    endloop
  endfacet
  facet normal 6.13272e-16 -0.0142843 0.999898
    outer loop
      vertex 9 -60 8.1
      vertex 1.24109 -62.3751 8.06607
      vertex 1.29479 -62.4374 8.06518
    endloop
  endfacet
  facet normal -7.67937e-16 -0.0142843 0.999898
    outer loop
      vertex 9 -60 8.1
      vertex 1.1844 -62.3156 8.06692
      vertex 1.24109 -62.3751 8.06607
    endloop
  endfacet
  facet normal 0 -0.0142843 0.999898
    outer loop
      vertex 0 -60 8.1
      vertex 1.1844 -62.3156 8.06692
      vertex 9 -60 8.1
    endloop
  endfacet
  facet normal -1.82401e-14 -0.0142843 0.999898
    outer loop
      vertex 1.1844 -62.3156 8.06692
      vertex 0 -60 8.1
      vertex 1.12486 -62.2589 8.06773
    endloop
  endfacet
  facet normal 8.04541e-05 -0.0142442 0.999899
    outer loop
      vertex 1.12486 -62.2589 8.06773
      vertex 0 -60 8.1
      vertex 1.06261 -62.2052 8.0685
    endloop
  endfacet
  facet normal -6.90375e-05 -0.0143162 0.999898
    outer loop
      vertex 1.06261 -62.2052 8.0685
      vertex 0 -60 8.1
      vertex 0.997796 -62.1546 8.06922
    endloop
  endfacet
  facet normal 9.45741e-05 -0.0142405 0.999899
    outer loop
      vertex 0.997796 -62.1546 8.06922
      vertex 0 -60 8.1
      vertex 0.93058 -62.1073 8.0699
    endloop
  endfacet
  facet normal -0.000169524 -0.0143571 0.999897
    outer loop
      vertex 0.93058 -62.1073 8.0699
      vertex 0 -60 8.1
      vertex 0.861121 -62.0633 8.07052
    endloop
  endfacet
  facet normal 2.46079e-05 -0.0142761 0.999898
    outer loop
      vertex 0.861121 -62.0633 8.07052
      vertex 0 -60 8.1
      vertex 0.789589 -62.0228 8.0711
    endloop
  endfacet
  facet normal 2.3328e-05 -0.0142766 0.999898
    outer loop
      vertex 0.789589 -62.0228 8.0711
      vertex 0 -60 8.1
      vertex 0.716154 -61.9858 8.07163
    endloop
  endfacet
  facet normal 6.74786e-05 -0.0142606 0.999898
    outer loop
      vertex 0.716154 -61.9858 8.07163
      vertex 0 -60 8.1
      vertex 0.640994 -61.9525 8.07211
    endloop
  endfacet
  facet normal -4.20016e-05 -0.0142966 0.999898
    outer loop
      vertex 0.640994 -61.9525 8.07211
      vertex 0 -60 8.1
      vertex 0.56429 -61.9229 8.07253
    endloop
  endfacet
  facet normal 2.02634e-05 -0.0142783 0.999898
    outer loop
      vertex 0.56429 -61.9229 8.07253
      vertex 0 -60 8.1
      vertex 0.486226 -61.8971 8.0729
    endloop
  endfacet
  facet normal -3.85803e-05 -0.0142934 0.999898
    outer loop
      vertex 0.486226 -61.8971 8.0729
      vertex 0 -60 8.1
      vertex 0.406991 -61.8752 8.07321
    endloop
  endfacet
  facet normal 3.72586e-05 -0.0142769 0.999898
    outer loop
      vertex 0.406991 -61.8752 8.07321
      vertex 0 -60 8.1
      vertex 0.326776 -61.8572 8.07347
    endloop
  endfacet
  facet normal -1.80533e-05 -0.0142867 0.999898
    outer loop
      vertex 0.326776 -61.8572 8.07347
      vertex 0 -60 8.1
      vertex 0.245773 -61.8431 8.07367
    endloop
  endfacet
  facet normal -3.55943e-05 -0.014289 0.999898
    outer loop
      vertex 0.245773 -61.8431 8.07367
      vertex 0 -60 8.1
      vertex 0.164178 -61.8331 8.07381
    endloop
  endfacet
  facet normal 3.49608e-05 -0.0142827 0.999898
    outer loop
      vertex 0.164178 -61.8331 8.07381
      vertex 0 -60 8.1
      vertex 0.0821877 -61.827 8.0739
    endloop
  endfacet
  facet normal 1.73991e-05 -0.0142835 0.999898
    outer loop
      vertex 0 -60 8.1
      vertex 0 -61.825 8.07393
      vertex 0.0821877 -61.827 8.0739
    endloop
  endfacet
  facet normal -1.73991e-05 -0.0142835 0.999898
    outer loop
      vertex 0 -60 8.1
      vertex -0.0821877 -61.827 8.0739
      vertex 0 -61.825 8.07393
    endloop
  endfacet
  facet normal -3.49608e-05 -0.0142827 0.999898
    outer loop
      vertex 0 -60 8.1
      vertex -0.164178 -61.8331 8.07381
      vertex -0.0821877 -61.827 8.0739
    endloop
  endfacet
  facet normal 3.55943e-05 -0.014289 0.999898
    outer loop
      vertex 0 -60 8.1
      vertex -0.245773 -61.8431 8.07367
      vertex -0.164178 -61.8331 8.07381
    endloop
  endfacet
  facet normal 1.80533e-05 -0.0142867 0.999898
    outer loop
      vertex 0 -60 8.1
      vertex -0.326776 -61.8572 8.07347
      vertex -0.245773 -61.8431 8.07367
    endloop
  endfacet
  facet normal -3.72586e-05 -0.0142769 0.999898
    outer loop
      vertex 0 -60 8.1
      vertex -0.406991 -61.8752 8.07321
      vertex -0.326776 -61.8572 8.07347
    endloop
  endfacet
  facet normal 3.85803e-05 -0.0142934 0.999898
    outer loop
      vertex 0 -60 8.1
      vertex -0.486226 -61.8971 8.0729
      vertex -0.406991 -61.8752 8.07321
    endloop
  endfacet
  facet normal -2.02634e-05 -0.0142783 0.999898
    outer loop
      vertex 0 -60 8.1
      vertex -0.56429 -61.9229 8.07253
      vertex -0.486226 -61.8971 8.0729
    endloop
  endfacet
  facet normal 4.20016e-05 -0.0142966 0.999898
    outer loop
      vertex 0 -60 8.1
      vertex -0.640994 -61.9525 8.07211
      vertex -0.56429 -61.9229 8.07253
    endloop
  endfacet
  facet normal -6.74786e-05 -0.0142606 0.999898
    outer loop
      vertex 0 -60 8.1
      vertex -0.716154 -61.9858 8.07163
      vertex -0.640994 -61.9525 8.07211
    endloop
  endfacet
  facet normal -2.3328e-05 -0.0142766 0.999898
    outer loop
      vertex 0 -60 8.1
      vertex -0.789589 -62.0228 8.0711
      vertex -0.716154 -61.9858 8.07163
    endloop
  endfacet
  facet normal -2.46079e-05 -0.0142761 0.999898
    outer loop
      vertex 0 -60 8.1
      vertex -0.861121 -62.0633 8.07052
      vertex -0.789589 -62.0228 8.0711
    endloop
  endfacet
  facet normal 0.000169524 -0.0143571 0.999897
    outer loop
      vertex 0 -60 8.1
      vertex -0.93058 -62.1073 8.0699
      vertex -0.861121 -62.0633 8.07052
    endloop
  endfacet
  facet normal -9.45741e-05 -0.0142405 0.999899
    outer loop
      vertex 0 -60 8.1
      vertex -0.997796 -62.1546 8.06922
      vertex -0.93058 -62.1073 8.0699
    endloop
  endfacet
  facet normal 6.90375e-05 -0.0143162 0.999898
    outer loop
      vertex 0 -60 8.1
      vertex -1.06261 -62.2052 8.0685
      vertex -0.997796 -62.1546 8.06922
    endloop
  endfacet
  facet normal -8.04541e-05 -0.0142442 0.999899
    outer loop
      vertex 0 -60 8.1
      vertex -1.12486 -62.2589 8.06773
      vertex -1.06261 -62.2052 8.0685
    endloop
  endfacet
  facet normal 1.82493e-14 -0.0142843 0.999898
    outer loop
      vertex 0 -60 8.1
      vertex -1.1844 -62.3156 8.06692
      vertex -1.12486 -62.2589 8.06773
    endloop
  endfacet
  facet normal 7.53164e-15 -0.0142843 0.999898
    outer loop
      vertex 0 -60 8.1
      vertex -1.24109 -62.3751 8.06607
      vertex -1.1844 -62.3156 8.06692
    endloop
  endfacet
  facet normal 0 -0.0142843 0.999898
    outer loop
      vertex -9 -60 8.1
      vertex -1.24109 -62.3751 8.06607
      vertex 0 -60 8.1
    endloop
  endfacet
  facet normal -6.17531e-16 -0.0142843 0.999898
    outer loop
      vertex -1.24109 -62.3751 8.06607
      vertex -9 -60 8.1
      vertex -1.29479 -62.4374 8.06518
    endloop
  endfacet
  facet normal -1.67768e-05 -0.0143373 0.999897
    outer loop
      vertex -1.29479 -62.4374 8.06518
      vertex -9 -60 8.1
      vertex -1.34537 -62.5022 8.06425
    endloop
  endfacet
  facet normal 4.55041e-07 -0.0142846 0.999898
    outer loop
      vertex -1.34537 -62.5022 8.06425
      vertex -9 -60 8.1
      vertex -1.39271 -62.5694 8.06329
    endloop
  endfacet
  facet normal 1.19025e-05 -0.0142507 0.999898
    outer loop
      vertex -1.39271 -62.5694 8.06329
      vertex -9 -60 8.1
      vertex -1.4367 -62.6389 8.0623
    endloop
  endfacet
  facet normal 2.46206e-05 -0.0142327 0.999899
    outer loop
      vertex -1.67298 -63.4178 8.05117
      vertex -9 -60 8.1
      vertex -1.675 -63.5 8.05
    endloop
  endfacet
  facet normal -4.65669e-05 -0.0143853 0.999897
    outer loop
      vertex -1.66693 -63.3358 8.05235
      vertex -9 -60 8.1
      vertex -1.67298 -63.4178 8.05117
    endloop
  endfacet
  facet normal 2.96076e-05 -0.0142179 0.999899
    outer loop
      vertex -1.65687 -63.2542 8.05351
      vertex -9 -60 8.1
      vertex -1.66693 -63.3358 8.05235
    endloop
  endfacet
  facet normal -1.43331e-05 -0.014317 0.999898
    outer loop
      vertex -1.64281 -63.1732 8.05467
      vertex -9 -60 8.1
      vertex -1.65687 -63.2542 8.05351
    endloop
  endfacet
  facet normal 2.78373e-05 -0.0142193 0.999899
    outer loop
      vertex -1.6248 -63.093 8.05581
      vertex -9 -60 8.1
      vertex -1.64281 -63.1732 8.05467
    endloop
  endfacet
  facet normal -4.01403e-05 -0.0143813 0.999897
    outer loop
      vertex -1.60287 -63.0138 8.05695
      vertex -9 -60 8.1
      vertex -1.6248 -63.093 8.05581
    endloop
  endfacet
  facet normal 2.57629e-05 -0.0142196 0.999899
    outer loop
      vertex -1.57709 -62.9357 8.05806
      vertex -9 -60 8.1
      vertex -1.60287 -63.0138 8.05695
    endloop
  endfacet
  facet normal -1.90043e-05 -0.0143328 0.999897
    outer loop
      vertex -1.5475 -62.859 8.05916
      vertex -9 -60 8.1
      vertex -1.57709 -62.9357 8.05806
    endloop
  endfacet
  facet normal 1.83574e-05 -0.0142354 0.999899
    outer loop
      vertex -1.51418 -62.7838 8.06023
      vertex -9 -60 8.1
      vertex -1.5475 -62.859 8.05916
    endloop
  endfacet
  facet normal -5.93487e-06 -0.0143007 0.999898
    outer loop
      vertex -1.47722 -62.7104 8.06128
      vertex -9 -60 8.1
      vertex -1.51418 -62.7838 8.06023
    endloop
  endfacet
  facet normal 5.97743e-06 -0.0142677 0.999898
    outer loop
      vertex -1.4367 -62.6389 8.0623
      vertex -9 -60 8.1
      vertex -1.47722 -62.7104 8.06128
    endloop
  endfacet
  facet normal 2.46206e-05 -0.0142327 0.999899
    outer loop
      vertex 1.67298 -63.5822 8.04883
      vertex 9 -67 8
      vertex 1.675 -63.5 8.05
    endloop
  endfacet
  facet normal -4.65669e-05 -0.0143853 0.999897
    outer loop
      vertex 1.66693 -63.6642 8.04765
      vertex 9 -67 8
      vertex 1.67298 -63.5822 8.04883
    endloop
  endfacet
  facet normal 2.96076e-05 -0.0142179 0.999899
    outer loop
      vertex 1.65687 -63.7458 8.04649
      vertex 9 -67 8
      vertex 1.66693 -63.6642 8.04765
    endloop
  endfacet
  facet normal -1.43331e-05 -0.014317 0.999898
    outer loop
      vertex 1.64281 -63.8268 8.04533
      vertex 9 -67 8
      vertex 1.65687 -63.7458 8.04649
    endloop
  endfacet
  facet normal 2.78373e-05 -0.0142193 0.999899
    outer loop
      vertex 1.6248 -63.907 8.04419
      vertex 9 -67 8
      vertex 1.64281 -63.8268 8.04533
    endloop
  endfacet
  facet normal -4.01403e-05 -0.0143813 0.999897
    outer loop
      vertex 1.60287 -63.9862 8.04305
      vertex 9 -67 8
      vertex 1.6248 -63.907 8.04419
    endloop
  endfacet
  facet normal 2.57629e-05 -0.0142196 0.999899
    outer loop
      vertex 1.57709 -64.0643 8.04194
      vertex 9 -67 8
      vertex 1.60287 -63.9862 8.04305
    endloop
  endfacet
  facet normal -1.90043e-05 -0.0143328 0.999897
    outer loop
      vertex 1.5475 -64.141 8.04084
      vertex 9 -67 8
      vertex 1.57709 -64.0643 8.04194
    endloop
  endfacet
  facet normal 1.83574e-05 -0.0142354 0.999899
    outer loop
      vertex 1.51418 -64.2162 8.03977
      vertex 9 -67 8
      vertex 1.5475 -64.141 8.04084
    endloop
  endfacet
  facet normal -5.93487e-06 -0.0143007 0.999898
    outer loop
      vertex 1.47722 -64.2896 8.03872
      vertex 9 -67 8
      vertex 1.51418 -64.2162 8.03977
    endloop
  endfacet
  facet normal 5.97743e-06 -0.0142677 0.999898
    outer loop
      vertex 1.4367 -64.3611 8.0377
      vertex 9 -67 8
      vertex 1.47722 -64.2896 8.03872
    endloop
  endfacet
  facet normal 1.19025e-05 -0.0142507 0.999898
    outer loop
      vertex 1.39271 -64.4306 8.03671
      vertex 9 -67 8
      vertex 1.4367 -64.3611 8.0377
    endloop
  endfacet
  facet normal 4.55041e-07 -0.0142846 0.999898
    outer loop
      vertex 1.34537 -64.4978 8.03575
      vertex 9 -67 8
      vertex 1.39271 -64.4306 8.03671
    endloop
  endfacet
  facet normal -1.67768e-05 -0.0143373 0.999897
    outer loop
      vertex 1.29479 -64.5626 8.03482
      vertex 9 -67 8
      vertex 1.34537 -64.4978 8.03575
    endloop
  endfacet
  facet normal -6.17531e-16 -0.0142843 0.999898
    outer loop
      vertex 1.24109 -64.6249 8.03393
      vertex 9 -67 8
      vertex 1.29479 -64.5626 8.03482
    endloop
  endfacet
  facet normal 7.83208e-16 -0.0142843 0.999898
    outer loop
      vertex 1.1844 -64.6844 8.03308
      vertex 9 -67 8
      vertex 1.24109 -64.6249 8.03393
    endloop
  endfacet
  facet normal 2.21962e-15 -0.0142843 0.999898
    outer loop
      vertex 1.12486 -64.7411 8.03227
      vertex 9 -67 8
      vertex 1.1844 -64.6844 8.03308
    endloop
  endfacet
  facet normal -1.1452e-05 -0.0143242 0.999897
    outer loop
      vertex 1.06261 -64.7948 8.0315
      vertex 9 -67 8
      vertex 1.12486 -64.7411 8.03227
    endloop
  endfacet
  facet normal 1.13034e-05 -0.0142423 0.999899
    outer loop
      vertex 0.997796 -64.8454 8.03078
      vertex 9 -67 8
      vertex 1.06261 -64.7948 8.0315
    endloop
  endfacet
  facet normal -1.7643e-05 -0.0143498 0.999897
    outer loop
      vertex 0.93058 -64.8927 8.0301
      vertex 9 -67 8
      vertex 0.997796 -64.8454 8.03078
    endloop
  endfacet
  facet normal 3.56428e-05 -0.0141458 0.9999
    outer loop
      vertex 0.861121 -64.9367 8.02948
      vertex 9 -67 8
      vertex 0.93058 -64.8927 8.0301
    endloop
  endfacet
  facet normal -5.81228e-06 -0.0143093 0.999898
    outer loop
      vertex 0.789589 -64.9772 8.0289
      vertex 9 -67 8
      vertex 0.861121 -64.9367 8.02948
    endloop
  endfacet
  facet normal -6.15417e-06 -0.0143106 0.999898
    outer loop
      vertex 0.716154 -65.0142 8.02837
      vertex 9 -67 8
      vertex 0.789589 -64.9772 8.0289
    endloop
  endfacet
  facet normal -1.9906e-05 -0.014368 0.999897
    outer loop
      vertex 0.640994 -65.0475 8.02789
      vertex 9 -67 8
      vertex 0.716154 -65.0142 8.02837
    endloop
  endfacet
  facet normal 1.38307e-05 -0.0142236 0.999899
    outer loop
      vertex 0.56429 -65.0771 8.02747
      vertex 9 -67 8
      vertex 0.640994 -65.0475 8.02789
    endloop
  endfacet
  facet normal -7.46897e-06 -0.014317 0.999898
    outer loop
      vertex 0.486226 -65.1029 8.0271
      vertex 9 -67 8
      vertex 0.56429 -65.0771 8.02747
    endloop
  endfacet
  facet normal 1.60005e-05 -0.0142117 0.999899
    outer loop
      vertex 0.406991 -65.1248 8.02679
      vertex 9 -67 8
      vertex 0.486226 -65.1029 8.0271
    endloop
  endfacet
  facet normal -1.74748e-05 -0.0143651 0.999897
    outer loop
      vertex 0.326776 -65.1428 8.02653
      vertex 9 -67 8
      vertex 0.406991 -65.1248 8.02679
    endloop
  endfacet
  facet normal 9.65321e-06 -0.0142384 0.999899
    outer loop
      vertex 0.245773 -65.1569 8.02633
      vertex 9 -67 8
      vertex 0.326776 -65.1428 8.02653
    endloop
  endfacet
  facet normal 2.21303e-05 -0.0141792 0.999899
    outer loop
      vertex 0.164178 -65.1669 8.02619
      vertex 9 -67 8
      vertex 0.245773 -65.1569 8.02633
    endloop
  endfacet
  facet normal -2.55612e-05 -0.014409 0.999896
    outer loop
      vertex 0.0821877 -65.173 8.0261
      vertex 9 -67 8
      vertex 0.164178 -65.1669 8.02619
    endloop
  endfacet
  facet normal -1.55348e-05 -0.0143601 0.999897
    outer loop
      vertex 0 -65.175 8.02607
      vertex 9 -67 8
      vertex 0.0821877 -65.173 8.0261
    endloop
  endfacet
  facet normal 1.55348e-05 -0.0143601 0.999897
    outer loop
      vertex -9 -67 8
      vertex 0 -65.175 8.02607
      vertex -0.0821877 -65.173 8.0261
    endloop
  endfacet
  facet normal 2.55612e-05 -0.014409 0.999896
    outer loop
      vertex -9 -67 8
      vertex -0.0821877 -65.173 8.0261
      vertex -0.164178 -65.1669 8.02619
    endloop
  endfacet
  facet normal -2.21303e-05 -0.0141792 0.999899
    outer loop
      vertex -9 -67 8
      vertex -0.164178 -65.1669 8.02619
      vertex -0.245773 -65.1569 8.02633
    endloop
  endfacet
  facet normal -9.65321e-06 -0.0142384 0.999899
    outer loop
      vertex -9 -67 8
      vertex -0.245773 -65.1569 8.02633
      vertex -0.326776 -65.1428 8.02653
    endloop
  endfacet
  facet normal -1.21241e-16 -0.0142843 0.999898
    outer loop
      vertex -9 -67 8
      vertex -1.675 -63.5 8.05
      vertex -9 -60 8.1
    endloop
  endfacet
  facet normal -2.46206e-05 -0.0142327 0.999899
    outer loop
      vertex -1.675 -63.5 8.05
      vertex -9 -67 8
      vertex -1.67298 -63.5822 8.04883
    endloop
  endfacet
  facet normal 4.65669e-05 -0.0143853 0.999897
    outer loop
      vertex -1.67298 -63.5822 8.04883
      vertex -9 -67 8
      vertex -1.66693 -63.6642 8.04765
    endloop
  endfacet
  facet normal -2.96076e-05 -0.0142179 0.999899
    outer loop
      vertex -1.66693 -63.6642 8.04765
      vertex -9 -67 8
      vertex -1.65687 -63.7458 8.04649
    endloop
  endfacet
  facet normal 1.43331e-05 -0.014317 0.999898
    outer loop
      vertex -1.65687 -63.7458 8.04649
      vertex -9 -67 8
      vertex -1.64281 -63.8268 8.04533
    endloop
  endfacet
  facet normal -2.78373e-05 -0.0142193 0.999899
    outer loop
      vertex -1.64281 -63.8268 8.04533
      vertex -9 -67 8
      vertex -1.6248 -63.907 8.04419
    endloop
  endfacet
  facet normal 4.01403e-05 -0.0143813 0.999897
    outer loop
      vertex -1.6248 -63.907 8.04419
      vertex -9 -67 8
      vertex -1.60287 -63.9862 8.04305
    endloop
  endfacet
  facet normal -2.57629e-05 -0.0142196 0.999899
    outer loop
      vertex -1.60287 -63.9862 8.04305
      vertex -9 -67 8
      vertex -1.57709 -64.0643 8.04194
    endloop
  endfacet
  facet normal 1.90043e-05 -0.0143328 0.999897
    outer loop
      vertex -1.57709 -64.0643 8.04194
      vertex -9 -67 8
      vertex -1.5475 -64.141 8.04084
    endloop
  endfacet
  facet normal -1.83574e-05 -0.0142354 0.999899
    outer loop
      vertex -1.5475 -64.141 8.04084
      vertex -9 -67 8
      vertex -1.51418 -64.2162 8.03977
    endloop
  endfacet
  facet normal 5.93487e-06 -0.0143007 0.999898
    outer loop
      vertex -1.51418 -64.2162 8.03977
      vertex -9 -67 8
      vertex -1.47722 -64.2896 8.03872
    endloop
  endfacet
  facet normal -5.97743e-06 -0.0142677 0.999898
    outer loop
      vertex -1.47722 -64.2896 8.03872
      vertex -9 -67 8
      vertex -1.4367 -64.3611 8.0377
    endloop
  endfacet
  facet normal -1.19025e-05 -0.0142507 0.999898
    outer loop
      vertex -1.4367 -64.3611 8.0377
      vertex -9 -67 8
      vertex -1.39271 -64.4306 8.03671
    endloop
  endfacet
  facet normal -4.55041e-07 -0.0142846 0.999898
    outer loop
      vertex -1.39271 -64.4306 8.03671
      vertex -9 -67 8
      vertex -1.34537 -64.4978 8.03575
    endloop
  endfacet
  facet normal 1.67768e-05 -0.0143373 0.999897
    outer loop
      vertex -1.34537 -64.4978 8.03575
      vertex -9 -67 8
      vertex -1.29479 -64.5626 8.03482
    endloop
  endfacet
  facet normal 6.17531e-16 -0.0142843 0.999898
    outer loop
      vertex -1.29479 -64.5626 8.03482
      vertex -9 -67 8
      vertex -1.24109 -64.6249 8.03393
    endloop
  endfacet
  facet normal -7.83208e-16 -0.0142843 0.999898
    outer loop
      vertex -1.24109 -64.6249 8.03393
      vertex -9 -67 8
      vertex -1.1844 -64.6844 8.03308
    endloop
  endfacet
  facet normal -2.22e-15 -0.0142843 0.999898
    outer loop
      vertex -1.1844 -64.6844 8.03308
      vertex -9 -67 8
      vertex -1.12486 -64.7411 8.03227
    endloop
  endfacet
  facet normal 1.1452e-05 -0.0143242 0.999897
    outer loop
      vertex -1.12486 -64.7411 8.03227
      vertex -9 -67 8
      vertex -1.06261 -64.7948 8.0315
    endloop
  endfacet
  facet normal -1.13034e-05 -0.0142423 0.999899
    outer loop
      vertex -1.06261 -64.7948 8.0315
      vertex -9 -67 8
      vertex -0.997796 -64.8454 8.03078
    endloop
  endfacet
  facet normal 1.7643e-05 -0.0143498 0.999897
    outer loop
      vertex -0.997796 -64.8454 8.03078
      vertex -9 -67 8
      vertex -0.93058 -64.8927 8.0301
    endloop
  endfacet
  facet normal 0 -0.0142835 0.999898
    outer loop
      vertex 0 -65.175 8.02607
      vertex -9 -67 8
      vertex 9 -67 8
    endloop
  endfacet
  facet normal 1.74748e-05 -0.0143651 0.999897
    outer loop
      vertex -0.406991 -65.1248 8.02679
      vertex -9 -67 8
      vertex -0.326776 -65.1428 8.02653
    endloop
  endfacet
  facet normal -1.60005e-05 -0.0142117 0.999899
    outer loop
      vertex -0.486226 -65.1029 8.0271
      vertex -9 -67 8
      vertex -0.406991 -65.1248 8.02679
    endloop
  endfacet
  facet normal 7.46897e-06 -0.014317 0.999898
    outer loop
      vertex -0.56429 -65.0771 8.02747
      vertex -9 -67 8
      vertex -0.486226 -65.1029 8.0271
    endloop
  endfacet
  facet normal -1.38307e-05 -0.0142236 0.999899
    outer loop
      vertex -0.640994 -65.0475 8.02789
      vertex -9 -67 8
      vertex -0.56429 -65.0771 8.02747
    endloop
  endfacet
  facet normal 1.9906e-05 -0.014368 0.999897
    outer loop
      vertex -0.716154 -65.0142 8.02837
      vertex -9 -67 8
      vertex -0.640994 -65.0475 8.02789
    endloop
  endfacet
  facet normal 6.15417e-06 -0.0143106 0.999898
    outer loop
      vertex -0.789589 -64.9772 8.0289
      vertex -9 -67 8
      vertex -0.716154 -65.0142 8.02837
    endloop
  endfacet
  facet normal 5.81228e-06 -0.0143093 0.999898
    outer loop
      vertex -0.861121 -64.9367 8.02948
      vertex -9 -67 8
      vertex -0.789589 -64.9772 8.0289
    endloop
  endfacet
  facet normal -3.56428e-05 -0.0141458 0.9999
    outer loop
      vertex -0.93058 -64.8927 8.0301
      vertex -9 -67 8
      vertex -0.861121 -64.9367 8.02948
    endloop
  endfacet
  facet normal 0 -1 0
    outer loop
      vertex -9 -67 0
      vertex 9 -67 8
      vertex -9 -67 8
    endloop
  endfacet
  facet normal 0 -1 -0
    outer loop
      vertex 9 -67 8
      vertex -9 -67 0
      vertex 9 -67 0
    endloop
  endfacet
  facet normal 0 0 1
    outer loop
      vertex -2.94406 -59.9277 8.1
      vertex -9 -60 8.1
      vertex 0 -60 8.1
    endloop
  endfacet
  facet normal 0 0 1
    outer loop
      vertex -5.88103 -59.7111 8.1
      vertex -9 -60 8.1
      vertex -2.94406 -59.9277 8.1
    endloop
  endfacet
  facet normal 0 0 1
    outer loop
      vertex -8.80383 -59.3506 8.1
      vertex -9 -60 8.1
      vertex -5.88103 -59.7111 8.1
    endloop
  endfacet
  facet normal 0 0 1
    outer loop
      vertex -9 -60 8.1
      vertex -8.80383 -59.3506 8.1
      vertex -9 -59.3166 8.1
    endloop
  endfacet
  facet normal -0 0 1
    outer loop
      vertex 8.80383 -59.3506 8.1
      vertex 9 -60 8.1
      vertex 9 -59.3166 8.1
    endloop
  endfacet
  facet normal -0 0 1
    outer loop
      vertex 5.88103 -59.7111 8.1
      vertex 9 -60 8.1
      vertex 8.80383 -59.3506 8.1
    endloop
  endfacet
  facet normal -0 0 1
    outer loop
      vertex 2.94406 -59.9277 8.1
      vertex 9 -60 8.1
      vertex 5.88103 -59.7111 8.1
    endloop
  endfacet
  facet normal 0 0 1
    outer loop
      vertex 9 -60 8.1
      vertex 2.94406 -59.9277 8.1
      vertex 0 -60 8.1
    endloop
  endfacet
  facet normal 1 -0 0
    outer loop
      vertex 9 -60 8.1
      vertex 9 -59.3166 0
      vertex 9 -59.3166 8.1
    endloop
  endfacet
  facet normal 1 0 0
    outer loop
      vertex 9 -67 0
      vertex 9 -60 8.1
      vertex 9 -67 8
    endloop
  endfacet
  facet normal 1 0 0
    outer loop
      vertex 9 -60 8.1
      vertex 9 -67 0
      vertex 9 -59.3166 0
    endloop
  endfacet
  facet normal 0 0 1
    outer loop
      vertex 5 0 5
      vertex 55.8 0 5
      vertex 55.7328 2.73798 5
    endloop
  endfacet
  facet normal 0 0 1
    outer loop
      vertex 4.99398 0.245337 5
      vertex 55.7328 2.73798 5
      vertex 55.5313 5.46935 5
    endloop
  endfacet
  facet normal 0 0 1
    outer loop
      vertex 55.8 0 5
      vertex 5 0 5
      vertex 55.7328 -2.73798 5
    endloop
  endfacet
  facet normal 0 0 1
    outer loop
      vertex 4.97592 0.490086 5
      vertex 55.5313 5.46935 5
      vertex 55.196 8.18756 5
    endloop
  endfacet
  facet normal -0 0 1
    outer loop
      vertex 4.99398 -0.245337 5
      vertex 55.7328 -2.73798 5
      vertex 5 0 5
    endloop
  endfacet
  facet normal 0 0 1
    outer loop
      vertex 4.94588 0.733652 5
      vertex 55.196 8.18756 5
      vertex 54.7278 10.886 5
    endloop
  endfacet
  facet normal 0 0 1
    outer loop
      vertex 55.7328 -2.73798 5
      vertex 4.99398 -0.245337 5
      vertex 55.5313 -5.46935 5
    endloop
  endfacet
  facet normal 0 0 1
    outer loop
      vertex 4.90393 0.975451 5
      vertex 54.7278 10.886 5
      vertex 54.1277 13.5583 5
    endloop
  endfacet
  facet normal -0 0 1
    outer loop
      vertex 4.97592 -0.490086 5
      vertex 55.5313 -5.46935 5
      vertex 4.99398 -0.245337 5
    endloop
  endfacet
  facet normal 0 0 1
    outer loop
      vertex 4.85016 1.2149 5
      vertex 54.1277 13.5583 5
      vertex 53.3973 16.1979 5
    endloop
  endfacet
  facet normal 0 0 1
    outer loop
      vertex 55.5313 -5.46935 5
      vertex 4.97592 -0.490086 5
      vertex 55.196 -8.18756 5
    endloop
  endfacet
  facet normal 0 0 1
    outer loop
      vertex 4.7847 1.45142 5
      vertex 53.3973 16.1979 5
      vertex 52.5381 18.7985 5
    endloop
  endfacet
  facet normal -0 0 1
    outer loop
      vertex 4.94588 -0.733652 5
      vertex 55.196 -8.18756 5
      vertex 4.97592 -0.490086 5
    endloop
  endfacet
  facet normal 0 0 1
    outer loop
      vertex 3.57613 14.3431 5
      vertex 52.5381 18.7985 5
      vertex 51.5525 21.3537 5
    endloop
  endfacet
  facet normal 0 0 1
    outer loop
      vertex 55.196 -8.18756 5
      vertex 4.94588 -0.733652 5
      vertex 54.7278 -10.886 5
    endloop
  endfacet
  facet normal 0 0 1
    outer loop
      vertex 3.57613 14.3431 5
      vertex 51.5525 21.3537 5
      vertex 50.4426 23.8576 5
    endloop
  endfacet
  facet normal -0 0 1
    outer loop
      vertex 4.90393 -0.975451 5
      vertex 54.7278 -10.886 5
      vertex 4.94588 -0.733652 5
    endloop
  endfacet
  facet normal 0 0 1
    outer loop
      vertex 3.57613 14.3431 5
      vertex 50.4426 23.8576 5
      vertex 49.2112 26.3039 5
    endloop
  endfacet
  facet normal 0 0 1
    outer loop
      vertex 54.7278 -10.886 5
      vertex 4.90393 -0.975451 5
      vertex 54.1277 -13.5583 5
    endloop
  endfacet
  facet normal 0 0 1
    outer loop
      vertex 3.57613 14.3431 5
      vertex 49.2112 26.3039 5
      vertex 47.8612 28.6869 5
    endloop
  endfacet
  facet normal -0 0 1
    outer loop
      vertex 4.85016 -1.2149 5
      vertex 54.1277 -13.5583 5
      vertex 4.90393 -0.975451 5
    endloop
  endfacet
  facet normal 0 0 1
    outer loop
      vertex 3.57613 14.3431 5
      vertex 47.8612 28.6869 5
      vertex 46.396 31.0008 5
    endloop
  endfacet
  facet normal 0 0 1
    outer loop
      vertex 54.1277 -13.5583 5
      vertex 4.85016 -1.2149 5
      vertex 53.3973 -16.1979 5
    endloop
  endfacet
  facet normal 0 0 1
    outer loop
      vertex 3.57613 14.3431 5
      vertex 46.396 31.0008 5
      vertex 44.819 33.24 5
    endloop
  endfacet
  facet normal -0 0 1
    outer loop
      vertex 4.7847 -1.45142 5
      vertex 53.3973 -16.1979 5
      vertex 4.85016 -1.2149 5
    endloop
  endfacet
  facet normal 0 0 1
    outer loop
      vertex 3.57613 14.3431 5
      vertex 44.819 33.24 5
      vertex 43.134 35.3991 5
    endloop
  endfacet
  facet normal 0 0 1
    outer loop
      vertex 53.3973 -16.1979 5
      vertex 4.7847 -1.45142 5
      vertex 52.5381 -18.7985 5
    endloop
  endfacet
  facet normal 0 0 1
    outer loop
      vertex 3.57613 14.3431 5
      vertex 43.134 35.3991 5
      vertex 41.3451 37.473 5
    endloop
  endfacet
  facet normal -0 0 1
    outer loop
      vertex 4.70772 -1.68445 5
      vertex 52.5381 -18.7985 5
      vertex 4.7847 -1.45142 5
    endloop
  endfacet
  facet normal 0 0 1
    outer loop
      vertex 3.57613 14.3431 5
      vertex 41.3451 37.473 5
      vertex 39.4566 39.4566 5
    endloop
  endfacet
  facet normal 0 0 1
    outer loop
      vertex 52.5381 -18.7985 5
      vertex 4.70772 -1.68445 5
      vertex 51.5525 -21.3537 5
    endloop
  endfacet
  facet normal 0 0 1
    outer loop
      vertex 3.57613 14.3431 5
      vertex 39.4566 39.4566 5
      vertex 37.473 41.3451 5
    endloop
  endfacet
  facet normal -0 0 1
    outer loop
      vertex 4.6194 -1.91342 5
      vertex 51.5525 -21.3537 5
      vertex 4.70772 -1.68445 5
    endloop
  endfacet
  facet normal 0 0 1
    outer loop
      vertex 3.57613 14.3431 5
      vertex 37.473 41.3451 5
      vertex 35.3991 43.134 5
    endloop
  endfacet
  facet normal 0 0 1
    outer loop
      vertex 51.5525 -21.3537 5
      vertex 4.6194 -1.91342 5
      vertex 50.4426 -23.8576 5
    endloop
  endfacet
  facet normal 0 0 1
    outer loop
      vertex 3.57613 14.3431 5
      vertex 35.3991 43.134 5
      vertex 33.24 44.819 5
    endloop
  endfacet
  facet normal -0 0 1
    outer loop
      vertex 4.51995 -2.13778 5
      vertex 50.4426 -23.8576 5
      vertex 4.6194 -1.91342 5
    endloop
  endfacet
  facet normal 0 0 1
    outer loop
      vertex 3.57613 14.3431 5
      vertex 33.24 44.819 5
      vertex 31.0008 46.396 5
    endloop
  endfacet
  facet normal 0 0 1
    outer loop
      vertex 50.4426 -23.8576 5
      vertex 4.51995 -2.13778 5
      vertex 49.2112 -26.3039 5
    endloop
  endfacet
  facet normal 0 0 1
    outer loop
      vertex 3.57613 14.3431 5
      vertex 31.0008 46.396 5
      vertex 28.6869 47.8612 5
    endloop
  endfacet
  facet normal -0 0 1
    outer loop
      vertex 4.40961 -2.35698 5
      vertex 49.2112 -26.3039 5
      vertex 4.51995 -2.13778 5
    endloop
  endfacet
  facet normal 0 0 1
    outer loop
      vertex 3.57613 14.3431 5
      vertex 28.6869 47.8612 5
      vertex 26.3039 49.2112 5
    endloop
  endfacet
  facet normal 0 0 1
    outer loop
      vertex 49.2112 -26.3039 5
      vertex 4.40961 -2.35698 5
      vertex 47.8612 -28.6869 5
    endloop
  endfacet
  facet normal 0 0 1
    outer loop
      vertex 3.57613 14.3431 5
      vertex 26.3039 49.2112 5
      vertex 23.8576 50.4426 5
    endloop
  endfacet
  facet normal -0 0 1
    outer loop
      vertex 4.28864 -2.57051 5
      vertex 47.8612 -28.6869 5
      vertex 4.40961 -2.35698 5
    endloop
  endfacet
  facet normal 0 0 1
    outer loop
      vertex 3.57613 14.3431 5
      vertex 23.8576 50.4426 5
      vertex 21.3537 51.5525 5
    endloop
  endfacet
  facet normal 0 0 1
    outer loop
      vertex 47.8612 -28.6869 5
      vertex 4.28864 -2.57051 5
      vertex 46.396 -31.0008 5
    endloop
  endfacet
  facet normal 0 0 1
    outer loop
      vertex 3.57613 14.3431 5
      vertex 21.3537 51.5525 5
      vertex 18.7985 52.5381 5
    endloop
  endfacet
  facet normal -0 0 1
    outer loop
      vertex 4.15735 -2.77785 5
      vertex 46.396 -31.0008 5
      vertex 4.28864 -2.57051 5
    endloop
  endfacet
  facet normal 0 0 1
    outer loop
      vertex 3.57613 14.3431 5
      vertex 18.7985 52.5381 5
      vertex 16.1979 53.3973 5
    endloop
  endfacet
  facet normal 0 0 1
    outer loop
      vertex 46.396 -31.0008 5
      vertex 4.15735 -2.77785 5
      vertex 44.819 -33.24 5
    endloop
  endfacet
  facet normal 0 0 1
    outer loop
      vertex 3.57613 14.3431 5
      vertex 16.1979 53.3973 5
      vertex 13.5583 54.1277 5
    endloop
  endfacet
  facet normal -0 0 1
    outer loop
      vertex 4.01604 -2.9785 5
      vertex 44.819 -33.24 5
      vertex 4.15735 -2.77785 5
    endloop
  endfacet
  facet normal 0 0 1
    outer loop
      vertex 3.57613 14.3431 5
      vertex 13.5583 54.1277 5
      vertex 13.4989 54.1411 5
    endloop
  endfacet
  facet normal 0 0 1
    outer loop
      vertex 44.819 -33.24 5
      vertex 4.01604 -2.9785 5
      vertex 43.134 -35.3991 5
    endloop
  endfacet
  facet normal 0 0 1
    outer loop
      vertex 43.134 -35.3991 5
      vertex 3.86505 -3.17197 5
      vertex 41.3451 -37.473 5
    endloop
  endfacet
  facet normal -0 0 1
    outer loop
      vertex 3.70475 -3.35779 5
      vertex 41.3451 -37.473 5
      vertex 3.86505 -3.17197 5
    endloop
  endfacet
  facet normal -0 0 1
    outer loop
      vertex 3.86505 -3.17197 5
      vertex 43.134 -35.3991 5
      vertex 4.01604 -2.9785 5
    endloop
  endfacet
  facet normal 0 0 1
    outer loop
      vertex 55.7328 2.73798 5
      vertex 4.99398 0.245337 5
      vertex 5 0 5
    endloop
  endfacet
  facet normal 0 0 1
    outer loop
      vertex 55.5313 5.46935 5
      vertex 4.97592 0.490086 5
      vertex 4.99398 0.245337 5
    endloop
  endfacet
  facet normal 0 0 1
    outer loop
      vertex 55.196 8.18756 5
      vertex 4.94588 0.733652 5
      vertex 4.97592 0.490086 5
    endloop
  endfacet
  facet normal 0 0 1
    outer loop
      vertex 54.7278 10.886 5
      vertex 4.90393 0.975451 5
      vertex 4.94588 0.733652 5
    endloop
  endfacet
  facet normal 0 0 1
    outer loop
      vertex 52.5381 18.7985 5
      vertex 3.57613 14.3431 5
      vertex 4.70772 1.68445 5
    endloop
  endfacet
  facet normal 0 0 1
    outer loop
      vertex 54.1277 13.5583 5
      vertex 4.85016 1.2149 5
      vertex 4.90393 0.975451 5
    endloop
  endfacet
  facet normal 0 0 1
    outer loop
      vertex 53.3973 16.1979 5
      vertex 4.7847 1.45142 5
      vertex 4.85016 1.2149 5
    endloop
  endfacet
  facet normal 0 0 1
    outer loop
      vertex 52.5381 18.7985 5
      vertex 4.70772 1.68445 5
      vertex 4.7847 1.45142 5
    endloop
  endfacet
  facet normal 0 0 1
    outer loop
      vertex 4.70772 1.68445 5
      vertex 3.57613 14.3431 5
      vertex 4.6194 1.91342 5
    endloop
  endfacet
  facet normal 0 0 1
    outer loop
      vertex 4.6194 1.91342 5
      vertex 3.57613 14.3431 5
      vertex 4.51995 2.13778 5
    endloop
  endfacet
  facet normal 0 0 1
    outer loop
      vertex 4.51995 2.13778 5
      vertex 3.57613 14.3431 5
      vertex 4.40961 2.35698 5
    endloop
  endfacet
  facet normal 0 0 1
    outer loop
      vertex 4.40961 2.35698 5
      vertex 3.57613 14.3431 5
      vertex 4.28864 2.57051 5
    endloop
  endfacet
  facet normal 0 0 1
    outer loop
      vertex 4.28864 2.57051 5
      vertex 3.57613 14.3431 5
      vertex 4.15735 2.77785 5
    endloop
  endfacet
  facet normal 0 0 1
    outer loop
      vertex 4.15735 2.77785 5
      vertex 3.57613 14.3431 5
      vertex 4.01604 2.9785 5
    endloop
  endfacet
  facet normal 0 0 1
    outer loop
      vertex 4.01604 2.9785 5
      vertex 3.57613 14.3431 5
      vertex 3.86505 3.17197 5
    endloop
  endfacet
  facet normal 0 0 1
    outer loop
      vertex 3.86505 3.17197 5
      vertex 3.57613 14.3431 5
      vertex 3.70475 3.35779 5
    endloop
  endfacet
  facet normal 0 0 1
    outer loop
      vertex 3.57613 14.3431 5
      vertex 3.53553 3.53553 5
      vertex 3.70475 3.35779 5
    endloop
  endfacet
  facet normal 0 0 1
    outer loop
      vertex 3.57613 14.3431 5
      vertex 3.35779 3.70475 5
      vertex 3.53553 3.53553 5
    endloop
  endfacet
  facet normal 0 0 1
    outer loop
      vertex 3.57613 14.3431 5
      vertex 3.17197 3.86505 5
      vertex 3.35779 3.70475 5
    endloop
  endfacet
  facet normal 0 0 1
    outer loop
      vertex 3.57613 14.3431 5
      vertex 2.9785 4.01604 5
      vertex 3.17197 3.86505 5
    endloop
  endfacet
  facet normal 0 0 1
    outer loop
      vertex 0.975451 4.90393 5
      vertex 3.57613 14.3431 5
      vertex 2.88734 14.5156 5
    endloop
  endfacet
  facet normal 0 0 1
    outer loop
      vertex 3.57613 14.3431 5
      vertex 2.77785 4.15735 5
      vertex 2.9785 4.01604 5
    endloop
  endfacet
  facet normal 0 0 1
    outer loop
      vertex 3.57613 14.3431 5
      vertex 2.57051 4.28864 5
      vertex 2.77785 4.15735 5
    endloop
  endfacet
  facet normal 0 0 1
    outer loop
      vertex 3.57613 14.3431 5
      vertex 2.35698 4.40961 5
      vertex 2.57051 4.28864 5
    endloop
  endfacet
  facet normal 0 0 1
    outer loop
      vertex 3.57613 14.3431 5
      vertex 2.13778 4.51995 5
      vertex 2.35698 4.40961 5
    endloop
  endfacet
  facet normal 0 0 1
    outer loop
      vertex 3.57613 14.3431 5
      vertex 1.91342 4.6194 5
      vertex 2.13778 4.51995 5
    endloop
  endfacet
  facet normal 0 0 1
    outer loop
      vertex 3.57613 14.3431 5
      vertex 1.68445 4.70772 5
      vertex 1.91342 4.6194 5
    endloop
  endfacet
  facet normal 0 0 1
    outer loop
      vertex 3.57613 14.3431 5
      vertex 1.45142 4.7847 5
      vertex 1.68445 4.70772 5
    endloop
  endfacet
  facet normal 0 0 1
    outer loop
      vertex 0.733652 4.94588 5
      vertex 2.88734 14.5156 5
      vertex 1.45065 14.7287 5
    endloop
  endfacet
  facet normal 0 0 1
    outer loop
      vertex 3.57613 14.3431 5
      vertex 1.2149 4.85016 5
      vertex 1.45142 4.7847 5
    endloop
  endfacet
  facet normal 0 0 1
    outer loop
      vertex 3.57613 14.3431 5
      vertex 0.975451 4.90393 5
      vertex 1.2149 4.85016 5
    endloop
  endfacet
  facet normal 0 0 1
    outer loop
      vertex 2.88734 14.5156 5
      vertex 0.733652 4.94588 5
      vertex 0.975451 4.90393 5
    endloop
  endfacet
  facet normal 0 0 1
    outer loop
      vertex 1.45065 14.7287 5
      vertex 0.490086 4.97592 5
      vertex 0.733652 4.94588 5
    endloop
  endfacet
  facet normal 0 0 1
    outer loop
      vertex 1.45065 14.7287 5
      vertex 0.245337 4.99398 5
      vertex 0.490086 4.97592 5
    endloop
  endfacet
  facet normal 0 0 1
    outer loop
      vertex 0 14.8 5
      vertex 0.245337 4.99398 5
      vertex 1.45065 14.7287 5
    endloop
  endfacet
  facet normal 0 0 1
    outer loop
      vertex 0 14.8 5
      vertex 0 5 5
      vertex 0.245337 4.99398 5
    endloop
  endfacet
  facet normal 0 0 1
    outer loop
      vertex 0 14.8 5
      vertex -0.245337 4.99398 5
      vertex 0 5 5
    endloop
  endfacet
  facet normal -0 0 1
    outer loop
      vertex -1.45065 14.7287 5
      vertex -0.245337 4.99398 5
      vertex 0 14.8 5
    endloop
  endfacet
  facet normal 0 0 1
    outer loop
      vertex -0.245337 4.99398 5
      vertex -1.45065 14.7287 5
      vertex -0.490086 4.97592 5
    endloop
  endfacet
  facet normal 0 0 1
    outer loop
      vertex -0.490086 4.97592 5
      vertex -1.45065 14.7287 5
      vertex -0.733652 4.94588 5
    endloop
  endfacet
  facet normal -0 0 1
    outer loop
      vertex -2.88734 14.5156 5
      vertex -0.733652 4.94588 5
      vertex -1.45065 14.7287 5
    endloop
  endfacet
  facet normal 0 0 1
    outer loop
      vertex -0.733652 4.94588 5
      vertex -2.88734 14.5156 5
      vertex -0.975451 4.90393 5
    endloop
  endfacet
  facet normal -0 0 1
    outer loop
      vertex -3.57613 14.3431 5
      vertex -0.975451 4.90393 5
      vertex -2.88734 14.5156 5
    endloop
  endfacet
  facet normal 0 0 1
    outer loop
      vertex -0.975451 4.90393 5
      vertex -3.57613 14.3431 5
      vertex -1.2149 4.85016 5
    endloop
  endfacet
  facet normal 0 0 1
    outer loop
      vertex -1.2149 4.85016 5
      vertex -3.57613 14.3431 5
      vertex -1.45142 4.7847 5
    endloop
  endfacet
  facet normal 0 0 1
    outer loop
      vertex -1.45142 4.7847 5
      vertex -3.57613 14.3431 5
      vertex -1.68445 4.70772 5
    endloop
  endfacet
  facet normal 0 0 1
    outer loop
      vertex -1.68445 4.70772 5
      vertex -3.57613 14.3431 5
      vertex -1.91342 4.6194 5
    endloop
  endfacet
  facet normal 0 0 1
    outer loop
      vertex -1.91342 4.6194 5
      vertex -3.57613 14.3431 5
      vertex -2.13778 4.51995 5
    endloop
  endfacet
  facet normal 0 0 1
    outer loop
      vertex -2.13778 4.51995 5
      vertex -3.57613 14.3431 5
      vertex -2.35698 4.40961 5
    endloop
  endfacet
  facet normal 0 0 1
    outer loop
      vertex -2.35698 4.40961 5
      vertex -3.57613 14.3431 5
      vertex -2.57051 4.28864 5
    endloop
  endfacet
  facet normal 0 0 1
    outer loop
      vertex -2.57051 4.28864 5
      vertex -3.57613 14.3431 5
      vertex -2.77785 4.15735 5
    endloop
  endfacet
  facet normal 0 0 1
    outer loop
      vertex -2.77785 4.15735 5
      vertex -3.57613 14.3431 5
      vertex -2.9785 4.01604 5
    endloop
  endfacet
  facet normal 0 0 1
    outer loop
      vertex -2.9785 4.01604 5
      vertex -3.57613 14.3431 5
      vertex -3.17197 3.86505 5
    endloop
  endfacet
  facet normal 0 0 1
    outer loop
      vertex -3.17197 3.86505 5
      vertex -3.57613 14.3431 5
      vertex -3.35779 3.70475 5
    endloop
  endfacet
  facet normal 0 0 1
    outer loop
      vertex -3.35779 3.70475 5
      vertex -3.57613 14.3431 5
      vertex -3.53553 3.53553 5
    endloop
  endfacet
  facet normal 0 0 1
    outer loop
      vertex -3.57613 14.3431 5
      vertex -3.70475 3.35779 5
      vertex -3.53553 3.53553 5
    endloop
  endfacet
  facet normal 0 0 1
    outer loop
      vertex -3.57613 14.3431 5
      vertex -3.86505 3.17197 5
      vertex -3.70475 3.35779 5
    endloop
  endfacet
  facet normal 0 0 1
    outer loop
      vertex -3.57613 14.3431 5
      vertex -4.01604 2.9785 5
      vertex -3.86505 3.17197 5
    endloop
  endfacet
  facet normal 0 0 1
    outer loop
      vertex -3.57613 14.3431 5
      vertex -4.15735 2.77785 5
      vertex -4.01604 2.9785 5
    endloop
  endfacet
  facet normal 0 0 1
    outer loop
      vertex -3.57613 14.3431 5
      vertex -4.28864 2.57051 5
      vertex -4.15735 2.77785 5
    endloop
  endfacet
  facet normal 0 0 1
    outer loop
      vertex -3.57613 14.3431 5
      vertex -4.40961 2.35698 5
      vertex -4.28864 2.57051 5
    endloop
  endfacet
  facet normal 0 0 1
    outer loop
      vertex -3.57613 14.3431 5
      vertex -4.51995 2.13778 5
      vertex -4.40961 2.35698 5
    endloop
  endfacet
  facet normal 0 0 1
    outer loop
      vertex -3.57613 14.3431 5
      vertex -4.6194 1.91342 5
      vertex -4.51995 2.13778 5
    endloop
  endfacet
  facet normal 0 0 1
    outer loop
      vertex -3.57613 14.3431 5
      vertex -4.70772 1.68445 5
      vertex -4.6194 1.91342 5
    endloop
  endfacet
  facet normal 0 0 1
    outer loop
      vertex -52.5381 18.7985 5
      vertex -4.70772 1.68445 5
      vertex -3.57613 14.3431 5
    endloop
  endfacet
  facet normal 0 0 1
    outer loop
      vertex -4.70772 1.68445 5
      vertex -52.5381 18.7985 5
      vertex -4.7847 1.45142 5
    endloop
  endfacet
  facet normal -0 0 1
    outer loop
      vertex -53.3973 16.1979 5
      vertex -4.7847 1.45142 5
      vertex -52.5381 18.7985 5
    endloop
  endfacet
  facet normal 0 0 1
    outer loop
      vertex -4.7847 1.45142 5
      vertex -53.3973 16.1979 5
      vertex -4.85016 1.2149 5
    endloop
  endfacet
  facet normal -0 0 1
    outer loop
      vertex -54.1277 13.5583 5
      vertex -4.85016 1.2149 5
      vertex -53.3973 16.1979 5
    endloop
  endfacet
  facet normal 0 0 1
    outer loop
      vertex -0.733652 -4.94588 5
      vertex -8.18756 -55.196 5
      vertex -5.46935 -55.5313 5
    endloop
  endfacet
  facet normal 0 0 1
    outer loop
      vertex -55.8 0 5
      vertex -5 0 5
      vertex -4.99398 0.245337 5
    endloop
  endfacet
  facet normal 0 0 1
    outer loop
      vertex -4.99398 -0.245337 5
      vertex -10.886 -54.7278 5
      vertex -8.18756 -55.196 5
    endloop
  endfacet
  facet normal 0 0 1
    outer loop
      vertex -55.7328 2.73798 5
      vertex -4.99398 0.245337 5
      vertex -4.97592 0.490086 5
    endloop
  endfacet
  facet normal 0 0 1
    outer loop
      vertex -4.85016 1.2149 5
      vertex -54.1277 13.5583 5
      vertex -4.90393 0.975451 5
    endloop
  endfacet
  facet normal -0 0 1
    outer loop
      vertex -13.5583 54.1277 5
      vertex -3.57613 14.3431 5
      vertex -13.4989 54.1411 5
    endloop
  endfacet
  facet normal 0 0 1
    outer loop
      vertex -3.57613 14.3431 5
      vertex -13.5583 54.1277 5
      vertex -16.1979 53.3973 5
    endloop
  endfacet
  facet normal 0 0 1
    outer loop
      vertex -4.99398 -0.245337 5
      vertex -13.5583 -54.1277 5
      vertex -10.886 -54.7278 5
    endloop
  endfacet
  facet normal -0 0 1
    outer loop
      vertex -18.7985 52.5381 5
      vertex -3.57613 14.3431 5
      vertex -16.1979 53.3973 5
    endloop
  endfacet
  facet normal 0 0 1
    outer loop
      vertex -4.99398 -0.245337 5
      vertex -16.1979 -53.3973 5
      vertex -13.5583 -54.1277 5
    endloop
  endfacet
  facet normal -0 0 1
    outer loop
      vertex -21.3537 51.5525 5
      vertex -3.57613 14.3431 5
      vertex -18.7985 52.5381 5
    endloop
  endfacet
  facet normal 0 0 1
    outer loop
      vertex -4.99398 -0.245337 5
      vertex -18.7985 -52.5381 5
      vertex -16.1979 -53.3973 5
    endloop
  endfacet
  facet normal -0 0 1
    outer loop
      vertex -23.8576 50.4426 5
      vertex -3.57613 14.3431 5
      vertex -21.3537 51.5525 5
    endloop
  endfacet
  facet normal 0 0 1
    outer loop
      vertex -4.99398 -0.245337 5
      vertex -21.3537 -51.5525 5
      vertex -18.7985 -52.5381 5
    endloop
  endfacet
  facet normal -0 0 1
    outer loop
      vertex -26.3039 49.2112 5
      vertex -3.57613 14.3431 5
      vertex -23.8576 50.4426 5
    endloop
  endfacet
  facet normal 0 0 1
    outer loop
      vertex -4.99398 -0.245337 5
      vertex -23.8576 -50.4426 5
      vertex -21.3537 -51.5525 5
    endloop
  endfacet
  facet normal -0 0 1
    outer loop
      vertex -28.6869 47.8612 5
      vertex -3.57613 14.3431 5
      vertex -26.3039 49.2112 5
    endloop
  endfacet
  facet normal 0 0 1
    outer loop
      vertex -4.99398 -0.245337 5
      vertex -26.3039 -49.2112 5
      vertex -23.8576 -50.4426 5
    endloop
  endfacet
  facet normal -0 0 1
    outer loop
      vertex -31.0008 46.396 5
      vertex -3.57613 14.3431 5
      vertex -28.6869 47.8612 5
    endloop
  endfacet
  facet normal 0 0 1
    outer loop
      vertex -4.99398 -0.245337 5
      vertex -28.6869 -47.8612 5
      vertex -26.3039 -49.2112 5
    endloop
  endfacet
  facet normal -0 0 1
    outer loop
      vertex -33.24 44.819 5
      vertex -3.57613 14.3431 5
      vertex -31.0008 46.396 5
    endloop
  endfacet
  facet normal 0 0 1
    outer loop
      vertex -4.99398 -0.245337 5
      vertex -31.0008 -46.396 5
      vertex -28.6869 -47.8612 5
    endloop
  endfacet
  facet normal -0 0 1
    outer loop
      vertex -35.3991 43.134 5
      vertex -3.57613 14.3431 5
      vertex -33.24 44.819 5
    endloop
  endfacet
  facet normal 0 0 1
    outer loop
      vertex -4.99398 -0.245337 5
      vertex -33.24 -44.819 5
      vertex -31.0008 -46.396 5
    endloop
  endfacet
  facet normal -0 0 1
    outer loop
      vertex -37.473 41.3451 5
      vertex -3.57613 14.3431 5
      vertex -35.3991 43.134 5
    endloop
  endfacet
  facet normal 0 0 1
    outer loop
      vertex -4.99398 -0.245337 5
      vertex -35.3991 -43.134 5
      vertex -33.24 -44.819 5
    endloop
  endfacet
  facet normal -0 0 1
    outer loop
      vertex -39.4566 39.4566 5
      vertex -3.57613 14.3431 5
      vertex -37.473 41.3451 5
    endloop
  endfacet
  facet normal 0 0 1
    outer loop
      vertex -4.99398 -0.245337 5
      vertex -37.473 -41.3451 5
      vertex -35.3991 -43.134 5
    endloop
  endfacet
  facet normal -0 0 1
    outer loop
      vertex -41.3451 37.473 5
      vertex -3.57613 14.3431 5
      vertex -39.4566 39.4566 5
    endloop
  endfacet
  facet normal 0 0 1
    outer loop
      vertex -4.99398 -0.245337 5
      vertex -39.4566 -39.4566 5
      vertex -37.473 -41.3451 5
    endloop
  endfacet
  facet normal -0 0 1
    outer loop
      vertex -43.134 35.3991 5
      vertex -3.57613 14.3431 5
      vertex -41.3451 37.473 5
    endloop
  endfacet
  facet normal 0 0 1
    outer loop
      vertex -4.99398 -0.245337 5
      vertex -41.3451 -37.473 5
      vertex -39.4566 -39.4566 5
    endloop
  endfacet
  facet normal -0 0 1
    outer loop
      vertex -44.819 33.24 5
      vertex -3.57613 14.3431 5
      vertex -43.134 35.3991 5
    endloop
  endfacet
  facet normal 0 0 1
    outer loop
      vertex -4.99398 -0.245337 5
      vertex -43.134 -35.3991 5
      vertex -41.3451 -37.473 5
    endloop
  endfacet
  facet normal -0 0 1
    outer loop
      vertex -46.396 31.0008 5
      vertex -3.57613 14.3431 5
      vertex -44.819 33.24 5
    endloop
  endfacet
  facet normal 0 0 1
    outer loop
      vertex -4.99398 -0.245337 5
      vertex -44.819 -33.24 5
      vertex -43.134 -35.3991 5
    endloop
  endfacet
  facet normal -0 0 1
    outer loop
      vertex -47.8612 28.6869 5
      vertex -3.57613 14.3431 5
      vertex -46.396 31.0008 5
    endloop
  endfacet
  facet normal 0 0 1
    outer loop
      vertex -4.99398 -0.245337 5
      vertex -46.396 -31.0008 5
      vertex -44.819 -33.24 5
    endloop
  endfacet
  facet normal -0 0 1
    outer loop
      vertex -49.2112 26.3039 5
      vertex -3.57613 14.3431 5
      vertex -47.8612 28.6869 5
    endloop
  endfacet
  facet normal 0 0 1
    outer loop
      vertex -4.99398 -0.245337 5
      vertex -47.8612 -28.6869 5
      vertex -46.396 -31.0008 5
    endloop
  endfacet
  facet normal -0 0 1
    outer loop
      vertex -50.4426 23.8576 5
      vertex -3.57613 14.3431 5
      vertex -49.2112 26.3039 5
    endloop
  endfacet
  facet normal 0 0 1
    outer loop
      vertex -4.99398 -0.245337 5
      vertex -49.2112 -26.3039 5
      vertex -47.8612 -28.6869 5
    endloop
  endfacet
  facet normal -0 0 1
    outer loop
      vertex -51.5525 21.3537 5
      vertex -3.57613 14.3431 5
      vertex -50.4426 23.8576 5
    endloop
  endfacet
  facet normal 0 0 1
    outer loop
      vertex -4.99398 -0.245337 5
      vertex -50.4426 -23.8576 5
      vertex -49.2112 -26.3039 5
    endloop
  endfacet
  facet normal -0 0 1
    outer loop
      vertex -52.5381 18.7985 5
      vertex -3.57613 14.3431 5
      vertex -51.5525 21.3537 5
    endloop
  endfacet
  facet normal 0 0 1
    outer loop
      vertex -4.99398 -0.245337 5
      vertex -51.5525 -21.3537 5
      vertex -50.4426 -23.8576 5
    endloop
  endfacet
  facet normal -0 0 1
    outer loop
      vertex -54.7278 10.886 5
      vertex -4.90393 0.975451 5
      vertex -54.1277 13.5583 5
    endloop
  endfacet
  facet normal 0 0 1
    outer loop
      vertex -4.99398 -0.245337 5
      vertex -52.5381 -18.7985 5
      vertex -51.5525 -21.3537 5
    endloop
  endfacet
  facet normal 0 0 1
    outer loop
      vertex -4.90393 0.975451 5
      vertex -54.7278 10.886 5
      vertex -4.94588 0.733652 5
    endloop
  endfacet
  facet normal 0 0 1
    outer loop
      vertex -4.99398 -0.245337 5
      vertex -53.3973 -16.1979 5
      vertex -52.5381 -18.7985 5
    endloop
  endfacet
  facet normal -0 0 1
    outer loop
      vertex -55.196 8.18756 5
      vertex -4.94588 0.733652 5
      vertex -54.7278 10.886 5
    endloop
  endfacet
  facet normal 0 0 1
    outer loop
      vertex -4.99398 -0.245337 5
      vertex -54.1277 -13.5583 5
      vertex -53.3973 -16.1979 5
    endloop
  endfacet
  facet normal 0 0 1
    outer loop
      vertex -4.94588 0.733652 5
      vertex -55.196 8.18756 5
      vertex -4.97592 0.490086 5
    endloop
  endfacet
  facet normal 0 0 1
    outer loop
      vertex -4.99398 -0.245337 5
      vertex -54.7278 -10.886 5
      vertex -54.1277 -13.5583 5
    endloop
  endfacet
  facet normal 0 0 1
    outer loop
      vertex -4.97592 0.490086 5
      vertex -55.196 8.18756 5
      vertex -55.5313 5.46935 5
    endloop
  endfacet
  facet normal 0 0 1
    outer loop
      vertex -4.99398 -0.245337 5
      vertex -55.196 -8.18756 5
      vertex -54.7278 -10.886 5
    endloop
  endfacet
  facet normal 0 0 1
    outer loop
      vertex -4.97592 0.490086 5
      vertex -55.5313 5.46935 5
      vertex -55.7328 2.73798 5
    endloop
  endfacet
  facet normal 0 0 1
    outer loop
      vertex -4.99398 -0.245337 5
      vertex -55.5313 -5.46935 5
      vertex -55.196 -8.18756 5
    endloop
  endfacet
  facet normal 0 0 1
    outer loop
      vertex -4.99398 0.245337 5
      vertex -55.7328 2.73798 5
      vertex -55.8 0 5
    endloop
  endfacet
  facet normal 0 0 1
    outer loop
      vertex -4.99398 -0.245337 5
      vertex -55.7328 -2.73798 5
      vertex -55.5313 -5.46935 5
    endloop
  endfacet
  facet normal 0 0 1
    outer loop
      vertex -5 0 5
      vertex -55.8 0 5
      vertex -55.7328 -2.73798 5
    endloop
  endfacet
  facet normal 0 0 1
    outer loop
      vertex 41.3451 -37.473 5
      vertex 3.70475 -3.35779 5
      vertex 39.4566 -39.4566 5
    endloop
  endfacet
  facet normal -0 0 1
    outer loop
      vertex 3.53553 -3.53553 5
      vertex 39.4566 -39.4566 5
      vertex 3.70475 -3.35779 5
    endloop
  endfacet
  facet normal 0 0 1
    outer loop
      vertex 39.4566 -39.4566 5
      vertex 3.53553 -3.53553 5
      vertex 37.473 -41.3451 5
    endloop
  endfacet
  facet normal -0 0 1
    outer loop
      vertex 3.35779 -3.70475 5
      vertex 37.473 -41.3451 5
      vertex 3.53553 -3.53553 5
    endloop
  endfacet
  facet normal 0 0 1
    outer loop
      vertex 37.473 -41.3451 5
      vertex 3.35779 -3.70475 5
      vertex 35.3991 -43.134 5
    endloop
  endfacet
  facet normal -0 0 1
    outer loop
      vertex 3.17197 -3.86505 5
      vertex 35.3991 -43.134 5
      vertex 3.35779 -3.70475 5
    endloop
  endfacet
  facet normal 0 0 1
    outer loop
      vertex 35.3991 -43.134 5
      vertex 3.17197 -3.86505 5
      vertex 33.24 -44.819 5
    endloop
  endfacet
  facet normal -0 0 1
    outer loop
      vertex 2.9785 -4.01604 5
      vertex 33.24 -44.819 5
      vertex 3.17197 -3.86505 5
    endloop
  endfacet
  facet normal 0 0 1
    outer loop
      vertex 33.24 -44.819 5
      vertex 2.9785 -4.01604 5
      vertex 31.0008 -46.396 5
    endloop
  endfacet
  facet normal -0 0 1
    outer loop
      vertex 2.77785 -4.15735 5
      vertex 31.0008 -46.396 5
      vertex 2.9785 -4.01604 5
    endloop
  endfacet
  facet normal 0 0 1
    outer loop
      vertex 31.0008 -46.396 5
      vertex 2.77785 -4.15735 5
      vertex 28.6869 -47.8612 5
    endloop
  endfacet
  facet normal -0 0 1
    outer loop
      vertex 2.57051 -4.28864 5
      vertex 28.6869 -47.8612 5
      vertex 2.77785 -4.15735 5
    endloop
  endfacet
  facet normal 0 0 1
    outer loop
      vertex 28.6869 -47.8612 5
      vertex 2.57051 -4.28864 5
      vertex 26.3039 -49.2112 5
    endloop
  endfacet
  facet normal -0 0 1
    outer loop
      vertex 2.35698 -4.40961 5
      vertex 26.3039 -49.2112 5
      vertex 2.57051 -4.28864 5
    endloop
  endfacet
  facet normal 0 0 1
    outer loop
      vertex 26.3039 -49.2112 5
      vertex 2.35698 -4.40961 5
      vertex 23.8576 -50.4426 5
    endloop
  endfacet
  facet normal -0 0 1
    outer loop
      vertex 2.13778 -4.51995 5
      vertex 23.8576 -50.4426 5
      vertex 2.35698 -4.40961 5
    endloop
  endfacet
  facet normal 0 0 1
    outer loop
      vertex 23.8576 -50.4426 5
      vertex 2.13778 -4.51995 5
      vertex 21.3537 -51.5525 5
    endloop
  endfacet
  facet normal -0 0 1
    outer loop
      vertex 1.91342 -4.6194 5
      vertex 21.3537 -51.5525 5
      vertex 2.13778 -4.51995 5
    endloop
  endfacet
  facet normal 0 0 1
    outer loop
      vertex 21.3537 -51.5525 5
      vertex 1.91342 -4.6194 5
      vertex 18.7985 -52.5381 5
    endloop
  endfacet
  facet normal -0 0 1
    outer loop
      vertex 1.68445 -4.70772 5
      vertex 18.7985 -52.5381 5
      vertex 1.91342 -4.6194 5
    endloop
  endfacet
  facet normal 0 0 1
    outer loop
      vertex 18.7985 -52.5381 5
      vertex 1.68445 -4.70772 5
      vertex 16.1979 -53.3973 5
    endloop
  endfacet
  facet normal -0 0 1
    outer loop
      vertex 1.45142 -4.7847 5
      vertex 16.1979 -53.3973 5
      vertex 1.68445 -4.70772 5
    endloop
  endfacet
  facet normal 0 0 1
    outer loop
      vertex 16.1979 -53.3973 5
      vertex 1.45142 -4.7847 5
      vertex 13.5583 -54.1277 5
    endloop
  endfacet
  facet normal -0 0 1
    outer loop
      vertex 1.2149 -4.85016 5
      vertex 13.5583 -54.1277 5
      vertex 1.45142 -4.7847 5
    endloop
  endfacet
  facet normal 0 0 1
    outer loop
      vertex 13.5583 -54.1277 5
      vertex 1.2149 -4.85016 5
      vertex 10.886 -54.7278 5
    endloop
  endfacet
  facet normal -0 0 1
    outer loop
      vertex 0.975451 -4.90393 5
      vertex 10.886 -54.7278 5
      vertex 1.2149 -4.85016 5
    endloop
  endfacet
  facet normal 0 0 1
    outer loop
      vertex 10.886 -54.7278 5
      vertex 0.975451 -4.90393 5
      vertex 8.18756 -55.196 5
    endloop
  endfacet
  facet normal -0 0 1
    outer loop
      vertex 0.733652 -4.94588 5
      vertex 8.18756 -55.196 5
      vertex 0.975451 -4.90393 5
    endloop
  endfacet
  facet normal 0 0 1
    outer loop
      vertex 8.18756 -55.196 5
      vertex 0.733652 -4.94588 5
      vertex 5.46935 -55.5313 5
    endloop
  endfacet
  facet normal -0 0 1
    outer loop
      vertex 0.490086 -4.97592 5
      vertex 5.46935 -55.5313 5
      vertex 0.733652 -4.94588 5
    endloop
  endfacet
  facet normal 0 0 1
    outer loop
      vertex 5.46935 -55.5313 5
      vertex 0.490086 -4.97592 5
      vertex 2.73798 -55.7328 5
    endloop
  endfacet
  facet normal -0 0 1
    outer loop
      vertex 0.245337 -4.99398 5
      vertex 2.73798 -55.7328 5
      vertex 0.490086 -4.97592 5
    endloop
  endfacet
  facet normal -0 0 1
    outer loop
      vertex 0 -5 5
      vertex 2.73798 -55.7328 5
      vertex 0.245337 -4.99398 5
    endloop
  endfacet
  facet normal 0 0 1
    outer loop
      vertex 0 -5 5
      vertex 0 -55.8 5
      vertex 2.73798 -55.7328 5
    endloop
  endfacet
  facet normal 0 0 1
    outer loop
      vertex -0.245337 -4.99398 5
      vertex 0 -55.8 5
      vertex 0 -5 5
    endloop
  endfacet
  facet normal 0 0 1
    outer loop
      vertex -2.73798 -55.7328 5
      vertex -0.245337 -4.99398 5
      vertex -0.490086 -4.97592 5
    endloop
  endfacet
  facet normal 0 0 1
    outer loop
      vertex -5.46935 -55.5313 5
      vertex -0.490086 -4.97592 5
      vertex -0.733652 -4.94588 5
    endloop
  endfacet
  facet normal 0 0 1
    outer loop
      vertex -8.18756 -55.196 5
      vertex -0.733652 -4.94588 5
      vertex -0.975451 -4.90393 5
    endloop
  endfacet
  facet normal 0 0 1
    outer loop
      vertex -8.18756 -55.196 5
      vertex -0.975451 -4.90393 5
      vertex -1.2149 -4.85016 5
    endloop
  endfacet
  facet normal 0 0 1
    outer loop
      vertex -8.18756 -55.196 5
      vertex -1.2149 -4.85016 5
      vertex -1.45142 -4.7847 5
    endloop
  endfacet
  facet normal 0 0 1
    outer loop
      vertex -8.18756 -55.196 5
      vertex -1.45142 -4.7847 5
      vertex -1.68445 -4.70772 5
    endloop
  endfacet
  facet normal 0 0 1
    outer loop
      vertex -8.18756 -55.196 5
      vertex -1.68445 -4.70772 5
      vertex -1.91342 -4.6194 5
    endloop
  endfacet
  facet normal 0 0 1
    outer loop
      vertex -8.18756 -55.196 5
      vertex -1.91342 -4.6194 5
      vertex -2.13778 -4.51995 5
    endloop
  endfacet
  facet normal 0 0 1
    outer loop
      vertex -8.18756 -55.196 5
      vertex -2.13778 -4.51995 5
      vertex -2.35698 -4.40961 5
    endloop
  endfacet
  facet normal 0 0 1
    outer loop
      vertex -8.18756 -55.196 5
      vertex -2.35698 -4.40961 5
      vertex -2.57051 -4.28864 5
    endloop
  endfacet
  facet normal 0 0 1
    outer loop
      vertex -0.245337 -4.99398 5
      vertex -2.73798 -55.7328 5
      vertex 0 -55.8 5
    endloop
  endfacet
  facet normal 0 0 1
    outer loop
      vertex -8.18756 -55.196 5
      vertex -2.57051 -4.28864 5
      vertex -2.77785 -4.15735 5
    endloop
  endfacet
  facet normal 0 0 1
    outer loop
      vertex -8.18756 -55.196 5
      vertex -2.77785 -4.15735 5
      vertex -2.9785 -4.01604 5
    endloop
  endfacet
  facet normal 0 0 1
    outer loop
      vertex -8.18756 -55.196 5
      vertex -2.9785 -4.01604 5
      vertex -3.17197 -3.86505 5
    endloop
  endfacet
  facet normal 0 0 1
    outer loop
      vertex -8.18756 -55.196 5
      vertex -3.17197 -3.86505 5
      vertex -3.35779 -3.70475 5
    endloop
  endfacet
  facet normal 0 0 1
    outer loop
      vertex -8.18756 -55.196 5
      vertex -3.35779 -3.70475 5
      vertex -3.53553 -3.53553 5
    endloop
  endfacet
  facet normal 0 0 1
    outer loop
      vertex -8.18756 -55.196 5
      vertex -3.53553 -3.53553 5
      vertex -3.70475 -3.35779 5
    endloop
  endfacet
  facet normal 0 0 1
    outer loop
      vertex -8.18756 -55.196 5
      vertex -3.70475 -3.35779 5
      vertex -3.86505 -3.17197 5
    endloop
  endfacet
  facet normal 0 0 1
    outer loop
      vertex -8.18756 -55.196 5
      vertex -3.86505 -3.17197 5
      vertex -4.01604 -2.9785 5
    endloop
  endfacet
  facet normal 0 0 1
    outer loop
      vertex -8.18756 -55.196 5
      vertex -4.01604 -2.9785 5
      vertex -4.15735 -2.77785 5
    endloop
  endfacet
  facet normal 0 0 1
    outer loop
      vertex -8.18756 -55.196 5
      vertex -4.15735 -2.77785 5
      vertex -4.28864 -2.57051 5
    endloop
  endfacet
  facet normal 0 0 1
    outer loop
      vertex -8.18756 -55.196 5
      vertex -4.28864 -2.57051 5
      vertex -4.40961 -2.35698 5
    endloop
  endfacet
  facet normal 0 0 1
    outer loop
      vertex -8.18756 -55.196 5
      vertex -4.40961 -2.35698 5
      vertex -4.51995 -2.13778 5
    endloop
  endfacet
  facet normal 0 0 1
    outer loop
      vertex -8.18756 -55.196 5
      vertex -4.51995 -2.13778 5
      vertex -4.6194 -1.91342 5
    endloop
  endfacet
  facet normal 0 0 1
    outer loop
      vertex -8.18756 -55.196 5
      vertex -4.6194 -1.91342 5
      vertex -4.70772 -1.68445 5
    endloop
  endfacet
  facet normal 0 0 1
    outer loop
      vertex -8.18756 -55.196 5
      vertex -4.70772 -1.68445 5
      vertex -4.7847 -1.45142 5
    endloop
  endfacet
  facet normal 0 0 1
    outer loop
      vertex -8.18756 -55.196 5
      vertex -4.7847 -1.45142 5
      vertex -4.85016 -1.2149 5
    endloop
  endfacet
  facet normal 0 0 1
    outer loop
      vertex -8.18756 -55.196 5
      vertex -4.85016 -1.2149 5
      vertex -4.90393 -0.975451 5
    endloop
  endfacet
  facet normal 0 0 1
    outer loop
      vertex -8.18756 -55.196 5
      vertex -4.90393 -0.975451 5
      vertex -4.94588 -0.733652 5
    endloop
  endfacet
  facet normal 0 0 1
    outer loop
      vertex -8.18756 -55.196 5
      vertex -4.94588 -0.733652 5
      vertex -4.97592 -0.490086 5
    endloop
  endfacet
  facet normal 0 0 1
    outer loop
      vertex -8.18756 -55.196 5
      vertex -4.97592 -0.490086 5
      vertex -4.99398 -0.245337 5
    endloop
  endfacet
  facet normal 0 0 1
    outer loop
      vertex -0.490086 -4.97592 5
      vertex -5.46935 -55.5313 5
      vertex -2.73798 -55.7328 5
    endloop
  endfacet
  facet normal 0 0 1
    outer loop
      vertex -55.7328 -2.73798 5
      vertex -4.99398 -0.245337 5
      vertex -5 0 5
    endloop
  endfacet
  facet normal 0.707 -0.0173524 0.707
    outer loop
      vertex -55.8 0 5
      vertex -55.7328 2.73798 5
      vertex -57 0 6.2
    endloop
  endfacet
  facet normal 0.707016 -0.0173666 0.706984
    outer loop
      vertex -55.7328 2.73798 5
      vertex -56.9313 2.79686 6.2
      vertex -57 0 6.2
    endloop
  endfacet
  facet normal 0.705313 -0.0520327 0.706984
    outer loop
      vertex -55.7328 2.73798 5
      vertex -55.5313 5.46935 5
      vertex -56.9313 2.79686 6.2
    endloop
  endfacet
  facet normal 0.705303 -0.0520234 0.706994
    outer loop
      vertex -55.5313 5.46935 5
      vertex -56.7255 5.58698 6.2
      vertex -56.9313 2.79686 6.2
    endloop
  endfacet
  facet normal 0.7019 -0.0865816 0.706994
    outer loop
      vertex -55.5313 5.46935 5
      vertex -55.196 8.18756 5
      vertex -56.7255 5.58698 6.2
    endloop
  endfacet
  facet normal 0.701871 -0.0865503 0.707026
    outer loop
      vertex -55.196 8.18756 5
      vertex -56.3831 8.36364 6.2
      vertex -56.7255 5.58698 6.2
    endloop
  endfacet
  facet normal 0.696777 -0.120896 0.707026
    outer loop
      vertex -55.196 8.18756 5
      vertex -54.7278 10.886 5
      vertex -56.3831 8.36364 6.2
    endloop
  endfacet
  facet normal 0.696785 -0.120906 0.707017
    outer loop
      vertex -54.7278 10.886 5
      vertex -55.9048 11.1201 6.2
      vertex -56.3831 8.36364 6.2
    endloop
  endfacet
  facet normal 0.690013 -0.154951 0.707016
    outer loop
      vertex -54.7278 10.886 5
      vertex -54.1277 13.5583 5
      vertex -55.9048 11.1201 6.2
    endloop
  endfacet
  facet normal 0.69001 -0.154948 0.70702
    outer loop
      vertex -54.1277 13.5583 5
      vertex -55.2918 13.8499 6.2
      vertex -55.9048 11.1201 6.2
    endloop
  endfacet
  facet normal 0.681581 -0.188599 0.70702
    outer loop
      vertex -54.1277 13.5583 5
      vertex -53.3973 16.1979 5
      vertex -55.2918 13.8499 6.2
    endloop
  endfacet
  facet normal 0.681604 -0.188634 0.706989
    outer loop
      vertex -53.3973 16.1979 5
      vertex -54.5456 16.5462 6.2
      vertex -55.2918 13.8499 6.2
    endloop
  endfacet
  facet normal 0.671524 -0.221862 0.706988
    outer loop
      vertex -53.3973 16.1979 5
      vertex -52.5381 18.7985 5
      vertex -54.5456 16.5462 6.2
    endloop
  endfacet
  facet normal 0.671512 -0.22184 0.707007
    outer loop
      vertex -52.5381 18.7985 5
      vertex -53.668 19.2027 6.2
      vertex -54.5456 16.5462 6.2
    endloop
  endfacet
  facet normal 0.659824 -0.254509 0.707006
    outer loop
      vertex -52.5381 18.7985 5
      vertex -51.5525 21.3537 5
      vertex -53.668 19.2027 6.2
    endloop
  endfacet
  facet normal 0.659832 -0.254524 0.706993
    outer loop
      vertex -51.5525 21.3537 5
      vertex -52.6611 21.813 6.2
      vertex -53.668 19.2027 6.2
    endloop
  endfacet
  facet normal 0.646546 -0.286594 0.706995
    outer loop
      vertex -51.5525 21.3537 5
      vertex -50.4426 23.8576 5
      vertex -52.6611 21.813 6.2
    endloop
  endfacet
  facet normal 0.646546 -0.286593 0.706996
    outer loop
      vertex -50.4426 23.8576 5
      vertex -51.5274 24.3706 6.2
      vertex -52.6611 21.813 6.2
    endloop
  endfacet
  facet normal 0.631701 -0.317981 0.706995
    outer loop
      vertex -50.4426 23.8576 5
      vertex -49.2112 26.3039 5
      vertex -51.5274 24.3706 6.2
    endloop
  endfacet
  facet normal 0.631698 -0.317972 0.707002
    outer loop
      vertex -49.2112 26.3039 5
      vertex -50.2695 26.8696 6.2
      vertex -51.5274 24.3706 6.2
    endloop
  endfacet
  facet normal 0.61533 -0.348592 0.707002
    outer loop
      vertex -49.2112 26.3039 5
      vertex -47.8612 28.6869 5
      vertex -50.2695 26.8696 6.2
    endloop
  endfacet
  facet normal 0.615323 -0.348573 0.707018
    outer loop
      vertex -47.8612 28.6869 5
      vertex -48.8905 29.3039 6.2
      vertex -50.2695 26.8696 6.2
    endloop
  endfacet
  facet normal 0.597483 -0.378336 0.707019
    outer loop
      vertex -47.8612 28.6869 5
      vertex -46.396 31.0008 5
      vertex -48.8905 29.3039 6.2
    endloop
  endfacet
  facet normal 0.597486 -0.378345 0.707012
    outer loop
      vertex -46.396 31.0008 5
      vertex -47.3938 31.6675 6.2
      vertex -48.8905 29.3039 6.2
    endloop
  endfacet
  facet normal 0.5782 -0.407209 0.707012
    outer loop
      vertex -46.396 31.0008 5
      vertex -44.819 33.24 5
      vertex -47.3938 31.6675 6.2
    endloop
  endfacet
  facet normal 0.578204 -0.407225 0.706999
    outer loop
      vertex -44.819 33.24 5
      vertex -45.7828 33.9549 6.2
      vertex -47.3938 31.6675 6.2
    endloop
  endfacet
  facet normal 0.557527 -0.435104 0.707
    outer loop
      vertex -44.819 33.24 5
      vertex -43.134 35.3991 5
      vertex -45.7828 33.9549 6.2
    endloop
  endfacet
  facet normal 0.557526 -0.4351 0.707002
    outer loop
      vertex -43.134 35.3991 5
      vertex -44.0616 36.1604 6.2
      vertex -45.7828 33.9549 6.2
    endloop
  endfacet
  facet normal 0.535514 -0.461922 0.707003
    outer loop
      vertex -43.134 35.3991 5
      vertex -41.3451 37.473 5
      vertex -44.0616 36.1604 6.2
    endloop
  endfacet
  facet normal 0.535515 -0.46193 0.706997
    outer loop
      vertex -41.3451 37.473 5
      vertex -42.2342 38.2789 6.2
      vertex -44.0616 36.1604 6.2
    endloop
  endfacet
  facet normal 0.512205 -0.487648 0.706997
    outer loop
      vertex -41.3451 37.473 5
      vertex -39.4566 39.4566 5
      vertex -42.2342 38.2789 6.2
    endloop
  endfacet
  facet normal 0.512206 -0.48766 0.706989
    outer loop
      vertex -39.4566 39.4566 5
      vertex -40.3051 40.3051 6.2
      vertex -42.2342 38.2789 6.2
    endloop
  endfacet
  facet normal 0.487654 -0.512211 0.706988
    outer loop
      vertex -39.4566 39.4566 5
      vertex -37.473 41.3451 5
      vertex -40.3051 40.3051 6.2
    endloop
  endfacet
  facet normal 0.487654 -0.5122 0.706997
    outer loop
      vertex -37.473 41.3451 5
      vertex -38.2789 42.2342 6.2
      vertex -40.3051 40.3051 6.2
    endloop
  endfacet
  facet normal 0.461926 -0.535518 0.706997
    outer loop
      vertex -37.473 41.3451 5
      vertex -35.3991 43.134 5
      vertex -38.2789 42.2342 6.2
    endloop
  endfacet
  facet normal 0.461926 -0.53551 0.707003
    outer loop
      vertex -35.3991 43.134 5
      vertex -36.1604 44.0616 6.2
      vertex -38.2789 42.2342 6.2
    endloop
  endfacet
  facet normal 0.435102 -0.557525 0.707003
    outer loop
      vertex -35.3991 43.134 5
      vertex -33.24 44.819 5
      vertex -36.1604 44.0616 6.2
    endloop
  endfacet
  facet normal 0.435102 -0.557528 0.707
    outer loop
      vertex -33.24 44.819 5
      vertex -33.9549 45.7828 6.2
      vertex -36.1604 44.0616 6.2
    endloop
  endfacet
  facet normal 0.407216 -0.578211 0.706999
    outer loop
      vertex -33.24 44.819 5
      vertex -31.0008 46.396 5
      vertex -33.9549 45.7828 6.2
    endloop
  endfacet
  facet normal 0.407218 -0.578194 0.707012
    outer loop
      vertex -31.0008 46.396 5
      vertex -31.6675 47.3938 6.2
      vertex -33.9549 45.7828 6.2
    endloop
  endfacet
  facet normal 0.37834 -0.597489 0.707012
    outer loop
      vertex -31.0008 46.396 5
      vertex -28.6869 47.8612 5
      vertex -31.6675 47.3938 6.2
    endloop
  endfacet
  facet normal 0.378341 -0.59748 0.707019
    outer loop
      vertex -28.6869 47.8612 5
      vertex -29.3039 48.8905 6.2
      vertex -31.6675 47.3938 6.2
    endloop
  endfacet
  facet normal 0.348585 -0.615316 0.707018
    outer loop
      vertex -28.6869 47.8612 5
      vertex -26.3039 49.2112 5
      vertex -29.3039 48.8905 6.2
    endloop
  endfacet
  facet normal 0.34858 -0.615337 0.707002
    outer loop
      vertex -26.3039 49.2112 5
      vertex -26.8696 50.2695 6.2
      vertex -29.3039 48.8905 6.2
    endloop
  endfacet
  facet normal 0.317978 -0.631695 0.707002
    outer loop
      vertex -26.3039 49.2112 5
      vertex -23.8576 50.4426 5
      vertex -26.8696 50.2695 6.2
    endloop
  endfacet
  facet normal 0.317975 -0.631704 0.706995
    outer loop
      vertex -23.8576 50.4426 5
      vertex -24.3706 51.5274 6.2
      vertex -26.8696 50.2695 6.2
    endloop
  endfacet
  facet normal 0.286593 -0.646546 0.706996
    outer loop
      vertex -23.8576 50.4426 5
      vertex -21.3537 51.5525 5
      vertex -24.3706 51.5274 6.2
    endloop
  endfacet
  facet normal 0.286593 -0.646547 0.706995
    outer loop
      vertex -21.3537 51.5525 5
      vertex -21.813 52.6611 6.2
      vertex -24.3706 51.5274 6.2
    endloop
  endfacet
  facet normal 0.254514 -0.659836 0.706993
    outer loop
      vertex -21.3537 51.5525 5
      vertex -18.7985 52.5381 5
      vertex -21.813 52.6611 6.2
    endloop
  endfacet
  facet normal 0.25452 -0.65982 0.707006
    outer loop
      vertex -18.7985 52.5381 5
      vertex -19.2027 53.668 6.2
      vertex -21.813 52.6611 6.2
    endloop
  endfacet
  facet normal 0.221856 -0.671506 0.707007
    outer loop
      vertex -18.7985 52.5381 5
      vertex -16.1979 53.3973 5
      vertex -19.2027 53.668 6.2
    endloop
  endfacet
  facet normal 0.221846 -0.671529 0.706988
    outer loop
      vertex -16.1979 53.3973 5
      vertex -16.5462 54.5456 6.2
      vertex -19.2027 53.668 6.2
    endloop
  endfacet
  facet normal 0.188608 -0.681611 0.706989
    outer loop
      vertex -16.1979 53.3973 5
      vertex -13.5583 54.1277 5
      vertex -16.5462 54.5456 6.2
    endloop
  endfacet
  facet normal 0.188625 -0.681574 0.70702
    outer loop
      vertex -13.5583 54.1277 5
      vertex -13.8499 55.2918 6.2
      vertex -16.5462 54.5456 6.2
    endloop
  endfacet
  facet normal 0.155283 -0.689931 0.707024
    outer loop
      vertex -13.5231 54.2381 5.1
      vertex -13.8499 55.2918 6.2
      vertex -13.5583 54.1277 5
    endloop
  endfacet
  facet normal 0.15496 -0.690017 0.707011
    outer loop
      vertex -11.6195 54.6656 5.1
      vertex -13.8499 55.2918 6.2
      vertex -13.5231 54.2381 5.1
    endloop
  endfacet
  facet normal 0.154901 -0.690103 0.706939
    outer loop
      vertex -13.8499 55.2918 6.2
      vertex -11.6195 54.6656 5.1
      vertex -11.133 54.7748 5.1
    endloop
  endfacet
  facet normal 0.155646 -0.689954 0.706922
    outer loop
      vertex -13.4989 54.1411 5
      vertex -13.5231 54.2381 5.1
      vertex -13.5583 54.1277 5
    endloop
  endfacet
  facet normal 0.154987 -0.69001 0.707011
    outer loop
      vertex -11.1201 55.9048 6.2
      vertex -11.133 54.7748 5.1
      vertex -10.9055 54.8259 5.1
    endloop
  endfacet
  facet normal 0.154949 -0.690014 0.707016
    outer loop
      vertex -11.133 54.7748 5.1
      vertex -11.1201 55.9048 6.2
      vertex -13.8499 55.2918 6.2
    endloop
  endfacet
  facet normal 0.120904 -0.69679 0.707012
    outer loop
      vertex -10.9055 54.8259 5.1
      vertex -8.43194 55.2551 5.1
      vertex -11.1201 55.9048 6.2
    endloop
  endfacet
  facet normal 0.121029 -0.69678 0.707001
    outer loop
      vertex -8.36364 56.3831 6.2
      vertex -8.43194 55.2551 5.1
      vertex -8.20223 55.295 5.1
    endloop
  endfacet
  facet normal 0.120906 -0.696786 0.707015
    outer loop
      vertex -8.43194 55.2551 5.1
      vertex -8.36364 56.3831 6.2
      vertex -11.1201 55.9048 6.2
    endloop
  endfacet
  facet normal 0.0865648 -0.701893 0.707002
    outer loop
      vertex -8.20223 55.295 5.1
      vertex -5.71055 55.6023 5.1
      vertex -8.36364 56.3831 6.2
    endloop
  endfacet
  facet normal 0.0864532 -0.701909 0.707001
    outer loop
      vertex -5.58698 56.7255 6.2
      vertex -5.71055 55.6023 5.1
      vertex -5.47916 55.6308 5.1
    endloop
  endfacet
  facet normal 0.0865548 -0.701908 0.706989
    outer loop
      vertex -5.71055 55.6023 5.1
      vertex -5.58698 56.7255 6.2
      vertex -8.36364 56.3831 6.2
    endloop
  endfacet
  facet normal 0.0520289 -0.705298 0.706999
    outer loop
      vertex -5.47916 55.6308 5.1
      vertex -2.97539 55.8155 5.1
      vertex -5.58698 56.7255 6.2
    endloop
  endfacet
  facet normal 0.0521757 -0.705312 0.706975
    outer loop
      vertex -2.79686 56.9313 6.2
      vertex -2.97539 55.8155 5.1
      vertex -2.74288 55.8327 5.1
    endloop
  endfacet
  facet normal 0.0520235 -0.705305 0.706992
    outer loop
      vertex -2.97539 55.8155 5.1
      vertex -2.79686 56.9313 6.2
      vertex -5.58698 56.7255 6.2
    endloop
  endfacet
  facet normal 0.017353 -0.707024 0.706976
    outer loop
      vertex -2.74288 55.8327 5.1
      vertex -0.233072 55.8943 5.1
      vertex -2.79686 56.9313 6.2
    endloop
  endfacet
  facet normal 0.0172904 -0.707001 0.707001
    outer loop
      vertex 0 57 6.2
      vertex -0.233072 55.8943 5.1
      vertex 0 55.9 5.1
    endloop
  endfacet
  facet normal 0.0173664 -0.707008 0.706992
    outer loop
      vertex -0.233072 55.8943 5.1
      vertex 0 57 6.2
      vertex -2.79686 56.9313 6.2
    endloop
  endfacet
  facet normal -0.0173524 -0.707 0.707
    outer loop
      vertex 2.50981 55.8384 5.1
      vertex 0 57 6.2
      vertex 0 55.9 5.1
    endloop
  endfacet
  facet normal -0.0172912 -0.707027 0.706975
    outer loop
      vertex 2.79686 56.9313 6.2
      vertex 2.50981 55.8384 5.1
      vertex 2.74288 55.8327 5.1
    endloop
  endfacet
  facet normal -0.0173666 -0.707016 0.706984
    outer loop
      vertex 2.50981 55.8384 5.1
      vertex 2.79686 56.9313 6.2
      vertex 0 57 6.2
    endloop
  endfacet
  facet normal -0.0520306 -0.705321 0.706976
    outer loop
      vertex 5.24665 55.648 5.1
      vertex 2.79686 56.9313 6.2
      vertex 2.74288 55.8327 5.1
    endloop
  endfacet
  facet normal -0.0521737 -0.705285 0.707001
    outer loop
      vertex 5.58698 56.7255 6.2
      vertex 5.24665 55.648 5.1
      vertex 5.47916 55.6308 5.1
    endloop
  endfacet
  facet normal -0.0520242 -0.705314 0.706983
    outer loop
      vertex 5.24665 55.648 5.1
      vertex 5.58698 56.7255 6.2
      vertex 2.79686 56.9313 6.2
    endloop
  endfacet
  facet normal -0.0865652 -0.701896 0.706999
    outer loop
      vertex 7.97084 55.3235 5.1
      vertex 5.58698 56.7255 6.2
      vertex 5.47916 55.6308 5.1
    endloop
  endfacet
  facet normal -0.0864531 -0.701908 0.707001
    outer loop
      vertex 8.36364 56.3831 6.2
      vertex 7.97084 55.3235 5.1
      vertex 8.20223 55.295 5.1
    endloop
  endfacet
  facet normal -0.0865519 -0.701884 0.707013
    outer loop
      vertex 7.97084 55.3235 5.1
      vertex 8.36364 56.3831 6.2
      vertex 5.58698 56.7255 6.2
    endloop
  endfacet
  facet normal -0.120932 -0.696795 0.707002
    outer loop
      vertex 10.6758 54.8657 5.1
      vertex 8.36364 56.3831 6.2
      vertex 8.20223 55.295 5.1
    endloop
  endfacet
  facet normal -0.120738 -0.696821 0.70701
    outer loop
      vertex 11.1201 55.9048 6.2
      vertex 10.6758 54.8657 5.1
      vertex 10.9055 54.8259 5.1
    endloop
  endfacet
  facet normal -0.120904 -0.696772 0.70703
    outer loop
      vertex 10.6758 54.8657 5.1
      vertex 11.1201 55.9048 6.2
      vertex 8.36364 56.3831 6.2
    endloop
  endfacet
  facet normal -0.154975 -0.690031 0.706993
    outer loop
      vertex 11.1201 55.9048 6.2
      vertex 11.6195 54.6656 5.1
      vertex 13.3551 54.2758 5.1
    endloop
  endfacet
  facet normal -0.154917 -0.690025 0.707012
    outer loop
      vertex 11.6195 54.6656 5.1
      vertex 11.1201 55.9048 6.2
      vertex 10.9055 54.8259 5.1
    endloop
  endfacet
  facet normal -0.155796 -0.690616 0.706242
    outer loop
      vertex 13.5583 54.1277 5
      vertex 13.5052 54.1664 5.02613
      vertex 13.4989 54.1411 5
    endloop
  endfacet
  facet normal -0.155283 -0.689931 0.707024
    outer loop
      vertex 13.8499 55.2918 6.2
      vertex 13.5231 54.2381 5.1
      vertex 13.5583 54.1277 5
    endloop
  endfacet
  facet normal -0.15485 -0.690046 0.707006
    outer loop
      vertex 13.8499 55.2918 6.2
      vertex 13.3551 54.2758 5.1
      vertex 13.5231 54.2381 5.1
    endloop
  endfacet
  facet normal -0.154948 -0.690012 0.707018
    outer loop
      vertex 13.3551 54.2758 5.1
      vertex 13.8499 55.2918 6.2
      vertex 11.1201 55.9048 6.2
    endloop
  endfacet
  facet normal -0.154827 -0.689902 0.707152
    outer loop
      vertex 13.5583 54.1277 5
      vertex 13.5231 54.2381 5.1
      vertex 13.5052 54.1664 5.02613
    endloop
  endfacet
  facet normal -0.188599 -0.681581 0.70702
    outer loop
      vertex 16.1979 53.3973 5
      vertex 13.8499 55.2918 6.2
      vertex 13.5583 54.1277 5
    endloop
  endfacet
  facet normal -0.188634 -0.681604 0.706989
    outer loop
      vertex 16.1979 53.3973 5
      vertex 16.5462 54.5456 6.2
      vertex 13.8499 55.2918 6.2
    endloop
  endfacet
  facet normal -0.221862 -0.671524 0.706988
    outer loop
      vertex 18.7985 52.5381 5
      vertex 16.5462 54.5456 6.2
      vertex 16.1979 53.3973 5
    endloop
  endfacet
  facet normal -0.22184 -0.671512 0.707007
    outer loop
      vertex 18.7985 52.5381 5
      vertex 19.2027 53.668 6.2
      vertex 16.5462 54.5456 6.2
    endloop
  endfacet
  facet normal -0.254509 -0.659824 0.707006
    outer loop
      vertex 21.3537 51.5525 5
      vertex 19.2027 53.668 6.2
      vertex 18.7985 52.5381 5
    endloop
  endfacet
  facet normal -0.254524 -0.659832 0.706993
    outer loop
      vertex 21.3537 51.5525 5
      vertex 21.813 52.6611 6.2
      vertex 19.2027 53.668 6.2
    endloop
  endfacet
  facet normal -0.286594 -0.646546 0.706995
    outer loop
      vertex 23.8576 50.4426 5
      vertex 21.813 52.6611 6.2
      vertex 21.3537 51.5525 5
    endloop
  endfacet
  facet normal -0.286593 -0.646546 0.706996
    outer loop
      vertex 23.8576 50.4426 5
      vertex 24.3706 51.5274 6.2
      vertex 21.813 52.6611 6.2
    endloop
  endfacet
  facet normal -0.317981 -0.631701 0.706995
    outer loop
      vertex 26.3039 49.2112 5
      vertex 24.3706 51.5274 6.2
      vertex 23.8576 50.4426 5
    endloop
  endfacet
  facet normal -0.317972 -0.631698 0.707002
    outer loop
      vertex 26.3039 49.2112 5
      vertex 26.8696 50.2695 6.2
      vertex 24.3706 51.5274 6.2
    endloop
  endfacet
  facet normal -0.348592 -0.61533 0.707002
    outer loop
      vertex 28.6869 47.8612 5
      vertex 26.8696 50.2695 6.2
      vertex 26.3039 49.2112 5
    endloop
  endfacet
  facet normal -0.348573 -0.615323 0.707018
    outer loop
      vertex 28.6869 47.8612 5
      vertex 29.3039 48.8905 6.2
      vertex 26.8696 50.2695 6.2
    endloop
  endfacet
  facet normal -0.378336 -0.597483 0.707019
    outer loop
      vertex 31.0008 46.396 5
      vertex 29.3039 48.8905 6.2
      vertex 28.6869 47.8612 5
    endloop
  endfacet
  facet normal -0.378345 -0.597486 0.707012
    outer loop
      vertex 31.0008 46.396 5
      vertex 31.6675 47.3938 6.2
      vertex 29.3039 48.8905 6.2
    endloop
  endfacet
  facet normal -0.407209 -0.5782 0.707012
    outer loop
      vertex 33.24 44.819 5
      vertex 31.6675 47.3938 6.2
      vertex 31.0008 46.396 5
    endloop
  endfacet
  facet normal -0.407225 -0.578204 0.706999
    outer loop
      vertex 33.24 44.819 5
      vertex 33.9549 45.7828 6.2
      vertex 31.6675 47.3938 6.2
    endloop
  endfacet
  facet normal -0.435104 -0.557527 0.707
    outer loop
      vertex 35.3991 43.134 5
      vertex 33.9549 45.7828 6.2
      vertex 33.24 44.819 5
    endloop
  endfacet
  facet normal -0.4351 -0.557526 0.707002
    outer loop
      vertex 35.3991 43.134 5
      vertex 36.1604 44.0616 6.2
      vertex 33.9549 45.7828 6.2
    endloop
  endfacet
  facet normal -0.461922 -0.535514 0.707003
    outer loop
      vertex 37.473 41.3451 5
      vertex 36.1604 44.0616 6.2
      vertex 35.3991 43.134 5
    endloop
  endfacet
  facet normal -0.46193 -0.535515 0.706997
    outer loop
      vertex 37.473 41.3451 5
      vertex 38.2789 42.2342 6.2
      vertex 36.1604 44.0616 6.2
    endloop
  endfacet
  facet normal -0.487648 -0.512205 0.706997
    outer loop
      vertex 39.4566 39.4566 5
      vertex 38.2789 42.2342 6.2
      vertex 37.473 41.3451 5
    endloop
  endfacet
  facet normal -0.48766 -0.512206 0.706989
    outer loop
      vertex 39.4566 39.4566 5
      vertex 40.3051 40.3051 6.2
      vertex 38.2789 42.2342 6.2
    endloop
  endfacet
  facet normal -0.512211 -0.487654 0.706988
    outer loop
      vertex 41.3451 37.473 5
      vertex 40.3051 40.3051 6.2
      vertex 39.4566 39.4566 5
    endloop
  endfacet
  facet normal -0.5122 -0.487654 0.706997
    outer loop
      vertex 41.3451 37.473 5
      vertex 42.2342 38.2789 6.2
      vertex 40.3051 40.3051 6.2
    endloop
  endfacet
  facet normal -0.535518 -0.461926 0.706997
    outer loop
      vertex 43.134 35.3991 5
      vertex 42.2342 38.2789 6.2
      vertex 41.3451 37.473 5
    endloop
  endfacet
  facet normal -0.53551 -0.461926 0.707003
    outer loop
      vertex 43.134 35.3991 5
      vertex 44.0616 36.1604 6.2
      vertex 42.2342 38.2789 6.2
    endloop
  endfacet
  facet normal -0.557525 -0.435102 0.707003
    outer loop
      vertex 44.819 33.24 5
      vertex 44.0616 36.1604 6.2
      vertex 43.134 35.3991 5
    endloop
  endfacet
  facet normal -0.557528 -0.435102 0.707
    outer loop
      vertex 44.819 33.24 5
      vertex 45.7828 33.9549 6.2
      vertex 44.0616 36.1604 6.2
    endloop
  endfacet
  facet normal -0.578211 -0.407216 0.706999
    outer loop
      vertex 46.396 31.0008 5
      vertex 45.7828 33.9549 6.2
      vertex 44.819 33.24 5
    endloop
  endfacet
  facet normal -0.578194 -0.407218 0.707012
    outer loop
      vertex 46.396 31.0008 5
      vertex 47.3938 31.6675 6.2
      vertex 45.7828 33.9549 6.2
    endloop
  endfacet
  facet normal -0.597489 -0.37834 0.707012
    outer loop
      vertex 47.8612 28.6869 5
      vertex 47.3938 31.6675 6.2
      vertex 46.396 31.0008 5
    endloop
  endfacet
  facet normal -0.59748 -0.378341 0.707019
    outer loop
      vertex 47.8612 28.6869 5
      vertex 48.8905 29.3039 6.2
      vertex 47.3938 31.6675 6.2
    endloop
  endfacet
  facet normal -0.615316 -0.348585 0.707018
    outer loop
      vertex 49.2112 26.3039 5
      vertex 48.8905 29.3039 6.2
      vertex 47.8612 28.6869 5
    endloop
  endfacet
  facet normal -0.615337 -0.34858 0.707002
    outer loop
      vertex 49.2112 26.3039 5
      vertex 50.2695 26.8696 6.2
      vertex 48.8905 29.3039 6.2
    endloop
  endfacet
  facet normal -0.631695 -0.317978 0.707002
    outer loop
      vertex 50.4426 23.8576 5
      vertex 50.2695 26.8696 6.2
      vertex 49.2112 26.3039 5
    endloop
  endfacet
  facet normal -0.631704 -0.317975 0.706995
    outer loop
      vertex 50.4426 23.8576 5
      vertex 51.5274 24.3706 6.2
      vertex 50.2695 26.8696 6.2
    endloop
  endfacet
  facet normal -0.646546 -0.286593 0.706996
    outer loop
      vertex 51.5525 21.3537 5
      vertex 51.5274 24.3706 6.2
      vertex 50.4426 23.8576 5
    endloop
  endfacet
  facet normal -0.646547 -0.286593 0.706995
    outer loop
      vertex 51.5525 21.3537 5
      vertex 52.6611 21.813 6.2
      vertex 51.5274 24.3706 6.2
    endloop
  endfacet
  facet normal -0.659836 -0.254514 0.706993
    outer loop
      vertex 52.5381 18.7985 5
      vertex 52.6611 21.813 6.2
      vertex 51.5525 21.3537 5
    endloop
  endfacet
  facet normal -0.65982 -0.25452 0.707006
    outer loop
      vertex 53.668 19.2027 6.2
      vertex 52.6611 21.813 6.2
      vertex 52.5381 18.7985 5
    endloop
  endfacet
  facet normal -0.671506 -0.221856 0.707007
    outer loop
      vertex 53.3973 16.1979 5
      vertex 53.668 19.2027 6.2
      vertex 52.5381 18.7985 5
    endloop
  endfacet
  facet normal -0.671529 -0.221846 0.706988
    outer loop
      vertex 54.5456 16.5462 6.2
      vertex 53.668 19.2027 6.2
      vertex 53.3973 16.1979 5
    endloop
  endfacet
  facet normal -0.681611 -0.188608 0.706989
    outer loop
      vertex 54.1277 13.5583 5
      vertex 54.5456 16.5462 6.2
      vertex 53.3973 16.1979 5
    endloop
  endfacet
  facet normal -0.681574 -0.188625 0.70702
    outer loop
      vertex 55.2918 13.8499 6.2
      vertex 54.5456 16.5462 6.2
      vertex 54.1277 13.5583 5
    endloop
  endfacet
  facet normal -0.69001 -0.154951 0.70702
    outer loop
      vertex 54.7278 10.886 5
      vertex 55.2918 13.8499 6.2
      vertex 54.1277 13.5583 5
    endloop
  endfacet
  facet normal -0.690014 -0.154948 0.707016
    outer loop
      vertex 55.9048 11.1201 6.2
      vertex 55.2918 13.8499 6.2
      vertex 54.7278 10.886 5
    endloop
  endfacet
  facet normal -0.696786 -0.120898 0.707017
    outer loop
      vertex 55.196 8.18756 5
      vertex 55.9048 11.1201 6.2
      vertex 54.7278 10.886 5
    endloop
  endfacet
  facet normal -0.696776 -0.120904 0.707026
    outer loop
      vertex 56.3831 8.36364 6.2
      vertex 55.9048 11.1201 6.2
      vertex 55.196 8.18756 5
    endloop
  endfacet
  facet normal -0.701868 -0.0865776 0.707026
    outer loop
      vertex 55.5313 5.46935 5
      vertex 56.3831 8.36364 6.2
      vertex 55.196 8.18756 5
    endloop
  endfacet
  facet normal -0.701903 -0.0865541 0.706994
    outer loop
      vertex 56.7255 5.58698 6.2
      vertex 56.3831 8.36364 6.2
      vertex 55.5313 5.46935 5
    endloop
  endfacet
  facet normal -0.705303 -0.0520319 0.706994
    outer loop
      vertex 55.7328 2.73798 5
      vertex 56.7255 5.58698 6.2
      vertex 55.5313 5.46935 5
    endloop
  endfacet
  facet normal -0.705313 -0.0520241 0.706984
    outer loop
      vertex 56.9313 2.79686 6.2
      vertex 56.7255 5.58698 6.2
      vertex 55.7328 2.73798 5
    endloop
  endfacet
  facet normal -0.707016 -0.0173528 0.706984
    outer loop
      vertex 55.8 0 5
      vertex 56.9313 2.79686 6.2
      vertex 55.7328 2.73798 5
    endloop
  endfacet
  facet normal -0.707 -0.0173662 0.707
    outer loop
      vertex 57 0 6.2
      vertex 56.9313 2.79686 6.2
      vertex 55.8 0 5
    endloop
  endfacet
  facet normal -0.707 0.0173524 0.707
    outer loop
      vertex 57 0 6.2
      vertex 55.8 0 5
      vertex 55.7328 -2.73798 5
    endloop
  endfacet
  facet normal -0.707016 0.0173666 0.706984
    outer loop
      vertex 56.9313 -2.79686 6.2
      vertex 57 0 6.2
      vertex 55.7328 -2.73798 5
    endloop
  endfacet
  facet normal -0.705313 0.0520327 0.706984
    outer loop
      vertex 56.9313 -2.79686 6.2
      vertex 55.7328 -2.73798 5
      vertex 55.5313 -5.46935 5
    endloop
  endfacet
  facet normal -0.705303 0.0520234 0.706994
    outer loop
      vertex 56.7255 -5.58698 6.2
      vertex 56.9313 -2.79686 6.2
      vertex 55.5313 -5.46935 5
    endloop
  endfacet
  facet normal -0.7019 0.0865816 0.706994
    outer loop
      vertex 56.7255 -5.58698 6.2
      vertex 55.5313 -5.46935 5
      vertex 55.196 -8.18756 5
    endloop
  endfacet
  facet normal -0.701871 0.0865503 0.707026
    outer loop
      vertex 56.3831 -8.36364 6.2
      vertex 56.7255 -5.58698 6.2
      vertex 55.196 -8.18756 5
    endloop
  endfacet
  facet normal -0.696777 0.120896 0.707026
    outer loop
      vertex 56.3831 -8.36364 6.2
      vertex 55.196 -8.18756 5
      vertex 54.7278 -10.886 5
    endloop
  endfacet
  facet normal -0.696785 0.120906 0.707017
    outer loop
      vertex 55.9048 -11.1201 6.2
      vertex 56.3831 -8.36364 6.2
      vertex 54.7278 -10.886 5
    endloop
  endfacet
  facet normal -0.690013 0.154951 0.707016
    outer loop
      vertex 55.9048 -11.1201 6.2
      vertex 54.7278 -10.886 5
      vertex 54.1277 -13.5583 5
    endloop
  endfacet
  facet normal -0.69001 0.154948 0.70702
    outer loop
      vertex 55.2918 -13.8499 6.2
      vertex 55.9048 -11.1201 6.2
      vertex 54.1277 -13.5583 5
    endloop
  endfacet
  facet normal -0.681581 0.188599 0.70702
    outer loop
      vertex 55.2918 -13.8499 6.2
      vertex 54.1277 -13.5583 5
      vertex 53.3973 -16.1979 5
    endloop
  endfacet
  facet normal -0.681604 0.188634 0.706989
    outer loop
      vertex 54.5456 -16.5462 6.2
      vertex 55.2918 -13.8499 6.2
      vertex 53.3973 -16.1979 5
    endloop
  endfacet
  facet normal -0.671524 0.221862 0.706988
    outer loop
      vertex 54.5456 -16.5462 6.2
      vertex 53.3973 -16.1979 5
      vertex 52.5381 -18.7985 5
    endloop
  endfacet
  facet normal -0.671512 0.22184 0.707007
    outer loop
      vertex 53.668 -19.2027 6.2
      vertex 54.5456 -16.5462 6.2
      vertex 52.5381 -18.7985 5
    endloop
  endfacet
  facet normal -0.659824 0.254509 0.707006
    outer loop
      vertex 53.668 -19.2027 6.2
      vertex 52.5381 -18.7985 5
      vertex 51.5525 -21.3537 5
    endloop
  endfacet
  facet normal -0.659832 0.254524 0.706993
    outer loop
      vertex 52.6611 -21.813 6.2
      vertex 53.668 -19.2027 6.2
      vertex 51.5525 -21.3537 5
    endloop
  endfacet
  facet normal -0.646546 0.286594 0.706995
    outer loop
      vertex 52.6611 -21.813 6.2
      vertex 51.5525 -21.3537 5
      vertex 50.4426 -23.8576 5
    endloop
  endfacet
  facet normal -0.646546 0.286593 0.706996
    outer loop
      vertex 51.5274 -24.3706 6.2
      vertex 52.6611 -21.813 6.2
      vertex 50.4426 -23.8576 5
    endloop
  endfacet
  facet normal -0.631701 0.317981 0.706995
    outer loop
      vertex 51.5274 -24.3706 6.2
      vertex 50.4426 -23.8576 5
      vertex 49.2112 -26.3039 5
    endloop
  endfacet
  facet normal -0.631698 0.317972 0.707002
    outer loop
      vertex 50.2695 -26.8696 6.2
      vertex 51.5274 -24.3706 6.2
      vertex 49.2112 -26.3039 5
    endloop
  endfacet
  facet normal -0.61533 0.348592 0.707002
    outer loop
      vertex 50.2695 -26.8696 6.2
      vertex 49.2112 -26.3039 5
      vertex 47.8612 -28.6869 5
    endloop
  endfacet
  facet normal -0.615323 0.348573 0.707018
    outer loop
      vertex 48.8905 -29.3039 6.2
      vertex 50.2695 -26.8696 6.2
      vertex 47.8612 -28.6869 5
    endloop
  endfacet
  facet normal -0.597483 0.378336 0.707019
    outer loop
      vertex 48.8905 -29.3039 6.2
      vertex 47.8612 -28.6869 5
      vertex 46.396 -31.0008 5
    endloop
  endfacet
  facet normal -0.597486 0.378345 0.707012
    outer loop
      vertex 47.3938 -31.6675 6.2
      vertex 48.8905 -29.3039 6.2
      vertex 46.396 -31.0008 5
    endloop
  endfacet
  facet normal -0.5782 0.407209 0.707012
    outer loop
      vertex 47.3938 -31.6675 6.2
      vertex 46.396 -31.0008 5
      vertex 44.819 -33.24 5
    endloop
  endfacet
  facet normal -0.578204 0.407225 0.706999
    outer loop
      vertex 45.7828 -33.9549 6.2
      vertex 47.3938 -31.6675 6.2
      vertex 44.819 -33.24 5
    endloop
  endfacet
  facet normal -0.557527 0.435104 0.707
    outer loop
      vertex 45.7828 -33.9549 6.2
      vertex 44.819 -33.24 5
      vertex 43.134 -35.3991 5
    endloop
  endfacet
  facet normal -0.557526 0.4351 0.707002
    outer loop
      vertex 44.0616 -36.1604 6.2
      vertex 45.7828 -33.9549 6.2
      vertex 43.134 -35.3991 5
    endloop
  endfacet
  facet normal -0.535514 0.461922 0.707003
    outer loop
      vertex 44.0616 -36.1604 6.2
      vertex 43.134 -35.3991 5
      vertex 41.3451 -37.473 5
    endloop
  endfacet
  facet normal -0.535515 0.46193 0.706997
    outer loop
      vertex 42.2342 -38.2789 6.2
      vertex 44.0616 -36.1604 6.2
      vertex 41.3451 -37.473 5
    endloop
  endfacet
  facet normal -0.512205 0.487648 0.706997
    outer loop
      vertex 42.2342 -38.2789 6.2
      vertex 41.3451 -37.473 5
      vertex 39.4566 -39.4566 5
    endloop
  endfacet
  facet normal -0.512206 0.48766 0.706989
    outer loop
      vertex 40.3051 -40.3051 6.2
      vertex 42.2342 -38.2789 6.2
      vertex 39.4566 -39.4566 5
    endloop
  endfacet
  facet normal -0.487654 0.512211 0.706988
    outer loop
      vertex 40.3051 -40.3051 6.2
      vertex 39.4566 -39.4566 5
      vertex 37.473 -41.3451 5
    endloop
  endfacet
  facet normal -0.487654 0.5122 0.706997
    outer loop
      vertex 38.2789 -42.2342 6.2
      vertex 40.3051 -40.3051 6.2
      vertex 37.473 -41.3451 5
    endloop
  endfacet
  facet normal -0.461926 0.535518 0.706997
    outer loop
      vertex 38.2789 -42.2342 6.2
      vertex 37.473 -41.3451 5
      vertex 35.3991 -43.134 5
    endloop
  endfacet
  facet normal -0.461926 0.53551 0.707003
    outer loop
      vertex 36.1604 -44.0616 6.2
      vertex 38.2789 -42.2342 6.2
      vertex 35.3991 -43.134 5
    endloop
  endfacet
  facet normal -0.435102 0.557525 0.707003
    outer loop
      vertex 36.1604 -44.0616 6.2
      vertex 35.3991 -43.134 5
      vertex 33.24 -44.819 5
    endloop
  endfacet
  facet normal -0.435102 0.557528 0.707
    outer loop
      vertex 33.9549 -45.7828 6.2
      vertex 36.1604 -44.0616 6.2
      vertex 33.24 -44.819 5
    endloop
  endfacet
  facet normal -0.407216 0.578211 0.706999
    outer loop
      vertex 33.9549 -45.7828 6.2
      vertex 33.24 -44.819 5
      vertex 31.0008 -46.396 5
    endloop
  endfacet
  facet normal -0.407218 0.578194 0.707012
    outer loop
      vertex 31.6675 -47.3938 6.2
      vertex 33.9549 -45.7828 6.2
      vertex 31.0008 -46.396 5
    endloop
  endfacet
  facet normal -0.37834 0.597489 0.707012
    outer loop
      vertex 31.6675 -47.3938 6.2
      vertex 31.0008 -46.396 5
      vertex 28.6869 -47.8612 5
    endloop
  endfacet
  facet normal -0.378341 0.59748 0.707019
    outer loop
      vertex 29.3039 -48.8905 6.2
      vertex 31.6675 -47.3938 6.2
      vertex 28.6869 -47.8612 5
    endloop
  endfacet
  facet normal -0.348585 0.615316 0.707018
    outer loop
      vertex 29.3039 -48.8905 6.2
      vertex 28.6869 -47.8612 5
      vertex 26.3039 -49.2112 5
    endloop
  endfacet
  facet normal -0.34858 0.615337 0.707002
    outer loop
      vertex 26.8696 -50.2695 6.2
      vertex 29.3039 -48.8905 6.2
      vertex 26.3039 -49.2112 5
    endloop
  endfacet
  facet normal -0.317978 0.631695 0.707002
    outer loop
      vertex 26.8696 -50.2695 6.2
      vertex 26.3039 -49.2112 5
      vertex 23.8576 -50.4426 5
    endloop
  endfacet
  facet normal -0.317975 0.631704 0.706995
    outer loop
      vertex 24.3706 -51.5274 6.2
      vertex 26.8696 -50.2695 6.2
      vertex 23.8576 -50.4426 5
    endloop
  endfacet
  facet normal -0.286593 0.646546 0.706996
    outer loop
      vertex 24.3706 -51.5274 6.2
      vertex 23.8576 -50.4426 5
      vertex 21.3537 -51.5525 5
    endloop
  endfacet
  facet normal -0.286593 0.646547 0.706995
    outer loop
      vertex 21.813 -52.6611 6.2
      vertex 24.3706 -51.5274 6.2
      vertex 21.3537 -51.5525 5
    endloop
  endfacet
  facet normal -0.254514 0.659836 0.706993
    outer loop
      vertex 21.813 -52.6611 6.2
      vertex 21.3537 -51.5525 5
      vertex 18.7985 -52.5381 5
    endloop
  endfacet
  facet normal -0.25452 0.65982 0.707006
    outer loop
      vertex 19.2027 -53.668 6.2
      vertex 21.813 -52.6611 6.2
      vertex 18.7985 -52.5381 5
    endloop
  endfacet
  facet normal -0.221856 0.671506 0.707007
    outer loop
      vertex 19.2027 -53.668 6.2
      vertex 18.7985 -52.5381 5
      vertex 16.1979 -53.3973 5
    endloop
  endfacet
  facet normal -0.221846 0.671529 0.706988
    outer loop
      vertex 16.5462 -54.5456 6.2
      vertex 19.2027 -53.668 6.2
      vertex 16.1979 -53.3973 5
    endloop
  endfacet
  facet normal -0.188608 0.681611 0.706989
    outer loop
      vertex 16.5462 -54.5456 6.2
      vertex 16.1979 -53.3973 5
      vertex 13.5583 -54.1277 5
    endloop
  endfacet
  facet normal -0.188625 0.681574 0.70702
    outer loop
      vertex 13.8499 -55.2918 6.2
      vertex 16.5462 -54.5456 6.2
      vertex 13.5583 -54.1277 5
    endloop
  endfacet
  facet normal -0.154951 0.69001 0.70702
    outer loop
      vertex 13.8499 -55.2918 6.2
      vertex 13.5583 -54.1277 5
      vertex 10.886 -54.7278 5
    endloop
  endfacet
  facet normal -0.154948 0.690014 0.707016
    outer loop
      vertex 11.1201 -55.9048 6.2
      vertex 13.8499 -55.2918 6.2
      vertex 10.886 -54.7278 5
    endloop
  endfacet
  facet normal -0.120898 0.696786 0.707017
    outer loop
      vertex 11.1201 -55.9048 6.2
      vertex 10.886 -54.7278 5
      vertex 8.18756 -55.196 5
    endloop
  endfacet
  facet normal -0.120904 0.696776 0.707026
    outer loop
      vertex 8.36364 -56.3831 6.2
      vertex 11.1201 -55.9048 6.2
      vertex 8.18756 -55.196 5
    endloop
  endfacet
  facet normal -0.0865776 0.701868 0.707026
    outer loop
      vertex 8.36364 -56.3831 6.2
      vertex 8.18756 -55.196 5
      vertex 5.46935 -55.5313 5
    endloop
  endfacet
  facet normal -0.0865541 0.701903 0.706994
    outer loop
      vertex 5.58698 -56.7255 6.2
      vertex 8.36364 -56.3831 6.2
      vertex 5.46935 -55.5313 5
    endloop
  endfacet
  facet normal -0.0520319 0.705303 0.706994
    outer loop
      vertex 5.58698 -56.7255 6.2
      vertex 5.46935 -55.5313 5
      vertex 2.73798 -55.7328 5
    endloop
  endfacet
  facet normal -0.0520241 0.705313 0.706984
    outer loop
      vertex 2.79686 -56.9313 6.2
      vertex 5.58698 -56.7255 6.2
      vertex 2.73798 -55.7328 5
    endloop
  endfacet
  facet normal -0.0173528 0.707016 0.706984
    outer loop
      vertex 2.79686 -56.9313 6.2
      vertex 2.73798 -55.7328 5
      vertex 0 -55.8 5
    endloop
  endfacet
  facet normal -0.0173662 0.707 0.707
    outer loop
      vertex 2.79686 -56.9313 6.2
      vertex 0 -55.8 5
      vertex 0 -57 6.2
    endloop
  endfacet
  facet normal 0.0173524 0.707 0.707
    outer loop
      vertex 0 -57 6.2
      vertex 0 -55.8 5
      vertex -2.73798 -55.7328 5
    endloop
  endfacet
  facet normal 0.0173666 0.707016 0.706984
    outer loop
      vertex 0 -57 6.2
      vertex -2.73798 -55.7328 5
      vertex -2.79686 -56.9313 6.2
    endloop
  endfacet
  facet normal 0.0520327 0.705313 0.706984
    outer loop
      vertex -2.79686 -56.9313 6.2
      vertex -2.73798 -55.7328 5
      vertex -5.46935 -55.5313 5
    endloop
  endfacet
  facet normal 0.0520234 0.705303 0.706994
    outer loop
      vertex -2.79686 -56.9313 6.2
      vertex -5.46935 -55.5313 5
      vertex -5.58698 -56.7255 6.2
    endloop
  endfacet
  facet normal 0.0865816 0.7019 0.706994
    outer loop
      vertex -5.58698 -56.7255 6.2
      vertex -5.46935 -55.5313 5
      vertex -8.18756 -55.196 5
    endloop
  endfacet
  facet normal 0.0865503 0.701871 0.707026
    outer loop
      vertex -5.58698 -56.7255 6.2
      vertex -8.18756 -55.196 5
      vertex -8.36364 -56.3831 6.2
    endloop
  endfacet
  facet normal 0.120896 0.696777 0.707026
    outer loop
      vertex -8.36364 -56.3831 6.2
      vertex -8.18756 -55.196 5
      vertex -10.886 -54.7278 5
    endloop
  endfacet
  facet normal 0.120906 0.696785 0.707017
    outer loop
      vertex -8.36364 -56.3831 6.2
      vertex -10.886 -54.7278 5
      vertex -11.1201 -55.9048 6.2
    endloop
  endfacet
  facet normal 0.154951 0.690013 0.707016
    outer loop
      vertex -11.1201 -55.9048 6.2
      vertex -10.886 -54.7278 5
      vertex -13.5583 -54.1277 5
    endloop
  endfacet
  facet normal 0.154948 0.69001 0.70702
    outer loop
      vertex -11.1201 -55.9048 6.2
      vertex -13.5583 -54.1277 5
      vertex -13.8499 -55.2918 6.2
    endloop
  endfacet
  facet normal 0.188599 0.681581 0.70702
    outer loop
      vertex -13.8499 -55.2918 6.2
      vertex -13.5583 -54.1277 5
      vertex -16.1979 -53.3973 5
    endloop
  endfacet
  facet normal 0.188634 0.681604 0.706989
    outer loop
      vertex -13.8499 -55.2918 6.2
      vertex -16.1979 -53.3973 5
      vertex -16.5462 -54.5456 6.2
    endloop
  endfacet
  facet normal 0.221862 0.671524 0.706988
    outer loop
      vertex -16.5462 -54.5456 6.2
      vertex -16.1979 -53.3973 5
      vertex -18.7985 -52.5381 5
    endloop
  endfacet
  facet normal 0.22184 0.671512 0.707007
    outer loop
      vertex -16.5462 -54.5456 6.2
      vertex -18.7985 -52.5381 5
      vertex -19.2027 -53.668 6.2
    endloop
  endfacet
  facet normal 0.254509 0.659824 0.707006
    outer loop
      vertex -19.2027 -53.668 6.2
      vertex -18.7985 -52.5381 5
      vertex -21.3537 -51.5525 5
    endloop
  endfacet
  facet normal 0.254524 0.659832 0.706993
    outer loop
      vertex -19.2027 -53.668 6.2
      vertex -21.3537 -51.5525 5
      vertex -21.813 -52.6611 6.2
    endloop
  endfacet
  facet normal 0.286594 0.646546 0.706995
    outer loop
      vertex -21.813 -52.6611 6.2
      vertex -21.3537 -51.5525 5
      vertex -23.8576 -50.4426 5
    endloop
  endfacet
  facet normal 0.286593 0.646546 0.706996
    outer loop
      vertex -21.813 -52.6611 6.2
      vertex -23.8576 -50.4426 5
      vertex -24.3706 -51.5274 6.2
    endloop
  endfacet
  facet normal 0.317981 0.631701 0.706995
    outer loop
      vertex -24.3706 -51.5274 6.2
      vertex -23.8576 -50.4426 5
      vertex -26.3039 -49.2112 5
    endloop
  endfacet
  facet normal 0.317972 0.631698 0.707002
    outer loop
      vertex -24.3706 -51.5274 6.2
      vertex -26.3039 -49.2112 5
      vertex -26.8696 -50.2695 6.2
    endloop
  endfacet
  facet normal 0.348592 0.61533 0.707002
    outer loop
      vertex -26.8696 -50.2695 6.2
      vertex -26.3039 -49.2112 5
      vertex -28.6869 -47.8612 5
    endloop
  endfacet
  facet normal 0.348573 0.615323 0.707018
    outer loop
      vertex -26.8696 -50.2695 6.2
      vertex -28.6869 -47.8612 5
      vertex -29.3039 -48.8905 6.2
    endloop
  endfacet
  facet normal 0.378336 0.597483 0.707019
    outer loop
      vertex -29.3039 -48.8905 6.2
      vertex -28.6869 -47.8612 5
      vertex -31.0008 -46.396 5
    endloop
  endfacet
  facet normal 0.378345 0.597486 0.707012
    outer loop
      vertex -29.3039 -48.8905 6.2
      vertex -31.0008 -46.396 5
      vertex -31.6675 -47.3938 6.2
    endloop
  endfacet
  facet normal 0.407209 0.5782 0.707012
    outer loop
      vertex -31.6675 -47.3938 6.2
      vertex -31.0008 -46.396 5
      vertex -33.24 -44.819 5
    endloop
  endfacet
  facet normal 0.407225 0.578204 0.706999
    outer loop
      vertex -31.6675 -47.3938 6.2
      vertex -33.24 -44.819 5
      vertex -33.9549 -45.7828 6.2
    endloop
  endfacet
  facet normal 0.435104 0.557527 0.707
    outer loop
      vertex -33.9549 -45.7828 6.2
      vertex -33.24 -44.819 5
      vertex -35.3991 -43.134 5
    endloop
  endfacet
  facet normal 0.4351 0.557526 0.707002
    outer loop
      vertex -33.9549 -45.7828 6.2
      vertex -35.3991 -43.134 5
      vertex -36.1604 -44.0616 6.2
    endloop
  endfacet
  facet normal 0.461922 0.535514 0.707003
    outer loop
      vertex -36.1604 -44.0616 6.2
      vertex -35.3991 -43.134 5
      vertex -37.473 -41.3451 5
    endloop
  endfacet
  facet normal 0.46193 0.535515 0.706997
    outer loop
      vertex -36.1604 -44.0616 6.2
      vertex -37.473 -41.3451 5
      vertex -38.2789 -42.2342 6.2
    endloop
  endfacet
  facet normal 0.487648 0.512205 0.706997
    outer loop
      vertex -38.2789 -42.2342 6.2
      vertex -37.473 -41.3451 5
      vertex -39.4566 -39.4566 5
    endloop
  endfacet
  facet normal 0.48766 0.512206 0.706989
    outer loop
      vertex -38.2789 -42.2342 6.2
      vertex -39.4566 -39.4566 5
      vertex -40.3051 -40.3051 6.2
    endloop
  endfacet
  facet normal 0.512211 0.487654 0.706988
    outer loop
      vertex -40.3051 -40.3051 6.2
      vertex -39.4566 -39.4566 5
      vertex -41.3451 -37.473 5
    endloop
  endfacet
  facet normal 0.5122 0.487654 0.706997
    outer loop
      vertex -40.3051 -40.3051 6.2
      vertex -41.3451 -37.473 5
      vertex -42.2342 -38.2789 6.2
    endloop
  endfacet
  facet normal 0.535518 0.461926 0.706997
    outer loop
      vertex -42.2342 -38.2789 6.2
      vertex -41.3451 -37.473 5
      vertex -43.134 -35.3991 5
    endloop
  endfacet
  facet normal 0.53551 0.461926 0.707003
    outer loop
      vertex -42.2342 -38.2789 6.2
      vertex -43.134 -35.3991 5
      vertex -44.0616 -36.1604 6.2
    endloop
  endfacet
  facet normal 0.557525 0.435102 0.707003
    outer loop
      vertex -44.0616 -36.1604 6.2
      vertex -43.134 -35.3991 5
      vertex -44.819 -33.24 5
    endloop
  endfacet
  facet normal 0.557528 0.435102 0.707
    outer loop
      vertex -44.0616 -36.1604 6.2
      vertex -44.819 -33.24 5
      vertex -45.7828 -33.9549 6.2
    endloop
  endfacet
  facet normal 0.578211 0.407216 0.706999
    outer loop
      vertex -45.7828 -33.9549 6.2
      vertex -44.819 -33.24 5
      vertex -46.396 -31.0008 5
    endloop
  endfacet
  facet normal 0.578194 0.407218 0.707012
    outer loop
      vertex -45.7828 -33.9549 6.2
      vertex -46.396 -31.0008 5
      vertex -47.3938 -31.6675 6.2
    endloop
  endfacet
  facet normal 0.597489 0.37834 0.707012
    outer loop
      vertex -47.3938 -31.6675 6.2
      vertex -46.396 -31.0008 5
      vertex -47.8612 -28.6869 5
    endloop
  endfacet
  facet normal 0.59748 0.378341 0.707019
    outer loop
      vertex -47.3938 -31.6675 6.2
      vertex -47.8612 -28.6869 5
      vertex -48.8905 -29.3039 6.2
    endloop
  endfacet
  facet normal 0.615316 0.348585 0.707018
    outer loop
      vertex -48.8905 -29.3039 6.2
      vertex -47.8612 -28.6869 5
      vertex -49.2112 -26.3039 5
    endloop
  endfacet
  facet normal 0.615337 0.34858 0.707002
    outer loop
      vertex -48.8905 -29.3039 6.2
      vertex -49.2112 -26.3039 5
      vertex -50.2695 -26.8696 6.2
    endloop
  endfacet
  facet normal 0.631695 0.317978 0.707002
    outer loop
      vertex -50.2695 -26.8696 6.2
      vertex -49.2112 -26.3039 5
      vertex -50.4426 -23.8576 5
    endloop
  endfacet
  facet normal 0.631704 0.317975 0.706995
    outer loop
      vertex -50.2695 -26.8696 6.2
      vertex -50.4426 -23.8576 5
      vertex -51.5274 -24.3706 6.2
    endloop
  endfacet
  facet normal 0.646546 0.286593 0.706996
    outer loop
      vertex -51.5274 -24.3706 6.2
      vertex -50.4426 -23.8576 5
      vertex -51.5525 -21.3537 5
    endloop
  endfacet
  facet normal 0.646547 0.286593 0.706995
    outer loop
      vertex -51.5274 -24.3706 6.2
      vertex -51.5525 -21.3537 5
      vertex -52.6611 -21.813 6.2
    endloop
  endfacet
  facet normal 0.659836 0.254514 0.706993
    outer loop
      vertex -51.5525 -21.3537 5
      vertex -52.5381 -18.7985 5
      vertex -52.6611 -21.813 6.2
    endloop
  endfacet
  facet normal 0.65982 0.25452 0.707006
    outer loop
      vertex -52.6611 -21.813 6.2
      vertex -52.5381 -18.7985 5
      vertex -53.668 -19.2027 6.2
    endloop
  endfacet
  facet normal 0.671506 0.221856 0.707007
    outer loop
      vertex -52.5381 -18.7985 5
      vertex -53.3973 -16.1979 5
      vertex -53.668 -19.2027 6.2
    endloop
  endfacet
  facet normal 0.671529 0.221846 0.706988
    outer loop
      vertex -53.668 -19.2027 6.2
      vertex -53.3973 -16.1979 5
      vertex -54.5456 -16.5462 6.2
    endloop
  endfacet
  facet normal 0.681611 0.188608 0.706989
    outer loop
      vertex -53.3973 -16.1979 5
      vertex -54.1277 -13.5583 5
      vertex -54.5456 -16.5462 6.2
    endloop
  endfacet
  facet normal 0.681574 0.188625 0.70702
    outer loop
      vertex -54.5456 -16.5462 6.2
      vertex -54.1277 -13.5583 5
      vertex -55.2918 -13.8499 6.2
    endloop
  endfacet
  facet normal 0.69001 0.154951 0.70702
    outer loop
      vertex -54.1277 -13.5583 5
      vertex -54.7278 -10.886 5
      vertex -55.2918 -13.8499 6.2
    endloop
  endfacet
  facet normal 0.690014 0.154948 0.707016
    outer loop
      vertex -55.2918 -13.8499 6.2
      vertex -54.7278 -10.886 5
      vertex -55.9048 -11.1201 6.2
    endloop
  endfacet
  facet normal 0.696786 0.120898 0.707017
    outer loop
      vertex -54.7278 -10.886 5
      vertex -55.196 -8.18756 5
      vertex -55.9048 -11.1201 6.2
    endloop
  endfacet
  facet normal 0.696776 0.120904 0.707026
    outer loop
      vertex -55.9048 -11.1201 6.2
      vertex -55.196 -8.18756 5
      vertex -56.3831 -8.36364 6.2
    endloop
  endfacet
  facet normal 0.701868 0.0865776 0.707026
    outer loop
      vertex -55.196 -8.18756 5
      vertex -55.5313 -5.46935 5
      vertex -56.3831 -8.36364 6.2
    endloop
  endfacet
  facet normal 0.701903 0.0865541 0.706994
    outer loop
      vertex -56.3831 -8.36364 6.2
      vertex -55.5313 -5.46935 5
      vertex -56.7255 -5.58698 6.2
    endloop
  endfacet
  facet normal 0.705303 0.0520319 0.706994
    outer loop
      vertex -55.5313 -5.46935 5
      vertex -55.7328 -2.73798 5
      vertex -56.7255 -5.58698 6.2
    endloop
  endfacet
  facet normal 0.705313 0.0520241 0.706984
    outer loop
      vertex -56.7255 -5.58698 6.2
      vertex -55.7328 -2.73798 5
      vertex -56.9313 -2.79686 6.2
    endloop
  endfacet
  facet normal 0.707016 0.0173528 0.706984
    outer loop
      vertex -55.7328 -2.73798 5
      vertex -55.8 0 5
      vertex -56.9313 -2.79686 6.2
    endloop
  endfacet
  facet normal 0.707 0.0173662 0.707
    outer loop
      vertex -56.9313 -2.79686 6.2
      vertex -55.8 0 5
      vertex -57 0 6.2
    endloop
  endfacet
  facet normal -0.122407 -0.99248 0
    outer loop
      vertex -0.733652 -4.94588 5
      vertex -0.490086 -4.97592 8.1
      vertex -0.733652 -4.94588 8.1
    endloop
  endfacet
  facet normal -0.122407 -0.99248 -0
    outer loop
      vertex -0.490086 -4.97592 8.1
      vertex -0.733652 -4.94588 5
      vertex -0.490086 -4.97592 5
    endloop
  endfacet
  facet normal 0.997289 0.0735898 0
    outer loop
      vertex 4.99398 0.245337 8.1
      vertex 4.97592 0.490086 5
      vertex 4.97592 0.490086 8.1
    endloop
  endfacet
  facet normal 0.997289 0.0735898 0
    outer loop
      vertex 4.97592 0.490086 5
      vertex 4.99398 0.245337 8.1
      vertex 4.99398 0.245337 5
    endloop
  endfacet
  facet normal 0.999699 0.0245303 0
    outer loop
      vertex 5 0 8.1
      vertex 4.99398 0.245337 5
      vertex 4.99398 0.245337 8.1
    endloop
  endfacet
  facet normal 0.999699 0.0245303 0
    outer loop
      vertex 4.99398 0.245337 5
      vertex 5 0 8.1
      vertex 5 0 5
    endloop
  endfacet
  facet normal 0.99248 0.122407 0
    outer loop
      vertex 4.97592 0.490086 8.1
      vertex 4.94588 0.733652 5
      vertex 4.94588 0.733652 8.1
    endloop
  endfacet
  facet normal 0.99248 0.122407 0
    outer loop
      vertex 4.94588 0.733652 5
      vertex 4.97592 0.490086 8.1
      vertex 4.97592 0.490086 5
    endloop
  endfacet
  facet normal 0.0735898 -0.997289 0
    outer loop
      vertex 0.245337 -4.99398 5
      vertex 0.490086 -4.97592 8.1
      vertex 0.245337 -4.99398 8.1
    endloop
  endfacet
  facet normal 0.0735898 -0.997289 0
    outer loop
      vertex 0.490086 -4.97592 8.1
      vertex 0.245337 -4.99398 5
      vertex 0.490086 -4.97592 5
    endloop
  endfacet
  facet normal 0.932998 -0.359883 0
    outer loop
      vertex 4.6194 -1.91342 8.1
      vertex 4.70772 -1.68445 5
      vertex 4.70772 -1.68445 8.1
    endloop
  endfacet
  facet normal 0.932998 -0.359883 0
    outer loop
      vertex 4.70772 -1.68445 5
      vertex 4.6194 -1.91342 8.1
      vertex 4.6194 -1.91342 5
    endloop
  endfacet
  facet normal -0.914213 0.405235 0
    outer loop
      vertex -4.6194 1.91342 5
      vertex -4.51995 2.13778 8.1
      vertex -4.51995 2.13778 5
    endloop
  endfacet
  facet normal -0.914213 0.405235 0
    outer loop
      vertex -4.51995 2.13778 8.1
      vertex -4.6194 1.91342 5
      vertex -4.6194 1.91342 8.1
    endloop
  endfacet
  facet normal 0.689535 0.724252 -0
    outer loop
      vertex 3.53553 3.53553 5
      vertex 3.35779 3.70475 8.1
      vertex 3.53553 3.53553 8.1
    endloop
  endfacet
  facet normal 0.689535 0.724252 0
    outer loop
      vertex 3.35779 3.70475 8.1
      vertex 3.53553 3.53553 5
      vertex 3.35779 3.70475 5
    endloop
  endfacet
  facet normal 0.359883 -0.932998 0
    outer loop
      vertex 1.68445 -4.70772 5
      vertex 1.91342 -4.6194 8.1
      vertex 1.68445 -4.70772 8.1
    endloop
  endfacet
  facet normal 0.359883 -0.932998 0
    outer loop
      vertex 1.91342 -4.6194 8.1
      vertex 1.68445 -4.70772 5
      vertex 1.91342 -4.6194 5
    endloop
  endfacet
  facet normal -0.844866 -0.534978 0
    outer loop
      vertex -4.15735 -2.77785 5
      vertex -4.28864 -2.57051 8.1
      vertex -4.28864 -2.57051 5
    endloop
  endfacet
  facet normal -0.844866 -0.534978 0
    outer loop
      vertex -4.28864 -2.57051 8.1
      vertex -4.15735 -2.77785 5
      vertex -4.15735 -2.77785 8.1
    endloop
  endfacet
  facet normal 0.975702 -0.219101 0
    outer loop
      vertex 4.85016 -1.2149 8.1
      vertex 4.90393 -0.975451 5
      vertex 4.90393 -0.975451 8.1
    endloop
  endfacet
  facet normal 0.975702 -0.219101 0
    outer loop
      vertex 4.90393 -0.975451 5
      vertex 4.85016 -1.2149 8.1
      vertex 4.85016 -1.2149 5
    endloop
  endfacet
  facet normal 0.949531 0.313672 0
    outer loop
      vertex 4.7847 1.45142 8.1
      vertex 4.70772 1.68445 5
      vertex 4.70772 1.68445 8.1
    endloop
  endfacet
  facet normal 0.949531 0.313672 0
    outer loop
      vertex 4.70772 1.68445 5
      vertex 4.7847 1.45142 8.1
      vertex 4.7847 1.45142 5
    endloop
  endfacet
  facet normal -0.975702 -0.219101 0
    outer loop
      vertex -4.85016 -1.2149 5
      vertex -4.90393 -0.975451 8.1
      vertex -4.90393 -0.975451 5
    endloop
  endfacet
  facet normal -0.975702 -0.219101 0
    outer loop
      vertex -4.90393 -0.975451 8.1
      vertex -4.85016 -1.2149 5
      vertex -4.85016 -1.2149 8.1
    endloop
  endfacet
  facet normal -0.914213 -0.405235 0
    outer loop
      vertex -4.51995 -2.13778 5
      vertex -4.6194 -1.91342 8.1
      vertex -4.6194 -1.91342 5
    endloop
  endfacet
  facet normal -0.914213 -0.405235 0
    outer loop
      vertex -4.6194 -1.91342 8.1
      vertex -4.51995 -2.13778 5
      vertex -4.51995 -2.13778 8.1
    endloop
  endfacet
  facet normal 0.757188 -0.653198 0
    outer loop
      vertex 3.70475 -3.35779 8.1
      vertex 3.86505 -3.17197 5
      vertex 3.86505 -3.17197 8.1
    endloop
  endfacet
  facet normal 0.757188 -0.653198 0
    outer loop
      vertex 3.86505 -3.17197 5
      vertex 3.70475 -3.35779 8.1
      vertex 3.70475 -3.35779 5
    endloop
  endfacet
  facet normal 0.893218 -0.449624 0
    outer loop
      vertex 4.40961 -2.35698 8.1
      vertex 4.51995 -2.13778 5
      vertex 4.51995 -2.13778 8.1
    endloop
  endfacet
  facet normal 0.893218 -0.449624 0
    outer loop
      vertex 4.51995 -2.13778 5
      vertex 4.40961 -2.35698 8.1
      vertex 4.40961 -2.35698 5
    endloop
  endfacet
  facet normal 0.997289 -0.0735898 0
    outer loop
      vertex 4.97592 -0.490086 8.1
      vertex 4.99398 -0.245337 5
      vertex 4.99398 -0.245337 8.1
    endloop
  endfacet
  facet normal 0.997289 -0.0735898 0
    outer loop
      vertex 4.99398 -0.245337 5
      vertex 4.97592 -0.490086 8.1
      vertex 4.97592 -0.490086 5
    endloop
  endfacet
  facet normal -0.575798 0.817592 0
    outer loop
      vertex -2.77785 4.15735 5
      vertex -2.9785 4.01604 8.1
      vertex -2.77785 4.15735 8.1
    endloop
  endfacet
  facet normal -0.575798 0.817592 0
    outer loop
      vertex -2.9785 4.01604 8.1
      vertex -2.77785 4.15735 5
      vertex -2.9785 4.01604 5
    endloop
  endfacet
  facet normal -0.492919 0.870075 0
    outer loop
      vertex -2.35698 4.40961 5
      vertex -2.57051 4.28864 8.1
      vertex -2.35698 4.40961 8.1
    endloop
  endfacet
  facet normal -0.492919 0.870075 0
    outer loop
      vertex -2.57051 4.28864 8.1
      vertex -2.35698 4.40961 5
      vertex -2.57051 4.28864 5
    endloop
  endfacet
  facet normal 0.724252 -0.689535 0
    outer loop
      vertex 3.53553 -3.53553 8.1
      vertex 3.70475 -3.35779 5
      vertex 3.70475 -3.35779 8.1
    endloop
  endfacet
  facet normal 0.724252 -0.689535 0
    outer loop
      vertex 3.70475 -3.35779 5
      vertex 3.53553 -3.53553 8.1
      vertex 3.53553 -3.53553 5
    endloop
  endfacet
  facet normal -0.266736 -0.96377 0
    outer loop
      vertex -1.45142 -4.7847 5
      vertex -1.2149 -4.85016 8.1
      vertex -1.45142 -4.7847 8.1
    endloop
  endfacet
  facet normal -0.266736 -0.96377 -0
    outer loop
      vertex -1.2149 -4.85016 8.1
      vertex -1.45142 -4.7847 5
      vertex -1.2149 -4.85016 5
    endloop
  endfacet
  facet normal -0.788337 0.615243 0
    outer loop
      vertex -4.01604 2.9785 5
      vertex -3.86505 3.17197 8.1
      vertex -3.86505 3.17197 5
    endloop
  endfacet
  facet normal -0.788337 0.615243 0
    outer loop
      vertex -3.86505 3.17197 8.1
      vertex -4.01604 2.9785 5
      vertex -4.01604 2.9785 8.1
    endloop
  endfacet
  facet normal 0.96377 -0.266736 0
    outer loop
      vertex 4.7847 -1.45142 8.1
      vertex 4.85016 -1.2149 5
      vertex 4.85016 -1.2149 8.1
    endloop
  endfacet
  facet normal 0.96377 -0.266736 0
    outer loop
      vertex 4.85016 -1.2149 5
      vertex 4.7847 -1.45142 8.1
      vertex 4.7847 -1.45142 5
    endloop
  endfacet
  facet normal -0.757188 0.653198 0
    outer loop
      vertex -3.86505 3.17197 5
      vertex -3.70475 3.35779 8.1
      vertex -3.70475 3.35779 5
    endloop
  endfacet
  facet normal -0.757188 0.653198 0
    outer loop
      vertex -3.70475 3.35779 8.1
      vertex -3.86505 3.17197 5
      vertex -3.86505 3.17197 8.1
    endloop
  endfacet
  facet normal -0.689535 0.724252 0
    outer loop
      vertex -3.35779 3.70475 5
      vertex -3.53553 3.53553 8.1
      vertex -3.35779 3.70475 8.1
    endloop
  endfacet
  facet normal -0.689535 0.724252 0
    outer loop
      vertex -3.53553 3.53553 8.1
      vertex -3.35779 3.70475 5
      vertex -3.53553 3.53553 5
    endloop
  endfacet
  facet normal 0.870075 0.492919 0
    outer loop
      vertex 4.40961 2.35698 8.1
      vertex 4.28864 2.57051 5
      vertex 4.28864 2.57051 8.1
    endloop
  endfacet
  facet normal 0.870075 0.492919 0
    outer loop
      vertex 4.28864 2.57051 5
      vertex 4.40961 2.35698 8.1
      vertex 4.40961 2.35698 5
    endloop
  endfacet
  facet normal -0.0735898 0.997289 0
    outer loop
      vertex -0.245337 4.99398 5
      vertex -0.490086 4.97592 8.1
      vertex -0.245337 4.99398 8.1
    endloop
  endfacet
  facet normal -0.0735898 0.997289 0
    outer loop
      vertex -0.490086 4.97592 8.1
      vertex -0.245337 4.99398 5
      vertex -0.490086 4.97592 5
    endloop
  endfacet
  facet normal -0.313672 0.949531 0
    outer loop
      vertex -1.45142 4.7847 5
      vertex -1.68445 4.70772 8.1
      vertex -1.45142 4.7847 8.1
    endloop
  endfacet
  facet normal -0.313672 0.949531 0
    outer loop
      vertex -1.68445 4.70772 8.1
      vertex -1.45142 4.7847 5
      vertex -1.68445 4.70772 5
    endloop
  endfacet
  facet normal 0.219101 -0.975702 0
    outer loop
      vertex 0.975451 -4.90393 5
      vertex 1.2149 -4.85016 8.1
      vertex 0.975451 -4.90393 8.1
    endloop
  endfacet
  facet normal 0.219101 -0.975702 0
    outer loop
      vertex 1.2149 -4.85016 8.1
      vertex 0.975451 -4.90393 5
      vertex 1.2149 -4.85016 5
    endloop
  endfacet
  facet normal -0.932998 0.359883 0
    outer loop
      vertex -4.70772 1.68445 5
      vertex -4.6194 1.91342 8.1
      vertex -4.6194 1.91342 5
    endloop
  endfacet
  facet normal -0.932998 0.359883 0
    outer loop
      vertex -4.6194 1.91342 8.1
      vertex -4.70772 1.68445 5
      vertex -4.70772 1.68445 8.1
    endloop
  endfacet
  facet normal 0.914213 -0.405235 0
    outer loop
      vertex 4.51995 -2.13778 8.1
      vertex 4.6194 -1.91342 5
      vertex 4.6194 -1.91342 8.1
    endloop
  endfacet
  facet normal 0.914213 -0.405235 0
    outer loop
      vertex 4.6194 -1.91342 5
      vertex 4.51995 -2.13778 8.1
      vertex 4.51995 -2.13778 5
    endloop
  endfacet
  facet normal 0.893218 0.449624 0
    outer loop
      vertex 4.51995 2.13778 8.1
      vertex 4.40961 2.35698 5
      vertex 4.40961 2.35698 8.1
    endloop
  endfacet
  facet normal 0.893218 0.449624 0
    outer loop
      vertex 4.40961 2.35698 5
      vertex 4.51995 2.13778 8.1
      vertex 4.51995 2.13778 5
    endloop
  endfacet
  facet normal -0.999699 0.0245303 0
    outer loop
      vertex -5 0 5
      vertex -4.99398 0.245337 8.1
      vertex -4.99398 0.245337 5
    endloop
  endfacet
  facet normal -0.999699 0.0245303 0
    outer loop
      vertex -4.99398 0.245337 8.1
      vertex -5 0 5
      vertex -5 0 8.1
    endloop
  endfacet
  facet normal -0.122407 0.99248 0
    outer loop
      vertex -0.490086 4.97592 5
      vertex -0.733652 4.94588 8.1
      vertex -0.490086 4.97592 8.1
    endloop
  endfacet
  facet normal -0.122407 0.99248 0
    outer loop
      vertex -0.733652 4.94588 8.1
      vertex -0.490086 4.97592 5
      vertex -0.733652 4.94588 5
    endloop
  endfacet
  facet normal -0.653198 -0.757188 0
    outer loop
      vertex -3.35779 -3.70475 5
      vertex -3.17197 -3.86505 8.1
      vertex -3.35779 -3.70475 8.1
    endloop
  endfacet
  facet normal -0.653198 -0.757188 -0
    outer loop
      vertex -3.17197 -3.86505 8.1
      vertex -3.35779 -3.70475 5
      vertex -3.17197 -3.86505 5
    endloop
  endfacet
  facet normal -0.534978 0.844866 0
    outer loop
      vertex -2.57051 4.28864 5
      vertex -2.77785 4.15735 8.1
      vertex -2.57051 4.28864 8.1
    endloop
  endfacet
  facet normal -0.534978 0.844866 0
    outer loop
      vertex -2.77785 4.15735 8.1
      vertex -2.57051 4.28864 5
      vertex -2.77785 4.15735 5
    endloop
  endfacet
  facet normal 0.99248 -0.122407 0
    outer loop
      vertex 4.94588 -0.733652 8.1
      vertex 4.97592 -0.490086 5
      vertex 4.97592 -0.490086 8.1
    endloop
  endfacet
  facet normal 0.99248 -0.122407 0
    outer loop
      vertex 4.97592 -0.490086 5
      vertex 4.94588 -0.733652 8.1
      vertex 4.94588 -0.733652 5
    endloop
  endfacet
  facet normal -0.949531 -0.313672 0
    outer loop
      vertex -4.70772 -1.68445 5
      vertex -4.7847 -1.45142 8.1
      vertex -4.7847 -1.45142 5
    endloop
  endfacet
  facet normal -0.949531 -0.313672 0
    outer loop
      vertex -4.7847 -1.45142 8.1
      vertex -4.70772 -1.68445 5
      vertex -4.70772 -1.68445 8.1
    endloop
  endfacet
  facet normal 0.219101 0.975702 -0
    outer loop
      vertex 1.2149 4.85016 5
      vertex 0.975451 4.90393 8.1
      vertex 1.2149 4.85016 8.1
    endloop
  endfacet
  facet normal 0.219101 0.975702 0
    outer loop
      vertex 0.975451 4.90393 8.1
      vertex 1.2149 4.85016 5
      vertex 0.975451 4.90393 5
    endloop
  endfacet
  facet normal 0.170938 0.985282 -0
    outer loop
      vertex 0.975451 4.90393 5
      vertex 0.733652 4.94588 8.1
      vertex 0.975451 4.90393 8.1
    endloop
  endfacet
  facet normal 0.170938 0.985282 0
    outer loop
      vertex 0.733652 4.94588 8.1
      vertex 0.975451 4.90393 5
      vertex 0.733652 4.94588 5
    endloop
  endfacet
  facet normal -0.219101 0.975702 0
    outer loop
      vertex -0.975451 4.90393 5
      vertex -1.2149 4.85016 8.1
      vertex -0.975451 4.90393 8.1
    endloop
  endfacet
  facet normal -0.219101 0.975702 0
    outer loop
      vertex -1.2149 4.85016 8.1
      vertex -0.975451 4.90393 5
      vertex -1.2149 4.85016 5
    endloop
  endfacet
  facet normal 0.405235 0.914213 -0
    outer loop
      vertex 2.13778 4.51995 5
      vertex 1.91342 4.6194 8.1
      vertex 2.13778 4.51995 8.1
    endloop
  endfacet
  facet normal 0.405235 0.914213 0
    outer loop
      vertex 1.91342 4.6194 8.1
      vertex 2.13778 4.51995 5
      vertex 1.91342 4.6194 5
    endloop
  endfacet
  facet normal 0.170938 -0.985282 0
    outer loop
      vertex 0.733652 -4.94588 5
      vertex 0.975451 -4.90393 8.1
      vertex 0.733652 -4.94588 8.1
    endloop
  endfacet
  facet normal 0.170938 -0.985282 0
    outer loop
      vertex 0.975451 -4.90393 8.1
      vertex 0.733652 -4.94588 5
      vertex 0.975451 -4.90393 5
    endloop
  endfacet
  facet normal -0.997289 -0.0735898 0
    outer loop
      vertex -4.97592 -0.490086 5
      vertex -4.99398 -0.245337 8.1
      vertex -4.99398 -0.245337 5
    endloop
  endfacet
  facet normal -0.997289 -0.0735898 0
    outer loop
      vertex -4.99398 -0.245337 8.1
      vertex -4.97592 -0.490086 5
      vertex -4.97592 -0.490086 8.1
    endloop
  endfacet
  facet normal 0.932998 0.359883 0
    outer loop
      vertex 4.70772 1.68445 8.1
      vertex 4.6194 1.91342 5
      vertex 4.6194 1.91342 8.1
    endloop
  endfacet
  facet normal 0.932998 0.359883 0
    outer loop
      vertex 4.6194 1.91342 5
      vertex 4.70772 1.68445 8.1
      vertex 4.70772 1.68445 5
    endloop
  endfacet
  facet normal 0.689535 -0.724252 0
    outer loop
      vertex 3.35779 -3.70475 5
      vertex 3.53553 -3.53553 8.1
      vertex 3.35779 -3.70475 8.1
    endloop
  endfacet
  facet normal 0.689535 -0.724252 0
    outer loop
      vertex 3.53553 -3.53553 8.1
      vertex 3.35779 -3.70475 5
      vertex 3.53553 -3.53553 5
    endloop
  endfacet
  facet normal 0 0 1
    outer loop
      vertex 4.99398 0.245337 8.1
      vertex 4.99398 -0.245337 8.1
      vertex 5 0 8.1
    endloop
  endfacet
  facet normal 0 0 1
    outer loop
      vertex 4.97592 0.490086 8.1
      vertex 4.99398 -0.245337 8.1
      vertex 4.99398 0.245337 8.1
    endloop
  endfacet
  facet normal 0 0 1
    outer loop
      vertex 4.97592 0.490086 8.1
      vertex 4.97592 -0.490086 8.1
      vertex 4.99398 -0.245337 8.1
    endloop
  endfacet
  facet normal 0 0 1
    outer loop
      vertex 4.94588 0.733652 8.1
      vertex 4.97592 -0.490086 8.1
      vertex 4.97592 0.490086 8.1
    endloop
  endfacet
  facet normal 0 0 1
    outer loop
      vertex 4.94588 0.733652 8.1
      vertex 4.94588 -0.733652 8.1
      vertex 4.97592 -0.490086 8.1
    endloop
  endfacet
  facet normal 0 0 1
    outer loop
      vertex 4.90393 0.975451 8.1
      vertex 4.94588 -0.733652 8.1
      vertex 4.94588 0.733652 8.1
    endloop
  endfacet
  facet normal 0 0 1
    outer loop
      vertex 4.90393 0.975451 8.1
      vertex 4.90393 -0.975451 8.1
      vertex 4.94588 -0.733652 8.1
    endloop
  endfacet
  facet normal 0 0 1
    outer loop
      vertex 4.85016 1.2149 8.1
      vertex 4.90393 -0.975451 8.1
      vertex 4.90393 0.975451 8.1
    endloop
  endfacet
  facet normal 0 0 1
    outer loop
      vertex 4.85016 1.2149 8.1
      vertex 4.85016 -1.2149 8.1
      vertex 4.90393 -0.975451 8.1
    endloop
  endfacet
  facet normal 0 0 1
    outer loop
      vertex 4.7847 1.45142 8.1
      vertex 4.85016 -1.2149 8.1
      vertex 4.85016 1.2149 8.1
    endloop
  endfacet
  facet normal 0 0 1
    outer loop
      vertex 4.7847 1.45142 8.1
      vertex 4.7847 -1.45142 8.1
      vertex 4.85016 -1.2149 8.1
    endloop
  endfacet
  facet normal 0 0 1
    outer loop
      vertex 4.70772 1.68445 8.1
      vertex 4.7847 -1.45142 8.1
      vertex 4.7847 1.45142 8.1
    endloop
  endfacet
  facet normal 0 0 1
    outer loop
      vertex 4.70772 1.68445 8.1
      vertex 4.70772 -1.68445 8.1
      vertex 4.7847 -1.45142 8.1
    endloop
  endfacet
  facet normal 0 0 1
    outer loop
      vertex 4.6194 1.91342 8.1
      vertex 4.70772 -1.68445 8.1
      vertex 4.70772 1.68445 8.1
    endloop
  endfacet
  facet normal 0 0 1
    outer loop
      vertex 4.6194 1.91342 8.1
      vertex 4.6194 -1.91342 8.1
      vertex 4.70772 -1.68445 8.1
    endloop
  endfacet
  facet normal 0 0 1
    outer loop
      vertex 4.51995 2.13778 8.1
      vertex 4.6194 -1.91342 8.1
      vertex 4.6194 1.91342 8.1
    endloop
  endfacet
  facet normal 0 0 1
    outer loop
      vertex 4.51995 2.13778 8.1
      vertex 4.51995 -2.13778 8.1
      vertex 4.6194 -1.91342 8.1
    endloop
  endfacet
  facet normal 0 0 1
    outer loop
      vertex 4.40961 2.35698 8.1
      vertex 4.51995 -2.13778 8.1
      vertex 4.51995 2.13778 8.1
    endloop
  endfacet
  facet normal 0 0 1
    outer loop
      vertex 4.40961 2.35698 8.1
      vertex 4.40961 -2.35698 8.1
      vertex 4.51995 -2.13778 8.1
    endloop
  endfacet
  facet normal 0 0 1
    outer loop
      vertex 4.28864 2.57051 8.1
      vertex 4.40961 -2.35698 8.1
      vertex 4.40961 2.35698 8.1
    endloop
  endfacet
  facet normal 0 0 1
    outer loop
      vertex 4.28864 2.57051 8.1
      vertex 4.28864 -2.57051 8.1
      vertex 4.40961 -2.35698 8.1
    endloop
  endfacet
  facet normal 0 0 1
    outer loop
      vertex 4.15735 2.77785 8.1
      vertex 4.28864 -2.57051 8.1
      vertex 4.28864 2.57051 8.1
    endloop
  endfacet
  facet normal 0 0 1
    outer loop
      vertex 4.15735 2.77785 8.1
      vertex 4.15735 -2.77785 8.1
      vertex 4.28864 -2.57051 8.1
    endloop
  endfacet
  facet normal 0 0 1
    outer loop
      vertex 4.01604 2.9785 8.1
      vertex 4.15735 -2.77785 8.1
      vertex 4.15735 2.77785 8.1
    endloop
  endfacet
  facet normal 0 0 1
    outer loop
      vertex 4.01604 2.9785 8.1
      vertex 4.01604 -2.9785 8.1
      vertex 4.15735 -2.77785 8.1
    endloop
  endfacet
  facet normal 0 0 1
    outer loop
      vertex 3.86505 3.17197 8.1
      vertex 4.01604 -2.9785 8.1
      vertex 4.01604 2.9785 8.1
    endloop
  endfacet
  facet normal 0 0 1
    outer loop
      vertex 3.86505 3.17197 8.1
      vertex 3.86505 -3.17197 8.1
      vertex 4.01604 -2.9785 8.1
    endloop
  endfacet
  facet normal 0 0 1
    outer loop
      vertex 3.70475 3.35779 8.1
      vertex 3.86505 -3.17197 8.1
      vertex 3.86505 3.17197 8.1
    endloop
  endfacet
  facet normal 0 0 1
    outer loop
      vertex 3.70475 3.35779 8.1
      vertex 3.70475 -3.35779 8.1
      vertex 3.86505 -3.17197 8.1
    endloop
  endfacet
  facet normal 0 0 1
    outer loop
      vertex 3.53553 3.53553 8.1
      vertex 3.70475 -3.35779 8.1
      vertex 3.70475 3.35779 8.1
    endloop
  endfacet
  facet normal 0 0 1
    outer loop
      vertex 3.53553 3.53553 8.1
      vertex 3.53553 -3.53553 8.1
      vertex 3.70475 -3.35779 8.1
    endloop
  endfacet
  facet normal 0 0 1
    outer loop
      vertex 3.35779 3.70475 8.1
      vertex 3.53553 -3.53553 8.1
      vertex 3.53553 3.53553 8.1
    endloop
  endfacet
  facet normal 0 0 1
    outer loop
      vertex 3.35779 3.70475 8.1
      vertex 3.35779 -3.70475 8.1
      vertex 3.53553 -3.53553 8.1
    endloop
  endfacet
  facet normal 0 0 1
    outer loop
      vertex 3.17197 3.86505 8.1
      vertex 3.35779 -3.70475 8.1
      vertex 3.35779 3.70475 8.1
    endloop
  endfacet
  facet normal 0 0 1
    outer loop
      vertex 3.17197 3.86505 8.1
      vertex 3.17197 -3.86505 8.1
      vertex 3.35779 -3.70475 8.1
    endloop
  endfacet
  facet normal 0 0 1
    outer loop
      vertex 2.9785 4.01604 8.1
      vertex 3.17197 -3.86505 8.1
      vertex 3.17197 3.86505 8.1
    endloop
  endfacet
  facet normal 0 0 1
    outer loop
      vertex 2.9785 4.01604 8.1
      vertex 2.9785 -4.01604 8.1
      vertex 3.17197 -3.86505 8.1
    endloop
  endfacet
  facet normal 0 0 1
    outer loop
      vertex 2.77785 4.15735 8.1
      vertex 2.9785 -4.01604 8.1
      vertex 2.9785 4.01604 8.1
    endloop
  endfacet
  facet normal 0 0 1
    outer loop
      vertex 2.77785 4.15735 8.1
      vertex 2.77785 -4.15735 8.1
      vertex 2.9785 -4.01604 8.1
    endloop
  endfacet
  facet normal 0 0 1
    outer loop
      vertex 2.57051 4.28864 8.1
      vertex 2.77785 -4.15735 8.1
      vertex 2.77785 4.15735 8.1
    endloop
  endfacet
  facet normal 0 0 1
    outer loop
      vertex 2.57051 4.28864 8.1
      vertex 2.57051 -4.28864 8.1
      vertex 2.77785 -4.15735 8.1
    endloop
  endfacet
  facet normal 0 0 1
    outer loop
      vertex 2.35698 4.40961 8.1
      vertex 2.57051 -4.28864 8.1
      vertex 2.57051 4.28864 8.1
    endloop
  endfacet
  facet normal 0 0 1
    outer loop
      vertex 2.35698 4.40961 8.1
      vertex 2.35698 -4.40961 8.1
      vertex 2.57051 -4.28864 8.1
    endloop
  endfacet
  facet normal 0 0 1
    outer loop
      vertex 2.13778 4.51995 8.1
      vertex 2.35698 -4.40961 8.1
      vertex 2.35698 4.40961 8.1
    endloop
  endfacet
  facet normal 0 0 1
    outer loop
      vertex 2.13778 4.51995 8.1
      vertex 2.13778 -4.51995 8.1
      vertex 2.35698 -4.40961 8.1
    endloop
  endfacet
  facet normal 0 0 1
    outer loop
      vertex 1.91342 4.6194 8.1
      vertex 2.13778 -4.51995 8.1
      vertex 2.13778 4.51995 8.1
    endloop
  endfacet
  facet normal 0 0 1
    outer loop
      vertex 1.91342 4.6194 8.1
      vertex 1.91342 -4.6194 8.1
      vertex 2.13778 -4.51995 8.1
    endloop
  endfacet
  facet normal 0 0 1
    outer loop
      vertex 1.68445 4.70772 8.1
      vertex 1.91342 -4.6194 8.1
      vertex 1.91342 4.6194 8.1
    endloop
  endfacet
  facet normal 0 0 1
    outer loop
      vertex 1.68445 4.70772 8.1
      vertex 1.68445 -4.70772 8.1
      vertex 1.91342 -4.6194 8.1
    endloop
  endfacet
  facet normal 0 0 1
    outer loop
      vertex 1.45142 4.7847 8.1
      vertex 1.68445 -4.70772 8.1
      vertex 1.68445 4.70772 8.1
    endloop
  endfacet
  facet normal 0 0 1
    outer loop
      vertex 1.45142 4.7847 8.1
      vertex 1.45142 -4.7847 8.1
      vertex 1.68445 -4.70772 8.1
    endloop
  endfacet
  facet normal 0 0 1
    outer loop
      vertex 1.2149 4.85016 8.1
      vertex 1.45142 -4.7847 8.1
      vertex 1.45142 4.7847 8.1
    endloop
  endfacet
  facet normal 0 0 1
    outer loop
      vertex 1.2149 4.85016 8.1
      vertex 1.2149 -4.85016 8.1
      vertex 1.45142 -4.7847 8.1
    endloop
  endfacet
  facet normal 0 0 1
    outer loop
      vertex 0.975451 4.90393 8.1
      vertex 1.2149 -4.85016 8.1
      vertex 1.2149 4.85016 8.1
    endloop
  endfacet
  facet normal 0 0 1
    outer loop
      vertex 0.975451 4.90393 8.1
      vertex 0.975451 -4.90393 8.1
      vertex 1.2149 -4.85016 8.1
    endloop
  endfacet
  facet normal 0 0 1
    outer loop
      vertex 0.733652 4.94588 8.1
      vertex 0.975451 -4.90393 8.1
      vertex 0.975451 4.90393 8.1
    endloop
  endfacet
  facet normal 0 0 1
    outer loop
      vertex 0.733652 4.94588 8.1
      vertex 0.733652 -4.94588 8.1
      vertex 0.975451 -4.90393 8.1
    endloop
  endfacet
  facet normal 0 0 1
    outer loop
      vertex 0.490086 4.97592 8.1
      vertex 0.733652 -4.94588 8.1
      vertex 0.733652 4.94588 8.1
    endloop
  endfacet
  facet normal 0 0 1
    outer loop
      vertex 0.490086 4.97592 8.1
      vertex 0.490086 -4.97592 8.1
      vertex 0.733652 -4.94588 8.1
    endloop
  endfacet
  facet normal 0 0 1
    outer loop
      vertex 0.245337 4.99398 8.1
      vertex 0.490086 -4.97592 8.1
      vertex 0.490086 4.97592 8.1
    endloop
  endfacet
  facet normal 0 0 1
    outer loop
      vertex 0.245337 4.99398 8.1
      vertex 0.245337 -4.99398 8.1
      vertex 0.490086 -4.97592 8.1
    endloop
  endfacet
  facet normal 0 0 1
    outer loop
      vertex 0 5 8.1
      vertex 0.245337 -4.99398 8.1
      vertex 0.245337 4.99398 8.1
    endloop
  endfacet
  facet normal 0 0 1
    outer loop
      vertex 0 5 8.1
      vertex 0 -5 8.1
      vertex 0.245337 -4.99398 8.1
    endloop
  endfacet
  facet normal -0 0 1
    outer loop
      vertex -0.245337 4.99398 8.1
      vertex 0 -5 8.1
      vertex 0 5 8.1
    endloop
  endfacet
  facet normal 0 0 1
    outer loop
      vertex -0.245337 4.99398 8.1
      vertex -0.245337 -4.99398 8.1
      vertex 0 -5 8.1
    endloop
  endfacet
  facet normal -0 0 1
    outer loop
      vertex -0.490086 4.97592 8.1
      vertex -0.245337 -4.99398 8.1
      vertex -0.245337 4.99398 8.1
    endloop
  endfacet
  facet normal 0 0 1
    outer loop
      vertex -0.490086 4.97592 8.1
      vertex -0.490086 -4.97592 8.1
      vertex -0.245337 -4.99398 8.1
    endloop
  endfacet
  facet normal -0 0 1
    outer loop
      vertex -0.733652 4.94588 8.1
      vertex -0.490086 -4.97592 8.1
      vertex -0.490086 4.97592 8.1
    endloop
  endfacet
  facet normal 0 0 1
    outer loop
      vertex -0.733652 4.94588 8.1
      vertex -0.733652 -4.94588 8.1
      vertex -0.490086 -4.97592 8.1
    endloop
  endfacet
  facet normal -0 0 1
    outer loop
      vertex -0.975451 4.90393 8.1
      vertex -0.733652 -4.94588 8.1
      vertex -0.733652 4.94588 8.1
    endloop
  endfacet
  facet normal 0 0 1
    outer loop
      vertex -0.975451 4.90393 8.1
      vertex -0.975451 -4.90393 8.1
      vertex -0.733652 -4.94588 8.1
    endloop
  endfacet
  facet normal -0 0 1
    outer loop
      vertex -1.2149 4.85016 8.1
      vertex -0.975451 -4.90393 8.1
      vertex -0.975451 4.90393 8.1
    endloop
  endfacet
  facet normal 0 0 1
    outer loop
      vertex -1.2149 4.85016 8.1
      vertex -1.2149 -4.85016 8.1
      vertex -0.975451 -4.90393 8.1
    endloop
  endfacet
  facet normal -0 0 1
    outer loop
      vertex -1.45142 4.7847 8.1
      vertex -1.2149 -4.85016 8.1
      vertex -1.2149 4.85016 8.1
    endloop
  endfacet
  facet normal 0 0 1
    outer loop
      vertex -1.45142 4.7847 8.1
      vertex -1.45142 -4.7847 8.1
      vertex -1.2149 -4.85016 8.1
    endloop
  endfacet
  facet normal -0 0 1
    outer loop
      vertex -1.68445 4.70772 8.1
      vertex -1.45142 -4.7847 8.1
      vertex -1.45142 4.7847 8.1
    endloop
  endfacet
  facet normal 0 0 1
    outer loop
      vertex -1.68445 4.70772 8.1
      vertex -1.68445 -4.70772 8.1
      vertex -1.45142 -4.7847 8.1
    endloop
  endfacet
  facet normal -0 0 1
    outer loop
      vertex -1.91342 4.6194 8.1
      vertex -1.68445 -4.70772 8.1
      vertex -1.68445 4.70772 8.1
    endloop
  endfacet
  facet normal 0 0 1
    outer loop
      vertex -1.91342 4.6194 8.1
      vertex -1.91342 -4.6194 8.1
      vertex -1.68445 -4.70772 8.1
    endloop
  endfacet
  facet normal -0 0 1
    outer loop
      vertex -2.13778 4.51995 8.1
      vertex -1.91342 -4.6194 8.1
      vertex -1.91342 4.6194 8.1
    endloop
  endfacet
  facet normal 0 0 1
    outer loop
      vertex -2.13778 4.51995 8.1
      vertex -2.13778 -4.51995 8.1
      vertex -1.91342 -4.6194 8.1
    endloop
  endfacet
  facet normal -0 0 1
    outer loop
      vertex -2.35698 4.40961 8.1
      vertex -2.13778 -4.51995 8.1
      vertex -2.13778 4.51995 8.1
    endloop
  endfacet
  facet normal 0 0 1
    outer loop
      vertex -2.35698 4.40961 8.1
      vertex -2.35698 -4.40961 8.1
      vertex -2.13778 -4.51995 8.1
    endloop
  endfacet
  facet normal -0 0 1
    outer loop
      vertex -2.57051 4.28864 8.1
      vertex -2.35698 -4.40961 8.1
      vertex -2.35698 4.40961 8.1
    endloop
  endfacet
  facet normal 0 0 1
    outer loop
      vertex -2.57051 4.28864 8.1
      vertex -2.57051 -4.28864 8.1
      vertex -2.35698 -4.40961 8.1
    endloop
  endfacet
  facet normal -0 0 1
    outer loop
      vertex -2.77785 4.15735 8.1
      vertex -2.57051 -4.28864 8.1
      vertex -2.57051 4.28864 8.1
    endloop
  endfacet
  facet normal 0 0 1
    outer loop
      vertex -2.77785 4.15735 8.1
      vertex -2.77785 -4.15735 8.1
      vertex -2.57051 -4.28864 8.1
    endloop
  endfacet
  facet normal -0 0 1
    outer loop
      vertex -2.9785 4.01604 8.1
      vertex -2.77785 -4.15735 8.1
      vertex -2.77785 4.15735 8.1
    endloop
  endfacet
  facet normal 0 0 1
    outer loop
      vertex -2.9785 4.01604 8.1
      vertex -2.9785 -4.01604 8.1
      vertex -2.77785 -4.15735 8.1
    endloop
  endfacet
  facet normal -0 0 1
    outer loop
      vertex -3.17197 3.86505 8.1
      vertex -2.9785 -4.01604 8.1
      vertex -2.9785 4.01604 8.1
    endloop
  endfacet
  facet normal 0 0 1
    outer loop
      vertex -3.17197 3.86505 8.1
      vertex -3.17197 -3.86505 8.1
      vertex -2.9785 -4.01604 8.1
    endloop
  endfacet
  facet normal -0 0 1
    outer loop
      vertex -3.35779 3.70475 8.1
      vertex -3.17197 -3.86505 8.1
      vertex -3.17197 3.86505 8.1
    endloop
  endfacet
  facet normal 0 0 1
    outer loop
      vertex -3.35779 3.70475 8.1
      vertex -3.35779 -3.70475 8.1
      vertex -3.17197 -3.86505 8.1
    endloop
  endfacet
  facet normal -0 0 1
    outer loop
      vertex -3.53553 3.53553 8.1
      vertex -3.35779 -3.70475 8.1
      vertex -3.35779 3.70475 8.1
    endloop
  endfacet
  facet normal 0 0 1
    outer loop
      vertex -3.53553 3.53553 8.1
      vertex -3.53553 -3.53553 8.1
      vertex -3.35779 -3.70475 8.1
    endloop
  endfacet
  facet normal -0 0 1
    outer loop
      vertex -3.70475 3.35779 8.1
      vertex -3.53553 -3.53553 8.1
      vertex -3.53553 3.53553 8.1
    endloop
  endfacet
  facet normal 0 0 1
    outer loop
      vertex -3.70475 3.35779 8.1
      vertex -3.70475 -3.35779 8.1
      vertex -3.53553 -3.53553 8.1
    endloop
  endfacet
  facet normal -0 0 1
    outer loop
      vertex -3.86505 3.17197 8.1
      vertex -3.70475 -3.35779 8.1
      vertex -3.70475 3.35779 8.1
    endloop
  endfacet
  facet normal 0 0 1
    outer loop
      vertex -3.86505 3.17197 8.1
      vertex -3.86505 -3.17197 8.1
      vertex -3.70475 -3.35779 8.1
    endloop
  endfacet
  facet normal -0 0 1
    outer loop
      vertex -4.01604 2.9785 8.1
      vertex -3.86505 -3.17197 8.1
      vertex -3.86505 3.17197 8.1
    endloop
  endfacet
  facet normal 0 0 1
    outer loop
      vertex -4.01604 2.9785 8.1
      vertex -4.01604 -2.9785 8.1
      vertex -3.86505 -3.17197 8.1
    endloop
  endfacet
  facet normal -0 0 1
    outer loop
      vertex -4.15735 2.77785 8.1
      vertex -4.01604 -2.9785 8.1
      vertex -4.01604 2.9785 8.1
    endloop
  endfacet
  facet normal 0 0 1
    outer loop
      vertex -4.15735 2.77785 8.1
      vertex -4.15735 -2.77785 8.1
      vertex -4.01604 -2.9785 8.1
    endloop
  endfacet
  facet normal -0 0 1
    outer loop
      vertex -4.28864 2.57051 8.1
      vertex -4.15735 -2.77785 8.1
      vertex -4.15735 2.77785 8.1
    endloop
  endfacet
  facet normal 0 0 1
    outer loop
      vertex -4.28864 2.57051 8.1
      vertex -4.28864 -2.57051 8.1
      vertex -4.15735 -2.77785 8.1
    endloop
  endfacet
  facet normal -0 0 1
    outer loop
      vertex -4.40961 2.35698 8.1
      vertex -4.28864 -2.57051 8.1
      vertex -4.28864 2.57051 8.1
    endloop
  endfacet
  facet normal 0 0 1
    outer loop
      vertex -4.40961 2.35698 8.1
      vertex -4.40961 -2.35698 8.1
      vertex -4.28864 -2.57051 8.1
    endloop
  endfacet
  facet normal -0 0 1
    outer loop
      vertex -4.51995 2.13778 8.1
      vertex -4.40961 -2.35698 8.1
      vertex -4.40961 2.35698 8.1
    endloop
  endfacet
  facet normal 0 0 1
    outer loop
      vertex -4.51995 2.13778 8.1
      vertex -4.51995 -2.13778 8.1
      vertex -4.40961 -2.35698 8.1
    endloop
  endfacet
  facet normal -0 0 1
    outer loop
      vertex -4.6194 1.91342 8.1
      vertex -4.51995 -2.13778 8.1
      vertex -4.51995 2.13778 8.1
    endloop
  endfacet
  facet normal 0 0 1
    outer loop
      vertex -4.6194 1.91342 8.1
      vertex -4.6194 -1.91342 8.1
      vertex -4.51995 -2.13778 8.1
    endloop
  endfacet
  facet normal -0 0 1
    outer loop
      vertex -4.70772 1.68445 8.1
      vertex -4.6194 -1.91342 8.1
      vertex -4.6194 1.91342 8.1
    endloop
  endfacet
  facet normal 0 0 1
    outer loop
      vertex -4.70772 1.68445 8.1
      vertex -4.70772 -1.68445 8.1
      vertex -4.6194 -1.91342 8.1
    endloop
  endfacet
  facet normal -0 0 1
    outer loop
      vertex -4.7847 1.45142 8.1
      vertex -4.70772 -1.68445 8.1
      vertex -4.70772 1.68445 8.1
    endloop
  endfacet
  facet normal 0 0 1
    outer loop
      vertex -4.7847 1.45142 8.1
      vertex -4.7847 -1.45142 8.1
      vertex -4.70772 -1.68445 8.1
    endloop
  endfacet
  facet normal -0 0 1
    outer loop
      vertex -4.85016 1.2149 8.1
      vertex -4.7847 -1.45142 8.1
      vertex -4.7847 1.45142 8.1
    endloop
  endfacet
  facet normal 0 0 1
    outer loop
      vertex -4.85016 1.2149 8.1
      vertex -4.85016 -1.2149 8.1
      vertex -4.7847 -1.45142 8.1
    endloop
  endfacet
  facet normal -0 0 1
    outer loop
      vertex -4.90393 0.975451 8.1
      vertex -4.85016 -1.2149 8.1
      vertex -4.85016 1.2149 8.1
    endloop
  endfacet
  facet normal 0 0 1
    outer loop
      vertex -4.90393 0.975451 8.1
      vertex -4.90393 -0.975451 8.1
      vertex -4.85016 -1.2149 8.1
    endloop
  endfacet
  facet normal -0 0 1
    outer loop
      vertex -4.94588 0.733652 8.1
      vertex -4.90393 -0.975451 8.1
      vertex -4.90393 0.975451 8.1
    endloop
  endfacet
  facet normal 0 0 1
    outer loop
      vertex -4.94588 0.733652 8.1
      vertex -4.94588 -0.733652 8.1
      vertex -4.90393 -0.975451 8.1
    endloop
  endfacet
  facet normal -0 0 1
    outer loop
      vertex -4.97592 0.490086 8.1
      vertex -4.94588 -0.733652 8.1
      vertex -4.94588 0.733652 8.1
    endloop
  endfacet
  facet normal 0 0 1
    outer loop
      vertex -4.97592 0.490086 8.1
      vertex -4.97592 -0.490086 8.1
      vertex -4.94588 -0.733652 8.1
    endloop
  endfacet
  facet normal -0 0 1
    outer loop
      vertex -4.99398 0.245337 8.1
      vertex -4.97592 -0.490086 8.1
      vertex -4.97592 0.490086 8.1
    endloop
  endfacet
  facet normal 0 0 1
    outer loop
      vertex -4.99398 0.245337 8.1
      vertex -4.99398 -0.245337 8.1
      vertex -4.97592 -0.490086 8.1
    endloop
  endfacet
  facet normal 0 -0 1
    outer loop
      vertex -4.99398 -0.245337 8.1
      vertex -4.99398 0.245337 8.1
      vertex -5 0 8.1
    endloop
  endfacet
  facet normal 0.653198 0.757188 -0
    outer loop
      vertex 3.35779 3.70475 5
      vertex 3.17197 3.86505 8.1
      vertex 3.35779 3.70475 8.1
    endloop
  endfacet
  facet normal 0.653198 0.757188 0
    outer loop
      vertex 3.17197 3.86505 8.1
      vertex 3.35779 3.70475 5
      vertex 3.17197 3.86505 5
    endloop
  endfacet
  facet normal 0.949531 -0.313672 0
    outer loop
      vertex 4.70772 -1.68445 8.1
      vertex 4.7847 -1.45142 5
      vertex 4.7847 -1.45142 8.1
    endloop
  endfacet
  facet normal 0.949531 -0.313672 0
    outer loop
      vertex 4.7847 -1.45142 5
      vertex 4.70772 -1.68445 8.1
      vertex 4.70772 -1.68445 5
    endloop
  endfacet
  facet normal 0.492919 0.870075 -0
    outer loop
      vertex 2.57051 4.28864 5
      vertex 2.35698 4.40961 8.1
      vertex 2.57051 4.28864 8.1
    endloop
  endfacet
  facet normal 0.492919 0.870075 0
    outer loop
      vertex 2.35698 4.40961 8.1
      vertex 2.57051 4.28864 5
      vertex 2.35698 4.40961 5
    endloop
  endfacet
  facet normal 0.0245303 -0.999699 0
    outer loop
      vertex 0 -5 5
      vertex 0.245337 -4.99398 8.1
      vertex 0 -5 8.1
    endloop
  endfacet
  facet normal 0.0245303 -0.999699 0
    outer loop
      vertex 0.245337 -4.99398 8.1
      vertex 0 -5 5
      vertex 0.245337 -4.99398 5
    endloop
  endfacet
  facet normal 0.724252 0.689535 0
    outer loop
      vertex 3.70475 3.35779 8.1
      vertex 3.53553 3.53553 5
      vertex 3.53553 3.53553 8.1
    endloop
  endfacet
  facet normal 0.724252 0.689535 0
    outer loop
      vertex 3.53553 3.53553 5
      vertex 3.70475 3.35779 8.1
      vertex 3.70475 3.35779 5
    endloop
  endfacet
  facet normal 0.449624 0.893218 -0
    outer loop
      vertex 2.35698 4.40961 5
      vertex 2.13778 4.51995 8.1
      vertex 2.35698 4.40961 8.1
    endloop
  endfacet
  facet normal 0.449624 0.893218 0
    outer loop
      vertex 2.13778 4.51995 8.1
      vertex 2.35698 4.40961 5
      vertex 2.13778 4.51995 5
    endloop
  endfacet
  facet normal -0.689535 -0.724252 0
    outer loop
      vertex -3.53553 -3.53553 5
      vertex -3.35779 -3.70475 8.1
      vertex -3.53553 -3.53553 8.1
    endloop
  endfacet
  facet normal -0.689535 -0.724252 -0
    outer loop
      vertex -3.35779 -3.70475 8.1
      vertex -3.53553 -3.53553 5
      vertex -3.35779 -3.70475 5
    endloop
  endfacet
  facet normal 0.788337 -0.615243 0
    outer loop
      vertex 3.86505 -3.17197 8.1
      vertex 4.01604 -2.9785 5
      vertex 4.01604 -2.9785 8.1
    endloop
  endfacet
  facet normal 0.788337 -0.615243 0
    outer loop
      vertex 4.01604 -2.9785 5
      vertex 3.86505 -3.17197 8.1
      vertex 3.86505 -3.17197 5
    endloop
  endfacet
  facet normal -0.99248 0.122407 0
    outer loop
      vertex -4.97592 0.490086 5
      vertex -4.94588 0.733652 8.1
      vertex -4.94588 0.733652 5
    endloop
  endfacet
  facet normal -0.99248 0.122407 0
    outer loop
      vertex -4.94588 0.733652 8.1
      vertex -4.97592 0.490086 5
      vertex -4.97592 0.490086 8.1
    endloop
  endfacet
  facet normal 0.844866 0.534978 0
    outer loop
      vertex 4.28864 2.57051 8.1
      vertex 4.15735 2.77785 5
      vertex 4.15735 2.77785 8.1
    endloop
  endfacet
  facet normal 0.844866 0.534978 0
    outer loop
      vertex 4.15735 2.77785 5
      vertex 4.28864 2.57051 8.1
      vertex 4.28864 2.57051 5
    endloop
  endfacet
  facet normal -0.757188 -0.653198 0
    outer loop
      vertex -3.70475 -3.35779 5
      vertex -3.86505 -3.17197 8.1
      vertex -3.86505 -3.17197 5
    endloop
  endfacet
  facet normal -0.757188 -0.653198 0
    outer loop
      vertex -3.86505 -3.17197 8.1
      vertex -3.70475 -3.35779 5
      vertex -3.70475 -3.35779 8.1
    endloop
  endfacet
  facet normal 0.817592 0.575798 0
    outer loop
      vertex 4.15735 2.77785 8.1
      vertex 4.01604 2.9785 5
      vertex 4.01604 2.9785 8.1
    endloop
  endfacet
  facet normal 0.817592 0.575798 0
    outer loop
      vertex 4.01604 2.9785 5
      vertex 4.15735 2.77785 8.1
      vertex 4.15735 2.77785 5
    endloop
  endfacet
  facet normal 0.534978 -0.844866 0
    outer loop
      vertex 2.57051 -4.28864 5
      vertex 2.77785 -4.15735 8.1
      vertex 2.57051 -4.28864 8.1
    endloop
  endfacet
  facet normal 0.534978 -0.844866 0
    outer loop
      vertex 2.77785 -4.15735 8.1
      vertex 2.57051 -4.28864 5
      vertex 2.77785 -4.15735 5
    endloop
  endfacet
  facet normal -0.724252 -0.689535 0
    outer loop
      vertex -3.53553 -3.53553 5
      vertex -3.70475 -3.35779 8.1
      vertex -3.70475 -3.35779 5
    endloop
  endfacet
  facet normal -0.724252 -0.689535 0
    outer loop
      vertex -3.70475 -3.35779 8.1
      vertex -3.53553 -3.53553 5
      vertex -3.53553 -3.53553 8.1
    endloop
  endfacet
  facet normal 0.757188 0.653198 0
    outer loop
      vertex 3.86505 3.17197 8.1
      vertex 3.70475 3.35779 5
      vertex 3.70475 3.35779 8.1
    endloop
  endfacet
  facet normal 0.757188 0.653198 0
    outer loop
      vertex 3.70475 3.35779 5
      vertex 3.86505 3.17197 8.1
      vertex 3.86505 3.17197 5
    endloop
  endfacet
  facet normal 0.575798 -0.817592 0
    outer loop
      vertex 2.77785 -4.15735 5
      vertex 2.9785 -4.01604 8.1
      vertex 2.77785 -4.15735 8.1
    endloop
  endfacet
  facet normal 0.575798 -0.817592 0
    outer loop
      vertex 2.9785 -4.01604 8.1
      vertex 2.77785 -4.15735 5
      vertex 2.9785 -4.01604 5
    endloop
  endfacet
  facet normal 0.122407 0.99248 -0
    outer loop
      vertex 0.733652 4.94588 5
      vertex 0.490086 4.97592 8.1
      vertex 0.733652 4.94588 8.1
    endloop
  endfacet
  facet normal 0.122407 0.99248 0
    outer loop
      vertex 0.490086 4.97592 8.1
      vertex 0.733652 4.94588 5
      vertex 0.490086 4.97592 5
    endloop
  endfacet
  facet normal -0.99248 -0.122407 0
    outer loop
      vertex -4.94588 -0.733652 5
      vertex -4.97592 -0.490086 8.1
      vertex -4.97592 -0.490086 5
    endloop
  endfacet
  facet normal -0.99248 -0.122407 0
    outer loop
      vertex -4.97592 -0.490086 8.1
      vertex -4.94588 -0.733652 5
      vertex -4.94588 -0.733652 8.1
    endloop
  endfacet
  facet normal -0.870075 -0.492919 0
    outer loop
      vertex -4.28864 -2.57051 5
      vertex -4.40961 -2.35698 8.1
      vertex -4.40961 -2.35698 5
    endloop
  endfacet
  facet normal -0.870075 -0.492919 0
    outer loop
      vertex -4.40961 -2.35698 8.1
      vertex -4.28864 -2.57051 5
      vertex -4.28864 -2.57051 8.1
    endloop
  endfacet
  facet normal 0.985282 0.170938 0
    outer loop
      vertex 4.94588 0.733652 8.1
      vertex 4.90393 0.975451 5
      vertex 4.90393 0.975451 8.1
    endloop
  endfacet
  facet normal 0.985282 0.170938 0
    outer loop
      vertex 4.90393 0.975451 5
      vertex 4.94588 0.733652 8.1
      vertex 4.94588 0.733652 5
    endloop
  endfacet
  facet normal 0.653198 -0.757188 0
    outer loop
      vertex 3.17197 -3.86505 5
      vertex 3.35779 -3.70475 8.1
      vertex 3.17197 -3.86505 8.1
    endloop
  endfacet
  facet normal 0.653198 -0.757188 0
    outer loop
      vertex 3.35779 -3.70475 8.1
      vertex 3.17197 -3.86505 5
      vertex 3.35779 -3.70475 5
    endloop
  endfacet
  facet normal 0.870075 -0.492919 0
    outer loop
      vertex 4.28864 -2.57051 8.1
      vertex 4.40961 -2.35698 5
      vertex 4.40961 -2.35698 8.1
    endloop
  endfacet
  facet normal 0.870075 -0.492919 0
    outer loop
      vertex 4.40961 -2.35698 5
      vertex 4.28864 -2.57051 8.1
      vertex 4.28864 -2.57051 5
    endloop
  endfacet
  facet normal -0.999699 -0.0245303 0
    outer loop
      vertex -4.99398 -0.245337 5
      vertex -5 0 8.1
      vertex -5 0 5
    endloop
  endfacet
  facet normal -0.999699 -0.0245303 0
    outer loop
      vertex -5 0 8.1
      vertex -4.99398 -0.245337 5
      vertex -4.99398 -0.245337 8.1
    endloop
  endfacet
  facet normal 0.999699 -0.0245303 0
    outer loop
      vertex 4.99398 -0.245337 8.1
      vertex 5 0 5
      vertex 5 0 8.1
    endloop
  endfacet
  facet normal 0.999699 -0.0245303 0
    outer loop
      vertex 5 0 5
      vertex 4.99398 -0.245337 8.1
      vertex 4.99398 -0.245337 5
    endloop
  endfacet
  facet normal 0.359883 0.932998 -0
    outer loop
      vertex 1.91342 4.6194 5
      vertex 1.68445 4.70772 8.1
      vertex 1.91342 4.6194 8.1
    endloop
  endfacet
  facet normal 0.359883 0.932998 0
    outer loop
      vertex 1.68445 4.70772 8.1
      vertex 1.91342 4.6194 5
      vertex 1.68445 4.70772 5
    endloop
  endfacet
  facet normal -0.96377 0.266736 0
    outer loop
      vertex -4.85016 1.2149 5
      vertex -4.7847 1.45142 8.1
      vertex -4.7847 1.45142 5
    endloop
  endfacet
  facet normal -0.96377 0.266736 0
    outer loop
      vertex -4.7847 1.45142 8.1
      vertex -4.85016 1.2149 5
      vertex -4.85016 1.2149 8.1
    endloop
  endfacet
  facet normal -0.893218 0.449624 0
    outer loop
      vertex -4.51995 2.13778 5
      vertex -4.40961 2.35698 8.1
      vertex -4.40961 2.35698 5
    endloop
  endfacet
  facet normal -0.893218 0.449624 0
    outer loop
      vertex -4.40961 2.35698 8.1
      vertex -4.51995 2.13778 5
      vertex -4.51995 2.13778 8.1
    endloop
  endfacet
  facet normal -0.405235 -0.914213 0
    outer loop
      vertex -2.13778 -4.51995 5
      vertex -1.91342 -4.6194 8.1
      vertex -2.13778 -4.51995 8.1
    endloop
  endfacet
  facet normal -0.405235 -0.914213 -0
    outer loop
      vertex -1.91342 -4.6194 8.1
      vertex -2.13778 -4.51995 5
      vertex -1.91342 -4.6194 5
    endloop
  endfacet
  facet normal -0.359883 -0.932998 0
    outer loop
      vertex -1.91342 -4.6194 5
      vertex -1.68445 -4.70772 8.1
      vertex -1.91342 -4.6194 8.1
    endloop
  endfacet
  facet normal -0.359883 -0.932998 -0
    outer loop
      vertex -1.68445 -4.70772 8.1
      vertex -1.91342 -4.6194 5
      vertex -1.68445 -4.70772 5
    endloop
  endfacet
  facet normal 0.975702 0.219101 0
    outer loop
      vertex 4.90393 0.975451 8.1
      vertex 4.85016 1.2149 5
      vertex 4.85016 1.2149 8.1
    endloop
  endfacet
  facet normal 0.975702 0.219101 0
    outer loop
      vertex 4.85016 1.2149 5
      vertex 4.90393 0.975451 8.1
      vertex 4.90393 0.975451 5
    endloop
  endfacet
  facet normal -0.0735898 -0.997289 0
    outer loop
      vertex -0.490086 -4.97592 5
      vertex -0.245337 -4.99398 8.1
      vertex -0.490086 -4.97592 8.1
    endloop
  endfacet
  facet normal -0.0735898 -0.997289 -0
    outer loop
      vertex -0.245337 -4.99398 8.1
      vertex -0.490086 -4.97592 5
      vertex -0.245337 -4.99398 5
    endloop
  endfacet
  facet normal -0.949531 0.313672 0
    outer loop
      vertex -4.7847 1.45142 5
      vertex -4.70772 1.68445 8.1
      vertex -4.70772 1.68445 5
    endloop
  endfacet
  facet normal -0.949531 0.313672 0
    outer loop
      vertex -4.70772 1.68445 8.1
      vertex -4.7847 1.45142 5
      vertex -4.7847 1.45142 8.1
    endloop
  endfacet
  facet normal 0.96377 0.266736 0
    outer loop
      vertex 4.85016 1.2149 8.1
      vertex 4.7847 1.45142 5
      vertex 4.7847 1.45142 8.1
    endloop
  endfacet
  facet normal 0.96377 0.266736 0
    outer loop
      vertex 4.7847 1.45142 5
      vertex 4.85016 1.2149 8.1
      vertex 4.85016 1.2149 5
    endloop
  endfacet
  facet normal 0.313672 -0.949531 0
    outer loop
      vertex 1.45142 -4.7847 5
      vertex 1.68445 -4.70772 8.1
      vertex 1.45142 -4.7847 8.1
    endloop
  endfacet
  facet normal 0.313672 -0.949531 0
    outer loop
      vertex 1.68445 -4.70772 8.1
      vertex 1.45142 -4.7847 5
      vertex 1.68445 -4.70772 5
    endloop
  endfacet
  facet normal -0.615243 0.788337 0
    outer loop
      vertex -2.9785 4.01604 5
      vertex -3.17197 3.86505 8.1
      vertex -2.9785 4.01604 8.1
    endloop
  endfacet
  facet normal -0.615243 0.788337 0
    outer loop
      vertex -3.17197 3.86505 8.1
      vertex -2.9785 4.01604 5
      vertex -3.17197 3.86505 5
    endloop
  endfacet
  facet normal 0.492919 -0.870075 0
    outer loop
      vertex 2.35698 -4.40961 5
      vertex 2.57051 -4.28864 8.1
      vertex 2.35698 -4.40961 8.1
    endloop
  endfacet
  facet normal 0.492919 -0.870075 0
    outer loop
      vertex 2.57051 -4.28864 8.1
      vertex 2.35698 -4.40961 5
      vertex 2.57051 -4.28864 5
    endloop
  endfacet
  facet normal 0.575798 0.817592 -0
    outer loop
      vertex 2.9785 4.01604 5
      vertex 2.77785 4.15735 8.1
      vertex 2.9785 4.01604 8.1
    endloop
  endfacet
  facet normal 0.575798 0.817592 0
    outer loop
      vertex 2.77785 4.15735 8.1
      vertex 2.9785 4.01604 5
      vertex 2.77785 4.15735 5
    endloop
  endfacet
  facet normal -0.492919 -0.870075 0
    outer loop
      vertex -2.57051 -4.28864 5
      vertex -2.35698 -4.40961 8.1
      vertex -2.57051 -4.28864 8.1
    endloop
  endfacet
  facet normal -0.492919 -0.870075 -0
    outer loop
      vertex -2.35698 -4.40961 8.1
      vertex -2.57051 -4.28864 5
      vertex -2.35698 -4.40961 5
    endloop
  endfacet
  facet normal -0.359883 0.932998 0
    outer loop
      vertex -1.68445 4.70772 5
      vertex -1.91342 4.6194 8.1
      vertex -1.68445 4.70772 8.1
    endloop
  endfacet
  facet normal -0.359883 0.932998 0
    outer loop
      vertex -1.91342 4.6194 8.1
      vertex -1.68445 4.70772 5
      vertex -1.91342 4.6194 5
    endloop
  endfacet
  facet normal -0.0245303 0.999699 0
    outer loop
      vertex 0 5 5
      vertex -0.245337 4.99398 8.1
      vertex 0 5 8.1
    endloop
  endfacet
  facet normal -0.0245303 0.999699 0
    outer loop
      vertex -0.245337 4.99398 8.1
      vertex 0 5 5
      vertex -0.245337 4.99398 5
    endloop
  endfacet
  facet normal 0.615243 0.788337 -0
    outer loop
      vertex 3.17197 3.86505 5
      vertex 2.9785 4.01604 8.1
      vertex 3.17197 3.86505 8.1
    endloop
  endfacet
  facet normal 0.615243 0.788337 0
    outer loop
      vertex 2.9785 4.01604 8.1
      vertex 3.17197 3.86505 5
      vertex 2.9785 4.01604 5
    endloop
  endfacet
  facet normal -0.0245303 -0.999699 0
    outer loop
      vertex -0.245337 -4.99398 5
      vertex 0 -5 8.1
      vertex -0.245337 -4.99398 8.1
    endloop
  endfacet
  facet normal -0.0245303 -0.999699 -0
    outer loop
      vertex 0 -5 8.1
      vertex -0.245337 -4.99398 5
      vertex 0 -5 5
    endloop
  endfacet
  facet normal -0.653198 0.757188 0
    outer loop
      vertex -3.17197 3.86505 5
      vertex -3.35779 3.70475 8.1
      vertex -3.17197 3.86505 8.1
    endloop
  endfacet
  facet normal -0.653198 0.757188 0
    outer loop
      vertex -3.35779 3.70475 8.1
      vertex -3.17197 3.86505 5
      vertex -3.35779 3.70475 5
    endloop
  endfacet
  facet normal -0.170938 0.985282 0
    outer loop
      vertex -0.733652 4.94588 5
      vertex -0.975451 4.90393 8.1
      vertex -0.733652 4.94588 8.1
    endloop
  endfacet
  facet normal -0.170938 0.985282 0
    outer loop
      vertex -0.975451 4.90393 8.1
      vertex -0.733652 4.94588 5
      vertex -0.975451 4.90393 5
    endloop
  endfacet
  facet normal -0.975702 0.219101 0
    outer loop
      vertex -4.90393 0.975451 5
      vertex -4.85016 1.2149 8.1
      vertex -4.85016 1.2149 5
    endloop
  endfacet
  facet normal -0.975702 0.219101 0
    outer loop
      vertex -4.85016 1.2149 8.1
      vertex -4.90393 0.975451 5
      vertex -4.90393 0.975451 8.1
    endloop
  endfacet
  facet normal -0.932998 -0.359883 0
    outer loop
      vertex -4.6194 -1.91342 5
      vertex -4.70772 -1.68445 8.1
      vertex -4.70772 -1.68445 5
    endloop
  endfacet
  facet normal -0.932998 -0.359883 0
    outer loop
      vertex -4.70772 -1.68445 8.1
      vertex -4.6194 -1.91342 5
      vertex -4.6194 -1.91342 8.1
    endloop
  endfacet
  facet normal -0.817592 -0.575798 0
    outer loop
      vertex -4.01604 -2.9785 5
      vertex -4.15735 -2.77785 8.1
      vertex -4.15735 -2.77785 5
    endloop
  endfacet
  facet normal -0.817592 -0.575798 0
    outer loop
      vertex -4.15735 -2.77785 8.1
      vertex -4.01604 -2.9785 5
      vertex -4.01604 -2.9785 8.1
    endloop
  endfacet
  facet normal 0.844866 -0.534978 0
    outer loop
      vertex 4.15735 -2.77785 8.1
      vertex 4.28864 -2.57051 5
      vertex 4.28864 -2.57051 8.1
    endloop
  endfacet
  facet normal 0.844866 -0.534978 0
    outer loop
      vertex 4.28864 -2.57051 5
      vertex 4.15735 -2.77785 8.1
      vertex 4.15735 -2.77785 5
    endloop
  endfacet
  facet normal 0.615243 -0.788337 0
    outer loop
      vertex 2.9785 -4.01604 5
      vertex 3.17197 -3.86505 8.1
      vertex 2.9785 -4.01604 8.1
    endloop
  endfacet
  facet normal 0.615243 -0.788337 0
    outer loop
      vertex 3.17197 -3.86505 8.1
      vertex 2.9785 -4.01604 5
      vertex 3.17197 -3.86505 5
    endloop
  endfacet
  facet normal 0.266736 0.96377 -0
    outer loop
      vertex 1.45142 4.7847 5
      vertex 1.2149 4.85016 8.1
      vertex 1.45142 4.7847 8.1
    endloop
  endfacet
  facet normal 0.266736 0.96377 0
    outer loop
      vertex 1.2149 4.85016 8.1
      vertex 1.45142 4.7847 5
      vertex 1.2149 4.85016 5
    endloop
  endfacet
  facet normal 0.914213 0.405235 0
    outer loop
      vertex 4.6194 1.91342 8.1
      vertex 4.51995 2.13778 5
      vertex 4.51995 2.13778 8.1
    endloop
  endfacet
  facet normal 0.914213 0.405235 0
    outer loop
      vertex 4.51995 2.13778 5
      vertex 4.6194 1.91342 8.1
      vertex 4.6194 1.91342 5
    endloop
  endfacet
  facet normal -0.817592 0.575798 0
    outer loop
      vertex -4.15735 2.77785 5
      vertex -4.01604 2.9785 8.1
      vertex -4.01604 2.9785 5
    endloop
  endfacet
  facet normal -0.817592 0.575798 0
    outer loop
      vertex -4.01604 2.9785 8.1
      vertex -4.15735 2.77785 5
      vertex -4.15735 2.77785 8.1
    endloop
  endfacet
  facet normal -0.219101 -0.975702 0
    outer loop
      vertex -1.2149 -4.85016 5
      vertex -0.975451 -4.90393 8.1
      vertex -1.2149 -4.85016 8.1
    endloop
  endfacet
  facet normal -0.219101 -0.975702 -0
    outer loop
      vertex -0.975451 -4.90393 8.1
      vertex -1.2149 -4.85016 5
      vertex -0.975451 -4.90393 5
    endloop
  endfacet
  facet normal 0.817592 -0.575798 0
    outer loop
      vertex 4.01604 -2.9785 8.1
      vertex 4.15735 -2.77785 5
      vertex 4.15735 -2.77785 8.1
    endloop
  endfacet
  facet normal 0.817592 -0.575798 0
    outer loop
      vertex 4.15735 -2.77785 5
      vertex 4.01604 -2.9785 8.1
      vertex 4.01604 -2.9785 5
    endloop
  endfacet
  facet normal 0.122407 -0.99248 0
    outer loop
      vertex 0.490086 -4.97592 5
      vertex 0.733652 -4.94588 8.1
      vertex 0.490086 -4.97592 8.1
    endloop
  endfacet
  facet normal 0.122407 -0.99248 0
    outer loop
      vertex 0.733652 -4.94588 8.1
      vertex 0.490086 -4.97592 5
      vertex 0.733652 -4.94588 5
    endloop
  endfacet
  facet normal -0.724252 0.689535 0
    outer loop
      vertex -3.70475 3.35779 5
      vertex -3.53553 3.53553 8.1
      vertex -3.53553 3.53553 5
    endloop
  endfacet
  facet normal -0.724252 0.689535 0
    outer loop
      vertex -3.53553 3.53553 8.1
      vertex -3.70475 3.35779 5
      vertex -3.70475 3.35779 8.1
    endloop
  endfacet
  facet normal 0.449624 -0.893218 0
    outer loop
      vertex 2.13778 -4.51995 5
      vertex 2.35698 -4.40961 8.1
      vertex 2.13778 -4.51995 8.1
    endloop
  endfacet
  facet normal 0.449624 -0.893218 0
    outer loop
      vertex 2.35698 -4.40961 8.1
      vertex 2.13778 -4.51995 5
      vertex 2.35698 -4.40961 5
    endloop
  endfacet
  facet normal -0.844866 0.534978 0
    outer loop
      vertex -4.28864 2.57051 5
      vertex -4.15735 2.77785 8.1
      vertex -4.15735 2.77785 5
    endloop
  endfacet
  facet normal -0.844866 0.534978 0
    outer loop
      vertex -4.15735 2.77785 8.1
      vertex -4.28864 2.57051 5
      vertex -4.28864 2.57051 8.1
    endloop
  endfacet
  facet normal 0.266736 -0.96377 0
    outer loop
      vertex 1.2149 -4.85016 5
      vertex 1.45142 -4.7847 8.1
      vertex 1.2149 -4.85016 8.1
    endloop
  endfacet
  facet normal 0.266736 -0.96377 0
    outer loop
      vertex 1.45142 -4.7847 8.1
      vertex 1.2149 -4.85016 5
      vertex 1.45142 -4.7847 5
    endloop
  endfacet
  facet normal -0.615243 -0.788337 0
    outer loop
      vertex -3.17197 -3.86505 5
      vertex -2.9785 -4.01604 8.1
      vertex -3.17197 -3.86505 8.1
    endloop
  endfacet
  facet normal -0.615243 -0.788337 -0
    outer loop
      vertex -2.9785 -4.01604 8.1
      vertex -3.17197 -3.86505 5
      vertex -2.9785 -4.01604 5
    endloop
  endfacet
  facet normal -0.985282 -0.170938 0
    outer loop
      vertex -4.90393 -0.975451 5
      vertex -4.94588 -0.733652 8.1
      vertex -4.94588 -0.733652 5
    endloop
  endfacet
  facet normal -0.985282 -0.170938 0
    outer loop
      vertex -4.94588 -0.733652 8.1
      vertex -4.90393 -0.975451 5
      vertex -4.90393 -0.975451 8.1
    endloop
  endfacet
  facet normal 0.405235 -0.914213 0
    outer loop
      vertex 1.91342 -4.6194 5
      vertex 2.13778 -4.51995 8.1
      vertex 1.91342 -4.6194 8.1
    endloop
  endfacet
  facet normal 0.405235 -0.914213 0
    outer loop
      vertex 2.13778 -4.51995 8.1
      vertex 1.91342 -4.6194 5
      vertex 2.13778 -4.51995 5
    endloop
  endfacet
  facet normal 0.313672 0.949531 -0
    outer loop
      vertex 1.68445 4.70772 5
      vertex 1.45142 4.7847 8.1
      vertex 1.68445 4.70772 8.1
    endloop
  endfacet
  facet normal 0.313672 0.949531 0
    outer loop
      vertex 1.45142 4.7847 8.1
      vertex 1.68445 4.70772 5
      vertex 1.45142 4.7847 5
    endloop
  endfacet
  facet normal 0.0245303 0.999699 -0
    outer loop
      vertex 0.245337 4.99398 5
      vertex 0 5 8.1
      vertex 0.245337 4.99398 8.1
    endloop
  endfacet
  facet normal 0.0245303 0.999699 0
    outer loop
      vertex 0 5 8.1
      vertex 0.245337 4.99398 5
      vertex 0 5 5
    endloop
  endfacet
  facet normal 0.985282 -0.170938 0
    outer loop
      vertex 4.90393 -0.975451 8.1
      vertex 4.94588 -0.733652 5
      vertex 4.94588 -0.733652 8.1
    endloop
  endfacet
  facet normal 0.985282 -0.170938 0
    outer loop
      vertex 4.94588 -0.733652 5
      vertex 4.90393 -0.975451 8.1
      vertex 4.90393 -0.975451 5
    endloop
  endfacet
  facet normal -0.449624 0.893218 0
    outer loop
      vertex -2.13778 4.51995 5
      vertex -2.35698 4.40961 8.1
      vertex -2.13778 4.51995 8.1
    endloop
  endfacet
  facet normal -0.449624 0.893218 0
    outer loop
      vertex -2.35698 4.40961 8.1
      vertex -2.13778 4.51995 5
      vertex -2.35698 4.40961 5
    endloop
  endfacet
  facet normal 0.0735898 0.997289 -0
    outer loop
      vertex 0.490086 4.97592 5
      vertex 0.245337 4.99398 8.1
      vertex 0.490086 4.97592 8.1
    endloop
  endfacet
  facet normal 0.0735898 0.997289 0
    outer loop
      vertex 0.245337 4.99398 8.1
      vertex 0.490086 4.97592 5
      vertex 0.245337 4.99398 5
    endloop
  endfacet
  facet normal 0.534978 0.844866 -0
    outer loop
      vertex 2.77785 4.15735 5
      vertex 2.57051 4.28864 8.1
      vertex 2.77785 4.15735 8.1
    endloop
  endfacet
  facet normal 0.534978 0.844866 0
    outer loop
      vertex 2.57051 4.28864 8.1
      vertex 2.77785 4.15735 5
      vertex 2.57051 4.28864 5
    endloop
  endfacet
  facet normal -0.313672 -0.949531 0
    outer loop
      vertex -1.68445 -4.70772 5
      vertex -1.45142 -4.7847 8.1
      vertex -1.68445 -4.70772 8.1
    endloop
  endfacet
  facet normal -0.313672 -0.949531 -0
    outer loop
      vertex -1.45142 -4.7847 8.1
      vertex -1.68445 -4.70772 5
      vertex -1.45142 -4.7847 5
    endloop
  endfacet
  facet normal -0.997289 0.0735898 0
    outer loop
      vertex -4.99398 0.245337 5
      vertex -4.97592 0.490086 8.1
      vertex -4.97592 0.490086 5
    endloop
  endfacet
  facet normal -0.997289 0.0735898 0
    outer loop
      vertex -4.97592 0.490086 8.1
      vertex -4.99398 0.245337 5
      vertex -4.99398 0.245337 8.1
    endloop
  endfacet
  facet normal -0.985282 0.170938 0
    outer loop
      vertex -4.94588 0.733652 5
      vertex -4.90393 0.975451 8.1
      vertex -4.90393 0.975451 5
    endloop
  endfacet
  facet normal -0.985282 0.170938 0
    outer loop
      vertex -4.90393 0.975451 8.1
      vertex -4.94588 0.733652 5
      vertex -4.94588 0.733652 8.1
    endloop
  endfacet
  facet normal -0.170938 -0.985282 0
    outer loop
      vertex -0.975451 -4.90393 5
      vertex -0.733652 -4.94588 8.1
      vertex -0.975451 -4.90393 8.1
    endloop
  endfacet
  facet normal -0.170938 -0.985282 -0
    outer loop
      vertex -0.733652 -4.94588 8.1
      vertex -0.975451 -4.90393 5
      vertex -0.733652 -4.94588 5
    endloop
  endfacet
  facet normal -0.266736 0.96377 0
    outer loop
      vertex -1.2149 4.85016 5
      vertex -1.45142 4.7847 8.1
      vertex -1.2149 4.85016 8.1
    endloop
  endfacet
  facet normal -0.266736 0.96377 0
    outer loop
      vertex -1.45142 4.7847 8.1
      vertex -1.2149 4.85016 5
      vertex -1.45142 4.7847 5
    endloop
  endfacet
  facet normal -0.788337 -0.615243 0
    outer loop
      vertex -3.86505 -3.17197 5
      vertex -4.01604 -2.9785 8.1
      vertex -4.01604 -2.9785 5
    endloop
  endfacet
  facet normal -0.788337 -0.615243 0
    outer loop
      vertex -4.01604 -2.9785 8.1
      vertex -3.86505 -3.17197 5
      vertex -3.86505 -3.17197 8.1
    endloop
  endfacet
  facet normal 0.788337 0.615243 0
    outer loop
      vertex 4.01604 2.9785 8.1
      vertex 3.86505 3.17197 5
      vertex 3.86505 3.17197 8.1
    endloop
  endfacet
  facet normal 0.788337 0.615243 0
    outer loop
      vertex 3.86505 3.17197 5
      vertex 4.01604 2.9785 8.1
      vertex 4.01604 2.9785 5
    endloop
  endfacet
  facet normal -0.96377 -0.266736 0
    outer loop
      vertex -4.7847 -1.45142 5
      vertex -4.85016 -1.2149 8.1
      vertex -4.85016 -1.2149 5
    endloop
  endfacet
  facet normal -0.96377 -0.266736 0
    outer loop
      vertex -4.85016 -1.2149 8.1
      vertex -4.7847 -1.45142 5
      vertex -4.7847 -1.45142 8.1
    endloop
  endfacet
  facet normal -0.449624 -0.893218 0
    outer loop
      vertex -2.35698 -4.40961 5
      vertex -2.13778 -4.51995 8.1
      vertex -2.35698 -4.40961 8.1
    endloop
  endfacet
  facet normal -0.449624 -0.893218 -0
    outer loop
      vertex -2.13778 -4.51995 8.1
      vertex -2.35698 -4.40961 5
      vertex -2.13778 -4.51995 5
    endloop
  endfacet
  facet normal -0.870075 0.492919 0
    outer loop
      vertex -4.40961 2.35698 5
      vertex -4.28864 2.57051 8.1
      vertex -4.28864 2.57051 5
    endloop
  endfacet
  facet normal -0.870075 0.492919 0
    outer loop
      vertex -4.28864 2.57051 8.1
      vertex -4.40961 2.35698 5
      vertex -4.40961 2.35698 8.1
    endloop
  endfacet
  facet normal -0.405235 0.914213 0
    outer loop
      vertex -1.91342 4.6194 5
      vertex -2.13778 4.51995 8.1
      vertex -1.91342 4.6194 8.1
    endloop
  endfacet
  facet normal -0.405235 0.914213 0
    outer loop
      vertex -2.13778 4.51995 8.1
      vertex -1.91342 4.6194 5
      vertex -2.13778 4.51995 5
    endloop
  endfacet
  facet normal -0.575798 -0.817592 0
    outer loop
      vertex -2.9785 -4.01604 5
      vertex -2.77785 -4.15735 8.1
      vertex -2.9785 -4.01604 8.1
    endloop
  endfacet
  facet normal -0.575798 -0.817592 -0
    outer loop
      vertex -2.77785 -4.15735 8.1
      vertex -2.9785 -4.01604 5
      vertex -2.77785 -4.15735 5
    endloop
  endfacet
  facet normal -0.893218 -0.449624 0
    outer loop
      vertex -4.40961 -2.35698 5
      vertex -4.51995 -2.13778 8.1
      vertex -4.51995 -2.13778 5
    endloop
  endfacet
  facet normal -0.893218 -0.449624 0
    outer loop
      vertex -4.51995 -2.13778 8.1
      vertex -4.40961 -2.35698 5
      vertex -4.40961 -2.35698 8.1
    endloop
  endfacet
  facet normal -0.534978 -0.844866 0
    outer loop
      vertex -2.77785 -4.15735 5
      vertex -2.57051 -4.28864 8.1
      vertex -2.77785 -4.15735 8.1
    endloop
  endfacet
  facet normal -0.534978 -0.844866 -0
    outer loop
      vertex -2.57051 -4.28864 8.1
      vertex -2.77785 -4.15735 5
      vertex -2.57051 -4.28864 5
    endloop
  endfacet
  facet normal 0.976575 0.215178 -0
    outer loop
      vertex -12.2655 57.7048 3.8
      vertex -12.2668 57.7107 5.1
      vertex -12.2655 57.7048 5.1
    endloop
  endfacet
  facet normal 0 0 1
    outer loop
      vertex -11.6195 54.6656 5.1
      vertex -12.2655 57.7048 5.1
      vertex -12.2668 57.7107 5.1
    endloop
  endfacet
  facet normal 0.976575 0.215178 0
    outer loop
      vertex -12.2668 57.7107 5.1
      vertex -12.2655 57.7048 3.8
      vertex -12.2668 57.7107 0
    endloop
  endfacet
  facet normal 0.978148 0.207911 -1.18206e-05
    outer loop
      vertex -3.32473 15.6416 3.8
      vertex -12.2668 57.7107 0
      vertex -12.2655 57.7048 3.8
    endloop
  endfacet
  facet normal 0.978148 0.207912 0
    outer loop
      vertex -12.2668 57.7107 0
      vertex -3.32473 15.6416 3.8
      vertex -3.32473 15.6416 0
    endloop
  endfacet
  facet normal 0 0 1
    outer loop
      vertex -7.39465 58.5348 5.1
      vertex -7.29367 58.5454 5.1
      vertex -4.93698 58.7931 5.1
    endloop
  endfacet
  facet normal 0.104398 -0.994536 0
    outer loop
      vertex -7.39465 58.5348 5.1
      vertex -7.29367 58.5454 3.8
      vertex -7.29367 58.5454 5.1
    endloop
  endfacet
  facet normal 0.10449 -0.994526 -2.48828e-06
    outer loop
      vertex -7.29367 58.5454 3.8
      vertex -7.39465 58.5348 0
      vertex -5.84029 58.6981 3.8
    endloop
  endfacet
  facet normal 0.104398 -0.994536 0
    outer loop
      vertex -7.39465 58.5348 0
      vertex -7.29367 58.5454 3.8
      vertex -7.39465 58.5348 5.1
    endloop
  endfacet
  facet normal 0 -0 1
    outer loop
      vertex -5.84029 58.6981 5.1
      vertex -4.93698 58.7931 5.1
      vertex -7.29367 58.5454 5.1
    endloop
  endfacet
  facet normal 0.104592 -0.994515 0
    outer loop
      vertex -5.84029 58.6981 3.8
      vertex -4.93698 58.7931 5.1
      vertex -5.84029 58.6981 5.1
    endloop
  endfacet
  facet normal 0.104524 -0.994522 -1.6365e-05
    outer loop
      vertex -4.93698 58.7931 0
      vertex -5.84029 58.6981 3.8
      vertex -7.39465 58.5348 0
    endloop
  endfacet
  facet normal 0.104592 -0.994515 0
    outer loop
      vertex -5.84029 58.6981 3.8
      vertex -4.93698 58.7931 0
      vertex -4.93698 58.7931 5.1
    endloop
  endfacet
  facet normal 0 0 1
    outer loop
      vertex -2.47066 58.9482 5.1
      vertex -2.43691 58.9489 5.1
      vertex 0 59 5.1
    endloop
  endfacet
  facet normal 0.0207363 -0.999785 0
    outer loop
      vertex -2.47066 58.9482 5.1
      vertex -2.43691 58.9489 3.8
      vertex -2.43691 58.9489 5.1
    endloop
  endfacet
  facet normal 0.0207363 -0.999785 0
    outer loop
      vertex -2.47066 58.9482 0
      vertex -2.43691 58.9489 3.8
      vertex -2.47066 58.9482 5.1
    endloop
  endfacet
  facet normal 0.0209646 -0.99978 -2.02844e-06
    outer loop
      vertex -2.47066 58.9482 0
      vertex 0 59 3.8
      vertex -2.43691 58.9489 3.8
    endloop
  endfacet
  facet normal 0.0209615 -0.99978 0
    outer loop
      vertex 0 59 3.8
      vertex -2.47066 58.9482 0
      vertex 0 59 0
    endloop
  endfacet
  facet normal 0 0 -1
    outer loop
      vertex 10.9055 54.8259 5.1
      vertex 12.2668 57.7107 5.1
      vertex 11.6195 54.6656 5.1
    endloop
  endfacet
  facet normal 0 0 -1
    outer loop
      vertex 10.6758 54.8657 5.1
      vertex 12.2668 57.7107 5.1
      vertex 10.9055 54.8259 5.1
    endloop
  endfacet
  facet normal 0 0 -1
    outer loop
      vertex 10.6758 54.8657 5.1
      vertex 9.83936 58.1738 5.1
      vertex 12.2668 57.7107 5.1
    endloop
  endfacet
  facet normal 0 0 -1
    outer loop
      vertex 8.20223 55.295 5.1
      vertex 9.83936 58.1738 5.1
      vertex 10.6758 54.8657 5.1
    endloop
  endfacet
  facet normal 0 0 -1
    outer loop
      vertex 7.39465 58.5348 5.1
      vertex 8.20223 55.295 5.1
      vertex 7.97084 55.3235 5.1
    endloop
  endfacet
  facet normal 0 0 -1
    outer loop
      vertex 8.20223 55.295 5.1
      vertex 7.39465 58.5348 5.1
      vertex 9.83936 58.1738 5.1
    endloop
  endfacet
  facet normal 0 0 -1
    outer loop
      vertex 5.47916 55.6308 5.1
      vertex 7.39465 58.5348 5.1
      vertex 7.97084 55.3235 5.1
    endloop
  endfacet
  facet normal 0 0 -1
    outer loop
      vertex 4.93698 58.7931 5.1
      vertex 5.47916 55.6308 5.1
      vertex 5.24665 55.648 5.1
    endloop
  endfacet
  facet normal 0 0 -1
    outer loop
      vertex 5.47916 55.6308 5.1
      vertex 4.93698 58.7931 5.1
      vertex 7.39465 58.5348 5.1
    endloop
  endfacet
  facet normal 0 0 -1
    outer loop
      vertex 2.74288 55.8327 5.1
      vertex 4.93698 58.7931 5.1
      vertex 5.24665 55.648 5.1
    endloop
  endfacet
  facet normal 0 0 -1
    outer loop
      vertex 2.47066 58.9482 5.1
      vertex 2.74288 55.8327 5.1
      vertex 2.50981 55.8384 5.1
    endloop
  endfacet
  facet normal 0 0 -1
    outer loop
      vertex 2.74288 55.8327 5.1
      vertex 2.47066 58.9482 5.1
      vertex 4.93698 58.7931 5.1
    endloop
  endfacet
  facet normal 0 0 -1
    outer loop
      vertex 0 55.9 5.1
      vertex 2.47066 58.9482 5.1
      vertex 2.50981 55.8384 5.1
    endloop
  endfacet
  facet normal 0 0 -1
    outer loop
      vertex 0 55.9 5.1
      vertex 0 59 5.1
      vertex 2.47066 58.9482 5.1
    endloop
  endfacet
  facet normal 0 0 -1
    outer loop
      vertex -0.233072 55.8943 5.1
      vertex 0 59 5.1
      vertex 0 55.9 5.1
    endloop
  endfacet
  facet normal 0 0 -1
    outer loop
      vertex -0.233072 55.8943 5.1
      vertex -2.47066 58.9482 5.1
      vertex 0 59 5.1
    endloop
  endfacet
  facet normal 0 0 -1
    outer loop
      vertex -2.74288 55.8327 5.1
      vertex -2.47066 58.9482 5.1
      vertex -0.233072 55.8943 5.1
    endloop
  endfacet
  facet normal 0 0 -1
    outer loop
      vertex -2.97539 55.8155 5.1
      vertex -2.47066 58.9482 5.1
      vertex -2.74288 55.8327 5.1
    endloop
  endfacet
  facet normal 0 0 -1
    outer loop
      vertex -2.97539 55.8155 5.1
      vertex -4.93698 58.7931 5.1
      vertex -2.47066 58.9482 5.1
    endloop
  endfacet
  facet normal 0 0 -1
    outer loop
      vertex -5.47916 55.6308 5.1
      vertex -4.93698 58.7931 5.1
      vertex -2.97539 55.8155 5.1
    endloop
  endfacet
  facet normal 0 0 -1
    outer loop
      vertex -5.71055 55.6023 5.1
      vertex -4.93698 58.7931 5.1
      vertex -5.47916 55.6308 5.1
    endloop
  endfacet
  facet normal 0 0 -1
    outer loop
      vertex -5.71055 55.6023 5.1
      vertex -7.39465 58.5348 5.1
      vertex -4.93698 58.7931 5.1
    endloop
  endfacet
  facet normal 0 0 -1
    outer loop
      vertex -8.20223 55.295 5.1
      vertex -7.39465 58.5348 5.1
      vertex -5.71055 55.6023 5.1
    endloop
  endfacet
  facet normal 0 0 -1
    outer loop
      vertex -9.83936 58.1738 5.1
      vertex -8.20223 55.295 5.1
      vertex -8.43194 55.2551 5.1
    endloop
  endfacet
  facet normal 0 0 -1
    outer loop
      vertex -8.20223 55.295 5.1
      vertex -9.83936 58.1738 5.1
      vertex -7.39465 58.5348 5.1
    endloop
  endfacet
  facet normal 0 0 -1
    outer loop
      vertex -10.9055 54.8259 5.1
      vertex -9.83936 58.1738 5.1
      vertex -8.43194 55.2551 5.1
    endloop
  endfacet
  facet normal 0 0 -1
    outer loop
      vertex -12.2668 57.7107 5.1
      vertex -10.9055 54.8259 5.1
      vertex -11.133 54.7748 5.1
    endloop
  endfacet
  facet normal 0 0 -1
    outer loop
      vertex -12.2668 57.7107 5.1
      vertex -11.133 54.7748 5.1
      vertex -11.6195 54.6656 5.1
    endloop
  endfacet
  facet normal 0 0 -1
    outer loop
      vertex -10.9055 54.8259 5.1
      vertex -12.2668 57.7107 5.1
      vertex -9.83936 58.1738 5.1
    endloop
  endfacet
  facet normal -0.0209646 -0.99978 -0
    outer loop
      vertex 0 59 3.8
      vertex 0 59 0
      vertex 2.43691 58.9489 3.8
    endloop
  endfacet
  facet normal 0 0 1
    outer loop
      vertex 0 59 5.1
      vertex 2.43691 58.9489 5.1
      vertex 2.47066 58.9482 5.1
    endloop
  endfacet
  facet normal -0.0207363 -0.999785 0
    outer loop
      vertex 2.43691 58.9489 3.8
      vertex 2.47066 58.9482 5.1
      vertex 2.43691 58.9489 5.1
    endloop
  endfacet
  facet normal -0.0207363 -0.999785 0
    outer loop
      vertex 2.43691 58.9489 3.8
      vertex 2.47066 58.9482 0
      vertex 2.47066 58.9482 5.1
    endloop
  endfacet
  facet normal -0.0209615 -0.99978 -2.00073e-06
    outer loop
      vertex 2.47066 58.9482 0
      vertex 2.43691 58.9489 3.8
      vertex 0 59 0
    endloop
  endfacet
  facet normal 0 0 -1
    outer loop
      vertex 9.83936 58.1738 5.1
      vertex 10.7682 57.9966 5.1
      vertex 12.2668 57.7107 5.1
    endloop
  endfacet
  facet normal -0.187396 -0.982284 0
    outer loop
      vertex 9.83936 58.1738 5.1
      vertex 10.7682 57.9966 3.8
      vertex 10.7682 57.9966 5.1
    endloop
  endfacet
  facet normal -0.187397 -0.982284 3.65896e-07
    outer loop
      vertex 12.2668 57.7107 0
      vertex 10.7682 57.9966 3.8
      vertex 9.83936 58.1738 0
    endloop
  endfacet
  facet normal -0.187396 -0.982284 0
    outer loop
      vertex 9.83936 58.1738 0
      vertex 10.7682 57.9966 3.8
      vertex 9.83936 58.1738 5.1
    endloop
  endfacet
  facet normal -0 -0 1
    outer loop
      vertex 12.101 57.7423 5.1
      vertex 12.2668 57.7107 5.1
      vertex 10.7682 57.9966 5.1
    endloop
  endfacet
  facet normal -0.187221 -0.982318 0
    outer loop
      vertex 12.101 57.7423 3.8
      vertex 12.2668 57.7107 5.1
      vertex 12.101 57.7423 5.1
    endloop
  endfacet
  facet normal -0.187221 -0.982318 0
    outer loop
      vertex 12.101 57.7423 3.8
      vertex 12.2668 57.7107 0
      vertex 12.2668 57.7107 5.1
    endloop
  endfacet
  facet normal -0.18742 -0.98228 -9.01085e-06
    outer loop
      vertex 10.7682 57.9966 3.8
      vertex 12.2668 57.7107 0
      vertex 12.101 57.7423 3.8
    endloop
  endfacet
  facet normal -0.976575 0.215178 0
    outer loop
      vertex 12.2668 57.7107 0
      vertex 12.2655 57.7048 3.8
      vertex 12.2668 57.7107 5.1
    endloop
  endfacet
  facet normal -0.978148 0.207912 -1.18189e-05
    outer loop
      vertex 3.32473 15.6416 0
      vertex 12.2655 57.7048 3.8
      vertex 12.2668 57.7107 0
    endloop
  endfacet
  facet normal -0.978148 0.207911 0
    outer loop
      vertex 12.2655 57.7048 3.8
      vertex 3.32473 15.6416 0
      vertex 3.32473 15.6416 3.8
    endloop
  endfacet
  facet normal -0.976575 0.215178 0
    outer loop
      vertex 12.2655 57.7048 5.1
      vertex 12.2668 57.7107 5.1
      vertex 12.2655 57.7048 3.8
    endloop
  endfacet
  facet normal -0 0 1
    outer loop
      vertex 12.2655 57.7048 5.1
      vertex 11.6195 54.6656 5.1
      vertex 12.2668 57.7107 5.1
    endloop
  endfacet
  facet normal 0 0 -1
    outer loop
      vertex 2.47066 58.9482 5.1
      vertex 3.24727 58.8994 5.1
      vertex 4.93698 58.7931 5.1
    endloop
  endfacet
  facet normal -0.0627135 -0.998032 0
    outer loop
      vertex 2.47066 58.9482 5.1
      vertex 3.24727 58.8994 3.8
      vertex 3.24727 58.8994 5.1
    endloop
  endfacet
  facet normal -0.0627632 -0.998028 1.02012e-05
    outer loop
      vertex 4.93698 58.7931 0
      vertex 3.24727 58.8994 3.8
      vertex 2.47066 58.9482 0
    endloop
  endfacet
  facet normal -0.0627135 -0.998032 0
    outer loop
      vertex 2.47066 58.9482 0
      vertex 3.24727 58.8994 3.8
      vertex 2.47066 58.9482 5.1
    endloop
  endfacet
  facet normal -0 -0 1
    outer loop
      vertex 4.86929 58.7973 5.1
      vertex 4.93698 58.7931 5.1
      vertex 3.24727 58.8994 5.1
    endloop
  endfacet
  facet normal -0.0619285 -0.998081 0
    outer loop
      vertex 4.86929 58.7973 3.8
      vertex 4.93698 58.7931 5.1
      vertex 4.86929 58.7973 5.1
    endloop
  endfacet
  facet normal -0.0619285 -0.998081 0
    outer loop
      vertex 4.86929 58.7973 3.8
      vertex 4.93698 58.7931 0
      vertex 4.93698 58.7931 5.1
    endloop
  endfacet
  facet normal -0.0628219 -0.998025 -1.59759e-05
    outer loop
      vertex 3.24727 58.8994 3.8
      vertex 4.93698 58.7931 0
      vertex 4.86929 58.7973 3.8
    endloop
  endfacet
  facet normal 0 0 1
    outer loop
      vertex -9.83936 58.1738 5.1
      vertex -9.7057 58.1935 5.1
      vertex -7.39465 58.5348 5.1
    endloop
  endfacet
  facet normal 0.145814 -0.989312 0
    outer loop
      vertex -9.83936 58.1738 5.1
      vertex -9.7057 58.1935 3.8
      vertex -9.7057 58.1935 5.1
    endloop
  endfacet
  facet normal 0.146111 -0.989268 -1.07019e-05
    outer loop
      vertex -9.7057 58.1935 3.8
      vertex -9.83936 58.1738 0
      vertex -8.32652 58.3972 3.8
    endloop
  endfacet
  facet normal 0.145814 -0.989312 0
    outer loop
      vertex -9.83936 58.1738 0
      vertex -9.7057 58.1935 3.8
      vertex -9.83936 58.1738 5.1
    endloop
  endfacet
  facet normal 0 -0 -1
    outer loop
      vertex -8.32652 58.3972 5.1
      vertex -7.39465 58.5348 5.1
      vertex -9.7057 58.1935 5.1
    endloop
  endfacet
  facet normal 0.146076 -0.989273 0
    outer loop
      vertex -8.32652 58.3972 3.8
      vertex -7.39465 58.5348 5.1
      vertex -8.32652 58.3972 5.1
    endloop
  endfacet
  facet normal 0.146082 -0.989273 1.38159e-06
    outer loop
      vertex -7.39465 58.5348 0
      vertex -8.32652 58.3972 3.8
      vertex -9.83936 58.1738 0
    endloop
  endfacet
  facet normal 0.146076 -0.989273 0
    outer loop
      vertex -8.32652 58.3972 3.8
      vertex -7.39465 58.5348 0
      vertex -7.39465 58.5348 5.1
    endloop
  endfacet
  facet normal 0 0 1
    outer loop
      vertex 4.93698 58.7931 5.1
      vertex 5.84029 58.6981 5.1
      vertex 7.39465 58.5348 5.1
    endloop
  endfacet
  facet normal -0.104592 -0.994515 0
    outer loop
      vertex 4.93698 58.7931 5.1
      vertex 5.84029 58.6981 3.8
      vertex 5.84029 58.6981 5.1
    endloop
  endfacet
  facet normal -0.104524 -0.994522 -1.6365e-05
    outer loop
      vertex 7.39465 58.5348 0
      vertex 5.84029 58.6981 3.8
      vertex 4.93698 58.7931 0
    endloop
  endfacet
  facet normal -0.104592 -0.994515 0
    outer loop
      vertex 4.93698 58.7931 0
      vertex 5.84029 58.6981 3.8
      vertex 4.93698 58.7931 5.1
    endloop
  endfacet
  facet normal -0 -0 1
    outer loop
      vertex 7.29367 58.5454 5.1
      vertex 7.39465 58.5348 5.1
      vertex 5.84029 58.6981 5.1
    endloop
  endfacet
  facet normal -0.104398 -0.994536 0
    outer loop
      vertex 7.29367 58.5454 3.8
      vertex 7.39465 58.5348 5.1
      vertex 7.29367 58.5454 5.1
    endloop
  endfacet
  facet normal -0.104398 -0.994536 0
    outer loop
      vertex 7.29367 58.5454 3.8
      vertex 7.39465 58.5348 0
      vertex 7.39465 58.5348 5.1
    endloop
  endfacet
  facet normal -0.10449 -0.994526 -2.48828e-06
    outer loop
      vertex 5.84029 58.6981 3.8
      vertex 7.39465 58.5348 0
      vertex 7.29367 58.5454 3.8
    endloop
  endfacet
  facet normal 0 0 1
    outer loop
      vertex -4.93698 58.7931 5.1
      vertex -4.86929 58.7973 5.1
      vertex -2.47066 58.9482 5.1
    endloop
  endfacet
  facet normal 0.0619285 -0.998081 0
    outer loop
      vertex -4.93698 58.7931 5.1
      vertex -4.86929 58.7973 3.8
      vertex -4.86929 58.7973 5.1
    endloop
  endfacet
  facet normal 0.0628219 -0.998025 -1.59759e-05
    outer loop
      vertex -4.86929 58.7973 3.8
      vertex -4.93698 58.7931 0
      vertex -3.24727 58.8994 3.8
    endloop
  endfacet
  facet normal 0.0619285 -0.998081 0
    outer loop
      vertex -4.93698 58.7931 0
      vertex -4.86929 58.7973 3.8
      vertex -4.93698 58.7931 5.1
    endloop
  endfacet
  facet normal 0 -0 -1
    outer loop
      vertex -3.24727 58.8994 5.1
      vertex -2.47066 58.9482 5.1
      vertex -4.86929 58.7973 5.1
    endloop
  endfacet
  facet normal 0.0627135 -0.998032 0
    outer loop
      vertex -3.24727 58.8994 3.8
      vertex -2.47066 58.9482 5.1
      vertex -3.24727 58.8994 5.1
    endloop
  endfacet
  facet normal 0.0627632 -0.998028 1.02012e-05
    outer loop
      vertex -2.47066 58.9482 0
      vertex -3.24727 58.8994 3.8
      vertex -4.93698 58.7931 0
    endloop
  endfacet
  facet normal 0.0627135 -0.998032 0
    outer loop
      vertex -3.24727 58.8994 3.8
      vertex -2.47066 58.9482 0
      vertex -2.47066 58.9482 5.1
    endloop
  endfacet
  facet normal 0 0 1
    outer loop
      vertex -12.2668 57.7107 5.1
      vertex -12.101 57.7423 5.1
      vertex -9.83936 58.1738 5.1
    endloop
  endfacet
  facet normal 0.187221 -0.982318 0
    outer loop
      vertex -12.2668 57.7107 5.1
      vertex -12.101 57.7423 3.8
      vertex -12.101 57.7423 5.1
    endloop
  endfacet
  facet normal 0.18742 -0.98228 -9.01085e-06
    outer loop
      vertex -12.101 57.7423 3.8
      vertex -12.2668 57.7107 0
      vertex -10.7682 57.9966 3.8
    endloop
  endfacet
  facet normal 0.187221 -0.982318 0
    outer loop
      vertex -12.2668 57.7107 0
      vertex -12.101 57.7423 3.8
      vertex -12.2668 57.7107 5.1
    endloop
  endfacet
  facet normal 0 -0 -1
    outer loop
      vertex -10.7682 57.9966 5.1
      vertex -9.83936 58.1738 5.1
      vertex -12.101 57.7423 5.1
    endloop
  endfacet
  facet normal 0.187396 -0.982284 0
    outer loop
      vertex -10.7682 57.9966 3.8
      vertex -9.83936 58.1738 5.1
      vertex -10.7682 57.9966 5.1
    endloop
  endfacet
  facet normal 0.187397 -0.982284 3.65896e-07
    outer loop
      vertex -9.83936 58.1738 0
      vertex -10.7682 57.9966 3.8
      vertex -12.2668 57.7107 0
    endloop
  endfacet
  facet normal 0.187396 -0.982284 0
    outer loop
      vertex -10.7682 57.9966 3.8
      vertex -9.83936 58.1738 0
      vertex -9.83936 58.1738 5.1
    endloop
  endfacet
  facet normal 0 0 -1
    outer loop
      vertex 7.39465 58.5348 5.1
      vertex 8.32652 58.3972 5.1
      vertex 9.83936 58.1738 5.1
    endloop
  endfacet
  facet normal -0.146076 -0.989273 0
    outer loop
      vertex 7.39465 58.5348 5.1
      vertex 8.32652 58.3972 3.8
      vertex 8.32652 58.3972 5.1
    endloop
  endfacet
  facet normal -0.146082 -0.989273 1.38159e-06
    outer loop
      vertex 9.83936 58.1738 0
      vertex 8.32652 58.3972 3.8
      vertex 7.39465 58.5348 0
    endloop
  endfacet
  facet normal -0.146076 -0.989273 0
    outer loop
      vertex 7.39465 58.5348 0
      vertex 8.32652 58.3972 3.8
      vertex 7.39465 58.5348 5.1
    endloop
  endfacet
  facet normal -0 -0 1
    outer loop
      vertex 9.7057 58.1935 5.1
      vertex 9.83936 58.1738 5.1
      vertex 8.32652 58.3972 5.1
    endloop
  endfacet
  facet normal -0.145814 -0.989312 0
    outer loop
      vertex 9.7057 58.1935 3.8
      vertex 9.83936 58.1738 5.1
      vertex 9.7057 58.1935 5.1
    endloop
  endfacet
  facet normal -0.145814 -0.989312 0
    outer loop
      vertex 9.7057 58.1935 3.8
      vertex 9.83936 58.1738 0
      vertex 9.83936 58.1738 5.1
    endloop
  endfacet
  facet normal -0.146111 -0.989268 -1.07019e-05
    outer loop
      vertex 8.32652 58.3972 3.8
      vertex 9.83936 58.1738 0
      vertex 9.7057 58.1935 3.8
    endloop
  endfacet
  facet normal 0.0490396 0.998797 -0
    outer loop
      vertex 1.56827 15.923 0
      vertex 0 16 3.8
      vertex 1.56827 15.923 3.8
    endloop
  endfacet
  facet normal 0.0490396 0.998797 0
    outer loop
      vertex 0 16 3.8
      vertex 1.56827 15.923 0
      vertex 0 16 0
    endloop
  endfacet
  facet normal -0.146736 0.989176 0
    outer loop
      vertex -1.56827 15.923 0
      vertex -3.12144 15.6926 3.8
      vertex -1.56827 15.923 3.8
    endloop
  endfacet
  facet normal -0.146736 0.989176 0
    outer loop
      vertex -3.12144 15.6926 3.8
      vertex -1.56827 15.923 0
      vertex -3.12144 15.6926 0
    endloop
  endfacet
  facet normal -0.243333 0.969943 0
    outer loop
      vertex -3.12144 15.6926 0
      vertex -3.32473 15.6416 3.8
      vertex -3.12144 15.6926 3.8
    endloop
  endfacet
  facet normal -0.243333 0.969943 0
    outer loop
      vertex -3.32473 15.6416 3.8
      vertex -3.12144 15.6926 0
      vertex -3.32473 15.6416 0
    endloop
  endfacet
  facet normal -0.0490396 0.998797 0
    outer loop
      vertex 0 16 0
      vertex -1.56827 15.923 3.8
      vertex 0 16 3.8
    endloop
  endfacet
  facet normal -0.0490396 0.998797 0
    outer loop
      vertex -1.56827 15.923 3.8
      vertex 0 16 0
      vertex -1.56827 15.923 0
    endloop
  endfacet
  facet normal 0.146736 0.989176 -0
    outer loop
      vertex 3.12144 15.6926 0
      vertex 1.56827 15.923 3.8
      vertex 3.12144 15.6926 3.8
    endloop
  endfacet
  facet normal 0.146736 0.989176 0
    outer loop
      vertex 1.56827 15.923 3.8
      vertex 3.12144 15.6926 0
      vertex 1.56827 15.923 0
    endloop
  endfacet
  facet normal 0.243333 0.969943 -0
    outer loop
      vertex 3.32473 15.6416 0
      vertex 3.12144 15.6926 3.8
      vertex 3.32473 15.6416 3.8
    endloop
  endfacet
  facet normal 0.243333 0.969943 0
    outer loop
      vertex 3.12144 15.6926 3.8
      vertex 3.32473 15.6416 0
      vertex 3.12144 15.6926 0
    endloop
  endfacet
  facet normal -0.22211 -0.975022 0
    outer loop
      vertex 12.2655 57.7048 3.8
      vertex 14.2734 57.2474 5.1
      vertex 12.2655 57.7048 5.1
    endloop
  endfacet
  facet normal -0.22211 -0.975022 -0
    outer loop
      vertex 14.2734 57.2474 5.1
      vertex 12.2655 57.7048 3.8
      vertex 14.2734 57.2474 3.8
    endloop
  endfacet
  facet normal -0.222265 -0.974986 0
    outer loop
      vertex 11.9308 57.7811 3.8
      vertex 12.101 57.7423 5.1
      vertex 11.9308 57.7811 5.1
    endloop
  endfacet
  facet normal -0.222265 -0.974986 -0
    outer loop
      vertex 12.101 57.7423 5.1
      vertex 11.9308 57.7811 3.8
      vertex 12.101 57.7423 3.8
    endloop
  endfacet
  facet normal -0.141703 -0.989909 0
    outer loop
      vertex 7.19028 58.5602 3.8
      vertex 7.29367 58.5454 5.1
      vertex 7.19028 58.5602 5.1
    endloop
  endfacet
  facet normal -0.141703 -0.989909 -0
    outer loop
      vertex 7.29367 58.5454 5.1
      vertex 7.19028 58.5602 3.8
      vertex 7.29367 58.5454 3.8
    endloop
  endfacet
  facet normal -0.142104 -0.989852 0
    outer loop
      vertex 8.32652 58.3972 3.8
      vertex 9.5685 58.2189 5.1
      vertex 8.32652 58.3972 5.1
    endloop
  endfacet
  facet normal -0.142104 -0.989852 -0
    outer loop
      vertex 9.5685 58.2189 5.1
      vertex 8.32652 58.3972 3.8
      vertex 9.5685 58.2189 3.8
    endloop
  endfacet
  facet normal -0.970296 0.241921 0
    outer loop
      vertex 14.2734 57.2474 3.8
      vertex 13.5231 54.2381 5.1
      vertex 14.2734 57.2474 5.1
    endloop
  endfacet
  facet normal -0.970274 0.242009 0.000215147
    outer loop
      vertex 14.2734 57.2474 3.8
      vertex 13.5052 54.1664 5.02613
      vertex 13.5231 54.2381 5.1
    endloop
  endfacet
  facet normal -0.970315 0.241846 -0.000218897
    outer loop
      vertex 14.2734 57.2474 3.8
      vertex 13.4989 54.1411 5
      vertex 13.5052 54.1664 5.02613
    endloop
  endfacet
  facet normal -0.970296 0.241922 -8.4911e-06
    outer loop
      vertex 3.57613 14.3431 3.8
      vertex 13.4989 54.1411 5
      vertex 14.2734 57.2474 3.8
    endloop
  endfacet
  facet normal -0.970296 0.241922 0
    outer loop
      vertex 13.4989 54.1411 5
      vertex 3.57613 14.3431 3.8
      vertex 3.57613 14.3431 5
    endloop
  endfacet
  facet normal -0.0630203 -0.998012 0
    outer loop
      vertex 2.40207 58.9511 3.8
      vertex 2.43691 58.9489 5.1
      vertex 2.40207 58.9511 5.1
    endloop
  endfacet
  facet normal -0.0630203 -0.998012 -0
    outer loop
      vertex 2.43691 58.9489 5.1
      vertex 2.40207 58.9511 3.8
      vertex 2.43691 58.9489 3.8
    endloop
  endfacet
  facet normal -0.0610621 -0.998134 0
    outer loop
      vertex 3.24727 58.8994 3.8
      vertex 4.80016 58.8044 5.1
      vertex 3.24727 58.8994 5.1
    endloop
  endfacet
  facet normal -0.0610621 -0.998134 -0
    outer loop
      vertex 4.80016 58.8044 5.1
      vertex 3.24727 58.8994 3.8
      vertex 4.80016 58.8044 3.8
    endloop
  endfacet
  facet normal 0.22211 -0.975022 0
    outer loop
      vertex -14.2734 57.2474 3.8
      vertex -12.2655 57.7048 5.1
      vertex -14.2734 57.2474 5.1
    endloop
  endfacet
  facet normal 0.22211 -0.975022 0
    outer loop
      vertex -12.2655 57.7048 5.1
      vertex -14.2734 57.2474 3.8
      vertex -12.2655 57.7048 3.8
    endloop
  endfacet
  facet normal 0.222265 -0.974986 0
    outer loop
      vertex -12.101 57.7423 3.8
      vertex -11.9308 57.7811 5.1
      vertex -12.101 57.7423 5.1
    endloop
  endfacet
  facet normal 0.222265 -0.974986 0
    outer loop
      vertex -11.9308 57.7811 5.1
      vertex -12.101 57.7423 3.8
      vertex -11.9308 57.7811 3.8
    endloop
  endfacet
  facet normal 0.970296 0.241921 0
    outer loop
      vertex -13.5231 54.2381 5.1
      vertex -14.2734 57.2474 3.8
      vertex -14.2734 57.2474 5.1
    endloop
  endfacet
  facet normal 0.970285 0.241964 0.000104429
    outer loop
      vertex -13.4989 54.1411 5
      vertex -14.2734 57.2474 3.8
      vertex -13.5231 54.2381 5.1
    endloop
  endfacet
  facet normal 0.970296 0.241922 -0
    outer loop
      vertex -3.57613 14.3431 3.8
      vertex -13.4989 54.1411 5
      vertex -3.57613 14.3431 5
    endloop
  endfacet
  facet normal 0.970296 0.241922 -8.4911e-06
    outer loop
      vertex -13.4989 54.1411 5
      vertex -3.57613 14.3431 3.8
      vertex -14.2734 57.2474 3.8
    endloop
  endfacet
  facet normal 0.0203532 -0.999793 0
    outer loop
      vertex -2.40207 58.9511 3.8
      vertex 0 59 5.1
      vertex -2.40207 58.9511 5.1
    endloop
  endfacet
  facet normal 0.0203532 -0.999793 0
    outer loop
      vertex 0 59 5.1
      vertex -2.40207 58.9511 3.8
      vertex 0 59 3.8
    endloop
  endfacet
  facet normal 0.141703 -0.989909 0
    outer loop
      vertex -7.29367 58.5454 3.8
      vertex -7.19028 58.5602 5.1
      vertex -7.29367 58.5454 5.1
    endloop
  endfacet
  facet normal 0.141703 -0.989909 0
    outer loop
      vertex -7.19028 58.5602 5.1
      vertex -7.29367 58.5454 3.8
      vertex -7.19028 58.5602 3.8
    endloop
  endfacet
  facet normal 0.142104 -0.989852 0
    outer loop
      vertex -9.5685 58.2189 3.8
      vertex -8.32652 58.3972 5.1
      vertex -9.5685 58.2189 5.1
    endloop
  endfacet
  facet normal 0.142104 -0.989852 0
    outer loop
      vertex -8.32652 58.3972 5.1
      vertex -9.5685 58.2189 3.8
      vertex -8.32652 58.3972 3.8
    endloop
  endfacet
  facet normal -0.10162 -0.994823 0
    outer loop
      vertex 5.84029 58.6981 3.8
      vertex 7.19028 58.5602 5.1
      vertex 5.84029 58.6981 5.1
    endloop
  endfacet
  facet normal -0.10162 -0.994823 -0
    outer loop
      vertex 7.19028 58.5602 5.1
      vertex 5.84029 58.6981 3.8
      vertex 7.19028 58.5602 3.8
    endloop
  endfacet
  facet normal -0.102168 -0.994767 0
    outer loop
      vertex 4.80016 58.8044 3.8
      vertex 4.86929 58.7973 5.1
      vertex 4.80016 58.8044 5.1
    endloop
  endfacet
  facet normal -0.102168 -0.994767 -0
    outer loop
      vertex 4.86929 58.7973 5.1
      vertex 4.80016 58.8044 3.8
      vertex 4.86929 58.7973 3.8
    endloop
  endfacet
  facet normal -0.182038 -0.983292 0
    outer loop
      vertex 9.5685 58.2189 3.8
      vertex 9.7057 58.1935 5.1
      vertex 9.5685 58.2189 5.1
    endloop
  endfacet
  facet normal -0.182038 -0.983292 -0
    outer loop
      vertex 9.7057 58.1935 5.1
      vertex 9.5685 58.2189 3.8
      vertex 9.7057 58.1935 3.8
    endloop
  endfacet
  facet normal -0.182256 -0.983251 0
    outer loop
      vertex 10.7682 57.9966 3.8
      vertex 11.9308 57.7811 5.1
      vertex 10.7682 57.9966 5.1
    endloop
  endfacet
  facet normal -0.182256 -0.983251 -0
    outer loop
      vertex 11.9308 57.7811 5.1
      vertex 10.7682 57.9966 3.8
      vertex 11.9308 57.7811 3.8
    endloop
  endfacet
  facet normal 0.182256 -0.983251 0
    outer loop
      vertex -11.9308 57.7811 3.8
      vertex -10.7682 57.9966 5.1
      vertex -11.9308 57.7811 5.1
    endloop
  endfacet
  facet normal 0.182256 -0.983251 0
    outer loop
      vertex -10.7682 57.9966 5.1
      vertex -11.9308 57.7811 3.8
      vertex -10.7682 57.9966 3.8
    endloop
  endfacet
  facet normal 0.182038 -0.983292 0
    outer loop
      vertex -9.7057 58.1935 3.8
      vertex -9.5685 58.2189 5.1
      vertex -9.7057 58.1935 5.1
    endloop
  endfacet
  facet normal 0.182038 -0.983292 0
    outer loop
      vertex -9.5685 58.2189 5.1
      vertex -9.7057 58.1935 3.8
      vertex -9.5685 58.2189 3.8
    endloop
  endfacet
  facet normal 0.10162 -0.994823 0
    outer loop
      vertex -7.19028 58.5602 3.8
      vertex -5.84029 58.6981 5.1
      vertex -7.19028 58.5602 5.1
    endloop
  endfacet
  facet normal 0.10162 -0.994823 0
    outer loop
      vertex -5.84029 58.6981 5.1
      vertex -7.19028 58.5602 3.8
      vertex -5.84029 58.6981 3.8
    endloop
  endfacet
  facet normal 0.102168 -0.994767 0
    outer loop
      vertex -4.86929 58.7973 3.8
      vertex -4.80016 58.8044 5.1
      vertex -4.86929 58.7973 5.1
    endloop
  endfacet
  facet normal 0.102168 -0.994767 0
    outer loop
      vertex -4.80016 58.8044 5.1
      vertex -4.86929 58.7973 3.8
      vertex -4.80016 58.8044 3.8
    endloop
  endfacet
  facet normal -0.0203532 -0.999793 0
    outer loop
      vertex 0 59 3.8
      vertex 2.40207 58.9511 5.1
      vertex 0 59 5.1
    endloop
  endfacet
  facet normal -0.0203532 -0.999793 -0
    outer loop
      vertex 2.40207 58.9511 5.1
      vertex 0 59 3.8
      vertex 2.40207 58.9511 3.8
    endloop
  endfacet
  facet normal 0.0630203 -0.998012 0
    outer loop
      vertex -2.43691 58.9489 3.8
      vertex -2.40207 58.9511 5.1
      vertex -2.43691 58.9489 5.1
    endloop
  endfacet
  facet normal 0.0630203 -0.998012 0
    outer loop
      vertex -2.40207 58.9511 5.1
      vertex -2.43691 58.9489 3.8
      vertex -2.40207 58.9511 3.8
    endloop
  endfacet
  facet normal 0.0610621 -0.998134 0
    outer loop
      vertex -4.80016 58.8044 3.8
      vertex -3.24727 58.8994 5.1
      vertex -4.80016 58.8044 5.1
    endloop
  endfacet
  facet normal 0.0610621 -0.998134 0
    outer loop
      vertex -3.24727 58.8994 5.1
      vertex -4.80016 58.8044 3.8
      vertex -3.24727 58.8994 3.8
    endloop
  endfacet
  facet normal 0 0 1
    outer loop
      vertex 7.29367 58.5454 3.8
      vertex 7.19028 58.5602 3.8
      vertex 5.84029 58.6981 3.8
    endloop
  endfacet
  facet normal 0 0 1
    outer loop
      vertex 3.32473 15.6416 3.8
      vertex 14.2734 57.2474 3.8
      vertex 12.2655 57.7048 3.8
    endloop
  endfacet
  facet normal 0 0 1
    outer loop
      vertex 14.2734 57.2474 3.8
      vertex 3.32473 15.6416 3.8
      vertex 3.57613 14.3431 3.8
    endloop
  endfacet
  facet normal 0 0 1
    outer loop
      vertex 2.88734 14.5156 3.8
      vertex 3.32473 15.6416 3.8
      vertex 3.12144 15.6926 3.8
    endloop
  endfacet
  facet normal 0 0 1
    outer loop
      vertex 3.32473 15.6416 3.8
      vertex 2.88734 14.5156 3.8
      vertex 3.57613 14.3431 3.8
    endloop
  endfacet
  facet normal 0 0 1
    outer loop
      vertex 1.56827 15.923 3.8
      vertex 2.88734 14.5156 3.8
      vertex 3.12144 15.6926 3.8
    endloop
  endfacet
  facet normal 0 0 1
    outer loop
      vertex 1.56827 15.923 3.8
      vertex 1.45065 14.7287 3.8
      vertex 2.88734 14.5156 3.8
    endloop
  endfacet
  facet normal 0 0 1
    outer loop
      vertex 0 16 3.8
      vertex 1.45065 14.7287 3.8
      vertex 1.56827 15.923 3.8
    endloop
  endfacet
  facet normal 0 0 1
    outer loop
      vertex 0 16 3.8
      vertex 0 14.8 3.8
      vertex 1.45065 14.7287 3.8
    endloop
  endfacet
  facet normal 0 0 1
    outer loop
      vertex 0 16 3.8
      vertex -1.45065 14.7287 3.8
      vertex 0 14.8 3.8
    endloop
  endfacet
  facet normal -0 0 1
    outer loop
      vertex -1.56827 15.923 3.8
      vertex -1.45065 14.7287 3.8
      vertex 0 16 3.8
    endloop
  endfacet
  facet normal 0 0 1
    outer loop
      vertex -1.56827 15.923 3.8
      vertex -2.88734 14.5156 3.8
      vertex -1.45065 14.7287 3.8
    endloop
  endfacet
  facet normal -0 0 1
    outer loop
      vertex -3.12144 15.6926 3.8
      vertex -2.88734 14.5156 3.8
      vertex -1.56827 15.923 3.8
    endloop
  endfacet
  facet normal -0 0 1
    outer loop
      vertex -3.32473 15.6416 3.8
      vertex -2.88734 14.5156 3.8
      vertex -3.12144 15.6926 3.8
    endloop
  endfacet
  facet normal 0 0 1
    outer loop
      vertex -3.32473 15.6416 3.8
      vertex -3.57613 14.3431 3.8
      vertex -2.88734 14.5156 3.8
    endloop
  endfacet
  facet normal -0 0 1
    outer loop
      vertex -14.2734 57.2474 3.8
      vertex -3.32473 15.6416 3.8
      vertex -12.2655 57.7048 3.8
    endloop
  endfacet
  facet normal 0 0 1
    outer loop
      vertex -3.32473 15.6416 3.8
      vertex -14.2734 57.2474 3.8
      vertex -3.57613 14.3431 3.8
    endloop
  endfacet
  facet normal 0 0 1
    outer loop
      vertex 9.7057 58.1935 3.8
      vertex 9.5685 58.2189 3.8
      vertex 8.32652 58.3972 3.8
    endloop
  endfacet
  facet normal 0 0 1
    outer loop
      vertex -5.84029 58.6981 3.8
      vertex -7.19028 58.5602 3.8
      vertex -7.29367 58.5454 3.8
    endloop
  endfacet
  facet normal 0 0 1
    outer loop
      vertex 2.43691 58.9489 3.8
      vertex 2.40207 58.9511 3.8
      vertex 0 59 3.8
    endloop
  endfacet
  facet normal 0 0 1
    outer loop
      vertex 0 59 3.8
      vertex -2.40207 58.9511 3.8
      vertex -2.43691 58.9489 3.8
    endloop
  endfacet
  facet normal 0 0 1
    outer loop
      vertex -10.7682 57.9966 3.8
      vertex -11.9308 57.7811 3.8
      vertex -12.101 57.7423 3.8
    endloop
  endfacet
  facet normal 0 0 1
    outer loop
      vertex -8.32652 58.3972 3.8
      vertex -9.5685 58.2189 3.8
      vertex -9.7057 58.1935 3.8
    endloop
  endfacet
  facet normal 0 0 1
    outer loop
      vertex 12.101 57.7423 3.8
      vertex 11.9308 57.7811 3.8
      vertex 10.7682 57.9966 3.8
    endloop
  endfacet
  facet normal 0 0 1
    outer loop
      vertex 4.86929 58.7973 3.8
      vertex 4.80016 58.8044 3.8
      vertex 3.24727 58.8994 3.8
    endloop
  endfacet
  facet normal 0 0 1
    outer loop
      vertex -3.24727 58.8994 3.8
      vertex -4.80016 58.8044 3.8
      vertex -4.86929 58.7973 3.8
    endloop
  endfacet
  facet normal 0 0 -1
    outer loop
      vertex 13.3551 54.2758 5.1
      vertex 14.2734 57.2474 5.1
      vertex 13.5231 54.2381 5.1
    endloop
  endfacet
  facet normal 0 0 -1
    outer loop
      vertex 13.3551 54.2758 5.1
      vertex 12.2655 57.7048 5.1
      vertex 14.2734 57.2474 5.1
    endloop
  endfacet
  facet normal 0 -0 -1
    outer loop
      vertex 12.2655 57.7048 5.1
      vertex 13.3551 54.2758 5.1
      vertex 11.6195 54.6656 5.1
    endloop
  endfacet
  facet normal 0 0 -1
    outer loop
      vertex -13.5231 54.2381 5.1
      vertex -12.2655 57.7048 5.1
      vertex -11.6195 54.6656 5.1
    endloop
  endfacet
  facet normal 0 0 -1
    outer loop
      vertex -12.2655 57.7048 5.1
      vertex -13.5231 54.2381 5.1
      vertex -14.2734 57.2474 5.1
    endloop
  endfacet
  facet normal -0 -0 -1
    outer loop
      vertex 9.5685 58.2189 5.1
      vertex 9.7057 58.1935 5.1
      vertex 8.32652 58.3972 5.1
    endloop
  endfacet
  facet normal -0 -0 -1
    outer loop
      vertex 2.40207 58.9511 5.1
      vertex 2.43691 58.9489 5.1
      vertex 0 59 5.1
    endloop
  endfacet
  facet normal -0 -0 -1
    outer loop
      vertex 11.9308 57.7811 5.1
      vertex 12.101 57.7423 5.1
      vertex 10.7682 57.9966 5.1
    endloop
  endfacet
  facet normal -0 -0 -1
    outer loop
      vertex 4.80016 58.8044 5.1
      vertex 4.86929 58.7973 5.1
      vertex 3.24727 58.8994 5.1
    endloop
  endfacet
  facet normal 0 -0 -1
    outer loop
      vertex -2.40207 58.9511 5.1
      vertex 0 59 5.1
      vertex -2.43691 58.9489 5.1
    endloop
  endfacet
  facet normal 0 -0 -1
    outer loop
      vertex -9.5685 58.2189 5.1
      vertex -8.32652 58.3972 5.1
      vertex -9.7057 58.1935 5.1
    endloop
  endfacet
  facet normal -0 -0 -1
    outer loop
      vertex 7.19028 58.5602 5.1
      vertex 7.29367 58.5454 5.1
      vertex 5.84029 58.6981 5.1
    endloop
  endfacet
  facet normal 0 -0 -1
    outer loop
      vertex -11.9308 57.7811 5.1
      vertex -10.7682 57.9966 5.1
      vertex -12.101 57.7423 5.1
    endloop
  endfacet
  facet normal 0 -0 -1
    outer loop
      vertex -7.19028 58.5602 5.1
      vertex -5.84029 58.6981 5.1
      vertex -7.29367 58.5454 5.1
    endloop
  endfacet
  facet normal 0 -0 -1
    outer loop
      vertex -4.80016 58.8044 5.1
      vertex -3.24727 58.8994 5.1
      vertex -4.86929 58.7973 5.1
    endloop
  endfacet
  facet normal -0.146722 0.989178 0
    outer loop
      vertex -1.45065 14.7287 3.8
      vertex -2.88734 14.5156 5
      vertex -1.45065 14.7287 5
    endloop
  endfacet
  facet normal -0.146722 0.989178 0
    outer loop
      vertex -2.88734 14.5156 5
      vertex -1.45065 14.7287 3.8
      vertex -2.88734 14.5156 3.8
    endloop
  endfacet
  facet normal -0.242937 0.970042 0
    outer loop
      vertex -2.88734 14.5156 3.8
      vertex -3.57613 14.3431 5
      vertex -2.88734 14.5156 5
    endloop
  endfacet
  facet normal -0.242937 0.970042 0
    outer loop
      vertex -3.57613 14.3431 5
      vertex -2.88734 14.5156 3.8
      vertex -3.57613 14.3431 3.8
    endloop
  endfacet
  facet normal -0.0490911 0.998794 0
    outer loop
      vertex 0 14.8 3.8
      vertex -1.45065 14.7287 5
      vertex 0 14.8 5
    endloop
  endfacet
  facet normal -0.0490911 0.998794 0
    outer loop
      vertex -1.45065 14.7287 5
      vertex 0 14.8 3.8
      vertex -1.45065 14.7287 3.8
    endloop
  endfacet
  facet normal 0.0490911 0.998794 -0
    outer loop
      vertex 1.45065 14.7287 3.8
      vertex 0 14.8 5
      vertex 1.45065 14.7287 5
    endloop
  endfacet
  facet normal 0.0490911 0.998794 0
    outer loop
      vertex 0 14.8 5
      vertex 1.45065 14.7287 3.8
      vertex 0 14.8 3.8
    endloop
  endfacet
  facet normal 0.146722 0.989178 -0
    outer loop
      vertex 2.88734 14.5156 3.8
      vertex 1.45065 14.7287 5
      vertex 2.88734 14.5156 5
    endloop
  endfacet
  facet normal 0.146722 0.989178 0
    outer loop
      vertex 1.45065 14.7287 5
      vertex 2.88734 14.5156 3.8
      vertex 1.45065 14.7287 3.8
    endloop
  endfacet
  facet normal 0.242937 0.970042 -0
    outer loop
      vertex 3.57613 14.3431 3.8
      vertex 2.88734 14.5156 5
      vertex 3.57613 14.3431 5
    endloop
  endfacet
  facet normal 0.242937 0.970042 0
    outer loop
      vertex 2.88734 14.5156 5
      vertex 3.57613 14.3431 3.8
      vertex 2.88734 14.5156 3.8
    endloop
  endfacet
  facet normal -0.313804 -0 -0.949488
    outer loop
      vertex 0.486226 -56.9881 27.6029
      vertex 0.56429 -58.8 27.5771
      vertex 0.486226 -58.8 27.6029
    endloop
  endfacet
  facet normal -0.313804 0 -0.949488
    outer loop
      vertex 0.56429 -58.8 27.5771
      vertex 0.486226 -56.9881 27.6029
      vertex 0.56429 -56.9861 27.5771
    endloop
  endfacet
  facet normal -0.360022 0 0.932944
    outer loop
      vertex 0.56429 -56.9861 24.4229
      vertex 0.640994 -58.8 24.4525
      vertex 0.640994 -56.9843 24.4525
    endloop
  endfacet
  facet normal -0.360022 0 0.932944
    outer loop
      vertex 0.640994 -58.8 24.4525
      vertex 0.56429 -56.9861 24.4229
      vertex 0.56429 -58.8 24.4229
    endloop
  endfacet
  facet normal -0.360022 -0 -0.932944
    outer loop
      vertex 0.56429 -56.9861 27.5771
      vertex 0.640994 -58.8 27.5475
      vertex 0.56429 -58.8 27.5771
    endloop
  endfacet
  facet normal -0.360022 0 -0.932944
    outer loop
      vertex 0.640994 -58.8 27.5475
      vertex 0.56429 -56.9861 27.5771
      vertex 0.640994 -56.9843 27.5475
    endloop
  endfacet
  facet normal -0.914272 0 0.4051
    outer loop
      vertex 1.5475 -58.8 25.359
      vertex 1.51418 -56.9628 25.2838
      vertex 1.51418 -58.8 25.2838
    endloop
  endfacet
  facet normal -0.914272 0 0.4051
    outer loop
      vertex 1.51418 -56.9628 25.2838
      vertex 1.5475 -58.8 25.359
      vertex 1.5475 -56.962 25.359
    endloop
  endfacet
  facet normal 0.121646 -0 0.992574
    outer loop
      vertex -0.245773 -58.8 24.3431
      vertex -0.164178 -56.996 24.3331
      vertex -0.245773 -56.994 24.3431
    endloop
  endfacet
  facet normal 0.121646 0 0.992574
    outer loop
      vertex -0.164178 -56.996 24.3331
      vertex -0.245773 -58.8 24.3431
      vertex -0.164178 -58.8 24.3331
    endloop
  endfacet
  facet normal 0.171489 -0 0.985186
    outer loop
      vertex -0.326776 -58.8 24.3572
      vertex -0.245773 -56.994 24.3431
      vertex -0.326776 -56.992 24.3572
    endloop
  endfacet
  facet normal 0.171489 0 0.985186
    outer loop
      vertex -0.245773 -56.994 24.3431
      vertex -0.326776 -58.8 24.3572
      vertex -0.245773 -58.8 24.3431
    endloop
  endfacet
  facet normal 0.723996 -0 0.689804
    outer loop
      vertex -1.24109 -58.8 24.8751
      vertex -1.1844 -56.9709 24.8156
      vertex -1.24109 -56.9695 24.8751
    endloop
  endfacet
  facet normal 0.723996 0 0.689804
    outer loop
      vertex -1.1844 -56.9709 24.8156
      vertex -1.24109 -58.8 24.8751
      vertex -1.1844 -58.8 24.8156
    endloop
  endfacet
  facet normal 0.78829 -0 0.615304
    outer loop
      vertex -1.34537 -58.8 25.0022
      vertex -1.29479 -56.9682 24.9374
      vertex -1.34537 -56.967 25.0022
    endloop
  endfacet
  facet normal 0.78829 0 0.615304
    outer loop
      vertex -1.29479 -56.9682 24.9374
      vertex -1.34537 -58.8 25.0022
      vertex -1.29479 -58.8 24.9374
    endloop
  endfacet
  facet normal -0.575492 0 0.817807
    outer loop
      vertex 0.93058 -56.9772 24.6073
      vertex 0.997796 -58.8 24.6546
      vertex 0.997796 -56.9755 24.6546
    endloop
  endfacet
  facet normal -0.575492 0 0.817807
    outer loop
      vertex 0.997796 -58.8 24.6546
      vertex 0.93058 -56.9772 24.6073
      vertex 0.93058 -58.8 24.6073
    endloop
  endfacet
  facet normal -0.074194 0 0.997244
    outer loop
      vertex 0.0821877 -56.998 24.327
      vertex 0.164178 -58.8 24.3331
      vertex 0.164178 -56.996 24.3331
    endloop
  endfacet
  facet normal -0.074194 0 0.997244
    outer loop
      vertex 0.164178 -58.8 24.3331
      vertex 0.0821877 -56.998 24.327
      vertex 0.0821877 -58.8 24.327
    endloop
  endfacet
  facet normal 0.44996 -0 0.893049
    outer loop
      vertex -0.789589 -58.8 24.5228
      vertex -0.716154 -56.9824 24.4858
      vertex -0.789589 -56.9806 24.5228
    endloop
  endfacet
  facet normal 0.44996 0 0.893049
    outer loop
      vertex -0.716154 -56.9824 24.4858
      vertex -0.789589 -58.8 24.5228
      vertex -0.716154 -58.8 24.4858
    endloop
  endfacet
  facet normal -0.949603 0 -0.313454
    outer loop
      vertex 1.60287 -58.8 26.4862
      vertex 1.57709 -56.9613 26.5643
      vertex 1.60287 -56.9607 26.4862
    endloop
  endfacet
  facet normal -0.949603 -0 -0.313454
    outer loop
      vertex 1.57709 -56.9613 26.5643
      vertex 1.60287 -58.8 26.4862
      vertex 1.57709 -58.8 26.5643
    endloop
  endfacet
  facet normal 0.689625 0 -0.724167
    outer loop
      vertex -1.1844 -58.8 27.1844
      vertex -1.12486 -56.9724 27.2411
      vertex -1.12486 -58.8 27.2411
    endloop
  endfacet
  facet normal 0.689625 0 -0.724167
    outer loop
      vertex -1.12486 -56.9724 27.2411
      vertex -1.1844 -58.8 27.1844
      vertex -1.1844 -56.9709 27.1844
    endloop
  endfacet
  facet normal 0.0243273 0 -0.999704
    outer loop
      vertex -0.0821877 -58.8 27.673
      vertex 0 -57 27.675
      vertex 0 -58.8 27.675
    endloop
  endfacet
  facet normal 0.0243273 0 -0.999704
    outer loop
      vertex 0 -57 27.675
      vertex -0.0821877 -58.8 27.673
      vertex -0.0821877 -56.998 27.673
    endloop
  endfacet
  facet normal 0.492692 0 -0.870204
    outer loop
      vertex -0.861121 -58.8 27.4367
      vertex -0.789589 -56.9806 27.4772
      vertex -0.789589 -58.8 27.4772
    endloop
  endfacet
  facet normal 0.492692 0 -0.870204
    outer loop
      vertex -0.789589 -56.9806 27.4772
      vertex -0.861121 -58.8 27.4367
      vertex -0.861121 -56.9789 27.4367
    endloop
  endfacet
  facet normal -0.949603 0 0.313454
    outer loop
      vertex 1.57709 -58.8 25.4357
      vertex 1.60287 -56.9607 25.5138
      vertex 1.57709 -56.9613 25.4357
    endloop
  endfacet
  facet normal -0.949603 0 0.313454
    outer loop
      vertex 1.60287 -56.9607 25.5138
      vertex 1.57709 -58.8 25.4357
      vertex 1.60287 -58.8 25.5138
    endloop
  endfacet
  facet normal 0.992486 0 -0.122358
    outer loop
      vertex -1.65687 -58.8 26.2458
      vertex -1.66693 -56.9591 26.1642
      vertex -1.65687 -56.9593 26.2458
    endloop
  endfacet
  facet normal 0.992486 0 -0.122358
    outer loop
      vertex -1.66693 -56.9591 26.1642
      vertex -1.65687 -58.8 26.2458
      vertex -1.66693 -58.8 26.1642
    endloop
  endfacet
  facet normal -0.757451 0 -0.652892
    outer loop
      vertex 1.29479 -58.8 27.0626
      vertex 1.24109 -56.9695 27.1249
      vertex 1.29479 -56.9682 27.0626
    endloop
  endfacet
  facet normal -0.757451 -0 -0.652892
    outer loop
      vertex 1.24109 -56.9695 27.1249
      vertex 1.29479 -58.8 27.0626
      vertex 1.24109 -58.8 27.1249
    endloop
  endfacet
  facet normal -0.963737 0 -0.266853
    outer loop
      vertex 1.6248 -58.8 26.407
      vertex 1.60287 -56.9607 26.4862
      vertex 1.6248 -56.9601 26.407
    endloop
  endfacet
  facet normal -0.963737 -0 -0.266853
    outer loop
      vertex 1.60287 -56.9607 26.4862
      vertex 1.6248 -58.8 26.407
      vertex 1.60287 -58.8 26.4862
    endloop
  endfacet
  facet normal -0.932978 0 0.359933
    outer loop
      vertex 1.5475 -58.8 25.359
      vertex 1.57709 -56.9613 25.4357
      vertex 1.5475 -56.962 25.359
    endloop
  endfacet
  facet normal -0.932978 0 0.359933
    outer loop
      vertex 1.57709 -56.9613 25.4357
      vertex 1.5475 -58.8 25.359
      vertex 1.57709 -58.8 25.4357
    endloop
  endfacet
  facet normal -0.975701 0 -0.219107
    outer loop
      vertex 1.64281 -58.8 26.3268
      vertex 1.6248 -56.9601 26.407
      vertex 1.64281 -56.9597 26.3268
    endloop
  endfacet
  facet normal -0.975701 -0 -0.219107
    outer loop
      vertex 1.6248 -56.9601 26.407
      vertex 1.64281 -58.8 26.3268
      vertex 1.6248 -58.8 26.407
    endloop
  endfacet
  facet normal -0.615373 -0 -0.788236
    outer loop
      vertex 0.997796 -56.9755 27.3454
      vertex 1.06261 -58.8 27.2948
      vertex 0.997796 -58.8 27.3454
    endloop
  endfacet
  facet normal -0.615373 0 -0.788236
    outer loop
      vertex 1.06261 -58.8 27.2948
      vertex 0.997796 -56.9755 27.3454
      vertex 1.06261 -56.9739 27.2948
    endloop
  endfacet
  facet normal 0.975701 0 -0.219107
    outer loop
      vertex -1.6248 -58.8 26.407
      vertex -1.64281 -56.9597 26.3268
      vertex -1.6248 -56.9601 26.407
    endloop
  endfacet
  facet normal 0.975701 0 -0.219107
    outer loop
      vertex -1.64281 -56.9597 26.3268
      vertex -1.6248 -58.8 26.407
      vertex -1.64281 -58.8 26.3268
    endloop
  endfacet
  facet normal -0.992486 0 0.122358
    outer loop
      vertex 1.65687 -58.8 25.7542
      vertex 1.66693 -56.9591 25.8358
      vertex 1.65687 -56.9593 25.7542
    endloop
  endfacet
  facet normal -0.992486 0 0.122358
    outer loop
      vertex 1.66693 -56.9591 25.8358
      vertex 1.65687 -58.8 25.7542
      vertex 1.66693 -58.8 25.8358
    endloop
  endfacet
  facet normal -0.313804 0 0.949488
    outer loop
      vertex 0.486226 -56.9881 24.3971
      vertex 0.56429 -58.8 24.4229
      vertex 0.56429 -56.9861 24.4229
    endloop
  endfacet
  facet normal -0.313804 0 0.949488
    outer loop
      vertex 0.56429 -58.8 24.4229
      vertex 0.486226 -56.9881 24.3971
      vertex 0.486226 -58.8 24.3971
    endloop
  endfacet
  facet normal -0.405077 -0 -0.914282
    outer loop
      vertex 0.640994 -56.9843 27.5475
      vertex 0.716154 -58.8 27.5142
      vertex 0.640994 -58.8 27.5475
    endloop
  endfacet
  facet normal -0.405077 0 -0.914282
    outer loop
      vertex 0.716154 -58.8 27.5142
      vertex 0.640994 -56.9843 27.5475
      vertex 0.716154 -56.9824 27.5142
    endloop
  endfacet
  facet normal -0.844966 0 0.534821
    outer loop
      vertex 1.4367 -58.8 25.1389
      vertex 1.39271 -56.9658 25.0694
      vertex 1.39271 -58.8 25.0694
    endloop
  endfacet
  facet normal -0.844966 0 0.534821
    outer loop
      vertex 1.39271 -56.9658 25.0694
      vertex 1.4367 -58.8 25.1389
      vertex 1.4367 -56.9647 25.1389
    endloop
  endfacet
  facet normal -0.817514 0 0.575909
    outer loop
      vertex 1.39271 -58.8 25.0694
      vertex 1.34537 -56.967 25.0022
      vertex 1.34537 -58.8 25.0022
    endloop
  endfacet
  facet normal -0.817514 0 0.575909
    outer loop
      vertex 1.34537 -56.967 25.0022
      vertex 1.39271 -58.8 25.0694
      vertex 1.39271 -56.9658 25.0694
    endloop
  endfacet
  facet normal 0.535133 -0 0.844768
    outer loop
      vertex -0.93058 -58.8 24.6073
      vertex -0.861121 -56.9789 24.5633
      vertex -0.93058 -56.9772 24.6073
    endloop
  endfacet
  facet normal 0.535133 0 0.844768
    outer loop
      vertex -0.861121 -56.9789 24.5633
      vertex -0.93058 -58.8 24.6073
      vertex -0.861121 -58.8 24.5633
    endloop
  endfacet
  facet normal 0.844966 -0 0.534821
    outer loop
      vertex -1.4367 -58.8 25.1389
      vertex -1.39271 -56.9658 25.0694
      vertex -1.4367 -56.9647 25.1389
    endloop
  endfacet
  facet normal 0.844966 0 0.534821
    outer loop
      vertex -1.39271 -56.9658 25.0694
      vertex -1.4367 -58.8 25.1389
      vertex -1.39271 -58.8 25.0694
    endloop
  endfacet
  facet normal -0.870005 0 -0.493043
    outer loop
      vertex 1.47722 -58.8 26.7896
      vertex 1.4367 -56.9647 26.8611
      vertex 1.47722 -56.9637 26.7896
    endloop
  endfacet
  facet normal -0.870005 -0 -0.493043
    outer loop
      vertex 1.4367 -56.9647 26.8611
      vertex 1.47722 -58.8 26.7896
      vertex 1.4367 -58.8 26.8611
    endloop
  endfacet
  facet normal -0.0243273 0 0.999704
    outer loop
      vertex 0 -57 24.325
      vertex 0.0821877 -58.8 24.327
      vertex 0.0821877 -56.998 24.327
    endloop
  endfacet
  facet normal -0.0243273 0 0.999704
    outer loop
      vertex 0.0821877 -58.8 24.327
      vertex 0 -57 24.325
      vertex 0 -58.8 24.325
    endloop
  endfacet
  facet normal 0.817514 -0 0.575909
    outer loop
      vertex -1.39271 -58.8 25.0694
      vertex -1.34537 -56.967 25.0022
      vertex -1.39271 -56.9658 25.0694
    endloop
  endfacet
  facet normal 0.817514 0 0.575909
    outer loop
      vertex -1.34537 -56.967 25.0022
      vertex -1.39271 -58.8 25.0694
      vertex -1.34537 -58.8 25.0022
    endloop
  endfacet
  facet normal -0.121646 0 0.992574
    outer loop
      vertex 0.164178 -56.996 24.3331
      vertex 0.245773 -58.8 24.3431
      vertex 0.245773 -56.994 24.3431
    endloop
  endfacet
  facet normal -0.121646 0 0.992574
    outer loop
      vertex 0.245773 -58.8 24.3431
      vertex 0.164178 -56.996 24.3331
      vertex 0.164178 -58.8 24.3331
    endloop
  endfacet
  facet normal 0.975701 -0 0.219107
    outer loop
      vertex -1.64281 -58.8 25.6732
      vertex -1.6248 -56.9601 25.593
      vertex -1.64281 -56.9597 25.6732
    endloop
  endfacet
  facet normal 0.975701 0 0.219107
    outer loop
      vertex -1.6248 -56.9601 25.593
      vertex -1.64281 -58.8 25.6732
      vertex -1.6248 -58.8 25.593
    endloop
  endfacet
  facet normal 0.074194 -0 0.997244
    outer loop
      vertex -0.164178 -58.8 24.3331
      vertex -0.0821877 -56.998 24.327
      vertex -0.164178 -56.996 24.3331
    endloop
  endfacet
  facet normal 0.074194 0 0.997244
    outer loop
      vertex -0.0821877 -56.998 24.327
      vertex -0.164178 -58.8 24.3331
      vertex -0.0821877 -58.8 24.327
    endloop
  endfacet
  facet normal -0.218952 0 0.975736
    outer loop
      vertex 0.326776 -56.992 24.3572
      vertex 0.406991 -58.8 24.3752
      vertex 0.406991 -56.99 24.3752
    endloop
  endfacet
  facet normal -0.218952 0 0.975736
    outer loop
      vertex 0.406991 -58.8 24.3752
      vertex 0.326776 -56.992 24.3572
      vertex 0.326776 -58.8 24.3572
    endloop
  endfacet
  facet normal 0.074194 0 -0.997244
    outer loop
      vertex -0.164178 -58.8 27.6669
      vertex -0.0821877 -56.998 27.673
      vertex -0.0821877 -58.8 27.673
    endloop
  endfacet
  facet normal 0.074194 0 -0.997244
    outer loop
      vertex -0.0821877 -56.998 27.673
      vertex -0.164178 -58.8 27.6669
      vertex -0.164178 -56.996 27.6669
    endloop
  endfacet
  facet normal 0.999698 0 -0.0245668
    outer loop
      vertex -1.67298 -58.8 26.0822
      vertex -1.675 -56.9589 26
      vertex -1.67298 -56.9589 26.0822
    endloop
  endfacet
  facet normal 0.999698 0 -0.0245668
    outer loop
      vertex -1.675 -56.9589 26
      vertex -1.67298 -58.8 26.0822
      vertex -1.675 -58.8 26
    endloop
  endfacet
  facet normal -0.575492 -0 -0.817807
    outer loop
      vertex 0.93058 -56.9772 27.3927
      vertex 0.997796 -58.8 27.3454
      vertex 0.93058 -58.8 27.3927
    endloop
  endfacet
  facet normal -0.575492 0 -0.817807
    outer loop
      vertex 0.997796 -58.8 27.3454
      vertex 0.93058 -56.9772 27.3927
      vertex 0.997796 -56.9755 27.3454
    endloop
  endfacet
  facet normal -0.44996 -0 -0.893049
    outer loop
      vertex 0.716154 -56.9824 27.5142
      vertex 0.789589 -58.8 27.4772
      vertex 0.716154 -58.8 27.5142
    endloop
  endfacet
  facet normal -0.44996 0 -0.893049
    outer loop
      vertex 0.789589 -58.8 27.4772
      vertex 0.716154 -56.9824 27.5142
      vertex 0.789589 -56.9806 27.4772
    endloop
  endfacet
  facet normal 0.870005 0 -0.493043
    outer loop
      vertex -1.47722 -58.8 26.7896
      vertex -1.4367 -56.9647 26.8611
      vertex -1.4367 -58.8 26.8611
    endloop
  endfacet
  facet normal 0.870005 0 -0.493043
    outer loop
      vertex -1.4367 -56.9647 26.8611
      vertex -1.47722 -58.8 26.7896
      vertex -1.47722 -56.9637 26.7896
    endloop
  endfacet
  facet normal 0.932978 0 -0.359933
    outer loop
      vertex -1.5475 -58.8 26.641
      vertex -1.57709 -56.9613 26.5643
      vertex -1.5475 -56.962 26.641
    endloop
  endfacet
  facet normal 0.932978 0 -0.359933
    outer loop
      vertex -1.57709 -56.9613 26.5643
      vertex -1.5475 -58.8 26.641
      vertex -1.57709 -58.8 26.5643
    endloop
  endfacet
  facet normal 0.997289 -0 0.0735805
    outer loop
      vertex -1.67298 -58.8 25.9178
      vertex -1.66693 -56.9591 25.8358
      vertex -1.67298 -56.9589 25.9178
    endloop
  endfacet
  facet normal 0.997289 0 0.0735805
    outer loop
      vertex -1.66693 -56.9591 25.8358
      vertex -1.67298 -58.8 25.9178
      vertex -1.66693 -58.8 25.8358
    endloop
  endfacet
  facet normal -0.997289 0 -0.0735805
    outer loop
      vertex 1.67298 -58.8 26.0822
      vertex 1.66693 -56.9591 26.1642
      vertex 1.67298 -56.9589 26.0822
    endloop
  endfacet
  facet normal -0.997289 -0 -0.0735805
    outer loop
      vertex 1.66693 -56.9591 26.1642
      vertex 1.67298 -58.8 26.0822
      vertex 1.66693 -58.8 26.1642
    endloop
  endfacet
  facet normal -0.492692 0 0.870204
    outer loop
      vertex 0.789589 -56.9806 24.5228
      vertex 0.861121 -58.8 24.5633
      vertex 0.861121 -56.9789 24.5633
    endloop
  endfacet
  facet normal -0.492692 0 0.870204
    outer loop
      vertex 0.861121 -58.8 24.5633
      vertex 0.789589 -56.9806 24.5228
      vertex 0.789589 -58.8 24.5228
    endloop
  endfacet
  facet normal -0.723996 0 0.689804
    outer loop
      vertex 1.24109 -58.8 24.8751
      vertex 1.1844 -56.9709 24.8156
      vertex 1.1844 -58.8 24.8156
    endloop
  endfacet
  facet normal -0.723996 0 0.689804
    outer loop
      vertex 1.1844 -56.9709 24.8156
      vertex 1.24109 -58.8 24.8751
      vertex 1.24109 -56.9695 24.8751
    endloop
  endfacet
  facet normal -0.535133 -0 -0.844768
    outer loop
      vertex 0.861121 -56.9789 27.4367
      vertex 0.93058 -58.8 27.3927
      vertex 0.861121 -58.8 27.4367
    endloop
  endfacet
  facet normal -0.535133 0 -0.844768
    outer loop
      vertex 0.93058 -58.8 27.3927
      vertex 0.861121 -56.9789 27.4367
      vertex 0.93058 -56.9772 27.3927
    endloop
  endfacet
  facet normal -0.985267 0 -0.171023
    outer loop
      vertex 1.65687 -58.8 26.2458
      vertex 1.64281 -56.9597 26.3268
      vertex 1.65687 -56.9593 26.2458
    endloop
  endfacet
  facet normal -0.985267 -0 -0.171023
    outer loop
      vertex 1.64281 -56.9597 26.3268
      vertex 1.65687 -58.8 26.2458
      vertex 1.64281 -58.8 26.3268
    endloop
  endfacet
  facet normal 0.870005 -0 0.493043
    outer loop
      vertex -1.47722 -58.8 25.2104
      vertex -1.4367 -56.9647 25.1389
      vertex -1.47722 -56.9637 25.2104
    endloop
  endfacet
  facet normal 0.870005 0 0.493043
    outer loop
      vertex -1.4367 -56.9647 25.1389
      vertex -1.47722 -58.8 25.2104
      vertex -1.4367 -58.8 25.1389
    endloop
  endfacet
  facet normal -0.689625 0 0.724167
    outer loop
      vertex 1.12486 -56.9724 24.7589
      vertex 1.1844 -58.8 24.8156
      vertex 1.1844 -56.9709 24.8156
    endloop
  endfacet
  facet normal -0.689625 0 0.724167
    outer loop
      vertex 1.1844 -58.8 24.8156
      vertex 1.12486 -56.9724 24.7589
      vertex 1.12486 -58.8 24.7589
    endloop
  endfacet
  facet normal -0.171489 -0 -0.985186
    outer loop
      vertex 0.245773 -56.994 27.6569
      vertex 0.326776 -58.8 27.6428
      vertex 0.245773 -58.8 27.6569
    endloop
  endfacet
  facet normal -0.171489 0 -0.985186
    outer loop
      vertex 0.326776 -58.8 27.6428
      vertex 0.245773 -56.994 27.6569
      vertex 0.326776 -56.992 27.6428
    endloop
  endfacet
  facet normal -0.653192 -0 -0.757192
    outer loop
      vertex 1.06261 -56.9739 27.2948
      vertex 1.12486 -58.8 27.2411
      vertex 1.06261 -58.8 27.2948
    endloop
  endfacet
  facet normal -0.653192 0 -0.757192
    outer loop
      vertex 1.12486 -58.8 27.2411
      vertex 1.06261 -56.9739 27.2948
      vertex 1.12486 -56.9724 27.2411
    endloop
  endfacet
  facet normal -0.992486 0 -0.122358
    outer loop
      vertex 1.66693 -58.8 26.1642
      vertex 1.65687 -56.9593 26.2458
      vertex 1.66693 -56.9591 26.1642
    endloop
  endfacet
  facet normal -0.992486 -0 -0.122358
    outer loop
      vertex 1.65687 -56.9593 26.2458
      vertex 1.66693 -58.8 26.1642
      vertex 1.65687 -58.8 26.2458
    endloop
  endfacet
  facet normal -0.405077 0 0.914282
    outer loop
      vertex 0.640994 -56.9843 24.4525
      vertex 0.716154 -58.8 24.4858
      vertex 0.716154 -56.9824 24.4858
    endloop
  endfacet
  facet normal -0.405077 0 0.914282
    outer loop
      vertex 0.716154 -58.8 24.4858
      vertex 0.640994 -56.9843 24.4525
      vertex 0.640994 -58.8 24.4525
    endloop
  endfacet
  facet normal 0.914272 -0 0.4051
    outer loop
      vertex -1.5475 -58.8 25.359
      vertex -1.51418 -56.9628 25.2838
      vertex -1.5475 -56.962 25.359
    endloop
  endfacet
  facet normal 0.914272 0 0.4051
    outer loop
      vertex -1.51418 -56.9628 25.2838
      vertex -1.5475 -58.8 25.359
      vertex -1.51418 -58.8 25.2838
    endloop
  endfacet
  facet normal -0.266405 -0 -0.963861
    outer loop
      vertex 0.406991 -56.99 27.6248
      vertex 0.486226 -58.8 27.6029
      vertex 0.406991 -58.8 27.6248
    endloop
  endfacet
  facet normal -0.266405 0 -0.963861
    outer loop
      vertex 0.486226 -58.8 27.6029
      vertex 0.406991 -56.99 27.6248
      vertex 0.486226 -56.9881 27.6029
    endloop
  endfacet
  facet normal 0.992486 -0 0.122358
    outer loop
      vertex -1.66693 -58.8 25.8358
      vertex -1.65687 -56.9593 25.7542
      vertex -1.66693 -56.9591 25.8358
    endloop
  endfacet
  facet normal 0.992486 0 0.122358
    outer loop
      vertex -1.65687 -56.9593 25.7542
      vertex -1.66693 -58.8 25.8358
      vertex -1.65687 -58.8 25.7542
    endloop
  endfacet
  facet normal -0.844966 0 -0.534821
    outer loop
      vertex 1.4367 -58.8 26.8611
      vertex 1.39271 -56.9658 26.9306
      vertex 1.4367 -56.9647 26.8611
    endloop
  endfacet
  facet normal -0.844966 -0 -0.534821
    outer loop
      vertex 1.39271 -56.9658 26.9306
      vertex 1.4367 -58.8 26.8611
      vertex 1.39271 -58.8 26.9306
    endloop
  endfacet
  facet normal -0.0243273 -0 -0.999704
    outer loop
      vertex 0 -57 27.675
      vertex 0.0821877 -58.8 27.673
      vertex 0 -58.8 27.675
    endloop
  endfacet
  facet normal -0.0243273 0 -0.999704
    outer loop
      vertex 0.0821877 -58.8 27.673
      vertex 0 -57 27.675
      vertex 0.0821877 -56.998 27.673
    endloop
  endfacet
  facet normal 0.0243273 -0 0.999704
    outer loop
      vertex -0.0821877 -58.8 24.327
      vertex 0 -57 24.325
      vertex -0.0821877 -56.998 24.327
    endloop
  endfacet
  facet normal 0.0243273 0 0.999704
    outer loop
      vertex 0 -57 24.325
      vertex -0.0821877 -58.8 24.327
      vertex 0 -58.8 24.325
    endloop
  endfacet
  facet normal 0.405077 -0 0.914282
    outer loop
      vertex -0.716154 -58.8 24.4858
      vertex -0.640994 -56.9843 24.4525
      vertex -0.716154 -56.9824 24.4858
    endloop
  endfacet
  facet normal 0.405077 0 0.914282
    outer loop
      vertex -0.640994 -56.9843 24.4525
      vertex -0.716154 -58.8 24.4858
      vertex -0.640994 -58.8 24.4525
    endloop
  endfacet
  facet normal 0.615373 -0 0.788236
    outer loop
      vertex -1.06261 -58.8 24.7052
      vertex -0.997796 -56.9755 24.6546
      vertex -1.06261 -56.9739 24.7052
    endloop
  endfacet
  facet normal 0.615373 0 0.788236
    outer loop
      vertex -0.997796 -56.9755 24.6546
      vertex -1.06261 -58.8 24.7052
      vertex -0.997796 -58.8 24.6546
    endloop
  endfacet
  facet normal 0.266405 -0 0.963861
    outer loop
      vertex -0.486226 -58.8 24.3971
      vertex -0.406991 -56.99 24.3752
      vertex -0.486226 -56.9881 24.3971
    endloop
  endfacet
  facet normal 0.266405 0 0.963861
    outer loop
      vertex -0.406991 -56.99 24.3752
      vertex -0.486226 -58.8 24.3971
      vertex -0.406991 -58.8 24.3752
    endloop
  endfacet
  facet normal -0.44996 0 0.893049
    outer loop
      vertex 0.716154 -56.9824 24.4858
      vertex 0.789589 -58.8 24.5228
      vertex 0.789589 -56.9806 24.5228
    endloop
  endfacet
  facet normal -0.44996 0 0.893049
    outer loop
      vertex 0.789589 -58.8 24.5228
      vertex 0.716154 -56.9824 24.4858
      vertex 0.716154 -58.8 24.4858
    endloop
  endfacet
  facet normal -0.999698 0 0.0245668
    outer loop
      vertex 1.67298 -58.8 25.9178
      vertex 1.675 -56.9589 26
      vertex 1.67298 -56.9589 25.9178
    endloop
  endfacet
  facet normal -0.999698 0 0.0245668
    outer loop
      vertex 1.675 -56.9589 26
      vertex 1.67298 -58.8 25.9178
      vertex 1.675 -58.8 26
    endloop
  endfacet
  facet normal -0.171489 0 0.985186
    outer loop
      vertex 0.245773 -56.994 24.3431
      vertex 0.326776 -58.8 24.3572
      vertex 0.326776 -56.992 24.3572
    endloop
  endfacet
  facet normal -0.171489 0 0.985186
    outer loop
      vertex 0.326776 -58.8 24.3572
      vertex 0.245773 -56.994 24.3431
      vertex 0.245773 -58.8 24.3431
    endloop
  endfacet
  facet normal -0.963737 0 0.266853
    outer loop
      vertex 1.60287 -58.8 25.5138
      vertex 1.6248 -56.9601 25.593
      vertex 1.60287 -56.9607 25.5138
    endloop
  endfacet
  facet normal -0.963737 0 0.266853
    outer loop
      vertex 1.6248 -56.9601 25.593
      vertex 1.60287 -58.8 25.5138
      vertex 1.6248 -58.8 25.593
    endloop
  endfacet
  facet normal -0.492692 -0 -0.870204
    outer loop
      vertex 0.789589 -56.9806 27.4772
      vertex 0.861121 -58.8 27.4367
      vertex 0.789589 -58.8 27.4772
    endloop
  endfacet
  facet normal -0.492692 0 -0.870204
    outer loop
      vertex 0.861121 -58.8 27.4367
      vertex 0.789589 -56.9806 27.4772
      vertex 0.861121 -56.9789 27.4367
    endloop
  endfacet
  facet normal 0.121646 0 -0.992574
    outer loop
      vertex -0.245773 -58.8 27.6569
      vertex -0.164178 -56.996 27.6669
      vertex -0.164178 -58.8 27.6669
    endloop
  endfacet
  facet normal 0.121646 0 -0.992574
    outer loop
      vertex -0.164178 -56.996 27.6669
      vertex -0.245773 -58.8 27.6569
      vertex -0.245773 -56.994 27.6569
    endloop
  endfacet
  facet normal -0.266405 0 0.963861
    outer loop
      vertex 0.406991 -56.99 24.3752
      vertex 0.486226 -58.8 24.3971
      vertex 0.486226 -56.9881 24.3971
    endloop
  endfacet
  facet normal -0.266405 0 0.963861
    outer loop
      vertex 0.486226 -58.8 24.3971
      vertex 0.406991 -56.99 24.3752
      vertex 0.406991 -58.8 24.3752
    endloop
  endfacet
  facet normal -0.535133 0 0.844768
    outer loop
      vertex 0.861121 -56.9789 24.5633
      vertex 0.93058 -58.8 24.6073
      vertex 0.93058 -56.9772 24.6073
    endloop
  endfacet
  facet normal -0.535133 0 0.844768
    outer loop
      vertex 0.93058 -58.8 24.6073
      vertex 0.861121 -56.9789 24.5633
      vertex 0.861121 -58.8 24.5633
    endloop
  endfacet
  facet normal 0.723996 0 -0.689804
    outer loop
      vertex -1.24109 -58.8 27.1249
      vertex -1.1844 -56.9709 27.1844
      vertex -1.1844 -58.8 27.1844
    endloop
  endfacet
  facet normal 0.723996 0 -0.689804
    outer loop
      vertex -1.1844 -56.9709 27.1844
      vertex -1.24109 -58.8 27.1249
      vertex -1.24109 -56.9695 27.1249
    endloop
  endfacet
  facet normal 0.985267 -0 0.171023
    outer loop
      vertex -1.65687 -58.8 25.7542
      vertex -1.64281 -56.9597 25.6732
      vertex -1.65687 -56.9593 25.7542
    endloop
  endfacet
  facet normal 0.985267 0 0.171023
    outer loop
      vertex -1.64281 -56.9597 25.6732
      vertex -1.65687 -58.8 25.7542
      vertex -1.64281 -58.8 25.6732
    endloop
  endfacet
  facet normal -0.893158 0 0.449743
    outer loop
      vertex 1.51418 -58.8 25.2838
      vertex 1.47722 -56.9637 25.2104
      vertex 1.47722 -58.8 25.2104
    endloop
  endfacet
  facet normal -0.893158 0 0.449743
    outer loop
      vertex 1.47722 -56.9637 25.2104
      vertex 1.51418 -58.8 25.2838
      vertex 1.51418 -56.9628 25.2838
    endloop
  endfacet
  facet normal -0.723996 0 -0.689804
    outer loop
      vertex 1.24109 -58.8 27.1249
      vertex 1.1844 -56.9709 27.1844
      vertex 1.24109 -56.9695 27.1249
    endloop
  endfacet
  facet normal -0.723996 -0 -0.689804
    outer loop
      vertex 1.1844 -56.9709 27.1844
      vertex 1.24109 -58.8 27.1249
      vertex 1.1844 -58.8 27.1844
    endloop
  endfacet
  facet normal -0.78829 0 0.615304
    outer loop
      vertex 1.34537 -58.8 25.0022
      vertex 1.29479 -56.9682 24.9374
      vertex 1.29479 -58.8 24.9374
    endloop
  endfacet
  facet normal -0.78829 0 0.615304
    outer loop
      vertex 1.29479 -56.9682 24.9374
      vertex 1.34537 -58.8 25.0022
      vertex 1.34537 -56.967 25.0022
    endloop
  endfacet
  facet normal 0.575492 -0 0.817807
    outer loop
      vertex -0.997796 -58.8 24.6546
      vertex -0.93058 -56.9772 24.6073
      vertex -0.997796 -56.9755 24.6546
    endloop
  endfacet
  facet normal 0.575492 0 0.817807
    outer loop
      vertex -0.93058 -56.9772 24.6073
      vertex -0.997796 -58.8 24.6546
      vertex -0.93058 -58.8 24.6073
    endloop
  endfacet
  facet normal 0.360022 0 -0.932944
    outer loop
      vertex -0.640994 -58.8 27.5475
      vertex -0.56429 -56.9861 27.5771
      vertex -0.56429 -58.8 27.5771
    endloop
  endfacet
  facet normal 0.360022 0 -0.932944
    outer loop
      vertex -0.56429 -56.9861 27.5771
      vertex -0.640994 -58.8 27.5475
      vertex -0.640994 -56.9843 27.5475
    endloop
  endfacet
  facet normal -0.689625 -0 -0.724167
    outer loop
      vertex 1.12486 -56.9724 27.2411
      vertex 1.1844 -58.8 27.1844
      vertex 1.12486 -58.8 27.2411
    endloop
  endfacet
  facet normal -0.689625 0 -0.724167
    outer loop
      vertex 1.1844 -58.8 27.1844
      vertex 1.12486 -56.9724 27.2411
      vertex 1.1844 -56.9709 27.1844
    endloop
  endfacet
  facet normal 0.575492 0 -0.817807
    outer loop
      vertex -0.997796 -58.8 27.3454
      vertex -0.93058 -56.9772 27.3927
      vertex -0.93058 -58.8 27.3927
    endloop
  endfacet
  facet normal 0.575492 0 -0.817807
    outer loop
      vertex -0.93058 -56.9772 27.3927
      vertex -0.997796 -58.8 27.3454
      vertex -0.997796 -56.9755 27.3454
    endloop
  endfacet
  facet normal -0.757451 0 0.652892
    outer loop
      vertex 1.29479 -58.8 24.9374
      vertex 1.24109 -56.9695 24.8751
      vertex 1.24109 -58.8 24.8751
    endloop
  endfacet
  facet normal -0.757451 0 0.652892
    outer loop
      vertex 1.24109 -56.9695 24.8751
      vertex 1.29479 -58.8 24.9374
      vertex 1.29479 -56.9682 24.9374
    endloop
  endfacet
  facet normal 0.653192 0 -0.757192
    outer loop
      vertex -1.12486 -58.8 27.2411
      vertex -1.06261 -56.9739 27.2948
      vertex -1.06261 -58.8 27.2948
    endloop
  endfacet
  facet normal 0.653192 0 -0.757192
    outer loop
      vertex -1.06261 -56.9739 27.2948
      vertex -1.12486 -58.8 27.2411
      vertex -1.12486 -56.9724 27.2411
    endloop
  endfacet
  facet normal 0.844966 0 -0.534821
    outer loop
      vertex -1.4367 -58.8 26.8611
      vertex -1.39271 -56.9658 26.9306
      vertex -1.39271 -58.8 26.9306
    endloop
  endfacet
  facet normal 0.844966 0 -0.534821
    outer loop
      vertex -1.39271 -56.9658 26.9306
      vertex -1.4367 -58.8 26.8611
      vertex -1.4367 -56.9647 26.8611
    endloop
  endfacet
  facet normal 0.932978 -0 0.359933
    outer loop
      vertex -1.57709 -58.8 25.4357
      vertex -1.5475 -56.962 25.359
      vertex -1.57709 -56.9613 25.4357
    endloop
  endfacet
  facet normal 0.932978 0 0.359933
    outer loop
      vertex -1.5475 -56.962 25.359
      vertex -1.57709 -58.8 25.4357
      vertex -1.5475 -58.8 25.359
    endloop
  endfacet
  facet normal -0.997289 0 0.0735805
    outer loop
      vertex 1.66693 -58.8 25.8358
      vertex 1.67298 -56.9589 25.9178
      vertex 1.66693 -56.9591 25.8358
    endloop
  endfacet
  facet normal -0.997289 0 0.0735805
    outer loop
      vertex 1.67298 -56.9589 25.9178
      vertex 1.66693 -58.8 25.8358
      vertex 1.67298 -58.8 25.9178
    endloop
  endfacet
  facet normal 0.218952 -0 0.975736
    outer loop
      vertex -0.406991 -58.8 24.3752
      vertex -0.326776 -56.992 24.3572
      vertex -0.406991 -56.99 24.3752
    endloop
  endfacet
  facet normal 0.218952 0 0.975736
    outer loop
      vertex -0.326776 -56.992 24.3572
      vertex -0.406991 -58.8 24.3752
      vertex -0.326776 -58.8 24.3572
    endloop
  endfacet
  facet normal 0.492692 -0 0.870204
    outer loop
      vertex -0.861121 -58.8 24.5633
      vertex -0.789589 -56.9806 24.5228
      vertex -0.861121 -56.9789 24.5633
    endloop
  endfacet
  facet normal 0.492692 0 0.870204
    outer loop
      vertex -0.789589 -56.9806 24.5228
      vertex -0.861121 -58.8 24.5633
      vertex -0.789589 -58.8 24.5228
    endloop
  endfacet
  facet normal -0.932978 0 -0.359933
    outer loop
      vertex 1.57709 -58.8 26.5643
      vertex 1.5475 -56.962 26.641
      vertex 1.57709 -56.9613 26.5643
    endloop
  endfacet
  facet normal -0.932978 -0 -0.359933
    outer loop
      vertex 1.5475 -56.962 26.641
      vertex 1.57709 -58.8 26.5643
      vertex 1.5475 -58.8 26.641
    endloop
  endfacet
  facet normal 0.653192 -0 0.757192
    outer loop
      vertex -1.12486 -58.8 24.7589
      vertex -1.06261 -56.9739 24.7052
      vertex -1.12486 -56.9724 24.7589
    endloop
  endfacet
  facet normal 0.653192 0 0.757192
    outer loop
      vertex -1.06261 -56.9739 24.7052
      vertex -1.12486 -58.8 24.7589
      vertex -1.06261 -58.8 24.7052
    endloop
  endfacet
  facet normal 0.999698 -0 0.0245668
    outer loop
      vertex -1.675 -58.8 26
      vertex -1.67298 -56.9589 25.9178
      vertex -1.675 -56.9589 26
    endloop
  endfacet
  facet normal 0.999698 0 0.0245668
    outer loop
      vertex -1.67298 -56.9589 25.9178
      vertex -1.675 -58.8 26
      vertex -1.67298 -58.8 25.9178
    endloop
  endfacet
  facet normal -0.121646 -0 -0.992574
    outer loop
      vertex 0.164178 -56.996 27.6669
      vertex 0.245773 -58.8 27.6569
      vertex 0.164178 -58.8 27.6669
    endloop
  endfacet
  facet normal -0.121646 0 -0.992574
    outer loop
      vertex 0.245773 -58.8 27.6569
      vertex 0.164178 -56.996 27.6669
      vertex 0.245773 -56.994 27.6569
    endloop
  endfacet
  facet normal 0.313804 -0 0.949488
    outer loop
      vertex -0.56429 -58.8 24.4229
      vertex -0.486226 -56.9881 24.3971
      vertex -0.56429 -56.9861 24.4229
    endloop
  endfacet
  facet normal 0.313804 0 0.949488
    outer loop
      vertex -0.486226 -56.9881 24.3971
      vertex -0.56429 -58.8 24.4229
      vertex -0.486226 -58.8 24.3971
    endloop
  endfacet
  facet normal 0.757451 -0 0.652892
    outer loop
      vertex -1.29479 -58.8 24.9374
      vertex -1.24109 -56.9695 24.8751
      vertex -1.29479 -56.9682 24.9374
    endloop
  endfacet
  facet normal 0.757451 0 0.652892
    outer loop
      vertex -1.24109 -56.9695 24.8751
      vertex -1.29479 -58.8 24.9374
      vertex -1.24109 -58.8 24.8751
    endloop
  endfacet
  facet normal -0.985267 0 0.171023
    outer loop
      vertex 1.64281 -58.8 25.6732
      vertex 1.65687 -56.9593 25.7542
      vertex 1.64281 -56.9597 25.6732
    endloop
  endfacet
  facet normal -0.985267 0 0.171023
    outer loop
      vertex 1.65687 -56.9593 25.7542
      vertex 1.64281 -58.8 25.6732
      vertex 1.65687 -58.8 25.7542
    endloop
  endfacet
  facet normal 0.949603 -0 0.313454
    outer loop
      vertex -1.60287 -58.8 25.5138
      vertex -1.57709 -56.9613 25.4357
      vertex -1.60287 -56.9607 25.5138
    endloop
  endfacet
  facet normal 0.949603 0 0.313454
    outer loop
      vertex -1.57709 -56.9613 25.4357
      vertex -1.60287 -58.8 25.5138
      vertex -1.57709 -58.8 25.4357
    endloop
  endfacet
  facet normal 0.44996 0 -0.893049
    outer loop
      vertex -0.789589 -58.8 27.4772
      vertex -0.716154 -56.9824 27.5142
      vertex -0.716154 -58.8 27.5142
    endloop
  endfacet
  facet normal 0.44996 0 -0.893049
    outer loop
      vertex -0.716154 -56.9824 27.5142
      vertex -0.789589 -58.8 27.4772
      vertex -0.789589 -56.9806 27.4772
    endloop
  endfacet
  facet normal 0.893158 -0 0.449743
    outer loop
      vertex -1.51418 -58.8 25.2838
      vertex -1.47722 -56.9637 25.2104
      vertex -1.51418 -56.9628 25.2838
    endloop
  endfacet
  facet normal 0.893158 0 0.449743
    outer loop
      vertex -1.47722 -56.9637 25.2104
      vertex -1.51418 -58.8 25.2838
      vertex -1.47722 -58.8 25.2104
    endloop
  endfacet
  facet normal 0.171489 0 -0.985186
    outer loop
      vertex -0.326776 -58.8 27.6428
      vertex -0.245773 -56.994 27.6569
      vertex -0.245773 -58.8 27.6569
    endloop
  endfacet
  facet normal 0.171489 0 -0.985186
    outer loop
      vertex -0.245773 -56.994 27.6569
      vertex -0.326776 -58.8 27.6428
      vertex -0.326776 -56.992 27.6428
    endloop
  endfacet
  facet normal 0.313804 0 -0.949488
    outer loop
      vertex -0.56429 -58.8 27.5771
      vertex -0.486226 -56.9881 27.6029
      vertex -0.486226 -58.8 27.6029
    endloop
  endfacet
  facet normal 0.313804 0 -0.949488
    outer loop
      vertex -0.486226 -56.9881 27.6029
      vertex -0.56429 -58.8 27.5771
      vertex -0.56429 -56.9861 27.5771
    endloop
  endfacet
  facet normal -0.999698 0 -0.0245668
    outer loop
      vertex 1.675 -58.8 26
      vertex 1.67298 -56.9589 26.0822
      vertex 1.675 -56.9589 26
    endloop
  endfacet
  facet normal -0.999698 -0 -0.0245668
    outer loop
      vertex 1.67298 -56.9589 26.0822
      vertex 1.675 -58.8 26
      vertex 1.67298 -58.8 26.0822
    endloop
  endfacet
  facet normal 0.405077 0 -0.914282
    outer loop
      vertex -0.716154 -58.8 27.5142
      vertex -0.640994 -56.9843 27.5475
      vertex -0.640994 -58.8 27.5475
    endloop
  endfacet
  facet normal 0.405077 0 -0.914282
    outer loop
      vertex -0.640994 -56.9843 27.5475
      vertex -0.716154 -58.8 27.5142
      vertex -0.716154 -56.9824 27.5142
    endloop
  endfacet
  facet normal -0.218952 -0 -0.975736
    outer loop
      vertex 0.326776 -56.992 27.6428
      vertex 0.406991 -58.8 27.6248
      vertex 0.326776 -58.8 27.6428
    endloop
  endfacet
  facet normal -0.218952 0 -0.975736
    outer loop
      vertex 0.406991 -58.8 27.6248
      vertex 0.326776 -56.992 27.6428
      vertex 0.406991 -56.99 27.6248
    endloop
  endfacet
  facet normal -0.893158 0 -0.449743
    outer loop
      vertex 1.51418 -58.8 26.7162
      vertex 1.47722 -56.9637 26.7896
      vertex 1.51418 -56.9628 26.7162
    endloop
  endfacet
  facet normal -0.893158 -0 -0.449743
    outer loop
      vertex 1.47722 -56.9637 26.7896
      vertex 1.51418 -58.8 26.7162
      vertex 1.47722 -58.8 26.7896
    endloop
  endfacet
  facet normal 0.985267 0 -0.171023
    outer loop
      vertex -1.64281 -58.8 26.3268
      vertex -1.65687 -56.9593 26.2458
      vertex -1.64281 -56.9597 26.3268
    endloop
  endfacet
  facet normal 0.985267 0 -0.171023
    outer loop
      vertex -1.65687 -56.9593 26.2458
      vertex -1.64281 -58.8 26.3268
      vertex -1.65687 -58.8 26.2458
    endloop
  endfacet
  facet normal 0.757451 0 -0.652892
    outer loop
      vertex -1.29479 -58.8 27.0626
      vertex -1.24109 -56.9695 27.1249
      vertex -1.24109 -58.8 27.1249
    endloop
  endfacet
  facet normal 0.757451 0 -0.652892
    outer loop
      vertex -1.24109 -56.9695 27.1249
      vertex -1.29479 -58.8 27.0626
      vertex -1.29479 -56.9682 27.0626
    endloop
  endfacet
  facet normal -0.870005 0 0.493043
    outer loop
      vertex 1.47722 -58.8 25.2104
      vertex 1.4367 -56.9647 25.1389
      vertex 1.4367 -58.8 25.1389
    endloop
  endfacet
  facet normal -0.870005 0 0.493043
    outer loop
      vertex 1.4367 -56.9647 25.1389
      vertex 1.47722 -58.8 25.2104
      vertex 1.47722 -56.9637 25.2104
    endloop
  endfacet
  facet normal 0.949603 0 -0.313454
    outer loop
      vertex -1.57709 -58.8 26.5643
      vertex -1.60287 -56.9607 26.4862
      vertex -1.57709 -56.9613 26.5643
    endloop
  endfacet
  facet normal 0.949603 0 -0.313454
    outer loop
      vertex -1.60287 -56.9607 26.4862
      vertex -1.57709 -58.8 26.5643
      vertex -1.60287 -58.8 26.4862
    endloop
  endfacet
  facet normal 0.963737 0 -0.266853
    outer loop
      vertex -1.60287 -58.8 26.4862
      vertex -1.6248 -56.9601 26.407
      vertex -1.60287 -56.9607 26.4862
    endloop
  endfacet
  facet normal 0.963737 0 -0.266853
    outer loop
      vertex -1.6248 -56.9601 26.407
      vertex -1.60287 -58.8 26.4862
      vertex -1.6248 -58.8 26.407
    endloop
  endfacet
  facet normal -0.074194 -0 -0.997244
    outer loop
      vertex 0.0821877 -56.998 27.673
      vertex 0.164178 -58.8 27.6669
      vertex 0.0821877 -58.8 27.673
    endloop
  endfacet
  facet normal -0.074194 0 -0.997244
    outer loop
      vertex 0.164178 -58.8 27.6669
      vertex 0.0821877 -56.998 27.673
      vertex 0.164178 -56.996 27.6669
    endloop
  endfacet
  facet normal 0.893158 0 -0.449743
    outer loop
      vertex -1.51418 -58.8 26.7162
      vertex -1.47722 -56.9637 26.7896
      vertex -1.47722 -58.8 26.7896
    endloop
  endfacet
  facet normal 0.893158 0 -0.449743
    outer loop
      vertex -1.47722 -56.9637 26.7896
      vertex -1.51418 -58.8 26.7162
      vertex -1.51418 -56.9628 26.7162
    endloop
  endfacet
  facet normal 0.689625 -0 0.724167
    outer loop
      vertex -1.1844 -58.8 24.8156
      vertex -1.12486 -56.9724 24.7589
      vertex -1.1844 -56.9709 24.8156
    endloop
  endfacet
  facet normal 0.689625 0 0.724167
    outer loop
      vertex -1.12486 -56.9724 24.7589
      vertex -1.1844 -58.8 24.8156
      vertex -1.12486 -58.8 24.7589
    endloop
  endfacet
  facet normal -0.78829 0 -0.615304
    outer loop
      vertex 1.34537 -58.8 26.9978
      vertex 1.29479 -56.9682 27.0626
      vertex 1.34537 -56.967 26.9978
    endloop
  endfacet
  facet normal -0.78829 -0 -0.615304
    outer loop
      vertex 1.29479 -56.9682 27.0626
      vertex 1.34537 -58.8 26.9978
      vertex 1.29479 -58.8 27.0626
    endloop
  endfacet
  facet normal -0.817514 0 -0.575909
    outer loop
      vertex 1.39271 -58.8 26.9306
      vertex 1.34537 -56.967 26.9978
      vertex 1.39271 -56.9658 26.9306
    endloop
  endfacet
  facet normal -0.817514 -0 -0.575909
    outer loop
      vertex 1.34537 -56.967 26.9978
      vertex 1.39271 -58.8 26.9306
      vertex 1.34537 -58.8 26.9978
    endloop
  endfacet
  facet normal 0.360022 -0 0.932944
    outer loop
      vertex -0.640994 -58.8 24.4525
      vertex -0.56429 -56.9861 24.4229
      vertex -0.640994 -56.9843 24.4525
    endloop
  endfacet
  facet normal 0.360022 0 0.932944
    outer loop
      vertex -0.56429 -56.9861 24.4229
      vertex -0.640994 -58.8 24.4525
      vertex -0.56429 -58.8 24.4229
    endloop
  endfacet
  facet normal -0.653192 0 0.757192
    outer loop
      vertex 1.06261 -56.9739 24.7052
      vertex 1.12486 -58.8 24.7589
      vertex 1.12486 -56.9724 24.7589
    endloop
  endfacet
  facet normal -0.653192 0 0.757192
    outer loop
      vertex 1.12486 -58.8 24.7589
      vertex 1.06261 -56.9739 24.7052
      vertex 1.06261 -58.8 24.7052
    endloop
  endfacet
  facet normal -0.615373 0 0.788236
    outer loop
      vertex 0.997796 -56.9755 24.6546
      vertex 1.06261 -58.8 24.7052
      vertex 1.06261 -56.9739 24.7052
    endloop
  endfacet
  facet normal -0.615373 0 0.788236
    outer loop
      vertex 1.06261 -58.8 24.7052
      vertex 0.997796 -56.9755 24.6546
      vertex 0.997796 -58.8 24.6546
    endloop
  endfacet
  facet normal 0.615373 0 -0.788236
    outer loop
      vertex -1.06261 -58.8 27.2948
      vertex -0.997796 -56.9755 27.3454
      vertex -0.997796 -58.8 27.3454
    endloop
  endfacet
  facet normal 0.615373 0 -0.788236
    outer loop
      vertex -0.997796 -56.9755 27.3454
      vertex -1.06261 -58.8 27.2948
      vertex -1.06261 -56.9739 27.2948
    endloop
  endfacet
  facet normal 0.817514 0 -0.575909
    outer loop
      vertex -1.39271 -58.8 26.9306
      vertex -1.34537 -56.967 26.9978
      vertex -1.34537 -58.8 26.9978
    endloop
  endfacet
  facet normal 0.817514 0 -0.575909
    outer loop
      vertex -1.34537 -56.967 26.9978
      vertex -1.39271 -58.8 26.9306
      vertex -1.39271 -56.9658 26.9306
    endloop
  endfacet
  facet normal 0.997289 0 -0.0735805
    outer loop
      vertex -1.66693 -58.8 26.1642
      vertex -1.67298 -56.9589 26.0822
      vertex -1.66693 -56.9591 26.1642
    endloop
  endfacet
  facet normal 0.997289 0 -0.0735805
    outer loop
      vertex -1.67298 -56.9589 26.0822
      vertex -1.66693 -58.8 26.1642
      vertex -1.67298 -58.8 26.0822
    endloop
  endfacet
  facet normal 0.963737 -0 0.266853
    outer loop
      vertex -1.6248 -58.8 25.593
      vertex -1.60287 -56.9607 25.5138
      vertex -1.6248 -56.9601 25.593
    endloop
  endfacet
  facet normal 0.963737 0 0.266853
    outer loop
      vertex -1.60287 -56.9607 25.5138
      vertex -1.6248 -58.8 25.593
      vertex -1.60287 -58.8 25.5138
    endloop
  endfacet
  facet normal 0.535133 0 -0.844768
    outer loop
      vertex -0.93058 -58.8 27.3927
      vertex -0.861121 -56.9789 27.4367
      vertex -0.861121 -58.8 27.4367
    endloop
  endfacet
  facet normal 0.535133 0 -0.844768
    outer loop
      vertex -0.861121 -56.9789 27.4367
      vertex -0.93058 -58.8 27.3927
      vertex -0.93058 -56.9772 27.3927
    endloop
  endfacet
  facet normal 0.266405 0 -0.963861
    outer loop
      vertex -0.486226 -58.8 27.6029
      vertex -0.406991 -56.99 27.6248
      vertex -0.406991 -58.8 27.6248
    endloop
  endfacet
  facet normal 0.266405 0 -0.963861
    outer loop
      vertex -0.406991 -56.99 27.6248
      vertex -0.486226 -58.8 27.6029
      vertex -0.486226 -56.9881 27.6029
    endloop
  endfacet
  facet normal 0.218952 0 -0.975736
    outer loop
      vertex -0.406991 -58.8 27.6248
      vertex -0.326776 -56.992 27.6428
      vertex -0.326776 -58.8 27.6428
    endloop
  endfacet
  facet normal 0.218952 0 -0.975736
    outer loop
      vertex -0.326776 -56.992 27.6428
      vertex -0.406991 -58.8 27.6248
      vertex -0.406991 -56.99 27.6248
    endloop
  endfacet
  facet normal -0.914272 0 -0.4051
    outer loop
      vertex 1.5475 -58.8 26.641
      vertex 1.51418 -56.9628 26.7162
      vertex 1.5475 -56.962 26.641
    endloop
  endfacet
  facet normal -0.914272 -0 -0.4051
    outer loop
      vertex 1.51418 -56.9628 26.7162
      vertex 1.5475 -58.8 26.641
      vertex 1.51418 -58.8 26.7162
    endloop
  endfacet
  facet normal 0.78829 0 -0.615304
    outer loop
      vertex -1.34537 -58.8 26.9978
      vertex -1.29479 -56.9682 27.0626
      vertex -1.29479 -58.8 27.0626
    endloop
  endfacet
  facet normal 0.78829 0 -0.615304
    outer loop
      vertex -1.29479 -56.9682 27.0626
      vertex -1.34537 -58.8 26.9978
      vertex -1.34537 -56.967 26.9978
    endloop
  endfacet
  facet normal -0.975701 0 0.219107
    outer loop
      vertex 1.6248 -58.8 25.593
      vertex 1.64281 -56.9597 25.6732
      vertex 1.6248 -56.9601 25.593
    endloop
  endfacet
  facet normal -0.975701 0 0.219107
    outer loop
      vertex 1.64281 -56.9597 25.6732
      vertex 1.6248 -58.8 25.593
      vertex 1.64281 -58.8 25.6732
    endloop
  endfacet
  facet normal 0.914272 0 -0.4051
    outer loop
      vertex -1.5475 -58.8 26.641
      vertex -1.51418 -56.9628 26.7162
      vertex -1.51418 -58.8 26.7162
    endloop
  endfacet
  facet normal 0.914272 0 -0.4051
    outer loop
      vertex -1.51418 -56.9628 26.7162
      vertex -1.5475 -58.8 26.641
      vertex -1.5475 -56.962 26.641
    endloop
  endfacet
  facet normal 0.0242623 0 -0.999706
    outer loop
      vertex -0.160696 -59.9961 29.2711
      vertex 0 -58.8 29.275
      vertex 0 -60 29.275
    endloop
  endfacet
  facet normal 0.0242623 0 -0.999706
    outer loop
      vertex 0 -58.8 29.275
      vertex -0.160696 -59.9961 29.2711
      vertex -0.160696 -58.8 29.2711
    endloop
  endfacet
  facet normal -0.121939 0 0.992538
    outer loop
      vertex 0.321006 -58.8 22.7408
      vertex 0.480542 -59.9882 22.7604
      vertex 0.480542 -58.8 22.7604
    endloop
  endfacet
  facet normal -0.121939 0 0.992538
    outer loop
      vertex 0.480542 -59.9882 22.7604
      vertex 0.321006 -58.8 22.7408
      vertex 0.321006 -59.9921 22.7408
    endloop
  endfacet
  facet normal -0.492732 0 0.870181
    outer loop
      vertex 1.54382 -58.8 23.1117
      vertex 1.68369 -59.9587 23.1909
      vertex 1.68369 -58.8 23.1909
    endloop
  endfacet
  facet normal -0.492732 0 0.870181
    outer loop
      vertex 1.68369 -59.9587 23.1909
      vertex 1.54382 -58.8 23.1117
      vertex 1.54382 -59.9621 23.1117
    endloop
  endfacet
  facet normal -0.121939 -0 -0.992538
    outer loop
      vertex 0.321006 -58.8 29.2592
      vertex 0.480542 -59.9882 29.2396
      vertex 0.321006 -59.9921 29.2592
    endloop
  endfacet
  facet normal -0.121939 0 -0.992538
    outer loop
      vertex 0.480542 -59.9882 29.2396
      vertex 0.321006 -58.8 29.2592
      vertex 0.480542 -58.8 29.2396
    endloop
  endfacet
  facet normal 0.997292 -0 0.0735371
    outer loop
      vertex -3.27105 -59.9036 25.8393
      vertex -3.25923 -58.8 25.679
      vertex -3.27105 -58.8 25.8393
    endloop
  endfacet
  facet normal 0.997292 0 0.0735371
    outer loop
      vertex -3.25923 -58.8 25.679
      vertex -3.27105 -59.9036 25.8393
      vertex -3.25923 -59.9045 25.679
    endloop
  endfacet
  facet normal -0.844838 0 0.535022
    outer loop
      vertex 2.72306 -58.8 24.1805
      vertex 2.80906 -59.931 24.3163
      vertex 2.80906 -58.8 24.3163
    endloop
  endfacet
  facet normal -0.844838 0 0.535022
    outer loop
      vertex 2.80906 -59.931 24.3163
      vertex 2.72306 -58.8 24.1805
      vertex 2.72306 -59.9332 24.1805
    endloop
  endfacet
  facet normal 0.844838 -0 0.535022
    outer loop
      vertex -2.80906 -59.931 24.3163
      vertex -2.72306 -58.8 24.1805
      vertex -2.80906 -58.8 24.3163
    endloop
  endfacet
  facet normal 0.844838 0 0.535022
    outer loop
      vertex -2.72306 -58.8 24.1805
      vertex -2.80906 -59.931 24.3163
      vertex -2.72306 -59.9332 24.1805
    endloop
  endfacet
  facet normal 0.492732 0 -0.870181
    outer loop
      vertex -1.68369 -59.9587 28.8091
      vertex -1.54382 -58.8 28.8883
      vertex -1.54382 -59.9621 28.8883
    endloop
  endfacet
  facet normal 0.492732 0 -0.870181
    outer loop
      vertex -1.54382 -58.8 28.8883
      vertex -1.68369 -59.9587 28.8091
      vertex -1.68369 -58.8 28.8091
    endloop
  endfacet
  facet normal 0.999698 0 -0.0245725
    outer loop
      vertex -3.27105 -58.8 26.1607
      vertex -3.275 -59.9033 26
      vertex -3.275 -58.8 26
    endloop
  endfacet
  facet normal 0.999698 0 -0.0245725
    outer loop
      vertex -3.275 -59.9033 26
      vertex -3.27105 -58.8 26.1607
      vertex -3.27105 -59.9036 26.1607
    endloop
  endfacet
  facet normal 0.218988 -0 0.975728
    outer loop
      vertex -0.795759 -59.9805 22.8231
      vertex -0.638921 -58.8 22.7879
      vertex -0.795759 -58.8 22.8231
    endloop
  endfacet
  facet normal 0.218988 0 0.975728
    outer loop
      vertex -0.638921 -58.8 22.7879
      vertex -0.795759 -59.9805 22.8231
      vertex -0.638921 -59.9843 22.7879
    endloop
  endfacet
  facet normal -0.689438 0 0.724345
    outer loop
      vertex 2.19936 -58.8 23.5734
      vertex 2.31577 -59.9431 23.6842
      vertex 2.31577 -58.8 23.6842
    endloop
  endfacet
  facet normal -0.689438 0 0.724345
    outer loop
      vertex 2.31577 -59.9431 23.6842
      vertex 2.19936 -58.8 23.5734
      vertex 2.19936 -59.946 23.5734
    endloop
  endfacet
  facet normal 0.615227 -0 0.78835
    outer loop
      vertex -2.07764 -59.949 23.4684
      vertex -1.95091 -58.8 23.3695
      vertex -2.07764 -58.8 23.4684
    endloop
  endfacet
  facet normal 0.615227 0 0.78835
    outer loop
      vertex -1.95091 -58.8 23.3695
      vertex -2.07764 -59.949 23.4684
      vertex -1.95091 -59.9521 23.3695
    endloop
  endfacet
  facet normal -0.0242623 0 0.999706
    outer loop
      vertex 0 -58.8 22.725
      vertex 0.160696 -59.9961 22.7289
      vertex 0.160696 -58.8 22.7289
    endloop
  endfacet
  facet normal -0.0242623 0 0.999706
    outer loop
      vertex 0.160696 -59.9961 22.7289
      vertex 0 -58.8 22.725
      vertex 0 -60 22.725
    endloop
  endfacet
  facet normal -0.313561 0 0.949568
    outer loop
      vertex 0.950682 -58.8 22.866
      vertex 1.10331 -59.9729 22.9164
      vertex 1.10331 -58.8 22.9164
    endloop
  endfacet
  facet normal -0.313561 0 0.949568
    outer loop
      vertex 1.10331 -59.9729 22.9164
      vertex 0.950682 -58.8 22.866
      vertex 0.950682 -59.9767 22.866
    endloop
  endfacet
  facet normal 0.171074 -0 0.985258
    outer loop
      vertex -0.638921 -59.9843 22.7879
      vertex -0.480542 -58.8 22.7604
      vertex -0.638921 -58.8 22.7879
    endloop
  endfacet
  facet normal 0.171074 0 0.985258
    outer loop
      vertex -0.480542 -58.8 22.7604
      vertex -0.638921 -59.9843 22.7879
      vertex -0.480542 -59.9882 22.7604
    endloop
  endfacet
  facet normal 0.44975 -0 0.893155
    outer loop
      vertex -1.54382 -59.9621 23.1117
      vertex -1.40024 -58.8 23.0394
      vertex -1.54382 -58.8 23.1117
    endloop
  endfacet
  facet normal 0.44975 0 0.893155
    outer loop
      vertex -1.40024 -58.8 23.0394
      vertex -1.54382 -59.9621 23.1117
      vertex -1.40024 -59.9656 23.0394
    endloop
  endfacet
  facet normal -0.788309 0 0.615279
    outer loop
      vertex 2.53161 -58.8 23.9224
      vertex 2.6305 -59.9354 24.0491
      vertex 2.6305 -58.8 24.0491
    endloop
  endfacet
  facet normal -0.788309 0 0.615279
    outer loop
      vertex 2.6305 -59.9354 24.0491
      vertex 2.53161 -58.8 23.9224
      vertex 2.53161 -59.9379 23.9224
    endloop
  endfacet
  facet normal 0.963771 0 -0.266732
    outer loop
      vertex -3.13398 -58.8 26.9507
      vertex -3.17685 -59.9106 26.7958
      vertex -3.17685 -58.8 26.7958
    endloop
  endfacet
  facet normal 0.963771 0 -0.266732
    outer loop
      vertex -3.17685 -59.9106 26.7958
      vertex -3.13398 -58.8 26.9507
      vertex -3.13398 -59.9137 26.9507
    endloop
  endfacet
  facet normal -0.575989 0 0.817457
    outer loop
      vertex 1.81949 -58.8 23.2769
      vertex 1.95091 -59.9521 23.3695
      vertex 1.95091 -58.8 23.3695
    endloop
  endfacet
  facet normal -0.575989 0 0.817457
    outer loop
      vertex 1.95091 -59.9521 23.3695
      vertex 1.81949 -58.8 23.2769
      vertex 1.81949 -59.9553 23.2769
    endloop
  endfacet
  facet normal -0.914132 0 0.405417
    outer loop
      vertex 2.96056 -58.8 24.5998
      vertex 3.02571 -59.9217 24.7467
      vertex 3.02571 -58.8 24.7467
    endloop
  endfacet
  facet normal -0.914132 0 0.405417
    outer loop
      vertex 3.02571 -59.9217 24.7467
      vertex 2.96056 -58.8 24.5998
      vertex 2.96056 -59.9265 24.5998
    endloop
  endfacet
  facet normal 0.266869 -0 0.963733
    outer loop
      vertex -0.950682 -59.9767 22.866
      vertex -0.795759 -58.8 22.8231
      vertex -0.950682 -58.8 22.866
    endloop
  endfacet
  facet normal 0.266869 0 0.963733
    outer loop
      vertex -0.795759 -58.8 22.8231
      vertex -0.950682 -59.9767 22.866
      vertex -0.795759 -59.9805 22.8231
    endloop
  endfacet
  facet normal 0.689438 0 -0.724345
    outer loop
      vertex -2.31577 -59.9431 28.3158
      vertex -2.19936 -58.8 28.4266
      vertex -2.19936 -59.946 28.4266
    endloop
  endfacet
  facet normal 0.689438 0 -0.724345
    outer loop
      vertex -2.19936 -58.8 28.4266
      vertex -2.31577 -59.9431 28.3158
      vertex -2.31577 -58.8 28.3158
    endloop
  endfacet
  facet normal -0.844838 0 -0.535022
    outer loop
      vertex 2.80906 -59.931 27.6837
      vertex 2.72306 -58.8 27.8195
      vertex 2.80906 -58.8 27.6837
    endloop
  endfacet
  facet normal -0.844838 -0 -0.535022
    outer loop
      vertex 2.72306 -58.8 27.8195
      vertex 2.80906 -59.931 27.6837
      vertex 2.72306 -59.9332 27.8195
    endloop
  endfacet
  facet normal -0.535022 0 0.844838
    outer loop
      vertex 1.68369 -58.8 23.1909
      vertex 1.81949 -59.9553 23.2769
      vertex 1.81949 -58.8 23.2769
    endloop
  endfacet
  facet normal -0.535022 0 0.844838
    outer loop
      vertex 1.81949 -59.9553 23.2769
      vertex 1.68369 -58.8 23.1909
      vertex 1.68369 -59.9587 23.1909
    endloop
  endfacet
  facet normal 0.999698 -0 0.0245725
    outer loop
      vertex -3.275 -59.9033 26
      vertex -3.27105 -58.8 25.8393
      vertex -3.275 -58.8 26
    endloop
  endfacet
  facet normal 0.999698 0 0.0245725
    outer loop
      vertex -3.27105 -58.8 25.8393
      vertex -3.275 -59.9033 26
      vertex -3.27105 -59.9036 25.8393
    endloop
  endfacet
  facet normal 0.0740275 0 -0.997256
    outer loop
      vertex -0.321006 -59.9921 29.2592
      vertex -0.160696 -58.8 29.2711
      vertex -0.160696 -59.9961 29.2711
    endloop
  endfacet
  facet normal 0.0740275 0 -0.997256
    outer loop
      vertex -0.160696 -58.8 29.2711
      vertex -0.321006 -59.9921 29.2592
      vertex -0.321006 -58.8 29.2592
    endloop
  endfacet
  facet normal 0.963771 -0 0.266732
    outer loop
      vertex -3.17685 -59.9106 25.2042
      vertex -3.13398 -58.8 25.0493
      vertex -3.17685 -58.8 25.2042
    endloop
  endfacet
  facet normal 0.963771 0 0.266732
    outer loop
      vertex -3.13398 -58.8 25.0493
      vertex -3.17685 -59.9106 25.2042
      vertex -3.13398 -59.9137 25.0493
    endloop
  endfacet
  facet normal 0.933017 0 -0.359833
    outer loop
      vertex -3.02571 -58.8 27.2533
      vertex -3.08356 -59.9174 27.1033
      vertex -3.08356 -58.8 27.1033
    endloop
  endfacet
  facet normal 0.933017 0 -0.359833
    outer loop
      vertex -3.08356 -59.9174 27.1033
      vertex -3.02571 -58.8 27.2533
      vertex -3.02571 -59.9217 27.2533
    endloop
  endfacet
  facet normal -0.870147 0 0.492793
    outer loop
      vertex 2.80906 -58.8 24.3163
      vertex 2.88829 -59.9291 24.4562
      vertex 2.88829 -58.8 24.4562
    endloop
  endfacet
  facet normal -0.870147 0 0.492793
    outer loop
      vertex 2.88829 -59.9291 24.4562
      vertex 2.80906 -58.8 24.3163
      vertex 2.80906 -59.931 24.3163
    endloop
  endfacet
  facet normal -0.615227 0 0.78835
    outer loop
      vertex 1.95091 -58.8 23.3695
      vertex 2.07764 -59.949 23.4684
      vertex 2.07764 -58.8 23.4684
    endloop
  endfacet
  facet normal -0.615227 0 0.78835
    outer loop
      vertex 2.07764 -59.949 23.4684
      vertex 1.95091 -58.8 23.3695
      vertex 1.95091 -59.9521 23.3695
    endloop
  endfacet
  facet normal 0.360146 0 -0.932896
    outer loop
      vertex -1.25329 -59.9692 29.0257
      vertex -1.10331 -58.8 29.0836
      vertex -1.10331 -59.9729 29.0836
    endloop
  endfacet
  facet normal 0.360146 0 -0.932896
    outer loop
      vertex -1.10331 -58.8 29.0836
      vertex -1.25329 -59.9692 29.0257
      vertex -1.25329 -58.8 29.0257
    endloop
  endfacet
  facet normal -0.985283 0 0.170932
    outer loop
      vertex 3.21207 -58.8 25.3611
      vertex 3.23955 -59.9059 25.5195
      vertex 3.23955 -58.8 25.5195
    endloop
  endfacet
  facet normal -0.985283 0 0.170932
    outer loop
      vertex 3.23955 -59.9059 25.5195
      vertex 3.21207 -58.8 25.3611
      vertex 3.21207 -59.908 25.3611
    endloop
  endfacet
  facet normal -0.999698 0 -0.0245725
    outer loop
      vertex 3.275 -59.9033 26
      vertex 3.27105 -58.8 26.1607
      vertex 3.275 -58.8 26
    endloop
  endfacet
  facet normal -0.999698 -0 -0.0245725
    outer loop
      vertex 3.27105 -58.8 26.1607
      vertex 3.275 -59.9033 26
      vertex 3.27105 -59.9036 26.1607
    endloop
  endfacet
  facet normal 0.985283 0 -0.170932
    outer loop
      vertex -3.21207 -58.8 26.6389
      vertex -3.23955 -59.9059 26.4805
      vertex -3.23955 -58.8 26.4805
    endloop
  endfacet
  facet normal 0.985283 0 -0.170932
    outer loop
      vertex -3.23955 -59.9059 26.4805
      vertex -3.21207 -58.8 26.6389
      vertex -3.21207 -59.908 26.6389
    endloop
  endfacet
  facet normal 0.492732 -0 0.870181
    outer loop
      vertex -1.68369 -59.9587 23.1909
      vertex -1.54382 -58.8 23.1117
      vertex -1.68369 -58.8 23.1909
    endloop
  endfacet
  facet normal 0.492732 0 0.870181
    outer loop
      vertex -1.54382 -58.8 23.1117
      vertex -1.68369 -59.9587 23.1909
      vertex -1.54382 -59.9621 23.1117
    endloop
  endfacet
  facet normal 0.121939 -0 0.992538
    outer loop
      vertex -0.480542 -59.9882 22.7604
      vertex -0.321006 -58.8 22.7408
      vertex -0.480542 -58.8 22.7604
    endloop
  endfacet
  facet normal 0.121939 0 0.992538
    outer loop
      vertex -0.321006 -58.8 22.7408
      vertex -0.480542 -59.9882 22.7604
      vertex -0.321006 -59.9921 22.7408
    endloop
  endfacet
  facet normal -0.266869 -0 -0.963733
    outer loop
      vertex 0.795759 -58.8 29.1769
      vertex 0.950682 -59.9767 29.134
      vertex 0.795759 -59.9805 29.1769
    endloop
  endfacet
  facet normal -0.266869 0 -0.963733
    outer loop
      vertex 0.950682 -59.9767 29.134
      vertex 0.795759 -58.8 29.1769
      vertex 0.950682 -58.8 29.134
    endloop
  endfacet
  facet normal -0.933017 0 -0.359833
    outer loop
      vertex 3.08356 -59.9174 27.1033
      vertex 3.02571 -58.8 27.2533
      vertex 3.08356 -58.8 27.1033
    endloop
  endfacet
  facet normal -0.933017 -0 -0.359833
    outer loop
      vertex 3.02571 -58.8 27.2533
      vertex 3.08356 -59.9174 27.1033
      vertex 3.02571 -59.9217 27.2533
    endloop
  endfacet
  facet normal 0.97572 -0 0.219024
    outer loop
      vertex -3.21207 -59.908 25.3611
      vertex -3.17685 -58.8 25.2042
      vertex -3.21207 -58.8 25.3611
    endloop
  endfacet
  facet normal 0.97572 0 0.219024
    outer loop
      vertex -3.17685 -58.8 25.2042
      vertex -3.21207 -59.908 25.3611
      vertex -3.17685 -59.9106 25.2042
    endloop
  endfacet
  facet normal 0.689438 -0 0.724345
    outer loop
      vertex -2.31577 -59.9431 23.6842
      vertex -2.19936 -58.8 23.5734
      vertex -2.31577 -58.8 23.6842
    endloop
  endfacet
  facet normal 0.689438 0 0.724345
    outer loop
      vertex -2.19936 -58.8 23.5734
      vertex -2.31577 -59.9431 23.6842
      vertex -2.19936 -59.946 23.5734
    endloop
  endfacet
  facet normal -0.44975 0 0.893155
    outer loop
      vertex 1.40024 -58.8 23.0394
      vertex 1.54382 -59.9621 23.1117
      vertex 1.54382 -58.8 23.1117
    endloop
  endfacet
  facet normal -0.44975 0 0.893155
    outer loop
      vertex 1.54382 -59.9621 23.1117
      vertex 1.40024 -58.8 23.0394
      vertex 1.40024 -59.9656 23.0394
    endloop
  endfacet
  facet normal -0.817533 0 -0.575882
    outer loop
      vertex 2.72306 -59.9332 27.8195
      vertex 2.6305 -58.8 27.9509
      vertex 2.72306 -58.8 27.8195
    endloop
  endfacet
  facet normal -0.817533 -0 -0.575882
    outer loop
      vertex 2.6305 -58.8 27.9509
      vertex 2.72306 -59.9332 27.8195
      vertex 2.6305 -59.9354 27.9509
    endloop
  endfacet
  facet normal 0.724191 0 -0.689599
    outer loop
      vertex -2.31577 -58.8 28.3158
      vertex -2.42661 -59.9404 28.1994
      vertex -2.42661 -58.8 28.1994
    endloop
  endfacet
  facet normal 0.724191 0 -0.689599
    outer loop
      vertex -2.42661 -59.9404 28.1994
      vertex -2.31577 -58.8 28.3158
      vertex -2.31577 -59.9431 28.3158
    endloop
  endfacet
  facet normal -0.992474 0 -0.122457
    outer loop
      vertex 3.25923 -59.9045 26.321
      vertex 3.23955 -58.8 26.4805
      vertex 3.25923 -58.8 26.321
    endloop
  endfacet
  facet normal -0.992474 -0 -0.122457
    outer loop
      vertex 3.23955 -58.8 26.4805
      vertex 3.25923 -59.9045 26.321
      vertex 3.23955 -59.9059 26.4805
    endloop
  endfacet
  facet normal -0.985283 0 -0.170932
    outer loop
      vertex 3.23955 -59.9059 26.4805
      vertex 3.21207 -58.8 26.6389
      vertex 3.23955 -58.8 26.4805
    endloop
  endfacet
  facet normal -0.985283 -0 -0.170932
    outer loop
      vertex 3.21207 -58.8 26.6389
      vertex 3.23955 -59.9059 26.4805
      vertex 3.21207 -59.908 26.6389
    endloop
  endfacet
  facet normal 0.653186 -0 0.757198
    outer loop
      vertex -2.19936 -59.946 23.5734
      vertex -2.07764 -58.8 23.4684
      vertex -2.19936 -58.8 23.5734
    endloop
  endfacet
  facet normal 0.653186 0 0.757198
    outer loop
      vertex -2.07764 -58.8 23.4684
      vertex -2.19936 -59.946 23.5734
      vertex -2.07764 -59.949 23.4684
    endloop
  endfacet
  facet normal -0.653186 -0 -0.757198
    outer loop
      vertex 2.07764 -58.8 28.5316
      vertex 2.19936 -59.946 28.4266
      vertex 2.07764 -59.949 28.5316
    endloop
  endfacet
  facet normal -0.653186 0 -0.757198
    outer loop
      vertex 2.19936 -59.946 28.4266
      vertex 2.07764 -58.8 28.5316
      vertex 2.19936 -58.8 28.4266
    endloop
  endfacet
  facet normal -0.997292 0 0.0735371
    outer loop
      vertex 3.25923 -58.8 25.679
      vertex 3.27105 -59.9036 25.8393
      vertex 3.27105 -58.8 25.8393
    endloop
  endfacet
  facet normal -0.997292 0 0.0735371
    outer loop
      vertex 3.27105 -59.9036 25.8393
      vertex 3.25923 -58.8 25.679
      vertex 3.25923 -59.9045 25.679
    endloop
  endfacet
  facet normal -0.0740275 0 0.997256
    outer loop
      vertex 0.160696 -58.8 22.7289
      vertex 0.321006 -59.9921 22.7408
      vertex 0.321006 -58.8 22.7408
    endloop
  endfacet
  facet normal -0.0740275 0 0.997256
    outer loop
      vertex 0.321006 -59.9921 22.7408
      vertex 0.160696 -58.8 22.7289
      vertex 0.160696 -59.9961 22.7289
    endloop
  endfacet
  facet normal 0.992474 0 -0.122457
    outer loop
      vertex -3.23955 -58.8 26.4805
      vertex -3.25923 -59.9045 26.321
      vertex -3.25923 -58.8 26.321
    endloop
  endfacet
  facet normal 0.992474 0 -0.122457
    outer loop
      vertex -3.25923 -59.9045 26.321
      vertex -3.23955 -58.8 26.4805
      vertex -3.23955 -59.9059 26.4805
    endloop
  endfacet
  facet normal -0.933017 0 0.359833
    outer loop
      vertex 3.02571 -58.8 24.7467
      vertex 3.08356 -59.9174 24.8967
      vertex 3.08356 -58.8 24.8967
    endloop
  endfacet
  facet normal -0.933017 0 0.359833
    outer loop
      vertex 3.08356 -59.9174 24.8967
      vertex 3.02571 -58.8 24.7467
      vertex 3.02571 -59.9217 24.7467
    endloop
  endfacet
  facet normal 0.121939 0 -0.992538
    outer loop
      vertex -0.480542 -59.9882 29.2396
      vertex -0.321006 -58.8 29.2592
      vertex -0.321006 -59.9921 29.2592
    endloop
  endfacet
  facet normal 0.121939 0 -0.992538
    outer loop
      vertex -0.321006 -58.8 29.2592
      vertex -0.480542 -59.9882 29.2396
      vertex -0.480542 -58.8 29.2396
    endloop
  endfacet
  facet normal 0.893255 -5.82494e-06 -0.449551
    outer loop
      vertex -2.94406 -59.9277 27.433
      vertex -2.96056 -58.8 27.4002
      vertex -2.88829 -58.8 27.5438
    endloop
  endfacet
  facet normal 0.893335 0 -0.449391
    outer loop
      vertex -2.96056 -58.8 27.4002
      vertex -2.94406 -59.9277 27.433
      vertex -2.96056 -59.9265 27.4002
    endloop
  endfacet
  facet normal 0.893231 0 -0.449598
    outer loop
      vertex -2.94406 -59.9277 27.433
      vertex -2.88829 -58.8 27.5438
      vertex -2.88829 -59.9291 27.5438
    endloop
  endfacet
  facet normal 0.97572 0 -0.219024
    outer loop
      vertex -3.17685 -58.8 26.7958
      vertex -3.21207 -59.908 26.6389
      vertex -3.21207 -58.8 26.6389
    endloop
  endfacet
  facet normal 0.97572 0 -0.219024
    outer loop
      vertex -3.21207 -59.908 26.6389
      vertex -3.17685 -58.8 26.7958
      vertex -3.17685 -59.9106 26.7958
    endloop
  endfacet
  facet normal -0.724191 0 -0.689599
    outer loop
      vertex 2.42661 -59.9404 28.1994
      vertex 2.31577 -58.8 28.3158
      vertex 2.42661 -58.8 28.1994
    endloop
  endfacet
  facet normal -0.724191 -0 -0.689599
    outer loop
      vertex 2.31577 -58.8 28.3158
      vertex 2.42661 -59.9404 28.1994
      vertex 2.31577 -59.9431 28.3158
    endloop
  endfacet
  facet normal -0.360146 0 0.932896
    outer loop
      vertex 1.10331 -58.8 22.9164
      vertex 1.25329 -59.9692 22.9743
      vertex 1.25329 -58.8 22.9743
    endloop
  endfacet
  facet normal -0.360146 0 0.932896
    outer loop
      vertex 1.25329 -59.9692 22.9743
      vertex 1.10331 -58.8 22.9164
      vertex 1.10331 -59.9729 22.9164
    endloop
  endfacet
  facet normal 0.75741 0 -0.65294
    outer loop
      vertex -2.42661 -58.8 28.1994
      vertex -2.53161 -59.9379 28.0776
      vertex -2.53161 -58.8 28.0776
    endloop
  endfacet
  facet normal 0.75741 0 -0.65294
    outer loop
      vertex -2.53161 -59.9379 28.0776
      vertex -2.42661 -58.8 28.1994
      vertex -2.42661 -59.9404 28.1994
    endloop
  endfacet
  facet normal 0.313561 -0 0.949568
    outer loop
      vertex -1.10331 -59.9729 22.9164
      vertex -0.950682 -58.8 22.866
      vertex -1.10331 -58.8 22.9164
    endloop
  endfacet
  facet normal 0.313561 0 0.949568
    outer loop
      vertex -0.950682 -58.8 22.866
      vertex -1.10331 -59.9729 22.9164
      vertex -0.950682 -59.9767 22.866
    endloop
  endfacet
  facet normal -0.997292 0 -0.0735371
    outer loop
      vertex 3.27105 -59.9036 26.1607
      vertex 3.25923 -58.8 26.321
      vertex 3.27105 -58.8 26.1607
    endloop
  endfacet
  facet normal -0.997292 -0 -0.0735371
    outer loop
      vertex 3.25923 -58.8 26.321
      vertex 3.27105 -59.9036 26.1607
      vertex 3.25923 -59.9045 26.321
    endloop
  endfacet
  facet normal 0.0740275 -0 0.997256
    outer loop
      vertex -0.321006 -59.9921 22.7408
      vertex -0.160696 -58.8 22.7289
      vertex -0.321006 -58.8 22.7408
    endloop
  endfacet
  facet normal 0.0740275 0 0.997256
    outer loop
      vertex -0.160696 -58.8 22.7289
      vertex -0.321006 -59.9921 22.7408
      vertex -0.160696 -59.9961 22.7289
    endloop
  endfacet
  facet normal -0.724191 0 0.689599
    outer loop
      vertex 2.31577 -58.8 23.6842
      vertex 2.42661 -59.9404 23.8006
      vertex 2.42661 -58.8 23.8006
    endloop
  endfacet
  facet normal -0.724191 0 0.689599
    outer loop
      vertex 2.42661 -59.9404 23.8006
      vertex 2.31577 -58.8 23.6842
      vertex 2.31577 -59.9431 23.6842
    endloop
  endfacet
  facet normal -0.817533 0 0.575882
    outer loop
      vertex 2.6305 -58.8 24.0491
      vertex 2.72306 -59.9332 24.1805
      vertex 2.72306 -58.8 24.1805
    endloop
  endfacet
  facet normal -0.817533 0 0.575882
    outer loop
      vertex 2.72306 -59.9332 24.1805
      vertex 2.6305 -58.8 24.0491
      vertex 2.6305 -59.9354 24.0491
    endloop
  endfacet
  facet normal 0.992474 -0 0.122457
    outer loop
      vertex -3.25923 -59.9045 25.679
      vertex -3.23955 -58.8 25.5195
      vertex -3.25923 -58.8 25.679
    endloop
  endfacet
  facet normal 0.992474 0 0.122457
    outer loop
      vertex -3.23955 -58.8 25.5195
      vertex -3.25923 -59.9045 25.679
      vertex -3.23955 -59.9059 25.5195
    endloop
  endfacet
  facet normal 0.575989 -0 0.817457
    outer loop
      vertex -1.95091 -59.9521 23.3695
      vertex -1.81949 -58.8 23.2769
      vertex -1.95091 -58.8 23.3695
    endloop
  endfacet
  facet normal 0.575989 0 0.817457
    outer loop
      vertex -1.81949 -58.8 23.2769
      vertex -1.95091 -59.9521 23.3695
      vertex -1.81949 -59.9553 23.2769
    endloop
  endfacet
  facet normal -0.97572 0 -0.219024
    outer loop
      vertex 3.21207 -59.908 26.6389
      vertex 3.17685 -58.8 26.7958
      vertex 3.21207 -58.8 26.6389
    endloop
  endfacet
  facet normal -0.97572 -0 -0.219024
    outer loop
      vertex 3.17685 -58.8 26.7958
      vertex 3.21207 -59.908 26.6389
      vertex 3.17685 -59.9106 26.7958
    endloop
  endfacet
  facet normal 0.914132 0 -0.405417
    outer loop
      vertex -2.96056 -58.8 27.4002
      vertex -3.02571 -59.9217 27.2533
      vertex -3.02571 -58.8 27.2533
    endloop
  endfacet
  facet normal 0.914132 0 -0.405417
    outer loop
      vertex -3.02571 -59.9217 27.2533
      vertex -2.96056 -58.8 27.4002
      vertex -2.96056 -59.9265 27.4002
    endloop
  endfacet
  facet normal 0.997292 0 -0.0735371
    outer loop
      vertex -3.25923 -58.8 26.321
      vertex -3.27105 -59.9036 26.1607
      vertex -3.27105 -58.8 26.1607
    endloop
  endfacet
  facet normal 0.997292 0 -0.0735371
    outer loop
      vertex -3.27105 -59.9036 26.1607
      vertex -3.25923 -58.8 26.321
      vertex -3.25923 -59.9045 26.321
    endloop
  endfacet
  facet normal 0.405041 -0 0.914298
    outer loop
      vertex -1.40024 -59.9656 23.0394
      vertex -1.25329 -58.8 22.9743
      vertex -1.40024 -58.8 23.0394
    endloop
  endfacet
  facet normal 0.405041 0 0.914298
    outer loop
      vertex -1.25329 -58.8 22.9743
      vertex -1.40024 -59.9656 23.0394
      vertex -1.25329 -59.9692 22.9743
    endloop
  endfacet
  facet normal 0.914132 -0 0.405417
    outer loop
      vertex -3.02571 -59.9217 24.7467
      vertex -2.96056 -58.8 24.5998
      vertex -3.02571 -58.8 24.7467
    endloop
  endfacet
  facet normal 0.914132 0 0.405417
    outer loop
      vertex -2.96056 -58.8 24.5998
      vertex -3.02571 -59.9217 24.7467
      vertex -2.96056 -59.9265 24.5998
    endloop
  endfacet
  facet normal -0.171074 0 0.985258
    outer loop
      vertex 0.480542 -58.8 22.7604
      vertex 0.638921 -59.9843 22.7879
      vertex 0.638921 -58.8 22.7879
    endloop
  endfacet
  facet normal -0.171074 0 0.985258
    outer loop
      vertex 0.638921 -59.9843 22.7879
      vertex 0.480542 -58.8 22.7604
      vertex 0.480542 -59.9882 22.7604
    endloop
  endfacet
  facet normal -0.689438 -0 -0.724345
    outer loop
      vertex 2.19936 -58.8 28.4266
      vertex 2.31577 -59.9431 28.3158
      vertex 2.19936 -59.946 28.4266
    endloop
  endfacet
  facet normal -0.689438 0 -0.724345
    outer loop
      vertex 2.31577 -59.9431 28.3158
      vertex 2.19936 -58.8 28.4266
      vertex 2.31577 -58.8 28.3158
    endloop
  endfacet
  facet normal -0.360146 -0 -0.932896
    outer loop
      vertex 1.10331 -58.8 29.0836
      vertex 1.25329 -59.9692 29.0257
      vertex 1.10331 -59.9729 29.0836
    endloop
  endfacet
  facet normal -0.360146 0 -0.932896
    outer loop
      vertex 1.25329 -59.9692 29.0257
      vertex 1.10331 -58.8 29.0836
      vertex 1.25329 -58.8 29.0257
    endloop
  endfacet
  facet normal 0.0242623 -0 0.999706
    outer loop
      vertex -0.160696 -59.9961 22.7289
      vertex 0 -58.8 22.725
      vertex -0.160696 -58.8 22.7289
    endloop
  endfacet
  facet normal 0.0242623 0 0.999706
    outer loop
      vertex 0 -58.8 22.725
      vertex -0.160696 -59.9961 22.7289
      vertex 0 -60 22.725
    endloop
  endfacet
  facet normal -0.218988 0 0.975728
    outer loop
      vertex 0.638921 -58.8 22.7879
      vertex 0.795759 -59.9805 22.8231
      vertex 0.795759 -58.8 22.8231
    endloop
  endfacet
  facet normal -0.218988 0 0.975728
    outer loop
      vertex 0.795759 -59.9805 22.8231
      vertex 0.638921 -58.8 22.7879
      vertex 0.638921 -59.9843 22.7879
    endloop
  endfacet
  facet normal -0.788309 0 -0.615279
    outer loop
      vertex 2.6305 -59.9354 27.9509
      vertex 2.53161 -58.8 28.0776
      vertex 2.6305 -58.8 27.9509
    endloop
  endfacet
  facet normal -0.788309 -0 -0.615279
    outer loop
      vertex 2.53161 -58.8 28.0776
      vertex 2.6305 -59.9354 27.9509
      vertex 2.53161 -59.9379 28.0776
    endloop
  endfacet
  facet normal -0.44975 -0 -0.893155
    outer loop
      vertex 1.40024 -58.8 28.9606
      vertex 1.54382 -59.9621 28.8883
      vertex 1.40024 -59.9656 28.9606
    endloop
  endfacet
  facet normal -0.44975 0 -0.893155
    outer loop
      vertex 1.54382 -59.9621 28.8883
      vertex 1.40024 -58.8 28.9606
      vertex 1.54382 -58.8 28.8883
    endloop
  endfacet
  facet normal -0.963771 0 0.266732
    outer loop
      vertex 3.13398 -58.8 25.0493
      vertex 3.17685 -59.9106 25.2042
      vertex 3.17685 -58.8 25.2042
    endloop
  endfacet
  facet normal -0.963771 0 0.266732
    outer loop
      vertex 3.17685 -59.9106 25.2042
      vertex 3.13398 -58.8 25.0493
      vertex 3.13398 -59.9137 25.0493
    endloop
  endfacet
  facet normal 0.817533 -0 0.575882
    outer loop
      vertex -2.72306 -59.9332 24.1805
      vertex -2.6305 -58.8 24.0491
      vertex -2.72306 -58.8 24.1805
    endloop
  endfacet
  facet normal 0.817533 0 0.575882
    outer loop
      vertex -2.6305 -58.8 24.0491
      vertex -2.72306 -59.9332 24.1805
      vertex -2.6305 -59.9354 24.0491
    endloop
  endfacet
  facet normal 0.218988 0 -0.975728
    outer loop
      vertex -0.795759 -59.9805 29.1769
      vertex -0.638921 -58.8 29.2121
      vertex -0.638921 -59.9843 29.2121
    endloop
  endfacet
  facet normal 0.218988 0 -0.975728
    outer loop
      vertex -0.638921 -58.8 29.2121
      vertex -0.795759 -59.9805 29.1769
      vertex -0.795759 -58.8 29.1769
    endloop
  endfacet
  facet normal -0.266869 0 0.963733
    outer loop
      vertex 0.795759 -58.8 22.8231
      vertex 0.950682 -59.9767 22.866
      vertex 0.950682 -58.8 22.866
    endloop
  endfacet
  facet normal -0.266869 0 0.963733
    outer loop
      vertex 0.950682 -59.9767 22.866
      vertex 0.795759 -58.8 22.8231
      vertex 0.795759 -59.9805 22.8231
    endloop
  endfacet
  facet normal -0.75741 0 -0.65294
    outer loop
      vertex 2.53161 -59.9379 28.0776
      vertex 2.42661 -58.8 28.1994
      vertex 2.53161 -58.8 28.0776
    endloop
  endfacet
  facet normal -0.75741 -0 -0.65294
    outer loop
      vertex 2.42661 -58.8 28.1994
      vertex 2.53161 -59.9379 28.0776
      vertex 2.42661 -59.9404 28.1994
    endloop
  endfacet
  facet normal 0.933017 -0 0.359833
    outer loop
      vertex -3.08356 -59.9174 24.8967
      vertex -3.02571 -58.8 24.7467
      vertex -3.08356 -58.8 24.8967
    endloop
  endfacet
  facet normal 0.933017 0 0.359833
    outer loop
      vertex -3.02571 -58.8 24.7467
      vertex -3.08356 -59.9174 24.8967
      vertex -3.02571 -59.9217 24.7467
    endloop
  endfacet
  facet normal 0.870147 0 -0.492793
    outer loop
      vertex -2.80906 -58.8 27.6837
      vertex -2.88829 -59.9291 27.5438
      vertex -2.88829 -58.8 27.5438
    endloop
  endfacet
  facet normal 0.870147 0 -0.492793
    outer loop
      vertex -2.88829 -59.9291 27.5438
      vertex -2.80906 -58.8 27.6837
      vertex -2.80906 -59.931 27.6837
    endloop
  endfacet
  facet normal 0.653186 0 -0.757198
    outer loop
      vertex -2.19936 -59.946 28.4266
      vertex -2.07764 -58.8 28.5316
      vertex -2.07764 -59.949 28.5316
    endloop
  endfacet
  facet normal 0.653186 0 -0.757198
    outer loop
      vertex -2.07764 -58.8 28.5316
      vertex -2.19936 -59.946 28.4266
      vertex -2.19936 -58.8 28.4266
    endloop
  endfacet
  facet normal -0.949514 0 -0.313725
    outer loop
      vertex 3.13398 -59.9137 26.9507
      vertex 3.08356 -58.8 27.1033
      vertex 3.13398 -58.8 26.9507
    endloop
  endfacet
  facet normal -0.949514 -0 -0.313725
    outer loop
      vertex 3.08356 -58.8 27.1033
      vertex 3.13398 -59.9137 26.9507
      vertex 3.08356 -59.9174 27.1033
    endloop
  endfacet
  facet normal -0.0242623 -0 -0.999706
    outer loop
      vertex 0 -58.8 29.275
      vertex 0.160696 -59.9961 29.2711
      vertex 0 -60 29.275
    endloop
  endfacet
  facet normal -0.0242623 0 -0.999706
    outer loop
      vertex 0.160696 -59.9961 29.2711
      vertex 0 -58.8 29.275
      vertex 0.160696 -58.8 29.2711
    endloop
  endfacet
  facet normal 0.75741 -0 0.65294
    outer loop
      vertex -2.53161 -59.9379 23.9224
      vertex -2.42661 -58.8 23.8006
      vertex -2.53161 -58.8 23.9224
    endloop
  endfacet
  facet normal 0.75741 0 0.65294
    outer loop
      vertex -2.42661 -58.8 23.8006
      vertex -2.53161 -59.9379 23.9224
      vertex -2.42661 -59.9404 23.8006
    endloop
  endfacet
  facet normal -0.75741 0 0.65294
    outer loop
      vertex 2.42661 -58.8 23.8006
      vertex 2.53161 -59.9379 23.9224
      vertex 2.53161 -58.8 23.9224
    endloop
  endfacet
  facet normal -0.75741 0 0.65294
    outer loop
      vertex 2.53161 -59.9379 23.9224
      vertex 2.42661 -58.8 23.8006
      vertex 2.42661 -59.9404 23.8006
    endloop
  endfacet
  facet normal 0.313561 0 -0.949568
    outer loop
      vertex -1.10331 -59.9729 29.0836
      vertex -0.950682 -58.8 29.134
      vertex -0.950682 -59.9767 29.134
    endloop
  endfacet
  facet normal 0.313561 0 -0.949568
    outer loop
      vertex -0.950682 -58.8 29.134
      vertex -1.10331 -59.9729 29.0836
      vertex -1.10331 -58.8 29.0836
    endloop
  endfacet
  facet normal -0.97572 0 0.219024
    outer loop
      vertex 3.17685 -58.8 25.2042
      vertex 3.21207 -59.908 25.3611
      vertex 3.21207 -58.8 25.3611
    endloop
  endfacet
  facet normal -0.97572 0 0.219024
    outer loop
      vertex 3.21207 -59.908 25.3611
      vertex 3.17685 -58.8 25.2042
      vertex 3.17685 -59.9106 25.2042
    endloop
  endfacet
  facet normal -0.405041 0 0.914298
    outer loop
      vertex 1.25329 -58.8 22.9743
      vertex 1.40024 -59.9656 23.0394
      vertex 1.40024 -58.8 23.0394
    endloop
  endfacet
  facet normal -0.405041 0 0.914298
    outer loop
      vertex 1.40024 -59.9656 23.0394
      vertex 1.25329 -58.8 22.9743
      vertex 1.25329 -59.9692 22.9743
    endloop
  endfacet
  facet normal -0.575989 -0 -0.817457
    outer loop
      vertex 1.81949 -58.8 28.7231
      vertex 1.95091 -59.9521 28.6305
      vertex 1.81949 -59.9553 28.7231
    endloop
  endfacet
  facet normal -0.575989 0 -0.817457
    outer loop
      vertex 1.95091 -59.9521 28.6305
      vertex 1.81949 -58.8 28.7231
      vertex 1.95091 -58.8 28.6305
    endloop
  endfacet
  facet normal 0.844838 0 -0.535022
    outer loop
      vertex -2.72306 -58.8 27.8195
      vertex -2.80906 -59.931 27.6837
      vertex -2.80906 -58.8 27.6837
    endloop
  endfacet
  facet normal 0.844838 0 -0.535022
    outer loop
      vertex -2.80906 -59.931 27.6837
      vertex -2.72306 -58.8 27.8195
      vertex -2.72306 -59.9332 27.8195
    endloop
  endfacet
  facet normal 0.535022 0 -0.844838
    outer loop
      vertex -1.81949 -59.9553 28.7231
      vertex -1.68369 -58.8 28.8091
      vertex -1.68369 -59.9587 28.8091
    endloop
  endfacet
  facet normal 0.535022 0 -0.844838
    outer loop
      vertex -1.68369 -58.8 28.8091
      vertex -1.81949 -59.9553 28.7231
      vertex -1.81949 -58.8 28.7231
    endloop
  endfacet
  facet normal 0.535022 -0 0.844838
    outer loop
      vertex -1.81949 -59.9553 23.2769
      vertex -1.68369 -58.8 23.1909
      vertex -1.81949 -58.8 23.2769
    endloop
  endfacet
  facet normal 0.535022 0 0.844838
    outer loop
      vertex -1.68369 -58.8 23.1909
      vertex -1.81949 -59.9553 23.2769
      vertex -1.68369 -59.9587 23.1909
    endloop
  endfacet
  facet normal 0.870147 -0 0.492793
    outer loop
      vertex -2.88829 -59.9291 24.4562
      vertex -2.80906 -58.8 24.3163
      vertex -2.88829 -58.8 24.4562
    endloop
  endfacet
  facet normal 0.870147 0 0.492793
    outer loop
      vertex -2.80906 -58.8 24.3163
      vertex -2.88829 -59.9291 24.4562
      vertex -2.80906 -59.931 24.3163
    endloop
  endfacet
  facet normal -0.535022 -0 -0.844838
    outer loop
      vertex 1.68369 -58.8 28.8091
      vertex 1.81949 -59.9553 28.7231
      vertex 1.68369 -59.9587 28.8091
    endloop
  endfacet
  facet normal -0.535022 0 -0.844838
    outer loop
      vertex 1.81949 -59.9553 28.7231
      vertex 1.68369 -58.8 28.8091
      vertex 1.81949 -58.8 28.7231
    endloop
  endfacet
  facet normal -0.992474 0 0.122457
    outer loop
      vertex 3.23955 -58.8 25.5195
      vertex 3.25923 -59.9045 25.679
      vertex 3.25923 -58.8 25.679
    endloop
  endfacet
  facet normal -0.992474 0 0.122457
    outer loop
      vertex 3.25923 -59.9045 25.679
      vertex 3.23955 -58.8 25.5195
      vertex 3.23955 -59.9059 25.5195
    endloop
  endfacet
  facet normal -0.313561 -0 -0.949568
    outer loop
      vertex 0.950682 -58.8 29.134
      vertex 1.10331 -59.9729 29.0836
      vertex 0.950682 -59.9767 29.134
    endloop
  endfacet
  facet normal -0.313561 0 -0.949568
    outer loop
      vertex 1.10331 -59.9729 29.0836
      vertex 0.950682 -58.8 29.134
      vertex 1.10331 -58.8 29.0836
    endloop
  endfacet
  facet normal 0.949514 -0 0.313725
    outer loop
      vertex -3.13398 -59.9137 25.0493
      vertex -3.08356 -58.8 24.8967
      vertex -3.13398 -58.8 25.0493
    endloop
  endfacet
  facet normal 0.949514 0 0.313725
    outer loop
      vertex -3.08356 -58.8 24.8967
      vertex -3.13398 -59.9137 25.0493
      vertex -3.08356 -59.9174 24.8967
    endloop
  endfacet
  facet normal 0.171074 0 -0.985258
    outer loop
      vertex -0.638921 -59.9843 29.2121
      vertex -0.480542 -58.8 29.2396
      vertex -0.480542 -59.9882 29.2396
    endloop
  endfacet
  facet normal 0.171074 0 -0.985258
    outer loop
      vertex -0.480542 -58.8 29.2396
      vertex -0.638921 -59.9843 29.2121
      vertex -0.638921 -58.8 29.2121
    endloop
  endfacet
  facet normal 0.893335 0 0.449391
    outer loop
      vertex -2.94406 -59.9277 24.567
      vertex -2.96056 -58.8 24.5998
      vertex -2.96056 -59.9265 24.5998
    endloop
  endfacet
  facet normal 0.893255 -5.82494e-06 0.449551
    outer loop
      vertex -2.96056 -58.8 24.5998
      vertex -2.94406 -59.9277 24.567
      vertex -2.88829 -58.8 24.4562
    endloop
  endfacet
  facet normal 0.893231 0 0.449598
    outer loop
      vertex -2.88829 -58.8 24.4562
      vertex -2.94406 -59.9277 24.567
      vertex -2.88829 -59.9291 24.4562
    endloop
  endfacet
  facet normal -0.870147 0 -0.492793
    outer loop
      vertex 2.88829 -59.9291 27.5438
      vertex 2.80906 -58.8 27.6837
      vertex 2.88829 -58.8 27.5438
    endloop
  endfacet
  facet normal -0.870147 -0 -0.492793
    outer loop
      vertex 2.80906 -58.8 27.6837
      vertex 2.88829 -59.9291 27.5438
      vertex 2.80906 -59.931 27.6837
    endloop
  endfacet
  facet normal 0.44975 0 -0.893155
    outer loop
      vertex -1.54382 -59.9621 28.8883
      vertex -1.40024 -58.8 28.9606
      vertex -1.40024 -59.9656 28.9606
    endloop
  endfacet
  facet normal 0.44975 0 -0.893155
    outer loop
      vertex -1.40024 -58.8 28.9606
      vertex -1.54382 -59.9621 28.8883
      vertex -1.54382 -58.8 28.8883
    endloop
  endfacet
  facet normal 0.985283 -0 0.170932
    outer loop
      vertex -3.23955 -59.9059 25.5195
      vertex -3.21207 -58.8 25.3611
      vertex -3.23955 -58.8 25.5195
    endloop
  endfacet
  facet normal 0.985283 0 0.170932
    outer loop
      vertex -3.21207 -58.8 25.3611
      vertex -3.23955 -59.9059 25.5195
      vertex -3.21207 -59.908 25.3611
    endloop
  endfacet
  facet normal 0.788309 0 -0.615279
    outer loop
      vertex -2.53161 -58.8 28.0776
      vertex -2.6305 -59.9354 27.9509
      vertex -2.6305 -58.8 27.9509
    endloop
  endfacet
  facet normal 0.788309 0 -0.615279
    outer loop
      vertex -2.6305 -59.9354 27.9509
      vertex -2.53161 -58.8 28.0776
      vertex -2.53161 -59.9379 28.0776
    endloop
  endfacet
  facet normal 0.788309 -0 0.615279
    outer loop
      vertex -2.6305 -59.9354 24.0491
      vertex -2.53161 -58.8 23.9224
      vertex -2.6305 -58.8 24.0491
    endloop
  endfacet
  facet normal 0.788309 0 0.615279
    outer loop
      vertex -2.53161 -58.8 23.9224
      vertex -2.6305 -59.9354 24.0491
      vertex -2.53161 -59.9379 23.9224
    endloop
  endfacet
  facet normal 0.405041 0 -0.914298
    outer loop
      vertex -1.40024 -59.9656 28.9606
      vertex -1.25329 -58.8 29.0257
      vertex -1.25329 -59.9692 29.0257
    endloop
  endfacet
  facet normal 0.405041 0 -0.914298
    outer loop
      vertex -1.25329 -58.8 29.0257
      vertex -1.40024 -59.9656 28.9606
      vertex -1.40024 -58.8 28.9606
    endloop
  endfacet
  facet normal -0.653186 0 0.757198
    outer loop
      vertex 2.07764 -58.8 23.4684
      vertex 2.19936 -59.946 23.5734
      vertex 2.19936 -58.8 23.5734
    endloop
  endfacet
  facet normal -0.653186 0 0.757198
    outer loop
      vertex 2.19936 -59.946 23.5734
      vertex 2.07764 -58.8 23.4684
      vertex 2.07764 -59.949 23.4684
    endloop
  endfacet
  facet normal -0.893335 0 -0.449391
    outer loop
      vertex 2.94406 -59.9277 27.433
      vertex 2.96056 -58.8 27.4002
      vertex 2.96056 -59.9265 27.4002
    endloop
  endfacet
  facet normal -0.893255 -5.82494e-06 -0.449551
    outer loop
      vertex 2.96056 -58.8 27.4002
      vertex 2.94406 -59.9277 27.433
      vertex 2.88829 -58.8 27.5438
    endloop
  endfacet
  facet normal -0.893231 -0 -0.449598
    outer loop
      vertex 2.88829 -58.8 27.5438
      vertex 2.94406 -59.9277 27.433
      vertex 2.88829 -59.9291 27.5438
    endloop
  endfacet
  facet normal -0.893255 -5.82494e-06 0.449551
    outer loop
      vertex 2.94406 -59.9277 24.567
      vertex 2.96056 -58.8 24.5998
      vertex 2.88829 -58.8 24.4562
    endloop
  endfacet
  facet normal -0.893335 0 0.449391
    outer loop
      vertex 2.96056 -58.8 24.5998
      vertex 2.94406 -59.9277 24.567
      vertex 2.96056 -59.9265 24.5998
    endloop
  endfacet
  facet normal -0.893231 0 0.449598
    outer loop
      vertex 2.94406 -59.9277 24.567
      vertex 2.88829 -58.8 24.4562
      vertex 2.88829 -59.9291 24.4562
    endloop
  endfacet
  facet normal -0.999698 0 0.0245725
    outer loop
      vertex 3.27105 -58.8 25.8393
      vertex 3.275 -59.9033 26
      vertex 3.275 -58.8 26
    endloop
  endfacet
  facet normal -0.999698 0 0.0245725
    outer loop
      vertex 3.275 -59.9033 26
      vertex 3.27105 -58.8 25.8393
      vertex 3.27105 -59.9036 25.8393
    endloop
  endfacet
  facet normal 0.949514 0 -0.313725
    outer loop
      vertex -3.08356 -58.8 27.1033
      vertex -3.13398 -59.9137 26.9507
      vertex -3.13398 -58.8 26.9507
    endloop
  endfacet
  facet normal 0.949514 0 -0.313725
    outer loop
      vertex -3.13398 -59.9137 26.9507
      vertex -3.08356 -58.8 27.1033
      vertex -3.08356 -59.9174 27.1033
    endloop
  endfacet
  facet normal 0.575989 0 -0.817457
    outer loop
      vertex -1.95091 -59.9521 28.6305
      vertex -1.81949 -58.8 28.7231
      vertex -1.81949 -59.9553 28.7231
    endloop
  endfacet
  facet normal 0.575989 0 -0.817457
    outer loop
      vertex -1.81949 -58.8 28.7231
      vertex -1.95091 -59.9521 28.6305
      vertex -1.95091 -58.8 28.6305
    endloop
  endfacet
  facet normal -0.615227 -0 -0.78835
    outer loop
      vertex 1.95091 -58.8 28.6305
      vertex 2.07764 -59.949 28.5316
      vertex 1.95091 -59.9521 28.6305
    endloop
  endfacet
  facet normal -0.615227 0 -0.78835
    outer loop
      vertex 2.07764 -59.949 28.5316
      vertex 1.95091 -58.8 28.6305
      vertex 2.07764 -58.8 28.5316
    endloop
  endfacet
  facet normal -0.218988 -0 -0.975728
    outer loop
      vertex 0.638921 -58.8 29.2121
      vertex 0.795759 -59.9805 29.1769
      vertex 0.638921 -59.9843 29.2121
    endloop
  endfacet
  facet normal -0.218988 0 -0.975728
    outer loop
      vertex 0.795759 -59.9805 29.1769
      vertex 0.638921 -58.8 29.2121
      vertex 0.795759 -58.8 29.1769
    endloop
  endfacet
  facet normal -0.0740275 -0 -0.997256
    outer loop
      vertex 0.160696 -58.8 29.2711
      vertex 0.321006 -59.9921 29.2592
      vertex 0.160696 -59.9961 29.2711
    endloop
  endfacet
  facet normal -0.0740275 0 -0.997256
    outer loop
      vertex 0.321006 -59.9921 29.2592
      vertex 0.160696 -58.8 29.2711
      vertex 0.321006 -58.8 29.2592
    endloop
  endfacet
  facet normal -0.171074 -0 -0.985258
    outer loop
      vertex 0.480542 -58.8 29.2396
      vertex 0.638921 -59.9843 29.2121
      vertex 0.480542 -59.9882 29.2396
    endloop
  endfacet
  facet normal -0.171074 0 -0.985258
    outer loop
      vertex 0.638921 -59.9843 29.2121
      vertex 0.480542 -58.8 29.2396
      vertex 0.638921 -58.8 29.2121
    endloop
  endfacet
  facet normal -0.963771 0 -0.266732
    outer loop
      vertex 3.17685 -59.9106 26.7958
      vertex 3.13398 -58.8 26.9507
      vertex 3.17685 -58.8 26.7958
    endloop
  endfacet
  facet normal -0.963771 -0 -0.266732
    outer loop
      vertex 3.13398 -58.8 26.9507
      vertex 3.17685 -59.9106 26.7958
      vertex 3.13398 -59.9137 26.9507
    endloop
  endfacet
  facet normal 0.615227 0 -0.78835
    outer loop
      vertex -2.07764 -59.949 28.5316
      vertex -1.95091 -58.8 28.6305
      vertex -1.95091 -59.9521 28.6305
    endloop
  endfacet
  facet normal 0.615227 0 -0.78835
    outer loop
      vertex -1.95091 -58.8 28.6305
      vertex -2.07764 -59.949 28.5316
      vertex -2.07764 -58.8 28.5316
    endloop
  endfacet
  facet normal -0.405041 -0 -0.914298
    outer loop
      vertex 1.25329 -58.8 29.0257
      vertex 1.40024 -59.9656 28.9606
      vertex 1.25329 -59.9692 29.0257
    endloop
  endfacet
  facet normal -0.405041 0 -0.914298
    outer loop
      vertex 1.40024 -59.9656 28.9606
      vertex 1.25329 -58.8 29.0257
      vertex 1.40024 -58.8 28.9606
    endloop
  endfacet
  facet normal -0.949514 0 0.313725
    outer loop
      vertex 3.08356 -58.8 24.8967
      vertex 3.13398 -59.9137 25.0493
      vertex 3.13398 -58.8 25.0493
    endloop
  endfacet
  facet normal -0.949514 0 0.313725
    outer loop
      vertex 3.13398 -59.9137 25.0493
      vertex 3.08356 -58.8 24.8967
      vertex 3.08356 -59.9174 24.8967
    endloop
  endfacet
  facet normal 0.724191 -0 0.689599
    outer loop
      vertex -2.42661 -59.9404 23.8006
      vertex -2.31577 -58.8 23.6842
      vertex -2.42661 -58.8 23.8006
    endloop
  endfacet
  facet normal 0.724191 0 0.689599
    outer loop
      vertex -2.31577 -58.8 23.6842
      vertex -2.42661 -59.9404 23.8006
      vertex -2.31577 -59.9431 23.6842
    endloop
  endfacet
  facet normal 0.266869 0 -0.963733
    outer loop
      vertex -0.950682 -59.9767 29.134
      vertex -0.795759 -58.8 29.1769
      vertex -0.795759 -59.9805 29.1769
    endloop
  endfacet
  facet normal 0.266869 0 -0.963733
    outer loop
      vertex -0.795759 -58.8 29.1769
      vertex -0.950682 -59.9767 29.134
      vertex -0.950682 -58.8 29.134
    endloop
  endfacet
  facet normal 0.360146 -0 0.932896
    outer loop
      vertex -1.25329 -59.9692 22.9743
      vertex -1.10331 -58.8 22.9164
      vertex -1.25329 -58.8 22.9743
    endloop
  endfacet
  facet normal 0.360146 0 0.932896
    outer loop
      vertex -1.10331 -58.8 22.9164
      vertex -1.25329 -59.9692 22.9743
      vertex -1.10331 -59.9729 22.9164
    endloop
  endfacet
  facet normal 0 -1 0
    outer loop
      vertex 0 -58.8 27.675
      vertex 0 -58.8 29.275
      vertex -0.160696 -58.8 29.2711
    endloop
  endfacet
  facet normal 0 -1 0
    outer loop
      vertex -0.0821877 -58.8 27.673
      vertex -0.160696 -58.8 29.2711
      vertex -0.321006 -58.8 29.2592
    endloop
  endfacet
  facet normal 0 -1 0
    outer loop
      vertex 0 -58.8 29.275
      vertex 0 -58.8 27.675
      vertex 0.160696 -58.8 29.2711
    endloop
  endfacet
  facet normal 0 -1 0
    outer loop
      vertex -0.164178 -58.8 27.6669
      vertex -0.321006 -58.8 29.2592
      vertex -0.480542 -58.8 29.2396
    endloop
  endfacet
  facet normal 0 -1 0
    outer loop
      vertex 0.0821877 -58.8 27.673
      vertex 0.160696 -58.8 29.2711
      vertex 0 -58.8 27.675
    endloop
  endfacet
  facet normal 0 -1 0
    outer loop
      vertex -0.245773 -58.8 27.6569
      vertex -0.480542 -58.8 29.2396
      vertex -0.638921 -58.8 29.2121
    endloop
  endfacet
  facet normal 0 -1 -0
    outer loop
      vertex 0.160696 -58.8 29.2711
      vertex 0.0821877 -58.8 27.673
      vertex 0.321006 -58.8 29.2592
    endloop
  endfacet
  facet normal 0 -1 0
    outer loop
      vertex -0.326776 -58.8 27.6428
      vertex -0.638921 -58.8 29.2121
      vertex -0.795759 -58.8 29.1769
    endloop
  endfacet
  facet normal 0 -1 0
    outer loop
      vertex 0.164178 -58.8 27.6669
      vertex 0.321006 -58.8 29.2592
      vertex 0.0821877 -58.8 27.673
    endloop
  endfacet
  facet normal 0 -1 0
    outer loop
      vertex -0.406991 -58.8 27.6248
      vertex -0.795759 -58.8 29.1769
      vertex -0.950682 -58.8 29.134
    endloop
  endfacet
  facet normal 0 -1 -0
    outer loop
      vertex 0.321006 -58.8 29.2592
      vertex 0.164178 -58.8 27.6669
      vertex 0.480542 -58.8 29.2396
    endloop
  endfacet
  facet normal 0 -1 0
    outer loop
      vertex -0.486226 -58.8 27.6029
      vertex -0.950682 -58.8 29.134
      vertex -1.10331 -58.8 29.0836
    endloop
  endfacet
  facet normal 0 -1 0
    outer loop
      vertex 0.245773 -58.8 27.6569
      vertex 0.480542 -58.8 29.2396
      vertex 0.164178 -58.8 27.6669
    endloop
  endfacet
  facet normal 0 -1 0
    outer loop
      vertex -0.56429 -58.8 27.5771
      vertex -1.10331 -58.8 29.0836
      vertex -1.25329 -58.8 29.0257
    endloop
  endfacet
  facet normal 0 -1 -0
    outer loop
      vertex 0.480542 -58.8 29.2396
      vertex 0.245773 -58.8 27.6569
      vertex 0.638921 -58.8 29.2121
    endloop
  endfacet
  facet normal 0 -1 0
    outer loop
      vertex -0.640994 -58.8 27.5475
      vertex -1.25329 -58.8 29.0257
      vertex -1.40024 -58.8 28.9606
    endloop
  endfacet
  facet normal 0 -1 0
    outer loop
      vertex 0.326776 -58.8 27.6428
      vertex 0.638921 -58.8 29.2121
      vertex 0.245773 -58.8 27.6569
    endloop
  endfacet
  facet normal 0 -1 0
    outer loop
      vertex -0.716154 -58.8 27.5142
      vertex -1.40024 -58.8 28.9606
      vertex -1.54382 -58.8 28.8883
    endloop
  endfacet
  facet normal 0 -1 -0
    outer loop
      vertex 0.638921 -58.8 29.2121
      vertex 0.326776 -58.8 27.6428
      vertex 0.795759 -58.8 29.1769
    endloop
  endfacet
  facet normal 0 -1 0
    outer loop
      vertex -0.789589 -58.8 27.4772
      vertex -1.54382 -58.8 28.8883
      vertex -1.68369 -58.8 28.8091
    endloop
  endfacet
  facet normal 0 -1 0
    outer loop
      vertex 0.406991 -58.8 27.6248
      vertex 0.795759 -58.8 29.1769
      vertex 0.326776 -58.8 27.6428
    endloop
  endfacet
  facet normal 0 -1 0
    outer loop
      vertex -0.861121 -58.8 27.4367
      vertex -1.68369 -58.8 28.8091
      vertex -1.81949 -58.8 28.7231
    endloop
  endfacet
  facet normal 0 -1 -0
    outer loop
      vertex 0.795759 -58.8 29.1769
      vertex 0.406991 -58.8 27.6248
      vertex 0.950682 -58.8 29.134
    endloop
  endfacet
  facet normal 0 -1 0
    outer loop
      vertex -0.93058 -58.8 27.3927
      vertex -1.81949 -58.8 28.7231
      vertex -1.95091 -58.8 28.6305
    endloop
  endfacet
  facet normal 0 -1 0
    outer loop
      vertex 0.486226 -58.8 27.6029
      vertex 0.950682 -58.8 29.134
      vertex 0.406991 -58.8 27.6248
    endloop
  endfacet
  facet normal 0 -1 0
    outer loop
      vertex -0.997796 -58.8 27.3454
      vertex -1.95091 -58.8 28.6305
      vertex -2.07764 -58.8 28.5316
    endloop
  endfacet
  facet normal 0 -1 -0
    outer loop
      vertex 0.950682 -58.8 29.134
      vertex 0.486226 -58.8 27.6029
      vertex 1.10331 -58.8 29.0836
    endloop
  endfacet
  facet normal 0 -1 0
    outer loop
      vertex -1.06261 -58.8 27.2948
      vertex -2.07764 -58.8 28.5316
      vertex -2.19936 -58.8 28.4266
    endloop
  endfacet
  facet normal 0 -1 0
    outer loop
      vertex 0.56429 -58.8 27.5771
      vertex 1.10331 -58.8 29.0836
      vertex 0.486226 -58.8 27.6029
    endloop
  endfacet
  facet normal 0 -1 0
    outer loop
      vertex -1.12486 -58.8 27.2411
      vertex -2.19936 -58.8 28.4266
      vertex -2.31577 -58.8 28.3158
    endloop
  endfacet
  facet normal 0 -1 -0
    outer loop
      vertex 1.10331 -58.8 29.0836
      vertex 0.56429 -58.8 27.5771
      vertex 1.25329 -58.8 29.0257
    endloop
  endfacet
  facet normal 0 -1 0
    outer loop
      vertex -1.1844 -58.8 27.1844
      vertex -2.31577 -58.8 28.3158
      vertex -2.42661 -58.8 28.1994
    endloop
  endfacet
  facet normal 0 -1 0
    outer loop
      vertex 0.640994 -58.8 27.5475
      vertex 1.25329 -58.8 29.0257
      vertex 0.56429 -58.8 27.5771
    endloop
  endfacet
  facet normal 0 -1 0
    outer loop
      vertex -1.24109 -58.8 27.1249
      vertex -2.42661 -58.8 28.1994
      vertex -2.53161 -58.8 28.0776
    endloop
  endfacet
  facet normal 0 -1 -0
    outer loop
      vertex 1.25329 -58.8 29.0257
      vertex 0.640994 -58.8 27.5475
      vertex 1.40024 -58.8 28.9606
    endloop
  endfacet
  facet normal 0 -1 0
    outer loop
      vertex -1.29479 -58.8 27.0626
      vertex -2.53161 -58.8 28.0776
      vertex -2.6305 -58.8 27.9509
    endloop
  endfacet
  facet normal 0 -1 0
    outer loop
      vertex 0.716154 -58.8 27.5142
      vertex 1.40024 -58.8 28.9606
      vertex 0.640994 -58.8 27.5475
    endloop
  endfacet
  facet normal 0 -1 0
    outer loop
      vertex -1.34537 -58.8 26.9978
      vertex -2.6305 -58.8 27.9509
      vertex -2.72306 -58.8 27.8195
    endloop
  endfacet
  facet normal 0 -1 -0
    outer loop
      vertex 1.40024 -58.8 28.9606
      vertex 0.716154 -58.8 27.5142
      vertex 1.54382 -58.8 28.8883
    endloop
  endfacet
  facet normal 0 -1 0
    outer loop
      vertex -1.39271 -58.8 26.9306
      vertex -2.72306 -58.8 27.8195
      vertex -2.80906 -58.8 27.6837
    endloop
  endfacet
  facet normal 0 -1 0
    outer loop
      vertex 0.789589 -58.8 27.4772
      vertex 1.54382 -58.8 28.8883
      vertex 0.716154 -58.8 27.5142
    endloop
  endfacet
  facet normal 0 -1 -0
    outer loop
      vertex 1.54382 -58.8 28.8883
      vertex 0.789589 -58.8 27.4772
      vertex 1.68369 -58.8 28.8091
    endloop
  endfacet
  facet normal 0 -1 0
    outer loop
      vertex -0.160696 -58.8 29.2711
      vertex -0.0821877 -58.8 27.673
      vertex 0 -58.8 27.675
    endloop
  endfacet
  facet normal 0 -1 0
    outer loop
      vertex -0.321006 -58.8 29.2592
      vertex -0.164178 -58.8 27.6669
      vertex -0.0821877 -58.8 27.673
    endloop
  endfacet
  facet normal 0 -1 0
    outer loop
      vertex -0.480542 -58.8 29.2396
      vertex -0.245773 -58.8 27.6569
      vertex -0.164178 -58.8 27.6669
    endloop
  endfacet
  facet normal 0 -1 0
    outer loop
      vertex -0.638921 -58.8 29.2121
      vertex -0.326776 -58.8 27.6428
      vertex -0.245773 -58.8 27.6569
    endloop
  endfacet
  facet normal 0 -1 0
    outer loop
      vertex -0.795759 -58.8 29.1769
      vertex -0.406991 -58.8 27.6248
      vertex -0.326776 -58.8 27.6428
    endloop
  endfacet
  facet normal 0 -1 0
    outer loop
      vertex -0.950682 -58.8 29.134
      vertex -0.486226 -58.8 27.6029
      vertex -0.406991 -58.8 27.6248
    endloop
  endfacet
  facet normal 0 -1 0
    outer loop
      vertex -1.10331 -58.8 29.0836
      vertex -0.56429 -58.8 27.5771
      vertex -0.486226 -58.8 27.6029
    endloop
  endfacet
  facet normal 0 -1 0
    outer loop
      vertex -1.25329 -58.8 29.0257
      vertex -0.640994 -58.8 27.5475
      vertex -0.56429 -58.8 27.5771
    endloop
  endfacet
  facet normal 0 -1 0
    outer loop
      vertex -1.4367 -58.8 26.8611
      vertex -2.80906 -58.8 27.6837
      vertex -2.88829 -58.8 27.5438
    endloop
  endfacet
  facet normal 0 -1 0
    outer loop
      vertex -1.40024 -58.8 28.9606
      vertex -0.716154 -58.8 27.5142
      vertex -0.640994 -58.8 27.5475
    endloop
  endfacet
  facet normal 0 -1 0
    outer loop
      vertex -1.54382 -58.8 28.8883
      vertex -0.789589 -58.8 27.4772
      vertex -0.716154 -58.8 27.5142
    endloop
  endfacet
  facet normal 0 -1 0
    outer loop
      vertex -1.68369 -58.8 28.8091
      vertex -0.861121 -58.8 27.4367
      vertex -0.789589 -58.8 27.4772
    endloop
  endfacet
  facet normal 0 -1 0
    outer loop
      vertex -1.47722 -58.8 26.7896
      vertex -2.88829 -58.8 27.5438
      vertex -2.96056 -58.8 27.4002
    endloop
  endfacet
  facet normal 0 -1 0
    outer loop
      vertex -1.81949 -58.8 28.7231
      vertex -0.93058 -58.8 27.3927
      vertex -0.861121 -58.8 27.4367
    endloop
  endfacet
  facet normal 0 -1 0
    outer loop
      vertex -1.95091 -58.8 28.6305
      vertex -0.997796 -58.8 27.3454
      vertex -0.93058 -58.8 27.3927
    endloop
  endfacet
  facet normal 0 -1 0
    outer loop
      vertex -2.07764 -58.8 28.5316
      vertex -1.06261 -58.8 27.2948
      vertex -0.997796 -58.8 27.3454
    endloop
  endfacet
  facet normal 0 -1 0
    outer loop
      vertex -1.51418 -58.8 26.7162
      vertex -2.96056 -58.8 27.4002
      vertex -3.02571 -58.8 27.2533
    endloop
  endfacet
  facet normal 0 -1 0
    outer loop
      vertex -2.19936 -58.8 28.4266
      vertex -1.12486 -58.8 27.2411
      vertex -1.06261 -58.8 27.2948
    endloop
  endfacet
  facet normal 0 -1 0
    outer loop
      vertex -2.31577 -58.8 28.3158
      vertex -1.1844 -58.8 27.1844
      vertex -1.12486 -58.8 27.2411
    endloop
  endfacet
  facet normal 0 -1 0
    outer loop
      vertex -2.42661 -58.8 28.1994
      vertex -1.24109 -58.8 27.1249
      vertex -1.1844 -58.8 27.1844
    endloop
  endfacet
  facet normal 0 -1 0
    outer loop
      vertex -1.5475 -58.8 26.641
      vertex -3.02571 -58.8 27.2533
      vertex -3.08356 -58.8 27.1033
    endloop
  endfacet
  facet normal 0 -1 0
    outer loop
      vertex -2.53161 -58.8 28.0776
      vertex -1.29479 -58.8 27.0626
      vertex -1.24109 -58.8 27.1249
    endloop
  endfacet
  facet normal 0 -1 0
    outer loop
      vertex -2.6305 -58.8 27.9509
      vertex -1.34537 -58.8 26.9978
      vertex -1.29479 -58.8 27.0626
    endloop
  endfacet
  facet normal 0 -1 0
    outer loop
      vertex -1.57709 -58.8 26.5643
      vertex -3.08356 -58.8 27.1033
      vertex -3.13398 -58.8 26.9507
    endloop
  endfacet
  facet normal 0 -1 0
    outer loop
      vertex -2.72306 -58.8 27.8195
      vertex -1.39271 -58.8 26.9306
      vertex -1.34537 -58.8 26.9978
    endloop
  endfacet
  facet normal 0 -1 0
    outer loop
      vertex -2.80906 -58.8 27.6837
      vertex -1.4367 -58.8 26.8611
      vertex -1.39271 -58.8 26.9306
    endloop
  endfacet
  facet normal 0 -1 0
    outer loop
      vertex -1.60287 -58.8 26.4862
      vertex -3.13398 -58.8 26.9507
      vertex -3.17685 -58.8 26.7958
    endloop
  endfacet
  facet normal 0 -1 0
    outer loop
      vertex -2.88829 -58.8 27.5438
      vertex -1.47722 -58.8 26.7896
      vertex -1.4367 -58.8 26.8611
    endloop
  endfacet
  facet normal 0 -1 0
    outer loop
      vertex -2.96056 -58.8 27.4002
      vertex -1.51418 -58.8 26.7162
      vertex -1.47722 -58.8 26.7896
    endloop
  endfacet
  facet normal 0 -1 0
    outer loop
      vertex -3.02571 -58.8 27.2533
      vertex -1.5475 -58.8 26.641
      vertex -1.51418 -58.8 26.7162
    endloop
  endfacet
  facet normal 0 -1 0
    outer loop
      vertex -1.6248 -58.8 26.407
      vertex -3.17685 -58.8 26.7958
      vertex -3.21207 -58.8 26.6389
    endloop
  endfacet
  facet normal 0 -1 0
    outer loop
      vertex -3.08356 -58.8 27.1033
      vertex -1.57709 -58.8 26.5643
      vertex -1.5475 -58.8 26.641
    endloop
  endfacet
  facet normal 0 -1 0
    outer loop
      vertex -3.13398 -58.8 26.9507
      vertex -1.60287 -58.8 26.4862
      vertex -1.57709 -58.8 26.5643
    endloop
  endfacet
  facet normal 0 -1 0
    outer loop
      vertex -1.64281 -58.8 26.3268
      vertex -3.21207 -58.8 26.6389
      vertex -3.23955 -58.8 26.4805
    endloop
  endfacet
  facet normal 0 -1 0
    outer loop
      vertex -3.17685 -58.8 26.7958
      vertex -1.6248 -58.8 26.407
      vertex -1.60287 -58.8 26.4862
    endloop
  endfacet
  facet normal 0 -1 0
    outer loop
      vertex -3.21207 -58.8 26.6389
      vertex -1.64281 -58.8 26.3268
      vertex -1.6248 -58.8 26.407
    endloop
  endfacet
  facet normal 0 -1 0
    outer loop
      vertex -1.65687 -58.8 26.2458
      vertex -3.23955 -58.8 26.4805
      vertex -3.25923 -58.8 26.321
    endloop
  endfacet
  facet normal 0 -1 0
    outer loop
      vertex -3.23955 -58.8 26.4805
      vertex -1.65687 -58.8 26.2458
      vertex -1.64281 -58.8 26.3268
    endloop
  endfacet
  facet normal 0 -1 0
    outer loop
      vertex -3.25923 -58.8 26.321
      vertex -1.66693 -58.8 26.1642
      vertex -1.65687 -58.8 26.2458
    endloop
  endfacet
  facet normal 0 -1 0
    outer loop
      vertex -3.27105 -58.8 26.1607
      vertex -1.66693 -58.8 26.1642
      vertex -3.25923 -58.8 26.321
    endloop
  endfacet
  facet normal 0 -1 0
    outer loop
      vertex -3.27105 -58.8 26.1607
      vertex -1.67298 -58.8 26.0822
      vertex -1.66693 -58.8 26.1642
    endloop
  endfacet
  facet normal 0 -1 0
    outer loop
      vertex -3.275 -58.8 26
      vertex -1.67298 -58.8 26.0822
      vertex -3.27105 -58.8 26.1607
    endloop
  endfacet
  facet normal 0 -1 0
    outer loop
      vertex -3.275 -58.8 26
      vertex -1.675 -58.8 26
      vertex -1.67298 -58.8 26.0822
    endloop
  endfacet
  facet normal 0 -1 0
    outer loop
      vertex -3.275 -58.8 26
      vertex -1.67298 -58.8 25.9178
      vertex -1.675 -58.8 26
    endloop
  endfacet
  facet normal 0 -1 0
    outer loop
      vertex -3.27105 -58.8 25.8393
      vertex -1.67298 -58.8 25.9178
      vertex -3.275 -58.8 26
    endloop
  endfacet
  facet normal 0 -1 0
    outer loop
      vertex -3.27105 -58.8 25.8393
      vertex -1.66693 -58.8 25.8358
      vertex -1.67298 -58.8 25.9178
    endloop
  endfacet
  facet normal 0 -1 0
    outer loop
      vertex -3.25923 -58.8 25.679
      vertex -1.66693 -58.8 25.8358
      vertex -3.27105 -58.8 25.8393
    endloop
  endfacet
  facet normal 0 -1 -0
    outer loop
      vertex -1.66693 -58.8 25.8358
      vertex -3.25923 -58.8 25.679
      vertex -1.65687 -58.8 25.7542
    endloop
  endfacet
  facet normal 0 -1 0
    outer loop
      vertex -3.23955 -58.8 25.5195
      vertex -1.65687 -58.8 25.7542
      vertex -3.25923 -58.8 25.679
    endloop
  endfacet
  facet normal 0 -1 -0
    outer loop
      vertex -1.65687 -58.8 25.7542
      vertex -3.23955 -58.8 25.5195
      vertex -1.64281 -58.8 25.6732
    endloop
  endfacet
  facet normal 0 -1 0
    outer loop
      vertex -3.21207 -58.8 25.3611
      vertex -1.64281 -58.8 25.6732
      vertex -3.23955 -58.8 25.5195
    endloop
  endfacet
  facet normal 0 -1 -0
    outer loop
      vertex -1.64281 -58.8 25.6732
      vertex -3.21207 -58.8 25.3611
      vertex -1.6248 -58.8 25.593
    endloop
  endfacet
  facet normal 0 -1 0
    outer loop
      vertex -3.17685 -58.8 25.2042
      vertex -1.6248 -58.8 25.593
      vertex -3.21207 -58.8 25.3611
    endloop
  endfacet
  facet normal 0 -1 -0
    outer loop
      vertex -1.6248 -58.8 25.593
      vertex -3.17685 -58.8 25.2042
      vertex -1.60287 -58.8 25.5138
    endloop
  endfacet
  facet normal 0 -1 0
    outer loop
      vertex -3.13398 -58.8 25.0493
      vertex -1.60287 -58.8 25.5138
      vertex -3.17685 -58.8 25.2042
    endloop
  endfacet
  facet normal 0 -1 -0
    outer loop
      vertex -1.60287 -58.8 25.5138
      vertex -3.13398 -58.8 25.0493
      vertex -1.57709 -58.8 25.4357
    endloop
  endfacet
  facet normal 0 -1 0
    outer loop
      vertex -3.08356 -58.8 24.8967
      vertex -1.57709 -58.8 25.4357
      vertex -3.13398 -58.8 25.0493
    endloop
  endfacet
  facet normal 0 -1 -0
    outer loop
      vertex -1.57709 -58.8 25.4357
      vertex -3.08356 -58.8 24.8967
      vertex -1.5475 -58.8 25.359
    endloop
  endfacet
  facet normal 0 -1 0
    outer loop
      vertex -3.02571 -58.8 24.7467
      vertex -1.5475 -58.8 25.359
      vertex -3.08356 -58.8 24.8967
    endloop
  endfacet
  facet normal 0 -1 -0
    outer loop
      vertex -1.5475 -58.8 25.359
      vertex -3.02571 -58.8 24.7467
      vertex -1.51418 -58.8 25.2838
    endloop
  endfacet
  facet normal 0 -1 0
    outer loop
      vertex -2.96056 -58.8 24.5998
      vertex -1.51418 -58.8 25.2838
      vertex -3.02571 -58.8 24.7467
    endloop
  endfacet
  facet normal 0 -1 -0
    outer loop
      vertex -1.51418 -58.8 25.2838
      vertex -2.96056 -58.8 24.5998
      vertex -1.47722 -58.8 25.2104
    endloop
  endfacet
  facet normal 0 -1 0
    outer loop
      vertex -2.88829 -58.8 24.4562
      vertex -1.47722 -58.8 25.2104
      vertex -2.96056 -58.8 24.5998
    endloop
  endfacet
  facet normal 0 -1 -0
    outer loop
      vertex -1.47722 -58.8 25.2104
      vertex -2.88829 -58.8 24.4562
      vertex -1.4367 -58.8 25.1389
    endloop
  endfacet
  facet normal 0 -1 0
    outer loop
      vertex -2.80906 -58.8 24.3163
      vertex -1.4367 -58.8 25.1389
      vertex -2.88829 -58.8 24.4562
    endloop
  endfacet
  facet normal 0 -1 -0
    outer loop
      vertex -1.4367 -58.8 25.1389
      vertex -2.80906 -58.8 24.3163
      vertex -1.39271 -58.8 25.0694
    endloop
  endfacet
  facet normal 0 -1 0
    outer loop
      vertex -2.72306 -58.8 24.1805
      vertex -1.39271 -58.8 25.0694
      vertex -2.80906 -58.8 24.3163
    endloop
  endfacet
  facet normal 0 -1 -0
    outer loop
      vertex -1.39271 -58.8 25.0694
      vertex -2.72306 -58.8 24.1805
      vertex -1.34537 -58.8 25.0022
    endloop
  endfacet
  facet normal 0 -1 0
    outer loop
      vertex -2.6305 -58.8 24.0491
      vertex -1.34537 -58.8 25.0022
      vertex -2.72306 -58.8 24.1805
    endloop
  endfacet
  facet normal 0 -1 -0
    outer loop
      vertex -1.34537 -58.8 25.0022
      vertex -2.6305 -58.8 24.0491
      vertex -1.29479 -58.8 24.9374
    endloop
  endfacet
  facet normal 0 -1 0
    outer loop
      vertex -2.53161 -58.8 23.9224
      vertex -1.29479 -58.8 24.9374
      vertex -2.6305 -58.8 24.0491
    endloop
  endfacet
  facet normal 0 -1 -0
    outer loop
      vertex -1.29479 -58.8 24.9374
      vertex -2.53161 -58.8 23.9224
      vertex -1.24109 -58.8 24.8751
    endloop
  endfacet
  facet normal 0 -1 0
    outer loop
      vertex -2.42661 -58.8 23.8006
      vertex -1.24109 -58.8 24.8751
      vertex -2.53161 -58.8 23.9224
    endloop
  endfacet
  facet normal 0 -1 -0
    outer loop
      vertex -1.24109 -58.8 24.8751
      vertex -2.42661 -58.8 23.8006
      vertex -1.1844 -58.8 24.8156
    endloop
  endfacet
  facet normal 0 -1 0
    outer loop
      vertex -2.31577 -58.8 23.6842
      vertex -1.1844 -58.8 24.8156
      vertex -2.42661 -58.8 23.8006
    endloop
  endfacet
  facet normal 0 -1 -0
    outer loop
      vertex -1.1844 -58.8 24.8156
      vertex -2.31577 -58.8 23.6842
      vertex -1.12486 -58.8 24.7589
    endloop
  endfacet
  facet normal 0 -1 0
    outer loop
      vertex -2.19936 -58.8 23.5734
      vertex -1.12486 -58.8 24.7589
      vertex -2.31577 -58.8 23.6842
    endloop
  endfacet
  facet normal 0 -1 -0
    outer loop
      vertex -1.12486 -58.8 24.7589
      vertex -2.19936 -58.8 23.5734
      vertex -1.06261 -58.8 24.7052
    endloop
  endfacet
  facet normal 0 -1 0
    outer loop
      vertex -2.07764 -58.8 23.4684
      vertex -1.06261 -58.8 24.7052
      vertex -2.19936 -58.8 23.5734
    endloop
  endfacet
  facet normal 0 -1 -0
    outer loop
      vertex -1.06261 -58.8 24.7052
      vertex -2.07764 -58.8 23.4684
      vertex -0.997796 -58.8 24.6546
    endloop
  endfacet
  facet normal 0 -1 0
    outer loop
      vertex -1.95091 -58.8 23.3695
      vertex -0.997796 -58.8 24.6546
      vertex -2.07764 -58.8 23.4684
    endloop
  endfacet
  facet normal 0 -1 -0
    outer loop
      vertex -0.997796 -58.8 24.6546
      vertex -1.95091 -58.8 23.3695
      vertex -0.93058 -58.8 24.6073
    endloop
  endfacet
  facet normal 0 -1 0
    outer loop
      vertex -1.81949 -58.8 23.2769
      vertex -0.93058 -58.8 24.6073
      vertex -1.95091 -58.8 23.3695
    endloop
  endfacet
  facet normal 0 -1 -0
    outer loop
      vertex -0.93058 -58.8 24.6073
      vertex -1.81949 -58.8 23.2769
      vertex -0.861121 -58.8 24.5633
    endloop
  endfacet
  facet normal 0 -1 -0
    outer loop
      vertex -0.861121 -58.8 24.5633
      vertex -1.68369 -58.8 23.1909
      vertex -0.789589 -58.8 24.5228
    endloop
  endfacet
  facet normal 0 -1 0
    outer loop
      vertex -1.68369 -58.8 23.1909
      vertex -0.861121 -58.8 24.5633
      vertex -1.81949 -58.8 23.2769
    endloop
  endfacet
  facet normal 0 -1 0
    outer loop
      vertex 0.861121 -58.8 27.4367
      vertex 1.68369 -58.8 28.8091
      vertex 0.789589 -58.8 27.4772
    endloop
  endfacet
  facet normal 0 -1 -0
    outer loop
      vertex 1.68369 -58.8 28.8091
      vertex 0.861121 -58.8 27.4367
      vertex 1.81949 -58.8 28.7231
    endloop
  endfacet
  facet normal 0 -1 0
    outer loop
      vertex 0.93058 -58.8 27.3927
      vertex 1.81949 -58.8 28.7231
      vertex 0.861121 -58.8 27.4367
    endloop
  endfacet
  facet normal 0 -1 -0
    outer loop
      vertex 1.81949 -58.8 28.7231
      vertex 0.93058 -58.8 27.3927
      vertex 1.95091 -58.8 28.6305
    endloop
  endfacet
  facet normal 0 -1 0
    outer loop
      vertex 0.997796 -58.8 27.3454
      vertex 1.95091 -58.8 28.6305
      vertex 0.93058 -58.8 27.3927
    endloop
  endfacet
  facet normal 0 -1 -0
    outer loop
      vertex 1.95091 -58.8 28.6305
      vertex 0.997796 -58.8 27.3454
      vertex 2.07764 -58.8 28.5316
    endloop
  endfacet
  facet normal 0 -1 0
    outer loop
      vertex 1.06261 -58.8 27.2948
      vertex 2.07764 -58.8 28.5316
      vertex 0.997796 -58.8 27.3454
    endloop
  endfacet
  facet normal 0 -1 -0
    outer loop
      vertex 2.07764 -58.8 28.5316
      vertex 1.06261 -58.8 27.2948
      vertex 2.19936 -58.8 28.4266
    endloop
  endfacet
  facet normal 0 -1 0
    outer loop
      vertex 1.12486 -58.8 27.2411
      vertex 2.19936 -58.8 28.4266
      vertex 1.06261 -58.8 27.2948
    endloop
  endfacet
  facet normal 0 -1 -0
    outer loop
      vertex 2.19936 -58.8 28.4266
      vertex 1.12486 -58.8 27.2411
      vertex 2.31577 -58.8 28.3158
    endloop
  endfacet
  facet normal 0 -1 0
    outer loop
      vertex 1.1844 -58.8 27.1844
      vertex 2.31577 -58.8 28.3158
      vertex 1.12486 -58.8 27.2411
    endloop
  endfacet
  facet normal 0 -1 -0
    outer loop
      vertex 2.31577 -58.8 28.3158
      vertex 1.1844 -58.8 27.1844
      vertex 2.42661 -58.8 28.1994
    endloop
  endfacet
  facet normal 0 -1 0
    outer loop
      vertex 1.24109 -58.8 27.1249
      vertex 2.42661 -58.8 28.1994
      vertex 1.1844 -58.8 27.1844
    endloop
  endfacet
  facet normal 0 -1 -0
    outer loop
      vertex 2.42661 -58.8 28.1994
      vertex 1.24109 -58.8 27.1249
      vertex 2.53161 -58.8 28.0776
    endloop
  endfacet
  facet normal 0 -1 0
    outer loop
      vertex 1.29479 -58.8 27.0626
      vertex 2.53161 -58.8 28.0776
      vertex 1.24109 -58.8 27.1249
    endloop
  endfacet
  facet normal 0 -1 -0
    outer loop
      vertex 2.53161 -58.8 28.0776
      vertex 1.29479 -58.8 27.0626
      vertex 2.6305 -58.8 27.9509
    endloop
  endfacet
  facet normal 0 -1 0
    outer loop
      vertex 1.34537 -58.8 26.9978
      vertex 2.6305 -58.8 27.9509
      vertex 1.29479 -58.8 27.0626
    endloop
  endfacet
  facet normal 0 -1 -0
    outer loop
      vertex 2.6305 -58.8 27.9509
      vertex 1.34537 -58.8 26.9978
      vertex 2.72306 -58.8 27.8195
    endloop
  endfacet
  facet normal 0 -1 0
    outer loop
      vertex 1.39271 -58.8 26.9306
      vertex 2.72306 -58.8 27.8195
      vertex 1.34537 -58.8 26.9978
    endloop
  endfacet
  facet normal 0 -1 -0
    outer loop
      vertex 2.72306 -58.8 27.8195
      vertex 1.39271 -58.8 26.9306
      vertex 2.80906 -58.8 27.6837
    endloop
  endfacet
  facet normal 0 -1 0
    outer loop
      vertex 1.4367 -58.8 26.8611
      vertex 2.80906 -58.8 27.6837
      vertex 1.39271 -58.8 26.9306
    endloop
  endfacet
  facet normal 0 -1 -0
    outer loop
      vertex 2.80906 -58.8 27.6837
      vertex 1.4367 -58.8 26.8611
      vertex 2.88829 -58.8 27.5438
    endloop
  endfacet
  facet normal 0 -1 0
    outer loop
      vertex 1.47722 -58.8 26.7896
      vertex 2.88829 -58.8 27.5438
      vertex 1.4367 -58.8 26.8611
    endloop
  endfacet
  facet normal 0 -1 -0
    outer loop
      vertex 2.88829 -58.8 27.5438
      vertex 1.47722 -58.8 26.7896
      vertex 2.96056 -58.8 27.4002
    endloop
  endfacet
  facet normal 0 -1 0
    outer loop
      vertex 1.51418 -58.8 26.7162
      vertex 2.96056 -58.8 27.4002
      vertex 1.47722 -58.8 26.7896
    endloop
  endfacet
  facet normal 0 -1 -0
    outer loop
      vertex 2.96056 -58.8 27.4002
      vertex 1.51418 -58.8 26.7162
      vertex 3.02571 -58.8 27.2533
    endloop
  endfacet
  facet normal 0 -1 0
    outer loop
      vertex 1.5475 -58.8 26.641
      vertex 3.02571 -58.8 27.2533
      vertex 1.51418 -58.8 26.7162
    endloop
  endfacet
  facet normal 0 -1 -0
    outer loop
      vertex 3.02571 -58.8 27.2533
      vertex 1.5475 -58.8 26.641
      vertex 3.08356 -58.8 27.1033
    endloop
  endfacet
  facet normal 0 -1 0
    outer loop
      vertex 1.57709 -58.8 26.5643
      vertex 3.08356 -58.8 27.1033
      vertex 1.5475 -58.8 26.641
    endloop
  endfacet
  facet normal 0 -1 -0
    outer loop
      vertex 3.08356 -58.8 27.1033
      vertex 1.57709 -58.8 26.5643
      vertex 3.13398 -58.8 26.9507
    endloop
  endfacet
  facet normal 0 -1 0
    outer loop
      vertex 1.60287 -58.8 26.4862
      vertex 3.13398 -58.8 26.9507
      vertex 1.57709 -58.8 26.5643
    endloop
  endfacet
  facet normal 0 -1 -0
    outer loop
      vertex 3.13398 -58.8 26.9507
      vertex 1.60287 -58.8 26.4862
      vertex 3.17685 -58.8 26.7958
    endloop
  endfacet
  facet normal 0 -1 0
    outer loop
      vertex 1.6248 -58.8 26.407
      vertex 3.17685 -58.8 26.7958
      vertex 1.60287 -58.8 26.4862
    endloop
  endfacet
  facet normal 0 -1 -0
    outer loop
      vertex 3.17685 -58.8 26.7958
      vertex 1.6248 -58.8 26.407
      vertex 3.21207 -58.8 26.6389
    endloop
  endfacet
  facet normal 0 -1 0
    outer loop
      vertex 1.64281 -58.8 26.3268
      vertex 3.21207 -58.8 26.6389
      vertex 1.6248 -58.8 26.407
    endloop
  endfacet
  facet normal 0 -1 -0
    outer loop
      vertex 3.21207 -58.8 26.6389
      vertex 1.64281 -58.8 26.3268
      vertex 3.23955 -58.8 26.4805
    endloop
  endfacet
  facet normal 0 -1 0
    outer loop
      vertex 1.65687 -58.8 26.2458
      vertex 3.23955 -58.8 26.4805
      vertex 1.64281 -58.8 26.3268
    endloop
  endfacet
  facet normal 0 -1 -0
    outer loop
      vertex 3.23955 -58.8 26.4805
      vertex 1.65687 -58.8 26.2458
      vertex 3.25923 -58.8 26.321
    endloop
  endfacet
  facet normal 0 -1 0
    outer loop
      vertex 1.66693 -58.8 26.1642
      vertex 3.25923 -58.8 26.321
      vertex 1.65687 -58.8 26.2458
    endloop
  endfacet
  facet normal 0 -1 0
    outer loop
      vertex 1.66693 -58.8 26.1642
      vertex 3.27105 -58.8 26.1607
      vertex 3.25923 -58.8 26.321
    endloop
  endfacet
  facet normal 0 -1 0
    outer loop
      vertex 1.67298 -58.8 26.0822
      vertex 3.27105 -58.8 26.1607
      vertex 1.66693 -58.8 26.1642
    endloop
  endfacet
  facet normal 0 -1 0
    outer loop
      vertex 1.675 -58.8 26
      vertex 3.27105 -58.8 26.1607
      vertex 1.67298 -58.8 26.0822
    endloop
  endfacet
  facet normal 0 -1 0
    outer loop
      vertex 1.675 -58.8 26
      vertex 3.275 -58.8 26
      vertex 3.27105 -58.8 26.1607
    endloop
  endfacet
  facet normal 0 -1 0
    outer loop
      vertex 1.67298 -58.8 25.9178
      vertex 3.275 -58.8 26
      vertex 1.675 -58.8 26
    endloop
  endfacet
  facet normal 0 -1 0
    outer loop
      vertex 1.67298 -58.8 25.9178
      vertex 3.27105 -58.8 25.8393
      vertex 3.275 -58.8 26
    endloop
  endfacet
  facet normal 0 -1 0
    outer loop
      vertex 1.66693 -58.8 25.8358
      vertex 3.27105 -58.8 25.8393
      vertex 1.67298 -58.8 25.9178
    endloop
  endfacet
  facet normal 0 -1 0
    outer loop
      vertex 3.25923 -58.8 25.679
      vertex 1.66693 -58.8 25.8358
      vertex 1.65687 -58.8 25.7542
    endloop
  endfacet
  facet normal 0 -1 0
    outer loop
      vertex 1.66693 -58.8 25.8358
      vertex 3.25923 -58.8 25.679
      vertex 3.27105 -58.8 25.8393
    endloop
  endfacet
  facet normal 0 -1 0
    outer loop
      vertex 3.23955 -58.8 25.5195
      vertex 1.65687 -58.8 25.7542
      vertex 1.64281 -58.8 25.6732
    endloop
  endfacet
  facet normal 0 -1 0
    outer loop
      vertex 3.21207 -58.8 25.3611
      vertex 1.64281 -58.8 25.6732
      vertex 1.6248 -58.8 25.593
    endloop
  endfacet
  facet normal 0 -1 0
    outer loop
      vertex 1.65687 -58.8 25.7542
      vertex 3.23955 -58.8 25.5195
      vertex 3.25923 -58.8 25.679
    endloop
  endfacet
  facet normal 0 -1 0
    outer loop
      vertex 3.17685 -58.8 25.2042
      vertex 1.6248 -58.8 25.593
      vertex 1.60287 -58.8 25.5138
    endloop
  endfacet
  facet normal 0 -1 0
    outer loop
      vertex 3.13398 -58.8 25.0493
      vertex 1.60287 -58.8 25.5138
      vertex 1.57709 -58.8 25.4357
    endloop
  endfacet
  facet normal 0 -1 0
    outer loop
      vertex 1.64281 -58.8 25.6732
      vertex 3.21207 -58.8 25.3611
      vertex 3.23955 -58.8 25.5195
    endloop
  endfacet
  facet normal 0 -1 0
    outer loop
      vertex 3.08356 -58.8 24.8967
      vertex 1.57709 -58.8 25.4357
      vertex 1.5475 -58.8 25.359
    endloop
  endfacet
  facet normal 0 -1 0
    outer loop
      vertex 3.02571 -58.8 24.7467
      vertex 1.5475 -58.8 25.359
      vertex 1.51418 -58.8 25.2838
    endloop
  endfacet
  facet normal 0 -1 0
    outer loop
      vertex 2.96056 -58.8 24.5998
      vertex 1.51418 -58.8 25.2838
      vertex 1.47722 -58.8 25.2104
    endloop
  endfacet
  facet normal 0 -1 0
    outer loop
      vertex 1.6248 -58.8 25.593
      vertex 3.17685 -58.8 25.2042
      vertex 3.21207 -58.8 25.3611
    endloop
  endfacet
  facet normal 0 -1 0
    outer loop
      vertex 2.88829 -58.8 24.4562
      vertex 1.47722 -58.8 25.2104
      vertex 1.4367 -58.8 25.1389
    endloop
  endfacet
  facet normal 0 -1 0
    outer loop
      vertex 2.80906 -58.8 24.3163
      vertex 1.4367 -58.8 25.1389
      vertex 1.39271 -58.8 25.0694
    endloop
  endfacet
  facet normal 0 -1 0
    outer loop
      vertex 1.60287 -58.8 25.5138
      vertex 3.13398 -58.8 25.0493
      vertex 3.17685 -58.8 25.2042
    endloop
  endfacet
  facet normal 0 -1 0
    outer loop
      vertex 2.72306 -58.8 24.1805
      vertex 1.39271 -58.8 25.0694
      vertex 1.34537 -58.8 25.0022
    endloop
  endfacet
  facet normal 0 -1 0
    outer loop
      vertex 2.6305 -58.8 24.0491
      vertex 1.34537 -58.8 25.0022
      vertex 1.29479 -58.8 24.9374
    endloop
  endfacet
  facet normal 0 -1 0
    outer loop
      vertex 1.57709 -58.8 25.4357
      vertex 3.08356 -58.8 24.8967
      vertex 3.13398 -58.8 25.0493
    endloop
  endfacet
  facet normal 0 -1 0
    outer loop
      vertex 2.53161 -58.8 23.9224
      vertex 1.29479 -58.8 24.9374
      vertex 1.24109 -58.8 24.8751
    endloop
  endfacet
  facet normal 0 -1 0
    outer loop
      vertex 2.42661 -58.8 23.8006
      vertex 1.24109 -58.8 24.8751
      vertex 1.1844 -58.8 24.8156
    endloop
  endfacet
  facet normal 0 -1 0
    outer loop
      vertex 2.31577 -58.8 23.6842
      vertex 1.1844 -58.8 24.8156
      vertex 1.12486 -58.8 24.7589
    endloop
  endfacet
  facet normal 0 -1 0
    outer loop
      vertex 1.5475 -58.8 25.359
      vertex 3.02571 -58.8 24.7467
      vertex 3.08356 -58.8 24.8967
    endloop
  endfacet
  facet normal 0 -1 0
    outer loop
      vertex 2.19936 -58.8 23.5734
      vertex 1.12486 -58.8 24.7589
      vertex 1.06261 -58.8 24.7052
    endloop
  endfacet
  facet normal 0 -1 0
    outer loop
      vertex 2.07764 -58.8 23.4684
      vertex 1.06261 -58.8 24.7052
      vertex 0.997796 -58.8 24.6546
    endloop
  endfacet
  facet normal 0 -1 0
    outer loop
      vertex 1.95091 -58.8 23.3695
      vertex 0.997796 -58.8 24.6546
      vertex 0.93058 -58.8 24.6073
    endloop
  endfacet
  facet normal 0 -1 0
    outer loop
      vertex 1.51418 -58.8 25.2838
      vertex 2.96056 -58.8 24.5998
      vertex 3.02571 -58.8 24.7467
    endloop
  endfacet
  facet normal 0 -1 0
    outer loop
      vertex 1.81949 -58.8 23.2769
      vertex 0.93058 -58.8 24.6073
      vertex 0.861121 -58.8 24.5633
    endloop
  endfacet
  facet normal 0 -1 0
    outer loop
      vertex 1.68369 -58.8 23.1909
      vertex 0.861121 -58.8 24.5633
      vertex 0.789589 -58.8 24.5228
    endloop
  endfacet
  facet normal 0 -1 0
    outer loop
      vertex 1.54382 -58.8 23.1117
      vertex 0.789589 -58.8 24.5228
      vertex 0.716154 -58.8 24.4858
    endloop
  endfacet
  facet normal 0 -1 0
    outer loop
      vertex 1.47722 -58.8 25.2104
      vertex 2.88829 -58.8 24.4562
      vertex 2.96056 -58.8 24.5998
    endloop
  endfacet
  facet normal 0 -1 0
    outer loop
      vertex 1.40024 -58.8 23.0394
      vertex 0.716154 -58.8 24.4858
      vertex 0.640994 -58.8 24.4525
    endloop
  endfacet
  facet normal 0 -1 0
    outer loop
      vertex 1.25329 -58.8 22.9743
      vertex 0.640994 -58.8 24.4525
      vertex 0.56429 -58.8 24.4229
    endloop
  endfacet
  facet normal 0 -1 0
    outer loop
      vertex 1.10331 -58.8 22.9164
      vertex 0.56429 -58.8 24.4229
      vertex 0.486226 -58.8 24.3971
    endloop
  endfacet
  facet normal 0 -1 0
    outer loop
      vertex 0.950682 -58.8 22.866
      vertex 0.486226 -58.8 24.3971
      vertex 0.406991 -58.8 24.3752
    endloop
  endfacet
  facet normal 0 -1 0
    outer loop
      vertex 0.795759 -58.8 22.8231
      vertex 0.406991 -58.8 24.3752
      vertex 0.326776 -58.8 24.3572
    endloop
  endfacet
  facet normal 0 -1 0
    outer loop
      vertex 0.638921 -58.8 22.7879
      vertex 0.326776 -58.8 24.3572
      vertex 0.245773 -58.8 24.3431
    endloop
  endfacet
  facet normal 0 -1 0
    outer loop
      vertex 0.480542 -58.8 22.7604
      vertex 0.245773 -58.8 24.3431
      vertex 0.164178 -58.8 24.3331
    endloop
  endfacet
  facet normal 0 -1 0
    outer loop
      vertex 0.321006 -58.8 22.7408
      vertex 0.164178 -58.8 24.3331
      vertex 0.0821877 -58.8 24.327
    endloop
  endfacet
  facet normal 0 -1 0
    outer loop
      vertex 1.4367 -58.8 25.1389
      vertex 2.80906 -58.8 24.3163
      vertex 2.88829 -58.8 24.4562
    endloop
  endfacet
  facet normal 0 -1 0
    outer loop
      vertex 0.160696 -58.8 22.7289
      vertex 0.0821877 -58.8 24.327
      vertex 0 -58.8 24.325
    endloop
  endfacet
  facet normal 0 -1 0
    outer loop
      vertex -1.54382 -58.8 23.1117
      vertex -0.789589 -58.8 24.5228
      vertex -1.68369 -58.8 23.1909
    endloop
  endfacet
  facet normal 0 -1 -0
    outer loop
      vertex -0.789589 -58.8 24.5228
      vertex -1.54382 -58.8 23.1117
      vertex -0.716154 -58.8 24.4858
    endloop
  endfacet
  facet normal 0 -1 0
    outer loop
      vertex 1.39271 -58.8 25.0694
      vertex 2.72306 -58.8 24.1805
      vertex 2.80906 -58.8 24.3163
    endloop
  endfacet
  facet normal 0 -1 0
    outer loop
      vertex -1.40024 -58.8 23.0394
      vertex -0.716154 -58.8 24.4858
      vertex -1.54382 -58.8 23.1117
    endloop
  endfacet
  facet normal 0 -1 0
    outer loop
      vertex 1.34537 -58.8 25.0022
      vertex 2.6305 -58.8 24.0491
      vertex 2.72306 -58.8 24.1805
    endloop
  endfacet
  facet normal 0 -1 -0
    outer loop
      vertex -0.716154 -58.8 24.4858
      vertex -1.40024 -58.8 23.0394
      vertex -0.640994 -58.8 24.4525
    endloop
  endfacet
  facet normal 0 -1 0
    outer loop
      vertex 1.29479 -58.8 24.9374
      vertex 2.53161 -58.8 23.9224
      vertex 2.6305 -58.8 24.0491
    endloop
  endfacet
  facet normal 0 -1 0
    outer loop
      vertex -1.25329 -58.8 22.9743
      vertex -0.640994 -58.8 24.4525
      vertex -1.40024 -58.8 23.0394
    endloop
  endfacet
  facet normal 0 -1 0
    outer loop
      vertex 1.24109 -58.8 24.8751
      vertex 2.42661 -58.8 23.8006
      vertex 2.53161 -58.8 23.9224
    endloop
  endfacet
  facet normal 0 -1 -0
    outer loop
      vertex -0.640994 -58.8 24.4525
      vertex -1.25329 -58.8 22.9743
      vertex -0.56429 -58.8 24.4229
    endloop
  endfacet
  facet normal 0 -1 0
    outer loop
      vertex 1.1844 -58.8 24.8156
      vertex 2.31577 -58.8 23.6842
      vertex 2.42661 -58.8 23.8006
    endloop
  endfacet
  facet normal 0 -1 0
    outer loop
      vertex -1.10331 -58.8 22.9164
      vertex -0.56429 -58.8 24.4229
      vertex -1.25329 -58.8 22.9743
    endloop
  endfacet
  facet normal 0 -1 0
    outer loop
      vertex 1.12486 -58.8 24.7589
      vertex 2.19936 -58.8 23.5734
      vertex 2.31577 -58.8 23.6842
    endloop
  endfacet
  facet normal 0 -1 -0
    outer loop
      vertex -0.56429 -58.8 24.4229
      vertex -1.10331 -58.8 22.9164
      vertex -0.486226 -58.8 24.3971
    endloop
  endfacet
  facet normal 0 -1 0
    outer loop
      vertex 1.06261 -58.8 24.7052
      vertex 2.07764 -58.8 23.4684
      vertex 2.19936 -58.8 23.5734
    endloop
  endfacet
  facet normal 0 -1 0
    outer loop
      vertex -0.950682 -58.8 22.866
      vertex -0.486226 -58.8 24.3971
      vertex -1.10331 -58.8 22.9164
    endloop
  endfacet
  facet normal 0 -1 0
    outer loop
      vertex 0.997796 -58.8 24.6546
      vertex 1.95091 -58.8 23.3695
      vertex 2.07764 -58.8 23.4684
    endloop
  endfacet
  facet normal 0 -1 -0
    outer loop
      vertex -0.486226 -58.8 24.3971
      vertex -0.950682 -58.8 22.866
      vertex -0.406991 -58.8 24.3752
    endloop
  endfacet
  facet normal 0 -1 0
    outer loop
      vertex 0.93058 -58.8 24.6073
      vertex 1.81949 -58.8 23.2769
      vertex 1.95091 -58.8 23.3695
    endloop
  endfacet
  facet normal 0 -1 0
    outer loop
      vertex -0.795759 -58.8 22.8231
      vertex -0.406991 -58.8 24.3752
      vertex -0.950682 -58.8 22.866
    endloop
  endfacet
  facet normal 0 -1 0
    outer loop
      vertex 0.861121 -58.8 24.5633
      vertex 1.68369 -58.8 23.1909
      vertex 1.81949 -58.8 23.2769
    endloop
  endfacet
  facet normal 0 -1 -0
    outer loop
      vertex -0.406991 -58.8 24.3752
      vertex -0.795759 -58.8 22.8231
      vertex -0.326776 -58.8 24.3572
    endloop
  endfacet
  facet normal 0 -1 0
    outer loop
      vertex 0.789589 -58.8 24.5228
      vertex 1.54382 -58.8 23.1117
      vertex 1.68369 -58.8 23.1909
    endloop
  endfacet
  facet normal 0 -1 0
    outer loop
      vertex -0.638921 -58.8 22.7879
      vertex -0.326776 -58.8 24.3572
      vertex -0.795759 -58.8 22.8231
    endloop
  endfacet
  facet normal 0 -1 0
    outer loop
      vertex 0.716154 -58.8 24.4858
      vertex 1.40024 -58.8 23.0394
      vertex 1.54382 -58.8 23.1117
    endloop
  endfacet
  facet normal 0 -1 -0
    outer loop
      vertex -0.326776 -58.8 24.3572
      vertex -0.638921 -58.8 22.7879
      vertex -0.245773 -58.8 24.3431
    endloop
  endfacet
  facet normal 0 -1 0
    outer loop
      vertex 0.640994 -58.8 24.4525
      vertex 1.25329 -58.8 22.9743
      vertex 1.40024 -58.8 23.0394
    endloop
  endfacet
  facet normal 0 -1 0
    outer loop
      vertex -0.480542 -58.8 22.7604
      vertex -0.245773 -58.8 24.3431
      vertex -0.638921 -58.8 22.7879
    endloop
  endfacet
  facet normal 0 -1 0
    outer loop
      vertex 0.56429 -58.8 24.4229
      vertex 1.10331 -58.8 22.9164
      vertex 1.25329 -58.8 22.9743
    endloop
  endfacet
  facet normal 0 -1 -0
    outer loop
      vertex -0.245773 -58.8 24.3431
      vertex -0.480542 -58.8 22.7604
      vertex -0.164178 -58.8 24.3331
    endloop
  endfacet
  facet normal 0 -1 0
    outer loop
      vertex 0.486226 -58.8 24.3971
      vertex 0.950682 -58.8 22.866
      vertex 1.10331 -58.8 22.9164
    endloop
  endfacet
  facet normal 0 -1 0
    outer loop
      vertex -0.321006 -58.8 22.7408
      vertex -0.164178 -58.8 24.3331
      vertex -0.480542 -58.8 22.7604
    endloop
  endfacet
  facet normal 0 -1 0
    outer loop
      vertex 0.406991 -58.8 24.3752
      vertex 0.795759 -58.8 22.8231
      vertex 0.950682 -58.8 22.866
    endloop
  endfacet
  facet normal 0 -1 -0
    outer loop
      vertex -0.164178 -58.8 24.3331
      vertex -0.321006 -58.8 22.7408
      vertex -0.0821877 -58.8 24.327
    endloop
  endfacet
  facet normal 0 -1 0
    outer loop
      vertex 0.326776 -58.8 24.3572
      vertex 0.638921 -58.8 22.7879
      vertex 0.795759 -58.8 22.8231
    endloop
  endfacet
  facet normal 0 -1 0
    outer loop
      vertex -0.160696 -58.8 22.7289
      vertex -0.0821877 -58.8 24.327
      vertex -0.321006 -58.8 22.7408
    endloop
  endfacet
  facet normal 0 -1 0
    outer loop
      vertex 0.245773 -58.8 24.3431
      vertex 0.480542 -58.8 22.7604
      vertex 0.638921 -58.8 22.7879
    endloop
  endfacet
  facet normal 0 -1 -0
    outer loop
      vertex -0.0821877 -58.8 24.327
      vertex -0.160696 -58.8 22.7289
      vertex 0 -58.8 24.325
    endloop
  endfacet
  facet normal 0 -1 0
    outer loop
      vertex 0.164178 -58.8 24.3331
      vertex 0.321006 -58.8 22.7408
      vertex 0.480542 -58.8 22.7604
    endloop
  endfacet
  facet normal 0 -1 0
    outer loop
      vertex 0 -58.8 22.725
      vertex 0 -58.8 24.325
      vertex -0.160696 -58.8 22.7289
    endloop
  endfacet
  facet normal 0 -1 0
    outer loop
      vertex 0.0821877 -58.8 24.327
      vertex 0.160696 -58.8 22.7289
      vertex 0.321006 -58.8 22.7408
    endloop
  endfacet
  facet normal 0 -1 0
    outer loop
      vertex 0 -58.8 24.325
      vertex 0 -58.8 22.725
      vertex 0.160696 -58.8 22.7289
    endloop
  endfacet
  facet normal -0.492732 -0 -0.870181
    outer loop
      vertex 1.54382 -58.8 28.8883
      vertex 1.68369 -59.9587 28.8091
      vertex 1.54382 -59.9621 28.8883
    endloop
  endfacet
  facet normal -0.492732 0 -0.870181
    outer loop
      vertex 1.68369 -59.9587 28.8091
      vertex 1.54382 -58.8 28.8883
      vertex 1.68369 -58.8 28.8091
    endloop
  endfacet
  facet normal -0.914132 0 -0.405417
    outer loop
      vertex 3.02571 -59.9217 27.2533
      vertex 2.96056 -58.8 27.4002
      vertex 3.02571 -58.8 27.2533
    endloop
  endfacet
  facet normal -0.914132 -0 -0.405417
    outer loop
      vertex 2.96056 -58.8 27.4002
      vertex 3.02571 -59.9217 27.2533
      vertex 2.96056 -59.9265 27.4002
    endloop
  endfacet
  facet normal 0.817533 0 -0.575882
    outer loop
      vertex -2.6305 -58.8 27.9509
      vertex -2.72306 -59.9332 27.8195
      vertex -2.72306 -58.8 27.8195
    endloop
  endfacet
  facet normal 0.817533 0 -0.575882
    outer loop
      vertex -2.72306 -59.9332 27.8195
      vertex -2.6305 -58.8 27.9509
      vertex -2.6305 -59.9354 27.9509
    endloop
  endfacet
  facet normal -0.985267 0 0.171023
    outer loop
      vertex 1.64281 -58.8 37.6732
      vertex 1.65687 -56.9593 37.7542
      vertex 1.64281 -56.9597 37.6732
    endloop
  endfacet
  facet normal -0.985267 0 0.171023
    outer loop
      vertex 1.65687 -56.9593 37.7542
      vertex 1.64281 -58.8 37.6732
      vertex 1.65687 -58.8 37.7542
    endloop
  endfacet
  facet normal -0.121646 0 0.992574
    outer loop
      vertex 0.164178 -56.996 36.3331
      vertex 0.245773 -58.8 36.3431
      vertex 0.245773 -56.994 36.3431
    endloop
  endfacet
  facet normal -0.121646 0 0.992574
    outer loop
      vertex 0.245773 -58.8 36.3431
      vertex 0.164178 -56.996 36.3331
      vertex 0.164178 -58.8 36.3331
    endloop
  endfacet
  facet normal -0.360022 -0 -0.932944
    outer loop
      vertex 0.56429 -56.9861 39.5771
      vertex 0.640994 -58.8 39.5475
      vertex 0.56429 -58.8 39.5771
    endloop
  endfacet
  facet normal -0.360022 0 -0.932944
    outer loop
      vertex 0.640994 -58.8 39.5475
      vertex 0.56429 -56.9861 39.5771
      vertex 0.640994 -56.9843 39.5475
    endloop
  endfacet
  facet normal -0.997289 0 -0.0735805
    outer loop
      vertex 1.67298 -58.8 38.0822
      vertex 1.66693 -56.9591 38.1642
      vertex 1.67298 -56.9589 38.0822
    endloop
  endfacet
  facet normal -0.997289 -0 -0.0735805
    outer loop
      vertex 1.66693 -56.9591 38.1642
      vertex 1.67298 -58.8 38.0822
      vertex 1.66693 -58.8 38.1642
    endloop
  endfacet
  facet normal 0.723996 0 -0.689804
    outer loop
      vertex -1.24109 -58.8 39.1249
      vertex -1.1844 -56.9709 39.1844
      vertex -1.1844 -58.8 39.1844
    endloop
  endfacet
  facet normal 0.723996 0 -0.689804
    outer loop
      vertex -1.1844 -56.9709 39.1844
      vertex -1.24109 -58.8 39.1249
      vertex -1.24109 -56.9695 39.1249
    endloop
  endfacet
  facet normal -0.0243273 0 0.999704
    outer loop
      vertex 0 -57 36.325
      vertex 0.0821877 -58.8 36.327
      vertex 0.0821877 -56.998 36.327
    endloop
  endfacet
  facet normal -0.0243273 0 0.999704
    outer loop
      vertex 0.0821877 -58.8 36.327
      vertex 0 -57 36.325
      vertex 0 -58.8 36.325
    endloop
  endfacet
  facet normal -0.218952 -0 -0.975736
    outer loop
      vertex 0.326776 -56.992 39.6428
      vertex 0.406991 -58.8 39.6248
      vertex 0.326776 -58.8 39.6428
    endloop
  endfacet
  facet normal -0.218952 0 -0.975736
    outer loop
      vertex 0.406991 -58.8 39.6248
      vertex 0.326776 -56.992 39.6428
      vertex 0.406991 -56.99 39.6248
    endloop
  endfacet
  facet normal -0.653192 0 0.757192
    outer loop
      vertex 1.06261 -56.9739 36.7052
      vertex 1.12486 -58.8 36.7589
      vertex 1.12486 -56.9724 36.7589
    endloop
  endfacet
  facet normal -0.653192 0 0.757192
    outer loop
      vertex 1.12486 -58.8 36.7589
      vertex 1.06261 -56.9739 36.7052
      vertex 1.06261 -58.8 36.7052
    endloop
  endfacet
  facet normal -0.997289 0 0.0735805
    outer loop
      vertex 1.66693 -58.8 37.8358
      vertex 1.67298 -56.9589 37.9178
      vertex 1.66693 -56.9591 37.8358
    endloop
  endfacet
  facet normal -0.997289 0 0.0735805
    outer loop
      vertex 1.67298 -56.9589 37.9178
      vertex 1.66693 -58.8 37.8358
      vertex 1.67298 -58.8 37.9178
    endloop
  endfacet
  facet normal -0.492692 0 0.870204
    outer loop
      vertex 0.789589 -56.9806 36.5228
      vertex 0.861121 -58.8 36.5633
      vertex 0.861121 -56.9789 36.5633
    endloop
  endfacet
  facet normal -0.492692 0 0.870204
    outer loop
      vertex 0.861121 -58.8 36.5633
      vertex 0.789589 -56.9806 36.5228
      vertex 0.789589 -58.8 36.5228
    endloop
  endfacet
  facet normal 0.575492 0 -0.817807
    outer loop
      vertex -0.997796 -58.8 39.3454
      vertex -0.93058 -56.9772 39.3927
      vertex -0.93058 -58.8 39.3927
    endloop
  endfacet
  facet normal 0.575492 0 -0.817807
    outer loop
      vertex -0.93058 -56.9772 39.3927
      vertex -0.997796 -58.8 39.3454
      vertex -0.997796 -56.9755 39.3454
    endloop
  endfacet
  facet normal 0.757451 -0 0.652892
    outer loop
      vertex -1.29479 -58.8 36.9374
      vertex -1.24109 -56.9695 36.8751
      vertex -1.29479 -56.9682 36.9374
    endloop
  endfacet
  facet normal 0.757451 0 0.652892
    outer loop
      vertex -1.24109 -56.9695 36.8751
      vertex -1.29479 -58.8 36.9374
      vertex -1.24109 -58.8 36.8751
    endloop
  endfacet
  facet normal 0.0243273 0 -0.999704
    outer loop
      vertex -0.0821877 -58.8 39.673
      vertex 0 -57 39.675
      vertex 0 -58.8 39.675
    endloop
  endfacet
  facet normal 0.0243273 0 -0.999704
    outer loop
      vertex 0 -57 39.675
      vertex -0.0821877 -58.8 39.673
      vertex -0.0821877 -56.998 39.673
    endloop
  endfacet
  facet normal 0.78829 0 -0.615304
    outer loop
      vertex -1.34537 -58.8 38.9978
      vertex -1.29479 -56.9682 39.0626
      vertex -1.29479 -58.8 39.0626
    endloop
  endfacet
  facet normal 0.78829 0 -0.615304
    outer loop
      vertex -1.29479 -56.9682 39.0626
      vertex -1.34537 -58.8 38.9978
      vertex -1.34537 -56.967 38.9978
    endloop
  endfacet
  facet normal -0.78829 0 0.615304
    outer loop
      vertex 1.34537 -58.8 37.0022
      vertex 1.29479 -56.9682 36.9374
      vertex 1.29479 -58.8 36.9374
    endloop
  endfacet
  facet normal -0.78829 0 0.615304
    outer loop
      vertex 1.29479 -56.9682 36.9374
      vertex 1.34537 -58.8 37.0022
      vertex 1.34537 -56.967 37.0022
    endloop
  endfacet
  facet normal -0.689625 0 0.724167
    outer loop
      vertex 1.12486 -56.9724 36.7589
      vertex 1.1844 -58.8 36.8156
      vertex 1.1844 -56.9709 36.8156
    endloop
  endfacet
  facet normal -0.689625 0 0.724167
    outer loop
      vertex 1.1844 -58.8 36.8156
      vertex 1.12486 -56.9724 36.7589
      vertex 1.12486 -58.8 36.7589
    endloop
  endfacet
  facet normal 0.870005 -0 0.493043
    outer loop
      vertex -1.47722 -58.8 37.2104
      vertex -1.4367 -56.9647 37.1389
      vertex -1.47722 -56.9637 37.2104
    endloop
  endfacet
  facet normal 0.870005 0 0.493043
    outer loop
      vertex -1.4367 -56.9647 37.1389
      vertex -1.47722 -58.8 37.2104
      vertex -1.4367 -58.8 37.1389
    endloop
  endfacet
  facet normal 0.997289 -0 0.0735805
    outer loop
      vertex -1.67298 -58.8 37.9178
      vertex -1.66693 -56.9591 37.8358
      vertex -1.67298 -56.9589 37.9178
    endloop
  endfacet
  facet normal 0.997289 0 0.0735805
    outer loop
      vertex -1.66693 -56.9591 37.8358
      vertex -1.67298 -58.8 37.9178
      vertex -1.66693 -58.8 37.8358
    endloop
  endfacet
  facet normal 0.992486 -0 0.122358
    outer loop
      vertex -1.66693 -58.8 37.8358
      vertex -1.65687 -56.9593 37.7542
      vertex -1.66693 -56.9591 37.8358
    endloop
  endfacet
  facet normal 0.992486 0 0.122358
    outer loop
      vertex -1.65687 -56.9593 37.7542
      vertex -1.66693 -58.8 37.8358
      vertex -1.65687 -58.8 37.7542
    endloop
  endfacet
  facet normal 0.893158 -0 0.449743
    outer loop
      vertex -1.51418 -58.8 37.2838
      vertex -1.47722 -56.9637 37.2104
      vertex -1.51418 -56.9628 37.2838
    endloop
  endfacet
  facet normal 0.893158 0 0.449743
    outer loop
      vertex -1.47722 -56.9637 37.2104
      vertex -1.51418 -58.8 37.2838
      vertex -1.47722 -58.8 37.2104
    endloop
  endfacet
  facet normal 0.963737 0 -0.266853
    outer loop
      vertex -1.60287 -58.8 38.4862
      vertex -1.6248 -56.9601 38.407
      vertex -1.60287 -56.9607 38.4862
    endloop
  endfacet
  facet normal 0.963737 0 -0.266853
    outer loop
      vertex -1.6248 -56.9601 38.407
      vertex -1.60287 -58.8 38.4862
      vertex -1.6248 -58.8 38.407
    endloop
  endfacet
  facet normal 0.535133 -0 0.844768
    outer loop
      vertex -0.93058 -58.8 36.6073
      vertex -0.861121 -56.9789 36.5633
      vertex -0.93058 -56.9772 36.6073
    endloop
  endfacet
  facet normal 0.535133 0 0.844768
    outer loop
      vertex -0.861121 -56.9789 36.5633
      vertex -0.93058 -58.8 36.6073
      vertex -0.861121 -58.8 36.5633
    endloop
  endfacet
  facet normal -0.992486 0 -0.122358
    outer loop
      vertex 1.66693 -58.8 38.1642
      vertex 1.65687 -56.9593 38.2458
      vertex 1.66693 -56.9591 38.1642
    endloop
  endfacet
  facet normal -0.992486 -0 -0.122358
    outer loop
      vertex 1.65687 -56.9593 38.2458
      vertex 1.66693 -58.8 38.1642
      vertex 1.65687 -58.8 38.2458
    endloop
  endfacet
  facet normal 0.313804 0 -0.949488
    outer loop
      vertex -0.56429 -58.8 39.5771
      vertex -0.486226 -56.9881 39.6029
      vertex -0.486226 -58.8 39.6029
    endloop
  endfacet
  facet normal 0.313804 0 -0.949488
    outer loop
      vertex -0.486226 -56.9881 39.6029
      vertex -0.56429 -58.8 39.5771
      vertex -0.56429 -56.9861 39.5771
    endloop
  endfacet
  facet normal 0.949603 -0 0.313454
    outer loop
      vertex -1.60287 -58.8 37.5138
      vertex -1.57709 -56.9613 37.4357
      vertex -1.60287 -56.9607 37.5138
    endloop
  endfacet
  facet normal 0.949603 0 0.313454
    outer loop
      vertex -1.57709 -56.9613 37.4357
      vertex -1.60287 -58.8 37.5138
      vertex -1.57709 -58.8 37.4357
    endloop
  endfacet
  facet normal -0.535133 -0 -0.844768
    outer loop
      vertex 0.861121 -56.9789 39.4367
      vertex 0.93058 -58.8 39.3927
      vertex 0.861121 -58.8 39.4367
    endloop
  endfacet
  facet normal -0.535133 0 -0.844768
    outer loop
      vertex 0.93058 -58.8 39.3927
      vertex 0.861121 -56.9789 39.4367
      vertex 0.93058 -56.9772 39.3927
    endloop
  endfacet
  facet normal 0.405077 0 -0.914282
    outer loop
      vertex -0.716154 -58.8 39.5142
      vertex -0.640994 -56.9843 39.5475
      vertex -0.640994 -58.8 39.5475
    endloop
  endfacet
  facet normal 0.405077 0 -0.914282
    outer loop
      vertex -0.640994 -56.9843 39.5475
      vertex -0.716154 -58.8 39.5142
      vertex -0.716154 -56.9824 39.5142
    endloop
  endfacet
  facet normal -0.893158 0 0.449743
    outer loop
      vertex 1.51418 -58.8 37.2838
      vertex 1.47722 -56.9637 37.2104
      vertex 1.47722 -58.8 37.2104
    endloop
  endfacet
  facet normal -0.893158 0 0.449743
    outer loop
      vertex 1.47722 -56.9637 37.2104
      vertex 1.51418 -58.8 37.2838
      vertex 1.51418 -56.9628 37.2838
    endloop
  endfacet
  facet normal 0.121646 -0 0.992574
    outer loop
      vertex -0.245773 -58.8 36.3431
      vertex -0.164178 -56.996 36.3331
      vertex -0.245773 -56.994 36.3431
    endloop
  endfacet
  facet normal 0.121646 0 0.992574
    outer loop
      vertex -0.164178 -56.996 36.3331
      vertex -0.245773 -58.8 36.3431
      vertex -0.164178 -58.8 36.3331
    endloop
  endfacet
  facet normal -0.44996 0 0.893049
    outer loop
      vertex 0.716154 -56.9824 36.4858
      vertex 0.789589 -58.8 36.5228
      vertex 0.789589 -56.9806 36.5228
    endloop
  endfacet
  facet normal -0.44996 0 0.893049
    outer loop
      vertex 0.789589 -58.8 36.5228
      vertex 0.716154 -56.9824 36.4858
      vertex 0.716154 -58.8 36.4858
    endloop
  endfacet
  facet normal -0.932978 0 0.359933
    outer loop
      vertex 1.5475 -58.8 37.359
      vertex 1.57709 -56.9613 37.4357
      vertex 1.5475 -56.962 37.359
    endloop
  endfacet
  facet normal -0.932978 0 0.359933
    outer loop
      vertex 1.57709 -56.9613 37.4357
      vertex 1.5475 -58.8 37.359
      vertex 1.57709 -58.8 37.4357
    endloop
  endfacet
  facet normal 0.932978 0 -0.359933
    outer loop
      vertex -1.5475 -58.8 38.641
      vertex -1.57709 -56.9613 38.5643
      vertex -1.5475 -56.962 38.641
    endloop
  endfacet
  facet normal 0.932978 0 -0.359933
    outer loop
      vertex -1.57709 -56.9613 38.5643
      vertex -1.5475 -58.8 38.641
      vertex -1.57709 -58.8 38.5643
    endloop
  endfacet
  facet normal 0.171489 -0 0.985186
    outer loop
      vertex -0.326776 -58.8 36.3572
      vertex -0.245773 -56.994 36.3431
      vertex -0.326776 -56.992 36.3572
    endloop
  endfacet
  facet normal 0.171489 0 0.985186
    outer loop
      vertex -0.245773 -56.994 36.3431
      vertex -0.326776 -58.8 36.3572
      vertex -0.245773 -58.8 36.3431
    endloop
  endfacet
  facet normal -0.313804 0 0.949488
    outer loop
      vertex 0.486226 -56.9881 36.3971
      vertex 0.56429 -58.8 36.4229
      vertex 0.56429 -56.9861 36.4229
    endloop
  endfacet
  facet normal -0.313804 0 0.949488
    outer loop
      vertex 0.56429 -58.8 36.4229
      vertex 0.486226 -56.9881 36.3971
      vertex 0.486226 -58.8 36.3971
    endloop
  endfacet
  facet normal -0.999698 0 -0.0245668
    outer loop
      vertex 1.675 -58.8 38
      vertex 1.67298 -56.9589 38.0822
      vertex 1.675 -56.9589 38
    endloop
  endfacet
  facet normal -0.999698 -0 -0.0245668
    outer loop
      vertex 1.67298 -56.9589 38.0822
      vertex 1.675 -58.8 38
      vertex 1.67298 -58.8 38.0822
    endloop
  endfacet
  facet normal 0.492692 0 -0.870204
    outer loop
      vertex -0.861121 -58.8 39.4367
      vertex -0.789589 -56.9806 39.4772
      vertex -0.789589 -58.8 39.4772
    endloop
  endfacet
  facet normal 0.492692 0 -0.870204
    outer loop
      vertex -0.789589 -56.9806 39.4772
      vertex -0.861121 -58.8 39.4367
      vertex -0.861121 -56.9789 39.4367
    endloop
  endfacet
  facet normal -0.975701 0 -0.219107
    outer loop
      vertex 1.64281 -58.8 38.3268
      vertex 1.6248 -56.9601 38.407
      vertex 1.64281 -56.9597 38.3268
    endloop
  endfacet
  facet normal -0.975701 -0 -0.219107
    outer loop
      vertex 1.6248 -56.9601 38.407
      vertex 1.64281 -58.8 38.3268
      vertex 1.6248 -58.8 38.407
    endloop
  endfacet
  facet normal 0.171489 0 -0.985186
    outer loop
      vertex -0.326776 -58.8 39.6428
      vertex -0.245773 -56.994 39.6569
      vertex -0.245773 -58.8 39.6569
    endloop
  endfacet
  facet normal 0.171489 0 -0.985186
    outer loop
      vertex -0.245773 -56.994 39.6569
      vertex -0.326776 -58.8 39.6428
      vertex -0.326776 -56.992 39.6428
    endloop
  endfacet
  facet normal -0.844966 0 0.534821
    outer loop
      vertex 1.4367 -58.8 37.1389
      vertex 1.39271 -56.9658 37.0694
      vertex 1.39271 -58.8 37.0694
    endloop
  endfacet
  facet normal -0.844966 0 0.534821
    outer loop
      vertex 1.39271 -56.9658 37.0694
      vertex 1.4367 -58.8 37.1389
      vertex 1.4367 -56.9647 37.1389
    endloop
  endfacet
  facet normal -0.074194 0 0.997244
    outer loop
      vertex 0.0821877 -56.998 36.327
      vertex 0.164178 -58.8 36.3331
      vertex 0.164178 -56.996 36.3331
    endloop
  endfacet
  facet normal -0.074194 0 0.997244
    outer loop
      vertex 0.164178 -58.8 36.3331
      vertex 0.0821877 -56.998 36.327
      vertex 0.0821877 -58.8 36.327
    endloop
  endfacet
  facet normal -0.999698 0 0.0245668
    outer loop
      vertex 1.67298 -58.8 37.9178
      vertex 1.675 -56.9589 38
      vertex 1.67298 -56.9589 37.9178
    endloop
  endfacet
  facet normal -0.999698 0 0.0245668
    outer loop
      vertex 1.675 -56.9589 38
      vertex 1.67298 -58.8 37.9178
      vertex 1.675 -58.8 38
    endloop
  endfacet
  facet normal 0.723996 -0 0.689804
    outer loop
      vertex -1.24109 -58.8 36.8751
      vertex -1.1844 -56.9709 36.8156
      vertex -1.24109 -56.9695 36.8751
    endloop
  endfacet
  facet normal 0.723996 0 0.689804
    outer loop
      vertex -1.1844 -56.9709 36.8156
      vertex -1.24109 -58.8 36.8751
      vertex -1.1844 -58.8 36.8156
    endloop
  endfacet
  facet normal -0.653192 -0 -0.757192
    outer loop
      vertex 1.06261 -56.9739 39.2948
      vertex 1.12486 -58.8 39.2411
      vertex 1.06261 -58.8 39.2948
    endloop
  endfacet
  facet normal -0.653192 0 -0.757192
    outer loop
      vertex 1.12486 -58.8 39.2411
      vertex 1.06261 -56.9739 39.2948
      vertex 1.12486 -56.9724 39.2411
    endloop
  endfacet
  facet normal -0.992486 0 0.122358
    outer loop
      vertex 1.65687 -58.8 37.7542
      vertex 1.66693 -56.9591 37.8358
      vertex 1.65687 -56.9593 37.7542
    endloop
  endfacet
  facet normal -0.992486 0 0.122358
    outer loop
      vertex 1.66693 -56.9591 37.8358
      vertex 1.65687 -58.8 37.7542
      vertex 1.66693 -58.8 37.8358
    endloop
  endfacet
  facet normal -0.615373 -0 -0.788236
    outer loop
      vertex 0.997796 -56.9755 39.3454
      vertex 1.06261 -58.8 39.2948
      vertex 0.997796 -58.8 39.3454
    endloop
  endfacet
  facet normal -0.615373 0 -0.788236
    outer loop
      vertex 1.06261 -58.8 39.2948
      vertex 0.997796 -56.9755 39.3454
      vertex 1.06261 -56.9739 39.2948
    endloop
  endfacet
  facet normal 0.999698 -0 0.0245668
    outer loop
      vertex -1.675 -58.8 38
      vertex -1.67298 -56.9589 37.9178
      vertex -1.675 -56.9589 38
    endloop
  endfacet
  facet normal 0.999698 0 0.0245668
    outer loop
      vertex -1.67298 -56.9589 37.9178
      vertex -1.675 -58.8 38
      vertex -1.67298 -58.8 37.9178
    endloop
  endfacet
  facet normal 0.360022 -0 0.932944
    outer loop
      vertex -0.640994 -58.8 36.4525
      vertex -0.56429 -56.9861 36.4229
      vertex -0.640994 -56.9843 36.4525
    endloop
  endfacet
  facet normal 0.360022 0 0.932944
    outer loop
      vertex -0.56429 -56.9861 36.4229
      vertex -0.640994 -58.8 36.4525
      vertex -0.56429 -58.8 36.4229
    endloop
  endfacet
  facet normal -0.78829 0 -0.615304
    outer loop
      vertex 1.34537 -58.8 38.9978
      vertex 1.29479 -56.9682 39.0626
      vertex 1.34537 -56.967 38.9978
    endloop
  endfacet
  facet normal -0.78829 -0 -0.615304
    outer loop
      vertex 1.29479 -56.9682 39.0626
      vertex 1.34537 -58.8 38.9978
      vertex 1.29479 -58.8 39.0626
    endloop
  endfacet
  facet normal -0.405077 0 0.914282
    outer loop
      vertex 0.640994 -56.9843 36.4525
      vertex 0.716154 -58.8 36.4858
      vertex 0.716154 -56.9824 36.4858
    endloop
  endfacet
  facet normal -0.405077 0 0.914282
    outer loop
      vertex 0.716154 -58.8 36.4858
      vertex 0.640994 -56.9843 36.4525
      vertex 0.640994 -58.8 36.4525
    endloop
  endfacet
  facet normal 0.218952 -0 0.975736
    outer loop
      vertex -0.406991 -58.8 36.3752
      vertex -0.326776 -56.992 36.3572
      vertex -0.406991 -56.99 36.3752
    endloop
  endfacet
  facet normal 0.218952 0 0.975736
    outer loop
      vertex -0.326776 -56.992 36.3572
      vertex -0.406991 -58.8 36.3752
      vertex -0.326776 -58.8 36.3572
    endloop
  endfacet
  facet normal -0.844966 0 -0.534821
    outer loop
      vertex 1.4367 -58.8 38.8611
      vertex 1.39271 -56.9658 38.9306
      vertex 1.4367 -56.9647 38.8611
    endloop
  endfacet
  facet normal -0.844966 -0 -0.534821
    outer loop
      vertex 1.39271 -56.9658 38.9306
      vertex 1.4367 -58.8 38.8611
      vertex 1.39271 -58.8 38.9306
    endloop
  endfacet
  facet normal -0.870005 0 -0.493043
    outer loop
      vertex 1.47722 -58.8 38.7896
      vertex 1.4367 -56.9647 38.8611
      vertex 1.47722 -56.9637 38.7896
    endloop
  endfacet
  facet normal -0.870005 -0 -0.493043
    outer loop
      vertex 1.4367 -56.9647 38.8611
      vertex 1.47722 -58.8 38.7896
      vertex 1.4367 -58.8 38.8611
    endloop
  endfacet
  facet normal -0.963737 0 -0.266853
    outer loop
      vertex 1.6248 -58.8 38.407
      vertex 1.60287 -56.9607 38.4862
      vertex 1.6248 -56.9601 38.407
    endloop
  endfacet
  facet normal -0.963737 -0 -0.266853
    outer loop
      vertex 1.60287 -56.9607 38.4862
      vertex 1.6248 -58.8 38.407
      vertex 1.60287 -58.8 38.4862
    endloop
  endfacet
  facet normal 0.0243273 -0 0.999704
    outer loop
      vertex -0.0821877 -58.8 36.327
      vertex 0 -57 36.325
      vertex -0.0821877 -56.998 36.327
    endloop
  endfacet
  facet normal 0.0243273 0 0.999704
    outer loop
      vertex 0 -57 36.325
      vertex -0.0821877 -58.8 36.327
      vertex 0 -58.8 36.325
    endloop
  endfacet
  facet normal 0.817514 -0 0.575909
    outer loop
      vertex -1.39271 -58.8 37.0694
      vertex -1.34537 -56.967 37.0022
      vertex -1.39271 -56.9658 37.0694
    endloop
  endfacet
  facet normal 0.817514 0 0.575909
    outer loop
      vertex -1.34537 -56.967 37.0022
      vertex -1.39271 -58.8 37.0694
      vertex -1.34537 -58.8 37.0022
    endloop
  endfacet
  facet normal -0.535133 0 0.844768
    outer loop
      vertex 0.861121 -56.9789 36.5633
      vertex 0.93058 -58.8 36.6073
      vertex 0.93058 -56.9772 36.6073
    endloop
  endfacet
  facet normal -0.535133 0 0.844768
    outer loop
      vertex 0.93058 -58.8 36.6073
      vertex 0.861121 -56.9789 36.5633
      vertex 0.861121 -58.8 36.5633
    endloop
  endfacet
  facet normal -0.575492 0 0.817807
    outer loop
      vertex 0.93058 -56.9772 36.6073
      vertex 0.997796 -58.8 36.6546
      vertex 0.997796 -56.9755 36.6546
    endloop
  endfacet
  facet normal -0.575492 0 0.817807
    outer loop
      vertex 0.997796 -58.8 36.6546
      vertex 0.93058 -56.9772 36.6073
      vertex 0.93058 -58.8 36.6073
    endloop
  endfacet
  facet normal 0.074194 -0 0.997244
    outer loop
      vertex -0.164178 -58.8 36.3331
      vertex -0.0821877 -56.998 36.327
      vertex -0.164178 -56.996 36.3331
    endloop
  endfacet
  facet normal 0.074194 0 0.997244
    outer loop
      vertex -0.0821877 -56.998 36.327
      vertex -0.164178 -58.8 36.3331
      vertex -0.0821877 -58.8 36.327
    endloop
  endfacet
  facet normal 0.914272 -0 0.4051
    outer loop
      vertex -1.5475 -58.8 37.359
      vertex -1.51418 -56.9628 37.2838
      vertex -1.5475 -56.962 37.359
    endloop
  endfacet
  facet normal 0.914272 0 0.4051
    outer loop
      vertex -1.51418 -56.9628 37.2838
      vertex -1.5475 -58.8 37.359
      vertex -1.51418 -58.8 37.2838
    endloop
  endfacet
  facet normal 0.360022 0 -0.932944
    outer loop
      vertex -0.640994 -58.8 39.5475
      vertex -0.56429 -56.9861 39.5771
      vertex -0.56429 -58.8 39.5771
    endloop
  endfacet
  facet normal 0.360022 0 -0.932944
    outer loop
      vertex -0.56429 -56.9861 39.5771
      vertex -0.640994 -58.8 39.5475
      vertex -0.640994 -56.9843 39.5475
    endloop
  endfacet
  facet normal 0.963737 -0 0.266853
    outer loop
      vertex -1.6248 -58.8 37.593
      vertex -1.60287 -56.9607 37.5138
      vertex -1.6248 -56.9601 37.593
    endloop
  endfacet
  facet normal 0.963737 0 0.266853
    outer loop
      vertex -1.60287 -56.9607 37.5138
      vertex -1.6248 -58.8 37.593
      vertex -1.60287 -58.8 37.5138
    endloop
  endfacet
  facet normal 0.975701 0 -0.219107
    outer loop
      vertex -1.6248 -58.8 38.407
      vertex -1.64281 -56.9597 38.3268
      vertex -1.6248 -56.9601 38.407
    endloop
  endfacet
  facet normal 0.975701 0 -0.219107
    outer loop
      vertex -1.64281 -56.9597 38.3268
      vertex -1.6248 -58.8 38.407
      vertex -1.64281 -58.8 38.3268
    endloop
  endfacet
  facet normal -0.870005 0 0.493043
    outer loop
      vertex 1.47722 -58.8 37.2104
      vertex 1.4367 -56.9647 37.1389
      vertex 1.4367 -58.8 37.1389
    endloop
  endfacet
  facet normal -0.870005 0 0.493043
    outer loop
      vertex 1.4367 -56.9647 37.1389
      vertex 1.47722 -58.8 37.2104
      vertex 1.47722 -56.9637 37.2104
    endloop
  endfacet
  facet normal 0.266405 -0 0.963861
    outer loop
      vertex -0.486226 -58.8 36.3971
      vertex -0.406991 -56.99 36.3752
      vertex -0.486226 -56.9881 36.3971
    endloop
  endfacet
  facet normal 0.266405 0 0.963861
    outer loop
      vertex -0.406991 -56.99 36.3752
      vertex -0.486226 -58.8 36.3971
      vertex -0.406991 -58.8 36.3752
    endloop
  endfacet
  facet normal -0.914272 0 0.4051
    outer loop
      vertex 1.5475 -58.8 37.359
      vertex 1.51418 -56.9628 37.2838
      vertex 1.51418 -58.8 37.2838
    endloop
  endfacet
  facet normal -0.914272 0 0.4051
    outer loop
      vertex 1.51418 -56.9628 37.2838
      vertex 1.5475 -58.8 37.359
      vertex 1.5475 -56.962 37.359
    endloop
  endfacet
  facet normal 0.999698 0 -0.0245668
    outer loop
      vertex -1.67298 -58.8 38.0822
      vertex -1.675 -56.9589 38
      vertex -1.67298 -56.9589 38.0822
    endloop
  endfacet
  facet normal 0.999698 0 -0.0245668
    outer loop
      vertex -1.675 -56.9589 38
      vertex -1.67298 -58.8 38.0822
      vertex -1.675 -58.8 38
    endloop
  endfacet
  facet normal 0.997289 0 -0.0735805
    outer loop
      vertex -1.66693 -58.8 38.1642
      vertex -1.67298 -56.9589 38.0822
      vertex -1.66693 -56.9591 38.1642
    endloop
  endfacet
  facet normal 0.997289 0 -0.0735805
    outer loop
      vertex -1.67298 -56.9589 38.0822
      vertex -1.66693 -58.8 38.1642
      vertex -1.67298 -58.8 38.0822
    endloop
  endfacet
  facet normal 0.405077 -0 0.914282
    outer loop
      vertex -0.716154 -58.8 36.4858
      vertex -0.640994 -56.9843 36.4525
      vertex -0.716154 -56.9824 36.4858
    endloop
  endfacet
  facet normal 0.405077 0 0.914282
    outer loop
      vertex -0.640994 -56.9843 36.4525
      vertex -0.716154 -58.8 36.4858
      vertex -0.640994 -58.8 36.4525
    endloop
  endfacet
  facet normal 0.985267 -0 0.171023
    outer loop
      vertex -1.65687 -58.8 37.7542
      vertex -1.64281 -56.9597 37.6732
      vertex -1.65687 -56.9593 37.7542
    endloop
  endfacet
  facet normal 0.985267 0 0.171023
    outer loop
      vertex -1.64281 -56.9597 37.6732
      vertex -1.65687 -58.8 37.7542
      vertex -1.64281 -58.8 37.6732
    endloop
  endfacet
  facet normal -0.492692 -0 -0.870204
    outer loop
      vertex 0.789589 -56.9806 39.4772
      vertex 0.861121 -58.8 39.4367
      vertex 0.789589 -58.8 39.4772
    endloop
  endfacet
  facet normal -0.492692 0 -0.870204
    outer loop
      vertex 0.861121 -58.8 39.4367
      vertex 0.789589 -56.9806 39.4772
      vertex 0.861121 -56.9789 39.4367
    endloop
  endfacet
  facet normal -0.932978 0 -0.359933
    outer loop
      vertex 1.57709 -58.8 38.5643
      vertex 1.5475 -56.962 38.641
      vertex 1.57709 -56.9613 38.5643
    endloop
  endfacet
  facet normal -0.932978 -0 -0.359933
    outer loop
      vertex 1.5475 -56.962 38.641
      vertex 1.57709 -58.8 38.5643
      vertex 1.5475 -58.8 38.641
    endloop
  endfacet
  facet normal -0.893158 0 -0.449743
    outer loop
      vertex 1.51418 -58.8 38.7162
      vertex 1.47722 -56.9637 38.7896
      vertex 1.51418 -56.9628 38.7162
    endloop
  endfacet
  facet normal -0.893158 -0 -0.449743
    outer loop
      vertex 1.47722 -56.9637 38.7896
      vertex 1.51418 -58.8 38.7162
      vertex 1.47722 -58.8 38.7896
    endloop
  endfacet
  facet normal -0.218952 0 0.975736
    outer loop
      vertex 0.326776 -56.992 36.3572
      vertex 0.406991 -58.8 36.3752
      vertex 0.406991 -56.99 36.3752
    endloop
  endfacet
  facet normal -0.218952 0 0.975736
    outer loop
      vertex 0.406991 -58.8 36.3752
      vertex 0.326776 -56.992 36.3572
      vertex 0.326776 -58.8 36.3572
    endloop
  endfacet
  facet normal -0.171489 0 0.985186
    outer loop
      vertex 0.245773 -56.994 36.3431
      vertex 0.326776 -58.8 36.3572
      vertex 0.326776 -56.992 36.3572
    endloop
  endfacet
  facet normal -0.171489 0 0.985186
    outer loop
      vertex 0.326776 -58.8 36.3572
      vertex 0.245773 -56.994 36.3431
      vertex 0.245773 -58.8 36.3431
    endloop
  endfacet
  facet normal 0.615373 -0 0.788236
    outer loop
      vertex -1.06261 -58.8 36.7052
      vertex -0.997796 -56.9755 36.6546
      vertex -1.06261 -56.9739 36.7052
    endloop
  endfacet
  facet normal 0.615373 0 0.788236
    outer loop
      vertex -0.997796 -56.9755 36.6546
      vertex -1.06261 -58.8 36.7052
      vertex -0.997796 -58.8 36.6546
    endloop
  endfacet
  facet normal -0.266405 0 0.963861
    outer loop
      vertex 0.406991 -56.99 36.3752
      vertex 0.486226 -58.8 36.3971
      vertex 0.486226 -56.9881 36.3971
    endloop
  endfacet
  facet normal -0.266405 0 0.963861
    outer loop
      vertex 0.486226 -58.8 36.3971
      vertex 0.406991 -56.99 36.3752
      vertex 0.406991 -58.8 36.3752
    endloop
  endfacet
  facet normal -0.360022 0 0.932944
    outer loop
      vertex 0.56429 -56.9861 36.4229
      vertex 0.640994 -58.8 36.4525
      vertex 0.640994 -56.9843 36.4525
    endloop
  endfacet
  facet normal -0.360022 0 0.932944
    outer loop
      vertex 0.640994 -58.8 36.4525
      vertex 0.56429 -56.9861 36.4229
      vertex 0.56429 -58.8 36.4229
    endloop
  endfacet
  facet normal -0.817514 0 0.575909
    outer loop
      vertex 1.39271 -58.8 37.0694
      vertex 1.34537 -56.967 37.0022
      vertex 1.34537 -58.8 37.0022
    endloop
  endfacet
  facet normal -0.817514 0 0.575909
    outer loop
      vertex 1.34537 -56.967 37.0022
      vertex 1.39271 -58.8 37.0694
      vertex 1.39271 -56.9658 37.0694
    endloop
  endfacet
  facet normal 0.653192 -0 0.757192
    outer loop
      vertex -1.12486 -58.8 36.7589
      vertex -1.06261 -56.9739 36.7052
      vertex -1.12486 -56.9724 36.7589
    endloop
  endfacet
  facet normal 0.653192 0 0.757192
    outer loop
      vertex -1.06261 -56.9739 36.7052
      vertex -1.12486 -58.8 36.7589
      vertex -1.06261 -58.8 36.7052
    endloop
  endfacet
  facet normal 0.313804 -0 0.949488
    outer loop
      vertex -0.56429 -58.8 36.4229
      vertex -0.486226 -56.9881 36.3971
      vertex -0.56429 -56.9861 36.4229
    endloop
  endfacet
  facet normal 0.313804 0 0.949488
    outer loop
      vertex -0.486226 -56.9881 36.3971
      vertex -0.56429 -58.8 36.4229
      vertex -0.486226 -58.8 36.3971
    endloop
  endfacet
  facet normal -0.615373 0 0.788236
    outer loop
      vertex 0.997796 -56.9755 36.6546
      vertex 1.06261 -58.8 36.7052
      vertex 1.06261 -56.9739 36.7052
    endloop
  endfacet
  facet normal -0.615373 0 0.788236
    outer loop
      vertex 1.06261 -58.8 36.7052
      vertex 0.997796 -56.9755 36.6546
      vertex 0.997796 -58.8 36.6546
    endloop
  endfacet
  facet normal 0.949603 0 -0.313454
    outer loop
      vertex -1.57709 -58.8 38.5643
      vertex -1.60287 -56.9607 38.4862
      vertex -1.57709 -56.9613 38.5643
    endloop
  endfacet
  facet normal 0.949603 0 -0.313454
    outer loop
      vertex -1.60287 -56.9607 38.4862
      vertex -1.57709 -58.8 38.5643
      vertex -1.60287 -58.8 38.4862
    endloop
  endfacet
  facet normal 0.218952 0 -0.975736
    outer loop
      vertex -0.406991 -58.8 39.6248
      vertex -0.326776 -56.992 39.6428
      vertex -0.326776 -58.8 39.6428
    endloop
  endfacet
  facet normal 0.218952 0 -0.975736
    outer loop
      vertex -0.326776 -56.992 39.6428
      vertex -0.406991 -58.8 39.6248
      vertex -0.406991 -56.99 39.6248
    endloop
  endfacet
  facet normal -0.975701 0 0.219107
    outer loop
      vertex 1.6248 -58.8 37.593
      vertex 1.64281 -56.9597 37.6732
      vertex 1.6248 -56.9601 37.593
    endloop
  endfacet
  facet normal -0.975701 0 0.219107
    outer loop
      vertex 1.64281 -56.9597 37.6732
      vertex 1.6248 -58.8 37.593
      vertex 1.64281 -58.8 37.6732
    endloop
  endfacet
  facet normal -0.757451 0 0.652892
    outer loop
      vertex 1.29479 -58.8 36.9374
      vertex 1.24109 -56.9695 36.8751
      vertex 1.24109 -58.8 36.8751
    endloop
  endfacet
  facet normal -0.757451 0 0.652892
    outer loop
      vertex 1.24109 -56.9695 36.8751
      vertex 1.29479 -58.8 36.9374
      vertex 1.29479 -56.9682 36.9374
    endloop
  endfacet
  facet normal -0.949603 0 -0.313454
    outer loop
      vertex 1.60287 -58.8 38.4862
      vertex 1.57709 -56.9613 38.5643
      vertex 1.60287 -56.9607 38.4862
    endloop
  endfacet
  facet normal -0.949603 -0 -0.313454
    outer loop
      vertex 1.57709 -56.9613 38.5643
      vertex 1.60287 -58.8 38.4862
      vertex 1.57709 -58.8 38.5643
    endloop
  endfacet
  facet normal 0.689625 0 -0.724167
    outer loop
      vertex -1.1844 -58.8 39.1844
      vertex -1.12486 -56.9724 39.2411
      vertex -1.12486 -58.8 39.2411
    endloop
  endfacet
  facet normal 0.689625 0 -0.724167
    outer loop
      vertex -1.12486 -56.9724 39.2411
      vertex -1.1844 -58.8 39.1844
      vertex -1.1844 -56.9709 39.1844
    endloop
  endfacet
  facet normal -0.985267 0 -0.171023
    outer loop
      vertex 1.65687 -58.8 38.2458
      vertex 1.64281 -56.9597 38.3268
      vertex 1.65687 -56.9593 38.2458
    endloop
  endfacet
  facet normal -0.985267 -0 -0.171023
    outer loop
      vertex 1.64281 -56.9597 38.3268
      vertex 1.65687 -58.8 38.2458
      vertex 1.64281 -58.8 38.3268
    endloop
  endfacet
  facet normal -0.723996 0 -0.689804
    outer loop
      vertex 1.24109 -58.8 39.1249
      vertex 1.1844 -56.9709 39.1844
      vertex 1.24109 -56.9695 39.1249
    endloop
  endfacet
  facet normal -0.723996 -0 -0.689804
    outer loop
      vertex 1.1844 -56.9709 39.1844
      vertex 1.24109 -58.8 39.1249
      vertex 1.1844 -58.8 39.1844
    endloop
  endfacet
  facet normal -0.757451 0 -0.652892
    outer loop
      vertex 1.29479 -58.8 39.0626
      vertex 1.24109 -56.9695 39.1249
      vertex 1.29479 -56.9682 39.0626
    endloop
  endfacet
  facet normal -0.757451 -0 -0.652892
    outer loop
      vertex 1.24109 -56.9695 39.1249
      vertex 1.29479 -58.8 39.0626
      vertex 1.24109 -58.8 39.1249
    endloop
  endfacet
  facet normal 0.492692 -0 0.870204
    outer loop
      vertex -0.861121 -58.8 36.5633
      vertex -0.789589 -56.9806 36.5228
      vertex -0.861121 -56.9789 36.5633
    endloop
  endfacet
  facet normal 0.492692 0 0.870204
    outer loop
      vertex -0.789589 -56.9806 36.5228
      vertex -0.861121 -58.8 36.5633
      vertex -0.789589 -58.8 36.5228
    endloop
  endfacet
  facet normal 0.78829 -0 0.615304
    outer loop
      vertex -1.34537 -58.8 37.0022
      vertex -1.29479 -56.9682 36.9374
      vertex -1.34537 -56.967 37.0022
    endloop
  endfacet
  facet normal 0.78829 0 0.615304
    outer loop
      vertex -1.29479 -56.9682 36.9374
      vertex -1.34537 -58.8 37.0022
      vertex -1.29479 -58.8 36.9374
    endloop
  endfacet
  facet normal -0.575492 -0 -0.817807
    outer loop
      vertex 0.93058 -56.9772 39.3927
      vertex 0.997796 -58.8 39.3454
      vertex 0.93058 -58.8 39.3927
    endloop
  endfacet
  facet normal -0.575492 0 -0.817807
    outer loop
      vertex 0.997796 -58.8 39.3454
      vertex 0.93058 -56.9772 39.3927
      vertex 0.997796 -56.9755 39.3454
    endloop
  endfacet
  facet normal -0.0243273 -0 -0.999704
    outer loop
      vertex 0 -57 39.675
      vertex 0.0821877 -58.8 39.673
      vertex 0 -58.8 39.675
    endloop
  endfacet
  facet normal -0.0243273 0 -0.999704
    outer loop
      vertex 0.0821877 -58.8 39.673
      vertex 0 -57 39.675
      vertex 0.0821877 -56.998 39.673
    endloop
  endfacet
  facet normal 0.121646 0 -0.992574
    outer loop
      vertex -0.245773 -58.8 39.6569
      vertex -0.164178 -56.996 39.6669
      vertex -0.164178 -58.8 39.6669
    endloop
  endfacet
  facet normal 0.121646 0 -0.992574
    outer loop
      vertex -0.164178 -56.996 39.6669
      vertex -0.245773 -58.8 39.6569
      vertex -0.245773 -56.994 39.6569
    endloop
  endfacet
  facet normal -0.689625 -0 -0.724167
    outer loop
      vertex 1.12486 -56.9724 39.2411
      vertex 1.1844 -58.8 39.1844
      vertex 1.12486 -58.8 39.2411
    endloop
  endfacet
  facet normal -0.689625 0 -0.724167
    outer loop
      vertex 1.1844 -58.8 39.1844
      vertex 1.12486 -56.9724 39.2411
      vertex 1.1844 -56.9709 39.1844
    endloop
  endfacet
  facet normal -0.817514 0 -0.575909
    outer loop
      vertex 1.39271 -58.8 38.9306
      vertex 1.34537 -56.967 38.9978
      vertex 1.39271 -56.9658 38.9306
    endloop
  endfacet
  facet normal -0.817514 -0 -0.575909
    outer loop
      vertex 1.34537 -56.967 38.9978
      vertex 1.39271 -58.8 38.9306
      vertex 1.34537 -58.8 38.9978
    endloop
  endfacet
  facet normal -0.723996 0 0.689804
    outer loop
      vertex 1.24109 -58.8 36.8751
      vertex 1.1844 -56.9709 36.8156
      vertex 1.1844 -58.8 36.8156
    endloop
  endfacet
  facet normal -0.723996 0 0.689804
    outer loop
      vertex 1.1844 -56.9709 36.8156
      vertex 1.24109 -58.8 36.8751
      vertex 1.24109 -56.9695 36.8751
    endloop
  endfacet
  facet normal 0.653192 0 -0.757192
    outer loop
      vertex -1.12486 -58.8 39.2411
      vertex -1.06261 -56.9739 39.2948
      vertex -1.06261 -58.8 39.2948
    endloop
  endfacet
  facet normal 0.653192 0 -0.757192
    outer loop
      vertex -1.06261 -56.9739 39.2948
      vertex -1.12486 -58.8 39.2411
      vertex -1.12486 -56.9724 39.2411
    endloop
  endfacet
  facet normal 0.932978 -0 0.359933
    outer loop
      vertex -1.57709 -58.8 37.4357
      vertex -1.5475 -56.962 37.359
      vertex -1.57709 -56.9613 37.4357
    endloop
  endfacet
  facet normal 0.932978 0 0.359933
    outer loop
      vertex -1.5475 -56.962 37.359
      vertex -1.57709 -58.8 37.4357
      vertex -1.5475 -58.8 37.359
    endloop
  endfacet
  facet normal 0.844966 0 -0.534821
    outer loop
      vertex -1.4367 -58.8 38.8611
      vertex -1.39271 -56.9658 38.9306
      vertex -1.39271 -58.8 38.9306
    endloop
  endfacet
  facet normal 0.844966 0 -0.534821
    outer loop
      vertex -1.39271 -56.9658 38.9306
      vertex -1.4367 -58.8 38.8611
      vertex -1.4367 -56.9647 38.8611
    endloop
  endfacet
  facet normal 0.689625 -0 0.724167
    outer loop
      vertex -1.1844 -58.8 36.8156
      vertex -1.12486 -56.9724 36.7589
      vertex -1.1844 -56.9709 36.8156
    endloop
  endfacet
  facet normal 0.689625 0 0.724167
    outer loop
      vertex -1.12486 -56.9724 36.7589
      vertex -1.1844 -58.8 36.8156
      vertex -1.12486 -58.8 36.7589
    endloop
  endfacet
  facet normal 0.074194 0 -0.997244
    outer loop
      vertex -0.164178 -58.8 39.6669
      vertex -0.0821877 -56.998 39.673
      vertex -0.0821877 -58.8 39.673
    endloop
  endfacet
  facet normal 0.074194 0 -0.997244
    outer loop
      vertex -0.0821877 -56.998 39.673
      vertex -0.164178 -58.8 39.6669
      vertex -0.164178 -56.996 39.6669
    endloop
  endfacet
  facet normal 0.44996 0 -0.893049
    outer loop
      vertex -0.789589 -58.8 39.4772
      vertex -0.716154 -56.9824 39.5142
      vertex -0.716154 -58.8 39.5142
    endloop
  endfacet
  facet normal 0.44996 0 -0.893049
    outer loop
      vertex -0.716154 -56.9824 39.5142
      vertex -0.789589 -58.8 39.4772
      vertex -0.789589 -56.9806 39.4772
    endloop
  endfacet
  facet normal 0.44996 -0 0.893049
    outer loop
      vertex -0.789589 -58.8 36.5228
      vertex -0.716154 -56.9824 36.4858
      vertex -0.789589 -56.9806 36.5228
    endloop
  endfacet
  facet normal 0.44996 0 0.893049
    outer loop
      vertex -0.716154 -56.9824 36.4858
      vertex -0.789589 -58.8 36.5228
      vertex -0.716154 -58.8 36.4858
    endloop
  endfacet
  facet normal 0.575492 -0 0.817807
    outer loop
      vertex -0.997796 -58.8 36.6546
      vertex -0.93058 -56.9772 36.6073
      vertex -0.997796 -56.9755 36.6546
    endloop
  endfacet
  facet normal 0.575492 0 0.817807
    outer loop
      vertex -0.93058 -56.9772 36.6073
      vertex -0.997796 -58.8 36.6546
      vertex -0.93058 -58.8 36.6073
    endloop
  endfacet
  facet normal -0.313804 -0 -0.949488
    outer loop
      vertex 0.486226 -56.9881 39.6029
      vertex 0.56429 -58.8 39.5771
      vertex 0.486226 -58.8 39.6029
    endloop
  endfacet
  facet normal -0.313804 0 -0.949488
    outer loop
      vertex 0.56429 -58.8 39.5771
      vertex 0.486226 -56.9881 39.6029
      vertex 0.56429 -56.9861 39.5771
    endloop
  endfacet
  facet normal -0.074194 -0 -0.997244
    outer loop
      vertex 0.0821877 -56.998 39.673
      vertex 0.164178 -58.8 39.6669
      vertex 0.0821877 -58.8 39.673
    endloop
  endfacet
  facet normal -0.074194 0 -0.997244
    outer loop
      vertex 0.164178 -58.8 39.6669
      vertex 0.0821877 -56.998 39.673
      vertex 0.164178 -56.996 39.6669
    endloop
  endfacet
  facet normal 0.615373 0 -0.788236
    outer loop
      vertex -1.06261 -58.8 39.2948
      vertex -0.997796 -56.9755 39.3454
      vertex -0.997796 -58.8 39.3454
    endloop
  endfacet
  facet normal 0.615373 0 -0.788236
    outer loop
      vertex -0.997796 -56.9755 39.3454
      vertex -1.06261 -58.8 39.2948
      vertex -1.06261 -56.9739 39.2948
    endloop
  endfacet
  facet normal 0.893158 0 -0.449743
    outer loop
      vertex -1.51418 -58.8 38.7162
      vertex -1.47722 -56.9637 38.7896
      vertex -1.47722 -58.8 38.7896
    endloop
  endfacet
  facet normal 0.893158 0 -0.449743
    outer loop
      vertex -1.47722 -56.9637 38.7896
      vertex -1.51418 -58.8 38.7162
      vertex -1.51418 -56.9628 38.7162
    endloop
  endfacet
  facet normal -0.171489 -0 -0.985186
    outer loop
      vertex 0.245773 -56.994 39.6569
      vertex 0.326776 -58.8 39.6428
      vertex 0.245773 -58.8 39.6569
    endloop
  endfacet
  facet normal -0.171489 0 -0.985186
    outer loop
      vertex 0.326776 -58.8 39.6428
      vertex 0.245773 -56.994 39.6569
      vertex 0.326776 -56.992 39.6428
    endloop
  endfacet
  facet normal -0.121646 -0 -0.992574
    outer loop
      vertex 0.164178 -56.996 39.6669
      vertex 0.245773 -58.8 39.6569
      vertex 0.164178 -58.8 39.6669
    endloop
  endfacet
  facet normal -0.121646 0 -0.992574
    outer loop
      vertex 0.245773 -58.8 39.6569
      vertex 0.164178 -56.996 39.6669
      vertex 0.245773 -56.994 39.6569
    endloop
  endfacet
  facet normal -0.949603 0 0.313454
    outer loop
      vertex 1.57709 -58.8 37.4357
      vertex 1.60287 -56.9607 37.5138
      vertex 1.57709 -56.9613 37.4357
    endloop
  endfacet
  facet normal -0.949603 0 0.313454
    outer loop
      vertex 1.60287 -56.9607 37.5138
      vertex 1.57709 -58.8 37.4357
      vertex 1.60287 -58.8 37.5138
    endloop
  endfacet
  facet normal 0.844966 -0 0.534821
    outer loop
      vertex -1.4367 -58.8 37.1389
      vertex -1.39271 -56.9658 37.0694
      vertex -1.4367 -56.9647 37.1389
    endloop
  endfacet
  facet normal 0.844966 0 0.534821
    outer loop
      vertex -1.39271 -56.9658 37.0694
      vertex -1.4367 -58.8 37.1389
      vertex -1.39271 -58.8 37.0694
    endloop
  endfacet
  facet normal 0.914272 0 -0.4051
    outer loop
      vertex -1.5475 -58.8 38.641
      vertex -1.51418 -56.9628 38.7162
      vertex -1.51418 -58.8 38.7162
    endloop
  endfacet
  facet normal 0.914272 0 -0.4051
    outer loop
      vertex -1.51418 -56.9628 38.7162
      vertex -1.5475 -58.8 38.641
      vertex -1.5475 -56.962 38.641
    endloop
  endfacet
  facet normal -0.266405 -0 -0.963861
    outer loop
      vertex 0.406991 -56.99 39.6248
      vertex 0.486226 -58.8 39.6029
      vertex 0.406991 -58.8 39.6248
    endloop
  endfacet
  facet normal -0.266405 0 -0.963861
    outer loop
      vertex 0.486226 -58.8 39.6029
      vertex 0.406991 -56.99 39.6248
      vertex 0.486226 -56.9881 39.6029
    endloop
  endfacet
  facet normal -0.963737 0 0.266853
    outer loop
      vertex 1.60287 -58.8 37.5138
      vertex 1.6248 -56.9601 37.593
      vertex 1.60287 -56.9607 37.5138
    endloop
  endfacet
  facet normal -0.963737 0 0.266853
    outer loop
      vertex 1.6248 -56.9601 37.593
      vertex 1.60287 -58.8 37.5138
      vertex 1.6248 -58.8 37.593
    endloop
  endfacet
  facet normal 0.870005 0 -0.493043
    outer loop
      vertex -1.47722 -58.8 38.7896
      vertex -1.4367 -56.9647 38.8611
      vertex -1.4367 -58.8 38.8611
    endloop
  endfacet
  facet normal 0.870005 0 -0.493043
    outer loop
      vertex -1.4367 -56.9647 38.8611
      vertex -1.47722 -58.8 38.7896
      vertex -1.47722 -56.9637 38.7896
    endloop
  endfacet
  facet normal 0.757451 0 -0.652892
    outer loop
      vertex -1.29479 -58.8 39.0626
      vertex -1.24109 -56.9695 39.1249
      vertex -1.24109 -58.8 39.1249
    endloop
  endfacet
  facet normal 0.757451 0 -0.652892
    outer loop
      vertex -1.24109 -56.9695 39.1249
      vertex -1.29479 -58.8 39.0626
      vertex -1.29479 -56.9682 39.0626
    endloop
  endfacet
  facet normal 0.535133 0 -0.844768
    outer loop
      vertex -0.93058 -58.8 39.3927
      vertex -0.861121 -56.9789 39.4367
      vertex -0.861121 -58.8 39.4367
    endloop
  endfacet
  facet normal 0.535133 0 -0.844768
    outer loop
      vertex -0.861121 -56.9789 39.4367
      vertex -0.93058 -58.8 39.3927
      vertex -0.93058 -56.9772 39.3927
    endloop
  endfacet
  facet normal 0.975701 -0 0.219107
    outer loop
      vertex -1.64281 -58.8 37.6732
      vertex -1.6248 -56.9601 37.593
      vertex -1.64281 -56.9597 37.6732
    endloop
  endfacet
  facet normal 0.975701 0 0.219107
    outer loop
      vertex -1.6248 -56.9601 37.593
      vertex -1.64281 -58.8 37.6732
      vertex -1.6248 -58.8 37.593
    endloop
  endfacet
  facet normal 0.266405 0 -0.963861
    outer loop
      vertex -0.486226 -58.8 39.6029
      vertex -0.406991 -56.99 39.6248
      vertex -0.406991 -58.8 39.6248
    endloop
  endfacet
  facet normal 0.266405 0 -0.963861
    outer loop
      vertex -0.406991 -56.99 39.6248
      vertex -0.486226 -58.8 39.6029
      vertex -0.486226 -56.9881 39.6029
    endloop
  endfacet
  facet normal -0.405077 -0 -0.914282
    outer loop
      vertex 0.640994 -56.9843 39.5475
      vertex 0.716154 -58.8 39.5142
      vertex 0.640994 -58.8 39.5475
    endloop
  endfacet
  facet normal -0.405077 0 -0.914282
    outer loop
      vertex 0.716154 -58.8 39.5142
      vertex 0.640994 -56.9843 39.5475
      vertex 0.716154 -56.9824 39.5142
    endloop
  endfacet
  facet normal -0.44996 -0 -0.893049
    outer loop
      vertex 0.716154 -56.9824 39.5142
      vertex 0.789589 -58.8 39.4772
      vertex 0.716154 -58.8 39.5142
    endloop
  endfacet
  facet normal -0.44996 0 -0.893049
    outer loop
      vertex 0.789589 -58.8 39.4772
      vertex 0.716154 -56.9824 39.5142
      vertex 0.789589 -56.9806 39.4772
    endloop
  endfacet
  facet normal -0.914272 0 -0.4051
    outer loop
      vertex 1.5475 -58.8 38.641
      vertex 1.51418 -56.9628 38.7162
      vertex 1.5475 -56.962 38.641
    endloop
  endfacet
  facet normal -0.914272 -0 -0.4051
    outer loop
      vertex 1.51418 -56.9628 38.7162
      vertex 1.5475 -58.8 38.641
      vertex 1.51418 -58.8 38.7162
    endloop
  endfacet
  facet normal 0.817514 0 -0.575909
    outer loop
      vertex -1.39271 -58.8 38.9306
      vertex -1.34537 -56.967 38.9978
      vertex -1.34537 -58.8 38.9978
    endloop
  endfacet
  facet normal 0.817514 0 -0.575909
    outer loop
      vertex -1.34537 -56.967 38.9978
      vertex -1.39271 -58.8 38.9306
      vertex -1.39271 -56.9658 38.9306
    endloop
  endfacet
  facet normal 0.985267 0 -0.171023
    outer loop
      vertex -1.64281 -58.8 38.3268
      vertex -1.65687 -56.9593 38.2458
      vertex -1.64281 -56.9597 38.3268
    endloop
  endfacet
  facet normal 0.985267 0 -0.171023
    outer loop
      vertex -1.65687 -56.9593 38.2458
      vertex -1.64281 -58.8 38.3268
      vertex -1.65687 -58.8 38.2458
    endloop
  endfacet
  facet normal 0.992486 0 -0.122358
    outer loop
      vertex -1.65687 -58.8 38.2458
      vertex -1.66693 -56.9591 38.1642
      vertex -1.65687 -56.9593 38.2458
    endloop
  endfacet
  facet normal 0.992486 0 -0.122358
    outer loop
      vertex -1.66693 -56.9591 38.1642
      vertex -1.65687 -58.8 38.2458
      vertex -1.66693 -58.8 38.1642
    endloop
  endfacet
  facet normal 0.0242623 0 -0.999706
    outer loop
      vertex -0.160696 -59.9961 41.2711
      vertex 0 -58.8 41.275
      vertex 0 -60 41.275
    endloop
  endfacet
  facet normal 0.0242623 0 -0.999706
    outer loop
      vertex 0 -58.8 41.275
      vertex -0.160696 -59.9961 41.2711
      vertex -0.160696 -58.8 41.2711
    endloop
  endfacet
  facet normal -0.121939 0 0.992538
    outer loop
      vertex 0.321006 -58.8 34.7408
      vertex 0.480542 -59.9882 34.7604
      vertex 0.480542 -58.8 34.7604
    endloop
  endfacet
  facet normal -0.121939 0 0.992538
    outer loop
      vertex 0.480542 -59.9882 34.7604
      vertex 0.321006 -58.8 34.7408
      vertex 0.321006 -59.9921 34.7408
    endloop
  endfacet
  facet normal -0.492732 0 0.870181
    outer loop
      vertex 1.54382 -58.8 35.1117
      vertex 1.68369 -59.9587 35.1909
      vertex 1.68369 -58.8 35.1909
    endloop
  endfacet
  facet normal -0.492732 0 0.870181
    outer loop
      vertex 1.68369 -59.9587 35.1909
      vertex 1.54382 -58.8 35.1117
      vertex 1.54382 -59.9621 35.1117
    endloop
  endfacet
  facet normal -0.121939 -0 -0.992538
    outer loop
      vertex 0.321006 -58.8 41.2592
      vertex 0.480542 -59.9882 41.2396
      vertex 0.321006 -59.9921 41.2592
    endloop
  endfacet
  facet normal -0.121939 0 -0.992538
    outer loop
      vertex 0.480542 -59.9882 41.2396
      vertex 0.321006 -58.8 41.2592
      vertex 0.480542 -58.8 41.2396
    endloop
  endfacet
  facet normal 0.997292 -0 0.0735371
    outer loop
      vertex -3.27105 -59.9036 37.8393
      vertex -3.25923 -58.8 37.679
      vertex -3.27105 -58.8 37.8393
    endloop
  endfacet
  facet normal 0.997292 0 0.0735371
    outer loop
      vertex -3.25923 -58.8 37.679
      vertex -3.27105 -59.9036 37.8393
      vertex -3.25923 -59.9045 37.679
    endloop
  endfacet
  facet normal -0.844838 0 0.535022
    outer loop
      vertex 2.72306 -58.8 36.1805
      vertex 2.80906 -59.931 36.3163
      vertex 2.80906 -58.8 36.3163
    endloop
  endfacet
  facet normal -0.844838 0 0.535022
    outer loop
      vertex 2.80906 -59.931 36.3163
      vertex 2.72306 -58.8 36.1805
      vertex 2.72306 -59.9332 36.1805
    endloop
  endfacet
  facet normal 0.844838 -0 0.535022
    outer loop
      vertex -2.80906 -59.931 36.3163
      vertex -2.72306 -58.8 36.1805
      vertex -2.80906 -58.8 36.3163
    endloop
  endfacet
  facet normal 0.844838 0 0.535022
    outer loop
      vertex -2.72306 -58.8 36.1805
      vertex -2.80906 -59.931 36.3163
      vertex -2.72306 -59.9332 36.1805
    endloop
  endfacet
  facet normal 0.492732 0 -0.870181
    outer loop
      vertex -1.68369 -59.9587 40.8091
      vertex -1.54382 -58.8 40.8883
      vertex -1.54382 -59.9621 40.8883
    endloop
  endfacet
  facet normal 0.492732 0 -0.870181
    outer loop
      vertex -1.54382 -58.8 40.8883
      vertex -1.68369 -59.9587 40.8091
      vertex -1.68369 -58.8 40.8091
    endloop
  endfacet
  facet normal 0.999698 0 -0.0245725
    outer loop
      vertex -3.27105 -58.8 38.1607
      vertex -3.275 -59.9033 38
      vertex -3.275 -58.8 38
    endloop
  endfacet
  facet normal 0.999698 0 -0.0245725
    outer loop
      vertex -3.275 -59.9033 38
      vertex -3.27105 -58.8 38.1607
      vertex -3.27105 -59.9036 38.1607
    endloop
  endfacet
  facet normal 0.218988 -0 0.975728
    outer loop
      vertex -0.795759 -59.9805 34.8231
      vertex -0.638921 -58.8 34.7879
      vertex -0.795759 -58.8 34.8231
    endloop
  endfacet
  facet normal 0.218988 0 0.975728
    outer loop
      vertex -0.638921 -58.8 34.7879
      vertex -0.795759 -59.9805 34.8231
      vertex -0.638921 -59.9843 34.7879
    endloop
  endfacet
  facet normal -0.689438 0 0.724345
    outer loop
      vertex 2.19936 -58.8 35.5734
      vertex 2.31577 -59.9431 35.6842
      vertex 2.31577 -58.8 35.6842
    endloop
  endfacet
  facet normal -0.689438 0 0.724345
    outer loop
      vertex 2.31577 -59.9431 35.6842
      vertex 2.19936 -58.8 35.5734
      vertex 2.19936 -59.946 35.5734
    endloop
  endfacet
  facet normal 0.615227 -0 0.78835
    outer loop
      vertex -2.07764 -59.949 35.4684
      vertex -1.95091 -58.8 35.3695
      vertex -2.07764 -58.8 35.4684
    endloop
  endfacet
  facet normal 0.615227 0 0.78835
    outer loop
      vertex -1.95091 -58.8 35.3695
      vertex -2.07764 -59.949 35.4684
      vertex -1.95091 -59.9521 35.3695
    endloop
  endfacet
  facet normal -0.0242623 0 0.999706
    outer loop
      vertex 0 -58.8 34.725
      vertex 0.160696 -59.9961 34.7289
      vertex 0.160696 -58.8 34.7289
    endloop
  endfacet
  facet normal -0.0242623 0 0.999706
    outer loop
      vertex 0.160696 -59.9961 34.7289
      vertex 0 -58.8 34.725
      vertex 0 -60 34.725
    endloop
  endfacet
  facet normal -0.313561 0 0.949568
    outer loop
      vertex 0.950682 -58.8 34.866
      vertex 1.10331 -59.9729 34.9164
      vertex 1.10331 -58.8 34.9164
    endloop
  endfacet
  facet normal -0.313561 0 0.949568
    outer loop
      vertex 1.10331 -59.9729 34.9164
      vertex 0.950682 -58.8 34.866
      vertex 0.950682 -59.9767 34.866
    endloop
  endfacet
  facet normal 0.44975 -0 0.893155
    outer loop
      vertex -1.54382 -59.9621 35.1117
      vertex -1.40024 -58.8 35.0394
      vertex -1.54382 -58.8 35.1117
    endloop
  endfacet
  facet normal 0.44975 0 0.893155
    outer loop
      vertex -1.40024 -58.8 35.0394
      vertex -1.54382 -59.9621 35.1117
      vertex -1.40024 -59.9656 35.0394
    endloop
  endfacet
  facet normal -0.788309 0 0.615279
    outer loop
      vertex 2.53161 -58.8 35.9224
      vertex 2.6305 -59.9354 36.0491
      vertex 2.6305 -58.8 36.0491
    endloop
  endfacet
  facet normal -0.788309 0 0.615279
    outer loop
      vertex 2.6305 -59.9354 36.0491
      vertex 2.53161 -58.8 35.9224
      vertex 2.53161 -59.9379 35.9224
    endloop
  endfacet
  facet normal 0.963771 0 -0.266732
    outer loop
      vertex -3.13398 -58.8 38.9507
      vertex -3.17685 -59.9106 38.7958
      vertex -3.17685 -58.8 38.7958
    endloop
  endfacet
  facet normal 0.963771 0 -0.266732
    outer loop
      vertex -3.17685 -59.9106 38.7958
      vertex -3.13398 -58.8 38.9507
      vertex -3.13398 -59.9137 38.9507
    endloop
  endfacet
  facet normal -0.575989 0 0.817457
    outer loop
      vertex 1.81949 -58.8 35.2769
      vertex 1.95091 -59.9521 35.3695
      vertex 1.95091 -58.8 35.3695
    endloop
  endfacet
  facet normal -0.575989 0 0.817457
    outer loop
      vertex 1.95091 -59.9521 35.3695
      vertex 1.81949 -58.8 35.2769
      vertex 1.81949 -59.9553 35.2769
    endloop
  endfacet
  facet normal -0.914132 0 0.405417
    outer loop
      vertex 2.96056 -58.8 36.5998
      vertex 3.02571 -59.9217 36.7467
      vertex 3.02571 -58.8 36.7467
    endloop
  endfacet
  facet normal -0.914132 0 0.405417
    outer loop
      vertex 3.02571 -59.9217 36.7467
      vertex 2.96056 -58.8 36.5998
      vertex 2.96056 -59.9265 36.5998
    endloop
  endfacet
  facet normal 0.266869 -0 0.963733
    outer loop
      vertex -0.950682 -59.9767 34.866
      vertex -0.795759 -58.8 34.8231
      vertex -0.950682 -58.8 34.866
    endloop
  endfacet
  facet normal 0.266869 0 0.963733
    outer loop
      vertex -0.795759 -58.8 34.8231
      vertex -0.950682 -59.9767 34.866
      vertex -0.795759 -59.9805 34.8231
    endloop
  endfacet
  facet normal 0.689438 0 -0.724345
    outer loop
      vertex -2.31577 -59.9431 40.3158
      vertex -2.19936 -58.8 40.4266
      vertex -2.19936 -59.946 40.4266
    endloop
  endfacet
  facet normal 0.689438 0 -0.724345
    outer loop
      vertex -2.19936 -58.8 40.4266
      vertex -2.31577 -59.9431 40.3158
      vertex -2.31577 -58.8 40.3158
    endloop
  endfacet
  facet normal -0.844838 0 -0.535022
    outer loop
      vertex 2.80906 -59.931 39.6837
      vertex 2.72306 -58.8 39.8195
      vertex 2.80906 -58.8 39.6837
    endloop
  endfacet
  facet normal -0.844838 -0 -0.535022
    outer loop
      vertex 2.72306 -58.8 39.8195
      vertex 2.80906 -59.931 39.6837
      vertex 2.72306 -59.9332 39.8195
    endloop
  endfacet
  facet normal -0.535022 0 0.844838
    outer loop
      vertex 1.68369 -58.8 35.1909
      vertex 1.81949 -59.9553 35.2769
      vertex 1.81949 -58.8 35.2769
    endloop
  endfacet
  facet normal -0.535022 0 0.844838
    outer loop
      vertex 1.81949 -59.9553 35.2769
      vertex 1.68369 -58.8 35.1909
      vertex 1.68369 -59.9587 35.1909
    endloop
  endfacet
  facet normal 0.999698 -0 0.0245725
    outer loop
      vertex -3.275 -59.9033 38
      vertex -3.27105 -58.8 37.8393
      vertex -3.275 -58.8 38
    endloop
  endfacet
  facet normal 0.999698 0 0.0245725
    outer loop
      vertex -3.27105 -58.8 37.8393
      vertex -3.275 -59.9033 38
      vertex -3.27105 -59.9036 37.8393
    endloop
  endfacet
  facet normal 0.0740275 0 -0.997256
    outer loop
      vertex -0.321006 -59.9921 41.2592
      vertex -0.160696 -58.8 41.2711
      vertex -0.160696 -59.9961 41.2711
    endloop
  endfacet
  facet normal 0.0740275 0 -0.997256
    outer loop
      vertex -0.160696 -58.8 41.2711
      vertex -0.321006 -59.9921 41.2592
      vertex -0.321006 -58.8 41.2592
    endloop
  endfacet
  facet normal 0.963771 -0 0.266732
    outer loop
      vertex -3.17685 -59.9106 37.2042
      vertex -3.13398 -58.8 37.0493
      vertex -3.17685 -58.8 37.2042
    endloop
  endfacet
  facet normal 0.963771 0 0.266732
    outer loop
      vertex -3.13398 -58.8 37.0493
      vertex -3.17685 -59.9106 37.2042
      vertex -3.13398 -59.9137 37.0493
    endloop
  endfacet
  facet normal 0.933017 0 -0.359833
    outer loop
      vertex -3.02571 -58.8 39.2533
      vertex -3.08356 -59.9174 39.1033
      vertex -3.08356 -58.8 39.1033
    endloop
  endfacet
  facet normal 0.933017 0 -0.359833
    outer loop
      vertex -3.08356 -59.9174 39.1033
      vertex -3.02571 -58.8 39.2533
      vertex -3.02571 -59.9217 39.2533
    endloop
  endfacet
  facet normal -0.870147 0 0.492793
    outer loop
      vertex 2.80906 -58.8 36.3163
      vertex 2.88829 -59.9291 36.4562
      vertex 2.88829 -58.8 36.4562
    endloop
  endfacet
  facet normal -0.870147 0 0.492793
    outer loop
      vertex 2.88829 -59.9291 36.4562
      vertex 2.80906 -58.8 36.3163
      vertex 2.80906 -59.931 36.3163
    endloop
  endfacet
  facet normal -0.615227 0 0.78835
    outer loop
      vertex 1.95091 -58.8 35.3695
      vertex 2.07764 -59.949 35.4684
      vertex 2.07764 -58.8 35.4684
    endloop
  endfacet
  facet normal -0.615227 0 0.78835
    outer loop
      vertex 2.07764 -59.949 35.4684
      vertex 1.95091 -58.8 35.3695
      vertex 1.95091 -59.9521 35.3695
    endloop
  endfacet
  facet normal 0.360146 0 -0.932896
    outer loop
      vertex -1.25329 -59.9692 41.0257
      vertex -1.10331 -58.8 41.0836
      vertex -1.10331 -59.9729 41.0836
    endloop
  endfacet
  facet normal 0.360146 0 -0.932896
    outer loop
      vertex -1.10331 -58.8 41.0836
      vertex -1.25329 -59.9692 41.0257
      vertex -1.25329 -58.8 41.0257
    endloop
  endfacet
  facet normal -0.985283 0 0.170932
    outer loop
      vertex 3.21207 -58.8 37.3611
      vertex 3.23955 -59.9059 37.5195
      vertex 3.23955 -58.8 37.5195
    endloop
  endfacet
  facet normal -0.985283 0 0.170932
    outer loop
      vertex 3.23955 -59.9059 37.5195
      vertex 3.21207 -58.8 37.3611
      vertex 3.21207 -59.908 37.3611
    endloop
  endfacet
  facet normal -0.999698 0 -0.0245725
    outer loop
      vertex 3.275 -59.9033 38
      vertex 3.27105 -58.8 38.1607
      vertex 3.275 -58.8 38
    endloop
  endfacet
  facet normal -0.999698 -0 -0.0245725
    outer loop
      vertex 3.27105 -58.8 38.1607
      vertex 3.275 -59.9033 38
      vertex 3.27105 -59.9036 38.1607
    endloop
  endfacet
  facet normal 0.985283 0 -0.170932
    outer loop
      vertex -3.21207 -58.8 38.6389
      vertex -3.23955 -59.9059 38.4805
      vertex -3.23955 -58.8 38.4805
    endloop
  endfacet
  facet normal 0.985283 0 -0.170932
    outer loop
      vertex -3.23955 -59.9059 38.4805
      vertex -3.21207 -58.8 38.6389
      vertex -3.21207 -59.908 38.6389
    endloop
  endfacet
  facet normal 0.492732 -0 0.870181
    outer loop
      vertex -1.68369 -59.9587 35.1909
      vertex -1.54382 -58.8 35.1117
      vertex -1.68369 -58.8 35.1909
    endloop
  endfacet
  facet normal 0.492732 0 0.870181
    outer loop
      vertex -1.54382 -58.8 35.1117
      vertex -1.68369 -59.9587 35.1909
      vertex -1.54382 -59.9621 35.1117
    endloop
  endfacet
  facet normal 0.121939 -0 0.992538
    outer loop
      vertex -0.480542 -59.9882 34.7604
      vertex -0.321006 -58.8 34.7408
      vertex -0.480542 -58.8 34.7604
    endloop
  endfacet
  facet normal 0.121939 0 0.992538
    outer loop
      vertex -0.321006 -58.8 34.7408
      vertex -0.480542 -59.9882 34.7604
      vertex -0.321006 -59.9921 34.7408
    endloop
  endfacet
  facet normal -0.266869 -0 -0.963733
    outer loop
      vertex 0.795759 -58.8 41.1769
      vertex 0.950682 -59.9767 41.134
      vertex 0.795759 -59.9805 41.1769
    endloop
  endfacet
  facet normal -0.266869 0 -0.963733
    outer loop
      vertex 0.950682 -59.9767 41.134
      vertex 0.795759 -58.8 41.1769
      vertex 0.950682 -58.8 41.134
    endloop
  endfacet
  facet normal -0.933017 0 -0.359833
    outer loop
      vertex 3.08356 -59.9174 39.1033
      vertex 3.02571 -58.8 39.2533
      vertex 3.08356 -58.8 39.1033
    endloop
  endfacet
  facet normal -0.933017 -0 -0.359833
    outer loop
      vertex 3.02571 -58.8 39.2533
      vertex 3.08356 -59.9174 39.1033
      vertex 3.02571 -59.9217 39.2533
    endloop
  endfacet
  facet normal 0.97572 -0 0.219024
    outer loop
      vertex -3.21207 -59.908 37.3611
      vertex -3.17685 -58.8 37.2042
      vertex -3.21207 -58.8 37.3611
    endloop
  endfacet
  facet normal 0.97572 0 0.219024
    outer loop
      vertex -3.17685 -58.8 37.2042
      vertex -3.21207 -59.908 37.3611
      vertex -3.17685 -59.9106 37.2042
    endloop
  endfacet
  facet normal 0.689438 -0 0.724345
    outer loop
      vertex -2.31577 -59.9431 35.6842
      vertex -2.19936 -58.8 35.5734
      vertex -2.31577 -58.8 35.6842
    endloop
  endfacet
  facet normal 0.689438 0 0.724345
    outer loop
      vertex -2.19936 -58.8 35.5734
      vertex -2.31577 -59.9431 35.6842
      vertex -2.19936 -59.946 35.5734
    endloop
  endfacet
  facet normal -0.44975 0 0.893155
    outer loop
      vertex 1.40024 -58.8 35.0394
      vertex 1.54382 -59.9621 35.1117
      vertex 1.54382 -58.8 35.1117
    endloop
  endfacet
  facet normal -0.44975 0 0.893155
    outer loop
      vertex 1.54382 -59.9621 35.1117
      vertex 1.40024 -58.8 35.0394
      vertex 1.40024 -59.9656 35.0394
    endloop
  endfacet
  facet normal -0.817533 0 -0.575882
    outer loop
      vertex 2.72306 -59.9332 39.8195
      vertex 2.6305 -58.8 39.9509
      vertex 2.72306 -58.8 39.8195
    endloop
  endfacet
  facet normal -0.817533 -0 -0.575882
    outer loop
      vertex 2.6305 -58.8 39.9509
      vertex 2.72306 -59.9332 39.8195
      vertex 2.6305 -59.9354 39.9509
    endloop
  endfacet
  facet normal 0.724191 0 -0.689599
    outer loop
      vertex -2.31577 -58.8 40.3158
      vertex -2.42661 -59.9404 40.1994
      vertex -2.42661 -58.8 40.1994
    endloop
  endfacet
  facet normal 0.724191 0 -0.689599
    outer loop
      vertex -2.42661 -59.9404 40.1994
      vertex -2.31577 -58.8 40.3158
      vertex -2.31577 -59.9431 40.3158
    endloop
  endfacet
  facet normal -0.992474 0 -0.122457
    outer loop
      vertex 3.25923 -59.9045 38.321
      vertex 3.23955 -58.8 38.4805
      vertex 3.25923 -58.8 38.321
    endloop
  endfacet
  facet normal -0.992474 -0 -0.122457
    outer loop
      vertex 3.23955 -58.8 38.4805
      vertex 3.25923 -59.9045 38.321
      vertex 3.23955 -59.9059 38.4805
    endloop
  endfacet
  facet normal -0.985283 0 -0.170932
    outer loop
      vertex 3.23955 -59.9059 38.4805
      vertex 3.21207 -58.8 38.6389
      vertex 3.23955 -58.8 38.4805
    endloop
  endfacet
  facet normal -0.985283 -0 -0.170932
    outer loop
      vertex 3.21207 -58.8 38.6389
      vertex 3.23955 -59.9059 38.4805
      vertex 3.21207 -59.908 38.6389
    endloop
  endfacet
  facet normal 0.653186 -0 0.757198
    outer loop
      vertex -2.19936 -59.946 35.5734
      vertex -2.07764 -58.8 35.4684
      vertex -2.19936 -58.8 35.5734
    endloop
  endfacet
  facet normal 0.653186 0 0.757198
    outer loop
      vertex -2.07764 -58.8 35.4684
      vertex -2.19936 -59.946 35.5734
      vertex -2.07764 -59.949 35.4684
    endloop
  endfacet
  facet normal -0.653186 -0 -0.757198
    outer loop
      vertex 2.07764 -58.8 40.5316
      vertex 2.19936 -59.946 40.4266
      vertex 2.07764 -59.949 40.5316
    endloop
  endfacet
  facet normal -0.653186 0 -0.757198
    outer loop
      vertex 2.19936 -59.946 40.4266
      vertex 2.07764 -58.8 40.5316
      vertex 2.19936 -58.8 40.4266
    endloop
  endfacet
  facet normal -0.997292 0 0.0735371
    outer loop
      vertex 3.25923 -58.8 37.679
      vertex 3.27105 -59.9036 37.8393
      vertex 3.27105 -58.8 37.8393
    endloop
  endfacet
  facet normal -0.997292 0 0.0735371
    outer loop
      vertex 3.27105 -59.9036 37.8393
      vertex 3.25923 -58.8 37.679
      vertex 3.25923 -59.9045 37.679
    endloop
  endfacet
  facet normal -0.0740275 0 0.997256
    outer loop
      vertex 0.160696 -58.8 34.7289
      vertex 0.321006 -59.9921 34.7408
      vertex 0.321006 -58.8 34.7408
    endloop
  endfacet
  facet normal -0.0740275 0 0.997256
    outer loop
      vertex 0.321006 -59.9921 34.7408
      vertex 0.160696 -58.8 34.7289
      vertex 0.160696 -59.9961 34.7289
    endloop
  endfacet
  facet normal 0.992474 0 -0.122457
    outer loop
      vertex -3.23955 -58.8 38.4805
      vertex -3.25923 -59.9045 38.321
      vertex -3.25923 -58.8 38.321
    endloop
  endfacet
  facet normal 0.992474 0 -0.122457
    outer loop
      vertex -3.25923 -59.9045 38.321
      vertex -3.23955 -58.8 38.4805
      vertex -3.23955 -59.9059 38.4805
    endloop
  endfacet
  facet normal -0.933017 0 0.359833
    outer loop
      vertex 3.02571 -58.8 36.7467
      vertex 3.08356 -59.9174 36.8967
      vertex 3.08356 -58.8 36.8967
    endloop
  endfacet
  facet normal -0.933017 0 0.359833
    outer loop
      vertex 3.08356 -59.9174 36.8967
      vertex 3.02571 -58.8 36.7467
      vertex 3.02571 -59.9217 36.7467
    endloop
  endfacet
  facet normal 0.121939 0 -0.992538
    outer loop
      vertex -0.480542 -59.9882 41.2396
      vertex -0.321006 -58.8 41.2592
      vertex -0.321006 -59.9921 41.2592
    endloop
  endfacet
  facet normal 0.121939 0 -0.992538
    outer loop
      vertex -0.321006 -58.8 41.2592
      vertex -0.480542 -59.9882 41.2396
      vertex -0.480542 -58.8 41.2396
    endloop
  endfacet
  facet normal 0.893255 -5.82494e-06 -0.449551
    outer loop
      vertex -2.94406 -59.9277 39.433
      vertex -2.96056 -58.8 39.4002
      vertex -2.88829 -58.8 39.5438
    endloop
  endfacet
  facet normal 0.893335 0 -0.449391
    outer loop
      vertex -2.96056 -58.8 39.4002
      vertex -2.94406 -59.9277 39.433
      vertex -2.96056 -59.9265 39.4002
    endloop
  endfacet
  facet normal 0.893231 0 -0.449598
    outer loop
      vertex -2.94406 -59.9277 39.433
      vertex -2.88829 -58.8 39.5438
      vertex -2.88829 -59.9291 39.5438
    endloop
  endfacet
  facet normal 0.97572 0 -0.219024
    outer loop
      vertex -3.17685 -58.8 38.7958
      vertex -3.21207 -59.908 38.6389
      vertex -3.21207 -58.8 38.6389
    endloop
  endfacet
  facet normal 0.97572 0 -0.219024
    outer loop
      vertex -3.21207 -59.908 38.6389
      vertex -3.17685 -58.8 38.7958
      vertex -3.17685 -59.9106 38.7958
    endloop
  endfacet
  facet normal 0.949514 -0 0.313725
    outer loop
      vertex -3.13398 -59.9137 37.0493
      vertex -3.08356 -58.8 36.8967
      vertex -3.13398 -58.8 37.0493
    endloop
  endfacet
  facet normal 0.949514 0 0.313725
    outer loop
      vertex -3.08356 -58.8 36.8967
      vertex -3.13398 -59.9137 37.0493
      vertex -3.08356 -59.9174 36.8967
    endloop
  endfacet
  facet normal -0.724191 0 -0.689599
    outer loop
      vertex 2.42661 -59.9404 40.1994
      vertex 2.31577 -58.8 40.3158
      vertex 2.42661 -58.8 40.1994
    endloop
  endfacet
  facet normal -0.724191 -0 -0.689599
    outer loop
      vertex 2.31577 -58.8 40.3158
      vertex 2.42661 -59.9404 40.1994
      vertex 2.31577 -59.9431 40.3158
    endloop
  endfacet
  facet normal -0.360146 0 0.932896
    outer loop
      vertex 1.10331 -58.8 34.9164
      vertex 1.25329 -59.9692 34.9743
      vertex 1.25329 -58.8 34.9743
    endloop
  endfacet
  facet normal -0.360146 0 0.932896
    outer loop
      vertex 1.25329 -59.9692 34.9743
      vertex 1.10331 -58.8 34.9164
      vertex 1.10331 -59.9729 34.9164
    endloop
  endfacet
  facet normal 0.75741 0 -0.65294
    outer loop
      vertex -2.42661 -58.8 40.1994
      vertex -2.53161 -59.9379 40.0776
      vertex -2.53161 -58.8 40.0776
    endloop
  endfacet
  facet normal 0.75741 0 -0.65294
    outer loop
      vertex -2.53161 -59.9379 40.0776
      vertex -2.42661 -58.8 40.1994
      vertex -2.42661 -59.9404 40.1994
    endloop
  endfacet
  facet normal 0.313561 -0 0.949568
    outer loop
      vertex -1.10331 -59.9729 34.9164
      vertex -0.950682 -58.8 34.866
      vertex -1.10331 -58.8 34.9164
    endloop
  endfacet
  facet normal 0.313561 0 0.949568
    outer loop
      vertex -0.950682 -58.8 34.866
      vertex -1.10331 -59.9729 34.9164
      vertex -0.950682 -59.9767 34.866
    endloop
  endfacet
  facet normal -0.997292 0 -0.0735371
    outer loop
      vertex 3.27105 -59.9036 38.1607
      vertex 3.25923 -58.8 38.321
      vertex 3.27105 -58.8 38.1607
    endloop
  endfacet
  facet normal -0.997292 -0 -0.0735371
    outer loop
      vertex 3.25923 -58.8 38.321
      vertex 3.27105 -59.9036 38.1607
      vertex 3.25923 -59.9045 38.321
    endloop
  endfacet
  facet normal 0.0740275 -0 0.997256
    outer loop
      vertex -0.321006 -59.9921 34.7408
      vertex -0.160696 -58.8 34.7289
      vertex -0.321006 -58.8 34.7408
    endloop
  endfacet
  facet normal 0.0740275 0 0.997256
    outer loop
      vertex -0.160696 -58.8 34.7289
      vertex -0.321006 -59.9921 34.7408
      vertex -0.160696 -59.9961 34.7289
    endloop
  endfacet
  facet normal -0.724191 0 0.689599
    outer loop
      vertex 2.31577 -58.8 35.6842
      vertex 2.42661 -59.9404 35.8006
      vertex 2.42661 -58.8 35.8006
    endloop
  endfacet
  facet normal -0.724191 0 0.689599
    outer loop
      vertex 2.42661 -59.9404 35.8006
      vertex 2.31577 -58.8 35.6842
      vertex 2.31577 -59.9431 35.6842
    endloop
  endfacet
  facet normal -0.817533 0 0.575882
    outer loop
      vertex 2.6305 -58.8 36.0491
      vertex 2.72306 -59.9332 36.1805
      vertex 2.72306 -58.8 36.1805
    endloop
  endfacet
  facet normal -0.817533 0 0.575882
    outer loop
      vertex 2.72306 -59.9332 36.1805
      vertex 2.6305 -58.8 36.0491
      vertex 2.6305 -59.9354 36.0491
    endloop
  endfacet
  facet normal 0.992474 -0 0.122457
    outer loop
      vertex -3.25923 -59.9045 37.679
      vertex -3.23955 -58.8 37.5195
      vertex -3.25923 -58.8 37.679
    endloop
  endfacet
  facet normal 0.992474 0 0.122457
    outer loop
      vertex -3.23955 -58.8 37.5195
      vertex -3.25923 -59.9045 37.679
      vertex -3.23955 -59.9059 37.5195
    endloop
  endfacet
  facet normal 0 -1 0
    outer loop
      vertex 0 -58.8 39.675
      vertex 0 -58.8 41.275
      vertex -0.160696 -58.8 41.2711
    endloop
  endfacet
  facet normal 0 -1 0
    outer loop
      vertex -0.0821877 -58.8 39.673
      vertex -0.160696 -58.8 41.2711
      vertex -0.321006 -58.8 41.2592
    endloop
  endfacet
  facet normal 0 -1 0
    outer loop
      vertex 0 -58.8 41.275
      vertex 0 -58.8 39.675
      vertex 0.160696 -58.8 41.2711
    endloop
  endfacet
  facet normal 0 -1 0
    outer loop
      vertex -0.164178 -58.8 39.6669
      vertex -0.321006 -58.8 41.2592
      vertex -0.480542 -58.8 41.2396
    endloop
  endfacet
  facet normal 0 -1 0
    outer loop
      vertex 0.0821877 -58.8 39.673
      vertex 0.160696 -58.8 41.2711
      vertex 0 -58.8 39.675
    endloop
  endfacet
  facet normal 0 -1 0
    outer loop
      vertex -0.245773 -58.8 39.6569
      vertex -0.480542 -58.8 41.2396
      vertex -0.638921 -58.8 41.2121
    endloop
  endfacet
  facet normal 0 -1 -0
    outer loop
      vertex 0.160696 -58.8 41.2711
      vertex 0.0821877 -58.8 39.673
      vertex 0.321006 -58.8 41.2592
    endloop
  endfacet
  facet normal 0 -1 0
    outer loop
      vertex -0.326776 -58.8 39.6428
      vertex -0.638921 -58.8 41.2121
      vertex -0.795759 -58.8 41.1769
    endloop
  endfacet
  facet normal 0 -1 0
    outer loop
      vertex 0.164178 -58.8 39.6669
      vertex 0.321006 -58.8 41.2592
      vertex 0.0821877 -58.8 39.673
    endloop
  endfacet
  facet normal 0 -1 0
    outer loop
      vertex -0.406991 -58.8 39.6248
      vertex -0.795759 -58.8 41.1769
      vertex -0.950682 -58.8 41.134
    endloop
  endfacet
  facet normal 0 -1 -0
    outer loop
      vertex 0.321006 -58.8 41.2592
      vertex 0.164178 -58.8 39.6669
      vertex 0.480542 -58.8 41.2396
    endloop
  endfacet
  facet normal 0 -1 0
    outer loop
      vertex -0.486226 -58.8 39.6029
      vertex -0.950682 -58.8 41.134
      vertex -1.10331 -58.8 41.0836
    endloop
  endfacet
  facet normal 0 -1 0
    outer loop
      vertex 0.245773 -58.8 39.6569
      vertex 0.480542 -58.8 41.2396
      vertex 0.164178 -58.8 39.6669
    endloop
  endfacet
  facet normal 0 -1 0
    outer loop
      vertex -0.56429 -58.8 39.5771
      vertex -1.10331 -58.8 41.0836
      vertex -1.25329 -58.8 41.0257
    endloop
  endfacet
  facet normal 0 -1 -0
    outer loop
      vertex 0.480542 -58.8 41.2396
      vertex 0.245773 -58.8 39.6569
      vertex 0.638921 -58.8 41.2121
    endloop
  endfacet
  facet normal 0 -1 0
    outer loop
      vertex -0.640994 -58.8 39.5475
      vertex -1.25329 -58.8 41.0257
      vertex -1.40024 -58.8 40.9606
    endloop
  endfacet
  facet normal 0 -1 0
    outer loop
      vertex 0.326776 -58.8 39.6428
      vertex 0.638921 -58.8 41.2121
      vertex 0.245773 -58.8 39.6569
    endloop
  endfacet
  facet normal 0 -1 0
    outer loop
      vertex -0.716154 -58.8 39.5142
      vertex -1.40024 -58.8 40.9606
      vertex -1.54382 -58.8 40.8883
    endloop
  endfacet
  facet normal 0 -1 -0
    outer loop
      vertex 0.638921 -58.8 41.2121
      vertex 0.326776 -58.8 39.6428
      vertex 0.795759 -58.8 41.1769
    endloop
  endfacet
  facet normal 0 -1 0
    outer loop
      vertex -0.789589 -58.8 39.4772
      vertex -1.54382 -58.8 40.8883
      vertex -1.68369 -58.8 40.8091
    endloop
  endfacet
  facet normal 0 -1 0
    outer loop
      vertex 0.406991 -58.8 39.6248
      vertex 0.795759 -58.8 41.1769
      vertex 0.326776 -58.8 39.6428
    endloop
  endfacet
  facet normal 0 -1 0
    outer loop
      vertex -0.861121 -58.8 39.4367
      vertex -1.68369 -58.8 40.8091
      vertex -1.81949 -58.8 40.7231
    endloop
  endfacet
  facet normal 0 -1 -0
    outer loop
      vertex 0.795759 -58.8 41.1769
      vertex 0.406991 -58.8 39.6248
      vertex 0.950682 -58.8 41.134
    endloop
  endfacet
  facet normal 0 -1 0
    outer loop
      vertex -0.93058 -58.8 39.3927
      vertex -1.81949 -58.8 40.7231
      vertex -1.95091 -58.8 40.6305
    endloop
  endfacet
  facet normal 0 -1 0
    outer loop
      vertex 0.486226 -58.8 39.6029
      vertex 0.950682 -58.8 41.134
      vertex 0.406991 -58.8 39.6248
    endloop
  endfacet
  facet normal 0 -1 0
    outer loop
      vertex -0.997796 -58.8 39.3454
      vertex -1.95091 -58.8 40.6305
      vertex -2.07764 -58.8 40.5316
    endloop
  endfacet
  facet normal 0 -1 -0
    outer loop
      vertex 0.950682 -58.8 41.134
      vertex 0.486226 -58.8 39.6029
      vertex 1.10331 -58.8 41.0836
    endloop
  endfacet
  facet normal 0 -1 0
    outer loop
      vertex -1.06261 -58.8 39.2948
      vertex -2.07764 -58.8 40.5316
      vertex -2.19936 -58.8 40.4266
    endloop
  endfacet
  facet normal 0 -1 0
    outer loop
      vertex 0.56429 -58.8 39.5771
      vertex 1.10331 -58.8 41.0836
      vertex 0.486226 -58.8 39.6029
    endloop
  endfacet
  facet normal 0 -1 0
    outer loop
      vertex -1.12486 -58.8 39.2411
      vertex -2.19936 -58.8 40.4266
      vertex -2.31577 -58.8 40.3158
    endloop
  endfacet
  facet normal 0 -1 -0
    outer loop
      vertex 1.10331 -58.8 41.0836
      vertex 0.56429 -58.8 39.5771
      vertex 1.25329 -58.8 41.0257
    endloop
  endfacet
  facet normal 0 -1 0
    outer loop
      vertex -1.1844 -58.8 39.1844
      vertex -2.31577 -58.8 40.3158
      vertex -2.42661 -58.8 40.1994
    endloop
  endfacet
  facet normal 0 -1 0
    outer loop
      vertex 0.640994 -58.8 39.5475
      vertex 1.25329 -58.8 41.0257
      vertex 0.56429 -58.8 39.5771
    endloop
  endfacet
  facet normal 0 -1 0
    outer loop
      vertex -1.24109 -58.8 39.1249
      vertex -2.42661 -58.8 40.1994
      vertex -2.53161 -58.8 40.0776
    endloop
  endfacet
  facet normal 0 -1 -0
    outer loop
      vertex 1.25329 -58.8 41.0257
      vertex 0.640994 -58.8 39.5475
      vertex 1.40024 -58.8 40.9606
    endloop
  endfacet
  facet normal 0 -1 0
    outer loop
      vertex -1.29479 -58.8 39.0626
      vertex -2.53161 -58.8 40.0776
      vertex -2.6305 -58.8 39.9509
    endloop
  endfacet
  facet normal 0 -1 0
    outer loop
      vertex 0.716154 -58.8 39.5142
      vertex 1.40024 -58.8 40.9606
      vertex 0.640994 -58.8 39.5475
    endloop
  endfacet
  facet normal 0 -1 0
    outer loop
      vertex -1.34537 -58.8 38.9978
      vertex -2.6305 -58.8 39.9509
      vertex -2.72306 -58.8 39.8195
    endloop
  endfacet
  facet normal 0 -1 -0
    outer loop
      vertex 1.40024 -58.8 40.9606
      vertex 0.716154 -58.8 39.5142
      vertex 1.54382 -58.8 40.8883
    endloop
  endfacet
  facet normal 0 -1 0
    outer loop
      vertex -1.39271 -58.8 38.9306
      vertex -2.72306 -58.8 39.8195
      vertex -2.80906 -58.8 39.6837
    endloop
  endfacet
  facet normal 0 -1 0
    outer loop
      vertex 0.789589 -58.8 39.4772
      vertex 1.54382 -58.8 40.8883
      vertex 0.716154 -58.8 39.5142
    endloop
  endfacet
  facet normal 0 -1 -0
    outer loop
      vertex 1.54382 -58.8 40.8883
      vertex 0.789589 -58.8 39.4772
      vertex 1.68369 -58.8 40.8091
    endloop
  endfacet
  facet normal 0 -1 0
    outer loop
      vertex -0.160696 -58.8 41.2711
      vertex -0.0821877 -58.8 39.673
      vertex 0 -58.8 39.675
    endloop
  endfacet
  facet normal 0 -1 0
    outer loop
      vertex -0.321006 -58.8 41.2592
      vertex -0.164178 -58.8 39.6669
      vertex -0.0821877 -58.8 39.673
    endloop
  endfacet
  facet normal 0 -1 0
    outer loop
      vertex -0.480542 -58.8 41.2396
      vertex -0.245773 -58.8 39.6569
      vertex -0.164178 -58.8 39.6669
    endloop
  endfacet
  facet normal 0 -1 0
    outer loop
      vertex -0.638921 -58.8 41.2121
      vertex -0.326776 -58.8 39.6428
      vertex -0.245773 -58.8 39.6569
    endloop
  endfacet
  facet normal 0 -1 0
    outer loop
      vertex -0.795759 -58.8 41.1769
      vertex -0.406991 -58.8 39.6248
      vertex -0.326776 -58.8 39.6428
    endloop
  endfacet
  facet normal 0 -1 0
    outer loop
      vertex -0.950682 -58.8 41.134
      vertex -0.486226 -58.8 39.6029
      vertex -0.406991 -58.8 39.6248
    endloop
  endfacet
  facet normal 0 -1 0
    outer loop
      vertex -1.10331 -58.8 41.0836
      vertex -0.56429 -58.8 39.5771
      vertex -0.486226 -58.8 39.6029
    endloop
  endfacet
  facet normal 0 -1 0
    outer loop
      vertex -1.25329 -58.8 41.0257
      vertex -0.640994 -58.8 39.5475
      vertex -0.56429 -58.8 39.5771
    endloop
  endfacet
  facet normal 0 -1 0
    outer loop
      vertex -1.4367 -58.8 38.8611
      vertex -2.80906 -58.8 39.6837
      vertex -2.88829 -58.8 39.5438
    endloop
  endfacet
  facet normal 0 -1 0
    outer loop
      vertex -1.40024 -58.8 40.9606
      vertex -0.716154 -58.8 39.5142
      vertex -0.640994 -58.8 39.5475
    endloop
  endfacet
  facet normal 0 -1 0
    outer loop
      vertex -1.54382 -58.8 40.8883
      vertex -0.789589 -58.8 39.4772
      vertex -0.716154 -58.8 39.5142
    endloop
  endfacet
  facet normal 0 -1 0
    outer loop
      vertex -1.68369 -58.8 40.8091
      vertex -0.861121 -58.8 39.4367
      vertex -0.789589 -58.8 39.4772
    endloop
  endfacet
  facet normal 0 -1 0
    outer loop
      vertex -1.47722 -58.8 38.7896
      vertex -2.88829 -58.8 39.5438
      vertex -2.96056 -58.8 39.4002
    endloop
  endfacet
  facet normal 0 -1 0
    outer loop
      vertex -1.81949 -58.8 40.7231
      vertex -0.93058 -58.8 39.3927
      vertex -0.861121 -58.8 39.4367
    endloop
  endfacet
  facet normal 0 -1 0
    outer loop
      vertex -1.95091 -58.8 40.6305
      vertex -0.997796 -58.8 39.3454
      vertex -0.93058 -58.8 39.3927
    endloop
  endfacet
  facet normal 0 -1 0
    outer loop
      vertex -2.07764 -58.8 40.5316
      vertex -1.06261 -58.8 39.2948
      vertex -0.997796 -58.8 39.3454
    endloop
  endfacet
  facet normal 0 -1 0
    outer loop
      vertex -1.51418 -58.8 38.7162
      vertex -2.96056 -58.8 39.4002
      vertex -3.02571 -58.8 39.2533
    endloop
  endfacet
  facet normal 0 -1 0
    outer loop
      vertex -2.19936 -58.8 40.4266
      vertex -1.12486 -58.8 39.2411
      vertex -1.06261 -58.8 39.2948
    endloop
  endfacet
  facet normal 0 -1 0
    outer loop
      vertex -2.31577 -58.8 40.3158
      vertex -1.1844 -58.8 39.1844
      vertex -1.12486 -58.8 39.2411
    endloop
  endfacet
  facet normal 0 -1 0
    outer loop
      vertex -2.42661 -58.8 40.1994
      vertex -1.24109 -58.8 39.1249
      vertex -1.1844 -58.8 39.1844
    endloop
  endfacet
  facet normal 0 -1 0
    outer loop
      vertex -1.5475 -58.8 38.641
      vertex -3.02571 -58.8 39.2533
      vertex -3.08356 -58.8 39.1033
    endloop
  endfacet
  facet normal 0 -1 0
    outer loop
      vertex -2.53161 -58.8 40.0776
      vertex -1.29479 -58.8 39.0626
      vertex -1.24109 -58.8 39.1249
    endloop
  endfacet
  facet normal 0 -1 0
    outer loop
      vertex -2.6305 -58.8 39.9509
      vertex -1.34537 -58.8 38.9978
      vertex -1.29479 -58.8 39.0626
    endloop
  endfacet
  facet normal 0 -1 0
    outer loop
      vertex -1.57709 -58.8 38.5643
      vertex -3.08356 -58.8 39.1033
      vertex -3.13398 -58.8 38.9507
    endloop
  endfacet
  facet normal 0 -1 0
    outer loop
      vertex -2.72306 -58.8 39.8195
      vertex -1.39271 -58.8 38.9306
      vertex -1.34537 -58.8 38.9978
    endloop
  endfacet
  facet normal 0 -1 0
    outer loop
      vertex -2.80906 -58.8 39.6837
      vertex -1.4367 -58.8 38.8611
      vertex -1.39271 -58.8 38.9306
    endloop
  endfacet
  facet normal 0 -1 0
    outer loop
      vertex -1.60287 -58.8 38.4862
      vertex -3.13398 -58.8 38.9507
      vertex -3.17685 -58.8 38.7958
    endloop
  endfacet
  facet normal 0 -1 0
    outer loop
      vertex -2.88829 -58.8 39.5438
      vertex -1.47722 -58.8 38.7896
      vertex -1.4367 -58.8 38.8611
    endloop
  endfacet
  facet normal 0 -1 0
    outer loop
      vertex -2.96056 -58.8 39.4002
      vertex -1.51418 -58.8 38.7162
      vertex -1.47722 -58.8 38.7896
    endloop
  endfacet
  facet normal 0 -1 0
    outer loop
      vertex -3.02571 -58.8 39.2533
      vertex -1.5475 -58.8 38.641
      vertex -1.51418 -58.8 38.7162
    endloop
  endfacet
  facet normal 0 -1 0
    outer loop
      vertex -1.6248 -58.8 38.407
      vertex -3.17685 -58.8 38.7958
      vertex -3.21207 -58.8 38.6389
    endloop
  endfacet
  facet normal 0 -1 0
    outer loop
      vertex -3.08356 -58.8 39.1033
      vertex -1.57709 -58.8 38.5643
      vertex -1.5475 -58.8 38.641
    endloop
  endfacet
  facet normal 0 -1 0
    outer loop
      vertex -3.13398 -58.8 38.9507
      vertex -1.60287 -58.8 38.4862
      vertex -1.57709 -58.8 38.5643
    endloop
  endfacet
  facet normal 0 -1 0
    outer loop
      vertex -1.64281 -58.8 38.3268
      vertex -3.21207 -58.8 38.6389
      vertex -3.23955 -58.8 38.4805
    endloop
  endfacet
  facet normal 0 -1 0
    outer loop
      vertex -3.17685 -58.8 38.7958
      vertex -1.6248 -58.8 38.407
      vertex -1.60287 -58.8 38.4862
    endloop
  endfacet
  facet normal 0 -1 0
    outer loop
      vertex -3.21207 -58.8 38.6389
      vertex -1.64281 -58.8 38.3268
      vertex -1.6248 -58.8 38.407
    endloop
  endfacet
  facet normal 0 -1 0
    outer loop
      vertex -1.65687 -58.8 38.2458
      vertex -3.23955 -58.8 38.4805
      vertex -3.25923 -58.8 38.321
    endloop
  endfacet
  facet normal 0 -1 0
    outer loop
      vertex -3.23955 -58.8 38.4805
      vertex -1.65687 -58.8 38.2458
      vertex -1.64281 -58.8 38.3268
    endloop
  endfacet
  facet normal 0 -1 0
    outer loop
      vertex -3.25923 -58.8 38.321
      vertex -1.66693 -58.8 38.1642
      vertex -1.65687 -58.8 38.2458
    endloop
  endfacet
  facet normal 0 -1 0
    outer loop
      vertex -3.27105 -58.8 38.1607
      vertex -1.66693 -58.8 38.1642
      vertex -3.25923 -58.8 38.321
    endloop
  endfacet
  facet normal 0 -1 0
    outer loop
      vertex -3.27105 -58.8 38.1607
      vertex -1.67298 -58.8 38.0822
      vertex -1.66693 -58.8 38.1642
    endloop
  endfacet
  facet normal 0 -1 0
    outer loop
      vertex -3.275 -58.8 38
      vertex -1.67298 -58.8 38.0822
      vertex -3.27105 -58.8 38.1607
    endloop
  endfacet
  facet normal 0 -1 0
    outer loop
      vertex -3.275 -58.8 38
      vertex -1.675 -58.8 38
      vertex -1.67298 -58.8 38.0822
    endloop
  endfacet
  facet normal 0 -1 0
    outer loop
      vertex -3.275 -58.8 38
      vertex -1.67298 -58.8 37.9178
      vertex -1.675 -58.8 38
    endloop
  endfacet
  facet normal 0 -1 0
    outer loop
      vertex -3.27105 -58.8 37.8393
      vertex -1.67298 -58.8 37.9178
      vertex -3.275 -58.8 38
    endloop
  endfacet
  facet normal 0 -1 0
    outer loop
      vertex -3.27105 -58.8 37.8393
      vertex -1.66693 -58.8 37.8358
      vertex -1.67298 -58.8 37.9178
    endloop
  endfacet
  facet normal 0 -1 0
    outer loop
      vertex -3.25923 -58.8 37.679
      vertex -1.66693 -58.8 37.8358
      vertex -3.27105 -58.8 37.8393
    endloop
  endfacet
  facet normal 0 -1 -0
    outer loop
      vertex -1.66693 -58.8 37.8358
      vertex -3.25923 -58.8 37.679
      vertex -1.65687 -58.8 37.7542
    endloop
  endfacet
  facet normal 0 -1 0
    outer loop
      vertex -3.23955 -58.8 37.5195
      vertex -1.65687 -58.8 37.7542
      vertex -3.25923 -58.8 37.679
    endloop
  endfacet
  facet normal 0 -1 -0
    outer loop
      vertex -1.65687 -58.8 37.7542
      vertex -3.23955 -58.8 37.5195
      vertex -1.64281 -58.8 37.6732
    endloop
  endfacet
  facet normal 0 -1 0
    outer loop
      vertex -3.21207 -58.8 37.3611
      vertex -1.64281 -58.8 37.6732
      vertex -3.23955 -58.8 37.5195
    endloop
  endfacet
  facet normal 0 -1 -0
    outer loop
      vertex -1.64281 -58.8 37.6732
      vertex -3.21207 -58.8 37.3611
      vertex -1.6248 -58.8 37.593
    endloop
  endfacet
  facet normal 0 -1 0
    outer loop
      vertex -3.17685 -58.8 37.2042
      vertex -1.6248 -58.8 37.593
      vertex -3.21207 -58.8 37.3611
    endloop
  endfacet
  facet normal 0 -1 -0
    outer loop
      vertex -1.6248 -58.8 37.593
      vertex -3.17685 -58.8 37.2042
      vertex -1.60287 -58.8 37.5138
    endloop
  endfacet
  facet normal 0 -1 0
    outer loop
      vertex -3.13398 -58.8 37.0493
      vertex -1.60287 -58.8 37.5138
      vertex -3.17685 -58.8 37.2042
    endloop
  endfacet
  facet normal 0 -1 -0
    outer loop
      vertex -1.60287 -58.8 37.5138
      vertex -3.13398 -58.8 37.0493
      vertex -1.57709 -58.8 37.4357
    endloop
  endfacet
  facet normal 0 -1 0
    outer loop
      vertex -3.08356 -58.8 36.8967
      vertex -1.57709 -58.8 37.4357
      vertex -3.13398 -58.8 37.0493
    endloop
  endfacet
  facet normal 0 -1 -0
    outer loop
      vertex -1.57709 -58.8 37.4357
      vertex -3.08356 -58.8 36.8967
      vertex -1.5475 -58.8 37.359
    endloop
  endfacet
  facet normal 0 -1 0
    outer loop
      vertex -3.02571 -58.8 36.7467
      vertex -1.5475 -58.8 37.359
      vertex -3.08356 -58.8 36.8967
    endloop
  endfacet
  facet normal 0 -1 -0
    outer loop
      vertex -1.5475 -58.8 37.359
      vertex -3.02571 -58.8 36.7467
      vertex -1.51418 -58.8 37.2838
    endloop
  endfacet
  facet normal 0 -1 0
    outer loop
      vertex -2.96056 -58.8 36.5998
      vertex -1.51418 -58.8 37.2838
      vertex -3.02571 -58.8 36.7467
    endloop
  endfacet
  facet normal 0 -1 -0
    outer loop
      vertex -1.51418 -58.8 37.2838
      vertex -2.96056 -58.8 36.5998
      vertex -1.47722 -58.8 37.2104
    endloop
  endfacet
  facet normal 0 -1 0
    outer loop
      vertex -2.88829 -58.8 36.4562
      vertex -1.47722 -58.8 37.2104
      vertex -2.96056 -58.8 36.5998
    endloop
  endfacet
  facet normal 0 -1 -0
    outer loop
      vertex -1.47722 -58.8 37.2104
      vertex -2.88829 -58.8 36.4562
      vertex -1.4367 -58.8 37.1389
    endloop
  endfacet
  facet normal 0 -1 0
    outer loop
      vertex -2.80906 -58.8 36.3163
      vertex -1.4367 -58.8 37.1389
      vertex -2.88829 -58.8 36.4562
    endloop
  endfacet
  facet normal 0 -1 -0
    outer loop
      vertex -1.4367 -58.8 37.1389
      vertex -2.80906 -58.8 36.3163
      vertex -1.39271 -58.8 37.0694
    endloop
  endfacet
  facet normal 0 -1 0
    outer loop
      vertex -2.72306 -58.8 36.1805
      vertex -1.39271 -58.8 37.0694
      vertex -2.80906 -58.8 36.3163
    endloop
  endfacet
  facet normal 0 -1 -0
    outer loop
      vertex -1.39271 -58.8 37.0694
      vertex -2.72306 -58.8 36.1805
      vertex -1.34537 -58.8 37.0022
    endloop
  endfacet
  facet normal 0 -1 0
    outer loop
      vertex -2.6305 -58.8 36.0491
      vertex -1.34537 -58.8 37.0022
      vertex -2.72306 -58.8 36.1805
    endloop
  endfacet
  facet normal 0 -1 -0
    outer loop
      vertex -1.34537 -58.8 37.0022
      vertex -2.6305 -58.8 36.0491
      vertex -1.29479 -58.8 36.9374
    endloop
  endfacet
  facet normal 0 -1 0
    outer loop
      vertex -2.53161 -58.8 35.9224
      vertex -1.29479 -58.8 36.9374
      vertex -2.6305 -58.8 36.0491
    endloop
  endfacet
  facet normal 0 -1 -0
    outer loop
      vertex -1.29479 -58.8 36.9374
      vertex -2.53161 -58.8 35.9224
      vertex -1.24109 -58.8 36.8751
    endloop
  endfacet
  facet normal 0 -1 0
    outer loop
      vertex -2.42661 -58.8 35.8006
      vertex -1.24109 -58.8 36.8751
      vertex -2.53161 -58.8 35.9224
    endloop
  endfacet
  facet normal 0 -1 -0
    outer loop
      vertex -1.24109 -58.8 36.8751
      vertex -2.42661 -58.8 35.8006
      vertex -1.1844 -58.8 36.8156
    endloop
  endfacet
  facet normal 0 -1 0
    outer loop
      vertex -2.31577 -58.8 35.6842
      vertex -1.1844 -58.8 36.8156
      vertex -2.42661 -58.8 35.8006
    endloop
  endfacet
  facet normal 0 -1 -0
    outer loop
      vertex -1.1844 -58.8 36.8156
      vertex -2.31577 -58.8 35.6842
      vertex -1.12486 -58.8 36.7589
    endloop
  endfacet
  facet normal 0 -1 0
    outer loop
      vertex -2.19936 -58.8 35.5734
      vertex -1.12486 -58.8 36.7589
      vertex -2.31577 -58.8 35.6842
    endloop
  endfacet
  facet normal 0 -1 -0
    outer loop
      vertex -1.12486 -58.8 36.7589
      vertex -2.19936 -58.8 35.5734
      vertex -1.06261 -58.8 36.7052
    endloop
  endfacet
  facet normal 0 -1 0
    outer loop
      vertex -2.07764 -58.8 35.4684
      vertex -1.06261 -58.8 36.7052
      vertex -2.19936 -58.8 35.5734
    endloop
  endfacet
  facet normal 0 -1 -0
    outer loop
      vertex -1.06261 -58.8 36.7052
      vertex -2.07764 -58.8 35.4684
      vertex -0.997796 -58.8 36.6546
    endloop
  endfacet
  facet normal 0 -1 0
    outer loop
      vertex -1.95091 -58.8 35.3695
      vertex -0.997796 -58.8 36.6546
      vertex -2.07764 -58.8 35.4684
    endloop
  endfacet
  facet normal 0 -1 -0
    outer loop
      vertex -0.997796 -58.8 36.6546
      vertex -1.95091 -58.8 35.3695
      vertex -0.93058 -58.8 36.6073
    endloop
  endfacet
  facet normal 0 -1 0
    outer loop
      vertex -1.81949 -58.8 35.2769
      vertex -0.93058 -58.8 36.6073
      vertex -1.95091 -58.8 35.3695
    endloop
  endfacet
  facet normal 0 -1 -0
    outer loop
      vertex -0.93058 -58.8 36.6073
      vertex -1.81949 -58.8 35.2769
      vertex -0.861121 -58.8 36.5633
    endloop
  endfacet
  facet normal 0 -1 -0
    outer loop
      vertex -0.861121 -58.8 36.5633
      vertex -1.68369 -58.8 35.1909
      vertex -0.789589 -58.8 36.5228
    endloop
  endfacet
  facet normal 0 -1 0
    outer loop
      vertex -1.68369 -58.8 35.1909
      vertex -0.861121 -58.8 36.5633
      vertex -1.81949 -58.8 35.2769
    endloop
  endfacet
  facet normal 0 -1 0
    outer loop
      vertex 0.861121 -58.8 39.4367
      vertex 1.68369 -58.8 40.8091
      vertex 0.789589 -58.8 39.4772
    endloop
  endfacet
  facet normal 0 -1 -0
    outer loop
      vertex 1.68369 -58.8 40.8091
      vertex 0.861121 -58.8 39.4367
      vertex 1.81949 -58.8 40.7231
    endloop
  endfacet
  facet normal 0 -1 0
    outer loop
      vertex 0.93058 -58.8 39.3927
      vertex 1.81949 -58.8 40.7231
      vertex 0.861121 -58.8 39.4367
    endloop
  endfacet
  facet normal 0 -1 -0
    outer loop
      vertex 1.81949 -58.8 40.7231
      vertex 0.93058 -58.8 39.3927
      vertex 1.95091 -58.8 40.6305
    endloop
  endfacet
  facet normal 0 -1 0
    outer loop
      vertex 0.997796 -58.8 39.3454
      vertex 1.95091 -58.8 40.6305
      vertex 0.93058 -58.8 39.3927
    endloop
  endfacet
  facet normal 0 -1 -0
    outer loop
      vertex 1.95091 -58.8 40.6305
      vertex 0.997796 -58.8 39.3454
      vertex 2.07764 -58.8 40.5316
    endloop
  endfacet
  facet normal 0 -1 0
    outer loop
      vertex 1.06261 -58.8 39.2948
      vertex 2.07764 -58.8 40.5316
      vertex 0.997796 -58.8 39.3454
    endloop
  endfacet
  facet normal 0 -1 -0
    outer loop
      vertex 2.07764 -58.8 40.5316
      vertex 1.06261 -58.8 39.2948
      vertex 2.19936 -58.8 40.4266
    endloop
  endfacet
  facet normal 0 -1 0
    outer loop
      vertex 1.12486 -58.8 39.2411
      vertex 2.19936 -58.8 40.4266
      vertex 1.06261 -58.8 39.2948
    endloop
  endfacet
  facet normal 0 -1 -0
    outer loop
      vertex 2.19936 -58.8 40.4266
      vertex 1.12486 -58.8 39.2411
      vertex 2.31577 -58.8 40.3158
    endloop
  endfacet
  facet normal 0 -1 0
    outer loop
      vertex 1.1844 -58.8 39.1844
      vertex 2.31577 -58.8 40.3158
      vertex 1.12486 -58.8 39.2411
    endloop
  endfacet
  facet normal 0 -1 -0
    outer loop
      vertex 2.31577 -58.8 40.3158
      vertex 1.1844 -58.8 39.1844
      vertex 2.42661 -58.8 40.1994
    endloop
  endfacet
  facet normal 0 -1 0
    outer loop
      vertex 1.24109 -58.8 39.1249
      vertex 2.42661 -58.8 40.1994
      vertex 1.1844 -58.8 39.1844
    endloop
  endfacet
  facet normal 0 -1 -0
    outer loop
      vertex 2.42661 -58.8 40.1994
      vertex 1.24109 -58.8 39.1249
      vertex 2.53161 -58.8 40.0776
    endloop
  endfacet
  facet normal 0 -1 0
    outer loop
      vertex 1.29479 -58.8 39.0626
      vertex 2.53161 -58.8 40.0776
      vertex 1.24109 -58.8 39.1249
    endloop
  endfacet
  facet normal 0 -1 -0
    outer loop
      vertex 2.53161 -58.8 40.0776
      vertex 1.29479 -58.8 39.0626
      vertex 2.6305 -58.8 39.9509
    endloop
  endfacet
  facet normal 0 -1 0
    outer loop
      vertex 1.34537 -58.8 38.9978
      vertex 2.6305 -58.8 39.9509
      vertex 1.29479 -58.8 39.0626
    endloop
  endfacet
  facet normal 0 -1 -0
    outer loop
      vertex 2.6305 -58.8 39.9509
      vertex 1.34537 -58.8 38.9978
      vertex 2.72306 -58.8 39.8195
    endloop
  endfacet
  facet normal 0 -1 0
    outer loop
      vertex 1.39271 -58.8 38.9306
      vertex 2.72306 -58.8 39.8195
      vertex 1.34537 -58.8 38.9978
    endloop
  endfacet
  facet normal 0 -1 -0
    outer loop
      vertex 2.72306 -58.8 39.8195
      vertex 1.39271 -58.8 38.9306
      vertex 2.80906 -58.8 39.6837
    endloop
  endfacet
  facet normal 0 -1 0
    outer loop
      vertex 1.4367 -58.8 38.8611
      vertex 2.80906 -58.8 39.6837
      vertex 1.39271 -58.8 38.9306
    endloop
  endfacet
  facet normal 0 -1 -0
    outer loop
      vertex 2.80906 -58.8 39.6837
      vertex 1.4367 -58.8 38.8611
      vertex 2.88829 -58.8 39.5438
    endloop
  endfacet
  facet normal 0 -1 0
    outer loop
      vertex 1.47722 -58.8 38.7896
      vertex 2.88829 -58.8 39.5438
      vertex 1.4367 -58.8 38.8611
    endloop
  endfacet
  facet normal 0 -1 -0
    outer loop
      vertex 2.88829 -58.8 39.5438
      vertex 1.47722 -58.8 38.7896
      vertex 2.96056 -58.8 39.4002
    endloop
  endfacet
  facet normal 0 -1 0
    outer loop
      vertex 1.51418 -58.8 38.7162
      vertex 2.96056 -58.8 39.4002
      vertex 1.47722 -58.8 38.7896
    endloop
  endfacet
  facet normal 0 -1 -0
    outer loop
      vertex 2.96056 -58.8 39.4002
      vertex 1.51418 -58.8 38.7162
      vertex 3.02571 -58.8 39.2533
    endloop
  endfacet
  facet normal 0 -1 0
    outer loop
      vertex 1.5475 -58.8 38.641
      vertex 3.02571 -58.8 39.2533
      vertex 1.51418 -58.8 38.7162
    endloop
  endfacet
  facet normal 0 -1 -0
    outer loop
      vertex 3.02571 -58.8 39.2533
      vertex 1.5475 -58.8 38.641
      vertex 3.08356 -58.8 39.1033
    endloop
  endfacet
  facet normal 0 -1 0
    outer loop
      vertex 1.57709 -58.8 38.5643
      vertex 3.08356 -58.8 39.1033
      vertex 1.5475 -58.8 38.641
    endloop
  endfacet
  facet normal 0 -1 -0
    outer loop
      vertex 3.08356 -58.8 39.1033
      vertex 1.57709 -58.8 38.5643
      vertex 3.13398 -58.8 38.9507
    endloop
  endfacet
  facet normal 0 -1 0
    outer loop
      vertex 1.60287 -58.8 38.4862
      vertex 3.13398 -58.8 38.9507
      vertex 1.57709 -58.8 38.5643
    endloop
  endfacet
  facet normal 0 -1 -0
    outer loop
      vertex 3.13398 -58.8 38.9507
      vertex 1.60287 -58.8 38.4862
      vertex 3.17685 -58.8 38.7958
    endloop
  endfacet
  facet normal 0 -1 0
    outer loop
      vertex 1.6248 -58.8 38.407
      vertex 3.17685 -58.8 38.7958
      vertex 1.60287 -58.8 38.4862
    endloop
  endfacet
  facet normal 0 -1 -0
    outer loop
      vertex 3.17685 -58.8 38.7958
      vertex 1.6248 -58.8 38.407
      vertex 3.21207 -58.8 38.6389
    endloop
  endfacet
  facet normal 0 -1 0
    outer loop
      vertex 1.64281 -58.8 38.3268
      vertex 3.21207 -58.8 38.6389
      vertex 1.6248 -58.8 38.407
    endloop
  endfacet
  facet normal 0 -1 -0
    outer loop
      vertex 3.21207 -58.8 38.6389
      vertex 1.64281 -58.8 38.3268
      vertex 3.23955 -58.8 38.4805
    endloop
  endfacet
  facet normal 0 -1 0
    outer loop
      vertex 1.65687 -58.8 38.2458
      vertex 3.23955 -58.8 38.4805
      vertex 1.64281 -58.8 38.3268
    endloop
  endfacet
  facet normal 0 -1 -0
    outer loop
      vertex 3.23955 -58.8 38.4805
      vertex 1.65687 -58.8 38.2458
      vertex 3.25923 -58.8 38.321
    endloop
  endfacet
  facet normal 0 -1 0
    outer loop
      vertex 1.66693 -58.8 38.1642
      vertex 3.25923 -58.8 38.321
      vertex 1.65687 -58.8 38.2458
    endloop
  endfacet
  facet normal 0 -1 0
    outer loop
      vertex 1.66693 -58.8 38.1642
      vertex 3.27105 -58.8 38.1607
      vertex 3.25923 -58.8 38.321
    endloop
  endfacet
  facet normal 0 -1 0
    outer loop
      vertex 1.67298 -58.8 38.0822
      vertex 3.27105 -58.8 38.1607
      vertex 1.66693 -58.8 38.1642
    endloop
  endfacet
  facet normal 0 -1 0
    outer loop
      vertex 1.675 -58.8 38
      vertex 3.27105 -58.8 38.1607
      vertex 1.67298 -58.8 38.0822
    endloop
  endfacet
  facet normal 0 -1 0
    outer loop
      vertex 1.675 -58.8 38
      vertex 3.275 -58.8 38
      vertex 3.27105 -58.8 38.1607
    endloop
  endfacet
  facet normal 0 -1 0
    outer loop
      vertex 1.67298 -58.8 37.9178
      vertex 3.275 -58.8 38
      vertex 1.675 -58.8 38
    endloop
  endfacet
  facet normal 0 -1 0
    outer loop
      vertex 1.67298 -58.8 37.9178
      vertex 3.27105 -58.8 37.8393
      vertex 3.275 -58.8 38
    endloop
  endfacet
  facet normal 0 -1 0
    outer loop
      vertex 1.66693 -58.8 37.8358
      vertex 3.27105 -58.8 37.8393
      vertex 1.67298 -58.8 37.9178
    endloop
  endfacet
  facet normal 0 -1 0
    outer loop
      vertex 3.25923 -58.8 37.679
      vertex 1.66693 -58.8 37.8358
      vertex 1.65687 -58.8 37.7542
    endloop
  endfacet
  facet normal 0 -1 0
    outer loop
      vertex 1.66693 -58.8 37.8358
      vertex 3.25923 -58.8 37.679
      vertex 3.27105 -58.8 37.8393
    endloop
  endfacet
  facet normal 0 -1 0
    outer loop
      vertex 3.23955 -58.8 37.5195
      vertex 1.65687 -58.8 37.7542
      vertex 1.64281 -58.8 37.6732
    endloop
  endfacet
  facet normal 0 -1 0
    outer loop
      vertex 3.21207 -58.8 37.3611
      vertex 1.64281 -58.8 37.6732
      vertex 1.6248 -58.8 37.593
    endloop
  endfacet
  facet normal 0 -1 0
    outer loop
      vertex 1.65687 -58.8 37.7542
      vertex 3.23955 -58.8 37.5195
      vertex 3.25923 -58.8 37.679
    endloop
  endfacet
  facet normal 0 -1 0
    outer loop
      vertex 3.17685 -58.8 37.2042
      vertex 1.6248 -58.8 37.593
      vertex 1.60287 -58.8 37.5138
    endloop
  endfacet
  facet normal 0 -1 0
    outer loop
      vertex 3.13398 -58.8 37.0493
      vertex 1.60287 -58.8 37.5138
      vertex 1.57709 -58.8 37.4357
    endloop
  endfacet
  facet normal 0 -1 0
    outer loop
      vertex 1.64281 -58.8 37.6732
      vertex 3.21207 -58.8 37.3611
      vertex 3.23955 -58.8 37.5195
    endloop
  endfacet
  facet normal 0 -1 0
    outer loop
      vertex 3.08356 -58.8 36.8967
      vertex 1.57709 -58.8 37.4357
      vertex 1.5475 -58.8 37.359
    endloop
  endfacet
  facet normal 0 -1 0
    outer loop
      vertex 3.02571 -58.8 36.7467
      vertex 1.5475 -58.8 37.359
      vertex 1.51418 -58.8 37.2838
    endloop
  endfacet
  facet normal 0 -1 0
    outer loop
      vertex 2.96056 -58.8 36.5998
      vertex 1.51418 -58.8 37.2838
      vertex 1.47722 -58.8 37.2104
    endloop
  endfacet
  facet normal 0 -1 0
    outer loop
      vertex 1.6248 -58.8 37.593
      vertex 3.17685 -58.8 37.2042
      vertex 3.21207 -58.8 37.3611
    endloop
  endfacet
  facet normal 0 -1 0
    outer loop
      vertex 2.88829 -58.8 36.4562
      vertex 1.47722 -58.8 37.2104
      vertex 1.4367 -58.8 37.1389
    endloop
  endfacet
  facet normal 0 -1 0
    outer loop
      vertex 2.80906 -58.8 36.3163
      vertex 1.4367 -58.8 37.1389
      vertex 1.39271 -58.8 37.0694
    endloop
  endfacet
  facet normal 0 -1 0
    outer loop
      vertex 1.60287 -58.8 37.5138
      vertex 3.13398 -58.8 37.0493
      vertex 3.17685 -58.8 37.2042
    endloop
  endfacet
  facet normal 0 -1 0
    outer loop
      vertex 2.72306 -58.8 36.1805
      vertex 1.39271 -58.8 37.0694
      vertex 1.34537 -58.8 37.0022
    endloop
  endfacet
  facet normal 0 -1 0
    outer loop
      vertex 2.6305 -58.8 36.0491
      vertex 1.34537 -58.8 37.0022
      vertex 1.29479 -58.8 36.9374
    endloop
  endfacet
  facet normal 0 -1 0
    outer loop
      vertex 1.57709 -58.8 37.4357
      vertex 3.08356 -58.8 36.8967
      vertex 3.13398 -58.8 37.0493
    endloop
  endfacet
  facet normal 0 -1 0
    outer loop
      vertex 2.53161 -58.8 35.9224
      vertex 1.29479 -58.8 36.9374
      vertex 1.24109 -58.8 36.8751
    endloop
  endfacet
  facet normal 0 -1 0
    outer loop
      vertex 2.42661 -58.8 35.8006
      vertex 1.24109 -58.8 36.8751
      vertex 1.1844 -58.8 36.8156
    endloop
  endfacet
  facet normal 0 -1 0
    outer loop
      vertex 2.31577 -58.8 35.6842
      vertex 1.1844 -58.8 36.8156
      vertex 1.12486 -58.8 36.7589
    endloop
  endfacet
  facet normal 0 -1 0
    outer loop
      vertex 1.5475 -58.8 37.359
      vertex 3.02571 -58.8 36.7467
      vertex 3.08356 -58.8 36.8967
    endloop
  endfacet
  facet normal 0 -1 0
    outer loop
      vertex 2.19936 -58.8 35.5734
      vertex 1.12486 -58.8 36.7589
      vertex 1.06261 -58.8 36.7052
    endloop
  endfacet
  facet normal 0 -1 0
    outer loop
      vertex 2.07764 -58.8 35.4684
      vertex 1.06261 -58.8 36.7052
      vertex 0.997796 -58.8 36.6546
    endloop
  endfacet
  facet normal 0 -1 0
    outer loop
      vertex 1.95091 -58.8 35.3695
      vertex 0.997796 -58.8 36.6546
      vertex 0.93058 -58.8 36.6073
    endloop
  endfacet
  facet normal 0 -1 0
    outer loop
      vertex 1.51418 -58.8 37.2838
      vertex 2.96056 -58.8 36.5998
      vertex 3.02571 -58.8 36.7467
    endloop
  endfacet
  facet normal 0 -1 0
    outer loop
      vertex 1.81949 -58.8 35.2769
      vertex 0.93058 -58.8 36.6073
      vertex 0.861121 -58.8 36.5633
    endloop
  endfacet
  facet normal 0 -1 0
    outer loop
      vertex 1.68369 -58.8 35.1909
      vertex 0.861121 -58.8 36.5633
      vertex 0.789589 -58.8 36.5228
    endloop
  endfacet
  facet normal 0 -1 0
    outer loop
      vertex 1.54382 -58.8 35.1117
      vertex 0.789589 -58.8 36.5228
      vertex 0.716154 -58.8 36.4858
    endloop
  endfacet
  facet normal 0 -1 0
    outer loop
      vertex 1.47722 -58.8 37.2104
      vertex 2.88829 -58.8 36.4562
      vertex 2.96056 -58.8 36.5998
    endloop
  endfacet
  facet normal 0 -1 0
    outer loop
      vertex 1.40024 -58.8 35.0394
      vertex 0.716154 -58.8 36.4858
      vertex 0.640994 -58.8 36.4525
    endloop
  endfacet
  facet normal 0 -1 0
    outer loop
      vertex 1.25329 -58.8 34.9743
      vertex 0.640994 -58.8 36.4525
      vertex 0.56429 -58.8 36.4229
    endloop
  endfacet
  facet normal 0 -1 0
    outer loop
      vertex 1.10331 -58.8 34.9164
      vertex 0.56429 -58.8 36.4229
      vertex 0.486226 -58.8 36.3971
    endloop
  endfacet
  facet normal 0 -1 0
    outer loop
      vertex 0.950682 -58.8 34.866
      vertex 0.486226 -58.8 36.3971
      vertex 0.406991 -58.8 36.3752
    endloop
  endfacet
  facet normal 0 -1 0
    outer loop
      vertex 0.795759 -58.8 34.8231
      vertex 0.406991 -58.8 36.3752
      vertex 0.326776 -58.8 36.3572
    endloop
  endfacet
  facet normal 0 -1 0
    outer loop
      vertex 0.638921 -58.8 34.7879
      vertex 0.326776 -58.8 36.3572
      vertex 0.245773 -58.8 36.3431
    endloop
  endfacet
  facet normal 0 -1 0
    outer loop
      vertex 0.480542 -58.8 34.7604
      vertex 0.245773 -58.8 36.3431
      vertex 0.164178 -58.8 36.3331
    endloop
  endfacet
  facet normal 0 -1 0
    outer loop
      vertex 0.321006 -58.8 34.7408
      vertex 0.164178 -58.8 36.3331
      vertex 0.0821877 -58.8 36.327
    endloop
  endfacet
  facet normal 0 -1 0
    outer loop
      vertex 1.4367 -58.8 37.1389
      vertex 2.80906 -58.8 36.3163
      vertex 2.88829 -58.8 36.4562
    endloop
  endfacet
  facet normal 0 -1 0
    outer loop
      vertex 0.160696 -58.8 34.7289
      vertex 0.0821877 -58.8 36.327
      vertex 0 -58.8 36.325
    endloop
  endfacet
  facet normal 0 -1 0
    outer loop
      vertex -1.54382 -58.8 35.1117
      vertex -0.789589 -58.8 36.5228
      vertex -1.68369 -58.8 35.1909
    endloop
  endfacet
  facet normal 0 -1 -0
    outer loop
      vertex -0.789589 -58.8 36.5228
      vertex -1.54382 -58.8 35.1117
      vertex -0.716154 -58.8 36.4858
    endloop
  endfacet
  facet normal 0 -1 0
    outer loop
      vertex 1.39271 -58.8 37.0694
      vertex 2.72306 -58.8 36.1805
      vertex 2.80906 -58.8 36.3163
    endloop
  endfacet
  facet normal 0 -1 0
    outer loop
      vertex -1.40024 -58.8 35.0394
      vertex -0.716154 -58.8 36.4858
      vertex -1.54382 -58.8 35.1117
    endloop
  endfacet
  facet normal 0 -1 0
    outer loop
      vertex 1.34537 -58.8 37.0022
      vertex 2.6305 -58.8 36.0491
      vertex 2.72306 -58.8 36.1805
    endloop
  endfacet
  facet normal 0 -1 -0
    outer loop
      vertex -0.716154 -58.8 36.4858
      vertex -1.40024 -58.8 35.0394
      vertex -0.640994 -58.8 36.4525
    endloop
  endfacet
  facet normal 0 -1 0
    outer loop
      vertex 1.29479 -58.8 36.9374
      vertex 2.53161 -58.8 35.9224
      vertex 2.6305 -58.8 36.0491
    endloop
  endfacet
  facet normal 0 -1 0
    outer loop
      vertex -1.25329 -58.8 34.9743
      vertex -0.640994 -58.8 36.4525
      vertex -1.40024 -58.8 35.0394
    endloop
  endfacet
  facet normal 0 -1 0
    outer loop
      vertex 1.24109 -58.8 36.8751
      vertex 2.42661 -58.8 35.8006
      vertex 2.53161 -58.8 35.9224
    endloop
  endfacet
  facet normal 0 -1 -0
    outer loop
      vertex -0.640994 -58.8 36.4525
      vertex -1.25329 -58.8 34.9743
      vertex -0.56429 -58.8 36.4229
    endloop
  endfacet
  facet normal 0 -1 0
    outer loop
      vertex 1.1844 -58.8 36.8156
      vertex 2.31577 -58.8 35.6842
      vertex 2.42661 -58.8 35.8006
    endloop
  endfacet
  facet normal 0 -1 0
    outer loop
      vertex -1.10331 -58.8 34.9164
      vertex -0.56429 -58.8 36.4229
      vertex -1.25329 -58.8 34.9743
    endloop
  endfacet
  facet normal 0 -1 0
    outer loop
      vertex 1.12486 -58.8 36.7589
      vertex 2.19936 -58.8 35.5734
      vertex 2.31577 -58.8 35.6842
    endloop
  endfacet
  facet normal 0 -1 -0
    outer loop
      vertex -0.56429 -58.8 36.4229
      vertex -1.10331 -58.8 34.9164
      vertex -0.486226 -58.8 36.3971
    endloop
  endfacet
  facet normal 0 -1 0
    outer loop
      vertex 1.06261 -58.8 36.7052
      vertex 2.07764 -58.8 35.4684
      vertex 2.19936 -58.8 35.5734
    endloop
  endfacet
  facet normal 0 -1 0
    outer loop
      vertex -0.950682 -58.8 34.866
      vertex -0.486226 -58.8 36.3971
      vertex -1.10331 -58.8 34.9164
    endloop
  endfacet
  facet normal 0 -1 0
    outer loop
      vertex 0.997796 -58.8 36.6546
      vertex 1.95091 -58.8 35.3695
      vertex 2.07764 -58.8 35.4684
    endloop
  endfacet
  facet normal 0 -1 -0
    outer loop
      vertex -0.486226 -58.8 36.3971
      vertex -0.950682 -58.8 34.866
      vertex -0.406991 -58.8 36.3752
    endloop
  endfacet
  facet normal 0 -1 0
    outer loop
      vertex 0.93058 -58.8 36.6073
      vertex 1.81949 -58.8 35.2769
      vertex 1.95091 -58.8 35.3695
    endloop
  endfacet
  facet normal 0 -1 0
    outer loop
      vertex -0.795759 -58.8 34.8231
      vertex -0.406991 -58.8 36.3752
      vertex -0.950682 -58.8 34.866
    endloop
  endfacet
  facet normal 0 -1 0
    outer loop
      vertex 0.861121 -58.8 36.5633
      vertex 1.68369 -58.8 35.1909
      vertex 1.81949 -58.8 35.2769
    endloop
  endfacet
  facet normal 0 -1 -0
    outer loop
      vertex -0.406991 -58.8 36.3752
      vertex -0.795759 -58.8 34.8231
      vertex -0.326776 -58.8 36.3572
    endloop
  endfacet
  facet normal 0 -1 0
    outer loop
      vertex 0.789589 -58.8 36.5228
      vertex 1.54382 -58.8 35.1117
      vertex 1.68369 -58.8 35.1909
    endloop
  endfacet
  facet normal 0 -1 0
    outer loop
      vertex -0.638921 -58.8 34.7879
      vertex -0.326776 -58.8 36.3572
      vertex -0.795759 -58.8 34.8231
    endloop
  endfacet
  facet normal 0 -1 0
    outer loop
      vertex 0.716154 -58.8 36.4858
      vertex 1.40024 -58.8 35.0394
      vertex 1.54382 -58.8 35.1117
    endloop
  endfacet
  facet normal 0 -1 -0
    outer loop
      vertex -0.326776 -58.8 36.3572
      vertex -0.638921 -58.8 34.7879
      vertex -0.245773 -58.8 36.3431
    endloop
  endfacet
  facet normal 0 -1 0
    outer loop
      vertex 0.640994 -58.8 36.4525
      vertex 1.25329 -58.8 34.9743
      vertex 1.40024 -58.8 35.0394
    endloop
  endfacet
  facet normal 0 -1 0
    outer loop
      vertex -0.480542 -58.8 34.7604
      vertex -0.245773 -58.8 36.3431
      vertex -0.638921 -58.8 34.7879
    endloop
  endfacet
  facet normal 0 -1 0
    outer loop
      vertex 0.56429 -58.8 36.4229
      vertex 1.10331 -58.8 34.9164
      vertex 1.25329 -58.8 34.9743
    endloop
  endfacet
  facet normal 0 -1 -0
    outer loop
      vertex -0.245773 -58.8 36.3431
      vertex -0.480542 -58.8 34.7604
      vertex -0.164178 -58.8 36.3331
    endloop
  endfacet
  facet normal 0 -1 0
    outer loop
      vertex 0.486226 -58.8 36.3971
      vertex 0.950682 -58.8 34.866
      vertex 1.10331 -58.8 34.9164
    endloop
  endfacet
  facet normal 0 -1 0
    outer loop
      vertex -0.321006 -58.8 34.7408
      vertex -0.164178 -58.8 36.3331
      vertex -0.480542 -58.8 34.7604
    endloop
  endfacet
  facet normal 0 -1 0
    outer loop
      vertex 0.406991 -58.8 36.3752
      vertex 0.795759 -58.8 34.8231
      vertex 0.950682 -58.8 34.866
    endloop
  endfacet
  facet normal 0 -1 -0
    outer loop
      vertex -0.164178 -58.8 36.3331
      vertex -0.321006 -58.8 34.7408
      vertex -0.0821877 -58.8 36.327
    endloop
  endfacet
  facet normal 0 -1 0
    outer loop
      vertex 0.326776 -58.8 36.3572
      vertex 0.638921 -58.8 34.7879
      vertex 0.795759 -58.8 34.8231
    endloop
  endfacet
  facet normal 0 -1 0
    outer loop
      vertex -0.160696 -58.8 34.7289
      vertex -0.0821877 -58.8 36.327
      vertex -0.321006 -58.8 34.7408
    endloop
  endfacet
  facet normal 0 -1 0
    outer loop
      vertex 0.245773 -58.8 36.3431
      vertex 0.480542 -58.8 34.7604
      vertex 0.638921 -58.8 34.7879
    endloop
  endfacet
  facet normal 0 -1 -0
    outer loop
      vertex -0.0821877 -58.8 36.327
      vertex -0.160696 -58.8 34.7289
      vertex 0 -58.8 36.325
    endloop
  endfacet
  facet normal 0 -1 0
    outer loop
      vertex 0.164178 -58.8 36.3331
      vertex 0.321006 -58.8 34.7408
      vertex 0.480542 -58.8 34.7604
    endloop
  endfacet
  facet normal 0 -1 0
    outer loop
      vertex 0 -58.8 34.725
      vertex 0 -58.8 36.325
      vertex -0.160696 -58.8 34.7289
    endloop
  endfacet
  facet normal 0 -1 0
    outer loop
      vertex 0.0821877 -58.8 36.327
      vertex 0.160696 -58.8 34.7289
      vertex 0.321006 -58.8 34.7408
    endloop
  endfacet
  facet normal 0 -1 0
    outer loop
      vertex 0 -58.8 36.325
      vertex 0 -58.8 34.725
      vertex 0.160696 -58.8 34.7289
    endloop
  endfacet
  facet normal 0.575989 -0 0.817457
    outer loop
      vertex -1.95091 -59.9521 35.3695
      vertex -1.81949 -58.8 35.2769
      vertex -1.95091 -58.8 35.3695
    endloop
  endfacet
  facet normal 0.575989 0 0.817457
    outer loop
      vertex -1.81949 -58.8 35.2769
      vertex -1.95091 -59.9521 35.3695
      vertex -1.81949 -59.9553 35.2769
    endloop
  endfacet
  facet normal -0.97572 0 -0.219024
    outer loop
      vertex 3.21207 -59.908 38.6389
      vertex 3.17685 -58.8 38.7958
      vertex 3.21207 -58.8 38.6389
    endloop
  endfacet
  facet normal -0.97572 -0 -0.219024
    outer loop
      vertex 3.17685 -58.8 38.7958
      vertex 3.21207 -59.908 38.6389
      vertex 3.17685 -59.9106 38.7958
    endloop
  endfacet
  facet normal 0.914132 0 -0.405417
    outer loop
      vertex -2.96056 -58.8 39.4002
      vertex -3.02571 -59.9217 39.2533
      vertex -3.02571 -58.8 39.2533
    endloop
  endfacet
  facet normal 0.914132 0 -0.405417
    outer loop
      vertex -3.02571 -59.9217 39.2533
      vertex -2.96056 -58.8 39.4002
      vertex -2.96056 -59.9265 39.4002
    endloop
  endfacet
  facet normal 0.997292 0 -0.0735371
    outer loop
      vertex -3.25923 -58.8 38.321
      vertex -3.27105 -59.9036 38.1607
      vertex -3.27105 -58.8 38.1607
    endloop
  endfacet
  facet normal 0.997292 0 -0.0735371
    outer loop
      vertex -3.27105 -59.9036 38.1607
      vertex -3.25923 -58.8 38.321
      vertex -3.25923 -59.9045 38.321
    endloop
  endfacet
  facet normal 0.405041 -0 0.914298
    outer loop
      vertex -1.40024 -59.9656 35.0394
      vertex -1.25329 -58.8 34.9743
      vertex -1.40024 -58.8 35.0394
    endloop
  endfacet
  facet normal 0.405041 0 0.914298
    outer loop
      vertex -1.25329 -58.8 34.9743
      vertex -1.40024 -59.9656 35.0394
      vertex -1.25329 -59.9692 34.9743
    endloop
  endfacet
  facet normal 0.914132 -0 0.405417
    outer loop
      vertex -3.02571 -59.9217 36.7467
      vertex -2.96056 -58.8 36.5998
      vertex -3.02571 -58.8 36.7467
    endloop
  endfacet
  facet normal 0.914132 0 0.405417
    outer loop
      vertex -2.96056 -58.8 36.5998
      vertex -3.02571 -59.9217 36.7467
      vertex -2.96056 -59.9265 36.5998
    endloop
  endfacet
  facet normal -0.171074 0 0.985258
    outer loop
      vertex 0.480542 -58.8 34.7604
      vertex 0.638921 -59.9843 34.7879
      vertex 0.638921 -58.8 34.7879
    endloop
  endfacet
  facet normal -0.171074 0 0.985258
    outer loop
      vertex 0.638921 -59.9843 34.7879
      vertex 0.480542 -58.8 34.7604
      vertex 0.480542 -59.9882 34.7604
    endloop
  endfacet
  facet normal -0.689438 -0 -0.724345
    outer loop
      vertex 2.19936 -58.8 40.4266
      vertex 2.31577 -59.9431 40.3158
      vertex 2.19936 -59.946 40.4266
    endloop
  endfacet
  facet normal -0.689438 0 -0.724345
    outer loop
      vertex 2.31577 -59.9431 40.3158
      vertex 2.19936 -58.8 40.4266
      vertex 2.31577 -58.8 40.3158
    endloop
  endfacet
  facet normal -0.360146 -0 -0.932896
    outer loop
      vertex 1.10331 -58.8 41.0836
      vertex 1.25329 -59.9692 41.0257
      vertex 1.10331 -59.9729 41.0836
    endloop
  endfacet
  facet normal -0.360146 0 -0.932896
    outer loop
      vertex 1.25329 -59.9692 41.0257
      vertex 1.10331 -58.8 41.0836
      vertex 1.25329 -58.8 41.0257
    endloop
  endfacet
  facet normal 0.0242623 -0 0.999706
    outer loop
      vertex -0.160696 -59.9961 34.7289
      vertex 0 -58.8 34.725
      vertex -0.160696 -58.8 34.7289
    endloop
  endfacet
  facet normal 0.0242623 0 0.999706
    outer loop
      vertex 0 -58.8 34.725
      vertex -0.160696 -59.9961 34.7289
      vertex 0 -60 34.725
    endloop
  endfacet
  facet normal -0.218988 0 0.975728
    outer loop
      vertex 0.638921 -58.8 34.7879
      vertex 0.795759 -59.9805 34.8231
      vertex 0.795759 -58.8 34.8231
    endloop
  endfacet
  facet normal -0.218988 0 0.975728
    outer loop
      vertex 0.795759 -59.9805 34.8231
      vertex 0.638921 -58.8 34.7879
      vertex 0.638921 -59.9843 34.7879
    endloop
  endfacet
  facet normal -0.788309 0 -0.615279
    outer loop
      vertex 2.6305 -59.9354 39.9509
      vertex 2.53161 -58.8 40.0776
      vertex 2.6305 -58.8 39.9509
    endloop
  endfacet
  facet normal -0.788309 -0 -0.615279
    outer loop
      vertex 2.53161 -58.8 40.0776
      vertex 2.6305 -59.9354 39.9509
      vertex 2.53161 -59.9379 40.0776
    endloop
  endfacet
  facet normal -0.44975 -0 -0.893155
    outer loop
      vertex 1.40024 -58.8 40.9606
      vertex 1.54382 -59.9621 40.8883
      vertex 1.40024 -59.9656 40.9606
    endloop
  endfacet
  facet normal -0.44975 0 -0.893155
    outer loop
      vertex 1.54382 -59.9621 40.8883
      vertex 1.40024 -58.8 40.9606
      vertex 1.54382 -58.8 40.8883
    endloop
  endfacet
  facet normal -0.963771 0 0.266732
    outer loop
      vertex 3.13398 -58.8 37.0493
      vertex 3.17685 -59.9106 37.2042
      vertex 3.17685 -58.8 37.2042
    endloop
  endfacet
  facet normal -0.963771 0 0.266732
    outer loop
      vertex 3.17685 -59.9106 37.2042
      vertex 3.13398 -58.8 37.0493
      vertex 3.13398 -59.9137 37.0493
    endloop
  endfacet
  facet normal 0.817533 -0 0.575882
    outer loop
      vertex -2.72306 -59.9332 36.1805
      vertex -2.6305 -58.8 36.0491
      vertex -2.72306 -58.8 36.1805
    endloop
  endfacet
  facet normal 0.817533 0 0.575882
    outer loop
      vertex -2.6305 -58.8 36.0491
      vertex -2.72306 -59.9332 36.1805
      vertex -2.6305 -59.9354 36.0491
    endloop
  endfacet
  facet normal 0.218988 0 -0.975728
    outer loop
      vertex -0.795759 -59.9805 41.1769
      vertex -0.638921 -58.8 41.2121
      vertex -0.638921 -59.9843 41.2121
    endloop
  endfacet
  facet normal 0.218988 0 -0.975728
    outer loop
      vertex -0.638921 -58.8 41.2121
      vertex -0.795759 -59.9805 41.1769
      vertex -0.795759 -58.8 41.1769
    endloop
  endfacet
  facet normal -0.266869 0 0.963733
    outer loop
      vertex 0.795759 -58.8 34.8231
      vertex 0.950682 -59.9767 34.866
      vertex 0.950682 -58.8 34.866
    endloop
  endfacet
  facet normal -0.266869 0 0.963733
    outer loop
      vertex 0.950682 -59.9767 34.866
      vertex 0.795759 -58.8 34.8231
      vertex 0.795759 -59.9805 34.8231
    endloop
  endfacet
  facet normal -0.75741 0 -0.65294
    outer loop
      vertex 2.53161 -59.9379 40.0776
      vertex 2.42661 -58.8 40.1994
      vertex 2.53161 -58.8 40.0776
    endloop
  endfacet
  facet normal -0.75741 -0 -0.65294
    outer loop
      vertex 2.42661 -58.8 40.1994
      vertex 2.53161 -59.9379 40.0776
      vertex 2.42661 -59.9404 40.1994
    endloop
  endfacet
  facet normal 0.933017 -0 0.359833
    outer loop
      vertex -3.08356 -59.9174 36.8967
      vertex -3.02571 -58.8 36.7467
      vertex -3.08356 -58.8 36.8967
    endloop
  endfacet
  facet normal 0.933017 0 0.359833
    outer loop
      vertex -3.02571 -58.8 36.7467
      vertex -3.08356 -59.9174 36.8967
      vertex -3.02571 -59.9217 36.7467
    endloop
  endfacet
  facet normal 0.870147 0 -0.492793
    outer loop
      vertex -2.80906 -58.8 39.6837
      vertex -2.88829 -59.9291 39.5438
      vertex -2.88829 -58.8 39.5438
    endloop
  endfacet
  facet normal 0.870147 0 -0.492793
    outer loop
      vertex -2.88829 -59.9291 39.5438
      vertex -2.80906 -58.8 39.6837
      vertex -2.80906 -59.931 39.6837
    endloop
  endfacet
  facet normal 0.653186 0 -0.757198
    outer loop
      vertex -2.19936 -59.946 40.4266
      vertex -2.07764 -58.8 40.5316
      vertex -2.07764 -59.949 40.5316
    endloop
  endfacet
  facet normal 0.653186 0 -0.757198
    outer loop
      vertex -2.07764 -58.8 40.5316
      vertex -2.19936 -59.946 40.4266
      vertex -2.19936 -58.8 40.4266
    endloop
  endfacet
  facet normal -0.949514 0 -0.313725
    outer loop
      vertex 3.13398 -59.9137 38.9507
      vertex 3.08356 -58.8 39.1033
      vertex 3.13398 -58.8 38.9507
    endloop
  endfacet
  facet normal -0.949514 -0 -0.313725
    outer loop
      vertex 3.08356 -58.8 39.1033
      vertex 3.13398 -59.9137 38.9507
      vertex 3.08356 -59.9174 39.1033
    endloop
  endfacet
  facet normal -0.0242623 -0 -0.999706
    outer loop
      vertex 0 -58.8 41.275
      vertex 0.160696 -59.9961 41.2711
      vertex 0 -60 41.275
    endloop
  endfacet
  facet normal -0.0242623 0 -0.999706
    outer loop
      vertex 0.160696 -59.9961 41.2711
      vertex 0 -58.8 41.275
      vertex 0.160696 -58.8 41.2711
    endloop
  endfacet
  facet normal 0.75741 -0 0.65294
    outer loop
      vertex -2.53161 -59.9379 35.9224
      vertex -2.42661 -58.8 35.8006
      vertex -2.53161 -58.8 35.9224
    endloop
  endfacet
  facet normal 0.75741 0 0.65294
    outer loop
      vertex -2.42661 -58.8 35.8006
      vertex -2.53161 -59.9379 35.9224
      vertex -2.42661 -59.9404 35.8006
    endloop
  endfacet
  facet normal -0.75741 0 0.65294
    outer loop
      vertex 2.42661 -58.8 35.8006
      vertex 2.53161 -59.9379 35.9224
      vertex 2.53161 -58.8 35.9224
    endloop
  endfacet
  facet normal -0.75741 0 0.65294
    outer loop
      vertex 2.53161 -59.9379 35.9224
      vertex 2.42661 -58.8 35.8006
      vertex 2.42661 -59.9404 35.8006
    endloop
  endfacet
  facet normal 0.313561 0 -0.949568
    outer loop
      vertex -1.10331 -59.9729 41.0836
      vertex -0.950682 -58.8 41.134
      vertex -0.950682 -59.9767 41.134
    endloop
  endfacet
  facet normal 0.313561 0 -0.949568
    outer loop
      vertex -0.950682 -58.8 41.134
      vertex -1.10331 -59.9729 41.0836
      vertex -1.10331 -58.8 41.0836
    endloop
  endfacet
  facet normal -0.97572 0 0.219024
    outer loop
      vertex 3.17685 -58.8 37.2042
      vertex 3.21207 -59.908 37.3611
      vertex 3.21207 -58.8 37.3611
    endloop
  endfacet
  facet normal -0.97572 0 0.219024
    outer loop
      vertex 3.21207 -59.908 37.3611
      vertex 3.17685 -58.8 37.2042
      vertex 3.17685 -59.9106 37.2042
    endloop
  endfacet
  facet normal -0.405041 0 0.914298
    outer loop
      vertex 1.25329 -58.8 34.9743
      vertex 1.40024 -59.9656 35.0394
      vertex 1.40024 -58.8 35.0394
    endloop
  endfacet
  facet normal -0.405041 0 0.914298
    outer loop
      vertex 1.40024 -59.9656 35.0394
      vertex 1.25329 -58.8 34.9743
      vertex 1.25329 -59.9692 34.9743
    endloop
  endfacet
  facet normal -0.575989 -0 -0.817457
    outer loop
      vertex 1.81949 -58.8 40.7231
      vertex 1.95091 -59.9521 40.6305
      vertex 1.81949 -59.9553 40.7231
    endloop
  endfacet
  facet normal -0.575989 0 -0.817457
    outer loop
      vertex 1.95091 -59.9521 40.6305
      vertex 1.81949 -58.8 40.7231
      vertex 1.95091 -58.8 40.6305
    endloop
  endfacet
  facet normal 0.844838 0 -0.535022
    outer loop
      vertex -2.72306 -58.8 39.8195
      vertex -2.80906 -59.931 39.6837
      vertex -2.80906 -58.8 39.6837
    endloop
  endfacet
  facet normal 0.844838 0 -0.535022
    outer loop
      vertex -2.80906 -59.931 39.6837
      vertex -2.72306 -58.8 39.8195
      vertex -2.72306 -59.9332 39.8195
    endloop
  endfacet
  facet normal 0.535022 0 -0.844838
    outer loop
      vertex -1.81949 -59.9553 40.7231
      vertex -1.68369 -58.8 40.8091
      vertex -1.68369 -59.9587 40.8091
    endloop
  endfacet
  facet normal 0.535022 0 -0.844838
    outer loop
      vertex -1.68369 -58.8 40.8091
      vertex -1.81949 -59.9553 40.7231
      vertex -1.81949 -58.8 40.7231
    endloop
  endfacet
  facet normal 0.535022 -0 0.844838
    outer loop
      vertex -1.81949 -59.9553 35.2769
      vertex -1.68369 -58.8 35.1909
      vertex -1.81949 -58.8 35.2769
    endloop
  endfacet
  facet normal 0.535022 0 0.844838
    outer loop
      vertex -1.68369 -58.8 35.1909
      vertex -1.81949 -59.9553 35.2769
      vertex -1.68369 -59.9587 35.1909
    endloop
  endfacet
  facet normal 0.870147 -0 0.492793
    outer loop
      vertex -2.88829 -59.9291 36.4562
      vertex -2.80906 -58.8 36.3163
      vertex -2.88829 -58.8 36.4562
    endloop
  endfacet
  facet normal 0.870147 0 0.492793
    outer loop
      vertex -2.80906 -58.8 36.3163
      vertex -2.88829 -59.9291 36.4562
      vertex -2.80906 -59.931 36.3163
    endloop
  endfacet
  facet normal -0.535022 -0 -0.844838
    outer loop
      vertex 1.68369 -58.8 40.8091
      vertex 1.81949 -59.9553 40.7231
      vertex 1.68369 -59.9587 40.8091
    endloop
  endfacet
  facet normal -0.535022 0 -0.844838
    outer loop
      vertex 1.81949 -59.9553 40.7231
      vertex 1.68369 -58.8 40.8091
      vertex 1.81949 -58.8 40.7231
    endloop
  endfacet
  facet normal -0.992474 0 0.122457
    outer loop
      vertex 3.23955 -58.8 37.5195
      vertex 3.25923 -59.9045 37.679
      vertex 3.25923 -58.8 37.679
    endloop
  endfacet
  facet normal -0.992474 0 0.122457
    outer loop
      vertex 3.25923 -59.9045 37.679
      vertex 3.23955 -58.8 37.5195
      vertex 3.23955 -59.9059 37.5195
    endloop
  endfacet
  facet normal -0.313561 -0 -0.949568
    outer loop
      vertex 0.950682 -58.8 41.134
      vertex 1.10331 -59.9729 41.0836
      vertex 0.950682 -59.9767 41.134
    endloop
  endfacet
  facet normal -0.313561 0 -0.949568
    outer loop
      vertex 1.10331 -59.9729 41.0836
      vertex 0.950682 -58.8 41.134
      vertex 1.10331 -58.8 41.0836
    endloop
  endfacet
  facet normal 0.171074 0 -0.985258
    outer loop
      vertex -0.638921 -59.9843 41.2121
      vertex -0.480542 -58.8 41.2396
      vertex -0.480542 -59.9882 41.2396
    endloop
  endfacet
  facet normal 0.171074 0 -0.985258
    outer loop
      vertex -0.480542 -58.8 41.2396
      vertex -0.638921 -59.9843 41.2121
      vertex -0.638921 -58.8 41.2121
    endloop
  endfacet
  facet normal 0.893335 0 0.449391
    outer loop
      vertex -2.94406 -59.9277 36.567
      vertex -2.96056 -58.8 36.5998
      vertex -2.96056 -59.9265 36.5998
    endloop
  endfacet
  facet normal 0.893255 -5.82494e-06 0.449551
    outer loop
      vertex -2.96056 -58.8 36.5998
      vertex -2.94406 -59.9277 36.567
      vertex -2.88829 -58.8 36.4562
    endloop
  endfacet
  facet normal 0.893231 0 0.449598
    outer loop
      vertex -2.88829 -58.8 36.4562
      vertex -2.94406 -59.9277 36.567
      vertex -2.88829 -59.9291 36.4562
    endloop
  endfacet
  facet normal -0.870147 0 -0.492793
    outer loop
      vertex 2.88829 -59.9291 39.5438
      vertex 2.80906 -58.8 39.6837
      vertex 2.88829 -58.8 39.5438
    endloop
  endfacet
  facet normal -0.870147 -0 -0.492793
    outer loop
      vertex 2.80906 -58.8 39.6837
      vertex 2.88829 -59.9291 39.5438
      vertex 2.80906 -59.931 39.6837
    endloop
  endfacet
  facet normal 0.44975 0 -0.893155
    outer loop
      vertex -1.54382 -59.9621 40.8883
      vertex -1.40024 -58.8 40.9606
      vertex -1.40024 -59.9656 40.9606
    endloop
  endfacet
  facet normal 0.44975 0 -0.893155
    outer loop
      vertex -1.40024 -58.8 40.9606
      vertex -1.54382 -59.9621 40.8883
      vertex -1.54382 -58.8 40.8883
    endloop
  endfacet
  facet normal 0.985283 -0 0.170932
    outer loop
      vertex -3.23955 -59.9059 37.5195
      vertex -3.21207 -58.8 37.3611
      vertex -3.23955 -58.8 37.5195
    endloop
  endfacet
  facet normal 0.985283 0 0.170932
    outer loop
      vertex -3.21207 -58.8 37.3611
      vertex -3.23955 -59.9059 37.5195
      vertex -3.21207 -59.908 37.3611
    endloop
  endfacet
  facet normal 0.788309 0 -0.615279
    outer loop
      vertex -2.53161 -58.8 40.0776
      vertex -2.6305 -59.9354 39.9509
      vertex -2.6305 -58.8 39.9509
    endloop
  endfacet
  facet normal 0.788309 0 -0.615279
    outer loop
      vertex -2.6305 -59.9354 39.9509
      vertex -2.53161 -58.8 40.0776
      vertex -2.53161 -59.9379 40.0776
    endloop
  endfacet
  facet normal 0.788309 -0 0.615279
    outer loop
      vertex -2.6305 -59.9354 36.0491
      vertex -2.53161 -58.8 35.9224
      vertex -2.6305 -58.8 36.0491
    endloop
  endfacet
  facet normal 0.788309 0 0.615279
    outer loop
      vertex -2.53161 -58.8 35.9224
      vertex -2.6305 -59.9354 36.0491
      vertex -2.53161 -59.9379 35.9224
    endloop
  endfacet
  facet normal 0.405041 0 -0.914298
    outer loop
      vertex -1.40024 -59.9656 40.9606
      vertex -1.25329 -58.8 41.0257
      vertex -1.25329 -59.9692 41.0257
    endloop
  endfacet
  facet normal 0.405041 0 -0.914298
    outer loop
      vertex -1.25329 -58.8 41.0257
      vertex -1.40024 -59.9656 40.9606
      vertex -1.40024 -58.8 40.9606
    endloop
  endfacet
  facet normal -0.653186 0 0.757198
    outer loop
      vertex 2.07764 -58.8 35.4684
      vertex 2.19936 -59.946 35.5734
      vertex 2.19936 -58.8 35.5734
    endloop
  endfacet
  facet normal -0.653186 0 0.757198
    outer loop
      vertex 2.19936 -59.946 35.5734
      vertex 2.07764 -58.8 35.4684
      vertex 2.07764 -59.949 35.4684
    endloop
  endfacet
  facet normal 0.171074 -0 0.985258
    outer loop
      vertex -0.638921 -59.9843 34.7879
      vertex -0.480542 -58.8 34.7604
      vertex -0.638921 -58.8 34.7879
    endloop
  endfacet
  facet normal 0.171074 0 0.985258
    outer loop
      vertex -0.480542 -58.8 34.7604
      vertex -0.638921 -59.9843 34.7879
      vertex -0.480542 -59.9882 34.7604
    endloop
  endfacet
  facet normal -0.893335 0 -0.449391
    outer loop
      vertex 2.94406 -59.9277 39.433
      vertex 2.96056 -58.8 39.4002
      vertex 2.96056 -59.9265 39.4002
    endloop
  endfacet
  facet normal -0.893255 -5.82494e-06 -0.449551
    outer loop
      vertex 2.96056 -58.8 39.4002
      vertex 2.94406 -59.9277 39.433
      vertex 2.88829 -58.8 39.5438
    endloop
  endfacet
  facet normal -0.893231 -0 -0.449598
    outer loop
      vertex 2.88829 -58.8 39.5438
      vertex 2.94406 -59.9277 39.433
      vertex 2.88829 -59.9291 39.5438
    endloop
  endfacet
  facet normal -0.893255 -5.82494e-06 0.449551
    outer loop
      vertex 2.94406 -59.9277 36.567
      vertex 2.96056 -58.8 36.5998
      vertex 2.88829 -58.8 36.4562
    endloop
  endfacet
  facet normal -0.893335 0 0.449391
    outer loop
      vertex 2.96056 -58.8 36.5998
      vertex 2.94406 -59.9277 36.567
      vertex 2.96056 -59.9265 36.5998
    endloop
  endfacet
  facet normal -0.893231 0 0.449598
    outer loop
      vertex 2.94406 -59.9277 36.567
      vertex 2.88829 -58.8 36.4562
      vertex 2.88829 -59.9291 36.4562
    endloop
  endfacet
  facet normal -0.999698 0 0.0245725
    outer loop
      vertex 3.27105 -58.8 37.8393
      vertex 3.275 -59.9033 38
      vertex 3.275 -58.8 38
    endloop
  endfacet
  facet normal -0.999698 0 0.0245725
    outer loop
      vertex 3.275 -59.9033 38
      vertex 3.27105 -58.8 37.8393
      vertex 3.27105 -59.9036 37.8393
    endloop
  endfacet
  facet normal 0.949514 0 -0.313725
    outer loop
      vertex -3.08356 -58.8 39.1033
      vertex -3.13398 -59.9137 38.9507
      vertex -3.13398 -58.8 38.9507
    endloop
  endfacet
  facet normal 0.949514 0 -0.313725
    outer loop
      vertex -3.13398 -59.9137 38.9507
      vertex -3.08356 -58.8 39.1033
      vertex -3.08356 -59.9174 39.1033
    endloop
  endfacet
  facet normal 0.575989 0 -0.817457
    outer loop
      vertex -1.95091 -59.9521 40.6305
      vertex -1.81949 -58.8 40.7231
      vertex -1.81949 -59.9553 40.7231
    endloop
  endfacet
  facet normal 0.575989 0 -0.817457
    outer loop
      vertex -1.81949 -58.8 40.7231
      vertex -1.95091 -59.9521 40.6305
      vertex -1.95091 -58.8 40.6305
    endloop
  endfacet
  facet normal -0.615227 -0 -0.78835
    outer loop
      vertex 1.95091 -58.8 40.6305
      vertex 2.07764 -59.949 40.5316
      vertex 1.95091 -59.9521 40.6305
    endloop
  endfacet
  facet normal -0.615227 0 -0.78835
    outer loop
      vertex 2.07764 -59.949 40.5316
      vertex 1.95091 -58.8 40.6305
      vertex 2.07764 -58.8 40.5316
    endloop
  endfacet
  facet normal -0.218988 -0 -0.975728
    outer loop
      vertex 0.638921 -58.8 41.2121
      vertex 0.795759 -59.9805 41.1769
      vertex 0.638921 -59.9843 41.2121
    endloop
  endfacet
  facet normal -0.218988 0 -0.975728
    outer loop
      vertex 0.795759 -59.9805 41.1769
      vertex 0.638921 -58.8 41.2121
      vertex 0.795759 -58.8 41.1769
    endloop
  endfacet
  facet normal -0.949514 0 0.313725
    outer loop
      vertex 3.08356 -58.8 36.8967
      vertex 3.13398 -59.9137 37.0493
      vertex 3.13398 -58.8 37.0493
    endloop
  endfacet
  facet normal -0.949514 0 0.313725
    outer loop
      vertex 3.13398 -59.9137 37.0493
      vertex 3.08356 -58.8 36.8967
      vertex 3.08356 -59.9174 36.8967
    endloop
  endfacet
  facet normal -0.0740275 -0 -0.997256
    outer loop
      vertex 0.160696 -58.8 41.2711
      vertex 0.321006 -59.9921 41.2592
      vertex 0.160696 -59.9961 41.2711
    endloop
  endfacet
  facet normal -0.0740275 0 -0.997256
    outer loop
      vertex 0.321006 -59.9921 41.2592
      vertex 0.160696 -58.8 41.2711
      vertex 0.321006 -58.8 41.2592
    endloop
  endfacet
  facet normal -0.171074 -0 -0.985258
    outer loop
      vertex 0.480542 -58.8 41.2396
      vertex 0.638921 -59.9843 41.2121
      vertex 0.480542 -59.9882 41.2396
    endloop
  endfacet
  facet normal -0.171074 0 -0.985258
    outer loop
      vertex 0.638921 -59.9843 41.2121
      vertex 0.480542 -58.8 41.2396
      vertex 0.638921 -58.8 41.2121
    endloop
  endfacet
  facet normal -0.963771 0 -0.266732
    outer loop
      vertex 3.17685 -59.9106 38.7958
      vertex 3.13398 -58.8 38.9507
      vertex 3.17685 -58.8 38.7958
    endloop
  endfacet
  facet normal -0.963771 -0 -0.266732
    outer loop
      vertex 3.13398 -58.8 38.9507
      vertex 3.17685 -59.9106 38.7958
      vertex 3.13398 -59.9137 38.9507
    endloop
  endfacet
  facet normal 0.615227 0 -0.78835
    outer loop
      vertex -2.07764 -59.949 40.5316
      vertex -1.95091 -58.8 40.6305
      vertex -1.95091 -59.9521 40.6305
    endloop
  endfacet
  facet normal 0.615227 0 -0.78835
    outer loop
      vertex -1.95091 -58.8 40.6305
      vertex -2.07764 -59.949 40.5316
      vertex -2.07764 -58.8 40.5316
    endloop
  endfacet
  facet normal -0.405041 -0 -0.914298
    outer loop
      vertex 1.25329 -58.8 41.0257
      vertex 1.40024 -59.9656 40.9606
      vertex 1.25329 -59.9692 41.0257
    endloop
  endfacet
  facet normal -0.405041 0 -0.914298
    outer loop
      vertex 1.40024 -59.9656 40.9606
      vertex 1.25329 -58.8 41.0257
      vertex 1.40024 -58.8 40.9606
    endloop
  endfacet
  facet normal 0.724191 -0 0.689599
    outer loop
      vertex -2.42661 -59.9404 35.8006
      vertex -2.31577 -58.8 35.6842
      vertex -2.42661 -58.8 35.8006
    endloop
  endfacet
  facet normal 0.724191 0 0.689599
    outer loop
      vertex -2.31577 -58.8 35.6842
      vertex -2.42661 -59.9404 35.8006
      vertex -2.31577 -59.9431 35.6842
    endloop
  endfacet
  facet normal 0.266869 0 -0.963733
    outer loop
      vertex -0.950682 -59.9767 41.134
      vertex -0.795759 -58.8 41.1769
      vertex -0.795759 -59.9805 41.1769
    endloop
  endfacet
  facet normal 0.266869 0 -0.963733
    outer loop
      vertex -0.795759 -58.8 41.1769
      vertex -0.950682 -59.9767 41.134
      vertex -0.950682 -58.8 41.134
    endloop
  endfacet
  facet normal 0.360146 -0 0.932896
    outer loop
      vertex -1.25329 -59.9692 34.9743
      vertex -1.10331 -58.8 34.9164
      vertex -1.25329 -58.8 34.9743
    endloop
  endfacet
  facet normal 0.360146 0 0.932896
    outer loop
      vertex -1.10331 -58.8 34.9164
      vertex -1.25329 -59.9692 34.9743
      vertex -1.10331 -59.9729 34.9164
    endloop
  endfacet
  facet normal -0.492732 -0 -0.870181
    outer loop
      vertex 1.54382 -58.8 40.8883
      vertex 1.68369 -59.9587 40.8091
      vertex 1.54382 -59.9621 40.8883
    endloop
  endfacet
  facet normal -0.492732 0 -0.870181
    outer loop
      vertex 1.68369 -59.9587 40.8091
      vertex 1.54382 -58.8 40.8883
      vertex 1.68369 -58.8 40.8091
    endloop
  endfacet
  facet normal -0.914132 0 -0.405417
    outer loop
      vertex 3.02571 -59.9217 39.2533
      vertex 2.96056 -58.8 39.4002
      vertex 3.02571 -58.8 39.2533
    endloop
  endfacet
  facet normal -0.914132 -0 -0.405417
    outer loop
      vertex 2.96056 -58.8 39.4002
      vertex 3.02571 -59.9217 39.2533
      vertex 2.96056 -59.9265 39.4002
    endloop
  endfacet
  facet normal 0.817533 0 -0.575882
    outer loop
      vertex -2.6305 -58.8 39.9509
      vertex -2.72306 -59.9332 39.8195
      vertex -2.72306 -58.8 39.8195
    endloop
  endfacet
  facet normal 0.817533 0 -0.575882
    outer loop
      vertex -2.72306 -59.9332 39.8195
      vertex -2.6305 -58.8 39.9509
      vertex -2.6305 -59.9354 39.9509
    endloop
  endfacet
  facet normal 0.735689 0.67732 0
    outer loop
      vertex 53.789 30.5851 8.07321
      vertex 53.7333 30.6456 0
      vertex 53.7333 30.6456 8.07347
    endloop
  endfacet
  facet normal 0.735689 0.67732 0
    outer loop
      vertex 53.7333 30.6456 0
      vertex 53.789 30.5851 8.07321
      vertex 53.789 30.5851 0
    endloop
  endfacet
  facet normal -0.826587 -0.562809 0
    outer loop
      vertex 56.4004 32.6577 0
      vertex 56.3541 32.7257 8.02619
      vertex 56.3541 32.7257 0
    endloop
  endfacet
  facet normal -0.826587 -0.562809 0
    outer loop
      vertex 56.3541 32.7257 8.02619
      vertex 56.4004 32.6577 0
      vertex 56.4004 32.6577 8.0261
    endloop
  endfacet
  facet normal -0.853823 -0.520564 0
    outer loop
      vertex 56.4432 32.5875 0
      vertex 56.4004 32.6577 8.0261
      vertex 56.4004 32.6577 0
    endloop
  endfacet
  facet normal -0.853823 -0.520564 0
    outer loop
      vertex 56.4004 32.6577 8.0261
      vertex 56.4432 32.5875 0
      vertex 56.4432 32.5875 8.02607
    endloop
  endfacet
  facet normal -0.990358 0.138529 0
    outer loop
      vertex 56.6452 31.4771 0
      vertex 56.6566 31.5586 8.03078
      vertex 56.6566 31.5586 0
    endloop
  endfacet
  facet normal -0.990358 0.138529 0
    outer loop
      vertex 56.6566 31.5586 8.03078
      vertex 56.6452 31.4771 0
      vertex 56.6452 31.4771 8.0315
    endloop
  endfacet
  facet normal 0.798244 0.602334 0
    outer loop
      vertex 53.6806 30.7087 8.07367
      vertex 53.6311 30.7743 0
      vertex 53.6311 30.7743 8.07381
    endloop
  endfacet
  facet normal 0.798244 0.602334 0
    outer loop
      vertex 53.6311 30.7743 0
      vertex 53.6806 30.7087 8.07367
      vertex 53.6806 30.7087 0
    endloop
  endfacet
  facet normal 0.0899875 0.995943 0
    outer loop
      vertex 54.8012 30.086 0
      vertex 54.8831 30.0786 8.06329
      vertex 54.8831 30.0786 0
    endloop
  endfacet
  facet normal 0.0899875 0.995943 0
    outer loop
      vertex 54.8831 30.0786 8.06329
      vertex 54.8012 30.086 0
      vertex 54.8012 30.086 8.06425
    endloop
  endfacet
  facet normal 0.746132 -0.665798 0
    outer loop
      vertex 53.7154 32.8337 0
      vertex 53.7701 32.895 8.05695
      vertex 53.7154 32.8337 8.05806
    endloop
  endfacet
  facet normal 0.746132 -0.665798 0
    outer loop
      vertex 53.7701 32.895 8.05695
      vertex 53.7154 32.8337 0
      vertex 53.7701 32.895 0
    endloop
  endfacet
  facet normal -0.250835 0.96803 0
    outer loop
      vertex 55.373 30.1188 0
      vertex 55.4525 30.1394 8.05581
      vertex 55.4525 30.1394 0
    endloop
  endfacet
  facet normal -0.250835 0.96803 0
    outer loop
      vertex 55.4525 30.1394 8.05581
      vertex 55.373 30.1188 0
      vertex 55.373 30.1188 8.05695
    endloop
  endfacet
  facet normal -0.967734 -0.251976 0
    outer loop
      vertex 56.6239 32.1304 0
      vertex 56.6032 32.2099 8.02679
      vertex 56.6032 32.2099 0
    endloop
  endfacet
  facet normal -0.967734 -0.251976 0
    outer loop
      vertex 56.6032 32.2099 8.02679
      vertex 56.6239 32.1304 0
      vertex 56.6239 32.1304 8.0271
    endloop
  endfacet
  facet normal -0.562809 0.826587 0
    outer loop
      vertex 55.9003 30.3422 0
      vertex 55.9683 30.3885 8.04765
      vertex 55.9683 30.3885 0
    endloop
  endfacet
  facet normal -0.562809 0.826587 0
    outer loop
      vertex 55.9683 30.3885 8.04765
      vertex 55.9003 30.3422 0
      vertex 55.9003 30.3422 8.04883
    endloop
  endfacet
  facet normal -0.971766 0.235948 0
    outer loop
      vertex 56.6105 31.3165 0
      vertex 56.6299 31.3964 8.03227
      vertex 56.6299 31.3964 0
    endloop
  endfacet
  facet normal -0.971766 0.235948 0
    outer loop
      vertex 56.6299 31.3964 8.03227
      vertex 56.6105 31.3165 0
      vertex 56.6105 31.3165 8.03308
    endloop
  endfacet
  facet normal 0.562543 -0.826768 0
    outer loop
      vertex 54.017 33.1115 0
      vertex 54.0849 33.1577 8.05117
      vertex 54.017 33.1115 8.05235
    endloop
  endfacet
  facet normal 0.562543 -0.826768 0
    outer loop
      vertex 54.0849 33.1577 8.05117
      vertex 54.017 33.1115 0
      vertex 54.0849 33.1577 0
    endloop
  endfacet
  facet normal -0.877803 -0.479022 0
    outer loop
      vertex 56.4826 32.5153 0
      vertex 56.4432 32.5875 8.02607
      vertex 56.4432 32.5875 0
    endloop
  endfacet
  facet normal -0.877803 -0.479022 0
    outer loop
      vertex 56.4432 32.5875 8.02607
      vertex 56.4826 32.5153 0
      vertex 56.4826 32.5153 8.0261
    endloop
  endfacet
  facet normal 0.878314 0.478085 0
    outer loop
      vertex 53.542 30.9125 8.07393
      vertex 53.5027 30.9847 0
      vertex 53.5027 30.9847 8.0739
    endloop
  endfacet
  facet normal 0.878314 0.478085 0
    outer loop
      vertex 53.5027 30.9847 0
      vertex 53.542 30.9125 8.07393
      vertex 53.542 30.9125 0
    endloop
  endfacet
  facet normal -0.234799 -0.972044 0
    outer loop
      vertex 55.3462 33.3872 0
      vertex 55.4261 33.3679 8.03308
      vertex 55.3462 33.3872 8.03393
    endloop
  endfacet
  facet normal -0.234799 -0.972044 -0
    outer loop
      vertex 55.4261 33.3679 8.03308
      vertex 55.3462 33.3872 0
      vertex 55.4261 33.3679 0
    endloop
  endfacet
  facet normal 0.2821 0.959385 0
    outer loop
      vertex 54.4802 30.1553 0
      vertex 54.5591 30.1321 8.06692
      vertex 54.5591 30.1321 0
    endloop
  endfacet
  facet normal 0.2821 0.959385 0
    outer loop
      vertex 54.5591 30.1321 8.06692
      vertex 54.4802 30.1553 0
      vertex 54.4802 30.1553 8.06773
    endloop
  endfacet
  facet normal 0.138696 0.990335 0
    outer loop
      vertex 54.7198 30.0974 0
      vertex 54.8012 30.086 8.06425
      vertex 54.8012 30.086 0
    endloop
  endfacet
  facet normal 0.138696 0.990335 0
    outer loop
      vertex 54.8012 30.086 8.06425
      vertex 54.7198 30.0974 0
      vertex 54.7198 30.0974 8.06518
    endloop
  endfacet
  facet normal 0.0571537 -0.998365 0
    outer loop
      vertex 54.8557 33.4194 0
      vertex 54.9378 33.4241 8.03872
      vertex 54.8557 33.4194 8.03977
    endloop
  endfacet
  facet normal 0.0571537 -0.998365 0
    outer loop
      vertex 54.9378 33.4241 8.03872
      vertex 54.8557 33.4194 0
      vertex 54.9378 33.4241 0
    endloop
  endfacet
  facet normal -0.58904 -0.808104 0
    outer loop
      vertex 55.9459 33.1273 0
      vertex 56.0123 33.0789 8.02789
      vertex 55.9459 33.1273 8.02837
    endloop
  endfacet
  facet normal -0.58904 -0.808104 -0
    outer loop
      vertex 56.0123 33.0789 8.02789
      vertex 55.9459 33.1273 0
      vertex 56.0123 33.0789 0
    endloop
  endfacet
  facet normal 0.999146 -0.0413272 0
    outer loop
      vertex 53.3178 31.7774 8.07052
      vertex 53.3212 31.8596 0
      vertex 53.3212 31.8596 8.0699
    endloop
  endfacet
  facet normal 0.999146 -0.0413272 0
    outer loop
      vertex 53.3212 31.8596 0
      vertex 53.3178 31.7774 8.07052
      vertex 53.3178 31.7774 0
    endloop
  endfacet
  facet normal -0.0900966 -0.995933 0
    outer loop
      vertex 55.1022 33.4214 0
      vertex 55.184 33.414 8.03575
      vertex 55.1022 33.4214 8.03671
    endloop
  endfacet
  facet normal -0.0900966 -0.995933 -0
    outer loop
      vertex 55.184 33.414 8.03575
      vertex 55.1022 33.4214 0
      vertex 55.184 33.414 0
    endloop
  endfacet
  facet normal -0.982498 0.186273 0
    outer loop
      vertex 56.6299 31.3964 0
      vertex 56.6452 31.4771 8.0315
      vertex 56.6452 31.4771 0
    endloop
  endfacet
  facet normal -0.982498 0.186273 0
    outer loop
      vertex 56.6452 31.4771 8.0315
      vertex 56.6299 31.3964 0
      vertex 56.6299 31.3964 8.03227
    endloop
  endfacet
  facet normal -0.900667 -0.434511 0
    outer loop
      vertex 56.5183 32.4413 0
      vertex 56.4826 32.5153 8.0261
      vertex 56.4826 32.5153 0
    endloop
  endfacet
  facet normal -0.900667 -0.434511 0
    outer loop
      vertex 56.4826 32.5153 8.0261
      vertex 56.5183 32.4413 0
      vertex 56.5183 32.4413 8.02619
    endloop
  endfacet
  facet normal -0.735689 -0.67732 0
    outer loop
      vertex 56.2519 32.8544 0
      vertex 56.1962 32.9149 8.02679
      vertex 56.1962 32.9149 0
    endloop
  endfacet
  facet normal -0.735689 -0.67732 0
    outer loop
      vertex 56.1962 32.9149 8.02679
      vertex 56.2519 32.8544 0
      vertex 56.2519 32.8544 8.02653
    endloop
  endfacet
  facet normal 0.3297 0.944086 -0
    outer loop
      vertex 54.4802 30.1553 0
      vertex 54.4026 30.1824 8.0685
      vertex 54.4802 30.1553 8.06773
    endloop
  endfacet
  facet normal 0.3297 0.944086 0
    outer loop
      vertex 54.4026 30.1824 8.0685
      vertex 54.4802 30.1553 0
      vertex 54.4026 30.1824 0
    endloop
  endfacet
  facet normal 0.767523 0.641022 0
    outer loop
      vertex 53.7333 30.6456 8.07347
      vertex 53.6806 30.7087 0
      vertex 53.6806 30.7087 8.07367
    endloop
  endfacet
  facet normal 0.767523 0.641022 0
    outer loop
      vertex 53.6806 30.7087 0
      vertex 53.7333 30.6456 8.07347
      vertex 53.7333 30.6456 0
    endloop
  endfacet
  facet normal -0.944464 0.328615 0
    outer loop
      vertex 56.5603 31.16 0
      vertex 56.5873 31.2376 8.03393
      vertex 56.5873 31.2376 0
    endloop
  endfacet
  facet normal -0.944464 0.328615 0
    outer loop
      vertex 56.5873 31.2376 8.03393
      vertex 56.5603 31.16 0
      vertex 56.5603 31.16 8.03482
    endloop
  endfacet
  facet normal -0.105888 0.994378 0
    outer loop
      vertex 55.1295 30.0806 0
      vertex 55.2112 30.0893 8.05916
      vertex 55.2112 30.0893 0
    endloop
  endfacet
  facet normal -0.105888 0.994378 0
    outer loop
      vertex 55.2112 30.0893 8.05916
      vertex 55.1295 30.0806 0
      vertex 55.1295 30.0806 8.06023
    endloop
  endfacet
  facet normal 0.506967 0.861965 -0
    outer loop
      vertex 54.179 30.2859 0
      vertex 54.1081 30.3276 8.0711
      vertex 54.179 30.2859 8.07052
    endloop
  endfacet
  facet normal 0.506967 0.861965 0
    outer loop
      vertex 54.1081 30.3276 8.0711
      vertex 54.179 30.2859 0
      vertex 54.1081 30.3276 0
    endloop
  endfacet
  facet normal 0.67732 -0.735689 0
    outer loop
      vertex 53.8277 32.9536 0
      vertex 53.8882 33.0093 8.05467
      vertex 53.8277 32.9536 8.05581
    endloop
  endfacet
  facet normal 0.67732 -0.735689 0
    outer loop
      vertex 53.8882 33.0093 8.05467
      vertex 53.8277 32.9536 0
      vertex 53.8882 33.0093 0
    endloop
  endfacet
  facet normal 0.827153 0.561977 0
    outer loop
      vertex 53.6311 30.7743 8.07381
      vertex 53.5849 30.8423 0
      vertex 53.5849 30.8423 8.0739
    endloop
  endfacet
  facet normal 0.827153 0.561977 0
    outer loop
      vertex 53.5849 30.8423 0
      vertex 53.6311 30.7743 8.07381
      vertex 53.6311 30.7743 0
    endloop
  endfacet
  facet normal -0.464143 -0.88576 0
    outer loop
      vertex 55.7334 33.2523 0
      vertex 55.8063 33.2141 8.02948
      vertex 55.7334 33.2523 8.0301
    endloop
  endfacet
  facet normal -0.464143 -0.88576 -0
    outer loop
      vertex 55.8063 33.2141 8.02948
      vertex 55.7334 33.2523 0
      vertex 55.8063 33.2141 0
    endloop
  endfacet
  facet normal 0.927128 -0.374745 0
    outer loop
      vertex 53.425 32.34 0
      vertex 53.4558 32.4162 8.06425
      vertex 53.425 32.34 8.06518
    endloop
  endfacet
  facet normal 0.927128 -0.374745 0
    outer loop
      vertex 53.4558 32.4162 8.06425
      vertex 53.425 32.34 0
      vertex 53.4558 32.4162 0
    endloop
  endfacet
  facet normal 0.954588 0.297929 0
    outer loop
      vertex 53.4065 31.2116 8.07347
      vertex 53.382 31.2901 0
      vertex 53.382 31.2901 8.07321
    endloop
  endfacet
  facet normal 0.954588 0.297929 0
    outer loop
      vertex 53.382 31.2901 0
      vertex 53.4065 31.2116 8.07347
      vertex 53.4065 31.2116 0
    endloop
  endfacet
  facet normal 0.390394 -0.920648 0
    outer loop
      vertex 54.3013 33.2757 0
      vertex 54.377 33.3078 8.04649
      vertex 54.3013 33.2757 8.04765
    endloop
  endfacet
  facet normal 0.390394 -0.920648 0
    outer loop
      vertex 54.377 33.3078 8.04649
      vertex 54.3013 33.2757 0
      vertex 54.377 33.3078 0
    endloop
  endfacet
  facet normal -0.344183 0.938903 0
    outer loop
      vertex 55.531 30.1639 0
      vertex 55.6082 30.1922 8.05351
      vertex 55.6082 30.1922 0
    endloop
  endfacet
  facet normal -0.344183 0.938903 0
    outer loop
      vertex 55.6082 30.1922 8.05351
      vertex 55.531 30.1639 0
      vertex 55.531 30.1639 8.05467
    endloop
  endfacet
  facet normal 0.297929 -0.954588 0
    outer loop
      vertex 54.4542 33.3361 0
      vertex 54.5327 33.3606 8.04419
      vertex 54.4542 33.3361 8.04533
    endloop
  endfacet
  facet normal 0.297929 -0.954588 0
    outer loop
      vertex 54.5327 33.3606 8.04419
      vertex 54.4542 33.3361 0
      vertex 54.5327 33.3606 0
    endloop
  endfacet
  facet normal -0.959385 0.2821 0
    outer loop
      vertex 56.5873 31.2376 0
      vertex 56.6105 31.3165 8.03308
      vertex 56.6105 31.3165 0
    endloop
  endfacet
  facet normal -0.959385 0.2821 0
    outer loop
      vertex 56.6105 31.3165 8.03308
      vertex 56.5873 31.2376 0
      vertex 56.5873 31.2376 8.03393
    endloop
  endfacet
  facet normal -0.700996 -0.713166 0
    outer loop
      vertex 56.1376 32.9725 0
      vertex 56.1962 32.9149 8.02679
      vertex 56.1376 32.9725 8.0271
    endloop
  endfacet
  facet normal -0.700996 -0.713166 -0
    outer loop
      vertex 56.1962 32.9149 8.02679
      vertex 56.1376 32.9725 0
      vertex 56.1962 32.9149 0
    endloop
  endfacet
  facet normal 0.665194 0.746671 -0
    outer loop
      vertex 53.909 30.4728 0
      vertex 53.8476 30.5275 8.0729
      vertex 53.909 30.4728 8.07253
    endloop
  endfacet
  facet normal 0.665194 0.746671 0
    outer loop
      vertex 53.8476 30.5275 8.0729
      vertex 53.909 30.4728 0
      vertex 53.8476 30.5275 0
    endloop
  endfacet
  facet normal -0.767523 -0.641022 0
    outer loop
      vertex 56.3046 32.7913 0
      vertex 56.2519 32.8544 8.02653
      vertex 56.2519 32.8544 0
    endloop
  endfacet
  facet normal -0.767523 -0.641022 0
    outer loop
      vertex 56.2519 32.8544 8.02653
      vertex 56.3046 32.7913 0
      vertex 56.3046 32.7913 8.02633
    endloop
  endfacet
  facet normal 0.25054 -0.968106 0
    outer loop
      vertex 54.5327 33.3606 0
      vertex 54.6123 33.3812 8.04305
      vertex 54.5327 33.3606 8.04419
    endloop
  endfacet
  facet normal 0.25054 -0.968106 0
    outer loop
      vertex 54.6123 33.3812 8.04305
      vertex 54.5327 33.3606 0
      vertex 54.6123 33.3812 0
    endloop
  endfacet
  facet normal -0.187448 -0.982275 0
    outer loop
      vertex 55.2655 33.4026 0
      vertex 55.3462 33.3872 8.03393
      vertex 55.2655 33.4026 8.03482
    endloop
  endfacet
  facet normal -0.187448 -0.982275 -0
    outer loop
      vertex 55.3462 33.3872 8.03393
      vertex 55.2655 33.4026 0
      vertex 55.3462 33.3872 0
    endloop
  endfacet
  facet normal 0.601749 -0.798685 0
    outer loop
      vertex 53.9513 33.062 0
      vertex 54.017 33.1115 8.05235
      vertex 53.9513 33.062 8.05351
    endloop
  endfacet
  facet normal 0.601749 -0.798685 0
    outer loop
      vertex 54.017 33.1115 8.05235
      vertex 53.9513 33.062 0
      vertex 54.017 33.1115 0
    endloop
  endfacet
  facet normal 0.972044 -0.234799 0
    outer loop
      vertex 53.3554 32.1036 0
      vertex 53.3747 32.1835 8.06692
      vertex 53.3554 32.1036 8.06773
    endloop
  endfacet
  facet normal 0.972044 -0.234799 0
    outer loop
      vertex 53.3747 32.1835 8.06692
      vertex 53.3554 32.1036 0
      vertex 53.3747 32.1835 0
    endloop
  endfacet
  facet normal -0.507499 -0.861653 0
    outer loop
      vertex 55.8063 33.2141 0
      vertex 55.8771 33.1724 8.0289
      vertex 55.8063 33.2141 8.02948
    endloop
  endfacet
  facet normal -0.507499 -0.861653 -0
    outer loop
      vertex 55.8771 33.1724 8.0289
      vertex 55.8063 33.2141 0
      vertex 55.8771 33.1724 0
    endloop
  endfacet
  facet normal -0.67732 0.735689 0
    outer loop
      vertex 56.097 30.4907 0
      vertex 56.1575 30.5464 8.04419
      vertex 56.1575 30.5464 0
    endloop
  endfacet
  facet normal -0.67732 0.735689 0
    outer loop
      vertex 56.1575 30.5464 8.04419
      vertex 56.097 30.4907 0
      vertex 56.097 30.4907 8.04533
    endloop
  endfacet
  facet normal 0.959385 -0.2821 0
    outer loop
      vertex 53.3747 32.1835 0
      vertex 53.3979 32.2624 8.06607
      vertex 53.3747 32.1835 8.06692
    endloop
  endfacet
  facet normal 0.959385 -0.2821 0
    outer loop
      vertex 53.3979 32.2624 8.06607
      vertex 53.3747 32.1835 0
      vertex 53.3979 32.2624 0
    endloop
  endfacet
  facet normal -0.435497 0.90019 0
    outer loop
      vertex 55.6839 30.2243 0
      vertex 55.7579 30.2601 8.05117
      vertex 55.7579 30.2601 0
    endloop
  endfacet
  facet normal -0.435497 0.90019 0
    outer loop
      vertex 55.7579 30.2601 8.05117
      vertex 55.6839 30.2243 0
      vertex 55.6839 30.2243 8.05235
    endloop
  endfacet
  facet normal -0.920648 -0.390394 0
    outer loop
      vertex 56.5504 32.3656 0
      vertex 56.5183 32.4413 8.02619
      vertex 56.5183 32.4413 0
    endloop
  endfacet
  facet normal -0.920648 -0.390394 0
    outer loop
      vertex 56.5183 32.4413 8.02619
      vertex 56.5504 32.3656 0
      vertex 56.5504 32.3656 8.02633
    endloop
  endfacet
  facet normal -0.520564 0.853823 0
    outer loop
      vertex 55.8301 30.2994 0
      vertex 55.9003 30.3422 8.04883
      vertex 55.9003 30.3422 0
    endloop
  endfacet
  facet normal -0.520564 0.853823 0
    outer loop
      vertex 55.9003 30.3422 8.04883
      vertex 55.8301 30.2994 0
      vertex 55.8301 30.2994 8.05
    endloop
  endfacet
  facet normal -0.628394 -0.777895 0
    outer loop
      vertex 56.0123 33.0789 0
      vertex 56.0763 33.0272 8.02747
      vertex 56.0123 33.0789 8.02789
    endloop
  endfacet
  facet normal -0.628394 -0.777895 -0
    outer loop
      vertex 56.0763 33.0272 8.02747
      vertex 56.0123 33.0789 0
      vertex 56.0763 33.0272 0
    endloop
  endfacet
  facet normal -0.999964 -0.00851551 0
    outer loop
      vertex 56.6674 31.7226 0
      vertex 56.6667 31.8048 8.0289
      vertex 56.6667 31.8048 0
    endloop
  endfacet
  facet normal -0.999964 -0.00851551 0
    outer loop
      vertex 56.6667 31.8048 8.0289
      vertex 56.6674 31.7226 0
      vertex 56.6674 31.7226 8.02948
    endloop
  endfacet
  facet normal -0.2821 -0.959385 0
    outer loop
      vertex 55.4261 33.3679 0
      vertex 55.505 33.3447 8.03227
      vertex 55.4261 33.3679 8.03308
    endloop
  endfacet
  facet normal -0.2821 -0.959385 -0
    outer loop
      vertex 55.505 33.3447 8.03227
      vertex 55.4261 33.3679 0
      vertex 55.505 33.3447 0
    endloop
  endfacet
  facet normal -0.979152 -0.203128 0
    outer loop
      vertex 56.6406 32.0499 0
      vertex 56.6239 32.1304 8.0271
      vertex 56.6239 32.1304 0
    endloop
  endfacet
  facet normal -0.979152 -0.203128 0
    outer loop
      vertex 56.6239 32.1304 8.0271
      vertex 56.6406 32.0499 0
      vertex 56.6406 32.0499 8.02747
    endloop
  endfacet
  facet normal -0.998365 -0.0571537 0
    outer loop
      vertex 56.6667 31.8048 0
      vertex 56.662 31.8869 8.02837
      vertex 56.662 31.8869 0
    endloop
  endfacet
  facet normal -0.998365 -0.0571537 0
    outer loop
      vertex 56.662 31.8869 8.02837
      vertex 56.6667 31.8048 0
      vertex 56.6667 31.8048 8.0289
    endloop
  endfacet
  facet normal -0.641022 0.767523 0
    outer loop
      vertex 56.0339 30.438 0
      vertex 56.097 30.4907 8.04533
      vertex 56.097 30.4907 0
    endloop
  endfacet
  facet normal -0.641022 0.767523 0
    outer loop
      vertex 56.097 30.4907 8.04533
      vertex 56.0339 30.438 0
      vertex 56.0339 30.438 8.04649
    endloop
  endfacet
  facet normal -0.203128 0.979152 0
    outer loop
      vertex 55.2925 30.1021 0
      vertex 55.373 30.1188 8.05695
      vertex 55.373 30.1188 0
    endloop
  endfacet
  facet normal -0.203128 0.979152 0
    outer loop
      vertex 55.373 30.1188 8.05695
      vertex 55.2925 30.1021 0
      vertex 55.2925 30.1021 8.05806
    endloop
  endfacet
  facet normal 0.987832 0.155526 0
    outer loop
      vertex 53.3447 31.4501 8.07253
      vertex 53.3319 31.5314 0
      vertex 53.3319 31.5314 8.07211
    endloop
  endfacet
  facet normal 0.987832 0.155526 0
    outer loop
      vertex 53.3319 31.5314 0
      vertex 53.3447 31.4501 8.07253
      vertex 53.3447 31.4501 0
    endloop
  endfacet
  facet normal -0.907639 0.419752 0
    outer loop
      vertex 56.4949 31.0092 0
      vertex 56.5294 31.0838 8.03575
      vertex 56.5294 31.0838 0
    endloop
  endfacet
  facet normal -0.907639 0.419752 0
    outer loop
      vertex 56.5294 31.0838 8.03575
      vertex 56.4949 31.0092 0
      vertex 56.4949 31.0092 8.03671
    endloop
  endfacet
  facet normal 0.995933 -0.0900966 0
    outer loop
      vertex 53.3212 31.8596 8.0699
      vertex 53.3286 31.9414 0
      vertex 53.3286 31.9414 8.06922
    endloop
  endfacet
  facet normal 0.995933 -0.0900966 0
    outer loop
      vertex 53.3286 31.9414 0
      vertex 53.3212 31.8596 8.0699
      vertex 53.3212 31.8596 0
    endloop
  endfacet
  facet normal -0.995933 0.0900966 0
    outer loop
      vertex 56.6566 31.5586 0
      vertex 56.664 31.6404 8.0301
      vertex 56.664 31.6404 0
    endloop
  endfacet
  facet normal -0.995933 0.0900966 0
    outer loop
      vertex 56.664 31.6404 8.0301
      vertex 56.6566 31.5586 0
      vertex 56.6566 31.5586 8.03078
    endloop
  endfacet
  facet normal 0.920648 0.390394 0
    outer loop
      vertex 53.4669 31.0587 8.07381
      vertex 53.4348 31.1344 0
      vertex 53.4348 31.1344 8.07367
    endloop
  endfacet
  facet normal 0.920648 0.390394 0
    outer loop
      vertex 53.4348 31.1344 0
      vertex 53.4669 31.0587 8.07381
      vertex 53.4669 31.0587 0
    endloop
  endfacet
  facet normal -0.665798 -0.746132 0
    outer loop
      vertex 56.0763 33.0272 0
      vertex 56.1376 32.9725 8.0271
      vertex 56.0763 33.0272 8.02747
    endloop
  endfacet
  facet normal -0.665798 -0.746132 -0
    outer loop
      vertex 56.1376 32.9725 8.0271
      vertex 56.0763 33.0272 0
      vertex 56.1376 32.9725 0
    endloop
  endfacet
  facet normal 0.96803 0.250835 0
    outer loop
      vertex 53.382 31.2901 8.07321
      vertex 53.3614 31.3696 0
      vertex 53.3614 31.3696 8.0729
    endloop
  endfacet
  facet normal 0.96803 0.250835 0
    outer loop
      vertex 53.3614 31.3696 0
      vertex 53.382 31.2901 8.07321
      vertex 53.382 31.2901 0
    endloop
  endfacet
  facet normal 0.344183 -0.938903 0
    outer loop
      vertex 54.377 33.3078 0
      vertex 54.4542 33.3361 8.04533
      vertex 54.377 33.3078 8.04649
    endloop
  endfacet
  facet normal 0.344183 -0.938903 0
    outer loop
      vertex 54.4542 33.3361 8.04533
      vertex 54.377 33.3078 0
      vertex 54.4542 33.3361 0
    endloop
  endfacet
  facet normal 0.998365 0.0571537 0
    outer loop
      vertex 53.3232 31.6131 8.07163
      vertex 53.3185 31.6952 0
      vertex 53.3185 31.6952 8.0711
    endloop
  endfacet
  facet normal 0.998365 0.0571537 0
    outer loop
      vertex 53.3185 31.6952 0
      vertex 53.3232 31.6131 8.07163
      vertex 53.3232 31.6131 0
    endloop
  endfacet
  facet normal -0.297929 0.954588 0
    outer loop
      vertex 55.4525 30.1394 0
      vertex 55.531 30.1639 8.05467
      vertex 55.531 30.1639 0
    endloop
  endfacet
  facet normal -0.297929 0.954588 0
    outer loop
      vertex 55.531 30.1639 8.05467
      vertex 55.4525 30.1394 0
      vertex 55.4525 30.1394 8.05581
    endloop
  endfacet
  facet normal -0.777895 0.628394 0
    outer loop
      vertex 56.2698 30.6663 0
      vertex 56.3215 30.7303 8.04084
      vertex 56.3215 30.7303 0
    endloop
  endfacet
  facet normal -0.777895 0.628394 0
    outer loop
      vertex 56.3215 30.7303 8.04084
      vertex 56.2698 30.6663 0
      vertex 56.2698 30.6663 8.04194
    endloop
  endfacet
  facet normal 0.464643 0.885498 -0
    outer loop
      vertex 54.2518 30.2477 0
      vertex 54.179 30.2859 8.07052
      vertex 54.2518 30.2477 8.0699
    endloop
  endfacet
  facet normal 0.464643 0.885498 0
    outer loop
      vertex 54.179 30.2859 8.07052
      vertex 54.2518 30.2477 0
      vertex 54.179 30.2859 0
    endloop
  endfacet
  facet normal 0.105888 -0.994378 0
    outer loop
      vertex 54.774 33.4107 0
      vertex 54.8557 33.4194 8.03977
      vertex 54.774 33.4107 8.04084
    endloop
  endfacet
  facet normal 0.105888 -0.994378 0
    outer loop
      vertex 54.8557 33.4194 8.03977
      vertex 54.774 33.4107 0
      vertex 54.8557 33.4194 0
    endloop
  endfacet
  facet normal 0.853282 0.52145 0
    outer loop
      vertex 53.5849 30.8423 8.0739
      vertex 53.542 30.9125 0
      vertex 53.542 30.9125 8.07393
    endloop
  endfacet
  facet normal 0.853282 0.52145 0
    outer loop
      vertex 53.542 30.9125 0
      vertex 53.5849 30.8423 8.0739
      vertex 53.5849 30.8423 0
    endloop
  endfacet
  facet normal -0.155526 0.987832 0
    outer loop
      vertex 55.2112 30.0893 0
      vertex 55.2925 30.1021 8.05806
      vertex 55.2925 30.1021 0
    endloop
  endfacet
  facet normal -0.155526 0.987832 0
    outer loop
      vertex 55.2925 30.1021 8.05806
      vertex 55.2112 30.0893 0
      vertex 55.2112 30.0893 8.05916
    endloop
  endfacet
  facet normal -0.954588 -0.297929 0
    outer loop
      vertex 56.6032 32.2099 0
      vertex 56.5787 32.2884 8.02653
      vertex 56.5787 32.2884 0
    endloop
  endfacet
  facet normal -0.954588 -0.297929 0
    outer loop
      vertex 56.5787 32.2884 8.02653
      vertex 56.6032 32.2099 0
      vertex 56.6032 32.2099 8.02679
    endloop
  endfacet
  facet normal -0.548232 -0.836327 0
    outer loop
      vertex 55.8771 33.1724 0
      vertex 55.9459 33.1273 8.02837
      vertex 55.8771 33.1724 8.0289
    endloop
  endfacet
  facet normal -0.548232 -0.836327 -0
    outer loop
      vertex 55.9459 33.1273 8.02837
      vertex 55.8771 33.1724 0
      vertex 55.9459 33.1273 0
    endloop
  endfacet
  facet normal 0.90019 0.435497 0
    outer loop
      vertex 53.5027 30.9847 8.0739
      vertex 53.4669 31.0587 0
      vertex 53.4669 31.0587 8.07381
    endloop
  endfacet
  facet normal 0.90019 0.435497 0
    outer loop
      vertex 53.4669 31.0587 0
      vertex 53.5027 30.9847 8.0739
      vertex 53.5027 30.9847 0
    endloop
  endfacet
  facet normal 0.0413774 0.999144 0
    outer loop
      vertex 54.8831 30.0786 0
      vertex 54.9652 30.0752 8.0623
      vertex 54.9652 30.0752 0
    endloop
  endfacet
  facet normal 0.0413774 0.999144 0
    outer loop
      vertex 54.9652 30.0752 8.0623
      vertex 54.8831 30.0786 0
      vertex 54.8831 30.0786 8.06329
    endloop
  endfacet
  facet normal -0.00851551 0.999964 0
    outer loop
      vertex 54.9652 30.0752 0
      vertex 55.0474 30.0759 8.06128
      vertex 55.0474 30.0759 0
    endloop
  endfacet
  facet normal -0.00851551 0.999964 0
    outer loop
      vertex 55.0474 30.0759 8.06128
      vertex 54.9652 30.0752 0
      vertex 54.9652 30.0752 8.0623
    endloop
  endfacet
  facet normal -0.798244 -0.602334 0
    outer loop
      vertex 56.3541 32.7257 0
      vertex 56.3046 32.7913 8.02633
      vertex 56.3046 32.7913 0
    endloop
  endfacet
  facet normal -0.798244 -0.602334 0
    outer loop
      vertex 56.3046 32.7913 8.02633
      vertex 56.3541 32.7257 0
      vertex 56.3541 32.7257 8.02619
    endloop
  endfacet
  facet normal -0.88576 0.464143 0
    outer loop
      vertex 56.4567 30.9363 0
      vertex 56.4949 31.0092 8.03671
      vertex 56.4949 31.0092 0
    endloop
  endfacet
  facet normal -0.88576 0.464143 0
    outer loop
      vertex 56.4949 31.0092 8.03671
      vertex 56.4567 30.9363 0
      vertex 56.4567 30.9363 8.0377
    endloop
  endfacet
  facet normal -0.988018 -0.15434 0
    outer loop
      vertex 56.6533 31.9686 0
      vertex 56.6406 32.0499 8.02747
      vertex 56.6406 32.0499 0
    endloop
  endfacet
  facet normal -0.988018 -0.15434 0
    outer loop
      vertex 56.6406 32.0499 8.02747
      vertex 56.6533 31.9686 0
      vertex 56.6533 31.9686 8.02789
    endloop
  endfacet
  facet normal -0.861653 0.507499 0
    outer loop
      vertex 56.415 30.8655 0
      vertex 56.4567 30.9363 8.0377
      vertex 56.4567 30.9363 0
    endloop
  endfacet
  facet normal -0.861653 0.507499 0
    outer loop
      vertex 56.4567 30.9363 8.0377
      vertex 56.415 30.8655 0
      vertex 56.415 30.8655 8.03872
    endloop
  endfacet
  facet normal 0.777895 -0.628394 0
    outer loop
      vertex 53.6637 32.7697 0
      vertex 53.7154 32.8337 8.05806
      vertex 53.6637 32.7697 8.05916
    endloop
  endfacet
  facet normal 0.777895 -0.628394 0
    outer loop
      vertex 53.7154 32.8337 8.05806
      vertex 53.6637 32.7697 0
      vertex 53.7154 32.8337 0
    endloop
  endfacet
  facet normal 0.52145 -0.853282 0
    outer loop
      vertex 54.0849 33.1577 0
      vertex 54.1551 33.2006 8.05
      vertex 54.0849 33.1577 8.05117
    endloop
  endfacet
  facet normal 0.52145 -0.853282 0
    outer loop
      vertex 54.1551 33.2006 8.05
      vertex 54.0849 33.1577 0
      vertex 54.1551 33.2006 0
    endloop
  endfacet
  facet normal -0.138529 -0.990358 0
    outer loop
      vertex 55.184 33.414 0
      vertex 55.2655 33.4026 8.03482
      vertex 55.184 33.414 8.03575
    endloop
  endfacet
  facet normal -0.138529 -0.990358 -0
    outer loop
      vertex 55.2655 33.4026 8.03482
      vertex 55.184 33.414 0
      vertex 55.2655 33.4026 0
    endloop
  endfacet
  facet normal -0.3297 -0.944086 0
    outer loop
      vertex 55.505 33.3447 0
      vertex 55.5826 33.3176 8.0315
      vertex 55.505 33.3447 8.03227
    endloop
  endfacet
  facet normal -0.3297 -0.944086 -0
    outer loop
      vertex 55.5826 33.3176 8.0315
      vertex 55.505 33.3447 0
      vertex 55.5826 33.3176 0
    endloop
  endfacet
  facet normal 0.944086 -0.3297 0
    outer loop
      vertex 53.3979 32.2624 0
      vertex 53.425 32.34 8.06518
      vertex 53.3979 32.2624 8.06607
    endloop
  endfacet
  facet normal 0.944086 -0.3297 0
    outer loop
      vertex 53.425 32.34 8.06518
      vertex 53.3979 32.2624 0
      vertex 53.425 32.34 0
    endloop
  endfacet
  facet normal 0.641022 -0.767523 0
    outer loop
      vertex 53.8882 33.0093 0
      vertex 53.9513 33.062 8.05351
      vertex 53.8882 33.0093 8.05467
    endloop
  endfacet
  facet normal 0.641022 -0.767523 0
    outer loop
      vertex 53.9513 33.062 8.05351
      vertex 53.8882 33.0093 0
      vertex 53.9513 33.062 0
    endloop
  endfacet
  facet normal 0.155713 -0.987802 0
    outer loop
      vertex 54.6928 33.3979 0
      vertex 54.774 33.4107 8.04084
      vertex 54.6928 33.3979 8.04194
    endloop
  endfacet
  facet normal 0.155713 -0.987802 0
    outer loop
      vertex 54.774 33.4107 8.04084
      vertex 54.6928 33.3979 0
      vertex 54.774 33.4107 0
    endloop
  endfacet
  facet normal 0.628988 0.777415 -0
    outer loop
      vertex 53.9729 30.4211 0
      vertex 53.909 30.4728 8.07253
      vertex 53.9729 30.4211 8.07211
    endloop
  endfacet
  facet normal 0.628988 0.777415 0
    outer loop
      vertex 53.909 30.4728 8.07253
      vertex 53.9729 30.4211 0
      vertex 53.909 30.4728 0
    endloop
  endfacet
  facet normal 0.203128 -0.979152 0
    outer loop
      vertex 54.6123 33.3812 0
      vertex 54.6928 33.3979 8.04194
      vertex 54.6123 33.3812 8.04305
    endloop
  endfacet
  facet normal 0.203128 -0.979152 0
    outer loop
      vertex 54.6928 33.3979 8.04194
      vertex 54.6123 33.3812 0
      vertex 54.6928 33.3979 0
    endloop
  endfacet
  facet normal 0.979152 0.203128 0
    outer loop
      vertex 53.3614 31.3696 8.0729
      vertex 53.3447 31.4501 0
      vertex 53.3447 31.4501 8.07253
    endloop
  endfacet
  facet normal 0.979152 0.203128 0
    outer loop
      vertex 53.3447 31.4501 0
      vertex 53.3614 31.3696 8.0729
      vertex 53.3614 31.3696 0
    endloop
  endfacet
  facet normal 0.990358 -0.138529 0
    outer loop
      vertex 53.3286 31.9414 8.06922
      vertex 53.34 32.0229 0
      vertex 53.34 32.0229 8.0685
    endloop
  endfacet
  facet normal 0.990358 -0.138529 0
    outer loop
      vertex 53.34 32.0229 0
      vertex 53.3286 31.9414 8.06922
      vertex 53.3286 31.9414 0
    endloop
  endfacet
  facet normal -0.999146 0.0413272 0
    outer loop
      vertex 56.664 31.6404 0
      vertex 56.6674 31.7226 8.02948
      vertex 56.6674 31.7226 0
    endloop
  endfacet
  facet normal -0.999146 0.0413272 0
    outer loop
      vertex 56.6674 31.7226 8.02948
      vertex 56.664 31.6404 0
      vertex 56.664 31.6404 8.0301
    endloop
  endfacet
  facet normal -0.602334 0.798244 0
    outer loop
      vertex 55.9683 30.3885 0
      vertex 56.0339 30.438 8.04649
      vertex 56.0339 30.438 0
    endloop
  endfacet
  facet normal -0.602334 0.798244 0
    outer loop
      vertex 56.0339 30.438 8.04649
      vertex 55.9683 30.3885 0
      vertex 55.9683 30.3885 8.04765
    endloop
  endfacet
  facet normal -0.835961 0.548789 0
    outer loop
      vertex 56.3699 30.7968 0
      vertex 56.415 30.8655 8.03872
      vertex 56.415 30.8655 0
    endloop
  endfacet
  facet normal -0.835961 0.548789 0
    outer loop
      vertex 56.415 30.8655 8.03872
      vertex 56.3699 30.7968 0
      vertex 56.3699 30.7968 8.03977
    endloop
  endfacet
  facet normal 0.00851551 -0.999964 0
    outer loop
      vertex 54.9378 33.4241 0
      vertex 55.02 33.4248 8.0377
      vertex 54.9378 33.4241 8.03872
    endloop
  endfacet
  facet normal 0.00851551 -0.999964 0
    outer loop
      vertex 55.02 33.4248 8.0377
      vertex 54.9378 33.4241 0
      vertex 55.02 33.4248 0
    endloop
  endfacet
  facet normal 0.907639 -0.419752 0
    outer loop
      vertex 53.4558 32.4162 0
      vertex 53.4903 32.4908 8.06329
      vertex 53.4558 32.4162 8.06425
    endloop
  endfacet
  facet normal 0.907639 -0.419752 0
    outer loop
      vertex 53.4903 32.4908 8.06329
      vertex 53.4558 32.4162 0
      vertex 53.4903 32.4908 0
    endloop
  endfacet
  facet normal -0.713166 0.700996 0
    outer loop
      vertex 56.1575 30.5464 0
      vertex 56.2151 30.605 8.04305
      vertex 56.2151 30.605 0
    endloop
  endfacet
  facet normal -0.713166 0.700996 0
    outer loop
      vertex 56.2151 30.605 8.04305
      vertex 56.1575 30.5464 0
      vertex 56.1575 30.5464 8.04419
    endloop
  endfacet
  facet normal -0.808526 0.588461 0
    outer loop
      vertex 56.3215 30.7303 0
      vertex 56.3699 30.7968 8.03977
      vertex 56.3699 30.7968 0
    endloop
  endfacet
  facet normal -0.808526 0.588461 0
    outer loop
      vertex 56.3699 30.7968 8.03977
      vertex 56.3215 30.7303 0
      vertex 56.3215 30.7303 8.04084
    endloop
  endfacet
  facet normal -0.478085 0.878314 0
    outer loop
      vertex 55.7579 30.2601 0
      vertex 55.8301 30.2994 8.05
      vertex 55.8301 30.2994 0
    endloop
  endfacet
  facet normal -0.478085 0.878314 0
    outer loop
      vertex 55.8301 30.2994 8.05
      vertex 55.7579 30.2601 0
      vertex 55.7579 30.2601 8.05117
    endloop
  endfacet
  facet normal -0.419752 -0.907639 0
    outer loop
      vertex 55.6588 33.2868 0
      vertex 55.7334 33.2523 8.0301
      vertex 55.6588 33.2868 8.03078
    endloop
  endfacet
  facet normal -0.419752 -0.907639 -0
    outer loop
      vertex 55.7334 33.2523 8.0301
      vertex 55.6588 33.2868 0
      vertex 55.7334 33.2523 0
    endloop
  endfacet
  facet normal 0.435497 -0.90019 0
    outer loop
      vertex 54.2273 33.2399 0
      vertex 54.3013 33.2757 8.04765
      vertex 54.2273 33.2399 8.04883
    endloop
  endfacet
  facet normal 0.435497 -0.90019 0
    outer loop
      vertex 54.3013 33.2757 8.04765
      vertex 54.2273 33.2399 0
      vertex 54.3013 33.2757 0
    endloop
  endfacet
  facet normal 0.234799 0.972044 0
    outer loop
      vertex 54.5591 30.1321 0
      vertex 54.639 30.1128 8.06607
      vertex 54.639 30.1128 0
    endloop
  endfacet
  facet normal 0.234799 0.972044 0
    outer loop
      vertex 54.639 30.1128 8.06607
      vertex 54.5591 30.1321 0
      vertex 54.5591 30.1321 8.06692
    endloop
  endfacet
  facet normal -0.938903 -0.344183 0
    outer loop
      vertex 56.5787 32.2884 0
      vertex 56.5504 32.3656 8.02633
      vertex 56.5504 32.3656 0
    endloop
  endfacet
  facet normal -0.938903 -0.344183 0
    outer loop
      vertex 56.5504 32.3656 8.02633
      vertex 56.5787 32.2884 0
      vertex 56.5787 32.2884 8.02653
    endloop
  endfacet
  facet normal 0.835961 -0.548789 0
    outer loop
      vertex 53.5702 32.6345 0
      vertex 53.6153 32.7032 8.06023
      vertex 53.5702 32.6345 8.06128
    endloop
  endfacet
  facet normal 0.835961 -0.548789 0
    outer loop
      vertex 53.6153 32.7032 8.06023
      vertex 53.5702 32.6345 0
      vertex 53.6153 32.7032 0
    endloop
  endfacet
  facet normal 0.999964 0.00851551 0
    outer loop
      vertex 53.3185 31.6952 8.0711
      vertex 53.3178 31.7774 0
      vertex 53.3178 31.7774 8.07052
    endloop
  endfacet
  facet normal 0.999964 0.00851551 0
    outer loop
      vertex 53.3178 31.7774 0
      vertex 53.3185 31.6952 8.0711
      vertex 53.3185 31.6952 0
    endloop
  endfacet
  facet normal -0.374745 -0.927128 0
    outer loop
      vertex 55.5826 33.3176 0
      vertex 55.6588 33.2868 8.03078
      vertex 55.5826 33.3176 8.0315
    endloop
  endfacet
  facet normal -0.374745 -0.927128 -0
    outer loop
      vertex 55.6588 33.2868 8.03078
      vertex 55.5826 33.3176 0
      vertex 55.6588 33.2868 0
    endloop
  endfacet
  facet normal -0.0413272 -0.999146 0
    outer loop
      vertex 55.02 33.4248 0
      vertex 55.1022 33.4214 8.03671
      vertex 55.02 33.4248 8.0377
    endloop
  endfacet
  facet normal -0.0413272 -0.999146 -0
    outer loop
      vertex 55.1022 33.4214 8.03671
      vertex 55.02 33.4248 0
      vertex 55.1022 33.4214 0
    endloop
  endfacet
  facet normal 0.478085 -0.878314 0
    outer loop
      vertex 54.1551 33.2006 0
      vertex 54.2273 33.2399 8.04883
      vertex 54.1551 33.2006 8.05
    endloop
  endfacet
  facet normal 0.478085 -0.878314 0
    outer loop
      vertex 54.2273 33.2399 8.04883
      vertex 54.1551 33.2006 0
      vertex 54.2273 33.2399 0
    endloop
  endfacet
  facet normal 0.982275 -0.187448 0
    outer loop
      vertex 53.34 32.0229 8.0685
      vertex 53.3554 32.1036 0
      vertex 53.3554 32.1036 8.06773
    endloop
  endfacet
  facet normal 0.982275 -0.187448 0
    outer loop
      vertex 53.3554 32.1036 0
      vertex 53.34 32.0229 8.0685
      vertex 53.34 32.0229 0
    endloop
  endfacet
  facet normal 0.861653 -0.507499 0
    outer loop
      vertex 53.5285 32.5637 0
      vertex 53.5702 32.6345 8.06128
      vertex 53.5285 32.5637 8.0623
    endloop
  endfacet
  facet normal 0.861653 -0.507499 0
    outer loop
      vertex 53.5702 32.6345 8.06128
      vertex 53.5285 32.5637 0
      vertex 53.5702 32.6345 0
    endloop
  endfacet
  facet normal 0.88576 -0.464143 0
    outer loop
      vertex 53.4903 32.4908 0
      vertex 53.5285 32.5637 8.0623
      vertex 53.4903 32.4908 8.06329
    endloop
  endfacet
  facet normal 0.88576 -0.464143 0
    outer loop
      vertex 53.5285 32.5637 8.0623
      vertex 53.4903 32.4908 0
      vertex 53.5285 32.5637 0
    endloop
  endfacet
  facet normal -0.390394 0.920648 0
    outer loop
      vertex 55.6082 30.1922 0
      vertex 55.6839 30.2243 8.05235
      vertex 55.6839 30.2243 0
    endloop
  endfacet
  facet normal -0.390394 0.920648 0
    outer loop
      vertex 55.6839 30.2243 8.05235
      vertex 55.6082 30.1922 0
      vertex 55.6082 30.1922 8.05351
    endloop
  endfacet
  facet normal -0.926705 0.37579 0
    outer loop
      vertex 56.5294 31.0838 0
      vertex 56.5603 31.16 8.03482
      vertex 56.5603 31.16 0
    endloop
  endfacet
  facet normal -0.926705 0.37579 0
    outer loop
      vertex 56.5603 31.16 8.03482
      vertex 56.5294 31.0838 0
      vertex 56.5294 31.0838 8.03575
    endloop
  endfacet
  facet normal 0.938903 0.344183 0
    outer loop
      vertex 53.4348 31.1344 8.07367
      vertex 53.4065 31.2116 0
      vertex 53.4065 31.2116 8.07347
    endloop
  endfacet
  facet normal 0.938903 0.344183 0
    outer loop
      vertex 53.4065 31.2116 0
      vertex 53.4348 31.1344 8.07367
      vertex 53.4348 31.1344 0
    endloop
  endfacet
  facet normal -0.746132 0.665798 0
    outer loop
      vertex 56.2151 30.605 0
      vertex 56.2698 30.6663 8.04194
      vertex 56.2698 30.6663 0
    endloop
  endfacet
  facet normal -0.746132 0.665798 0
    outer loop
      vertex 56.2698 30.6663 8.04194
      vertex 56.2151 30.605 0
      vertex 56.2151 30.605 8.04305
    endloop
  endfacet
  facet normal 0.713166 -0.700996 0
    outer loop
      vertex 53.7701 32.895 0
      vertex 53.8277 32.9536 8.05581
      vertex 53.7701 32.895 8.05695
    endloop
  endfacet
  facet normal 0.713166 -0.700996 0
    outer loop
      vertex 53.8277 32.9536 8.05581
      vertex 53.7701 32.895 0
      vertex 53.8277 32.9536 0
    endloop
  endfacet
  facet normal 0.374745 0.927128 -0
    outer loop
      vertex 54.4026 30.1824 0
      vertex 54.3264 30.2132 8.06922
      vertex 54.4026 30.1824 8.0685
    endloop
  endfacet
  facet normal 0.374745 0.927128 0
    outer loop
      vertex 54.3264 30.2132 8.06922
      vertex 54.4026 30.1824 0
      vertex 54.3264 30.2132 0
    endloop
  endfacet
  facet normal 0.419752 0.907639 -0
    outer loop
      vertex 54.3264 30.2132 0
      vertex 54.2518 30.2477 8.0699
      vertex 54.3264 30.2132 8.06922
    endloop
  endfacet
  facet normal 0.419752 0.907639 0
    outer loop
      vertex 54.2518 30.2477 8.0699
      vertex 54.3264 30.2132 0
      vertex 54.2518 30.2477 0
    endloop
  endfacet
  facet normal 0.994378 0.105888 0
    outer loop
      vertex 53.3319 31.5314 8.07211
      vertex 53.3232 31.6131 0
      vertex 53.3232 31.6131 8.07163
    endloop
  endfacet
  facet normal 0.994378 0.105888 0
    outer loop
      vertex 53.3232 31.6131 0
      vertex 53.3319 31.5314 8.07211
      vertex 53.3319 31.5314 0
    endloop
  endfacet
  facet normal 0.187224 0.982317 0
    outer loop
      vertex 54.639 30.1128 0
      vertex 54.7198 30.0974 8.06518
      vertex 54.7198 30.0974 0
    endloop
  endfacet
  facet normal 0.187224 0.982317 0
    outer loop
      vertex 54.7198 30.0974 8.06518
      vertex 54.639 30.1128 0
      vertex 54.639 30.1128 8.06607
    endloop
  endfacet
  facet normal 0.700996 0.713166 -0
    outer loop
      vertex 53.8476 30.5275 0
      vertex 53.789 30.5851 8.07321
      vertex 53.8476 30.5275 8.0729
    endloop
  endfacet
  facet normal 0.700996 0.713166 0
    outer loop
      vertex 53.789 30.5851 8.07321
      vertex 53.8476 30.5275 0
      vertex 53.789 30.5851 0
    endloop
  endfacet
  facet normal -0.994378 -0.105888 0
    outer loop
      vertex 56.662 31.8869 0
      vertex 56.6533 31.9686 8.02789
      vertex 56.6533 31.9686 0
    endloop
  endfacet
  facet normal -0.994378 -0.105888 0
    outer loop
      vertex 56.6533 31.9686 8.02789
      vertex 56.662 31.8869 0
      vertex 56.662 31.8869 8.02837
    endloop
  endfacet
  facet normal -0.0571537 0.998365 0
    outer loop
      vertex 55.0474 30.0759 0
      vertex 55.1295 30.0806 8.06023
      vertex 55.1295 30.0806 0
    endloop
  endfacet
  facet normal -0.0571537 0.998365 0
    outer loop
      vertex 55.1295 30.0806 8.06023
      vertex 55.0474 30.0759 0
      vertex 55.0474 30.0759 8.06128
    endloop
  endfacet
  facet normal 0.588461 0.808526 -0
    outer loop
      vertex 54.0394 30.3727 0
      vertex 53.9729 30.4211 8.07211
      vertex 54.0394 30.3727 8.07163
    endloop
  endfacet
  facet normal 0.588461 0.808526 0
    outer loop
      vertex 53.9729 30.4211 8.07211
      vertex 54.0394 30.3727 0
      vertex 53.9729 30.4211 0
    endloop
  endfacet
  facet normal 0.808526 -0.588461 0
    outer loop
      vertex 53.6153 32.7032 0
      vertex 53.6637 32.7697 8.05916
      vertex 53.6153 32.7032 8.06023
    endloop
  endfacet
  facet normal 0.808526 -0.588461 0
    outer loop
      vertex 53.6637 32.7697 8.05916
      vertex 53.6153 32.7032 0
      vertex 53.6637 32.7697 0
    endloop
  endfacet
  facet normal 0.548789 0.835961 -0
    outer loop
      vertex 54.1081 30.3276 0
      vertex 54.0394 30.3727 8.07163
      vertex 54.1081 30.3276 8.0711
    endloop
  endfacet
  facet normal 0.548789 0.835961 0
    outer loop
      vertex 54.0394 30.3727 8.07163
      vertex 54.1081 30.3276 0
      vertex 54.0394 30.3727 0
    endloop
  endfacet
  facet normal -0.187224 0.982317 0
    outer loop
      vertex -54.639 30.1128 0
      vertex -54.7198 30.0974 8.06518
      vertex -54.639 30.1128 8.06607
    endloop
  endfacet
  facet normal -0.187224 0.982317 0
    outer loop
      vertex -54.7198 30.0974 8.06518
      vertex -54.639 30.1128 0
      vertex -54.7198 30.0974 0
    endloop
  endfacet
  facet normal 0.900667 -0.434511 0
    outer loop
      vertex -56.5183 32.4413 8.02619
      vertex -56.4826 32.5153 0
      vertex -56.4826 32.5153 8.0261
    endloop
  endfacet
  facet normal 0.900667 -0.434511 0
    outer loop
      vertex -56.4826 32.5153 0
      vertex -56.5183 32.4413 8.02619
      vertex -56.5183 32.4413 0
    endloop
  endfacet
  facet normal 0.877803 -0.479022 0
    outer loop
      vertex -56.4826 32.5153 8.0261
      vertex -56.4432 32.5875 0
      vertex -56.4432 32.5875 8.02607
    endloop
  endfacet
  facet normal 0.877803 -0.479022 0
    outer loop
      vertex -56.4432 32.5875 0
      vertex -56.4826 32.5153 8.0261
      vertex -56.4826 32.5153 0
    endloop
  endfacet
  facet normal 0.920648 -0.390394 0
    outer loop
      vertex -56.5504 32.3656 8.02633
      vertex -56.5183 32.4413 0
      vertex -56.5183 32.4413 8.02619
    endloop
  endfacet
  facet normal 0.920648 -0.390394 0
    outer loop
      vertex -56.5183 32.4413 0
      vertex -56.5504 32.3656 8.02633
      vertex -56.5504 32.3656 0
    endloop
  endfacet
  facet normal 0.2821 -0.959385 0
    outer loop
      vertex -55.4261 33.3679 0
      vertex -55.505 33.3447 8.03227
      vertex -55.505 33.3447 0
    endloop
  endfacet
  facet normal 0.2821 -0.959385 0
    outer loop
      vertex -55.505 33.3447 8.03227
      vertex -55.4261 33.3679 0
      vertex -55.4261 33.3679 8.03308
    endloop
  endfacet
  facet normal -0.827153 0.561977 0
    outer loop
      vertex -53.6311 30.7743 0
      vertex -53.5849 30.8423 8.0739
      vertex -53.5849 30.8423 0
    endloop
  endfacet
  facet normal -0.827153 0.561977 0
    outer loop
      vertex -53.5849 30.8423 8.0739
      vertex -53.6311 30.7743 0
      vertex -53.6311 30.7743 8.07381
    endloop
  endfacet
  facet normal -0.435497 -0.90019 0
    outer loop
      vertex -54.2273 33.2399 0
      vertex -54.3013 33.2757 8.04765
      vertex -54.3013 33.2757 0
    endloop
  endfacet
  facet normal -0.435497 -0.90019 0
    outer loop
      vertex -54.3013 33.2757 8.04765
      vertex -54.2273 33.2399 0
      vertex -54.2273 33.2399 8.04883
    endloop
  endfacet
  facet normal 0.907639 0.419752 -0
    outer loop
      vertex -56.4949 31.0092 0
      vertex -56.5294 31.0838 8.03575
      vertex -56.4949 31.0092 8.03671
    endloop
  endfacet
  facet normal 0.907639 0.419752 0
    outer loop
      vertex -56.5294 31.0838 8.03575
      vertex -56.4949 31.0092 0
      vertex -56.5294 31.0838 0
    endloop
  endfacet
  facet normal 0.999964 -0.00851551 0
    outer loop
      vertex -56.6674 31.7226 8.02948
      vertex -56.6667 31.8048 0
      vertex -56.6667 31.8048 8.0289
    endloop
  endfacet
  facet normal 0.999964 -0.00851551 0
    outer loop
      vertex -56.6667 31.8048 0
      vertex -56.6674 31.7226 8.02948
      vertex -56.6674 31.7226 0
    endloop
  endfacet
  facet normal 0.105888 0.994378 -0
    outer loop
      vertex -55.1295 30.0806 0
      vertex -55.2112 30.0893 8.05916
      vertex -55.1295 30.0806 8.06023
    endloop
  endfacet
  facet normal 0.105888 0.994378 0
    outer loop
      vertex -55.2112 30.0893 8.05916
      vertex -55.1295 30.0806 0
      vertex -55.2112 30.0893 0
    endloop
  endfacet
  facet normal -0.138696 0.990335 0
    outer loop
      vertex -54.7198 30.0974 0
      vertex -54.8012 30.086 8.06425
      vertex -54.7198 30.0974 8.06518
    endloop
  endfacet
  facet normal -0.138696 0.990335 0
    outer loop
      vertex -54.8012 30.086 8.06425
      vertex -54.7198 30.0974 0
      vertex -54.8012 30.086 0
    endloop
  endfacet
  facet normal 0.808526 0.588461 -0
    outer loop
      vertex -56.3215 30.7303 0
      vertex -56.3699 30.7968 8.03977
      vertex -56.3215 30.7303 8.04084
    endloop
  endfacet
  facet normal 0.808526 0.588461 0
    outer loop
      vertex -56.3699 30.7968 8.03977
      vertex -56.3215 30.7303 0
      vertex -56.3699 30.7968 0
    endloop
  endfacet
  facet normal 0.982498 0.186273 0
    outer loop
      vertex -56.6299 31.3964 8.03227
      vertex -56.6452 31.4771 0
      vertex -56.6452 31.4771 8.0315
    endloop
  endfacet
  facet normal 0.982498 0.186273 0
    outer loop
      vertex -56.6452 31.4771 0
      vertex -56.6299 31.3964 8.03227
      vertex -56.6299 31.3964 0
    endloop
  endfacet
  facet normal 0.944464 0.328615 -0
    outer loop
      vertex -56.5603 31.16 0
      vertex -56.5873 31.2376 8.03393
      vertex -56.5603 31.16 8.03482
    endloop
  endfacet
  facet normal 0.944464 0.328615 0
    outer loop
      vertex -56.5873 31.2376 8.03393
      vertex -56.5603 31.16 0
      vertex -56.5873 31.2376 0
    endloop
  endfacet
  facet normal 0.798244 -0.602334 0
    outer loop
      vertex -56.3541 32.7257 8.02619
      vertex -56.3046 32.7913 0
      vertex -56.3046 32.7913 8.02633
    endloop
  endfacet
  facet normal 0.798244 -0.602334 0
    outer loop
      vertex -56.3046 32.7913 0
      vertex -56.3541 32.7257 8.02619
      vertex -56.3541 32.7257 0
    endloop
  endfacet
  facet normal 0.954588 -0.297929 0
    outer loop
      vertex -56.6032 32.2099 8.02679
      vertex -56.5787 32.2884 0
      vertex -56.5787 32.2884 8.02653
    endloop
  endfacet
  facet normal 0.954588 -0.297929 0
    outer loop
      vertex -56.5787 32.2884 0
      vertex -56.6032 32.2099 8.02679
      vertex -56.6032 32.2099 0
    endloop
  endfacet
  facet normal -0.972044 -0.234799 0
    outer loop
      vertex -53.3554 32.1036 0
      vertex -53.3747 32.1835 8.06692
      vertex -53.3747 32.1835 0
    endloop
  endfacet
  facet normal -0.972044 -0.234799 0
    outer loop
      vertex -53.3747 32.1835 8.06692
      vertex -53.3554 32.1036 0
      vertex -53.3554 32.1036 8.06773
    endloop
  endfacet
  facet normal 0.926705 0.37579 -0
    outer loop
      vertex -56.5294 31.0838 0
      vertex -56.5603 31.16 8.03482
      vertex -56.5294 31.0838 8.03575
    endloop
  endfacet
  facet normal 0.926705 0.37579 0
    outer loop
      vertex -56.5603 31.16 8.03482
      vertex -56.5294 31.0838 0
      vertex -56.5603 31.16 0
    endloop
  endfacet
  facet normal 0.853823 -0.520564 0
    outer loop
      vertex -56.4432 32.5875 8.02607
      vertex -56.4004 32.6577 0
      vertex -56.4004 32.6577 8.0261
    endloop
  endfacet
  facet normal 0.853823 -0.520564 0
    outer loop
      vertex -56.4004 32.6577 0
      vertex -56.4432 32.5875 8.02607
      vertex -56.4432 32.5875 0
    endloop
  endfacet
  facet normal -0.25054 -0.968106 0
    outer loop
      vertex -54.5327 33.3606 0
      vertex -54.6123 33.3812 8.04305
      vertex -54.6123 33.3812 0
    endloop
  endfacet
  facet normal -0.25054 -0.968106 0
    outer loop
      vertex -54.6123 33.3812 8.04305
      vertex -54.5327 33.3606 0
      vertex -54.5327 33.3606 8.04419
    endloop
  endfacet
  facet normal -0.998365 0.0571537 0
    outer loop
      vertex -53.3232 31.6131 0
      vertex -53.3185 31.6952 8.0711
      vertex -53.3185 31.6952 0
    endloop
  endfacet
  facet normal -0.998365 0.0571537 0
    outer loop
      vertex -53.3185 31.6952 8.0711
      vertex -53.3232 31.6131 0
      vertex -53.3232 31.6131 8.07163
    endloop
  endfacet
  facet normal 0.67732 0.735689 -0
    outer loop
      vertex -56.097 30.4907 0
      vertex -56.1575 30.5464 8.04419
      vertex -56.097 30.4907 8.04533
    endloop
  endfacet
  facet normal 0.67732 0.735689 0
    outer loop
      vertex -56.1575 30.5464 8.04419
      vertex -56.097 30.4907 0
      vertex -56.1575 30.5464 0
    endloop
  endfacet
  facet normal -0.297929 -0.954588 0
    outer loop
      vertex -54.4542 33.3361 0
      vertex -54.5327 33.3606 8.04419
      vertex -54.5327 33.3606 0
    endloop
  endfacet
  facet normal -0.297929 -0.954588 0
    outer loop
      vertex -54.5327 33.3606 8.04419
      vertex -54.4542 33.3361 0
      vertex -54.4542 33.3361 8.04533
    endloop
  endfacet
  facet normal -0.548789 0.835961 0
    outer loop
      vertex -54.0394 30.3727 0
      vertex -54.1081 30.3276 8.0711
      vertex -54.0394 30.3727 8.07163
    endloop
  endfacet
  facet normal -0.548789 0.835961 0
    outer loop
      vertex -54.1081 30.3276 8.0711
      vertex -54.0394 30.3727 0
      vertex -54.1081 30.3276 0
    endloop
  endfacet
  facet normal -0.920648 0.390394 0
    outer loop
      vertex -53.4669 31.0587 0
      vertex -53.4348 31.1344 8.07367
      vertex -53.4348 31.1344 0
    endloop
  endfacet
  facet normal -0.920648 0.390394 0
    outer loop
      vertex -53.4348 31.1344 8.07367
      vertex -53.4669 31.0587 0
      vertex -53.4669 31.0587 8.07381
    endloop
  endfacet
  facet normal -0.987832 0.155526 0
    outer loop
      vertex -53.3447 31.4501 0
      vertex -53.3319 31.5314 8.07211
      vertex -53.3319 31.5314 0
    endloop
  endfacet
  facet normal -0.987832 0.155526 0
    outer loop
      vertex -53.3319 31.5314 8.07211
      vertex -53.3447 31.4501 0
      vertex -53.3447 31.4501 8.07253
    endloop
  endfacet
  facet normal 0.435497 0.90019 -0
    outer loop
      vertex -55.6839 30.2243 0
      vertex -55.7579 30.2601 8.05117
      vertex -55.6839 30.2243 8.05235
    endloop
  endfacet
  facet normal 0.435497 0.90019 0
    outer loop
      vertex -55.7579 30.2601 8.05117
      vertex -55.6839 30.2243 0
      vertex -55.7579 30.2601 0
    endloop
  endfacet
  facet normal 0.979152 -0.203128 0
    outer loop
      vertex -56.6406 32.0499 8.02747
      vertex -56.6239 32.1304 0
      vertex -56.6239 32.1304 8.0271
    endloop
  endfacet
  facet normal 0.979152 -0.203128 0
    outer loop
      vertex -56.6239 32.1304 0
      vertex -56.6406 32.0499 8.02747
      vertex -56.6406 32.0499 0
    endloop
  endfacet
  facet normal -0.478085 -0.878314 0
    outer loop
      vertex -54.1551 33.2006 0
      vertex -54.2273 33.2399 8.04883
      vertex -54.2273 33.2399 0
    endloop
  endfacet
  facet normal -0.478085 -0.878314 0
    outer loop
      vertex -54.2273 33.2399 8.04883
      vertex -54.1551 33.2006 0
      vertex -54.1551 33.2006 8.05
    endloop
  endfacet
  facet normal 0.628394 -0.777895 0
    outer loop
      vertex -56.0763 33.0272 0
      vertex -56.0123 33.0789 8.02789
      vertex -56.0763 33.0272 8.02747
    endloop
  endfacet
  facet normal 0.628394 -0.777895 0
    outer loop
      vertex -56.0123 33.0789 8.02789
      vertex -56.0763 33.0272 0
      vertex -56.0123 33.0789 0
    endloop
  endfacet
  facet normal 0.665798 -0.746132 0
    outer loop
      vertex -56.1376 32.9725 0
      vertex -56.0763 33.0272 8.02747
      vertex -56.1376 32.9725 8.0271
    endloop
  endfacet
  facet normal 0.665798 -0.746132 0
    outer loop
      vertex -56.0763 33.0272 8.02747
      vertex -56.1376 32.9725 0
      vertex -56.0763 33.0272 0
    endloop
  endfacet
  facet normal -0.746132 -0.665798 0
    outer loop
      vertex -53.7154 32.8337 0
      vertex -53.7701 32.895 8.05695
      vertex -53.7701 32.895 0
    endloop
  endfacet
  facet normal -0.746132 -0.665798 0
    outer loop
      vertex -53.7701 32.895 8.05695
      vertex -53.7154 32.8337 0
      vertex -53.7154 32.8337 8.05806
    endloop
  endfacet
  facet normal 0.390394 0.920648 -0
    outer loop
      vertex -55.6082 30.1922 0
      vertex -55.6839 30.2243 8.05235
      vertex -55.6082 30.1922 8.05351
    endloop
  endfacet
  facet normal 0.390394 0.920648 0
    outer loop
      vertex -55.6839 30.2243 8.05235
      vertex -55.6082 30.1922 0
      vertex -55.6839 30.2243 0
    endloop
  endfacet
  facet normal -0.628988 0.777415 0
    outer loop
      vertex -53.909 30.4728 0
      vertex -53.9729 30.4211 8.07211
      vertex -53.909 30.4728 8.07253
    endloop
  endfacet
  facet normal -0.628988 0.777415 0
    outer loop
      vertex -53.9729 30.4211 8.07211
      vertex -53.909 30.4728 0
      vertex -53.9729 30.4211 0
    endloop
  endfacet
  facet normal -0.506967 0.861965 0
    outer loop
      vertex -54.1081 30.3276 0
      vertex -54.179 30.2859 8.07052
      vertex -54.1081 30.3276 8.0711
    endloop
  endfacet
  facet normal -0.506967 0.861965 0
    outer loop
      vertex -54.179 30.2859 8.07052
      vertex -54.1081 30.3276 0
      vertex -54.179 30.2859 0
    endloop
  endfacet
  facet normal 0.861653 0.507499 -0
    outer loop
      vertex -56.415 30.8655 0
      vertex -56.4567 30.9363 8.0377
      vertex -56.415 30.8655 8.03872
    endloop
  endfacet
  facet normal 0.861653 0.507499 0
    outer loop
      vertex -56.4567 30.9363 8.0377
      vertex -56.415 30.8655 0
      vertex -56.4567 30.9363 0
    endloop
  endfacet
  facet normal -0.234799 0.972044 0
    outer loop
      vertex -54.5591 30.1321 0
      vertex -54.639 30.1128 8.06607
      vertex -54.5591 30.1321 8.06692
    endloop
  endfacet
  facet normal -0.234799 0.972044 0
    outer loop
      vertex -54.639 30.1128 8.06607
      vertex -54.5591 30.1321 0
      vertex -54.639 30.1128 0
    endloop
  endfacet
  facet normal -0.105888 -0.994378 0
    outer loop
      vertex -54.774 33.4107 0
      vertex -54.8557 33.4194 8.03977
      vertex -54.8557 33.4194 0
    endloop
  endfacet
  facet normal -0.105888 -0.994378 0
    outer loop
      vertex -54.8557 33.4194 8.03977
      vertex -54.774 33.4107 0
      vertex -54.774 33.4107 8.04084
    endloop
  endfacet
  facet normal -0.982275 -0.187448 0
    outer loop
      vertex -53.34 32.0229 0
      vertex -53.3554 32.1036 8.06773
      vertex -53.3554 32.1036 0
    endloop
  endfacet
  facet normal -0.982275 -0.187448 0
    outer loop
      vertex -53.3554 32.1036 8.06773
      vertex -53.34 32.0229 0
      vertex -53.34 32.0229 8.0685
    endloop
  endfacet
  facet normal 0.835961 0.548789 -0
    outer loop
      vertex -56.3699 30.7968 0
      vertex -56.415 30.8655 8.03872
      vertex -56.3699 30.7968 8.03977
    endloop
  endfacet
  facet normal 0.835961 0.548789 0
    outer loop
      vertex -56.415 30.8655 8.03872
      vertex -56.3699 30.7968 0
      vertex -56.415 30.8655 0
    endloop
  endfacet
  facet normal -0.999146 -0.0413272 0
    outer loop
      vertex -53.3178 31.7774 0
      vertex -53.3212 31.8596 8.0699
      vertex -53.3212 31.8596 0
    endloop
  endfacet
  facet normal -0.999146 -0.0413272 0
    outer loop
      vertex -53.3212 31.8596 8.0699
      vertex -53.3178 31.7774 0
      vertex -53.3178 31.7774 8.07052
    endloop
  endfacet
  facet normal -0.713166 -0.700996 0
    outer loop
      vertex -53.7701 32.895 0
      vertex -53.8277 32.9536 8.05581
      vertex -53.8277 32.9536 0
    endloop
  endfacet
  facet normal -0.713166 -0.700996 0
    outer loop
      vertex -53.8277 32.9536 8.05581
      vertex -53.7701 32.895 0
      vertex -53.7701 32.895 8.05695
    endloop
  endfacet
  facet normal 0.700996 -0.713166 0
    outer loop
      vertex -56.1962 32.9149 0
      vertex -56.1376 32.9725 8.0271
      vertex -56.1962 32.9149 8.02679
    endloop
  endfacet
  facet normal 0.700996 -0.713166 0
    outer loop
      vertex -56.1376 32.9725 8.0271
      vertex -56.1962 32.9149 0
      vertex -56.1376 32.9725 0
    endloop
  endfacet
  facet normal -0.979152 0.203128 0
    outer loop
      vertex -53.3614 31.3696 0
      vertex -53.3447 31.4501 8.07253
      vertex -53.3447 31.4501 0
    endloop
  endfacet
  facet normal -0.979152 0.203128 0
    outer loop
      vertex -53.3447 31.4501 8.07253
      vertex -53.3614 31.3696 0
      vertex -53.3614 31.3696 8.0729
    endloop
  endfacet
  facet normal 0.0413272 -0.999146 0
    outer loop
      vertex -55.02 33.4248 0
      vertex -55.1022 33.4214 8.03671
      vertex -55.1022 33.4214 0
    endloop
  endfacet
  facet normal 0.0413272 -0.999146 0
    outer loop
      vertex -55.1022 33.4214 8.03671
      vertex -55.02 33.4248 0
      vertex -55.02 33.4248 8.0377
    endloop
  endfacet
  facet normal 0.995933 0.0900966 0
    outer loop
      vertex -56.6566 31.5586 8.03078
      vertex -56.664 31.6404 0
      vertex -56.664 31.6404 8.0301
    endloop
  endfacet
  facet normal 0.995933 0.0900966 0
    outer loop
      vertex -56.664 31.6404 0
      vertex -56.6566 31.5586 8.03078
      vertex -56.6566 31.5586 0
    endloop
  endfacet
  facet normal -0.927128 -0.374745 0
    outer loop
      vertex -53.425 32.34 0
      vertex -53.4558 32.4162 8.06425
      vertex -53.4558 32.4162 0
    endloop
  endfacet
  facet normal -0.927128 -0.374745 0
    outer loop
      vertex -53.4558 32.4162 8.06425
      vertex -53.425 32.34 0
      vertex -53.425 32.34 8.06518
    endloop
  endfacet
  facet normal -0.798244 0.602334 0
    outer loop
      vertex -53.6806 30.7087 0
      vertex -53.6311 30.7743 8.07381
      vertex -53.6311 30.7743 0
    endloop
  endfacet
  facet normal -0.798244 0.602334 0
    outer loop
      vertex -53.6311 30.7743 8.07381
      vertex -53.6806 30.7087 0
      vertex -53.6806 30.7087 8.07367
    endloop
  endfacet
  facet normal -0.954588 0.297929 0
    outer loop
      vertex -53.4065 31.2116 0
      vertex -53.382 31.2901 8.07321
      vertex -53.382 31.2901 0
    endloop
  endfacet
  facet normal -0.954588 0.297929 0
    outer loop
      vertex -53.382 31.2901 8.07321
      vertex -53.4065 31.2116 0
      vertex -53.4065 31.2116 8.07347
    endloop
  endfacet
  facet normal -0.665194 0.746671 0
    outer loop
      vertex -53.8476 30.5275 0
      vertex -53.909 30.4728 8.07253
      vertex -53.8476 30.5275 8.0729
    endloop
  endfacet
  facet normal -0.665194 0.746671 0
    outer loop
      vertex -53.909 30.4728 8.07253
      vertex -53.8476 30.5275 0
      vertex -53.909 30.4728 0
    endloop
  endfacet
  facet normal 0.297929 0.954588 -0
    outer loop
      vertex -55.4525 30.1394 0
      vertex -55.531 30.1639 8.05467
      vertex -55.4525 30.1394 8.05581
    endloop
  endfacet
  facet normal 0.297929 0.954588 0
    outer loop
      vertex -55.531 30.1639 8.05467
      vertex -55.4525 30.1394 0
      vertex -55.531 30.1639 0
    endloop
  endfacet
  facet normal -0.938903 0.344183 0
    outer loop
      vertex -53.4348 31.1344 0
      vertex -53.4065 31.2116 8.07347
      vertex -53.4065 31.2116 0
    endloop
  endfacet
  facet normal -0.938903 0.344183 0
    outer loop
      vertex -53.4065 31.2116 8.07347
      vertex -53.4348 31.1344 0
      vertex -53.4348 31.1344 8.07367
    endloop
  endfacet
  facet normal 0.971766 0.235948 -0
    outer loop
      vertex -56.6105 31.3165 0
      vertex -56.6299 31.3964 8.03227
      vertex -56.6105 31.3165 8.03308
    endloop
  endfacet
  facet normal 0.971766 0.235948 0
    outer loop
      vertex -56.6299 31.3964 8.03227
      vertex -56.6105 31.3165 0
      vertex -56.6299 31.3964 0
    endloop
  endfacet
  facet normal -0.777895 -0.628394 0
    outer loop
      vertex -53.6637 32.7697 0
      vertex -53.7154 32.8337 8.05806
      vertex -53.7154 32.8337 0
    endloop
  endfacet
  facet normal -0.777895 -0.628394 0
    outer loop
      vertex -53.7154 32.8337 8.05806
      vertex -53.6637 32.7697 0
      vertex -53.6637 32.7697 8.05916
    endloop
  endfacet
  facet normal 0.746132 0.665798 -0
    outer loop
      vertex -56.2151 30.605 0
      vertex -56.2698 30.6663 8.04194
      vertex -56.2151 30.605 8.04305
    endloop
  endfacet
  facet normal 0.746132 0.665798 0
    outer loop
      vertex -56.2698 30.6663 8.04194
      vertex -56.2151 30.605 0
      vertex -56.2698 30.6663 0
    endloop
  endfacet
  facet normal 0.3297 -0.944086 0
    outer loop
      vertex -55.5826 33.3176 0
      vertex -55.505 33.3447 8.03227
      vertex -55.5826 33.3176 8.0315
    endloop
  endfacet
  facet normal 0.3297 -0.944086 0
    outer loop
      vertex -55.505 33.3447 8.03227
      vertex -55.5826 33.3176 0
      vertex -55.505 33.3447 0
    endloop
  endfacet
  facet normal -0.390394 -0.920648 0
    outer loop
      vertex -54.3013 33.2757 0
      vertex -54.377 33.3078 8.04649
      vertex -54.377 33.3078 0
    endloop
  endfacet
  facet normal -0.390394 -0.920648 0
    outer loop
      vertex -54.377 33.3078 8.04649
      vertex -54.3013 33.2757 0
      vertex -54.3013 33.2757 8.04765
    endloop
  endfacet
  facet normal 0.187448 -0.982275 0
    outer loop
      vertex -55.2655 33.4026 0
      vertex -55.3462 33.3872 8.03393
      vertex -55.3462 33.3872 0
    endloop
  endfacet
  facet normal 0.187448 -0.982275 0
    outer loop
      vertex -55.3462 33.3872 8.03393
      vertex -55.2655 33.4026 0
      vertex -55.2655 33.4026 8.03482
    endloop
  endfacet
  facet normal 0.478085 0.878314 -0
    outer loop
      vertex -55.7579 30.2601 0
      vertex -55.8301 30.2994 8.05
      vertex -55.7579 30.2601 8.05117
    endloop
  endfacet
  facet normal 0.478085 0.878314 0
    outer loop
      vertex -55.8301 30.2994 8.05
      vertex -55.7579 30.2601 0
      vertex -55.8301 30.2994 0
    endloop
  endfacet
  facet normal 0.0571537 0.998365 -0
    outer loop
      vertex -55.0474 30.0759 0
      vertex -55.1295 30.0806 8.06023
      vertex -55.0474 30.0759 8.06128
    endloop
  endfacet
  facet normal 0.0571537 0.998365 0
    outer loop
      vertex -55.1295 30.0806 8.06023
      vertex -55.0474 30.0759 0
      vertex -55.1295 30.0806 0
    endloop
  endfacet
  facet normal 0.88576 0.464143 -0
    outer loop
      vertex -56.4567 30.9363 0
      vertex -56.4949 31.0092 8.03671
      vertex -56.4567 30.9363 8.0377
    endloop
  endfacet
  facet normal 0.88576 0.464143 0
    outer loop
      vertex -56.4949 31.0092 8.03671
      vertex -56.4567 30.9363 0
      vertex -56.4949 31.0092 0
    endloop
  endfacet
  facet normal -0.00851551 -0.999964 0
    outer loop
      vertex -54.9378 33.4241 0
      vertex -55.02 33.4248 8.0377
      vertex -55.02 33.4248 0
    endloop
  endfacet
  facet normal -0.00851551 -0.999964 0
    outer loop
      vertex -55.02 33.4248 8.0377
      vertex -54.9378 33.4241 0
      vertex -54.9378 33.4241 8.03872
    endloop
  endfacet
  facet normal 0.994378 -0.105888 0
    outer loop
      vertex -56.662 31.8869 8.02837
      vertex -56.6533 31.9686 0
      vertex -56.6533 31.9686 8.02789
    endloop
  endfacet
  facet normal 0.994378 -0.105888 0
    outer loop
      vertex -56.6533 31.9686 0
      vertex -56.662 31.8869 8.02837
      vertex -56.662 31.8869 0
    endloop
  endfacet
  facet normal -0.90019 0.435497 0
    outer loop
      vertex -53.5027 30.9847 0
      vertex -53.4669 31.0587 8.07381
      vertex -53.4669 31.0587 0
    endloop
  endfacet
  facet normal -0.90019 0.435497 0
    outer loop
      vertex -53.4669 31.0587 8.07381
      vertex -53.5027 30.9847 0
      vertex -53.5027 30.9847 8.0739
    endloop
  endfacet
  facet normal 0.999146 0.0413272 0
    outer loop
      vertex -56.664 31.6404 8.0301
      vertex -56.6674 31.7226 0
      vertex -56.6674 31.7226 8.02948
    endloop
  endfacet
  facet normal 0.999146 0.0413272 0
    outer loop
      vertex -56.6674 31.7226 0
      vertex -56.664 31.6404 8.0301
      vertex -56.664 31.6404 0
    endloop
  endfacet
  facet normal -0.907639 -0.419752 0
    outer loop
      vertex -53.4558 32.4162 0
      vertex -53.4903 32.4908 8.06329
      vertex -53.4903 32.4908 0
    endloop
  endfacet
  facet normal -0.907639 -0.419752 0
    outer loop
      vertex -53.4903 32.4908 8.06329
      vertex -53.4558 32.4162 0
      vertex -53.4558 32.4162 8.06425
    endloop
  endfacet
  facet normal 0.344183 0.938903 -0
    outer loop
      vertex -55.531 30.1639 0
      vertex -55.6082 30.1922 8.05351
      vertex -55.531 30.1639 8.05467
    endloop
  endfacet
  facet normal 0.344183 0.938903 0
    outer loop
      vertex -55.6082 30.1922 8.05351
      vertex -55.531 30.1639 0
      vertex -55.6082 30.1922 0
    endloop
  endfacet
  facet normal -0.374745 0.927128 0
    outer loop
      vertex -54.3264 30.2132 0
      vertex -54.4026 30.1824 8.0685
      vertex -54.3264 30.2132 8.06922
    endloop
  endfacet
  facet normal -0.374745 0.927128 0
    outer loop
      vertex -54.4026 30.1824 8.0685
      vertex -54.3264 30.2132 0
      vertex -54.4026 30.1824 0
    endloop
  endfacet
  facet normal -0.853282 0.52145 0
    outer loop
      vertex -53.5849 30.8423 0
      vertex -53.542 30.9125 8.07393
      vertex -53.542 30.9125 0
    endloop
  endfacet
  facet normal -0.853282 0.52145 0
    outer loop
      vertex -53.542 30.9125 8.07393
      vertex -53.5849 30.8423 0
      vertex -53.5849 30.8423 8.0739
    endloop
  endfacet
  facet normal -0.641022 -0.767523 0
    outer loop
      vertex -53.8882 33.0093 0
      vertex -53.9513 33.062 8.05351
      vertex -53.9513 33.062 0
    endloop
  endfacet
  facet normal -0.641022 -0.767523 0
    outer loop
      vertex -53.9513 33.062 8.05351
      vertex -53.8882 33.0093 0
      vertex -53.8882 33.0093 8.05467
    endloop
  endfacet
  facet normal 0.777895 0.628394 -0
    outer loop
      vertex -56.2698 30.6663 0
      vertex -56.3215 30.7303 8.04084
      vertex -56.2698 30.6663 8.04194
    endloop
  endfacet
  facet normal 0.777895 0.628394 0
    outer loop
      vertex -56.3215 30.7303 8.04084
      vertex -56.2698 30.6663 0
      vertex -56.3215 30.7303 0
    endloop
  endfacet
  facet normal -0.835961 -0.548789 0
    outer loop
      vertex -53.5702 32.6345 0
      vertex -53.6153 32.7032 8.06023
      vertex -53.6153 32.7032 0
    endloop
  endfacet
  facet normal -0.835961 -0.548789 0
    outer loop
      vertex -53.6153 32.7032 8.06023
      vertex -53.5702 32.6345 0
      vertex -53.5702 32.6345 8.06128
    endloop
  endfacet
  facet normal -0.700996 0.713166 0
    outer loop
      vertex -53.789 30.5851 0
      vertex -53.8476 30.5275 8.0729
      vertex -53.789 30.5851 8.07321
    endloop
  endfacet
  facet normal -0.700996 0.713166 0
    outer loop
      vertex -53.8476 30.5275 8.0729
      vertex -53.789 30.5851 0
      vertex -53.8476 30.5275 0
    endloop
  endfacet
  facet normal 0.155526 0.987832 -0
    outer loop
      vertex -55.2112 30.0893 0
      vertex -55.2925 30.1021 8.05806
      vertex -55.2112 30.0893 8.05916
    endloop
  endfacet
  facet normal 0.155526 0.987832 0
    outer loop
      vertex -55.2925 30.1021 8.05806
      vertex -55.2112 30.0893 0
      vertex -55.2925 30.1021 0
    endloop
  endfacet
  facet normal 0.938903 -0.344183 0
    outer loop
      vertex -56.5787 32.2884 8.02653
      vertex -56.5504 32.3656 0
      vertex -56.5504 32.3656 8.02633
    endloop
  endfacet
  facet normal 0.938903 -0.344183 0
    outer loop
      vertex -56.5504 32.3656 0
      vertex -56.5787 32.2884 8.02653
      vertex -56.5787 32.2884 0
    endloop
  endfacet
  facet normal 0.641022 0.767523 -0
    outer loop
      vertex -56.0339 30.438 0
      vertex -56.097 30.4907 8.04533
      vertex -56.0339 30.438 8.04649
    endloop
  endfacet
  facet normal 0.641022 0.767523 0
    outer loop
      vertex -56.097 30.4907 8.04533
      vertex -56.0339 30.438 0
      vertex -56.097 30.4907 0
    endloop
  endfacet
  facet normal 0.602334 0.798244 -0
    outer loop
      vertex -55.9683 30.3885 0
      vertex -56.0339 30.438 8.04649
      vertex -55.9683 30.3885 8.04765
    endloop
  endfacet
  facet normal 0.602334 0.798244 0
    outer loop
      vertex -56.0339 30.438 8.04649
      vertex -55.9683 30.3885 0
      vertex -56.0339 30.438 0
    endloop
  endfacet
  facet normal 0.562809 0.826587 -0
    outer loop
      vertex -55.9003 30.3422 0
      vertex -55.9683 30.3885 8.04765
      vertex -55.9003 30.3422 8.04883
    endloop
  endfacet
  facet normal 0.562809 0.826587 0
    outer loop
      vertex -55.9683 30.3885 8.04765
      vertex -55.9003 30.3422 0
      vertex -55.9683 30.3885 0
    endloop
  endfacet
  facet normal 0.826587 -0.562809 0
    outer loop
      vertex -56.4004 32.6577 8.0261
      vertex -56.3541 32.7257 0
      vertex -56.3541 32.7257 8.02619
    endloop
  endfacet
  facet normal 0.826587 -0.562809 0
    outer loop
      vertex -56.3541 32.7257 0
      vertex -56.4004 32.6577 8.0261
      vertex -56.4004 32.6577 0
    endloop
  endfacet
  facet normal -0.735689 0.67732 0
    outer loop
      vertex -53.789 30.5851 0
      vertex -53.7333 30.6456 8.07347
      vertex -53.7333 30.6456 0
    endloop
  endfacet
  facet normal -0.735689 0.67732 0
    outer loop
      vertex -53.7333 30.6456 8.07347
      vertex -53.789 30.5851 0
      vertex -53.789 30.5851 8.07321
    endloop
  endfacet
  facet normal 0.735689 -0.67732 0
    outer loop
      vertex -56.2519 32.8544 8.02653
      vertex -56.1962 32.9149 0
      vertex -56.1962 32.9149 8.02679
    endloop
  endfacet
  facet normal 0.735689 -0.67732 0
    outer loop
      vertex -56.1962 32.9149 0
      vertex -56.2519 32.8544 8.02653
      vertex -56.2519 32.8544 0
    endloop
  endfacet
  facet normal -0.562543 -0.826768 0
    outer loop
      vertex -54.017 33.1115 0
      vertex -54.0849 33.1577 8.05117
      vertex -54.0849 33.1577 0
    endloop
  endfacet
  facet normal -0.562543 -0.826768 0
    outer loop
      vertex -54.0849 33.1577 8.05117
      vertex -54.017 33.1115 0
      vertex -54.017 33.1115 8.05235
    endloop
  endfacet
  facet normal -0.999964 0.00851551 0
    outer loop
      vertex -53.3185 31.6952 0
      vertex -53.3178 31.7774 8.07052
      vertex -53.3178 31.7774 0
    endloop
  endfacet
  facet normal -0.999964 0.00851551 0
    outer loop
      vertex -53.3178 31.7774 8.07052
      vertex -53.3185 31.6952 0
      vertex -53.3185 31.6952 8.0711
    endloop
  endfacet
  facet normal 0.998365 -0.0571537 0
    outer loop
      vertex -56.6667 31.8048 8.0289
      vertex -56.662 31.8869 0
      vertex -56.662 31.8869 8.02837
    endloop
  endfacet
  facet normal 0.998365 -0.0571537 0
    outer loop
      vertex -56.662 31.8869 0
      vertex -56.6667 31.8048 8.0289
      vertex -56.6667 31.8048 0
    endloop
  endfacet
  facet normal 0.58904 -0.808104 0
    outer loop
      vertex -56.0123 33.0789 0
      vertex -55.9459 33.1273 8.02837
      vertex -56.0123 33.0789 8.02789
    endloop
  endfacet
  facet normal 0.58904 -0.808104 0
    outer loop
      vertex -55.9459 33.1273 8.02837
      vertex -56.0123 33.0789 0
      vertex -55.9459 33.1273 0
    endloop
  endfacet
  facet normal 0.250835 0.96803 -0
    outer loop
      vertex -55.373 30.1188 0
      vertex -55.4525 30.1394 8.05581
      vertex -55.373 30.1188 8.05695
    endloop
  endfacet
  facet normal 0.250835 0.96803 0
    outer loop
      vertex -55.4525 30.1394 8.05581
      vertex -55.373 30.1188 0
      vertex -55.4525 30.1394 0
    endloop
  endfacet
  facet normal 0.959385 0.2821 -0
    outer loop
      vertex -56.5873 31.2376 0
      vertex -56.6105 31.3165 8.03308
      vertex -56.5873 31.2376 8.03393
    endloop
  endfacet
  facet normal 0.959385 0.2821 0
    outer loop
      vertex -56.6105 31.3165 8.03308
      vertex -56.5873 31.2376 0
      vertex -56.6105 31.3165 0
    endloop
  endfacet
  facet normal -0.52145 -0.853282 0
    outer loop
      vertex -54.0849 33.1577 0
      vertex -54.1551 33.2006 8.05
      vertex -54.1551 33.2006 0
    endloop
  endfacet
  facet normal -0.52145 -0.853282 0
    outer loop
      vertex -54.1551 33.2006 8.05
      vertex -54.0849 33.1577 0
      vertex -54.0849 33.1577 8.05117
    endloop
  endfacet
  facet normal 0.967734 -0.251976 0
    outer loop
      vertex -56.6239 32.1304 8.0271
      vertex -56.6032 32.2099 0
      vertex -56.6032 32.2099 8.02679
    endloop
  endfacet
  facet normal 0.967734 -0.251976 0
    outer loop
      vertex -56.6032 32.2099 0
      vertex -56.6239 32.1304 8.0271
      vertex -56.6239 32.1304 0
    endloop
  endfacet
  facet normal -0.0899875 0.995943 0
    outer loop
      vertex -54.8012 30.086 0
      vertex -54.8831 30.0786 8.06329
      vertex -54.8012 30.086 8.06425
    endloop
  endfacet
  facet normal -0.0899875 0.995943 0
    outer loop
      vertex -54.8831 30.0786 8.06329
      vertex -54.8012 30.086 0
      vertex -54.8831 30.0786 0
    endloop
  endfacet
  facet normal 0.419752 -0.907639 0
    outer loop
      vertex -55.7334 33.2523 0
      vertex -55.6588 33.2868 8.03078
      vertex -55.7334 33.2523 8.0301
    endloop
  endfacet
  facet normal 0.419752 -0.907639 0
    outer loop
      vertex -55.6588 33.2868 8.03078
      vertex -55.7334 33.2523 0
      vertex -55.6588 33.2868 0
    endloop
  endfacet
  facet normal -0.344183 -0.938903 0
    outer loop
      vertex -54.377 33.3078 0
      vertex -54.4542 33.3361 8.04533
      vertex -54.4542 33.3361 0
    endloop
  endfacet
  facet normal -0.344183 -0.938903 0
    outer loop
      vertex -54.4542 33.3361 8.04533
      vertex -54.377 33.3078 0
      vertex -54.377 33.3078 8.04649
    endloop
  endfacet
  facet normal 0.00851551 0.999964 -0
    outer loop
      vertex -54.9652 30.0752 0
      vertex -55.0474 30.0759 8.06128
      vertex -54.9652 30.0752 8.0623
    endloop
  endfacet
  facet normal 0.00851551 0.999964 0
    outer loop
      vertex -55.0474 30.0759 8.06128
      vertex -54.9652 30.0752 0
      vertex -55.0474 30.0759 0
    endloop
  endfacet
  facet normal 0.203128 0.979152 -0
    outer loop
      vertex -55.2925 30.1021 0
      vertex -55.373 30.1188 8.05695
      vertex -55.2925 30.1021 8.05806
    endloop
  endfacet
  facet normal 0.203128 0.979152 0
    outer loop
      vertex -55.373 30.1188 8.05695
      vertex -55.2925 30.1021 0
      vertex -55.373 30.1188 0
    endloop
  endfacet
  facet normal -0.0413774 0.999144 0
    outer loop
      vertex -54.8831 30.0786 0
      vertex -54.9652 30.0752 8.0623
      vertex -54.8831 30.0786 8.06329
    endloop
  endfacet
  facet normal -0.0413774 0.999144 0
    outer loop
      vertex -54.9652 30.0752 8.0623
      vertex -54.8831 30.0786 0
      vertex -54.9652 30.0752 0
    endloop
  endfacet
  facet normal -0.3297 0.944086 0
    outer loop
      vertex -54.4026 30.1824 0
      vertex -54.4802 30.1553 8.06773
      vertex -54.4026 30.1824 8.0685
    endloop
  endfacet
  facet normal -0.3297 0.944086 0
    outer loop
      vertex -54.4802 30.1553 8.06773
      vertex -54.4026 30.1824 0
      vertex -54.4802 30.1553 0
    endloop
  endfacet
  facet normal 0.990358 0.138529 0
    outer loop
      vertex -56.6452 31.4771 8.0315
      vertex -56.6566 31.5586 0
      vertex -56.6566 31.5586 8.03078
    endloop
  endfacet
  facet normal 0.990358 0.138529 0
    outer loop
      vertex -56.6566 31.5586 0
      vertex -56.6452 31.4771 8.0315
      vertex -56.6452 31.4771 0
    endloop
  endfacet
  facet normal -0.861653 -0.507499 0
    outer loop
      vertex -53.5285 32.5637 0
      vertex -53.5702 32.6345 8.06128
      vertex -53.5702 32.6345 0
    endloop
  endfacet
  facet normal -0.861653 -0.507499 0
    outer loop
      vertex -53.5702 32.6345 8.06128
      vertex -53.5285 32.5637 0
      vertex -53.5285 32.5637 8.0623
    endloop
  endfacet
  facet normal -0.67732 -0.735689 0
    outer loop
      vertex -53.8277 32.9536 0
      vertex -53.8882 33.0093 8.05467
      vertex -53.8882 33.0093 0
    endloop
  endfacet
  facet normal -0.67732 -0.735689 0
    outer loop
      vertex -53.8882 33.0093 8.05467
      vertex -53.8277 32.9536 0
      vertex -53.8277 32.9536 8.05581
    endloop
  endfacet
  facet normal 0.988018 -0.15434 0
    outer loop
      vertex -56.6533 31.9686 8.02789
      vertex -56.6406 32.0499 0
      vertex -56.6406 32.0499 8.02747
    endloop
  endfacet
  facet normal 0.988018 -0.15434 0
    outer loop
      vertex -56.6406 32.0499 0
      vertex -56.6533 31.9686 8.02789
      vertex -56.6533 31.9686 0
    endloop
  endfacet
  facet normal -0.944086 -0.3297 0
    outer loop
      vertex -53.3979 32.2624 0
      vertex -53.425 32.34 8.06518
      vertex -53.425 32.34 0
    endloop
  endfacet
  facet normal -0.944086 -0.3297 0
    outer loop
      vertex -53.425 32.34 8.06518
      vertex -53.3979 32.2624 0
      vertex -53.3979 32.2624 8.06607
    endloop
  endfacet
  facet normal -0.878314 0.478085 0
    outer loop
      vertex -53.542 30.9125 0
      vertex -53.5027 30.9847 8.0739
      vertex -53.5027 30.9847 0
    endloop
  endfacet
  facet normal -0.878314 0.478085 0
    outer loop
      vertex -53.5027 30.9847 8.0739
      vertex -53.542 30.9125 0
      vertex -53.542 30.9125 8.07393
    endloop
  endfacet
  facet normal -0.419752 0.907639 0
    outer loop
      vertex -54.2518 30.2477 0
      vertex -54.3264 30.2132 8.06922
      vertex -54.2518 30.2477 8.0699
    endloop
  endfacet
  facet normal -0.419752 0.907639 0
    outer loop
      vertex -54.3264 30.2132 8.06922
      vertex -54.2518 30.2477 0
      vertex -54.3264 30.2132 0
    endloop
  endfacet
  facet normal -0.0571537 -0.998365 0
    outer loop
      vertex -54.8557 33.4194 0
      vertex -54.9378 33.4241 8.03872
      vertex -54.9378 33.4241 0
    endloop
  endfacet
  facet normal -0.0571537 -0.998365 0
    outer loop
      vertex -54.9378 33.4241 8.03872
      vertex -54.8557 33.4194 0
      vertex -54.8557 33.4194 8.03977
    endloop
  endfacet
  facet normal 0.464143 -0.88576 0
    outer loop
      vertex -55.8063 33.2141 0
      vertex -55.7334 33.2523 8.0301
      vertex -55.8063 33.2141 8.02948
    endloop
  endfacet
  facet normal 0.464143 -0.88576 0
    outer loop
      vertex -55.7334 33.2523 8.0301
      vertex -55.8063 33.2141 0
      vertex -55.7334 33.2523 0
    endloop
  endfacet
  facet normal 0.374745 -0.927128 0
    outer loop
      vertex -55.6588 33.2868 0
      vertex -55.5826 33.3176 8.0315
      vertex -55.6588 33.2868 8.03078
    endloop
  endfacet
  facet normal 0.374745 -0.927128 0
    outer loop
      vertex -55.5826 33.3176 8.0315
      vertex -55.6588 33.2868 0
      vertex -55.5826 33.3176 0
    endloop
  endfacet
  facet normal -0.464643 0.885498 0
    outer loop
      vertex -54.179 30.2859 0
      vertex -54.2518 30.2477 8.0699
      vertex -54.179 30.2859 8.07052
    endloop
  endfacet
  facet normal -0.464643 0.885498 0
    outer loop
      vertex -54.2518 30.2477 8.0699
      vertex -54.179 30.2859 0
      vertex -54.2518 30.2477 0
    endloop
  endfacet
  facet normal 0.548232 -0.836327 0
    outer loop
      vertex -55.9459 33.1273 0
      vertex -55.8771 33.1724 8.0289
      vertex -55.9459 33.1273 8.02837
    endloop
  endfacet
  facet normal 0.548232 -0.836327 0
    outer loop
      vertex -55.8771 33.1724 8.0289
      vertex -55.9459 33.1273 0
      vertex -55.8771 33.1724 0
    endloop
  endfacet
  facet normal 0.507499 -0.861653 0
    outer loop
      vertex -55.8771 33.1724 0
      vertex -55.8063 33.2141 8.02948
      vertex -55.8771 33.1724 8.0289
    endloop
  endfacet
  facet normal 0.507499 -0.861653 0
    outer loop
      vertex -55.8063 33.2141 8.02948
      vertex -55.8771 33.1724 0
      vertex -55.8063 33.2141 0
    endloop
  endfacet
  facet normal -0.808526 -0.588461 0
    outer loop
      vertex -53.6153 32.7032 0
      vertex -53.6637 32.7697 8.05916
      vertex -53.6637 32.7697 0
    endloop
  endfacet
  facet normal -0.808526 -0.588461 0
    outer loop
      vertex -53.6637 32.7697 8.05916
      vertex -53.6153 32.7032 0
      vertex -53.6153 32.7032 8.06023
    endloop
  endfacet
  facet normal 0.138529 -0.990358 0
    outer loop
      vertex -55.184 33.414 0
      vertex -55.2655 33.4026 8.03482
      vertex -55.2655 33.4026 0
    endloop
  endfacet
  facet normal 0.138529 -0.990358 0
    outer loop
      vertex -55.2655 33.4026 8.03482
      vertex -55.184 33.414 0
      vertex -55.184 33.414 8.03575
    endloop
  endfacet
  facet normal 0.767523 -0.641022 0
    outer loop
      vertex -56.3046 32.7913 8.02633
      vertex -56.2519 32.8544 0
      vertex -56.2519 32.8544 8.02653
    endloop
  endfacet
  facet normal 0.767523 -0.641022 0
    outer loop
      vertex -56.2519 32.8544 0
      vertex -56.3046 32.7913 8.02633
      vertex -56.3046 32.7913 0
    endloop
  endfacet
  facet normal -0.994378 0.105888 0
    outer loop
      vertex -53.3319 31.5314 0
      vertex -53.3232 31.6131 8.07163
      vertex -53.3232 31.6131 0
    endloop
  endfacet
  facet normal -0.994378 0.105888 0
    outer loop
      vertex -53.3232 31.6131 8.07163
      vertex -53.3319 31.5314 0
      vertex -53.3319 31.5314 8.07211
    endloop
  endfacet
  facet normal -0.2821 0.959385 0
    outer loop
      vertex -54.4802 30.1553 0
      vertex -54.5591 30.1321 8.06692
      vertex -54.4802 30.1553 8.06773
    endloop
  endfacet
  facet normal -0.2821 0.959385 0
    outer loop
      vertex -54.5591 30.1321 8.06692
      vertex -54.4802 30.1553 0
      vertex -54.5591 30.1321 0
    endloop
  endfacet
  facet normal -0.88576 -0.464143 0
    outer loop
      vertex -53.4903 32.4908 0
      vertex -53.5285 32.5637 8.0623
      vertex -53.5285 32.5637 0
    endloop
  endfacet
  facet normal -0.88576 -0.464143 0
    outer loop
      vertex -53.5285 32.5637 8.0623
      vertex -53.4903 32.4908 0
      vertex -53.4903 32.4908 8.06329
    endloop
  endfacet
  facet normal 0.520564 0.853823 -0
    outer loop
      vertex -55.8301 30.2994 0
      vertex -55.9003 30.3422 8.04883
      vertex -55.8301 30.2994 8.05
    endloop
  endfacet
  facet normal 0.520564 0.853823 0
    outer loop
      vertex -55.9003 30.3422 8.04883
      vertex -55.8301 30.2994 0
      vertex -55.9003 30.3422 0
    endloop
  endfacet
  facet normal -0.959385 -0.2821 0
    outer loop
      vertex -53.3747 32.1835 0
      vertex -53.3979 32.2624 8.06607
      vertex -53.3979 32.2624 0
    endloop
  endfacet
  facet normal -0.959385 -0.2821 0
    outer loop
      vertex -53.3979 32.2624 8.06607
      vertex -53.3747 32.1835 0
      vertex -53.3747 32.1835 8.06692
    endloop
  endfacet
  facet normal 0.234799 -0.972044 0
    outer loop
      vertex -55.3462 33.3872 0
      vertex -55.4261 33.3679 8.03308
      vertex -55.4261 33.3679 0
    endloop
  endfacet
  facet normal 0.234799 -0.972044 0
    outer loop
      vertex -55.4261 33.3679 8.03308
      vertex -55.3462 33.3872 0
      vertex -55.3462 33.3872 8.03393
    endloop
  endfacet
  facet normal -0.588461 0.808526 0
    outer loop
      vertex -53.9729 30.4211 0
      vertex -54.0394 30.3727 8.07163
      vertex -53.9729 30.4211 8.07211
    endloop
  endfacet
  facet normal -0.588461 0.808526 0
    outer loop
      vertex -54.0394 30.3727 8.07163
      vertex -53.9729 30.4211 0
      vertex -54.0394 30.3727 0
    endloop
  endfacet
  facet normal -0.601749 -0.798685 0
    outer loop
      vertex -53.9513 33.062 0
      vertex -54.017 33.1115 8.05235
      vertex -54.017 33.1115 0
    endloop
  endfacet
  facet normal -0.601749 -0.798685 0
    outer loop
      vertex -54.017 33.1115 8.05235
      vertex -53.9513 33.062 0
      vertex -53.9513 33.062 8.05351
    endloop
  endfacet
  facet normal -0.155713 -0.987802 0
    outer loop
      vertex -54.6928 33.3979 0
      vertex -54.774 33.4107 8.04084
      vertex -54.774 33.4107 0
    endloop
  endfacet
  facet normal -0.155713 -0.987802 0
    outer loop
      vertex -54.774 33.4107 8.04084
      vertex -54.6928 33.3979 0
      vertex -54.6928 33.3979 8.04194
    endloop
  endfacet
  facet normal -0.203128 -0.979152 0
    outer loop
      vertex -54.6123 33.3812 0
      vertex -54.6928 33.3979 8.04194
      vertex -54.6928 33.3979 0
    endloop
  endfacet
  facet normal -0.203128 -0.979152 0
    outer loop
      vertex -54.6928 33.3979 8.04194
      vertex -54.6123 33.3812 0
      vertex -54.6123 33.3812 8.04305
    endloop
  endfacet
  facet normal -0.767523 0.641022 0
    outer loop
      vertex -53.7333 30.6456 0
      vertex -53.6806 30.7087 8.07367
      vertex -53.6806 30.7087 0
    endloop
  endfacet
  facet normal -0.767523 0.641022 0
    outer loop
      vertex -53.6806 30.7087 8.07367
      vertex -53.7333 30.6456 0
      vertex -53.7333 30.6456 8.07347
    endloop
  endfacet
  facet normal -0.995933 -0.0900966 0
    outer loop
      vertex -53.3212 31.8596 0
      vertex -53.3286 31.9414 8.06922
      vertex -53.3286 31.9414 0
    endloop
  endfacet
  facet normal -0.995933 -0.0900966 0
    outer loop
      vertex -53.3286 31.9414 8.06922
      vertex -53.3212 31.8596 0
      vertex -53.3212 31.8596 8.0699
    endloop
  endfacet
  facet normal -0.990358 -0.138529 0
    outer loop
      vertex -53.3286 31.9414 0
      vertex -53.34 32.0229 8.0685
      vertex -53.34 32.0229 0
    endloop
  endfacet
  facet normal -0.990358 -0.138529 0
    outer loop
      vertex -53.34 32.0229 8.0685
      vertex -53.3286 31.9414 0
      vertex -53.3286 31.9414 8.06922
    endloop
  endfacet
  facet normal 0.713166 0.700996 -0
    outer loop
      vertex -56.1575 30.5464 0
      vertex -56.2151 30.605 8.04305
      vertex -56.1575 30.5464 8.04419
    endloop
  endfacet
  facet normal 0.713166 0.700996 0
    outer loop
      vertex -56.2151 30.605 8.04305
      vertex -56.1575 30.5464 0
      vertex -56.2151 30.605 0
    endloop
  endfacet
  facet normal -0.96803 0.250835 0
    outer loop
      vertex -53.382 31.2901 0
      vertex -53.3614 31.3696 8.0729
      vertex -53.3614 31.3696 0
    endloop
  endfacet
  facet normal -0.96803 0.250835 0
    outer loop
      vertex -53.3614 31.3696 8.0729
      vertex -53.382 31.2901 0
      vertex -53.382 31.2901 8.07321
    endloop
  endfacet
  facet normal 0.0900966 -0.995933 0
    outer loop
      vertex -55.1022 33.4214 0
      vertex -55.184 33.414 8.03575
      vertex -55.184 33.414 0
    endloop
  endfacet
  facet normal 0.0900966 -0.995933 0
    outer loop
      vertex -55.184 33.414 8.03575
      vertex -55.1022 33.4214 0
      vertex -55.1022 33.4214 8.03671
    endloop
  endfacet
  facet normal -0.78829 0.615304 0
    outer loop
      vertex 1.29479 -64.5626 8.03482
      vertex 1.34537 -64.4978 0
      vertex 1.29479 -64.5626 0
    endloop
  endfacet
  facet normal -0.78829 0.615304 0
    outer loop
      vertex 1.34537 -64.4978 0
      vertex 1.29479 -64.5626 8.03482
      vertex 1.34537 -64.4978 8.03575
    endloop
  endfacet
  facet normal -0.121646 0.992574 0
    outer loop
      vertex 0.245773 -65.1569 0
      vertex 0.164178 -65.1669 8.02619
      vertex 0.245773 -65.1569 8.02633
    endloop
  endfacet
  facet normal -0.121646 0.992574 0
    outer loop
      vertex 0.164178 -65.1669 8.02619
      vertex 0.245773 -65.1569 0
      vertex 0.164178 -65.1669 0
    endloop
  endfacet
  facet normal 0.218952 -0.975736 0
    outer loop
      vertex -0.406991 -61.8752 0
      vertex -0.326776 -61.8572 8.07347
      vertex -0.406991 -61.8752 8.07321
    endloop
  endfacet
  facet normal 0.218952 -0.975736 0
    outer loop
      vertex -0.326776 -61.8572 8.07347
      vertex -0.406991 -61.8752 0
      vertex -0.326776 -61.8572 0
    endloop
  endfacet
  facet normal -0.0243273 0.999704 0
    outer loop
      vertex 0.0821877 -65.173 0
      vertex 0 -65.175 8.02607
      vertex 0.0821877 -65.173 8.0261
    endloop
  endfacet
  facet normal -0.0243273 0.999704 0
    outer loop
      vertex 0 -65.175 8.02607
      vertex 0.0821877 -65.173 0
      vertex 0 -65.175 0
    endloop
  endfacet
  facet normal 0.615373 -0.788236 0
    outer loop
      vertex -0.997796 -62.1546 0
      vertex -1.06261 -62.2052 8.0685
      vertex -1.06261 -62.2052 0
    endloop
  endfacet
  facet normal 0.615373 -0.788236 0
    outer loop
      vertex -1.06261 -62.2052 8.0685
      vertex -0.997796 -62.1546 0
      vertex -0.997796 -62.1546 8.06922
    endloop
  endfacet
  facet normal -0.575492 0.817807 0
    outer loop
      vertex 0.997796 -64.8454 0
      vertex 0.93058 -64.8927 8.0301
      vertex 0.997796 -64.8454 8.03078
    endloop
  endfacet
  facet normal -0.575492 0.817807 0
    outer loop
      vertex 0.93058 -64.8927 8.0301
      vertex 0.997796 -64.8454 0
      vertex 0.93058 -64.8927 0
    endloop
  endfacet
  facet normal -0.535133 0.844768 0
    outer loop
      vertex 0.93058 -64.8927 0
      vertex 0.861121 -64.9367 8.02948
      vertex 0.93058 -64.8927 8.0301
    endloop
  endfacet
  facet normal -0.535133 0.844768 0
    outer loop
      vertex 0.861121 -64.9367 8.02948
      vertex 0.93058 -64.8927 0
      vertex 0.861121 -64.9367 0
    endloop
  endfacet
  facet normal -0.975701 -0.219107 -0
    outer loop
      vertex 1.64281 -63.1732 8.05467
      vertex 1.6248 -63.093 0
      vertex 1.64281 -63.1732 0
    endloop
  endfacet
  facet normal -0.975701 -0.219107 0
    outer loop
      vertex 1.6248 -63.093 0
      vertex 1.64281 -63.1732 8.05467
      vertex 1.6248 -63.093 8.05581
    endloop
  endfacet
  facet normal -0.615373 -0.788236 0
    outer loop
      vertex 0.997796 -62.1546 0
      vertex 1.06261 -62.2052 8.0685
      vertex 0.997796 -62.1546 8.06922
    endloop
  endfacet
  facet normal -0.615373 -0.788236 -0
    outer loop
      vertex 1.06261 -62.2052 8.0685
      vertex 0.997796 -62.1546 0
      vertex 1.06261 -62.2052 0
    endloop
  endfacet
  facet normal 0.997289 -0.0735805 0
    outer loop
      vertex -1.67298 -63.4178 8.05117
      vertex -1.66693 -63.3358 0
      vertex -1.66693 -63.3358 8.05235
    endloop
  endfacet
  facet normal 0.997289 -0.0735805 0
    outer loop
      vertex -1.66693 -63.3358 0
      vertex -1.67298 -63.4178 8.05117
      vertex -1.67298 -63.4178 0
    endloop
  endfacet
  facet normal -0.313804 -0.949488 0
    outer loop
      vertex 0.486226 -61.8971 0
      vertex 0.56429 -61.9229 8.07253
      vertex 0.486226 -61.8971 8.0729
    endloop
  endfacet
  facet normal -0.313804 -0.949488 -0
    outer loop
      vertex 0.56429 -61.9229 8.07253
      vertex 0.486226 -61.8971 0
      vertex 0.56429 -61.9229 0
    endloop
  endfacet
  facet normal -0.844966 -0.534821 -0
    outer loop
      vertex 1.4367 -62.6389 8.0623
      vertex 1.39271 -62.5694 0
      vertex 1.4367 -62.6389 0
    endloop
  endfacet
  facet normal -0.844966 -0.534821 0
    outer loop
      vertex 1.39271 -62.5694 0
      vertex 1.4367 -62.6389 8.0623
      vertex 1.39271 -62.5694 8.06329
    endloop
  endfacet
  facet normal 0.405077 0.914282 -0
    outer loop
      vertex -0.640994 -65.0475 0
      vertex -0.716154 -65.0142 8.02837
      vertex -0.640994 -65.0475 8.02789
    endloop
  endfacet
  facet normal 0.405077 0.914282 0
    outer loop
      vertex -0.716154 -65.0142 8.02837
      vertex -0.640994 -65.0475 0
      vertex -0.716154 -65.0142 0
    endloop
  endfacet
  facet normal -0.313804 0.949488 0
    outer loop
      vertex 0.56429 -65.0771 0
      vertex 0.486226 -65.1029 8.0271
      vertex 0.56429 -65.0771 8.02747
    endloop
  endfacet
  facet normal -0.313804 0.949488 0
    outer loop
      vertex 0.486226 -65.1029 8.0271
      vertex 0.56429 -65.0771 0
      vertex 0.486226 -65.1029 0
    endloop
  endfacet
  facet normal -0.932978 0.359933 0
    outer loop
      vertex 1.5475 -64.141 8.04084
      vertex 1.57709 -64.0643 0
      vertex 1.5475 -64.141 0
    endloop
  endfacet
  facet normal -0.932978 0.359933 0
    outer loop
      vertex 1.57709 -64.0643 0
      vertex 1.5475 -64.141 8.04084
      vertex 1.57709 -64.0643 8.04194
    endloop
  endfacet
  facet normal -0.653192 0.757192 0
    outer loop
      vertex 1.12486 -64.7411 0
      vertex 1.06261 -64.7948 8.0315
      vertex 1.12486 -64.7411 8.03227
    endloop
  endfacet
  facet normal -0.653192 0.757192 0
    outer loop
      vertex 1.06261 -64.7948 8.0315
      vertex 1.12486 -64.7411 0
      vertex 1.06261 -64.7948 0
    endloop
  endfacet
  facet normal -0.492692 0.870204 0
    outer loop
      vertex 0.861121 -64.9367 0
      vertex 0.789589 -64.9772 8.0289
      vertex 0.861121 -64.9367 8.02948
    endloop
  endfacet
  facet normal -0.492692 0.870204 0
    outer loop
      vertex 0.789589 -64.9772 8.0289
      vertex 0.861121 -64.9367 0
      vertex 0.789589 -64.9772 0
    endloop
  endfacet
  facet normal 0.313804 -0.949488 0
    outer loop
      vertex -0.56429 -61.9229 0
      vertex -0.486226 -61.8971 8.0729
      vertex -0.56429 -61.9229 8.07253
    endloop
  endfacet
  facet normal 0.313804 -0.949488 0
    outer loop
      vertex -0.486226 -61.8971 8.0729
      vertex -0.56429 -61.9229 0
      vertex -0.486226 -61.8971 0
    endloop
  endfacet
  facet normal -0.78829 -0.615304 -0
    outer loop
      vertex 1.34537 -62.5022 8.06425
      vertex 1.29479 -62.4374 0
      vertex 1.34537 -62.5022 0
    endloop
  endfacet
  facet normal -0.78829 -0.615304 0
    outer loop
      vertex 1.29479 -62.4374 0
      vertex 1.34537 -62.5022 8.06425
      vertex 1.29479 -62.4374 8.06518
    endloop
  endfacet
  facet normal 0.44996 0.893049 -0
    outer loop
      vertex -0.716154 -65.0142 0
      vertex -0.789589 -64.9772 8.0289
      vertex -0.716154 -65.0142 8.02837
    endloop
  endfacet
  facet normal 0.44996 0.893049 0
    outer loop
      vertex -0.789589 -64.9772 8.0289
      vertex -0.716154 -65.0142 0
      vertex -0.789589 -64.9772 0
    endloop
  endfacet
  facet normal -0.360022 0.932944 0
    outer loop
      vertex 0.640994 -65.0475 0
      vertex 0.56429 -65.0771 8.02747
      vertex 0.640994 -65.0475 8.02789
    endloop
  endfacet
  facet normal -0.360022 0.932944 0
    outer loop
      vertex 0.56429 -65.0771 8.02747
      vertex 0.640994 -65.0475 0
      vertex 0.56429 -65.0771 0
    endloop
  endfacet
  facet normal -0.360022 -0.932944 0
    outer loop
      vertex 0.56429 -61.9229 0
      vertex 0.640994 -61.9525 8.07211
      vertex 0.56429 -61.9229 8.07253
    endloop
  endfacet
  facet normal -0.360022 -0.932944 -0
    outer loop
      vertex 0.640994 -61.9525 8.07211
      vertex 0.56429 -61.9229 0
      vertex 0.640994 -61.9525 0
    endloop
  endfacet
  facet normal -0.171489 0.985186 0
    outer loop
      vertex 0.326776 -65.1428 0
      vertex 0.245773 -65.1569 8.02633
      vertex 0.326776 -65.1428 8.02653
    endloop
  endfacet
  facet normal -0.171489 0.985186 0
    outer loop
      vertex 0.245773 -65.1569 8.02633
      vertex 0.326776 -65.1428 0
      vertex 0.245773 -65.1569 0
    endloop
  endfacet
  facet normal -0.266405 -0.963861 0
    outer loop
      vertex 0.406991 -61.8752 0
      vertex 0.486226 -61.8971 8.0729
      vertex 0.406991 -61.8752 8.07321
    endloop
  endfacet
  facet normal -0.266405 -0.963861 -0
    outer loop
      vertex 0.486226 -61.8971 8.0729
      vertex 0.406991 -61.8752 0
      vertex 0.486226 -61.8971 0
    endloop
  endfacet
  facet normal 0.171489 0.985186 -0
    outer loop
      vertex -0.245773 -65.1569 0
      vertex -0.326776 -65.1428 8.02653
      vertex -0.245773 -65.1569 8.02633
    endloop
  endfacet
  facet normal 0.171489 0.985186 0
    outer loop
      vertex -0.326776 -65.1428 8.02653
      vertex -0.245773 -65.1569 0
      vertex -0.326776 -65.1428 0
    endloop
  endfacet
  facet normal -0.985267 0.171023 0
    outer loop
      vertex 1.64281 -63.8268 8.04533
      vertex 1.65687 -63.7458 0
      vertex 1.64281 -63.8268 0
    endloop
  endfacet
  facet normal -0.985267 0.171023 0
    outer loop
      vertex 1.65687 -63.7458 0
      vertex 1.64281 -63.8268 8.04533
      vertex 1.65687 -63.7458 8.04649
    endloop
  endfacet
  facet normal -0.992486 -0.122358 -0
    outer loop
      vertex 1.66693 -63.3358 8.05235
      vertex 1.65687 -63.2542 0
      vertex 1.66693 -63.3358 0
    endloop
  endfacet
  facet normal -0.992486 -0.122358 0
    outer loop
      vertex 1.65687 -63.2542 0
      vertex 1.66693 -63.3358 8.05235
      vertex 1.65687 -63.2542 8.05351
    endloop
  endfacet
  facet normal 0.997289 0.0735805 0
    outer loop
      vertex -1.66693 -63.6642 8.04765
      vertex -1.67298 -63.5822 0
      vertex -1.67298 -63.5822 8.04883
    endloop
  endfacet
  facet normal 0.997289 0.0735805 0
    outer loop
      vertex -1.67298 -63.5822 0
      vertex -1.66693 -63.6642 8.04765
      vertex -1.66693 -63.6642 0
    endloop
  endfacet
  facet normal 0.893158 -0.449743 0
    outer loop
      vertex -1.51418 -62.7838 8.06023
      vertex -1.47722 -62.7104 0
      vertex -1.47722 -62.7104 8.06128
    endloop
  endfacet
  facet normal 0.893158 -0.449743 0
    outer loop
      vertex -1.47722 -62.7104 0
      vertex -1.51418 -62.7838 8.06023
      vertex -1.51418 -62.7838 0
    endloop
  endfacet
  facet normal -0.405077 0.914282 0
    outer loop
      vertex 0.716154 -65.0142 0
      vertex 0.640994 -65.0475 8.02789
      vertex 0.716154 -65.0142 8.02837
    endloop
  endfacet
  facet normal -0.405077 0.914282 0
    outer loop
      vertex 0.640994 -65.0475 8.02789
      vertex 0.716154 -65.0142 0
      vertex 0.640994 -65.0475 0
    endloop
  endfacet
  facet normal 0.975701 -0.219107 0
    outer loop
      vertex -1.64281 -63.1732 8.05467
      vertex -1.6248 -63.093 0
      vertex -1.6248 -63.093 8.05581
    endloop
  endfacet
  facet normal 0.975701 -0.219107 0
    outer loop
      vertex -1.6248 -63.093 0
      vertex -1.64281 -63.1732 8.05467
      vertex -1.64281 -63.1732 0
    endloop
  endfacet
  facet normal -0.932978 -0.359933 -0
    outer loop
      vertex 1.57709 -62.9357 8.05806
      vertex 1.5475 -62.859 0
      vertex 1.57709 -62.9357 0
    endloop
  endfacet
  facet normal -0.932978 -0.359933 0
    outer loop
      vertex 1.5475 -62.859 0
      vertex 1.57709 -62.9357 8.05806
      vertex 1.5475 -62.859 8.05916
    endloop
  endfacet
  facet normal 0.171489 -0.985186 0
    outer loop
      vertex -0.326776 -61.8572 0
      vertex -0.245773 -61.8431 8.07367
      vertex -0.326776 -61.8572 8.07347
    endloop
  endfacet
  facet normal 0.171489 -0.985186 0
    outer loop
      vertex -0.245773 -61.8431 8.07367
      vertex -0.326776 -61.8572 0
      vertex -0.245773 -61.8431 0
    endloop
  endfacet
  facet normal 0.914272 0.4051 0
    outer loop
      vertex -1.51418 -64.2162 8.03977
      vertex -1.5475 -64.141 0
      vertex -1.5475 -64.141 8.04084
    endloop
  endfacet
  facet normal 0.914272 0.4051 0
    outer loop
      vertex -1.5475 -64.141 0
      vertex -1.51418 -64.2162 8.03977
      vertex -1.51418 -64.2162 0
    endloop
  endfacet
  facet normal 0.949603 0.313454 0
    outer loop
      vertex -1.57709 -64.0643 8.04194
      vertex -1.60287 -63.9862 0
      vertex -1.60287 -63.9862 8.04305
    endloop
  endfacet
  facet normal 0.949603 0.313454 0
    outer loop
      vertex -1.60287 -63.9862 0
      vertex -1.57709 -64.0643 8.04194
      vertex -1.57709 -64.0643 0
    endloop
  endfacet
  facet normal -0.893158 0.449743 0
    outer loop
      vertex 1.47722 -64.2896 8.03872
      vertex 1.51418 -64.2162 0
      vertex 1.47722 -64.2896 0
    endloop
  endfacet
  facet normal -0.893158 0.449743 0
    outer loop
      vertex 1.51418 -64.2162 0
      vertex 1.47722 -64.2896 8.03872
      vertex 1.51418 -64.2162 8.03977
    endloop
  endfacet
  facet normal -0.074194 0.997244 0
    outer loop
      vertex 0.164178 -65.1669 0
      vertex 0.0821877 -65.173 8.0261
      vertex 0.164178 -65.1669 8.02619
    endloop
  endfacet
  facet normal -0.074194 0.997244 0
    outer loop
      vertex 0.0821877 -65.173 8.0261
      vertex 0.164178 -65.1669 0
      vertex 0.0821877 -65.173 0
    endloop
  endfacet
  facet normal 0.757451 0.652892 0
    outer loop
      vertex -1.24109 -64.6249 8.03393
      vertex -1.29479 -64.5626 0
      vertex -1.29479 -64.5626 8.03482
    endloop
  endfacet
  facet normal 0.757451 0.652892 0
    outer loop
      vertex -1.29479 -64.5626 0
      vertex -1.24109 -64.6249 8.03393
      vertex -1.24109 -64.6249 0
    endloop
  endfacet
  facet normal 0.992486 0.122358 0
    outer loop
      vertex -1.65687 -63.7458 8.04649
      vertex -1.66693 -63.6642 0
      vertex -1.66693 -63.6642 8.04765
    endloop
  endfacet
  facet normal 0.992486 0.122358 0
    outer loop
      vertex -1.66693 -63.6642 0
      vertex -1.65687 -63.7458 8.04649
      vertex -1.65687 -63.7458 0
    endloop
  endfacet
  facet normal 0.999698 0.0245668 0
    outer loop
      vertex -1.67298 -63.5822 8.04883
      vertex -1.675 -63.5 0
      vertex -1.675 -63.5 8.05
    endloop
  endfacet
  facet normal 0.999698 0.0245668 0
    outer loop
      vertex -1.675 -63.5 0
      vertex -1.67298 -63.5822 8.04883
      vertex -1.67298 -63.5822 0
    endloop
  endfacet
  facet normal -0.914272 0.4051 0
    outer loop
      vertex 1.51418 -64.2162 8.03977
      vertex 1.5475 -64.141 0
      vertex 1.51418 -64.2162 0
    endloop
  endfacet
  facet normal -0.914272 0.4051 0
    outer loop
      vertex 1.5475 -64.141 0
      vertex 1.51418 -64.2162 8.03977
      vertex 1.5475 -64.141 8.04084
    endloop
  endfacet
  facet normal 0.360022 0.932944 -0
    outer loop
      vertex -0.56429 -65.0771 0
      vertex -0.640994 -65.0475 8.02789
      vertex -0.56429 -65.0771 8.02747
    endloop
  endfacet
  facet normal 0.360022 0.932944 0
    outer loop
      vertex -0.640994 -65.0475 8.02789
      vertex -0.56429 -65.0771 0
      vertex -0.640994 -65.0475 0
    endloop
  endfacet
  facet normal -0.870005 0.493043 0
    outer loop
      vertex 1.4367 -64.3611 8.0377
      vertex 1.47722 -64.2896 0
      vertex 1.4367 -64.3611 0
    endloop
  endfacet
  facet normal -0.870005 0.493043 0
    outer loop
      vertex 1.47722 -64.2896 0
      vertex 1.4367 -64.3611 8.0377
      vertex 1.47722 -64.2896 8.03872
    endloop
  endfacet
  facet normal 0.218952 0.975736 -0
    outer loop
      vertex -0.326776 -65.1428 0
      vertex -0.406991 -65.1248 8.02679
      vertex -0.326776 -65.1428 8.02653
    endloop
  endfacet
  facet normal 0.218952 0.975736 0
    outer loop
      vertex -0.406991 -65.1248 8.02679
      vertex -0.326776 -65.1428 0
      vertex -0.406991 -65.1248 0
    endloop
  endfacet
  facet normal -0.975701 0.219107 0
    outer loop
      vertex 1.6248 -63.907 8.04419
      vertex 1.64281 -63.8268 0
      vertex 1.6248 -63.907 0
    endloop
  endfacet
  facet normal -0.975701 0.219107 0
    outer loop
      vertex 1.64281 -63.8268 0
      vertex 1.6248 -63.907 8.04419
      vertex 1.64281 -63.8268 8.04533
    endloop
  endfacet
  facet normal 0.844966 -0.534821 0
    outer loop
      vertex -1.4367 -62.6389 8.0623
      vertex -1.39271 -62.5694 0
      vertex -1.39271 -62.5694 8.06329
    endloop
  endfacet
  facet normal 0.844966 -0.534821 0
    outer loop
      vertex -1.39271 -62.5694 0
      vertex -1.4367 -62.6389 8.0623
      vertex -1.4367 -62.6389 0
    endloop
  endfacet
  facet normal 0.266405 0.963861 -0
    outer loop
      vertex -0.406991 -65.1248 0
      vertex -0.486226 -65.1029 8.0271
      vertex -0.406991 -65.1248 8.02679
    endloop
  endfacet
  facet normal 0.266405 0.963861 0
    outer loop
      vertex -0.486226 -65.1029 8.0271
      vertex -0.406991 -65.1248 0
      vertex -0.486226 -65.1029 0
    endloop
  endfacet
  facet normal -0.963737 -0.266853 -0
    outer loop
      vertex 1.6248 -63.093 8.05581
      vertex 1.60287 -63.0138 0
      vertex 1.6248 -63.093 0
    endloop
  endfacet
  facet normal -0.963737 -0.266853 0
    outer loop
      vertex 1.60287 -63.0138 0
      vertex 1.6248 -63.093 8.05581
      vertex 1.60287 -63.0138 8.05695
    endloop
  endfacet
  facet normal 0.0243273 0.999704 -0
    outer loop
      vertex 0 -65.175 0
      vertex -0.0821877 -65.173 8.0261
      vertex 0 -65.175 8.02607
    endloop
  endfacet
  facet normal 0.0243273 0.999704 0
    outer loop
      vertex -0.0821877 -65.173 8.0261
      vertex 0 -65.175 0
      vertex -0.0821877 -65.173 0
    endloop
  endfacet
  facet normal -0.893158 -0.449743 -0
    outer loop
      vertex 1.51418 -62.7838 8.06023
      vertex 1.47722 -62.7104 0
      vertex 1.51418 -62.7838 0
    endloop
  endfacet
  facet normal -0.893158 -0.449743 0
    outer loop
      vertex 1.47722 -62.7104 0
      vertex 1.51418 -62.7838 8.06023
      vertex 1.47722 -62.7104 8.06128
    endloop
  endfacet
  facet normal 0.817514 0.575909 0
    outer loop
      vertex -1.34537 -64.4978 8.03575
      vertex -1.39271 -64.4306 0
      vertex -1.39271 -64.4306 8.03671
    endloop
  endfacet
  facet normal 0.817514 0.575909 0
    outer loop
      vertex -1.39271 -64.4306 0
      vertex -1.34537 -64.4978 8.03575
      vertex -1.34537 -64.4978 0
    endloop
  endfacet
  facet normal 0.975701 0.219107 0
    outer loop
      vertex -1.6248 -63.907 8.04419
      vertex -1.64281 -63.8268 0
      vertex -1.64281 -63.8268 8.04533
    endloop
  endfacet
  facet normal 0.975701 0.219107 0
    outer loop
      vertex -1.64281 -63.8268 0
      vertex -1.6248 -63.907 8.04419
      vertex -1.6248 -63.907 0
    endloop
  endfacet
  facet normal -0.997289 0.0735805 0
    outer loop
      vertex 1.66693 -63.6642 8.04765
      vertex 1.67298 -63.5822 0
      vertex 1.66693 -63.6642 0
    endloop
  endfacet
  facet normal -0.997289 0.0735805 0
    outer loop
      vertex 1.67298 -63.5822 0
      vertex 1.66693 -63.6642 8.04765
      vertex 1.67298 -63.5822 8.04883
    endloop
  endfacet
  facet normal 0.074194 0.997244 -0
    outer loop
      vertex -0.0821877 -65.173 0
      vertex -0.164178 -65.1669 8.02619
      vertex -0.0821877 -65.173 8.0261
    endloop
  endfacet
  facet normal 0.074194 0.997244 0
    outer loop
      vertex -0.164178 -65.1669 8.02619
      vertex -0.0821877 -65.173 0
      vertex -0.164178 -65.1669 0
    endloop
  endfacet
  facet normal 0.360022 -0.932944 0
    outer loop
      vertex -0.640994 -61.9525 0
      vertex -0.56429 -61.9229 8.07253
      vertex -0.640994 -61.9525 8.07211
    endloop
  endfacet
  facet normal 0.360022 -0.932944 0
    outer loop
      vertex -0.56429 -61.9229 8.07253
      vertex -0.640994 -61.9525 0
      vertex -0.56429 -61.9229 0
    endloop
  endfacet
  facet normal 0.932978 0.359933 0
    outer loop
      vertex -1.5475 -64.141 8.04084
      vertex -1.57709 -64.0643 0
      vertex -1.57709 -64.0643 8.04194
    endloop
  endfacet
  facet normal 0.932978 0.359933 0
    outer loop
      vertex -1.57709 -64.0643 0
      vertex -1.5475 -64.141 8.04084
      vertex -1.5475 -64.141 0
    endloop
  endfacet
  facet normal -0.44996 0.893049 0
    outer loop
      vertex 0.789589 -64.9772 0
      vertex 0.716154 -65.0142 8.02837
      vertex 0.789589 -64.9772 8.0289
    endloop
  endfacet
  facet normal -0.44996 0.893049 0
    outer loop
      vertex 0.716154 -65.0142 8.02837
      vertex 0.789589 -64.9772 0
      vertex 0.716154 -65.0142 0
    endloop
  endfacet
  facet normal -0.218952 0.975736 0
    outer loop
      vertex 0.406991 -65.1248 0
      vertex 0.326776 -65.1428 8.02653
      vertex 0.406991 -65.1248 8.02679
    endloop
  endfacet
  facet normal -0.218952 0.975736 0
    outer loop
      vertex 0.326776 -65.1428 8.02653
      vertex 0.406991 -65.1248 0
      vertex 0.326776 -65.1428 0
    endloop
  endfacet
  facet normal 0.575492 -0.817807 0
    outer loop
      vertex -0.93058 -62.1073 0
      vertex -0.997796 -62.1546 8.06922
      vertex -0.997796 -62.1546 0
    endloop
  endfacet
  facet normal 0.575492 -0.817807 0
    outer loop
      vertex -0.997796 -62.1546 8.06922
      vertex -0.93058 -62.1073 0
      vertex -0.93058 -62.1073 8.0699
    endloop
  endfacet
  facet normal 0.893158 0.449743 0
    outer loop
      vertex -1.47722 -64.2896 8.03872
      vertex -1.51418 -64.2162 0
      vertex -1.51418 -64.2162 8.03977
    endloop
  endfacet
  facet normal 0.893158 0.449743 0
    outer loop
      vertex -1.51418 -64.2162 0
      vertex -1.47722 -64.2896 8.03872
      vertex -1.47722 -64.2896 0
    endloop
  endfacet
  facet normal 0.723996 -0.689804 0
    outer loop
      vertex -1.24109 -62.3751 8.06607
      vertex -1.1844 -62.3156 0
      vertex -1.1844 -62.3156 8.06692
    endloop
  endfacet
  facet normal 0.723996 -0.689804 0
    outer loop
      vertex -1.1844 -62.3156 0
      vertex -1.24109 -62.3751 8.06607
      vertex -1.24109 -62.3751 0
    endloop
  endfacet
  facet normal 0.121646 0.992574 -0
    outer loop
      vertex -0.164178 -65.1669 0
      vertex -0.245773 -65.1569 8.02633
      vertex -0.164178 -65.1669 8.02619
    endloop
  endfacet
  facet normal 0.121646 0.992574 0
    outer loop
      vertex -0.245773 -65.1569 8.02633
      vertex -0.164178 -65.1669 0
      vertex -0.245773 -65.1569 0
    endloop
  endfacet
  facet normal 0.615373 0.788236 0
    outer loop
      vertex -1.06261 -64.7948 0
      vertex -0.997796 -64.8454 8.03078
      vertex -0.997796 -64.8454 0
    endloop
  endfacet
  facet normal 0.615373 0.788236 0
    outer loop
      vertex -0.997796 -64.8454 8.03078
      vertex -1.06261 -64.7948 0
      vertex -1.06261 -64.7948 8.0315
    endloop
  endfacet
  facet normal -0.266405 0.963861 0
    outer loop
      vertex 0.486226 -65.1029 0
      vertex 0.406991 -65.1248 8.02679
      vertex 0.486226 -65.1029 8.0271
    endloop
  endfacet
  facet normal -0.266405 0.963861 0
    outer loop
      vertex 0.406991 -65.1248 8.02679
      vertex 0.486226 -65.1029 0
      vertex 0.406991 -65.1248 0
    endloop
  endfacet
  facet normal -0.723996 0.689804 0
    outer loop
      vertex 1.1844 -64.6844 8.03308
      vertex 1.24109 -64.6249 0
      vertex 1.1844 -64.6844 0
    endloop
  endfacet
  facet normal -0.723996 0.689804 0
    outer loop
      vertex 1.24109 -64.6249 0
      vertex 1.1844 -64.6844 8.03308
      vertex 1.24109 -64.6249 8.03393
    endloop
  endfacet
  facet normal -0.817514 0.575909 0
    outer loop
      vertex 1.34537 -64.4978 8.03575
      vertex 1.39271 -64.4306 0
      vertex 1.34537 -64.4978 0
    endloop
  endfacet
  facet normal -0.817514 0.575909 0
    outer loop
      vertex 1.39271 -64.4306 0
      vertex 1.34537 -64.4978 8.03575
      vertex 1.39271 -64.4306 8.03671
    endloop
  endfacet
  facet normal 0.653192 0.757192 0
    outer loop
      vertex -1.12486 -64.7411 0
      vertex -1.06261 -64.7948 8.0315
      vertex -1.06261 -64.7948 0
    endloop
  endfacet
  facet normal 0.653192 0.757192 0
    outer loop
      vertex -1.06261 -64.7948 8.0315
      vertex -1.12486 -64.7411 0
      vertex -1.12486 -64.7411 8.03227
    endloop
  endfacet
  facet normal -0.844966 0.534821 0
    outer loop
      vertex 1.39271 -64.4306 8.03671
      vertex 1.4367 -64.3611 0
      vertex 1.39271 -64.4306 0
    endloop
  endfacet
  facet normal -0.844966 0.534821 0
    outer loop
      vertex 1.4367 -64.3611 0
      vertex 1.39271 -64.4306 8.03671
      vertex 1.4367 -64.3611 8.0377
    endloop
  endfacet
  facet normal 0.313804 0.949488 -0
    outer loop
      vertex -0.486226 -65.1029 0
      vertex -0.56429 -65.0771 8.02747
      vertex -0.486226 -65.1029 8.0271
    endloop
  endfacet
  facet normal 0.313804 0.949488 0
    outer loop
      vertex -0.56429 -65.0771 8.02747
      vertex -0.486226 -65.1029 0
      vertex -0.56429 -65.0771 0
    endloop
  endfacet
  facet normal 0.492692 -0.870204 0
    outer loop
      vertex -0.861121 -62.0633 0
      vertex -0.789589 -62.0228 8.0711
      vertex -0.861121 -62.0633 8.07052
    endloop
  endfacet
  facet normal 0.492692 -0.870204 0
    outer loop
      vertex -0.789589 -62.0228 8.0711
      vertex -0.861121 -62.0633 0
      vertex -0.789589 -62.0228 0
    endloop
  endfacet
  facet normal 0.949603 -0.313454 0
    outer loop
      vertex -1.60287 -63.0138 8.05695
      vertex -1.57709 -62.9357 0
      vertex -1.57709 -62.9357 8.05806
    endloop
  endfacet
  facet normal 0.949603 -0.313454 0
    outer loop
      vertex -1.57709 -62.9357 0
      vertex -1.60287 -63.0138 8.05695
      vertex -1.60287 -63.0138 0
    endloop
  endfacet
  facet normal 0.78829 -0.615304 0
    outer loop
      vertex -1.34537 -62.5022 8.06425
      vertex -1.29479 -62.4374 0
      vertex -1.29479 -62.4374 8.06518
    endloop
  endfacet
  facet normal 0.78829 -0.615304 0
    outer loop
      vertex -1.29479 -62.4374 0
      vertex -1.34537 -62.5022 8.06425
      vertex -1.34537 -62.5022 0
    endloop
  endfacet
  facet normal -0.992486 0.122358 0
    outer loop
      vertex 1.65687 -63.7458 8.04649
      vertex 1.66693 -63.6642 0
      vertex 1.65687 -63.7458 0
    endloop
  endfacet
  facet normal -0.992486 0.122358 0
    outer loop
      vertex 1.66693 -63.6642 0
      vertex 1.65687 -63.7458 8.04649
      vertex 1.66693 -63.6642 8.04765
    endloop
  endfacet
  facet normal -0.757451 0.652892 0
    outer loop
      vertex 1.24109 -64.6249 8.03393
      vertex 1.29479 -64.5626 0
      vertex 1.24109 -64.6249 0
    endloop
  endfacet
  facet normal -0.757451 0.652892 0
    outer loop
      vertex 1.29479 -64.5626 0
      vertex 1.24109 -64.6249 8.03393
      vertex 1.29479 -64.5626 8.03482
    endloop
  endfacet
  facet normal -0.949603 -0.313454 -0
    outer loop
      vertex 1.60287 -63.0138 8.05695
      vertex 1.57709 -62.9357 0
      vertex 1.60287 -63.0138 0
    endloop
  endfacet
  facet normal -0.949603 -0.313454 0
    outer loop
      vertex 1.57709 -62.9357 0
      vertex 1.60287 -63.0138 8.05695
      vertex 1.57709 -62.9357 8.05806
    endloop
  endfacet
  facet normal 0.689625 -0.724167 0
    outer loop
      vertex -1.12486 -62.2589 0
      vertex -1.1844 -62.3156 8.06692
      vertex -1.1844 -62.3156 0
    endloop
  endfacet
  facet normal 0.689625 -0.724167 0
    outer loop
      vertex -1.1844 -62.3156 8.06692
      vertex -1.12486 -62.2589 0
      vertex -1.12486 -62.2589 8.06773
    endloop
  endfacet
  facet normal -0.985267 -0.171023 -0
    outer loop
      vertex 1.65687 -63.2542 8.05351
      vertex 1.64281 -63.1732 0
      vertex 1.65687 -63.2542 0
    endloop
  endfacet
  facet normal -0.985267 -0.171023 0
    outer loop
      vertex 1.64281 -63.1732 0
      vertex 1.65687 -63.2542 8.05351
      vertex 1.64281 -63.1732 8.05467
    endloop
  endfacet
  facet normal -0.171489 -0.985186 0
    outer loop
      vertex 0.245773 -61.8431 0
      vertex 0.326776 -61.8572 8.07347
      vertex 0.245773 -61.8431 8.07367
    endloop
  endfacet
  facet normal -0.171489 -0.985186 -0
    outer loop
      vertex 0.326776 -61.8572 8.07347
      vertex 0.245773 -61.8431 0
      vertex 0.326776 -61.8572 0
    endloop
  endfacet
  facet normal -0.723996 -0.689804 -0
    outer loop
      vertex 1.24109 -62.3751 8.06607
      vertex 1.1844 -62.3156 0
      vertex 1.24109 -62.3751 0
    endloop
  endfacet
  facet normal -0.723996 -0.689804 0
    outer loop
      vertex 1.1844 -62.3156 0
      vertex 1.24109 -62.3751 8.06607
      vertex 1.1844 -62.3156 8.06692
    endloop
  endfacet
  facet normal -0.757451 -0.652892 -0
    outer loop
      vertex 1.29479 -62.4374 8.06518
      vertex 1.24109 -62.3751 0
      vertex 1.29479 -62.4374 0
    endloop
  endfacet
  facet normal -0.757451 -0.652892 0
    outer loop
      vertex 1.24109 -62.3751 0
      vertex 1.29479 -62.4374 8.06518
      vertex 1.24109 -62.3751 8.06607
    endloop
  endfacet
  facet normal -0.999698 -0.0245668 -0
    outer loop
      vertex 1.675 -63.5 8.05
      vertex 1.67298 -63.4178 0
      vertex 1.675 -63.5 0
    endloop
  endfacet
  facet normal -0.999698 -0.0245668 0
    outer loop
      vertex 1.67298 -63.4178 0
      vertex 1.675 -63.5 8.05
      vertex 1.67298 -63.4178 8.05117
    endloop
  endfacet
  facet normal 0.492692 0.870204 -0
    outer loop
      vertex -0.789589 -64.9772 0
      vertex -0.861121 -64.9367 8.02948
      vertex -0.789589 -64.9772 8.0289
    endloop
  endfacet
  facet normal 0.492692 0.870204 0
    outer loop
      vertex -0.861121 -64.9367 8.02948
      vertex -0.789589 -64.9772 0
      vertex -0.861121 -64.9367 0
    endloop
  endfacet
  facet normal -0.997289 -0.0735805 -0
    outer loop
      vertex 1.67298 -63.4178 8.05117
      vertex 1.66693 -63.3358 0
      vertex 1.67298 -63.4178 0
    endloop
  endfacet
  facet normal -0.997289 -0.0735805 0
    outer loop
      vertex 1.66693 -63.3358 0
      vertex 1.67298 -63.4178 8.05117
      vertex 1.66693 -63.3358 8.05235
    endloop
  endfacet
  facet normal 0.985267 0.171023 0
    outer loop
      vertex -1.64281 -63.8268 8.04533
      vertex -1.65687 -63.7458 0
      vertex -1.65687 -63.7458 8.04649
    endloop
  endfacet
  facet normal 0.985267 0.171023 0
    outer loop
      vertex -1.65687 -63.7458 0
      vertex -1.64281 -63.8268 8.04533
      vertex -1.64281 -63.8268 0
    endloop
  endfacet
  facet normal 0.78829 0.615304 0
    outer loop
      vertex -1.29479 -64.5626 8.03482
      vertex -1.34537 -64.4978 0
      vertex -1.34537 -64.4978 8.03575
    endloop
  endfacet
  facet normal 0.78829 0.615304 0
    outer loop
      vertex -1.34537 -64.4978 0
      vertex -1.29479 -64.5626 8.03482
      vertex -1.29479 -64.5626 0
    endloop
  endfacet
  facet normal -0.575492 -0.817807 0
    outer loop
      vertex 0.93058 -62.1073 0
      vertex 0.997796 -62.1546 8.06922
      vertex 0.93058 -62.1073 8.0699
    endloop
  endfacet
  facet normal -0.575492 -0.817807 -0
    outer loop
      vertex 0.997796 -62.1546 8.06922
      vertex 0.93058 -62.1073 0
      vertex 0.997796 -62.1546 0
    endloop
  endfacet
  facet normal 0.932978 -0.359933 0
    outer loop
      vertex -1.57709 -62.9357 8.05806
      vertex -1.5475 -62.859 0
      vertex -1.5475 -62.859 8.05916
    endloop
  endfacet
  facet normal 0.932978 -0.359933 0
    outer loop
      vertex -1.5475 -62.859 0
      vertex -1.57709 -62.9357 8.05806
      vertex -1.57709 -62.9357 0
    endloop
  endfacet
  facet normal 0.914272 -0.4051 0
    outer loop
      vertex -1.5475 -62.859 8.05916
      vertex -1.51418 -62.7838 0
      vertex -1.51418 -62.7838 8.06023
    endloop
  endfacet
  facet normal 0.914272 -0.4051 0
    outer loop
      vertex -1.51418 -62.7838 0
      vertex -1.5475 -62.859 8.05916
      vertex -1.5475 -62.859 0
    endloop
  endfacet
  facet normal 0.985267 -0.171023 0
    outer loop
      vertex -1.65687 -63.2542 8.05351
      vertex -1.64281 -63.1732 0
      vertex -1.64281 -63.1732 8.05467
    endloop
  endfacet
  facet normal 0.985267 -0.171023 0
    outer loop
      vertex -1.64281 -63.1732 0
      vertex -1.65687 -63.2542 8.05351
      vertex -1.65687 -63.2542 0
    endloop
  endfacet
  facet normal -0.218952 -0.975736 0
    outer loop
      vertex 0.326776 -61.8572 0
      vertex 0.406991 -61.8752 8.07321
      vertex 0.326776 -61.8572 8.07347
    endloop
  endfacet
  facet normal -0.218952 -0.975736 -0
    outer loop
      vertex 0.406991 -61.8752 8.07321
      vertex 0.326776 -61.8572 0
      vertex 0.406991 -61.8752 0
    endloop
  endfacet
  facet normal 0.121646 -0.992574 0
    outer loop
      vertex -0.245773 -61.8431 0
      vertex -0.164178 -61.8331 8.07381
      vertex -0.245773 -61.8431 8.07367
    endloop
  endfacet
  facet normal 0.121646 -0.992574 0
    outer loop
      vertex -0.164178 -61.8331 8.07381
      vertex -0.245773 -61.8431 0
      vertex -0.164178 -61.8331 0
    endloop
  endfacet
  facet normal -0.689625 -0.724167 0
    outer loop
      vertex 1.12486 -62.2589 0
      vertex 1.1844 -62.3156 8.06692
      vertex 1.12486 -62.2589 8.06773
    endloop
  endfacet
  facet normal -0.689625 -0.724167 -0
    outer loop
      vertex 1.1844 -62.3156 8.06692
      vertex 1.12486 -62.2589 0
      vertex 1.1844 -62.3156 0
    endloop
  endfacet
  facet normal -0.689625 0.724167 0
    outer loop
      vertex 1.1844 -64.6844 0
      vertex 1.12486 -64.7411 8.03227
      vertex 1.1844 -64.6844 8.03308
    endloop
  endfacet
  facet normal -0.689625 0.724167 0
    outer loop
      vertex 1.12486 -64.7411 8.03227
      vertex 1.1844 -64.6844 0
      vertex 1.12486 -64.7411 0
    endloop
  endfacet
  facet normal 0.0243273 -0.999704 0
    outer loop
      vertex -0.0821877 -61.827 0
      vertex 0 -61.825 8.07393
      vertex -0.0821877 -61.827 8.0739
    endloop
  endfacet
  facet normal 0.0243273 -0.999704 0
    outer loop
      vertex 0 -61.825 8.07393
      vertex -0.0821877 -61.827 0
      vertex 0 -61.825 0
    endloop
  endfacet
  facet normal -0.817514 -0.575909 -0
    outer loop
      vertex 1.39271 -62.5694 8.06329
      vertex 1.34537 -62.5022 0
      vertex 1.39271 -62.5694 0
    endloop
  endfacet
  facet normal -0.817514 -0.575909 0
    outer loop
      vertex 1.34537 -62.5022 0
      vertex 1.39271 -62.5694 8.06329
      vertex 1.34537 -62.5022 8.06425
    endloop
  endfacet
  facet normal -0.535133 -0.844768 0
    outer loop
      vertex 0.861121 -62.0633 0
      vertex 0.93058 -62.1073 8.0699
      vertex 0.861121 -62.0633 8.07052
    endloop
  endfacet
  facet normal -0.535133 -0.844768 -0
    outer loop
      vertex 0.93058 -62.1073 8.0699
      vertex 0.861121 -62.0633 0
      vertex 0.93058 -62.1073 0
    endloop
  endfacet
  facet normal 0.653192 -0.757192 0
    outer loop
      vertex -1.06261 -62.2052 0
      vertex -1.12486 -62.2589 8.06773
      vertex -1.12486 -62.2589 0
    endloop
  endfacet
  facet normal 0.653192 -0.757192 0
    outer loop
      vertex -1.12486 -62.2589 8.06773
      vertex -1.06261 -62.2052 0
      vertex -1.06261 -62.2052 8.0685
    endloop
  endfacet
  facet normal 0.963737 -0.266853 0
    outer loop
      vertex -1.6248 -63.093 8.05581
      vertex -1.60287 -63.0138 0
      vertex -1.60287 -63.0138 8.05695
    endloop
  endfacet
  facet normal 0.963737 -0.266853 0
    outer loop
      vertex -1.60287 -63.0138 0
      vertex -1.6248 -63.093 8.05581
      vertex -1.6248 -63.093 0
    endloop
  endfacet
  facet normal 0.723996 0.689804 0
    outer loop
      vertex -1.1844 -64.6844 8.03308
      vertex -1.24109 -64.6249 0
      vertex -1.24109 -64.6249 8.03393
    endloop
  endfacet
  facet normal 0.723996 0.689804 0
    outer loop
      vertex -1.24109 -64.6249 0
      vertex -1.1844 -64.6844 8.03308
      vertex -1.1844 -64.6844 0
    endloop
  endfacet
  facet normal 0.575492 0.817807 0
    outer loop
      vertex -0.997796 -64.8454 0
      vertex -0.93058 -64.8927 8.0301
      vertex -0.93058 -64.8927 0
    endloop
  endfacet
  facet normal 0.575492 0.817807 0
    outer loop
      vertex -0.93058 -64.8927 8.0301
      vertex -0.997796 -64.8454 0
      vertex -0.997796 -64.8454 8.03078
    endloop
  endfacet
  facet normal 0.074194 -0.997244 0
    outer loop
      vertex -0.164178 -61.8331 0
      vertex -0.0821877 -61.827 8.0739
      vertex -0.164178 -61.8331 8.07381
    endloop
  endfacet
  facet normal 0.074194 -0.997244 0
    outer loop
      vertex -0.0821877 -61.827 8.0739
      vertex -0.164178 -61.8331 0
      vertex -0.0821877 -61.827 0
    endloop
  endfacet
  facet normal -0.653192 -0.757192 0
    outer loop
      vertex 1.06261 -62.2052 0
      vertex 1.12486 -62.2589 8.06773
      vertex 1.06261 -62.2052 8.0685
    endloop
  endfacet
  facet normal -0.653192 -0.757192 -0
    outer loop
      vertex 1.12486 -62.2589 8.06773
      vertex 1.06261 -62.2052 0
      vertex 1.12486 -62.2589 0
    endloop
  endfacet
  facet normal 0.689625 0.724167 0
    outer loop
      vertex -1.1844 -64.6844 0
      vertex -1.12486 -64.7411 8.03227
      vertex -1.12486 -64.7411 0
    endloop
  endfacet
  facet normal 0.689625 0.724167 0
    outer loop
      vertex -1.12486 -64.7411 8.03227
      vertex -1.1844 -64.6844 0
      vertex -1.1844 -64.6844 8.03308
    endloop
  endfacet
  facet normal -0.615373 0.788236 0
    outer loop
      vertex 1.06261 -64.7948 0
      vertex 0.997796 -64.8454 8.03078
      vertex 1.06261 -64.7948 8.0315
    endloop
  endfacet
  facet normal -0.615373 0.788236 0
    outer loop
      vertex 0.997796 -64.8454 8.03078
      vertex 1.06261 -64.7948 0
      vertex 0.997796 -64.8454 0
    endloop
  endfacet
  facet normal 0.44996 -0.893049 0
    outer loop
      vertex -0.789589 -62.0228 0
      vertex -0.716154 -61.9858 8.07163
      vertex -0.789589 -62.0228 8.0711
    endloop
  endfacet
  facet normal 0.44996 -0.893049 0
    outer loop
      vertex -0.716154 -61.9858 8.07163
      vertex -0.789589 -62.0228 0
      vertex -0.716154 -61.9858 0
    endloop
  endfacet
  facet normal -0.492692 -0.870204 0
    outer loop
      vertex 0.789589 -62.0228 0
      vertex 0.861121 -62.0633 8.07052
      vertex 0.789589 -62.0228 8.0711
    endloop
  endfacet
  facet normal -0.492692 -0.870204 -0
    outer loop
      vertex 0.861121 -62.0633 8.07052
      vertex 0.789589 -62.0228 0
      vertex 0.861121 -62.0633 0
    endloop
  endfacet
  facet normal 0.870005 0.493043 0
    outer loop
      vertex -1.4367 -64.3611 8.0377
      vertex -1.47722 -64.2896 0
      vertex -1.47722 -64.2896 8.03872
    endloop
  endfacet
  facet normal 0.870005 0.493043 0
    outer loop
      vertex -1.47722 -64.2896 0
      vertex -1.4367 -64.3611 8.0377
      vertex -1.4367 -64.3611 0
    endloop
  endfacet
  facet normal -0.0243273 -0.999704 0
    outer loop
      vertex 0 -61.825 0
      vertex 0.0821877 -61.827 8.0739
      vertex 0 -61.825 8.07393
    endloop
  endfacet
  facet normal -0.0243273 -0.999704 -0
    outer loop
      vertex 0.0821877 -61.827 8.0739
      vertex 0 -61.825 0
      vertex 0.0821877 -61.827 0
    endloop
  endfacet
  facet normal 0.999698 -0.0245668 0
    outer loop
      vertex -1.675 -63.5 8.05
      vertex -1.67298 -63.4178 0
      vertex -1.67298 -63.4178 8.05117
    endloop
  endfacet
  facet normal 0.999698 -0.0245668 0
    outer loop
      vertex -1.67298 -63.4178 0
      vertex -1.675 -63.5 8.05
      vertex -1.675 -63.5 0
    endloop
  endfacet
  facet normal -0.074194 -0.997244 0
    outer loop
      vertex 0.0821877 -61.827 0
      vertex 0.164178 -61.8331 8.07381
      vertex 0.0821877 -61.827 8.0739
    endloop
  endfacet
  facet normal -0.074194 -0.997244 -0
    outer loop
      vertex 0.164178 -61.8331 8.07381
      vertex 0.0821877 -61.827 0
      vertex 0.164178 -61.8331 0
    endloop
  endfacet
  facet normal -0.999698 0.0245668 0
    outer loop
      vertex 1.67298 -63.5822 8.04883
      vertex 1.675 -63.5 0
      vertex 1.67298 -63.5822 0
    endloop
  endfacet
  facet normal -0.999698 0.0245668 0
    outer loop
      vertex 1.675 -63.5 0
      vertex 1.67298 -63.5822 8.04883
      vertex 1.675 -63.5 8.05
    endloop
  endfacet
  facet normal -0.870005 -0.493043 -0
    outer loop
      vertex 1.47722 -62.7104 8.06128
      vertex 1.4367 -62.6389 0
      vertex 1.47722 -62.7104 0
    endloop
  endfacet
  facet normal -0.870005 -0.493043 0
    outer loop
      vertex 1.4367 -62.6389 0
      vertex 1.47722 -62.7104 8.06128
      vertex 1.4367 -62.6389 8.0623
    endloop
  endfacet
  facet normal 0.535133 0.844768 -0
    outer loop
      vertex -0.861121 -64.9367 0
      vertex -0.93058 -64.8927 8.0301
      vertex -0.861121 -64.9367 8.02948
    endloop
  endfacet
  facet normal 0.535133 0.844768 0
    outer loop
      vertex -0.93058 -64.8927 8.0301
      vertex -0.861121 -64.9367 0
      vertex -0.93058 -64.8927 0
    endloop
  endfacet
  facet normal -0.121646 -0.992574 0
    outer loop
      vertex 0.164178 -61.8331 0
      vertex 0.245773 -61.8431 8.07367
      vertex 0.164178 -61.8331 8.07381
    endloop
  endfacet
  facet normal -0.121646 -0.992574 -0
    outer loop
      vertex 0.245773 -61.8431 8.07367
      vertex 0.164178 -61.8331 0
      vertex 0.245773 -61.8431 0
    endloop
  endfacet
  facet normal -0.949603 0.313454 0
    outer loop
      vertex 1.57709 -64.0643 8.04194
      vertex 1.60287 -63.9862 0
      vertex 1.57709 -64.0643 0
    endloop
  endfacet
  facet normal -0.949603 0.313454 0
    outer loop
      vertex 1.60287 -63.9862 0
      vertex 1.57709 -64.0643 8.04194
      vertex 1.60287 -63.9862 8.04305
    endloop
  endfacet
  facet normal 0.405077 -0.914282 0
    outer loop
      vertex -0.716154 -61.9858 0
      vertex -0.640994 -61.9525 8.07211
      vertex -0.716154 -61.9858 8.07163
    endloop
  endfacet
  facet normal 0.405077 -0.914282 0
    outer loop
      vertex -0.640994 -61.9525 8.07211
      vertex -0.716154 -61.9858 0
      vertex -0.640994 -61.9525 0
    endloop
  endfacet
  facet normal 0.844966 0.534821 0
    outer loop
      vertex -1.39271 -64.4306 8.03671
      vertex -1.4367 -64.3611 0
      vertex -1.4367 -64.3611 8.0377
    endloop
  endfacet
  facet normal 0.844966 0.534821 0
    outer loop
      vertex -1.4367 -64.3611 0
      vertex -1.39271 -64.4306 8.03671
      vertex -1.39271 -64.4306 0
    endloop
  endfacet
  facet normal -0.963737 0.266853 0
    outer loop
      vertex 1.60287 -63.9862 8.04305
      vertex 1.6248 -63.907 0
      vertex 1.60287 -63.9862 0
    endloop
  endfacet
  facet normal -0.963737 0.266853 0
    outer loop
      vertex 1.6248 -63.907 0
      vertex 1.60287 -63.9862 8.04305
      vertex 1.6248 -63.907 8.04419
    endloop
  endfacet
  facet normal 0.870005 -0.493043 0
    outer loop
      vertex -1.47722 -62.7104 8.06128
      vertex -1.4367 -62.6389 0
      vertex -1.4367 -62.6389 8.0623
    endloop
  endfacet
  facet normal 0.870005 -0.493043 0
    outer loop
      vertex -1.4367 -62.6389 0
      vertex -1.47722 -62.7104 8.06128
      vertex -1.47722 -62.7104 0
    endloop
  endfacet
  facet normal 0.963737 0.266853 0
    outer loop
      vertex -1.60287 -63.9862 8.04305
      vertex -1.6248 -63.907 0
      vertex -1.6248 -63.907 8.04419
    endloop
  endfacet
  facet normal 0.963737 0.266853 0
    outer loop
      vertex -1.6248 -63.907 0
      vertex -1.60287 -63.9862 8.04305
      vertex -1.60287 -63.9862 0
    endloop
  endfacet
  facet normal 0.535133 -0.844768 0
    outer loop
      vertex -0.93058 -62.1073 0
      vertex -0.861121 -62.0633 8.07052
      vertex -0.93058 -62.1073 8.0699
    endloop
  endfacet
  facet normal 0.535133 -0.844768 0
    outer loop
      vertex -0.861121 -62.0633 8.07052
      vertex -0.93058 -62.1073 0
      vertex -0.861121 -62.0633 0
    endloop
  endfacet
  facet normal 0.757451 -0.652892 0
    outer loop
      vertex -1.29479 -62.4374 8.06518
      vertex -1.24109 -62.3751 0
      vertex -1.24109 -62.3751 8.06607
    endloop
  endfacet
  facet normal 0.757451 -0.652892 0
    outer loop
      vertex -1.24109 -62.3751 0
      vertex -1.29479 -62.4374 8.06518
      vertex -1.29479 -62.4374 0
    endloop
  endfacet
  facet normal -0.405077 -0.914282 0
    outer loop
      vertex 0.640994 -61.9525 0
      vertex 0.716154 -61.9858 8.07163
      vertex 0.640994 -61.9525 8.07211
    endloop
  endfacet
  facet normal -0.405077 -0.914282 -0
    outer loop
      vertex 0.716154 -61.9858 8.07163
      vertex 0.640994 -61.9525 0
      vertex 0.716154 -61.9858 0
    endloop
  endfacet
  facet normal 0.266405 -0.963861 0
    outer loop
      vertex -0.486226 -61.8971 0
      vertex -0.406991 -61.8752 8.07321
      vertex -0.486226 -61.8971 8.0729
    endloop
  endfacet
  facet normal 0.266405 -0.963861 0
    outer loop
      vertex -0.406991 -61.8752 8.07321
      vertex -0.486226 -61.8971 0
      vertex -0.406991 -61.8752 0
    endloop
  endfacet
  facet normal -0.44996 -0.893049 0
    outer loop
      vertex 0.716154 -61.9858 0
      vertex 0.789589 -62.0228 8.0711
      vertex 0.716154 -61.9858 8.07163
    endloop
  endfacet
  facet normal -0.44996 -0.893049 -0
    outer loop
      vertex 0.789589 -62.0228 8.0711
      vertex 0.716154 -61.9858 0
      vertex 0.789589 -62.0228 0
    endloop
  endfacet
  facet normal -0.914272 -0.4051 -0
    outer loop
      vertex 1.5475 -62.859 8.05916
      vertex 1.51418 -62.7838 0
      vertex 1.5475 -62.859 0
    endloop
  endfacet
  facet normal -0.914272 -0.4051 0
    outer loop
      vertex 1.51418 -62.7838 0
      vertex 1.5475 -62.859 8.05916
      vertex 1.51418 -62.7838 8.06023
    endloop
  endfacet
  facet normal 0.817514 -0.575909 0
    outer loop
      vertex -1.39271 -62.5694 8.06329
      vertex -1.34537 -62.5022 0
      vertex -1.34537 -62.5022 8.06425
    endloop
  endfacet
  facet normal 0.817514 -0.575909 0
    outer loop
      vertex -1.34537 -62.5022 0
      vertex -1.39271 -62.5694 8.06329
      vertex -1.39271 -62.5694 0
    endloop
  endfacet
  facet normal 0.992486 -0.122358 0
    outer loop
      vertex -1.66693 -63.3358 8.05235
      vertex -1.65687 -63.2542 0
      vertex -1.65687 -63.2542 8.05351
    endloop
  endfacet
  facet normal 0.992486 -0.122358 0
    outer loop
      vertex -1.65687 -63.2542 0
      vertex -1.66693 -63.3358 8.05235
      vertex -1.66693 -63.3358 0
    endloop
  endfacet
endsolid OpenSCAD_Model
