solid OpenSCAD_Model
  facet normal 0.995186 0.0980062 0
    outer loop
      vertex 59.8715 3.92419 86
      vertex 59.4867 7.83157 0
      vertex 59.4867 7.83157 86
    endloop
  endfacet
  facet normal 0.995186 0.0980062 0
    outer loop
      vertex 59.4867 7.83157 0
      vertex 59.8715 3.92419 86
      vertex 59.8715 3.92419 0
    endloop
  endfacet
  facet normal 0.999464 0.0327281 0
    outer loop
      vertex 60 0 86
      vertex 59.8715 3.92419 0
      vertex 59.8715 3.92419 86
    endloop
  endfacet
  facet normal 0.999464 0.0327281 0
    outer loop
      vertex 59.8715 3.92419 0
      vertex 60 0 86
      vertex 60 0 0
    endloop
  endfacet
  facet normal 0.582489 -0.812838 0
    outer loop
      vertex 33.3342 -49.8882 86
      vertex 36.3869 -47.7006 72
      vertex 36.3869 -47.7006 86
    endloop
  endfacet
  facet normal 0.582489 -0.812838 0
    outer loop
      vertex 33.3342 -49.8882 0
      vertex 36.3869 -47.7006 72
      vertex 33.3342 -49.8882 86
    endloop
  endfacet
  facet normal 0.582478 -0.812846 7.09244e-07
    outer loop
      vertex 36.5257 -47.6012 0
      vertex 36.3869 -47.7006 72
      vertex 33.3342 -49.8882 0
    endloop
  endfacet
  facet normal 0.582235 -0.81302 0
    outer loop
      vertex 36.3869 -47.7006 72
      vertex 36.5257 -47.6012 0
      vertex 36.5257 -47.6012 72
    endloop
  endfacet
  facet normal 0.162902 0.986642 -0
    outer loop
      vertex 11.7054 58.8471 0
      vertex 7.83157 59.4867 16
      vertex 11.7054 58.8471 16
    endloop
  endfacet
  facet normal 0.162902 0.986642 0
    outer loop
      vertex 7.83157 59.4867 16
      vertex 11.7054 58.8471 0
      vertex 7.83157 59.4867 0
    endloop
  endfacet
  facet normal 0.162902 0.986642 0
    outer loop
      vertex 11.7054 58.8471 86
      vertex 7.83157 59.4867 52.9684
      vertex 7.83157 59.4867 86
    endloop
  endfacet
  facet normal 0.162902 0.986642 0
    outer loop
      vertex 7.83157 59.4867 52.9684
      vertex 11.7054 58.8471 86
      vertex 11.7054 58.8471 49.0946
    endloop
  endfacet
  facet normal -0.634399 -0.773005 0
    outer loop
      vertex -39.5607 -45.1104 0
      vertex -36.5257 -47.6012 72
      vertex -39.5607 -45.1104 72
    endloop
  endfacet
  facet normal -0.634399 -0.773005 -0
    outer loop
      vertex -36.5257 -47.6012 72
      vertex -39.5607 -45.1104 0
      vertex -36.5257 -47.6012 0
    endloop
  endfacet
  facet normal -0.986642 -0.162902 0
    outer loop
      vertex -58.8471 -11.7054 0
      vertex -59.4867 -7.83157 86
      vertex -59.4867 -7.83157 0
    endloop
  endfacet
  facet normal -0.986642 -0.162902 0
    outer loop
      vertex -59.4867 -7.83157 86
      vertex -58.8471 -11.7054 0
      vertex -58.8471 -11.7054 86
    endloop
  endfacet
  facet normal -0.935908 -0.352245 0
    outer loop
      vertex -55.4328 -22.961 0
      vertex -56.8158 -19.2864 86
      vertex -56.8158 -19.2864 0
    endloop
  endfacet
  facet normal -0.935908 -0.352245 0
    outer loop
      vertex -56.8158 -19.2864 86
      vertex -55.4328 -22.961 0
      vertex -55.4328 -22.961 86
    endloop
  endfacet
  facet normal -0.956938 -0.290293 0
    outer loop
      vertex -56.8158 -19.2864 0
      vertex -57.9556 -15.5291 86
      vertex -57.9556 -15.5291 0
    endloop
  endfacet
  facet normal -0.956938 -0.290293 0
    outer loop
      vertex -57.9556 -15.5291 86
      vertex -56.8158 -19.2864 0
      vertex -56.8158 -19.2864 86
    endloop
  endfacet
  facet normal -0.0327281 0.999464 0
    outer loop
      vertex 0 60 0
      vertex -3.92419 59.8715 4
      vertex 0 60 4
    endloop
  endfacet
  facet normal -0.0327281 0.999464 0
    outer loop
      vertex -3.92419 59.8715 4
      vertex 0 60 0
      vertex -3.92419 59.8715 0
    endloop
  endfacet
  facet normal -0.0327281 0.999464 0
    outer loop
      vertex 0 60 60.8
      vertex -3.92419 59.8715 86
      vertex 0 60 86
    endloop
  endfacet
  facet normal -0.0327281 0.999464 0
    outer loop
      vertex -3.92419 59.8715 86
      vertex 0 60 60.8
      vertex -3.92419 59.8715 56.8758
    endloop
  endfacet
  facet normal -0.0327281 0.999464 0
    outer loop
      vertex 0 60 10
      vertex -3.92419 59.8715 16
      vertex 0 60 16
    endloop
  endfacet
  facet normal -0.0327281 0.999464 0
    outer loop
      vertex -3.92419 59.8715 16
      vertex 0 60 10
      vertex -3.92419 59.8715 10
    endloop
  endfacet
  facet normal -0.999464 -0.0327281 0
    outer loop
      vertex -59.8715 -3.92419 0
      vertex -60 0 86
      vertex -60 0 0
    endloop
  endfacet
  facet normal -0.999464 -0.0327281 0
    outer loop
      vertex -60 0 86
      vertex -59.8715 -3.92419 0
      vertex -59.8715 -3.92419 86
    endloop
  endfacet
  facet normal 0.412707 -0.910864 0
    outer loop
      vertex 22.961 -55.4328 0
      vertex 26.5373 -53.8124 86
      vertex 22.961 -55.4328 86
    endloop
  endfacet
  facet normal 0.412707 -0.910864 0
    outer loop
      vertex 26.5373 -53.8124 86
      vertex 22.961 -55.4328 0
      vertex 26.5373 -53.8124 0
    endloop
  endfacet
  facet normal 0.0327281 -0.999464 0
    outer loop
      vertex 0 -60 0
      vertex 3.92419 -59.8715 86
      vertex 0 -60 86
    endloop
  endfacet
  facet normal 0.0327281 -0.999464 0
    outer loop
      vertex 3.92419 -59.8715 86
      vertex 0 -60 0
      vertex 3.92419 -59.8715 0
    endloop
  endfacet
  facet normal -0.849207 0.528061 0
    outer loop
      vertex -51.9615 30 0
      vertex -49.8882 33.3342 86
      vertex -49.8882 33.3342 0
    endloop
  endfacet
  facet normal -0.849207 0.528061 0
    outer loop
      vertex -49.8882 33.3342 86
      vertex -51.9615 30 0
      vertex -51.9615 30 86
    endloop
  endfacet
  facet normal 0.0980062 0.995186 4.38141e-06
    outer loop
      vertex 7.83157 59.4867 16
      vertex 6 59.6671 10
      vertex 3.92419 59.8715 16
    endloop
  endfacet
  facet normal 0.0980204 0.995184 -0
    outer loop
      vertex 7.83157 59.4867 0
      vertex 6 59.6671 10
      vertex 7.83157 59.4867 16
    endloop
  endfacet
  facet normal 0.0980204 0.995184 0
    outer loop
      vertex 6 59.6671 10
      vertex 7.83157 59.4867 0
      vertex 6 59.6671 4
    endloop
  endfacet
  facet normal 0.0980062 0.995186 -6.57212e-06
    outer loop
      vertex 3.92419 59.8715 0
      vertex 6 59.6671 4
      vertex 7.83157 59.4867 0
    endloop
  endfacet
  facet normal 0.0979937 0.995187 0
    outer loop
      vertex 6 59.6671 4
      vertex 3.92419 59.8715 0
      vertex 3.92419 59.8715 4
    endloop
  endfacet
  facet normal 0.0979937 0.995187 0
    outer loop
      vertex 3.92419 59.8715 16
      vertex 6 59.6671 10
      vertex 3.92419 59.8715 10
    endloop
  endfacet
  facet normal 0.0980062 0.995186 0
    outer loop
      vertex 7.83157 59.4867 86
      vertex 3.92419 59.8715 56.8758
      vertex 3.92419 59.8715 86
    endloop
  endfacet
  facet normal 0.0980062 0.995186 0
    outer loop
      vertex 3.92419 59.8715 56.8758
      vertex 7.83157 59.4867 86
      vertex 7.83157 59.4867 52.9684
    endloop
  endfacet
  facet normal 0.881916 -0.471406 0
    outer loop
      vertex 51.9615 -30 86
      vertex 53.8124 -26.5373 0
      vertex 53.8124 -26.5373 86
    endloop
  endfacet
  facet normal 0.881916 -0.471406 0
    outer loop
      vertex 53.8124 -26.5373 0
      vertex 51.9615 -30 86
      vertex 51.9615 -30 0
    endloop
  endfacet
  facet normal 0.999464 -0.0327281 0
    outer loop
      vertex 59.8715 -3.92419 86
      vertex 60 0 0
      vertex 60 0 86
    endloop
  endfacet
  facet normal 0.999464 -0.0327281 0
    outer loop
      vertex 60 0 0
      vertex 59.8715 -3.92419 86
      vertex 59.8715 -3.92419 0
    endloop
  endfacet
  facet normal -0.995186 -0.0980062 0
    outer loop
      vertex -59.4867 -7.83157 0
      vertex -59.8715 -3.92419 86
      vertex -59.8715 -3.92419 0
    endloop
  endfacet
  facet normal -0.995186 -0.0980062 0
    outer loop
      vertex -59.8715 -3.92419 86
      vertex -59.4867 -7.83157 0
      vertex -59.4867 -7.83157 86
    endloop
  endfacet
  facet normal -0.290293 0.956938 0
    outer loop
      vertex -15.5291 57.9556 0
      vertex -19.2864 56.8158 16
      vertex -15.5291 57.9556 16
    endloop
  endfacet
  facet normal -0.290293 0.956938 0
    outer loop
      vertex -19.2864 56.8158 16
      vertex -15.5291 57.9556 0
      vertex -19.2864 56.8158 0
    endloop
  endfacet
  facet normal -0.290293 0.956938 0
    outer loop
      vertex -15.5291 57.9556 45.2708
      vertex -19.2864 56.8158 86
      vertex -15.5291 57.9556 86
    endloop
  endfacet
  facet normal -0.290293 0.956938 0
    outer loop
      vertex -19.2864 56.8158 86
      vertex -15.5291 57.9556 45.2708
      vertex -19.2864 56.8158 41.5136
    endloop
  endfacet
  facet normal -0.162902 -0.986642 0
    outer loop
      vertex -11.7054 -58.8471 0
      vertex -7.83157 -59.4867 86
      vertex -11.7054 -58.8471 86
    endloop
  endfacet
  facet normal -0.162902 -0.986642 -0
    outer loop
      vertex -7.83157 -59.4867 86
      vertex -11.7054 -58.8471 0
      vertex -7.83157 -59.4867 0
    endloop
  endfacet
  facet normal 0.935908 -0.352245 0
    outer loop
      vertex 55.4328 -22.961 86
      vertex 56.8158 -19.2864 0
      vertex 56.8158 -19.2864 86
    endloop
  endfacet
  facet normal 0.935908 -0.352245 0
    outer loop
      vertex 56.8158 -19.2864 0
      vertex 55.4328 -22.961 86
      vertex 55.4328 -22.961 0
    endloop
  endfacet
  facet normal -0.0327281 -0.999464 0
    outer loop
      vertex -3.92419 -59.8715 0
      vertex 0 -60 86
      vertex -3.92419 -59.8715 86
    endloop
  endfacet
  facet normal -0.0327281 -0.999464 -0
    outer loop
      vertex 0 -60 86
      vertex -3.92419 -59.8715 0
      vertex 0 -60 0
    endloop
  endfacet
  facet normal -0.986642 0.162902 0
    outer loop
      vertex -59.4867 7.83157 0
      vertex -58.8471 11.7054 86
      vertex -58.8471 11.7054 0
    endloop
  endfacet
  facet normal -0.986642 0.162902 0
    outer loop
      vertex -58.8471 11.7054 86
      vertex -59.4867 7.83157 0
      vertex -59.4867 7.83157 86
    endloop
  endfacet
  facet normal 0.582235 0.81302 0
    outer loop
      vertex 36.5257 47.6012 72
      vertex 36.5257 47.6012 0
      vertex 36.3869 47.7006 72
    endloop
  endfacet
  facet normal 0.582489 0.812838 -0
    outer loop
      vertex 36.3869 47.7006 72
      vertex 33.3342 49.8882 86
      vertex 36.3869 47.7006 86
    endloop
  endfacet
  facet normal 0.582478 0.812846 7.09244e-07
    outer loop
      vertex 33.3342 49.8882 0
      vertex 36.3869 47.7006 72
      vertex 36.5257 47.6012 0
    endloop
  endfacet
  facet normal 0.582489 0.812838 0
    outer loop
      vertex 36.3869 47.7006 72
      vertex 33.3342 49.8882 0
      vertex 33.3342 49.8882 86
    endloop
  endfacet
  facet normal 0.956938 0.290293 0
    outer loop
      vertex 57.9556 15.5291 86
      vertex 56.8158 19.2864 0
      vertex 56.8158 19.2864 86
    endloop
  endfacet
  facet normal 0.956938 0.290293 0
    outer loop
      vertex 56.8158 19.2864 0
      vertex 57.9556 15.5291 86
      vertex 57.9556 15.5291 0
    endloop
  endfacet
  facet normal -0.81302 0.582235 0
    outer loop
      vertex -47.6012 36.5257 0
      vertex -47.7006 36.3869 72
      vertex -47.6012 36.5257 72
    endloop
  endfacet
  facet normal -0.812846 0.582478 7.09244e-07
    outer loop
      vertex -49.8882 33.3342 0
      vertex -47.7006 36.3869 72
      vertex -47.6012 36.5257 0
    endloop
  endfacet
  facet normal -0.812838 0.582489 0
    outer loop
      vertex -49.8882 33.3342 86
      vertex -47.7006 36.3869 72
      vertex -49.8882 33.3342 0
    endloop
  endfacet
  facet normal -0.812838 0.582489 0
    outer loop
      vertex -47.7006 36.3869 72
      vertex -49.8882 33.3342 86
      vertex -47.7006 36.3869 86
    endloop
  endfacet
  facet normal -0.956938 0.290293 0
    outer loop
      vertex -57.9556 15.5291 0
      vertex -56.8158 19.2864 86
      vertex -56.8158 19.2864 0
    endloop
  endfacet
  facet normal -0.956938 0.290293 0
    outer loop
      vertex -56.8158 19.2864 86
      vertex -57.9556 15.5291 0
      vertex -57.9556 15.5291 86
    endloop
  endfacet
  facet normal 0.910864 -0.412707 0
    outer loop
      vertex 53.8124 -26.5373 86
      vertex 55.4328 -22.961 0
      vertex 55.4328 -22.961 86
    endloop
  endfacet
  facet normal 0.910864 -0.412707 0
    outer loop
      vertex 55.4328 -22.961 0
      vertex 53.8124 -26.5373 86
      vertex 53.8124 -26.5373 0
    endloop
  endfacet
  facet normal 0.528061 0.849207 -0
    outer loop
      vertex 33.3342 49.8882 0
      vertex 30 51.9615 86
      vertex 33.3342 49.8882 86
    endloop
  endfacet
  facet normal 0.528061 0.849207 0
    outer loop
      vertex 30 51.9615 86
      vertex 33.3342 49.8882 0
      vertex 30 51.9615 0
    endloop
  endfacet
  facet normal -0.995186 0.0980062 0
    outer loop
      vertex -59.8715 3.92419 0
      vertex -59.4867 7.83157 86
      vertex -59.4867 7.83157 0
    endloop
  endfacet
  facet normal -0.995186 0.0980062 0
    outer loop
      vertex -59.4867 7.83157 86
      vertex -59.8715 3.92419 0
      vertex -59.8715 3.92419 86
    endloop
  endfacet
  facet normal -0.683589 -0.729867 -0
    outer loop
      vertex -42.4264 -42.4264 72
      vertex -42.4264 -42.4264 0
      vertex -39.5607 -45.1104 72
    endloop
  endfacet
  facet normal -0.683589 -0.729867 -0
    outer loop
      vertex -39.5607 -45.1104 72
      vertex -42.4264 -42.4264 0
      vertex -39.5607 -45.1104 0
    endloop
  endfacet
  facet normal -0.97388 0.227061 0
    outer loop
      vertex -58.8471 11.7054 0
      vertex -57.9556 15.5291 86
      vertex -57.9556 15.5291 0
    endloop
  endfacet
  facet normal -0.97388 0.227061 0
    outer loop
      vertex -57.9556 15.5291 86
      vertex -58.8471 11.7054 0
      vertex -58.8471 11.7054 86
    endloop
  endfacet
  facet normal 0.290293 0.956938 0
    outer loop
      vertex 19.2864 56.8158 86
      vertex 15.5291 57.9556 45.2708
      vertex 15.5291 57.9556 86
    endloop
  endfacet
  facet normal 0.290293 0.956938 0
    outer loop
      vertex 15.5291 57.9556 45.2708
      vertex 19.2864 56.8158 86
      vertex 19.2864 56.8158 41.5136
    endloop
  endfacet
  facet normal 0.290293 0.956938 -0
    outer loop
      vertex 19.2864 56.8158 0
      vertex 15.5291 57.9556 16
      vertex 19.2864 56.8158 16
    endloop
  endfacet
  facet normal 0.290293 0.956938 0
    outer loop
      vertex 15.5291 57.9556 16
      vertex 19.2864 56.8158 0
      vertex 15.5291 57.9556 0
    endloop
  endfacet
  facet normal -0.582489 0.812838 0
    outer loop
      vertex -33.3342 49.8882 86
      vertex -36.3869 47.7006 72
      vertex -36.3869 47.7006 86
    endloop
  endfacet
  facet normal -0.582489 0.812838 0
    outer loop
      vertex -33.3342 49.8882 0
      vertex -36.3869 47.7006 72
      vertex -33.3342 49.8882 86
    endloop
  endfacet
  facet normal -0.582478 0.812846 7.09244e-07
    outer loop
      vertex -36.5257 47.6012 0
      vertex -36.3869 47.7006 72
      vertex -33.3342 49.8882 0
    endloop
  endfacet
  facet normal -0.582235 0.81302 0
    outer loop
      vertex -36.3869 47.7006 72
      vertex -36.5257 47.6012 0
      vertex -36.5257 47.6012 72
    endloop
  endfacet
  facet normal 0.634399 -0.773005 0
    outer loop
      vertex 36.5257 -47.6012 0
      vertex 39.5607 -45.1104 72
      vertex 36.5257 -47.6012 72
    endloop
  endfacet
  facet normal 0.634399 -0.773005 0
    outer loop
      vertex 39.5607 -45.1104 72
      vertex 36.5257 -47.6012 0
      vertex 39.5607 -45.1104 0
    endloop
  endfacet
  facet normal 0.0327281 0.999464 -0
    outer loop
      vertex 3.92419 59.8715 0
      vertex 0 60 4
      vertex 3.92419 59.8715 4
    endloop
  endfacet
  facet normal 0.0327281 0.999464 0
    outer loop
      vertex 0 60 4
      vertex 3.92419 59.8715 0
      vertex 0 60 0
    endloop
  endfacet
  facet normal 0.0327281 0.999464 0
    outer loop
      vertex 3.92419 59.8715 86
      vertex 0 60 60.8
      vertex 0 60 86
    endloop
  endfacet
  facet normal 0.0327281 0.999464 0
    outer loop
      vertex 0 60 60.8
      vertex 3.92419 59.8715 86
      vertex 3.92419 59.8715 56.8758
    endloop
  endfacet
  facet normal 0.0327281 0.999464 -0
    outer loop
      vertex 3.92419 59.8715 10
      vertex 0 60 16
      vertex 3.92419 59.8715 16
    endloop
  endfacet
  facet normal 0.0327281 0.999464 0
    outer loop
      vertex 0 60 16
      vertex 3.92419 59.8715 10
      vertex 0 60 10
    endloop
  endfacet
  facet normal -0.729867 -0.683589 0
    outer loop
      vertex -45.1104 -39.5607 0
      vertex -42.4264 -42.4264 72
      vertex -45.1104 -39.5607 72
    endloop
  endfacet
  facet normal -0.729867 -0.683589 0
    outer loop
      vertex -42.4264 -42.4264 0
      vertex -42.4264 -42.4264 72
      vertex -45.1104 -39.5607 0
    endloop
  endfacet
  facet normal 0.812838 0.582489 0
    outer loop
      vertex 47.7006 36.3869 86
      vertex 49.8882 33.3342 86
      vertex 47.7006 36.3869 72
    endloop
  endfacet
  facet normal 0.81302 0.582235 0
    outer loop
      vertex 47.7006 36.3869 72
      vertex 47.6012 36.5257 0
      vertex 47.6012 36.5257 72
    endloop
  endfacet
  facet normal 0.812838 0.582489 -0
    outer loop
      vertex 49.8882 33.3342 0
      vertex 47.7006 36.3869 72
      vertex 49.8882 33.3342 86
    endloop
  endfacet
  facet normal 0.812846 0.582478 7.09244e-07
    outer loop
      vertex 47.7006 36.3869 72
      vertex 49.8882 33.3342 0
      vertex 47.6012 36.5257 0
    endloop
  endfacet
  facet normal -0.910864 0.412707 0
    outer loop
      vertex -55.4328 22.961 0
      vertex -53.8124 26.5373 86
      vertex -53.8124 26.5373 0
    endloop
  endfacet
  facet normal -0.910864 0.412707 0
    outer loop
      vertex -53.8124 26.5373 86
      vertex -55.4328 22.961 0
      vertex -55.4328 22.961 86
    endloop
  endfacet
  facet normal -0.683589 0.729867 0
    outer loop
      vertex -39.5607 45.1104 0
      vertex -42.4264 42.4264 72
      vertex -39.5607 45.1104 72
    endloop
  endfacet
  facet normal -0.683589 0.729867 0
    outer loop
      vertex -42.4264 42.4264 0
      vertex -42.4264 42.4264 72
      vertex -39.5607 45.1104 0
    endloop
  endfacet
  facet normal 0.412707 0.910864 -0
    outer loop
      vertex 26.5373 53.8124 0
      vertex 22.961 55.4328 86
      vertex 26.5373 53.8124 86
    endloop
  endfacet
  facet normal 0.412707 0.910864 0
    outer loop
      vertex 22.961 55.4328 86
      vertex 26.5373 53.8124 0
      vertex 22.961 55.4328 0
    endloop
  endfacet
  facet normal 0.849207 0.528061 0
    outer loop
      vertex 51.9615 30 86
      vertex 49.8882 33.3342 0
      vertex 49.8882 33.3342 86
    endloop
  endfacet
  facet normal 0.849207 0.528061 0
    outer loop
      vertex 49.8882 33.3342 0
      vertex 51.9615 30 86
      vertex 51.9615 30 0
    endloop
  endfacet
  facet normal 0.812838 -0.582489 0
    outer loop
      vertex 47.7006 -36.3869 72
      vertex 49.8882 -33.3342 86
      vertex 47.7006 -36.3869 86
    endloop
  endfacet
  facet normal 0.812838 -0.582489 0
    outer loop
      vertex 49.8882 -33.3342 86
      vertex 47.7006 -36.3869 72
      vertex 49.8882 -33.3342 0
    endloop
  endfacet
  facet normal 0.81302 -0.582235 0
    outer loop
      vertex 47.6012 -36.5257 0
      vertex 47.7006 -36.3869 72
      vertex 47.6012 -36.5257 72
    endloop
  endfacet
  facet normal 0.812846 -0.582478 7.09244e-07
    outer loop
      vertex 47.7006 -36.3869 72
      vertex 47.6012 -36.5257 0
      vertex 49.8882 -33.3342 0
    endloop
  endfacet
  facet normal -0.352244 0.935908 0
    outer loop
      vertex -19.2864 56.8158 16
      vertex -19.2864 56.8158 0
      vertex -22.8 55.4934 16
    endloop
  endfacet
  facet normal -0.352245 0.935908 0
    outer loop
      vertex -19.2864 56.8158 41.5136
      vertex -22.961 55.4328 86
      vertex -19.2864 56.8158 86
    endloop
  endfacet
  facet normal -0.352244 0.935908 9.82264e-08
    outer loop
      vertex -22.8 55.4934 38
      vertex -22.961 55.4328 86
      vertex -19.2864 56.8158 41.5136
    endloop
  endfacet
  facet normal -0.35227 0.935898 0
    outer loop
      vertex -22.8 55.4934 16
      vertex -22.961 55.4328 86
      vertex -22.8 55.4934 38
    endloop
  endfacet
  facet normal -0.35227 0.935898 0
    outer loop
      vertex -22.8 55.4934 16
      vertex -22.961 55.4328 0
      vertex -22.961 55.4328 86
    endloop
  endfacet
  facet normal -0.352245 0.935908 -2.82713e-07
    outer loop
      vertex -22.961 55.4328 0
      vertex -22.8 55.4934 16
      vertex -19.2864 56.8158 0
    endloop
  endfacet
  facet normal 0.352245 -0.935908 0
    outer loop
      vertex 19.2864 -56.8158 0
      vertex 22.961 -55.4328 86
      vertex 19.2864 -56.8158 86
    endloop
  endfacet
  facet normal 0.352245 -0.935908 0
    outer loop
      vertex 22.961 -55.4328 86
      vertex 19.2864 -56.8158 0
      vertex 22.961 -55.4328 0
    endloop
  endfacet
  facet normal 0.683589 0.729867 0
    outer loop
      vertex 42.4264 42.4264 72
      vertex 42.4264 42.4264 0
      vertex 39.5607 45.1104 72
    endloop
  endfacet
  facet normal 0.683589 0.729867 0
    outer loop
      vertex 39.5607 45.1104 72
      vertex 42.4264 42.4264 0
      vertex 39.5607 45.1104 0
    endloop
  endfacet
  facet normal -0.471406 0.881916 0
    outer loop
      vertex -26.5373 53.8124 0
      vertex -30 51.9615 86
      vertex -26.5373 53.8124 86
    endloop
  endfacet
  facet normal -0.471406 0.881916 0
    outer loop
      vertex -30 51.9615 86
      vertex -26.5373 53.8124 0
      vertex -30 51.9615 0
    endloop
  endfacet
  facet normal -0.582235 -0.81302 -0
    outer loop
      vertex -36.5257 -47.6012 72
      vertex -36.5257 -47.6012 0
      vertex -36.3869 -47.7006 72
    endloop
  endfacet
  facet normal -0.582489 -0.812838 0
    outer loop
      vertex -36.3869 -47.7006 72
      vertex -33.3342 -49.8882 86
      vertex -36.3869 -47.7006 86
    endloop
  endfacet
  facet normal -0.582478 -0.812846 7.09244e-07
    outer loop
      vertex -33.3342 -49.8882 0
      vertex -36.3869 -47.7006 72
      vertex -36.5257 -47.6012 0
    endloop
  endfacet
  facet normal -0.582489 -0.812838 0
    outer loop
      vertex -36.3869 -47.7006 72
      vertex -33.3342 -49.8882 0
      vertex -33.3342 -49.8882 86
    endloop
  endfacet
  facet normal 0.935908 0.352245 0
    outer loop
      vertex 56.8158 19.2864 86
      vertex 55.4328 22.961 0
      vertex 55.4328 22.961 86
    endloop
  endfacet
  facet normal 0.935908 0.352245 0
    outer loop
      vertex 55.4328 22.961 0
      vertex 56.8158 19.2864 86
      vertex 56.8158 19.2864 0
    endloop
  endfacet
  facet normal -0.849207 -0.528061 0
    outer loop
      vertex -49.8882 -33.3342 0
      vertex -51.9615 -30 86
      vertex -51.9615 -30 0
    endloop
  endfacet
  facet normal -0.849207 -0.528061 0
    outer loop
      vertex -51.9615 -30 86
      vertex -49.8882 -33.3342 0
      vertex -49.8882 -33.3342 86
    endloop
  endfacet
  facet normal 0.849207 -0.528061 0
    outer loop
      vertex 49.8882 -33.3342 86
      vertex 51.9615 -30 0
      vertex 51.9615 -30 86
    endloop
  endfacet
  facet normal 0.849207 -0.528061 0
    outer loop
      vertex 51.9615 -30 0
      vertex 49.8882 -33.3342 86
      vertex 49.8882 -33.3342 0
    endloop
  endfacet
  facet normal 0.956938 -0.290293 0
    outer loop
      vertex 56.8158 -19.2864 86
      vertex 57.9556 -15.5291 0
      vertex 57.9556 -15.5291 86
    endloop
  endfacet
  facet normal 0.956938 -0.290293 0
    outer loop
      vertex 57.9556 -15.5291 0
      vertex 56.8158 -19.2864 86
      vertex 56.8158 -19.2864 0
    endloop
  endfacet
  facet normal 0.773005 -0.634399 0
    outer loop
      vertex 45.1104 -39.5607 72
      vertex 47.6012 -36.5257 0
      vertex 47.6012 -36.5257 72
    endloop
  endfacet
  facet normal 0.773005 -0.634399 0
    outer loop
      vertex 47.6012 -36.5257 0
      vertex 45.1104 -39.5607 72
      vertex 45.1104 -39.5607 0
    endloop
  endfacet
  facet normal 0.162902 -0.986642 0
    outer loop
      vertex 7.83157 -59.4867 0
      vertex 11.7054 -58.8471 86
      vertex 7.83157 -59.4867 86
    endloop
  endfacet
  facet normal 0.162902 -0.986642 0
    outer loop
      vertex 11.7054 -58.8471 86
      vertex 7.83157 -59.4867 0
      vertex 11.7054 -58.8471 0
    endloop
  endfacet
  facet normal 0.471406 0.881916 -0
    outer loop
      vertex 30 51.9615 0
      vertex 26.5373 53.8124 86
      vertex 30 51.9615 86
    endloop
  endfacet
  facet normal 0.471406 0.881916 0
    outer loop
      vertex 26.5373 53.8124 86
      vertex 30 51.9615 0
      vertex 26.5373 53.8124 0
    endloop
  endfacet
  facet normal -0.227061 0.97388 0
    outer loop
      vertex -11.7054 58.8471 0
      vertex -15.5291 57.9556 16
      vertex -11.7054 58.8471 16
    endloop
  endfacet
  facet normal -0.227061 0.97388 0
    outer loop
      vertex -15.5291 57.9556 16
      vertex -11.7054 58.8471 0
      vertex -15.5291 57.9556 0
    endloop
  endfacet
  facet normal -0.227061 0.97388 0
    outer loop
      vertex -11.7054 58.8471 49.0946
      vertex -15.5291 57.9556 86
      vertex -11.7054 58.8471 86
    endloop
  endfacet
  facet normal -0.227061 0.97388 0
    outer loop
      vertex -15.5291 57.9556 86
      vertex -11.7054 58.8471 49.0946
      vertex -15.5291 57.9556 45.2708
    endloop
  endfacet
  facet normal 0.528061 -0.849207 0
    outer loop
      vertex 30 -51.9615 0
      vertex 33.3342 -49.8882 86
      vertex 30 -51.9615 86
    endloop
  endfacet
  facet normal 0.528061 -0.849207 0
    outer loop
      vertex 33.3342 -49.8882 86
      vertex 30 -51.9615 0
      vertex 33.3342 -49.8882 0
    endloop
  endfacet
  facet normal 0.683589 -0.729867 0
    outer loop
      vertex 39.5607 -45.1104 0
      vertex 42.4264 -42.4264 72
      vertex 39.5607 -45.1104 72
    endloop
  endfacet
  facet normal 0.683589 -0.729867 0
    outer loop
      vertex 42.4264 -42.4264 0
      vertex 42.4264 -42.4264 72
      vertex 39.5607 -45.1104 0
    endloop
  endfacet
  facet normal -0.999464 0.0327281 0
    outer loop
      vertex -60 0 0
      vertex -59.8715 3.92419 86
      vertex -59.8715 3.92419 0
    endloop
  endfacet
  facet normal -0.999464 0.0327281 0
    outer loop
      vertex -59.8715 3.92419 86
      vertex -60 0 0
      vertex -60 0 86
    endloop
  endfacet
  facet normal 0.290293 -0.956938 0
    outer loop
      vertex 15.5291 -57.9556 0
      vertex 19.2864 -56.8158 86
      vertex 15.5291 -57.9556 86
    endloop
  endfacet
  facet normal 0.290293 -0.956938 0
    outer loop
      vertex 19.2864 -56.8158 86
      vertex 15.5291 -57.9556 0
      vertex 19.2864 -56.8158 0
    endloop
  endfacet
  facet normal 0.729867 -0.683589 0
    outer loop
      vertex 42.4264 -42.4264 72
      vertex 45.1104 -39.5607 0
      vertex 45.1104 -39.5607 72
    endloop
  endfacet
  facet normal 0.729867 -0.683589 0
    outer loop
      vertex 42.4264 -42.4264 72
      vertex 42.4264 -42.4264 0
      vertex 45.1104 -39.5607 0
    endloop
  endfacet
  facet normal 0.729867 0.683589 0
    outer loop
      vertex 45.1104 39.5607 72
      vertex 42.4264 42.4264 0
      vertex 42.4264 42.4264 72
    endloop
  endfacet
  facet normal 0.729867 0.683589 0
    outer loop
      vertex 42.4264 42.4264 0
      vertex 45.1104 39.5607 72
      vertex 45.1104 39.5607 0
    endloop
  endfacet
  facet normal -0.0980062 -0.995186 0
    outer loop
      vertex -7.83157 -59.4867 0
      vertex -3.92419 -59.8715 86
      vertex -7.83157 -59.4867 86
    endloop
  endfacet
  facet normal -0.0980062 -0.995186 -0
    outer loop
      vertex -3.92419 -59.8715 86
      vertex -7.83157 -59.4867 0
      vertex -3.92419 -59.8715 0
    endloop
  endfacet
  facet normal -0.97388 -0.227061 0
    outer loop
      vertex -57.9556 -15.5291 0
      vertex -58.8471 -11.7054 86
      vertex -58.8471 -11.7054 0
    endloop
  endfacet
  facet normal -0.97388 -0.227061 0
    outer loop
      vertex -58.8471 -11.7054 86
      vertex -57.9556 -15.5291 0
      vertex -57.9556 -15.5291 86
    endloop
  endfacet
  facet normal -0.812838 -0.582489 0
    outer loop
      vertex -49.8882 -33.3342 0
      vertex -47.7006 -36.3869 72
      vertex -49.8882 -33.3342 86
    endloop
  endfacet
  facet normal -0.812846 -0.582478 7.09244e-07
    outer loop
      vertex -47.6012 -36.5257 0
      vertex -47.7006 -36.3869 72
      vertex -49.8882 -33.3342 0
    endloop
  endfacet
  facet normal -0.81302 -0.582235 0
    outer loop
      vertex -47.7006 -36.3869 72
      vertex -47.6012 -36.5257 0
      vertex -47.6012 -36.5257 72
    endloop
  endfacet
  facet normal -0.812838 -0.582489 0
    outer loop
      vertex -49.8882 -33.3342 86
      vertex -47.7006 -36.3869 72
      vertex -47.7006 -36.3869 86
    endloop
  endfacet
  facet normal -0.162902 0.986642 0
    outer loop
      vertex -7.83157 59.4867 0
      vertex -11.7054 58.8471 16
      vertex -7.83157 59.4867 16
    endloop
  endfacet
  facet normal -0.162902 0.986642 0
    outer loop
      vertex -11.7054 58.8471 16
      vertex -7.83157 59.4867 0
      vertex -11.7054 58.8471 0
    endloop
  endfacet
  facet normal -0.162902 0.986642 0
    outer loop
      vertex -7.83157 59.4867 52.9684
      vertex -11.7054 58.8471 86
      vertex -7.83157 59.4867 86
    endloop
  endfacet
  facet normal -0.162902 0.986642 0
    outer loop
      vertex -11.7054 58.8471 86
      vertex -7.83157 59.4867 52.9684
      vertex -11.7054 58.8471 49.0946
    endloop
  endfacet
  facet normal -0.729867 0.683589 0
    outer loop
      vertex -45.1104 39.5607 0
      vertex -42.4264 42.4264 72
      vertex -42.4264 42.4264 0
    endloop
  endfacet
  facet normal -0.729867 0.683589 0
    outer loop
      vertex -42.4264 42.4264 72
      vertex -45.1104 39.5607 0
      vertex -45.1104 39.5607 72
    endloop
  endfacet
  facet normal 0.773005 0.634399 0
    outer loop
      vertex 47.6012 36.5257 72
      vertex 45.1104 39.5607 0
      vertex 45.1104 39.5607 72
    endloop
  endfacet
  facet normal 0.773005 0.634399 0
    outer loop
      vertex 45.1104 39.5607 0
      vertex 47.6012 36.5257 72
      vertex 47.6012 36.5257 0
    endloop
  endfacet
  facet normal -0.528061 0.849207 0
    outer loop
      vertex -30 51.9615 0
      vertex -33.3342 49.8882 86
      vertex -30 51.9615 86
    endloop
  endfacet
  facet normal -0.528061 0.849207 0
    outer loop
      vertex -33.3342 49.8882 86
      vertex -30 51.9615 0
      vertex -33.3342 49.8882 0
    endloop
  endfacet
  facet normal 0.227061 -0.97388 0
    outer loop
      vertex 11.7054 -58.8471 0
      vertex 15.5291 -57.9556 86
      vertex 11.7054 -58.8471 86
    endloop
  endfacet
  facet normal 0.227061 -0.97388 0
    outer loop
      vertex 15.5291 -57.9556 86
      vertex 11.7054 -58.8471 0
      vertex 15.5291 -57.9556 0
    endloop
  endfacet
  facet normal 0.910864 0.412707 0
    outer loop
      vertex 55.4328 22.961 86
      vertex 53.8124 26.5373 0
      vertex 53.8124 26.5373 86
    endloop
  endfacet
  facet normal 0.910864 0.412707 0
    outer loop
      vertex 53.8124 26.5373 0
      vertex 55.4328 22.961 86
      vertex 55.4328 22.961 0
    endloop
  endfacet
  facet normal 0.986642 -0.162902 0
    outer loop
      vertex 58.8471 -11.7054 86
      vertex 59.4867 -7.83157 0
      vertex 59.4867 -7.83157 86
    endloop
  endfacet
  facet normal 0.986642 -0.162902 0
    outer loop
      vertex 59.4867 -7.83157 0
      vertex 58.8471 -11.7054 86
      vertex 58.8471 -11.7054 0
    endloop
  endfacet
  facet normal 0.227061 0.97388 0
    outer loop
      vertex 15.5291 57.9556 86
      vertex 11.7054 58.8471 49.0946
      vertex 11.7054 58.8471 86
    endloop
  endfacet
  facet normal 0.227061 0.97388 0
    outer loop
      vertex 11.7054 58.8471 49.0946
      vertex 15.5291 57.9556 86
      vertex 15.5291 57.9556 45.2708
    endloop
  endfacet
  facet normal 0.227061 0.97388 -0
    outer loop
      vertex 15.5291 57.9556 0
      vertex 11.7054 58.8471 16
      vertex 15.5291 57.9556 16
    endloop
  endfacet
  facet normal 0.227061 0.97388 0
    outer loop
      vertex 11.7054 58.8471 16
      vertex 15.5291 57.9556 0
      vertex 11.7054 58.8471 0
    endloop
  endfacet
  facet normal 0.97388 -0.227061 0
    outer loop
      vertex 57.9556 -15.5291 86
      vertex 58.8471 -11.7054 0
      vertex 58.8471 -11.7054 86
    endloop
  endfacet
  facet normal 0.97388 -0.227061 0
    outer loop
      vertex 58.8471 -11.7054 0
      vertex 57.9556 -15.5291 86
      vertex 57.9556 -15.5291 0
    endloop
  endfacet
  facet normal 0.634399 0.773005 -0
    outer loop
      vertex 39.5607 45.1104 0
      vertex 36.5257 47.6012 72
      vertex 39.5607 45.1104 72
    endloop
  endfacet
  facet normal 0.634399 0.773005 0
    outer loop
      vertex 36.5257 47.6012 72
      vertex 39.5607 45.1104 0
      vertex 36.5257 47.6012 0
    endloop
  endfacet
  facet normal 0.881916 0.471406 0
    outer loop
      vertex 53.8124 26.5373 86
      vertex 51.9615 30 0
      vertex 51.9615 30 86
    endloop
  endfacet
  facet normal 0.881916 0.471406 0
    outer loop
      vertex 51.9615 30 0
      vertex 53.8124 26.5373 86
      vertex 53.8124 26.5373 0
    endloop
  endfacet
  facet normal 0.995186 -0.0980062 0
    outer loop
      vertex 59.4867 -7.83157 86
      vertex 59.8715 -3.92419 0
      vertex 59.8715 -3.92419 86
    endloop
  endfacet
  facet normal 0.995186 -0.0980062 0
    outer loop
      vertex 59.8715 -3.92419 0
      vertex 59.4867 -7.83157 86
      vertex 59.4867 -7.83157 0
    endloop
  endfacet
  facet normal 0.97388 0.227061 0
    outer loop
      vertex 58.8471 11.7054 86
      vertex 57.9556 15.5291 0
      vertex 57.9556 15.5291 86
    endloop
  endfacet
  facet normal 0.97388 0.227061 0
    outer loop
      vertex 57.9556 15.5291 0
      vertex 58.8471 11.7054 86
      vertex 58.8471 11.7054 0
    endloop
  endfacet
  facet normal -0.0979937 0.995187 0
    outer loop
      vertex -3.92419 59.8715 4
      vertex -3.92419 59.8715 0
      vertex -6 59.6671 4
    endloop
  endfacet
  facet normal -0.0979937 0.995187 0
    outer loop
      vertex -6 59.6671 10
      vertex -3.92419 59.8715 16
      vertex -3.92419 59.8715 10
    endloop
  endfacet
  facet normal -0.0980062 0.995186 4.38141e-06
    outer loop
      vertex -3.92419 59.8715 16
      vertex -6 59.6671 10
      vertex -7.83157 59.4867 16
    endloop
  endfacet
  facet normal -0.0980204 0.995184 0
    outer loop
      vertex -7.83157 59.4867 0
      vertex -6 59.6671 10
      vertex -6 59.6671 4
    endloop
  endfacet
  facet normal -0.0980204 0.995184 0
    outer loop
      vertex -6 59.6671 10
      vertex -7.83157 59.4867 0
      vertex -7.83157 59.4867 16
    endloop
  endfacet
  facet normal -0.0980062 0.995186 -6.57212e-06
    outer loop
      vertex -7.83157 59.4867 0
      vertex -6 59.6671 4
      vertex -3.92419 59.8715 0
    endloop
  endfacet
  facet normal -0.0980062 0.995186 0
    outer loop
      vertex -3.92419 59.8715 56.8758
      vertex -7.83157 59.4867 86
      vertex -3.92419 59.8715 86
    endloop
  endfacet
  facet normal -0.0980062 0.995186 0
    outer loop
      vertex -7.83157 59.4867 86
      vertex -3.92419 59.8715 56.8758
      vertex -7.83157 59.4867 52.9684
    endloop
  endfacet
  facet normal -0.227061 -0.97388 0
    outer loop
      vertex -15.5291 -57.9556 0
      vertex -11.7054 -58.8471 86
      vertex -15.5291 -57.9556 86
    endloop
  endfacet
  facet normal -0.227061 -0.97388 -0
    outer loop
      vertex -11.7054 -58.8471 86
      vertex -15.5291 -57.9556 0
      vertex -11.7054 -58.8471 0
    endloop
  endfacet
  facet normal 0.986642 0.162902 0
    outer loop
      vertex 59.4867 7.83157 86
      vertex 58.8471 11.7054 0
      vertex 58.8471 11.7054 86
    endloop
  endfacet
  facet normal 0.986642 0.162902 0
    outer loop
      vertex 58.8471 11.7054 0
      vertex 59.4867 7.83157 86
      vertex 59.4867 7.83157 0
    endloop
  endfacet
  facet normal -0 0 1
    outer loop
      vertex 45.4583 44.0278 86
      vertex 51.6188 40.3051 86
      vertex 45.4664 44.1108 86
    endloop
  endfacet
  facet normal -0 0 1
    outer loop
      vertex 45.4664 44.1108 86
      vertex 51.6188 40.3051 86
      vertex 45.4692 44.1942 86
    endloop
  endfacet
  facet normal 0 0 1
    outer loop
      vertex 51.6188 40.3051 86
      vertex 45.4664 44.2776 86
      vertex 45.4692 44.1942 86
    endloop
  endfacet
  facet normal 0 0 1
    outer loop
      vertex 51.6188 40.3051 86
      vertex 45.4583 44.3606 86
      vertex 45.4664 44.2776 86
    endloop
  endfacet
  facet normal 0 0 1
    outer loop
      vertex 51.6188 40.3051 86
      vertex 45.4447 44.4429 86
      vertex 45.4583 44.3606 86
    endloop
  endfacet
  facet normal 0 0 1
    outer loop
      vertex 51.6188 40.3051 86
      vertex 45.4257 44.5242 86
      vertex 45.4447 44.4429 86
    endloop
  endfacet
  facet normal 0 0 1
    outer loop
      vertex 51.6188 40.3051 86
      vertex 45.4015 44.604 86
      vertex 45.4257 44.5242 86
    endloop
  endfacet
  facet normal 0 0 1
    outer loop
      vertex 51.6188 40.3051 86
      vertex 45.3721 44.6821 86
      vertex 45.4015 44.604 86
    endloop
  endfacet
  facet normal 0 0 1
    outer loop
      vertex 51.6188 40.3051 86
      vertex 45.3377 44.7581 86
      vertex 45.3721 44.6821 86
    endloop
  endfacet
  facet normal 0 0 1
    outer loop
      vertex 51.6188 40.3051 86
      vertex 45.2984 44.8317 86
      vertex 45.3377 44.7581 86
    endloop
  endfacet
  facet normal 0 0 1
    outer loop
      vertex 51.6188 40.3051 86
      vertex 45.2543 44.9025 86
      vertex 45.2984 44.8317 86
    endloop
  endfacet
  facet normal 0 0 1
    outer loop
      vertex 51.6188 40.3051 86
      vertex 45.2057 44.9703 86
      vertex 45.2543 44.9025 86
    endloop
  endfacet
  facet normal 0 0 1
    outer loop
      vertex 51.6188 40.3051 86
      vertex 45.1528 45.0348 86
      vertex 45.2057 44.9703 86
    endloop
  endfacet
  facet normal 0 0 1
    outer loop
      vertex 51.6188 40.3051 86
      vertex 45.0957 45.0957 86
      vertex 45.1528 45.0348 86
    endloop
  endfacet
  facet normal 0 0 1
    outer loop
      vertex 40.3051 51.6188 86
      vertex 45.0957 45.0957 86
      vertex 51.6188 40.3051 86
    endloop
  endfacet
  facet normal 0 0 1
    outer loop
      vertex 45.0957 45.0957 86
      vertex 40.3051 51.6188 86
      vertex 45.0348 45.1528 86
    endloop
  endfacet
  facet normal 0 0 1
    outer loop
      vertex 45.0348 45.1528 86
      vertex 40.3051 51.6188 86
      vertex 44.9703 45.2057 86
    endloop
  endfacet
  facet normal 0 0 1
    outer loop
      vertex 40.3051 51.6188 86
      vertex 44.9025 45.2543 86
      vertex 44.9703 45.2057 86
    endloop
  endfacet
  facet normal 0 0 1
    outer loop
      vertex 40.3051 51.6188 86
      vertex 44.8317 45.2984 86
      vertex 44.9025 45.2543 86
    endloop
  endfacet
  facet normal 0 0 1
    outer loop
      vertex 40.3051 51.6188 86
      vertex 44.7581 45.3377 86
      vertex 44.8317 45.2984 86
    endloop
  endfacet
  facet normal 0 0 1
    outer loop
      vertex 40.3051 51.6188 86
      vertex 44.6821 45.3721 86
      vertex 44.7581 45.3377 86
    endloop
  endfacet
  facet normal 0 0 1
    outer loop
      vertex 40.3051 51.6188 86
      vertex 44.604 45.4015 86
      vertex 44.6821 45.3721 86
    endloop
  endfacet
  facet normal 0 0 1
    outer loop
      vertex 40.3051 51.6188 86
      vertex 44.5242 45.4257 86
      vertex 44.604 45.4015 86
    endloop
  endfacet
  facet normal 0 0 1
    outer loop
      vertex 40.3051 51.6188 86
      vertex 44.4429 45.4447 86
      vertex 44.5242 45.4257 86
    endloop
  endfacet
  facet normal 0 0 1
    outer loop
      vertex 40.3051 51.6188 86
      vertex 44.3606 45.4583 86
      vertex 44.4429 45.4447 86
    endloop
  endfacet
  facet normal 0 0 1
    outer loop
      vertex 40.3051 51.6188 86
      vertex 44.2776 45.4664 86
      vertex 44.3606 45.4583 86
    endloop
  endfacet
  facet normal 0 0 1
    outer loop
      vertex 40.3051 51.6188 86
      vertex 44.1942 45.4692 86
      vertex 44.2776 45.4664 86
    endloop
  endfacet
  facet normal 0 0 1
    outer loop
      vertex 40.3051 51.6188 86
      vertex 44.1108 45.4664 86
      vertex 44.1942 45.4692 86
    endloop
  endfacet
  facet normal 0 0 1
    outer loop
      vertex 40.3051 51.6188 86
      vertex 44.0278 45.4583 86
      vertex 44.1108 45.4664 86
    endloop
  endfacet
  facet normal 0 0 1
    outer loop
      vertex 40.3051 51.6188 86
      vertex 43.9454 45.4447 86
      vertex 44.0278 45.4583 86
    endloop
  endfacet
  facet normal 0 0 1
    outer loop
      vertex 40.3051 51.6188 86
      vertex 43.8642 45.4257 86
      vertex 43.9454 45.4447 86
    endloop
  endfacet
  facet normal 0 0 1
    outer loop
      vertex 40.3051 51.6188 86
      vertex 43.7843 45.4015 86
      vertex 43.8642 45.4257 86
    endloop
  endfacet
  facet normal 0 0 1
    outer loop
      vertex 40.3051 51.6188 86
      vertex 43.7063 45.3721 86
      vertex 43.7843 45.4015 86
    endloop
  endfacet
  facet normal 0 0 1
    outer loop
      vertex 40.3051 51.6188 86
      vertex 43.6303 45.3377 86
      vertex 43.7063 45.3721 86
    endloop
  endfacet
  facet normal 0 0 1
    outer loop
      vertex 40.3051 51.6188 86
      vertex 43.5567 45.2984 86
      vertex 43.6303 45.3377 86
    endloop
  endfacet
  facet normal 0 0 1
    outer loop
      vertex 40.3051 51.6188 86
      vertex 43.4858 45.2543 86
      vertex 43.5567 45.2984 86
    endloop
  endfacet
  facet normal 0 0 1
    outer loop
      vertex 40.3051 51.6188 86
      vertex 43.418 45.2057 86
      vertex 43.4858 45.2543 86
    endloop
  endfacet
  facet normal 0 0 1
    outer loop
      vertex 40.3051 51.6188 86
      vertex 43.3535 45.1528 86
      vertex 43.418 45.2057 86
    endloop
  endfacet
  facet normal 0 0 1
    outer loop
      vertex 40.3051 51.6188 86
      vertex 43.2926 45.0957 86
      vertex 43.3535 45.1528 86
    endloop
  endfacet
  facet normal 0 0 1
    outer loop
      vertex 40.3051 51.6188 86
      vertex 43.2356 45.0348 86
      vertex 43.2926 45.0957 86
    endloop
  endfacet
  facet normal -0 0 1
    outer loop
      vertex 36.3869 47.7006 86
      vertex 43.2356 45.0348 86
      vertex 40.3051 51.6188 86
    endloop
  endfacet
  facet normal 0 0 1
    outer loop
      vertex 43.2356 45.0348 86
      vertex 36.3869 47.7006 86
      vertex 43.1826 44.9703 86
    endloop
  endfacet
  facet normal 0 0 1
    outer loop
      vertex 43.1826 44.9703 86
      vertex 36.3869 47.7006 86
      vertex 43.134 44.9025 86
    endloop
  endfacet
  facet normal 0 0 1
    outer loop
      vertex 43.134 44.9025 86
      vertex 36.3869 47.7006 86
      vertex 43.09 44.8317 86
    endloop
  endfacet
  facet normal 0 0 1
    outer loop
      vertex 43.09 44.8317 86
      vertex 36.3869 47.7006 86
      vertex 43.0507 44.7581 86
    endloop
  endfacet
  facet normal 0 0 1
    outer loop
      vertex 43.0507 44.7581 86
      vertex 36.3869 47.7006 86
      vertex 43.0162 44.6821 86
    endloop
  endfacet
  facet normal 0 0 1
    outer loop
      vertex 43.0162 44.6821 86
      vertex 36.3869 47.7006 86
      vertex 42.9868 44.604 86
    endloop
  endfacet
  facet normal 0 -0 1
    outer loop
      vertex 37.5827 42.8549 86
      vertex 42.9868 44.604 86
      vertex 36.3869 47.7006 86
    endloop
  endfacet
  facet normal 0 0 1
    outer loop
      vertex 42.9868 44.604 86
      vertex 37.5827 42.8549 86
      vertex 42.9626 44.5242 86
    endloop
  endfacet
  facet normal 0 0 1
    outer loop
      vertex 42.9626 44.5242 86
      vertex 37.5827 42.8549 86
      vertex 42.9437 44.4429 86
    endloop
  endfacet
  facet normal 0 0 1
    outer loop
      vertex 42.9437 44.4429 86
      vertex 37.5827 42.8549 86
      vertex 42.9301 44.3606 86
    endloop
  endfacet
  facet normal 0 0 1
    outer loop
      vertex 42.9192 44.1942 86
      vertex 37.5827 42.8549 86
      vertex 42.9219 44.1108 86
    endloop
  endfacet
  facet normal 0 0 1
    outer loop
      vertex 42.9301 44.0278 86
      vertex 40.3051 40.3051 86
      vertex 42.8549 37.5827 86
    endloop
  endfacet
  facet normal 0 0 1
    outer loop
      vertex 42.9301 44.0278 86
      vertex 37.5827 42.8549 86
      vertex 40.3051 40.3051 86
    endloop
  endfacet
  facet normal 0 0 1
    outer loop
      vertex 42.9219 44.1108 86
      vertex 37.5827 42.8549 86
      vertex 42.9301 44.0278 86
    endloop
  endfacet
  facet normal 0 0 1
    outer loop
      vertex 36.3869 47.7006 86
      vertex 34.6994 45.2211 86
      vertex 37.5827 42.8549 86
    endloop
  endfacet
  facet normal 0 0 1
    outer loop
      vertex 31.6675 47.3938 86
      vertex 36.3869 47.7006 86
      vertex 33.3342 49.8882 86
    endloop
  endfacet
  facet normal 0 0 1
    outer loop
      vertex 36.3869 47.7006 86
      vertex 31.6675 47.3938 86
      vertex 34.6994 45.2211 86
    endloop
  endfacet
  facet normal 0 0 1
    outer loop
      vertex 30 51.9615 86
      vertex 31.6675 47.3938 86
      vertex 33.3342 49.8882 86
    endloop
  endfacet
  facet normal 0 0 1
    outer loop
      vertex 30 51.9615 86
      vertex 28.5 49.3634 86
      vertex 31.6675 47.3938 86
    endloop
  endfacet
  facet normal 0 0 1
    outer loop
      vertex 26.5373 53.8124 86
      vertex 28.5 49.3634 86
      vertex 30 51.9615 86
    endloop
  endfacet
  facet normal 0 0 1
    outer loop
      vertex 26.5373 53.8124 86
      vertex 25.2105 51.1217 86
      vertex 28.5 49.3634 86
    endloop
  endfacet
  facet normal 0 0 1
    outer loop
      vertex 22.961 55.4328 86
      vertex 25.2105 51.1217 86
      vertex 26.5373 53.8124 86
    endloop
  endfacet
  facet normal 0 0 1
    outer loop
      vertex 22.961 55.4328 86
      vertex 21.813 52.6611 86
      vertex 25.2105 51.1217 86
    endloop
  endfacet
  facet normal 0 0 1
    outer loop
      vertex 19.2864 56.8158 86
      vertex 21.813 52.6611 86
      vertex 22.961 55.4328 86
    endloop
  endfacet
  facet normal 0 0 1
    outer loop
      vertex 19.2864 56.8158 86
      vertex 18.322 53.975 86
      vertex 21.813 52.6611 86
    endloop
  endfacet
  facet normal 0 0 1
    outer loop
      vertex 15.5291 57.9556 86
      vertex 18.322 53.975 86
      vertex 19.2864 56.8158 86
    endloop
  endfacet
  facet normal 0 0 1
    outer loop
      vertex 15.5291 57.9556 86
      vertex 14.7527 55.0578 86
      vertex 18.322 53.975 86
    endloop
  endfacet
  facet normal 0 0 1
    outer loop
      vertex 11.7054 58.8471 86
      vertex 14.7527 55.0578 86
      vertex 15.5291 57.9556 86
    endloop
  endfacet
  facet normal 0 0 1
    outer loop
      vertex 11.7054 58.8471 86
      vertex 11.1201 55.9048 86
      vertex 14.7527 55.0578 86
    endloop
  endfacet
  facet normal 0 0 1
    outer loop
      vertex 7.83157 59.4867 86
      vertex 11.1201 55.9048 86
      vertex 11.7054 58.8471 86
    endloop
  endfacet
  facet normal 0 0 1
    outer loop
      vertex 7.83157 59.4867 86
      vertex 7.43999 56.5124 86
      vertex 11.1201 55.9048 86
    endloop
  endfacet
  facet normal 0 0 1
    outer loop
      vertex 3.92419 59.8715 86
      vertex 7.43999 56.5124 86
      vertex 7.83157 59.4867 86
    endloop
  endfacet
  facet normal 0 0 1
    outer loop
      vertex 3.92419 59.8715 86
      vertex 3.72798 56.878 86
      vertex 7.43999 56.5124 86
    endloop
  endfacet
  facet normal 0 0 1
    outer loop
      vertex 0 60 86
      vertex 3.72798 56.878 86
      vertex 3.92419 59.8715 86
    endloop
  endfacet
  facet normal 0 0 1
    outer loop
      vertex 0 60 86
      vertex 0 57 86
      vertex 3.72798 56.878 86
    endloop
  endfacet
  facet normal 0 0 1
    outer loop
      vertex 0 60 86
      vertex -3.72798 56.878 86
      vertex 0 57 86
    endloop
  endfacet
  facet normal -0 0 1
    outer loop
      vertex -3.92419 59.8715 86
      vertex -3.72798 56.878 86
      vertex 0 60 86
    endloop
  endfacet
  facet normal 0 0 1
    outer loop
      vertex -3.92419 59.8715 86
      vertex -7.43999 56.5124 86
      vertex -3.72798 56.878 86
    endloop
  endfacet
  facet normal -0 0 1
    outer loop
      vertex -7.83157 59.4867 86
      vertex -7.43999 56.5124 86
      vertex -3.92419 59.8715 86
    endloop
  endfacet
  facet normal 0 0 1
    outer loop
      vertex -7.83157 59.4867 86
      vertex -11.1201 55.9048 86
      vertex -7.43999 56.5124 86
    endloop
  endfacet
  facet normal -0 0 1
    outer loop
      vertex -11.7054 58.8471 86
      vertex -11.1201 55.9048 86
      vertex -7.83157 59.4867 86
    endloop
  endfacet
  facet normal 0 0 1
    outer loop
      vertex -11.7054 58.8471 86
      vertex -14.7527 55.0578 86
      vertex -11.1201 55.9048 86
    endloop
  endfacet
  facet normal -0 0 1
    outer loop
      vertex -15.5291 57.9556 86
      vertex -14.7527 55.0578 86
      vertex -11.7054 58.8471 86
    endloop
  endfacet
  facet normal 0 0 1
    outer loop
      vertex -15.5291 57.9556 86
      vertex -18.322 53.975 86
      vertex -14.7527 55.0578 86
    endloop
  endfacet
  facet normal -0 0 1
    outer loop
      vertex -19.2864 56.8158 86
      vertex -18.322 53.975 86
      vertex -15.5291 57.9556 86
    endloop
  endfacet
  facet normal 0 0 1
    outer loop
      vertex -19.2864 56.8158 86
      vertex -21.813 52.6611 86
      vertex -18.322 53.975 86
    endloop
  endfacet
  facet normal -0 0 1
    outer loop
      vertex -22.961 55.4328 86
      vertex -21.813 52.6611 86
      vertex -19.2864 56.8158 86
    endloop
  endfacet
  facet normal 0 0 1
    outer loop
      vertex -22.961 55.4328 86
      vertex -25.2105 51.1217 86
      vertex -21.813 52.6611 86
    endloop
  endfacet
  facet normal -0 0 1
    outer loop
      vertex -26.5373 53.8124 86
      vertex -25.2105 51.1217 86
      vertex -22.961 55.4328 86
    endloop
  endfacet
  facet normal 0 0 1
    outer loop
      vertex -26.5373 53.8124 86
      vertex -28.5 49.3634 86
      vertex -25.2105 51.1217 86
    endloop
  endfacet
  facet normal -0 0 1
    outer loop
      vertex -30 51.9615 86
      vertex -28.5 49.3634 86
      vertex -26.5373 53.8124 86
    endloop
  endfacet
  facet normal 0 0 1
    outer loop
      vertex -30 51.9615 86
      vertex -31.6675 47.3938 86
      vertex -28.5 49.3634 86
    endloop
  endfacet
  facet normal -0 0 1
    outer loop
      vertex -33.3342 49.8882 86
      vertex -31.6675 47.3938 86
      vertex -30 51.9615 86
    endloop
  endfacet
  facet normal -0 0 1
    outer loop
      vertex -36.3869 47.7006 86
      vertex -31.6675 47.3938 86
      vertex -33.3342 49.8882 86
    endloop
  endfacet
  facet normal 0 0 1
    outer loop
      vertex -31.6675 47.3938 86
      vertex -36.3869 47.7006 86
      vertex -34.6994 45.2211 86
    endloop
  endfacet
  facet normal 0 0 1
    outer loop
      vertex -36.3869 47.7006 86
      vertex -37.5827 42.8549 86
      vertex -34.6994 45.2211 86
    endloop
  endfacet
  facet normal 0 0 1
    outer loop
      vertex -43.2356 45.0348 86
      vertex -36.3869 47.7006 86
      vertex -40.3051 51.6188 86
    endloop
  endfacet
  facet normal 0 -0 1
    outer loop
      vertex -43.0507 44.7581 86
      vertex -36.3869 47.7006 86
      vertex -43.09 44.8317 86
    endloop
  endfacet
  facet normal -0 -0 1
    outer loop
      vertex -42.9301 44.3606 86
      vertex -37.5827 42.8549 86
      vertex -42.9437 44.4429 86
    endloop
  endfacet
  facet normal -0 0 1
    outer loop
      vertex -42.9301 44.0278 86
      vertex -37.5827 42.8549 86
      vertex -42.9219 44.1108 86
    endloop
  endfacet
  facet normal -0 0 1
    outer loop
      vertex -42.9219 44.1108 86
      vertex -37.5827 42.8549 86
      vertex -42.9192 44.1942 86
    endloop
  endfacet
  facet normal -0 -0 1
    outer loop
      vertex -42.9192 44.1942 86
      vertex -37.5827 42.8549 86
      vertex -42.9219 44.2776 86
    endloop
  endfacet
  facet normal -0 -0 1
    outer loop
      vertex -42.9219 44.2776 86
      vertex -37.5827 42.8549 86
      vertex -42.9301 44.3606 86
    endloop
  endfacet
  facet normal 0 0 1
    outer loop
      vertex -37.5827 42.8549 86
      vertex -42.9626 44.5242 86
      vertex -42.9437 44.4429 86
    endloop
  endfacet
  facet normal 0 0 1
    outer loop
      vertex -37.5827 42.8549 86
      vertex -42.9868 44.604 86
      vertex -42.9626 44.5242 86
    endloop
  endfacet
  facet normal 0 0 1
    outer loop
      vertex -37.5827 42.8549 86
      vertex -43.0162 44.6821 86
      vertex -42.9868 44.604 86
    endloop
  endfacet
  facet normal 0 0 1
    outer loop
      vertex -36.3869 47.7006 86
      vertex -43.0162 44.6821 86
      vertex -37.5827 42.8549 86
    endloop
  endfacet
  facet normal 0 -0 1
    outer loop
      vertex -43.0162 44.6821 86
      vertex -36.3869 47.7006 86
      vertex -43.0507 44.7581 86
    endloop
  endfacet
  facet normal 0 0 1
    outer loop
      vertex -36.3869 47.7006 86
      vertex -43.134 44.9025 86
      vertex -43.09 44.8317 86
    endloop
  endfacet
  facet normal 0 0 1
    outer loop
      vertex -36.3869 47.7006 86
      vertex -43.1826 44.9703 86
      vertex -43.134 44.9025 86
    endloop
  endfacet
  facet normal 0 0 1
    outer loop
      vertex -36.3869 47.7006 86
      vertex -43.2356 45.0348 86
      vertex -43.1826 44.9703 86
    endloop
  endfacet
  facet normal 0 0 1
    outer loop
      vertex -40.3051 51.6188 86
      vertex -43.2926 45.0957 86
      vertex -43.2356 45.0348 86
    endloop
  endfacet
  facet normal 0 0 1
    outer loop
      vertex -40.3051 51.6188 86
      vertex -43.3535 45.1528 86
      vertex -43.2926 45.0957 86
    endloop
  endfacet
  facet normal 0 0 1
    outer loop
      vertex -40.3051 51.6188 86
      vertex -43.418 45.2057 86
      vertex -43.3535 45.1528 86
    endloop
  endfacet
  facet normal 0 0 1
    outer loop
      vertex -40.3051 51.6188 86
      vertex -43.4858 45.2543 86
      vertex -43.418 45.2057 86
    endloop
  endfacet
  facet normal 0 0 1
    outer loop
      vertex -40.3051 51.6188 86
      vertex -43.5567 45.2984 86
      vertex -43.4858 45.2543 86
    endloop
  endfacet
  facet normal 0 0 1
    outer loop
      vertex -40.3051 51.6188 86
      vertex -43.6303 45.3377 86
      vertex -43.5567 45.2984 86
    endloop
  endfacet
  facet normal 0 0 1
    outer loop
      vertex -40.3051 51.6188 86
      vertex -43.7063 45.3721 86
      vertex -43.6303 45.3377 86
    endloop
  endfacet
  facet normal 0 0 1
    outer loop
      vertex -40.3051 51.6188 86
      vertex -43.7843 45.4015 86
      vertex -43.7063 45.3721 86
    endloop
  endfacet
  facet normal 0 0 1
    outer loop
      vertex -40.3051 51.6188 86
      vertex -43.8642 45.4257 86
      vertex -43.7843 45.4015 86
    endloop
  endfacet
  facet normal 0 0 1
    outer loop
      vertex -40.3051 51.6188 86
      vertex -43.9454 45.4447 86
      vertex -43.8642 45.4257 86
    endloop
  endfacet
  facet normal 0 0 1
    outer loop
      vertex -40.3051 51.6188 86
      vertex -44.0278 45.4583 86
      vertex -43.9454 45.4447 86
    endloop
  endfacet
  facet normal 0 0 1
    outer loop
      vertex -40.3051 51.6188 86
      vertex -44.1108 45.4664 86
      vertex -44.0278 45.4583 86
    endloop
  endfacet
  facet normal 0 0 1
    outer loop
      vertex -40.3051 51.6188 86
      vertex -44.1942 45.4692 86
      vertex -44.1108 45.4664 86
    endloop
  endfacet
  facet normal 0 0 1
    outer loop
      vertex -40.3051 51.6188 86
      vertex -44.2776 45.4664 86
      vertex -44.1942 45.4692 86
    endloop
  endfacet
  facet normal 0 0 1
    outer loop
      vertex -40.3051 51.6188 86
      vertex -44.3606 45.4583 86
      vertex -44.2776 45.4664 86
    endloop
  endfacet
  facet normal 0 0 1
    outer loop
      vertex -40.3051 51.6188 86
      vertex -44.4429 45.4447 86
      vertex -44.3606 45.4583 86
    endloop
  endfacet
  facet normal 0 0 1
    outer loop
      vertex -40.3051 51.6188 86
      vertex -44.5242 45.4257 86
      vertex -44.4429 45.4447 86
    endloop
  endfacet
  facet normal 0 0 1
    outer loop
      vertex -40.3051 51.6188 86
      vertex -44.604 45.4015 86
      vertex -44.5242 45.4257 86
    endloop
  endfacet
  facet normal 0 0 1
    outer loop
      vertex -40.3051 51.6188 86
      vertex -44.6821 45.3721 86
      vertex -44.604 45.4015 86
    endloop
  endfacet
  facet normal 0 0 1
    outer loop
      vertex -40.3051 51.6188 86
      vertex -44.7581 45.3377 86
      vertex -44.6821 45.3721 86
    endloop
  endfacet
  facet normal 0 0 1
    outer loop
      vertex -40.3051 51.6188 86
      vertex -44.8317 45.2984 86
      vertex -44.7581 45.3377 86
    endloop
  endfacet
  facet normal 0 0 1
    outer loop
      vertex -40.3051 51.6188 86
      vertex -44.9025 45.2543 86
      vertex -44.8317 45.2984 86
    endloop
  endfacet
  facet normal 0 0 1
    outer loop
      vertex -40.3051 51.6188 86
      vertex -44.9703 45.2057 86
      vertex -44.9025 45.2543 86
    endloop
  endfacet
  facet normal 0 0 1
    outer loop
      vertex -40.3051 51.6188 86
      vertex -45.0348 45.1528 86
      vertex -44.9703 45.2057 86
    endloop
  endfacet
  facet normal 0 0 1
    outer loop
      vertex -40.3051 51.6188 86
      vertex -45.0957 45.0957 86
      vertex -45.0348 45.1528 86
    endloop
  endfacet
  facet normal 0 0 1
    outer loop
      vertex -51.6188 40.3051 86
      vertex -45.0957 45.0957 86
      vertex -40.3051 51.6188 86
    endloop
  endfacet
  facet normal 0 0 1
    outer loop
      vertex -45.0957 45.0957 86
      vertex -51.6188 40.3051 86
      vertex -45.1528 45.0348 86
    endloop
  endfacet
  facet normal 0 0 1
    outer loop
      vertex -51.6188 40.3051 86
      vertex -45.4692 44.1942 86
      vertex -45.4664 44.2776 86
    endloop
  endfacet
  facet normal 0 0 1
    outer loop
      vertex -51.6188 40.3051 86
      vertex -45.4664 44.2776 86
      vertex -45.4583 44.3606 86
    endloop
  endfacet
  facet normal 0 0 1
    outer loop
      vertex -45.4692 44.1942 86
      vertex -47.7006 36.3869 86
      vertex -47.3938 31.6675 86
    endloop
  endfacet
  facet normal 0 0 1
    outer loop
      vertex -51.6188 40.3051 86
      vertex -45.4583 44.3606 86
      vertex -45.4447 44.4429 86
    endloop
  endfacet
  facet normal 0 0 1
    outer loop
      vertex -51.6188 40.3051 86
      vertex -45.4447 44.4429 86
      vertex -45.4257 44.5242 86
    endloop
  endfacet
  facet normal 0 0 1
    outer loop
      vertex -45.4692 44.1942 86
      vertex -51.6188 40.3051 86
      vertex -47.7006 36.3869 86
    endloop
  endfacet
  facet normal 0 0 1
    outer loop
      vertex -45.4015 44.604 86
      vertex -51.6188 40.3051 86
      vertex -45.4257 44.5242 86
    endloop
  endfacet
  facet normal 0 0 1
    outer loop
      vertex -45.3721 44.6821 86
      vertex -51.6188 40.3051 86
      vertex -45.4015 44.604 86
    endloop
  endfacet
  facet normal 0 0 1
    outer loop
      vertex -45.3377 44.7581 86
      vertex -51.6188 40.3051 86
      vertex -45.3721 44.6821 86
    endloop
  endfacet
  facet normal 0 0 1
    outer loop
      vertex -45.2984 44.8317 86
      vertex -51.6188 40.3051 86
      vertex -45.3377 44.7581 86
    endloop
  endfacet
  facet normal 0 0 1
    outer loop
      vertex -45.2543 44.9025 86
      vertex -51.6188 40.3051 86
      vertex -45.2984 44.8317 86
    endloop
  endfacet
  facet normal 0 0 1
    outer loop
      vertex -45.2057 44.9703 86
      vertex -51.6188 40.3051 86
      vertex -45.2543 44.9025 86
    endloop
  endfacet
  facet normal 0 0 1
    outer loop
      vertex -45.1528 45.0348 86
      vertex -51.6188 40.3051 86
      vertex -45.2057 44.9703 86
    endloop
  endfacet
  facet normal 0 0 1
    outer loop
      vertex 57 0 86
      vertex 60 0 86
      vertex 59.8715 3.92419 86
    endloop
  endfacet
  facet normal 0 0 1
    outer loop
      vertex 56.878 3.72798 86
      vertex 59.8715 3.92419 86
      vertex 59.4867 7.83157 86
    endloop
  endfacet
  facet normal 0 0 1
    outer loop
      vertex 60 0 86
      vertex 57 0 86
      vertex 59.8715 -3.92419 86
    endloop
  endfacet
  facet normal 0 0 1
    outer loop
      vertex 56.5124 7.43999 86
      vertex 59.4867 7.83157 86
      vertex 58.8471 11.7054 86
    endloop
  endfacet
  facet normal -0 0 1
    outer loop
      vertex 56.878 -3.72798 86
      vertex 59.8715 -3.92419 86
      vertex 57 0 86
    endloop
  endfacet
  facet normal 0 0 1
    outer loop
      vertex 55.9048 11.1201 86
      vertex 58.8471 11.7054 86
      vertex 57.9556 15.5291 86
    endloop
  endfacet
  facet normal 0 0 1
    outer loop
      vertex 59.8715 -3.92419 86
      vertex 56.878 -3.72798 86
      vertex 59.4867 -7.83157 86
    endloop
  endfacet
  facet normal -0 0 1
    outer loop
      vertex 56.5124 -7.43999 86
      vertex 59.4867 -7.83157 86
      vertex 56.878 -3.72798 86
    endloop
  endfacet
  facet normal 0 0 1
    outer loop
      vertex 59.8715 3.92419 86
      vertex 56.878 3.72798 86
      vertex 57 0 86
    endloop
  endfacet
  facet normal 0 0 1
    outer loop
      vertex 55.0578 14.7527 86
      vertex 57.9556 15.5291 86
      vertex 56.8158 19.2864 86
    endloop
  endfacet
  facet normal 0 0 1
    outer loop
      vertex 59.4867 7.83157 86
      vertex 56.5124 7.43999 86
      vertex 56.878 3.72798 86
    endloop
  endfacet
  facet normal 0 0 1
    outer loop
      vertex 58.8471 11.7054 86
      vertex 55.9048 11.1201 86
      vertex 56.5124 7.43999 86
    endloop
  endfacet
  facet normal 0 0 1
    outer loop
      vertex 53.975 18.322 86
      vertex 56.8158 19.2864 86
      vertex 55.4328 22.961 86
    endloop
  endfacet
  facet normal 0 0 1
    outer loop
      vertex 57.9556 15.5291 86
      vertex 55.0578 14.7527 86
      vertex 55.9048 11.1201 86
    endloop
  endfacet
  facet normal 0 0 1
    outer loop
      vertex 56.8158 19.2864 86
      vertex 53.975 18.322 86
      vertex 55.0578 14.7527 86
    endloop
  endfacet
  facet normal 0 0 1
    outer loop
      vertex 52.6611 21.813 86
      vertex 55.4328 22.961 86
      vertex 53.8124 26.5373 86
    endloop
  endfacet
  facet normal 0 0 1
    outer loop
      vertex 55.4328 22.961 86
      vertex 52.6611 21.813 86
      vertex 53.975 18.322 86
    endloop
  endfacet
  facet normal 0 0 1
    outer loop
      vertex 51.1217 25.2105 86
      vertex 53.8124 26.5373 86
      vertex 51.9615 30 86
    endloop
  endfacet
  facet normal 0 0 1
    outer loop
      vertex 53.8124 26.5373 86
      vertex 51.1217 25.2105 86
      vertex 52.6611 21.813 86
    endloop
  endfacet
  facet normal 0 0 1
    outer loop
      vertex 49.3634 28.5 86
      vertex 51.9615 30 86
      vertex 49.8882 33.3342 86
    endloop
  endfacet
  facet normal 0 0 1
    outer loop
      vertex 51.9615 30 86
      vertex 49.3634 28.5 86
      vertex 51.1217 25.2105 86
    endloop
  endfacet
  facet normal 0 0 1
    outer loop
      vertex 47.3938 31.6675 86
      vertex 49.8882 33.3342 86
      vertex 47.7006 36.3869 86
    endloop
  endfacet
  facet normal 0 0 1
    outer loop
      vertex 49.8882 33.3342 86
      vertex 47.3938 31.6675 86
      vertex 49.3634 28.5 86
    endloop
  endfacet
  facet normal 0 0 1
    outer loop
      vertex 59.4867 -7.83157 86
      vertex 56.5124 -7.43999 86
      vertex 58.8471 -11.7054 86
    endloop
  endfacet
  facet normal -0 0 1
    outer loop
      vertex 55.9048 -11.1201 86
      vertex 58.8471 -11.7054 86
      vertex 56.5124 -7.43999 86
    endloop
  endfacet
  facet normal 0 0 1
    outer loop
      vertex 58.8471 -11.7054 86
      vertex 55.9048 -11.1201 86
      vertex 57.9556 -15.5291 86
    endloop
  endfacet
  facet normal -0 0 1
    outer loop
      vertex 55.0578 -14.7527 86
      vertex 57.9556 -15.5291 86
      vertex 55.9048 -11.1201 86
    endloop
  endfacet
  facet normal 0 0 1
    outer loop
      vertex 57.9556 -15.5291 86
      vertex 55.0578 -14.7527 86
      vertex 56.8158 -19.2864 86
    endloop
  endfacet
  facet normal -0 0 1
    outer loop
      vertex 53.975 -18.322 86
      vertex 56.8158 -19.2864 86
      vertex 55.0578 -14.7527 86
    endloop
  endfacet
  facet normal 0 0 1
    outer loop
      vertex 56.8158 -19.2864 86
      vertex 53.975 -18.322 86
      vertex 55.4328 -22.961 86
    endloop
  endfacet
  facet normal -0 0 1
    outer loop
      vertex 52.6611 -21.813 86
      vertex 55.4328 -22.961 86
      vertex 53.975 -18.322 86
    endloop
  endfacet
  facet normal 0 0 1
    outer loop
      vertex 55.4328 -22.961 86
      vertex 52.6611 -21.813 86
      vertex 53.8124 -26.5373 86
    endloop
  endfacet
  facet normal -0 0 1
    outer loop
      vertex 51.1217 -25.2105 86
      vertex 53.8124 -26.5373 86
      vertex 52.6611 -21.813 86
    endloop
  endfacet
  facet normal 0 0 1
    outer loop
      vertex 53.8124 -26.5373 86
      vertex 51.1217 -25.2105 86
      vertex 51.9615 -30 86
    endloop
  endfacet
  facet normal -0 0 1
    outer loop
      vertex 49.3634 -28.5 86
      vertex 51.9615 -30 86
      vertex 51.1217 -25.2105 86
    endloop
  endfacet
  facet normal 0 0 1
    outer loop
      vertex 51.9615 -30 86
      vertex 49.3634 -28.5 86
      vertex 49.8882 -33.3342 86
    endloop
  endfacet
  facet normal -0 0 1
    outer loop
      vertex 47.3938 -31.6675 86
      vertex 49.8882 -33.3342 86
      vertex 49.3634 -28.5 86
    endloop
  endfacet
  facet normal 0 0 1
    outer loop
      vertex 49.8882 -33.3342 86
      vertex 47.3938 -31.6675 86
      vertex 47.7006 -36.3869 86
    endloop
  endfacet
  facet normal -0 0 1
    outer loop
      vertex 45.2211 -34.6994 86
      vertex 47.7006 -36.3869 86
      vertex 47.3938 -31.6675 86
    endloop
  endfacet
  facet normal 0 0 1
    outer loop
      vertex 45.4664 -44.1108 86
      vertex 51.6188 -40.3051 86
      vertex 47.7006 -36.3869 86
    endloop
  endfacet
  facet normal 0 0 1
    outer loop
      vertex 45.4664 -44.2776 86
      vertex 51.6188 -40.3051 86
      vertex 45.4692 -44.1942 86
    endloop
  endfacet
  facet normal 0 0 1
    outer loop
      vertex 45.4583 -44.3606 86
      vertex 51.6188 -40.3051 86
      vertex 45.4664 -44.2776 86
    endloop
  endfacet
  facet normal 0 0 1
    outer loop
      vertex 45.4447 -44.4429 86
      vertex 51.6188 -40.3051 86
      vertex 45.4583 -44.3606 86
    endloop
  endfacet
  facet normal 0 0 1
    outer loop
      vertex 45.4257 -44.5242 86
      vertex 51.6188 -40.3051 86
      vertex 45.4447 -44.4429 86
    endloop
  endfacet
  facet normal 0 0 1
    outer loop
      vertex 45.4015 -44.604 86
      vertex 51.6188 -40.3051 86
      vertex 45.4257 -44.5242 86
    endloop
  endfacet
  facet normal 0 0 1
    outer loop
      vertex 45.3721 -44.6821 86
      vertex 51.6188 -40.3051 86
      vertex 45.4015 -44.604 86
    endloop
  endfacet
  facet normal 0 0 1
    outer loop
      vertex 45.3377 -44.7581 86
      vertex 51.6188 -40.3051 86
      vertex 45.3721 -44.6821 86
    endloop
  endfacet
  facet normal 0 0 1
    outer loop
      vertex 45.2984 -44.8317 86
      vertex 51.6188 -40.3051 86
      vertex 45.3377 -44.7581 86
    endloop
  endfacet
  facet normal 0 0 1
    outer loop
      vertex 45.2543 -44.9025 86
      vertex 51.6188 -40.3051 86
      vertex 45.2984 -44.8317 86
    endloop
  endfacet
  facet normal 0 0 1
    outer loop
      vertex 45.2057 -44.9703 86
      vertex 51.6188 -40.3051 86
      vertex 45.2543 -44.9025 86
    endloop
  endfacet
  facet normal 0 0 1
    outer loop
      vertex 45.1528 -45.0348 86
      vertex 51.6188 -40.3051 86
      vertex 45.2057 -44.9703 86
    endloop
  endfacet
  facet normal 0 0 1
    outer loop
      vertex 45.0957 -45.0957 86
      vertex 51.6188 -40.3051 86
      vertex 45.1528 -45.0348 86
    endloop
  endfacet
  facet normal 0 0 1
    outer loop
      vertex 40.3051 -51.6188 86
      vertex 45.0957 -45.0957 86
      vertex 45.0348 -45.1528 86
    endloop
  endfacet
  facet normal 0 0 1
    outer loop
      vertex 40.3051 -51.6188 86
      vertex 45.0348 -45.1528 86
      vertex 44.9703 -45.2057 86
    endloop
  endfacet
  facet normal 0 0 1
    outer loop
      vertex 42.9301 -44.0278 86
      vertex 37.5827 -42.8549 86
      vertex 42.9219 -44.1108 86
    endloop
  endfacet
  facet normal 0 0 1
    outer loop
      vertex 42.9219 -44.1108 86
      vertex 37.5827 -42.8549 86
      vertex 42.9192 -44.1942 86
    endloop
  endfacet
  facet normal 0 0 1
    outer loop
      vertex 42.9192 -44.1942 86
      vertex 37.5827 -42.8549 86
      vertex 42.9219 -44.2776 86
    endloop
  endfacet
  facet normal 0 0 1
    outer loop
      vertex 42.9219 -44.2776 86
      vertex 37.5827 -42.8549 86
      vertex 42.9301 -44.3606 86
    endloop
  endfacet
  facet normal 0 0 1
    outer loop
      vertex 42.9301 -44.3606 86
      vertex 37.5827 -42.8549 86
      vertex 42.9437 -44.4429 86
    endloop
  endfacet
  facet normal 0 0 1
    outer loop
      vertex 42.9437 -44.4429 86
      vertex 37.5827 -42.8549 86
      vertex 42.9626 -44.5242 86
    endloop
  endfacet
  facet normal 0 0 1
    outer loop
      vertex 42.9626 -44.5242 86
      vertex 37.5827 -42.8549 86
      vertex 42.9868 -44.604 86
    endloop
  endfacet
  facet normal 0 0 1
    outer loop
      vertex 42.9868 -44.604 86
      vertex 37.5827 -42.8549 86
      vertex 43.0162 -44.6821 86
    endloop
  endfacet
  facet normal 0 0 1
    outer loop
      vertex 36.3869 -47.7006 86
      vertex 43.0162 -44.6821 86
      vertex 37.5827 -42.8549 86
    endloop
  endfacet
  facet normal -0 0 1
    outer loop
      vertex 45.0957 -45.0957 86
      vertex 40.3051 -51.6188 86
      vertex 51.6188 -40.3051 86
    endloop
  endfacet
  facet normal -0 0 1
    outer loop
      vertex 44.9025 -45.2543 86
      vertex 40.3051 -51.6188 86
      vertex 44.9703 -45.2057 86
    endloop
  endfacet
  facet normal -0 0 1
    outer loop
      vertex 44.8317 -45.2984 86
      vertex 40.3051 -51.6188 86
      vertex 44.9025 -45.2543 86
    endloop
  endfacet
  facet normal -0 0 1
    outer loop
      vertex 44.7581 -45.3377 86
      vertex 40.3051 -51.6188 86
      vertex 44.8317 -45.2984 86
    endloop
  endfacet
  facet normal -0 0 1
    outer loop
      vertex 44.6821 -45.3721 86
      vertex 40.3051 -51.6188 86
      vertex 44.7581 -45.3377 86
    endloop
  endfacet
  facet normal -0 0 1
    outer loop
      vertex 44.604 -45.4015 86
      vertex 40.3051 -51.6188 86
      vertex 44.6821 -45.3721 86
    endloop
  endfacet
  facet normal -0 0 1
    outer loop
      vertex 44.5242 -45.4257 86
      vertex 40.3051 -51.6188 86
      vertex 44.604 -45.4015 86
    endloop
  endfacet
  facet normal -0 0 1
    outer loop
      vertex 44.4429 -45.4447 86
      vertex 40.3051 -51.6188 86
      vertex 44.5242 -45.4257 86
    endloop
  endfacet
  facet normal -0 0 1
    outer loop
      vertex 44.3606 -45.4583 86
      vertex 40.3051 -51.6188 86
      vertex 44.4429 -45.4447 86
    endloop
  endfacet
  facet normal -0 0 1
    outer loop
      vertex 44.2776 -45.4664 86
      vertex 40.3051 -51.6188 86
      vertex 44.3606 -45.4583 86
    endloop
  endfacet
  facet normal -0 0 1
    outer loop
      vertex 44.1942 -45.4692 86
      vertex 40.3051 -51.6188 86
      vertex 44.2776 -45.4664 86
    endloop
  endfacet
  facet normal 0 0 1
    outer loop
      vertex 44.1108 -45.4664 86
      vertex 40.3051 -51.6188 86
      vertex 44.1942 -45.4692 86
    endloop
  endfacet
  facet normal 0 0 1
    outer loop
      vertex 44.0278 -45.4583 86
      vertex 40.3051 -51.6188 86
      vertex 44.1108 -45.4664 86
    endloop
  endfacet
  facet normal 0 0 1
    outer loop
      vertex 43.9454 -45.4447 86
      vertex 40.3051 -51.6188 86
      vertex 44.0278 -45.4583 86
    endloop
  endfacet
  facet normal 0 0 1
    outer loop
      vertex 43.8642 -45.4257 86
      vertex 40.3051 -51.6188 86
      vertex 43.9454 -45.4447 86
    endloop
  endfacet
  facet normal 0 0 1
    outer loop
      vertex 43.7843 -45.4015 86
      vertex 40.3051 -51.6188 86
      vertex 43.8642 -45.4257 86
    endloop
  endfacet
  facet normal 0 0 1
    outer loop
      vertex 43.7063 -45.3721 86
      vertex 40.3051 -51.6188 86
      vertex 43.7843 -45.4015 86
    endloop
  endfacet
  facet normal 0 0 1
    outer loop
      vertex 43.6303 -45.3377 86
      vertex 40.3051 -51.6188 86
      vertex 43.7063 -45.3721 86
    endloop
  endfacet
  facet normal 0 0 1
    outer loop
      vertex 43.5567 -45.2984 86
      vertex 40.3051 -51.6188 86
      vertex 43.6303 -45.3377 86
    endloop
  endfacet
  facet normal 0 0 1
    outer loop
      vertex 43.4858 -45.2543 86
      vertex 40.3051 -51.6188 86
      vertex 43.5567 -45.2984 86
    endloop
  endfacet
  facet normal 0 0 1
    outer loop
      vertex 43.418 -45.2057 86
      vertex 40.3051 -51.6188 86
      vertex 43.4858 -45.2543 86
    endloop
  endfacet
  facet normal 0 0 1
    outer loop
      vertex 43.3535 -45.1528 86
      vertex 40.3051 -51.6188 86
      vertex 43.418 -45.2057 86
    endloop
  endfacet
  facet normal 0 0 1
    outer loop
      vertex 43.2926 -45.0957 86
      vertex 40.3051 -51.6188 86
      vertex 43.3535 -45.1528 86
    endloop
  endfacet
  facet normal 0 0 1
    outer loop
      vertex 43.2356 -45.0348 86
      vertex 40.3051 -51.6188 86
      vertex 43.2926 -45.0957 86
    endloop
  endfacet
  facet normal 0 0 1
    outer loop
      vertex 36.3869 -47.7006 86
      vertex 43.2356 -45.0348 86
      vertex 43.1826 -44.9703 86
    endloop
  endfacet
  facet normal 0 0 1
    outer loop
      vertex 36.3869 -47.7006 86
      vertex 43.1826 -44.9703 86
      vertex 43.134 -44.9025 86
    endloop
  endfacet
  facet normal 0 0 1
    outer loop
      vertex 36.3869 -47.7006 86
      vertex 43.134 -44.9025 86
      vertex 43.09 -44.8317 86
    endloop
  endfacet
  facet normal 0 0 1
    outer loop
      vertex 43.0162 -44.6821 86
      vertex 36.3869 -47.7006 86
      vertex 43.0507 -44.7581 86
    endloop
  endfacet
  facet normal 0 0 1
    outer loop
      vertex 43.0507 -44.7581 86
      vertex 36.3869 -47.7006 86
      vertex 43.09 -44.8317 86
    endloop
  endfacet
  facet normal 0 0 1
    outer loop
      vertex 43.2356 -45.0348 86
      vertex 36.3869 -47.7006 86
      vertex 40.3051 -51.6188 86
    endloop
  endfacet
  facet normal -0 0 1
    outer loop
      vertex 34.6994 -45.2211 86
      vertex 36.3869 -47.7006 86
      vertex 37.5827 -42.8549 86
    endloop
  endfacet
  facet normal -0 0 1
    outer loop
      vertex 31.6675 -47.3938 86
      vertex 36.3869 -47.7006 86
      vertex 34.6994 -45.2211 86
    endloop
  endfacet
  facet normal 0 0 1
    outer loop
      vertex 36.3869 -47.7006 86
      vertex 31.6675 -47.3938 86
      vertex 33.3342 -49.8882 86
    endloop
  endfacet
  facet normal 0 0 1
    outer loop
      vertex 31.6675 -47.3938 86
      vertex 30 -51.9615 86
      vertex 33.3342 -49.8882 86
    endloop
  endfacet
  facet normal -0 0 1
    outer loop
      vertex 28.5 -49.3634 86
      vertex 30 -51.9615 86
      vertex 31.6675 -47.3938 86
    endloop
  endfacet
  facet normal 0 0 1
    outer loop
      vertex 28.5 -49.3634 86
      vertex 26.5373 -53.8124 86
      vertex 30 -51.9615 86
    endloop
  endfacet
  facet normal -0 0 1
    outer loop
      vertex 25.2105 -51.1217 86
      vertex 26.5373 -53.8124 86
      vertex 28.5 -49.3634 86
    endloop
  endfacet
  facet normal 0 0 1
    outer loop
      vertex 25.2105 -51.1217 86
      vertex 22.961 -55.4328 86
      vertex 26.5373 -53.8124 86
    endloop
  endfacet
  facet normal -0 0 1
    outer loop
      vertex 21.813 -52.6611 86
      vertex 22.961 -55.4328 86
      vertex 25.2105 -51.1217 86
    endloop
  endfacet
  facet normal 0 0 1
    outer loop
      vertex 21.813 -52.6611 86
      vertex 19.2864 -56.8158 86
      vertex 22.961 -55.4328 86
    endloop
  endfacet
  facet normal -0 0 1
    outer loop
      vertex 18.322 -53.975 86
      vertex 19.2864 -56.8158 86
      vertex 21.813 -52.6611 86
    endloop
  endfacet
  facet normal 0 0 1
    outer loop
      vertex 18.322 -53.975 86
      vertex 15.5291 -57.9556 86
      vertex 19.2864 -56.8158 86
    endloop
  endfacet
  facet normal -0 0 1
    outer loop
      vertex 14.7527 -55.0578 86
      vertex 15.5291 -57.9556 86
      vertex 18.322 -53.975 86
    endloop
  endfacet
  facet normal 0 0 1
    outer loop
      vertex 14.7527 -55.0578 86
      vertex 11.7054 -58.8471 86
      vertex 15.5291 -57.9556 86
    endloop
  endfacet
  facet normal -0 0 1
    outer loop
      vertex 11.1201 -55.9048 86
      vertex 11.7054 -58.8471 86
      vertex 14.7527 -55.0578 86
    endloop
  endfacet
  facet normal 0 0 1
    outer loop
      vertex 11.1201 -55.9048 86
      vertex 7.83157 -59.4867 86
      vertex 11.7054 -58.8471 86
    endloop
  endfacet
  facet normal -0 0 1
    outer loop
      vertex 7.43999 -56.5124 86
      vertex 7.83157 -59.4867 86
      vertex 11.1201 -55.9048 86
    endloop
  endfacet
  facet normal 0 0 1
    outer loop
      vertex 7.43999 -56.5124 86
      vertex 3.92419 -59.8715 86
      vertex 7.83157 -59.4867 86
    endloop
  endfacet
  facet normal -0 0 1
    outer loop
      vertex 3.72798 -56.878 86
      vertex 3.92419 -59.8715 86
      vertex 7.43999 -56.5124 86
    endloop
  endfacet
  facet normal -0 0 1
    outer loop
      vertex 0 -57 86
      vertex 3.92419 -59.8715 86
      vertex 3.72798 -56.878 86
    endloop
  endfacet
  facet normal 0 0 1
    outer loop
      vertex 0 -57 86
      vertex 0 -60 86
      vertex 3.92419 -59.8715 86
    endloop
  endfacet
  facet normal 0 0 1
    outer loop
      vertex -3.72798 -56.878 86
      vertex 0 -60 86
      vertex 0 -57 86
    endloop
  endfacet
  facet normal 0 0 1
    outer loop
      vertex -3.72798 -56.878 86
      vertex -3.92419 -59.8715 86
      vertex 0 -60 86
    endloop
  endfacet
  facet normal 0 0 1
    outer loop
      vertex -7.43999 -56.5124 86
      vertex -3.92419 -59.8715 86
      vertex -3.72798 -56.878 86
    endloop
  endfacet
  facet normal 0 0 1
    outer loop
      vertex -7.43999 -56.5124 86
      vertex -7.83157 -59.4867 86
      vertex -3.92419 -59.8715 86
    endloop
  endfacet
  facet normal 0 0 1
    outer loop
      vertex -11.1201 -55.9048 86
      vertex -7.83157 -59.4867 86
      vertex -7.43999 -56.5124 86
    endloop
  endfacet
  facet normal 0 0 1
    outer loop
      vertex -11.1201 -55.9048 86
      vertex -11.7054 -58.8471 86
      vertex -7.83157 -59.4867 86
    endloop
  endfacet
  facet normal 0 0 1
    outer loop
      vertex -14.7527 -55.0578 86
      vertex -11.7054 -58.8471 86
      vertex -11.1201 -55.9048 86
    endloop
  endfacet
  facet normal 0 0 1
    outer loop
      vertex -14.7527 -55.0578 86
      vertex -15.5291 -57.9556 86
      vertex -11.7054 -58.8471 86
    endloop
  endfacet
  facet normal 0 0 1
    outer loop
      vertex -18.322 -53.975 86
      vertex -15.5291 -57.9556 86
      vertex -14.7527 -55.0578 86
    endloop
  endfacet
  facet normal 0 0 1
    outer loop
      vertex -18.322 -53.975 86
      vertex -19.2864 -56.8158 86
      vertex -15.5291 -57.9556 86
    endloop
  endfacet
  facet normal 0 0 1
    outer loop
      vertex -21.813 -52.6611 86
      vertex -19.2864 -56.8158 86
      vertex -18.322 -53.975 86
    endloop
  endfacet
  facet normal 0 0 1
    outer loop
      vertex -21.813 -52.6611 86
      vertex -22.961 -55.4328 86
      vertex -19.2864 -56.8158 86
    endloop
  endfacet
  facet normal 0 0 1
    outer loop
      vertex -25.2105 -51.1217 86
      vertex -22.961 -55.4328 86
      vertex -21.813 -52.6611 86
    endloop
  endfacet
  facet normal 0 0 1
    outer loop
      vertex -25.2105 -51.1217 86
      vertex -26.5373 -53.8124 86
      vertex -22.961 -55.4328 86
    endloop
  endfacet
  facet normal 0 0 1
    outer loop
      vertex -28.5 -49.3634 86
      vertex -26.5373 -53.8124 86
      vertex -25.2105 -51.1217 86
    endloop
  endfacet
  facet normal 0 0 1
    outer loop
      vertex -28.5 -49.3634 86
      vertex -30 -51.9615 86
      vertex -26.5373 -53.8124 86
    endloop
  endfacet
  facet normal 0 0 1
    outer loop
      vertex -31.6675 -47.3938 86
      vertex -30 -51.9615 86
      vertex -28.5 -49.3634 86
    endloop
  endfacet
  facet normal 0 0 1
    outer loop
      vertex -31.6675 -47.3938 86
      vertex -33.3342 -49.8882 86
      vertex -30 -51.9615 86
    endloop
  endfacet
  facet normal 0 0 1
    outer loop
      vertex -36.3869 -47.7006 86
      vertex -31.6675 -47.3938 86
      vertex -34.6994 -45.2211 86
    endloop
  endfacet
  facet normal 0 0 1
    outer loop
      vertex -31.6675 -47.3938 86
      vertex -36.3869 -47.7006 86
      vertex -33.3342 -49.8882 86
    endloop
  endfacet
  facet normal 0 0 1
    outer loop
      vertex -37.5827 -42.8549 86
      vertex -36.3869 -47.7006 86
      vertex -34.6994 -45.2211 86
    endloop
  endfacet
  facet normal 0 0 1
    outer loop
      vertex -42.9626 -43.8642 86
      vertex -37.5827 -42.8549 86
      vertex -40.3051 -40.3051 86
    endloop
  endfacet
  facet normal 0 0 1
    outer loop
      vertex -42.9219 -44.2776 86
      vertex -37.5827 -42.8549 86
      vertex -42.9192 -44.1942 86
    endloop
  endfacet
  facet normal 0 0 1
    outer loop
      vertex -43.8642 -42.9626 86
      vertex -40.3051 -40.3051 86
      vertex -42.8549 -37.5827 86
    endloop
  endfacet
  facet normal 0 0 1
    outer loop
      vertex -37.5827 -42.8549 86
      vertex -42.9301 -44.0278 86
      vertex -42.9219 -44.1108 86
    endloop
  endfacet
  facet normal 0 0 1
    outer loop
      vertex -42.9437 -44.4429 86
      vertex -37.5827 -42.8549 86
      vertex -42.9301 -44.3606 86
    endloop
  endfacet
  facet normal 0 0 1
    outer loop
      vertex -42.9626 -44.5242 86
      vertex -37.5827 -42.8549 86
      vertex -42.9437 -44.4429 86
    endloop
  endfacet
  facet normal 0 0 1
    outer loop
      vertex -42.9868 -44.604 86
      vertex -37.5827 -42.8549 86
      vertex -42.9626 -44.5242 86
    endloop
  endfacet
  facet normal 0 0 1
    outer loop
      vertex -37.5827 -42.8549 86
      vertex -42.9868 -44.604 86
      vertex -36.3869 -47.7006 86
    endloop
  endfacet
  facet normal -0 0 1
    outer loop
      vertex -43.0162 -44.6821 86
      vertex -36.3869 -47.7006 86
      vertex -42.9868 -44.604 86
    endloop
  endfacet
  facet normal -0 0 1
    outer loop
      vertex -43.0507 -44.7581 86
      vertex -36.3869 -47.7006 86
      vertex -43.0162 -44.6821 86
    endloop
  endfacet
  facet normal -0 0 1
    outer loop
      vertex -43.09 -44.8317 86
      vertex -36.3869 -47.7006 86
      vertex -43.0507 -44.7581 86
    endloop
  endfacet
  facet normal -0 0 1
    outer loop
      vertex -43.134 -44.9025 86
      vertex -36.3869 -47.7006 86
      vertex -43.09 -44.8317 86
    endloop
  endfacet
  facet normal -0 0 1
    outer loop
      vertex -43.1826 -44.9703 86
      vertex -36.3869 -47.7006 86
      vertex -43.134 -44.9025 86
    endloop
  endfacet
  facet normal -0 0 1
    outer loop
      vertex -43.2356 -45.0348 86
      vertex -36.3869 -47.7006 86
      vertex -43.1826 -44.9703 86
    endloop
  endfacet
  facet normal 0 0 1
    outer loop
      vertex -36.3869 -47.7006 86
      vertex -43.2356 -45.0348 86
      vertex -40.3051 -51.6188 86
    endloop
  endfacet
  facet normal -0 0 1
    outer loop
      vertex -43.2926 -45.0957 86
      vertex -40.3051 -51.6188 86
      vertex -43.2356 -45.0348 86
    endloop
  endfacet
  facet normal -0 0 1
    outer loop
      vertex -43.3535 -45.1528 86
      vertex -40.3051 -51.6188 86
      vertex -43.2926 -45.0957 86
    endloop
  endfacet
  facet normal -0 0 1
    outer loop
      vertex -43.418 -45.2057 86
      vertex -40.3051 -51.6188 86
      vertex -43.3535 -45.1528 86
    endloop
  endfacet
  facet normal -0 0 1
    outer loop
      vertex -43.4858 -45.2543 86
      vertex -40.3051 -51.6188 86
      vertex -43.418 -45.2057 86
    endloop
  endfacet
  facet normal -0 0 1
    outer loop
      vertex -43.5567 -45.2984 86
      vertex -40.3051 -51.6188 86
      vertex -43.4858 -45.2543 86
    endloop
  endfacet
  facet normal -0 0 1
    outer loop
      vertex -43.6303 -45.3377 86
      vertex -40.3051 -51.6188 86
      vertex -43.5567 -45.2984 86
    endloop
  endfacet
  facet normal -0 0 1
    outer loop
      vertex -43.7063 -45.3721 86
      vertex -40.3051 -51.6188 86
      vertex -43.6303 -45.3377 86
    endloop
  endfacet
  facet normal -0 0 1
    outer loop
      vertex -43.7843 -45.4015 86
      vertex -40.3051 -51.6188 86
      vertex -43.7063 -45.3721 86
    endloop
  endfacet
  facet normal -0 0 1
    outer loop
      vertex -43.8642 -45.4257 86
      vertex -40.3051 -51.6188 86
      vertex -43.7843 -45.4015 86
    endloop
  endfacet
  facet normal -0 0 1
    outer loop
      vertex -43.9454 -45.4447 86
      vertex -40.3051 -51.6188 86
      vertex -43.8642 -45.4257 86
    endloop
  endfacet
  facet normal -0 0 1
    outer loop
      vertex -44.0278 -45.4583 86
      vertex -40.3051 -51.6188 86
      vertex -43.9454 -45.4447 86
    endloop
  endfacet
  facet normal -0 0 1
    outer loop
      vertex -44.1108 -45.4664 86
      vertex -40.3051 -51.6188 86
      vertex -44.0278 -45.4583 86
    endloop
  endfacet
  facet normal -0 0 1
    outer loop
      vertex -44.1942 -45.4692 86
      vertex -40.3051 -51.6188 86
      vertex -44.1108 -45.4664 86
    endloop
  endfacet
  facet normal 0 0 1
    outer loop
      vertex -44.2776 -45.4664 86
      vertex -40.3051 -51.6188 86
      vertex -44.1942 -45.4692 86
    endloop
  endfacet
  facet normal 0 0 1
    outer loop
      vertex -44.3606 -45.4583 86
      vertex -40.3051 -51.6188 86
      vertex -44.2776 -45.4664 86
    endloop
  endfacet
  facet normal 0 0 1
    outer loop
      vertex -44.4429 -45.4447 86
      vertex -40.3051 -51.6188 86
      vertex -44.3606 -45.4583 86
    endloop
  endfacet
  facet normal 0 0 1
    outer loop
      vertex -44.5242 -45.4257 86
      vertex -40.3051 -51.6188 86
      vertex -44.4429 -45.4447 86
    endloop
  endfacet
  facet normal 0 0 1
    outer loop
      vertex -44.604 -45.4015 86
      vertex -40.3051 -51.6188 86
      vertex -44.5242 -45.4257 86
    endloop
  endfacet
  facet normal 0 0 1
    outer loop
      vertex -44.6821 -45.3721 86
      vertex -40.3051 -51.6188 86
      vertex -44.604 -45.4015 86
    endloop
  endfacet
  facet normal 0 0 1
    outer loop
      vertex -44.7581 -45.3377 86
      vertex -40.3051 -51.6188 86
      vertex -44.6821 -45.3721 86
    endloop
  endfacet
  facet normal 0 0 1
    outer loop
      vertex -44.8317 -45.2984 86
      vertex -40.3051 -51.6188 86
      vertex -44.7581 -45.3377 86
    endloop
  endfacet
  facet normal 0 0 1
    outer loop
      vertex -44.9025 -45.2543 86
      vertex -40.3051 -51.6188 86
      vertex -44.8317 -45.2984 86
    endloop
  endfacet
  facet normal 0 0 1
    outer loop
      vertex -44.9703 -45.2057 86
      vertex -40.3051 -51.6188 86
      vertex -44.9025 -45.2543 86
    endloop
  endfacet
  facet normal 0 0 1
    outer loop
      vertex -45.0348 -45.1528 86
      vertex -40.3051 -51.6188 86
      vertex -44.9703 -45.2057 86
    endloop
  endfacet
  facet normal 0 0 1
    outer loop
      vertex -45.0957 -45.0957 86
      vertex -40.3051 -51.6188 86
      vertex -45.0348 -45.1528 86
    endloop
  endfacet
  facet normal 0 0 1
    outer loop
      vertex -51.6188 -40.3051 86
      vertex -45.0957 -45.0957 86
      vertex -45.1528 -45.0348 86
    endloop
  endfacet
  facet normal 0 0 1
    outer loop
      vertex -51.6188 -40.3051 86
      vertex -45.1528 -45.0348 86
      vertex -45.2057 -44.9703 86
    endloop
  endfacet
  facet normal 0 0 1
    outer loop
      vertex -45.4583 -44.0278 86
      vertex -51.6188 -40.3051 86
      vertex -45.4664 -44.1108 86
    endloop
  endfacet
  facet normal 0 0 1
    outer loop
      vertex -45.4664 -44.1108 86
      vertex -51.6188 -40.3051 86
      vertex -45.4692 -44.1942 86
    endloop
  endfacet
  facet normal 0 0 1
    outer loop
      vertex -45.4692 -44.1942 86
      vertex -51.6188 -40.3051 86
      vertex -45.4664 -44.2776 86
    endloop
  endfacet
  facet normal 0 0 1
    outer loop
      vertex -45.4664 -44.2776 86
      vertex -51.6188 -40.3051 86
      vertex -45.4583 -44.3606 86
    endloop
  endfacet
  facet normal 0 0 1
    outer loop
      vertex -45.4583 -44.3606 86
      vertex -51.6188 -40.3051 86
      vertex -45.4447 -44.4429 86
    endloop
  endfacet
  facet normal 0 0 1
    outer loop
      vertex -45.0957 -45.0957 86
      vertex -51.6188 -40.3051 86
      vertex -40.3051 -51.6188 86
    endloop
  endfacet
  facet normal 0 0 1
    outer loop
      vertex -45.2543 -44.9025 86
      vertex -51.6188 -40.3051 86
      vertex -45.2057 -44.9703 86
    endloop
  endfacet
  facet normal 0 0 1
    outer loop
      vertex -45.2984 -44.8317 86
      vertex -51.6188 -40.3051 86
      vertex -45.2543 -44.9025 86
    endloop
  endfacet
  facet normal 0 0 1
    outer loop
      vertex -45.3377 -44.7581 86
      vertex -51.6188 -40.3051 86
      vertex -45.2984 -44.8317 86
    endloop
  endfacet
  facet normal 0 0 1
    outer loop
      vertex -45.3721 -44.6821 86
      vertex -51.6188 -40.3051 86
      vertex -45.3377 -44.7581 86
    endloop
  endfacet
  facet normal 0 0 1
    outer loop
      vertex -45.4015 -44.604 86
      vertex -51.6188 -40.3051 86
      vertex -45.3721 -44.6821 86
    endloop
  endfacet
  facet normal 0 0 1
    outer loop
      vertex -45.4257 -44.5242 86
      vertex -51.6188 -40.3051 86
      vertex -45.4015 -44.604 86
    endloop
  endfacet
  facet normal 0 0 1
    outer loop
      vertex -45.4447 -44.4429 86
      vertex -51.6188 -40.3051 86
      vertex -45.4257 -44.5242 86
    endloop
  endfacet
  facet normal 0 0 1
    outer loop
      vertex -49.8882 -33.3342 86
      vertex -47.3938 -31.6675 86
      vertex -49.3634 -28.5 86
    endloop
  endfacet
  facet normal 0 0 1
    outer loop
      vertex -47.3938 -31.6675 86
      vertex -49.8882 -33.3342 86
      vertex -47.7006 -36.3869 86
    endloop
  endfacet
  facet normal 0 0 1
    outer loop
      vertex -51.9615 -30 86
      vertex -49.3634 -28.5 86
      vertex -51.1217 -25.2105 86
    endloop
  endfacet
  facet normal 0 0 1
    outer loop
      vertex -49.3634 -28.5 86
      vertex -51.9615 -30 86
      vertex -49.8882 -33.3342 86
    endloop
  endfacet
  facet normal 0 0 1
    outer loop
      vertex -53.8124 -26.5373 86
      vertex -51.1217 -25.2105 86
      vertex -52.6611 -21.813 86
    endloop
  endfacet
  facet normal 0 0 1
    outer loop
      vertex -51.1217 -25.2105 86
      vertex -53.8124 -26.5373 86
      vertex -51.9615 -30 86
    endloop
  endfacet
  facet normal 0 0 1
    outer loop
      vertex -55.4328 -22.961 86
      vertex -52.6611 -21.813 86
      vertex -53.975 -18.322 86
    endloop
  endfacet
  facet normal 0 0 1
    outer loop
      vertex -56.8158 -19.2864 86
      vertex -53.975 -18.322 86
      vertex -55.0578 -14.7527 86
    endloop
  endfacet
  facet normal 0 0 1
    outer loop
      vertex -52.6611 -21.813 86
      vertex -55.4328 -22.961 86
      vertex -53.8124 -26.5373 86
    endloop
  endfacet
  facet normal 0 0 1
    outer loop
      vertex -57.9556 -15.5291 86
      vertex -55.0578 -14.7527 86
      vertex -55.9048 -11.1201 86
    endloop
  endfacet
  facet normal 0 0 1
    outer loop
      vertex -58.8471 -11.7054 86
      vertex -55.9048 -11.1201 86
      vertex -56.5124 -7.43999 86
    endloop
  endfacet
  facet normal 0 0 1
    outer loop
      vertex -53.975 -18.322 86
      vertex -56.8158 -19.2864 86
      vertex -55.4328 -22.961 86
    endloop
  endfacet
  facet normal 0 0 1
    outer loop
      vertex -59.4867 -7.83157 86
      vertex -56.5124 -7.43999 86
      vertex -56.878 -3.72798 86
    endloop
  endfacet
  facet normal 0 0 1
    outer loop
      vertex -59.8715 -3.92419 86
      vertex -56.878 -3.72798 86
      vertex -57 0 86
    endloop
  endfacet
  facet normal 0 0 1
    outer loop
      vertex -56.5124 7.43999 86
      vertex -59.4867 7.83157 86
      vertex -56.878 3.72798 86
    endloop
  endfacet
  facet normal 0 0 1
    outer loop
      vertex -55.0578 -14.7527 86
      vertex -57.9556 -15.5291 86
      vertex -56.8158 -19.2864 86
    endloop
  endfacet
  facet normal -0 0 1
    outer loop
      vertex -59.8715 3.92419 86
      vertex -56.878 3.72798 86
      vertex -59.4867 7.83157 86
    endloop
  endfacet
  facet normal 0 0 1
    outer loop
      vertex -55.9048 -11.1201 86
      vertex -58.8471 -11.7054 86
      vertex -57.9556 -15.5291 86
    endloop
  endfacet
  facet normal 0 0 1
    outer loop
      vertex -56.878 3.72798 86
      vertex -59.8715 3.92419 86
      vertex -57 0 86
    endloop
  endfacet
  facet normal 0 0 1
    outer loop
      vertex -56.5124 -7.43999 86
      vertex -59.4867 -7.83157 86
      vertex -58.8471 -11.7054 86
    endloop
  endfacet
  facet normal 0 0 1
    outer loop
      vertex -60 0 86
      vertex -57 0 86
      vertex -59.8715 3.92419 86
    endloop
  endfacet
  facet normal 0 0 1
    outer loop
      vertex -56.878 -3.72798 86
      vertex -59.8715 -3.92419 86
      vertex -59.4867 -7.83157 86
    endloop
  endfacet
  facet normal 0 0 1
    outer loop
      vertex -57 0 86
      vertex -60 0 86
      vertex -59.8715 -3.92419 86
    endloop
  endfacet
  facet normal -0 0 1
    outer loop
      vertex -49.8882 33.3342 86
      vertex -47.3938 31.6675 86
      vertex -47.7006 36.3869 86
    endloop
  endfacet
  facet normal 0 0 1
    outer loop
      vertex -47.3938 31.6675 86
      vertex -49.8882 33.3342 86
      vertex -49.3634 28.5 86
    endloop
  endfacet
  facet normal -0 0 1
    outer loop
      vertex -51.9615 30 86
      vertex -49.3634 28.5 86
      vertex -49.8882 33.3342 86
    endloop
  endfacet
  facet normal 0 0 1
    outer loop
      vertex -49.3634 28.5 86
      vertex -51.9615 30 86
      vertex -51.1217 25.2105 86
    endloop
  endfacet
  facet normal -0 0 1
    outer loop
      vertex -53.8124 26.5373 86
      vertex -51.1217 25.2105 86
      vertex -51.9615 30 86
    endloop
  endfacet
  facet normal 0 0 1
    outer loop
      vertex -51.1217 25.2105 86
      vertex -53.8124 26.5373 86
      vertex -52.6611 21.813 86
    endloop
  endfacet
  facet normal -0 0 1
    outer loop
      vertex -55.4328 22.961 86
      vertex -52.6611 21.813 86
      vertex -53.8124 26.5373 86
    endloop
  endfacet
  facet normal 0 0 1
    outer loop
      vertex -52.6611 21.813 86
      vertex -55.4328 22.961 86
      vertex -53.975 18.322 86
    endloop
  endfacet
  facet normal -0 0 1
    outer loop
      vertex -56.8158 19.2864 86
      vertex -53.975 18.322 86
      vertex -55.4328 22.961 86
    endloop
  endfacet
  facet normal 0 0 1
    outer loop
      vertex -53.975 18.322 86
      vertex -56.8158 19.2864 86
      vertex -55.0578 14.7527 86
    endloop
  endfacet
  facet normal -0 0 1
    outer loop
      vertex -57.9556 15.5291 86
      vertex -55.0578 14.7527 86
      vertex -56.8158 19.2864 86
    endloop
  endfacet
  facet normal 0 0 1
    outer loop
      vertex -55.0578 14.7527 86
      vertex -57.9556 15.5291 86
      vertex -55.9048 11.1201 86
    endloop
  endfacet
  facet normal -0 0 1
    outer loop
      vertex -58.8471 11.7054 86
      vertex -55.9048 11.1201 86
      vertex -57.9556 15.5291 86
    endloop
  endfacet
  facet normal 0 0 1
    outer loop
      vertex -55.9048 11.1201 86
      vertex -58.8471 11.7054 86
      vertex -56.5124 7.43999 86
    endloop
  endfacet
  facet normal -0 0 1
    outer loop
      vertex -59.4867 7.83157 86
      vertex -56.5124 7.43999 86
      vertex -58.8471 11.7054 86
    endloop
  endfacet
  facet normal 0 0 1
    outer loop
      vertex -42.9301 -44.3606 86
      vertex -37.5827 -42.8549 86
      vertex -42.9219 -44.2776 86
    endloop
  endfacet
  facet normal 0 0 1
    outer loop
      vertex -37.5827 -42.8549 86
      vertex -42.9219 -44.1108 86
      vertex -42.9192 -44.1942 86
    endloop
  endfacet
  facet normal 0 0 1
    outer loop
      vertex -37.5827 -42.8549 86
      vertex -42.9437 -43.9454 86
      vertex -42.9301 -44.0278 86
    endloop
  endfacet
  facet normal 0 0 1
    outer loop
      vertex -37.5827 -42.8549 86
      vertex -42.9626 -43.8642 86
      vertex -42.9437 -43.9454 86
    endloop
  endfacet
  facet normal 0 0 1
    outer loop
      vertex -40.3051 -40.3051 86
      vertex -42.9868 -43.7843 86
      vertex -42.9626 -43.8642 86
    endloop
  endfacet
  facet normal 0 0 1
    outer loop
      vertex -40.3051 -40.3051 86
      vertex -43.0162 -43.7063 86
      vertex -42.9868 -43.7843 86
    endloop
  endfacet
  facet normal 0 0 1
    outer loop
      vertex -40.3051 -40.3051 86
      vertex -43.0507 -43.6303 86
      vertex -43.0162 -43.7063 86
    endloop
  endfacet
  facet normal 0 0 1
    outer loop
      vertex -40.3051 -40.3051 86
      vertex -43.09 -43.5567 86
      vertex -43.0507 -43.6303 86
    endloop
  endfacet
  facet normal 0 0 1
    outer loop
      vertex -40.3051 -40.3051 86
      vertex -43.134 -43.4858 86
      vertex -43.09 -43.5567 86
    endloop
  endfacet
  facet normal 0 0 1
    outer loop
      vertex -40.3051 -40.3051 86
      vertex -43.1826 -43.418 86
      vertex -43.134 -43.4858 86
    endloop
  endfacet
  facet normal 0 0 1
    outer loop
      vertex -40.3051 -40.3051 86
      vertex -43.2356 -43.3535 86
      vertex -43.1826 -43.418 86
    endloop
  endfacet
  facet normal 0 0 1
    outer loop
      vertex -40.3051 -40.3051 86
      vertex -43.2926 -43.2926 86
      vertex -43.2356 -43.3535 86
    endloop
  endfacet
  facet normal 0 0 1
    outer loop
      vertex -40.3051 -40.3051 86
      vertex -43.3535 -43.2356 86
      vertex -43.2926 -43.2926 86
    endloop
  endfacet
  facet normal 0 0 1
    outer loop
      vertex -40.3051 -40.3051 86
      vertex -43.418 -43.1826 86
      vertex -43.3535 -43.2356 86
    endloop
  endfacet
  facet normal 0 0 1
    outer loop
      vertex -40.3051 -40.3051 86
      vertex -43.4858 -43.134 86
      vertex -43.418 -43.1826 86
    endloop
  endfacet
  facet normal 0 0 1
    outer loop
      vertex -40.3051 -40.3051 86
      vertex -43.5567 -43.09 86
      vertex -43.4858 -43.134 86
    endloop
  endfacet
  facet normal 0 0 1
    outer loop
      vertex -40.3051 -40.3051 86
      vertex -43.6303 -43.0507 86
      vertex -43.5567 -43.09 86
    endloop
  endfacet
  facet normal 0 0 1
    outer loop
      vertex -40.3051 -40.3051 86
      vertex -43.7063 -43.0162 86
      vertex -43.6303 -43.0507 86
    endloop
  endfacet
  facet normal 0 0 1
    outer loop
      vertex -40.3051 -40.3051 86
      vertex -43.7843 -42.9868 86
      vertex -43.7063 -43.0162 86
    endloop
  endfacet
  facet normal 0 0 1
    outer loop
      vertex -40.3051 -40.3051 86
      vertex -43.8642 -42.9626 86
      vertex -43.7843 -42.9868 86
    endloop
  endfacet
  facet normal 0 0 1
    outer loop
      vertex -42.8549 -37.5827 86
      vertex -43.9454 -42.9437 86
      vertex -43.8642 -42.9626 86
    endloop
  endfacet
  facet normal 0 0 1
    outer loop
      vertex -42.8549 -37.5827 86
      vertex -44.0278 -42.9301 86
      vertex -43.9454 -42.9437 86
    endloop
  endfacet
  facet normal 0 0 1
    outer loop
      vertex -42.8549 -37.5827 86
      vertex -44.1108 -42.9219 86
      vertex -44.0278 -42.9301 86
    endloop
  endfacet
  facet normal 0 0 1
    outer loop
      vertex -42.8549 -37.5827 86
      vertex -44.1942 -42.9192 86
      vertex -44.1108 -42.9219 86
    endloop
  endfacet
  facet normal 0 0 1
    outer loop
      vertex -42.8549 -37.5827 86
      vertex -44.2776 -42.9219 86
      vertex -44.1942 -42.9192 86
    endloop
  endfacet
  facet normal 0 0 1
    outer loop
      vertex -42.8549 -37.5827 86
      vertex -44.3606 -42.9301 86
      vertex -44.2776 -42.9219 86
    endloop
  endfacet
  facet normal 0 0 1
    outer loop
      vertex -42.8549 -37.5827 86
      vertex -44.4429 -42.9437 86
      vertex -44.3606 -42.9301 86
    endloop
  endfacet
  facet normal 0 0 1
    outer loop
      vertex -42.8549 -37.5827 86
      vertex -44.5242 -42.9626 86
      vertex -44.4429 -42.9437 86
    endloop
  endfacet
  facet normal 0 0 1
    outer loop
      vertex -42.8549 -37.5827 86
      vertex -44.604 -42.9868 86
      vertex -44.5242 -42.9626 86
    endloop
  endfacet
  facet normal 0 0 1
    outer loop
      vertex -42.8549 -37.5827 86
      vertex -44.6821 -43.0162 86
      vertex -44.604 -42.9868 86
    endloop
  endfacet
  facet normal 0 0 1
    outer loop
      vertex -47.7006 -36.3869 86
      vertex -44.6821 -43.0162 86
      vertex -42.8549 -37.5827 86
    endloop
  endfacet
  facet normal 0 0 1
    outer loop
      vertex -44.6821 -43.0162 86
      vertex -47.7006 -36.3869 86
      vertex -44.7581 -43.0507 86
    endloop
  endfacet
  facet normal 0 0 1
    outer loop
      vertex -44.7581 -43.0507 86
      vertex -47.7006 -36.3869 86
      vertex -44.8317 -43.09 86
    endloop
  endfacet
  facet normal -0 0 1
    outer loop
      vertex -47.7006 -36.3869 86
      vertex -42.8549 -37.5827 86
      vertex -45.2211 -34.6994 86
    endloop
  endfacet
  facet normal 0 0 1
    outer loop
      vertex -44.8317 -43.09 86
      vertex -47.7006 -36.3869 86
      vertex -44.9025 -43.134 86
    endloop
  endfacet
  facet normal 0 0 1
    outer loop
      vertex -44.9025 -43.134 86
      vertex -47.7006 -36.3869 86
      vertex -44.9703 -43.1826 86
    endloop
  endfacet
  facet normal 0 0 1
    outer loop
      vertex -44.9703 -43.1826 86
      vertex -47.7006 -36.3869 86
      vertex -45.0348 -43.2356 86
    endloop
  endfacet
  facet normal -0 0 1
    outer loop
      vertex -51.6188 -40.3051 86
      vertex -45.0348 -43.2356 86
      vertex -47.7006 -36.3869 86
    endloop
  endfacet
  facet normal 0 0 1
    outer loop
      vertex -45.0348 -43.2356 86
      vertex -51.6188 -40.3051 86
      vertex -45.0957 -43.2926 86
    endloop
  endfacet
  facet normal 0 0 1
    outer loop
      vertex -45.0957 -43.2926 86
      vertex -51.6188 -40.3051 86
      vertex -45.1528 -43.3535 86
    endloop
  endfacet
  facet normal 0 0 1
    outer loop
      vertex -45.1528 -43.3535 86
      vertex -51.6188 -40.3051 86
      vertex -45.2057 -43.418 86
    endloop
  endfacet
  facet normal 0 0 1
    outer loop
      vertex -45.2057 -43.418 86
      vertex -51.6188 -40.3051 86
      vertex -45.2543 -43.4858 86
    endloop
  endfacet
  facet normal 0 0 1
    outer loop
      vertex -47.7006 -36.3869 86
      vertex -45.2211 -34.6994 86
      vertex -47.3938 -31.6675 86
    endloop
  endfacet
  facet normal 0 0 1
    outer loop
      vertex -45.2543 -43.4858 86
      vertex -51.6188 -40.3051 86
      vertex -45.2984 -43.5567 86
    endloop
  endfacet
  facet normal 0 0 1
    outer loop
      vertex -45.2984 -43.5567 86
      vertex -51.6188 -40.3051 86
      vertex -45.3377 -43.6303 86
    endloop
  endfacet
  facet normal 0 0 1
    outer loop
      vertex -45.3377 -43.6303 86
      vertex -51.6188 -40.3051 86
      vertex -45.3721 -43.7063 86
    endloop
  endfacet
  facet normal 0 0 1
    outer loop
      vertex -45.3721 -43.7063 86
      vertex -51.6188 -40.3051 86
      vertex -45.4015 -43.7843 86
    endloop
  endfacet
  facet normal 0 0 1
    outer loop
      vertex -45.4015 -43.7843 86
      vertex -51.6188 -40.3051 86
      vertex -45.4257 -43.8642 86
    endloop
  endfacet
  facet normal 0 0 1
    outer loop
      vertex -45.4257 -43.8642 86
      vertex -51.6188 -40.3051 86
      vertex -45.4447 -43.9454 86
    endloop
  endfacet
  facet normal 0 0 1
    outer loop
      vertex -45.4447 -43.9454 86
      vertex -51.6188 -40.3051 86
      vertex -45.4583 -44.0278 86
    endloop
  endfacet
  facet normal -0 0 1
    outer loop
      vertex -42.9437 43.9454 86
      vertex -37.5827 42.8549 86
      vertex -42.9301 44.0278 86
    endloop
  endfacet
  facet normal -0 0 1
    outer loop
      vertex -42.9626 43.8642 86
      vertex -37.5827 42.8549 86
      vertex -42.9437 43.9454 86
    endloop
  endfacet
  facet normal 0 0 1
    outer loop
      vertex -37.5827 42.8549 86
      vertex -42.9626 43.8642 86
      vertex -40.3051 40.3051 86
    endloop
  endfacet
  facet normal -0 0 1
    outer loop
      vertex -42.9868 43.7843 86
      vertex -40.3051 40.3051 86
      vertex -42.9626 43.8642 86
    endloop
  endfacet
  facet normal -0 0 1
    outer loop
      vertex -43.0162 43.7063 86
      vertex -40.3051 40.3051 86
      vertex -42.9868 43.7843 86
    endloop
  endfacet
  facet normal -0 0 1
    outer loop
      vertex -43.0507 43.6303 86
      vertex -40.3051 40.3051 86
      vertex -43.0162 43.7063 86
    endloop
  endfacet
  facet normal -0 0 1
    outer loop
      vertex -43.09 43.5567 86
      vertex -40.3051 40.3051 86
      vertex -43.0507 43.6303 86
    endloop
  endfacet
  facet normal -0 0 1
    outer loop
      vertex -43.134 43.4858 86
      vertex -40.3051 40.3051 86
      vertex -43.09 43.5567 86
    endloop
  endfacet
  facet normal -0 0 1
    outer loop
      vertex -43.1826 43.418 86
      vertex -40.3051 40.3051 86
      vertex -43.134 43.4858 86
    endloop
  endfacet
  facet normal -0 0 1
    outer loop
      vertex -43.2356 43.3535 86
      vertex -40.3051 40.3051 86
      vertex -43.1826 43.418 86
    endloop
  endfacet
  facet normal -0 0 1
    outer loop
      vertex -43.2926 43.2926 86
      vertex -40.3051 40.3051 86
      vertex -43.2356 43.3535 86
    endloop
  endfacet
  facet normal -0 0 1
    outer loop
      vertex -43.3535 43.2356 86
      vertex -40.3051 40.3051 86
      vertex -43.2926 43.2926 86
    endloop
  endfacet
  facet normal -0 0 1
    outer loop
      vertex -43.418 43.1826 86
      vertex -40.3051 40.3051 86
      vertex -43.3535 43.2356 86
    endloop
  endfacet
  facet normal -0 0 1
    outer loop
      vertex -43.4858 43.134 86
      vertex -40.3051 40.3051 86
      vertex -43.418 43.1826 86
    endloop
  endfacet
  facet normal -0 0 1
    outer loop
      vertex -43.5567 43.09 86
      vertex -40.3051 40.3051 86
      vertex -43.4858 43.134 86
    endloop
  endfacet
  facet normal -0 0 1
    outer loop
      vertex -43.6303 43.0507 86
      vertex -40.3051 40.3051 86
      vertex -43.5567 43.09 86
    endloop
  endfacet
  facet normal -0 0 1
    outer loop
      vertex -43.7063 43.0162 86
      vertex -40.3051 40.3051 86
      vertex -43.6303 43.0507 86
    endloop
  endfacet
  facet normal -0 0 1
    outer loop
      vertex -43.7843 42.9868 86
      vertex -40.3051 40.3051 86
      vertex -43.7063 43.0162 86
    endloop
  endfacet
  facet normal -0 0 1
    outer loop
      vertex -43.8642 42.9626 86
      vertex -40.3051 40.3051 86
      vertex -43.7843 42.9868 86
    endloop
  endfacet
  facet normal 0 0 1
    outer loop
      vertex -40.3051 40.3051 86
      vertex -43.8642 42.9626 86
      vertex -42.8549 37.5827 86
    endloop
  endfacet
  facet normal -0 0 1
    outer loop
      vertex -43.9454 42.9437 86
      vertex -42.8549 37.5827 86
      vertex -43.8642 42.9626 86
    endloop
  endfacet
  facet normal -0 0 1
    outer loop
      vertex -44.0278 42.9301 86
      vertex -42.8549 37.5827 86
      vertex -43.9454 42.9437 86
    endloop
  endfacet
  facet normal -0 0 1
    outer loop
      vertex -44.1108 42.9219 86
      vertex -42.8549 37.5827 86
      vertex -44.0278 42.9301 86
    endloop
  endfacet
  facet normal -0 0 1
    outer loop
      vertex -44.1942 42.9192 86
      vertex -42.8549 37.5827 86
      vertex -44.1108 42.9219 86
    endloop
  endfacet
  facet normal 0 0 1
    outer loop
      vertex -44.2776 42.9219 86
      vertex -42.8549 37.5827 86
      vertex -44.1942 42.9192 86
    endloop
  endfacet
  facet normal 0 0 1
    outer loop
      vertex -44.3606 42.9301 86
      vertex -42.8549 37.5827 86
      vertex -44.2776 42.9219 86
    endloop
  endfacet
  facet normal 0 0 1
    outer loop
      vertex -44.4429 42.9437 86
      vertex -42.8549 37.5827 86
      vertex -44.3606 42.9301 86
    endloop
  endfacet
  facet normal 0 0 1
    outer loop
      vertex -44.5242 42.9626 86
      vertex -42.8549 37.5827 86
      vertex -44.4429 42.9437 86
    endloop
  endfacet
  facet normal 0 0 1
    outer loop
      vertex -44.604 42.9868 86
      vertex -42.8549 37.5827 86
      vertex -44.5242 42.9626 86
    endloop
  endfacet
  facet normal 0 0 1
    outer loop
      vertex -44.6821 43.0162 86
      vertex -42.8549 37.5827 86
      vertex -44.604 42.9868 86
    endloop
  endfacet
  facet normal 0 0 1
    outer loop
      vertex -44.7581 43.0507 86
      vertex -42.8549 37.5827 86
      vertex -44.6821 43.0162 86
    endloop
  endfacet
  facet normal 0 0 1
    outer loop
      vertex -44.8317 43.09 86
      vertex -42.8549 37.5827 86
      vertex -44.7581 43.0507 86
    endloop
  endfacet
  facet normal 0 0 1
    outer loop
      vertex -44.9025 43.134 86
      vertex -42.8549 37.5827 86
      vertex -44.8317 43.09 86
    endloop
  endfacet
  facet normal 0 0 1
    outer loop
      vertex -45.2211 34.6994 86
      vertex -44.9025 43.134 86
      vertex -44.9703 43.1826 86
    endloop
  endfacet
  facet normal 0 0 1
    outer loop
      vertex -45.2211 34.6994 86
      vertex -44.9703 43.1826 86
      vertex -45.0348 43.2356 86
    endloop
  endfacet
  facet normal 0 0 1
    outer loop
      vertex -45.2211 34.6994 86
      vertex -45.0348 43.2356 86
      vertex -45.0957 43.2926 86
    endloop
  endfacet
  facet normal 0 0 1
    outer loop
      vertex -45.2211 34.6994 86
      vertex -45.0957 43.2926 86
      vertex -45.1528 43.3535 86
    endloop
  endfacet
  facet normal 0 0 1
    outer loop
      vertex -45.2211 34.6994 86
      vertex -45.1528 43.3535 86
      vertex -45.2057 43.418 86
    endloop
  endfacet
  facet normal 0 0 1
    outer loop
      vertex -44.9025 43.134 86
      vertex -45.2211 34.6994 86
      vertex -42.8549 37.5827 86
    endloop
  endfacet
  facet normal 0 0 1
    outer loop
      vertex -45.2543 43.4858 86
      vertex -45.2211 34.6994 86
      vertex -45.2057 43.418 86
    endloop
  endfacet
  facet normal 0 0 1
    outer loop
      vertex -45.2984 43.5567 86
      vertex -45.2211 34.6994 86
      vertex -45.2543 43.4858 86
    endloop
  endfacet
  facet normal 0 0 1
    outer loop
      vertex -45.3377 43.6303 86
      vertex -45.2211 34.6994 86
      vertex -45.2984 43.5567 86
    endloop
  endfacet
  facet normal 0 0 1
    outer loop
      vertex -47.3938 31.6675 86
      vertex -45.3377 43.6303 86
      vertex -45.3721 43.7063 86
    endloop
  endfacet
  facet normal 0 0 1
    outer loop
      vertex -47.3938 31.6675 86
      vertex -45.3721 43.7063 86
      vertex -45.4015 43.7843 86
    endloop
  endfacet
  facet normal 0 0 1
    outer loop
      vertex -47.3938 31.6675 86
      vertex -45.4015 43.7843 86
      vertex -45.4257 43.8642 86
    endloop
  endfacet
  facet normal 0 0 1
    outer loop
      vertex -47.3938 31.6675 86
      vertex -45.4257 43.8642 86
      vertex -45.4447 43.9454 86
    endloop
  endfacet
  facet normal 0 0 1
    outer loop
      vertex -47.3938 31.6675 86
      vertex -45.4447 43.9454 86
      vertex -45.4583 44.0278 86
    endloop
  endfacet
  facet normal 0 0 1
    outer loop
      vertex -47.3938 31.6675 86
      vertex -45.4583 44.0278 86
      vertex -45.4664 44.1108 86
    endloop
  endfacet
  facet normal 0 0 1
    outer loop
      vertex -47.3938 31.6675 86
      vertex -45.4664 44.1108 86
      vertex -45.4692 44.1942 86
    endloop
  endfacet
  facet normal 0 0 1
    outer loop
      vertex -45.3377 43.6303 86
      vertex -47.3938 31.6675 86
      vertex -45.2211 34.6994 86
    endloop
  endfacet
  facet normal 0 0 1
    outer loop
      vertex 51.6188 -40.3051 86
      vertex 45.4664 -44.1108 86
      vertex 45.4692 -44.1942 86
    endloop
  endfacet
  facet normal 0 0 1
    outer loop
      vertex 47.7006 -36.3869 86
      vertex 45.4583 -44.0278 86
      vertex 45.4664 -44.1108 86
    endloop
  endfacet
  facet normal 0 0 1
    outer loop
      vertex 47.7006 -36.3869 86
      vertex 45.4447 -43.9454 86
      vertex 45.4583 -44.0278 86
    endloop
  endfacet
  facet normal 0 0 1
    outer loop
      vertex 47.7006 -36.3869 86
      vertex 45.4257 -43.8642 86
      vertex 45.4447 -43.9454 86
    endloop
  endfacet
  facet normal 0 0 1
    outer loop
      vertex 47.7006 -36.3869 86
      vertex 45.4015 -43.7843 86
      vertex 45.4257 -43.8642 86
    endloop
  endfacet
  facet normal 0 0 1
    outer loop
      vertex 47.7006 -36.3869 86
      vertex 45.3721 -43.7063 86
      vertex 45.4015 -43.7843 86
    endloop
  endfacet
  facet normal 0 0 1
    outer loop
      vertex 47.7006 -36.3869 86
      vertex 45.3377 -43.6303 86
      vertex 45.3721 -43.7063 86
    endloop
  endfacet
  facet normal 0 0 1
    outer loop
      vertex 42.8549 -37.5827 86
      vertex 47.7006 -36.3869 86
      vertex 45.2211 -34.6994 86
    endloop
  endfacet
  facet normal 0 0 1
    outer loop
      vertex 47.7006 -36.3869 86
      vertex 45.2984 -43.5567 86
      vertex 45.3377 -43.6303 86
    endloop
  endfacet
  facet normal 0 0 1
    outer loop
      vertex 47.7006 -36.3869 86
      vertex 45.2543 -43.4858 86
      vertex 45.2984 -43.5567 86
    endloop
  endfacet
  facet normal 0 0 1
    outer loop
      vertex 47.7006 -36.3869 86
      vertex 45.2057 -43.418 86
      vertex 45.2543 -43.4858 86
    endloop
  endfacet
  facet normal 0 0 1
    outer loop
      vertex 47.7006 -36.3869 86
      vertex 45.1528 -43.3535 86
      vertex 45.2057 -43.418 86
    endloop
  endfacet
  facet normal 0 0 1
    outer loop
      vertex 47.7006 -36.3869 86
      vertex 45.0957 -43.2926 86
      vertex 45.1528 -43.3535 86
    endloop
  endfacet
  facet normal 0 0 1
    outer loop
      vertex 47.7006 -36.3869 86
      vertex 45.0348 -43.2356 86
      vertex 45.0957 -43.2926 86
    endloop
  endfacet
  facet normal 0 0 1
    outer loop
      vertex 47.7006 -36.3869 86
      vertex 44.9703 -43.1826 86
      vertex 45.0348 -43.2356 86
    endloop
  endfacet
  facet normal 0 0 1
    outer loop
      vertex 47.7006 -36.3869 86
      vertex 44.9025 -43.134 86
      vertex 44.9703 -43.1826 86
    endloop
  endfacet
  facet normal 0 -0 1
    outer loop
      vertex 44.6821 -43.0162 86
      vertex 47.7006 -36.3869 86
      vertex 42.8549 -37.5827 86
    endloop
  endfacet
  facet normal 0 0 1
    outer loop
      vertex 47.7006 -36.3869 86
      vertex 44.8317 -43.09 86
      vertex 44.9025 -43.134 86
    endloop
  endfacet
  facet normal 0 0 1
    outer loop
      vertex 47.7006 -36.3869 86
      vertex 44.7581 -43.0507 86
      vertex 44.8317 -43.09 86
    endloop
  endfacet
  facet normal 0 0 1
    outer loop
      vertex 47.7006 -36.3869 86
      vertex 44.6821 -43.0162 86
      vertex 44.7581 -43.0507 86
    endloop
  endfacet
  facet normal 0 0 1
    outer loop
      vertex 44.6821 -43.0162 86
      vertex 42.8549 -37.5827 86
      vertex 44.604 -42.9868 86
    endloop
  endfacet
  facet normal 0 0 1
    outer loop
      vertex 44.604 -42.9868 86
      vertex 42.8549 -37.5827 86
      vertex 44.5242 -42.9626 86
    endloop
  endfacet
  facet normal 0 0 1
    outer loop
      vertex 44.5242 -42.9626 86
      vertex 42.8549 -37.5827 86
      vertex 44.4429 -42.9437 86
    endloop
  endfacet
  facet normal 0 0 1
    outer loop
      vertex 44.4429 -42.9437 86
      vertex 42.8549 -37.5827 86
      vertex 44.3606 -42.9301 86
    endloop
  endfacet
  facet normal 0 0 1
    outer loop
      vertex 44.3606 -42.9301 86
      vertex 42.8549 -37.5827 86
      vertex 44.2776 -42.9219 86
    endloop
  endfacet
  facet normal 0 0 1
    outer loop
      vertex 44.2776 -42.9219 86
      vertex 42.8549 -37.5827 86
      vertex 44.1942 -42.9192 86
    endloop
  endfacet
  facet normal 0 0 1
    outer loop
      vertex 44.1942 -42.9192 86
      vertex 42.8549 -37.5827 86
      vertex 44.1108 -42.9219 86
    endloop
  endfacet
  facet normal 0 0 1
    outer loop
      vertex 44.1108 -42.9219 86
      vertex 42.8549 -37.5827 86
      vertex 44.0278 -42.9301 86
    endloop
  endfacet
  facet normal 0 0 1
    outer loop
      vertex 44.0278 -42.9301 86
      vertex 42.8549 -37.5827 86
      vertex 43.9454 -42.9437 86
    endloop
  endfacet
  facet normal 0 0 1
    outer loop
      vertex 43.9454 -42.9437 86
      vertex 42.8549 -37.5827 86
      vertex 43.8642 -42.9626 86
    endloop
  endfacet
  facet normal -0 0 1
    outer loop
      vertex 40.3051 -40.3051 86
      vertex 43.8642 -42.9626 86
      vertex 42.8549 -37.5827 86
    endloop
  endfacet
  facet normal 0 0 1
    outer loop
      vertex 43.8642 -42.9626 86
      vertex 40.3051 -40.3051 86
      vertex 43.7843 -42.9868 86
    endloop
  endfacet
  facet normal 0 0 1
    outer loop
      vertex 43.7843 -42.9868 86
      vertex 40.3051 -40.3051 86
      vertex 43.7063 -43.0162 86
    endloop
  endfacet
  facet normal 0 0 1
    outer loop
      vertex 43.7063 -43.0162 86
      vertex 40.3051 -40.3051 86
      vertex 43.6303 -43.0507 86
    endloop
  endfacet
  facet normal 0 0 1
    outer loop
      vertex 43.6303 -43.0507 86
      vertex 40.3051 -40.3051 86
      vertex 43.5567 -43.09 86
    endloop
  endfacet
  facet normal 0 0 1
    outer loop
      vertex 43.5567 -43.09 86
      vertex 40.3051 -40.3051 86
      vertex 43.4858 -43.134 86
    endloop
  endfacet
  facet normal 0 0 1
    outer loop
      vertex 43.4858 -43.134 86
      vertex 40.3051 -40.3051 86
      vertex 43.418 -43.1826 86
    endloop
  endfacet
  facet normal 0 0 1
    outer loop
      vertex 43.418 -43.1826 86
      vertex 40.3051 -40.3051 86
      vertex 43.3535 -43.2356 86
    endloop
  endfacet
  facet normal 0 0 1
    outer loop
      vertex 43.3535 -43.2356 86
      vertex 40.3051 -40.3051 86
      vertex 43.2926 -43.2926 86
    endloop
  endfacet
  facet normal 0 0 1
    outer loop
      vertex 43.2926 -43.2926 86
      vertex 40.3051 -40.3051 86
      vertex 43.2356 -43.3535 86
    endloop
  endfacet
  facet normal 0 0 1
    outer loop
      vertex 43.2356 -43.3535 86
      vertex 40.3051 -40.3051 86
      vertex 43.1826 -43.418 86
    endloop
  endfacet
  facet normal 0 0 1
    outer loop
      vertex 43.1826 -43.418 86
      vertex 40.3051 -40.3051 86
      vertex 43.134 -43.4858 86
    endloop
  endfacet
  facet normal 0 0 1
    outer loop
      vertex 43.134 -43.4858 86
      vertex 40.3051 -40.3051 86
      vertex 43.09 -43.5567 86
    endloop
  endfacet
  facet normal 0 0 1
    outer loop
      vertex 43.09 -43.5567 86
      vertex 40.3051 -40.3051 86
      vertex 43.0507 -43.6303 86
    endloop
  endfacet
  facet normal 0 0 1
    outer loop
      vertex 43.0507 -43.6303 86
      vertex 40.3051 -40.3051 86
      vertex 43.0162 -43.7063 86
    endloop
  endfacet
  facet normal 0 0 1
    outer loop
      vertex 42.9437 -43.9454 86
      vertex 37.5827 -42.8549 86
      vertex 42.9301 -44.0278 86
    endloop
  endfacet
  facet normal 0 0 1
    outer loop
      vertex 42.9626 -43.8642 86
      vertex 37.5827 -42.8549 86
      vertex 42.9437 -43.9454 86
    endloop
  endfacet
  facet normal -0 0 1
    outer loop
      vertex 37.5827 -42.8549 86
      vertex 42.9626 -43.8642 86
      vertex 40.3051 -40.3051 86
    endloop
  endfacet
  facet normal 0 0 1
    outer loop
      vertex 42.9868 -43.7843 86
      vertex 40.3051 -40.3051 86
      vertex 42.9626 -43.8642 86
    endloop
  endfacet
  facet normal 0 0 1
    outer loop
      vertex 43.0162 -43.7063 86
      vertex 40.3051 -40.3051 86
      vertex 42.9868 -43.7843 86
    endloop
  endfacet
  facet normal -0 0 1
    outer loop
      vertex 45.4447 43.9454 86
      vertex 51.6188 40.3051 86
      vertex 45.4583 44.0278 86
    endloop
  endfacet
  facet normal -0 0 1
    outer loop
      vertex 45.4257 43.8642 86
      vertex 51.6188 40.3051 86
      vertex 45.4447 43.9454 86
    endloop
  endfacet
  facet normal -0 0 1
    outer loop
      vertex 45.4015 43.7843 86
      vertex 51.6188 40.3051 86
      vertex 45.4257 43.8642 86
    endloop
  endfacet
  facet normal -0 0 1
    outer loop
      vertex 45.3721 43.7063 86
      vertex 51.6188 40.3051 86
      vertex 45.4015 43.7843 86
    endloop
  endfacet
  facet normal -0 0 1
    outer loop
      vertex 45.3377 43.6303 86
      vertex 51.6188 40.3051 86
      vertex 45.3721 43.7063 86
    endloop
  endfacet
  facet normal -0 0 1
    outer loop
      vertex 45.2984 43.5567 86
      vertex 51.6188 40.3051 86
      vertex 45.3377 43.6303 86
    endloop
  endfacet
  facet normal -0 0 1
    outer loop
      vertex 45.2543 43.4858 86
      vertex 51.6188 40.3051 86
      vertex 45.2984 43.5567 86
    endloop
  endfacet
  facet normal -0 0 1
    outer loop
      vertex 45.2057 43.418 86
      vertex 51.6188 40.3051 86
      vertex 45.2543 43.4858 86
    endloop
  endfacet
  facet normal -0 0 1
    outer loop
      vertex 45.1528 43.3535 86
      vertex 51.6188 40.3051 86
      vertex 45.2057 43.418 86
    endloop
  endfacet
  facet normal 0 0 1
    outer loop
      vertex 47.7006 36.3869 86
      vertex 45.2211 34.6994 86
      vertex 47.3938 31.6675 86
    endloop
  endfacet
  facet normal -0 0 1
    outer loop
      vertex 45.0957 43.2926 86
      vertex 51.6188 40.3051 86
      vertex 45.1528 43.3535 86
    endloop
  endfacet
  facet normal -0 0 1
    outer loop
      vertex 45.0348 43.2356 86
      vertex 51.6188 40.3051 86
      vertex 45.0957 43.2926 86
    endloop
  endfacet
  facet normal 0 0 1
    outer loop
      vertex 51.6188 40.3051 86
      vertex 45.0348 43.2356 86
      vertex 47.7006 36.3869 86
    endloop
  endfacet
  facet normal -0 0 1
    outer loop
      vertex 44.9703 43.1826 86
      vertex 47.7006 36.3869 86
      vertex 45.0348 43.2356 86
    endloop
  endfacet
  facet normal -0 0 1
    outer loop
      vertex 44.9025 43.134 86
      vertex 47.7006 36.3869 86
      vertex 44.9703 43.1826 86
    endloop
  endfacet
  facet normal -0 0 1
    outer loop
      vertex 44.8317 43.09 86
      vertex 47.7006 36.3869 86
      vertex 44.9025 43.134 86
    endloop
  endfacet
  facet normal -0 0 1
    outer loop
      vertex 44.7581 43.0507 86
      vertex 47.7006 36.3869 86
      vertex 44.8317 43.09 86
    endloop
  endfacet
  facet normal -0 0 1
    outer loop
      vertex 44.6821 43.0162 86
      vertex 47.7006 36.3869 86
      vertex 44.7581 43.0507 86
    endloop
  endfacet
  facet normal 0 0 1
    outer loop
      vertex 47.7006 36.3869 86
      vertex 44.6821 43.0162 86
      vertex 42.8549 37.5827 86
    endloop
  endfacet
  facet normal 0 0 1
    outer loop
      vertex 42.8549 37.5827 86
      vertex 44.6821 43.0162 86
      vertex 44.604 42.9868 86
    endloop
  endfacet
  facet normal 0 0 1
    outer loop
      vertex 42.8549 37.5827 86
      vertex 44.604 42.9868 86
      vertex 44.5242 42.9626 86
    endloop
  endfacet
  facet normal 0 0 1
    outer loop
      vertex 42.8549 37.5827 86
      vertex 44.5242 42.9626 86
      vertex 44.4429 42.9437 86
    endloop
  endfacet
  facet normal 0 0 1
    outer loop
      vertex 42.8549 37.5827 86
      vertex 44.4429 42.9437 86
      vertex 44.3606 42.9301 86
    endloop
  endfacet
  facet normal 0 0 1
    outer loop
      vertex 42.8549 37.5827 86
      vertex 44.3606 42.9301 86
      vertex 44.2776 42.9219 86
    endloop
  endfacet
  facet normal 0 0 1
    outer loop
      vertex 42.8549 37.5827 86
      vertex 44.2776 42.9219 86
      vertex 44.1942 42.9192 86
    endloop
  endfacet
  facet normal 0 0 1
    outer loop
      vertex 42.8549 37.5827 86
      vertex 44.1942 42.9192 86
      vertex 44.1108 42.9219 86
    endloop
  endfacet
  facet normal 0 0 1
    outer loop
      vertex 42.8549 37.5827 86
      vertex 44.1108 42.9219 86
      vertex 44.0278 42.9301 86
    endloop
  endfacet
  facet normal 0 0 1
    outer loop
      vertex 42.8549 37.5827 86
      vertex 44.0278 42.9301 86
      vertex 43.9454 42.9437 86
    endloop
  endfacet
  facet normal 0 0 1
    outer loop
      vertex 42.8549 37.5827 86
      vertex 43.9454 42.9437 86
      vertex 43.8642 42.9626 86
    endloop
  endfacet
  facet normal 0 0 1
    outer loop
      vertex 42.8549 37.5827 86
      vertex 43.8642 42.9626 86
      vertex 43.7843 42.9868 86
    endloop
  endfacet
  facet normal 0 0 1
    outer loop
      vertex 42.8549 37.5827 86
      vertex 43.7843 42.9868 86
      vertex 43.7063 43.0162 86
    endloop
  endfacet
  facet normal 0 0 1
    outer loop
      vertex 42.8549 37.5827 86
      vertex 43.7063 43.0162 86
      vertex 43.6303 43.0507 86
    endloop
  endfacet
  facet normal 0 0 1
    outer loop
      vertex 42.8549 37.5827 86
      vertex 43.6303 43.0507 86
      vertex 43.5567 43.09 86
    endloop
  endfacet
  facet normal 0 0 1
    outer loop
      vertex 42.8549 37.5827 86
      vertex 43.5567 43.09 86
      vertex 43.4858 43.134 86
    endloop
  endfacet
  facet normal 0 0 1
    outer loop
      vertex 42.8549 37.5827 86
      vertex 43.4858 43.134 86
      vertex 43.418 43.1826 86
    endloop
  endfacet
  facet normal 0 0 1
    outer loop
      vertex 42.8549 37.5827 86
      vertex 43.418 43.1826 86
      vertex 43.3535 43.2356 86
    endloop
  endfacet
  facet normal 0 0 1
    outer loop
      vertex 42.8549 37.5827 86
      vertex 43.3535 43.2356 86
      vertex 43.2926 43.2926 86
    endloop
  endfacet
  facet normal 0 0 1
    outer loop
      vertex 42.8549 37.5827 86
      vertex 43.2926 43.2926 86
      vertex 43.2356 43.3535 86
    endloop
  endfacet
  facet normal 0 0 1
    outer loop
      vertex 42.8549 37.5827 86
      vertex 43.2356 43.3535 86
      vertex 43.1826 43.418 86
    endloop
  endfacet
  facet normal 0 0 1
    outer loop
      vertex 42.8549 37.5827 86
      vertex 43.1826 43.418 86
      vertex 43.134 43.4858 86
    endloop
  endfacet
  facet normal 0 0 1
    outer loop
      vertex 42.8549 37.5827 86
      vertex 43.134 43.4858 86
      vertex 43.09 43.5567 86
    endloop
  endfacet
  facet normal 0 0 1
    outer loop
      vertex 42.8549 37.5827 86
      vertex 43.09 43.5567 86
      vertex 43.0507 43.6303 86
    endloop
  endfacet
  facet normal 0 0 1
    outer loop
      vertex 42.8549 37.5827 86
      vertex 43.0507 43.6303 86
      vertex 43.0162 43.7063 86
    endloop
  endfacet
  facet normal 0 0 1
    outer loop
      vertex 42.8549 37.5827 86
      vertex 43.0162 43.7063 86
      vertex 42.9868 43.7843 86
    endloop
  endfacet
  facet normal 0 0 1
    outer loop
      vertex 42.8549 37.5827 86
      vertex 42.9868 43.7843 86
      vertex 42.9626 43.8642 86
    endloop
  endfacet
  facet normal 0 0 1
    outer loop
      vertex 47.7006 36.3869 86
      vertex 42.8549 37.5827 86
      vertex 45.2211 34.6994 86
    endloop
  endfacet
  facet normal 0 0 1
    outer loop
      vertex 42.9437 43.9454 86
      vertex 42.8549 37.5827 86
      vertex 42.9626 43.8642 86
    endloop
  endfacet
  facet normal 0 0 1
    outer loop
      vertex 42.9301 44.0278 86
      vertex 42.8549 37.5827 86
      vertex 42.9437 43.9454 86
    endloop
  endfacet
  facet normal 0 0 1
    outer loop
      vertex 42.9219 44.2776 86
      vertex 37.5827 42.8549 86
      vertex 42.9192 44.1942 86
    endloop
  endfacet
  facet normal 0 0 1
    outer loop
      vertex 42.9301 44.3606 86
      vertex 37.5827 42.8549 86
      vertex 42.9219 44.2776 86
    endloop
  endfacet
  facet normal -0.528061 -0.849207 0
    outer loop
      vertex -33.3342 -49.8882 0
      vertex -30 -51.9615 86
      vertex -33.3342 -49.8882 86
    endloop
  endfacet
  facet normal -0.528061 -0.849207 -0
    outer loop
      vertex -30 -51.9615 86
      vertex -33.3342 -49.8882 0
      vertex -30 -51.9615 0
    endloop
  endfacet
  facet normal -0.634399 0.773005 0
    outer loop
      vertex -36.5257 47.6012 0
      vertex -39.5607 45.1104 72
      vertex -36.5257 47.6012 72
    endloop
  endfacet
  facet normal -0.634399 0.773005 0
    outer loop
      vertex -39.5607 45.1104 72
      vertex -36.5257 47.6012 0
      vertex -39.5607 45.1104 0
    endloop
  endfacet
  facet normal -0.935908 0.352245 0
    outer loop
      vertex -56.8158 19.2864 0
      vertex -55.4328 22.961 86
      vertex -55.4328 22.961 0
    endloop
  endfacet
  facet normal -0.935908 0.352245 0
    outer loop
      vertex -55.4328 22.961 86
      vertex -56.8158 19.2864 0
      vertex -56.8158 19.2864 86
    endloop
  endfacet
  facet normal 0.0980062 -0.995186 0
    outer loop
      vertex 3.92419 -59.8715 0
      vertex 7.83157 -59.4867 86
      vertex 3.92419 -59.8715 86
    endloop
  endfacet
  facet normal 0.0980062 -0.995186 0
    outer loop
      vertex 7.83157 -59.4867 86
      vertex 3.92419 -59.8715 0
      vertex 7.83157 -59.4867 0
    endloop
  endfacet
  facet normal -0.290293 -0.956938 0
    outer loop
      vertex -19.2864 -56.8158 0
      vertex -15.5291 -57.9556 86
      vertex -19.2864 -56.8158 86
    endloop
  endfacet
  facet normal -0.290293 -0.956938 -0
    outer loop
      vertex -15.5291 -57.9556 86
      vertex -19.2864 -56.8158 0
      vertex -15.5291 -57.9556 0
    endloop
  endfacet
  facet normal 0.471406 -0.881916 0
    outer loop
      vertex 26.5373 -53.8124 0
      vertex 30 -51.9615 86
      vertex 26.5373 -53.8124 86
    endloop
  endfacet
  facet normal 0.471406 -0.881916 0
    outer loop
      vertex 30 -51.9615 86
      vertex 26.5373 -53.8124 0
      vertex 30 -51.9615 0
    endloop
  endfacet
  facet normal 0.352245 0.935908 0
    outer loop
      vertex 22.961 55.4328 86
      vertex 19.2864 56.8158 41.5136
      vertex 19.2864 56.8158 86
    endloop
  endfacet
  facet normal 0.352244 0.935908 9.82264e-08
    outer loop
      vertex 22.961 55.4328 86
      vertex 22.8 55.4934 38
      vertex 19.2864 56.8158 41.5136
    endloop
  endfacet
  facet normal 0.35227 0.935898 0
    outer loop
      vertex 22.961 55.4328 86
      vertex 22.8 55.4934 16
      vertex 22.8 55.4934 38
    endloop
  endfacet
  facet normal 0.35227 0.935898 -0
    outer loop
      vertex 22.961 55.4328 0
      vertex 22.8 55.4934 16
      vertex 22.961 55.4328 86
    endloop
  endfacet
  facet normal 0.352245 0.935908 -2.82713e-07
    outer loop
      vertex 19.2864 56.8158 0
      vertex 22.8 55.4934 16
      vertex 22.961 55.4328 0
    endloop
  endfacet
  facet normal 0.352244 0.935908 0
    outer loop
      vertex 22.8 55.4934 16
      vertex 19.2864 56.8158 0
      vertex 19.2864 56.8158 16
    endloop
  endfacet
  facet normal -0.773005 -0.634399 0
    outer loop
      vertex -45.1104 -39.5607 0
      vertex -47.6012 -36.5257 72
      vertex -47.6012 -36.5257 0
    endloop
  endfacet
  facet normal -0.773005 -0.634399 0
    outer loop
      vertex -47.6012 -36.5257 72
      vertex -45.1104 -39.5607 0
      vertex -45.1104 -39.5607 72
    endloop
  endfacet
  facet normal -0.773005 0.634399 0
    outer loop
      vertex -47.6012 36.5257 0
      vertex -45.1104 39.5607 72
      vertex -45.1104 39.5607 0
    endloop
  endfacet
  facet normal -0.773005 0.634399 0
    outer loop
      vertex -45.1104 39.5607 72
      vertex -47.6012 36.5257 0
      vertex -47.6012 36.5257 72
    endloop
  endfacet
  facet normal -0.881916 0.471406 0
    outer loop
      vertex -53.8124 26.5373 0
      vertex -51.9615 30 86
      vertex -51.9615 30 0
    endloop
  endfacet
  facet normal -0.881916 0.471406 0
    outer loop
      vertex -51.9615 30 86
      vertex -53.8124 26.5373 0
      vertex -53.8124 26.5373 86
    endloop
  endfacet
  facet normal -0.412707 0.910864 0
    outer loop
      vertex -22.961 55.4328 0
      vertex -26.5373 53.8124 86
      vertex -22.961 55.4328 86
    endloop
  endfacet
  facet normal -0.412707 0.910864 0
    outer loop
      vertex -26.5373 53.8124 86
      vertex -22.961 55.4328 0
      vertex -26.5373 53.8124 0
    endloop
  endfacet
  facet normal -0.910864 -0.412707 0
    outer loop
      vertex -53.8124 -26.5373 0
      vertex -55.4328 -22.961 86
      vertex -55.4328 -22.961 0
    endloop
  endfacet
  facet normal -0.910864 -0.412707 0
    outer loop
      vertex -55.4328 -22.961 86
      vertex -53.8124 -26.5373 0
      vertex -53.8124 -26.5373 86
    endloop
  endfacet
  facet normal -0.471406 -0.881916 0
    outer loop
      vertex -30 -51.9615 0
      vertex -26.5373 -53.8124 86
      vertex -30 -51.9615 86
    endloop
  endfacet
  facet normal -0.471406 -0.881916 -0
    outer loop
      vertex -26.5373 -53.8124 86
      vertex -30 -51.9615 0
      vertex -26.5373 -53.8124 0
    endloop
  endfacet
  facet normal -0.881916 -0.471406 0
    outer loop
      vertex -51.9615 -30 0
      vertex -53.8124 -26.5373 86
      vertex -53.8124 -26.5373 0
    endloop
  endfacet
  facet normal -0.881916 -0.471406 0
    outer loop
      vertex -53.8124 -26.5373 86
      vertex -51.9615 -30 0
      vertex -51.9615 -30 86
    endloop
  endfacet
  facet normal -0.352245 -0.935908 0
    outer loop
      vertex -22.961 -55.4328 0
      vertex -19.2864 -56.8158 86
      vertex -22.961 -55.4328 86
    endloop
  endfacet
  facet normal -0.352245 -0.935908 -0
    outer loop
      vertex -19.2864 -56.8158 86
      vertex -22.961 -55.4328 0
      vertex -19.2864 -56.8158 0
    endloop
  endfacet
  facet normal 0 0 -1
    outer loop
      vertex 19.5044 50.0578 0
      vertex 22.7286 49.9874 0
      vertex 22.7125 49.6934 0
    endloop
  endfacet
  facet normal 0 0 -1
    outer loop
      vertex 22.7286 49.9874 0
      vertex 19.5044 50.0578 0
      vertex 22.7254 50.2819 0
    endloop
  endfacet
  facet normal 0 0 -1
    outer loop
      vertex 19.4998 49.9745 0
      vertex 22.7125 49.6934 0
      vertex 22.6773 49.4011 0
    endloop
  endfacet
  facet normal 0 0 -1
    outer loop
      vertex 19.5035 50.1412 0
      vertex 22.7254 50.2819 0
      vertex 19.5044 50.0578 0
    endloop
  endfacet
  facet normal 0 0 -1
    outer loop
      vertex 19.4898 49.8917 0
      vertex 22.6773 49.4011 0
      vertex 22.623 49.1116 0
    endloop
  endfacet
  facet normal -0 0 -1
    outer loop
      vertex 22.7254 50.2819 0
      vertex 19.5035 50.1412 0
      vertex 22.7029 50.5755 0
    endloop
  endfacet
  facet normal 0 0 -1
    outer loop
      vertex 19.4744 49.8097 0
      vertex 22.623 49.1116 0
      vertex 22.5499 48.8264 0
    endloop
  endfacet
  facet normal 0 0 -1
    outer loop
      vertex 19.4971 50.2244 0
      vertex 22.7029 50.5755 0
      vertex 19.5035 50.1412 0
    endloop
  endfacet
  facet normal 0 0 -1
    outer loop
      vertex 19.4537 49.7288 0
      vertex 22.5499 48.8264 0
      vertex 22.4583 48.5465 0
    endloop
  endfacet
  facet normal -0 0 -1
    outer loop
      vertex 22.7029 50.5755 0
      vertex 19.4971 50.2244 0
      vertex 22.6613 50.867 0
    endloop
  endfacet
  facet normal 0 0 -1
    outer loop
      vertex 19.4278 49.6495 0
      vertex 22.4583 48.5465 0
      vertex 22.3486 48.2733 0
    endloop
  endfacet
  facet normal 0 0 -1
    outer loop
      vertex 19.4853 50.307 0
      vertex 22.6613 50.867 0
      vertex 19.4971 50.2244 0
    endloop
  endfacet
  facet normal 0 0 -1
    outer loop
      vertex 19.3967 49.5721 0
      vertex 22.3486 48.2733 0
      vertex 22.2212 48.0077 0
    endloop
  endfacet
  facet normal -0 0 -1
    outer loop
      vertex 22.6613 50.867 0
      vertex 19.4853 50.307 0
      vertex 22.6007 51.1552 0
    endloop
  endfacet
  facet normal 0 0 -1
    outer loop
      vertex 19.3606 49.4969 0
      vertex 22.2212 48.0077 0
      vertex 22.0768 47.7511 0
    endloop
  endfacet
  facet normal 0 0 -1
    outer loop
      vertex 19.4681 50.3887 0
      vertex 22.6007 51.1552 0
      vertex 19.4853 50.307 0
    endloop
  endfacet
  facet normal 0 0 -1
    outer loop
      vertex 19.4457 50.469 0
      vertex 22.5214 51.4388 0
      vertex 19.4681 50.3887 0
    endloop
  endfacet
  facet normal 0 0 -1
    outer loop
      vertex 19.3197 49.4242 0
      vertex 22.0768 47.7511 0
      vertex 21.9159 47.5045 0
    endloop
  endfacet
  facet normal 0 0 -1
    outer loop
      vertex 57 0 0
      vertex 60 0 0
      vertex 59.8715 -3.92419 0
    endloop
  endfacet
  facet normal 0 0 -1
    outer loop
      vertex 56.878 -3.72798 0
      vertex 59.8715 -3.92419 0
      vertex 59.4867 -7.83157 0
    endloop
  endfacet
  facet normal 0 0 -1
    outer loop
      vertex 60 0 0
      vertex 57 0 0
      vertex 59.8715 3.92419 0
    endloop
  endfacet
  facet normal 0 0 -1
    outer loop
      vertex 56.5124 -7.43999 0
      vertex 59.4867 -7.83157 0
      vertex 58.8471 -11.7054 0
    endloop
  endfacet
  facet normal 0 0 -1
    outer loop
      vertex 56.878 3.72798 0
      vertex 59.8715 3.92419 0
      vertex 57 0 0
    endloop
  endfacet
  facet normal 0 0 -1
    outer loop
      vertex 55.9048 -11.1201 0
      vertex 58.8471 -11.7054 0
      vertex 57.9556 -15.5291 0
    endloop
  endfacet
  facet normal -0 0 -1
    outer loop
      vertex 59.8715 3.92419 0
      vertex 56.878 3.72798 0
      vertex 59.4867 7.83157 0
    endloop
  endfacet
  facet normal 0 0 -1
    outer loop
      vertex 56.5124 7.43999 0
      vertex 59.4867 7.83157 0
      vertex 56.878 3.72798 0
    endloop
  endfacet
  facet normal 0 0 -1
    outer loop
      vertex 59.8715 -3.92419 0
      vertex 56.878 -3.72798 0
      vertex 57 0 0
    endloop
  endfacet
  facet normal 0 0 -1
    outer loop
      vertex 55.0578 -14.7527 0
      vertex 57.9556 -15.5291 0
      vertex 56.8158 -19.2864 0
    endloop
  endfacet
  facet normal 0 0 -1
    outer loop
      vertex 59.4867 -7.83157 0
      vertex 56.5124 -7.43999 0
      vertex 56.878 -3.72798 0
    endloop
  endfacet
  facet normal 0 0 -1
    outer loop
      vertex 58.8471 -11.7054 0
      vertex 55.9048 -11.1201 0
      vertex 56.5124 -7.43999 0
    endloop
  endfacet
  facet normal 0 0 -1
    outer loop
      vertex 53.975 -18.322 0
      vertex 56.8158 -19.2864 0
      vertex 55.4328 -22.961 0
    endloop
  endfacet
  facet normal 0 0 -1
    outer loop
      vertex 57.9556 -15.5291 0
      vertex 55.0578 -14.7527 0
      vertex 55.9048 -11.1201 0
    endloop
  endfacet
  facet normal 0 0 -1
    outer loop
      vertex 56.8158 -19.2864 0
      vertex 53.975 -18.322 0
      vertex 55.0578 -14.7527 0
    endloop
  endfacet
  facet normal 0 0 -1
    outer loop
      vertex 52.6611 -21.813 0
      vertex 55.4328 -22.961 0
      vertex 53.8124 -26.5373 0
    endloop
  endfacet
  facet normal 0 0 -1
    outer loop
      vertex 55.4328 -22.961 0
      vertex 52.6611 -21.813 0
      vertex 53.975 -18.322 0
    endloop
  endfacet
  facet normal 0 0 -1
    outer loop
      vertex 51.1217 -25.2105 0
      vertex 53.8124 -26.5373 0
      vertex 51.9615 -30 0
    endloop
  endfacet
  facet normal 0 0 -1
    outer loop
      vertex 53.8124 -26.5373 0
      vertex 51.1217 -25.2105 0
      vertex 52.6611 -21.813 0
    endloop
  endfacet
  facet normal 0 0 -1
    outer loop
      vertex 49.3634 -28.5 0
      vertex 51.9615 -30 0
      vertex 49.8882 -33.3342 0
    endloop
  endfacet
  facet normal 0 0 -1
    outer loop
      vertex 51.9615 -30 0
      vertex 49.3634 -28.5 0
      vertex 51.1217 -25.2105 0
    endloop
  endfacet
  facet normal 0 0 -1
    outer loop
      vertex 47.3938 -31.6675 0
      vertex 49.8882 -33.3342 0
      vertex 47.6012 -36.5257 0
    endloop
  endfacet
  facet normal 0 0 -1
    outer loop
      vertex 49.8882 -33.3342 0
      vertex 47.3938 -31.6675 0
      vertex 49.3634 -28.5 0
    endloop
  endfacet
  facet normal 0 0 -1
    outer loop
      vertex 47.6012 -36.5257 0
      vertex 45.2211 -34.6994 0
      vertex 47.3938 -31.6675 0
    endloop
  endfacet
  facet normal 0 0 -1
    outer loop
      vertex 45.1104 -39.5607 0
      vertex 45.2211 -34.6994 0
      vertex 47.6012 -36.5257 0
    endloop
  endfacet
  facet normal 0 0 -1
    outer loop
      vertex 45.1104 -39.5607 0
      vertex 42.8549 -37.5827 0
      vertex 45.2211 -34.6994 0
    endloop
  endfacet
  facet normal 0 0 -1
    outer loop
      vertex 42.4264 -42.4264 0
      vertex 42.8549 -37.5827 0
      vertex 45.1104 -39.5607 0
    endloop
  endfacet
  facet normal 0 0 -1
    outer loop
      vertex 42.4264 -42.4264 0
      vertex 40.3051 -40.3051 0
      vertex 42.8549 -37.5827 0
    endloop
  endfacet
  facet normal 0 0 -1
    outer loop
      vertex 38.6379 -41.8666 0
      vertex 42.4264 -42.4264 0
      vertex 39.5607 -45.1104 0
    endloop
  endfacet
  facet normal 0 0 -1
    outer loop
      vertex 42.4264 -42.4264 0
      vertex 38.6379 -41.8666 0
      vertex 40.3051 -40.3051 0
    endloop
  endfacet
  facet normal 0 0 -1
    outer loop
      vertex 35.528 -40.6914 0
      vertex 38.7338 -40.3403 0
      vertex 35.5344 -40.7746 0
    endloop
  endfacet
  facet normal 0 0 -1
    outer loop
      vertex 35.5162 -40.6088 0
      vertex 38.6922 -40.0488 0
      vertex 35.528 -40.6914 0
    endloop
  endfacet
  facet normal -0 0 -1
    outer loop
      vertex 38.6922 -40.0488 0
      vertex 35.5162 -40.6088 0
      vertex 38.6316 -39.7606 0
    endloop
  endfacet
  facet normal -0 0 -1
    outer loop
      vertex 38.6316 -39.7606 0
      vertex 35.499 -40.5271 0
      vertex 38.5523 -39.477 0
    endloop
  endfacet
  facet normal 0 0 -1
    outer loop
      vertex 35.4766 -40.4468 0
      vertex 38.5523 -39.477 0
      vertex 35.499 -40.5271 0
    endloop
  endfacet
  facet normal 0 0 -1
    outer loop
      vertex 35.4489 -40.3681 0
      vertex 38.4546 -39.1992 0
      vertex 35.4766 -40.4468 0
    endloop
  endfacet
  facet normal -0 0 -1
    outer loop
      vertex 38.4546 -39.1992 0
      vertex 35.4489 -40.3681 0
      vertex 38.339 -38.9284 0
    endloop
  endfacet
  facet normal -0 0 -1
    outer loop
      vertex 38.339 -38.9284 0
      vertex 35.4161 -40.2913 0
      vertex 38.2058 -38.6657 0
    endloop
  endfacet
  facet normal 0 0 -1
    outer loop
      vertex 35.3784 -40.2169 0
      vertex 38.2058 -38.6657 0
      vertex 35.4161 -40.2913 0
    endloop
  endfacet
  facet normal 0 0 -1
    outer loop
      vertex 34.5647 -45.3176 0
      vertex 38.6379 -41.8666 0
      vertex 39.5607 -45.1104 0
    endloop
  endfacet
  facet normal -0 0 -1
    outer loop
      vertex 38.7338 -40.3403 0
      vertex 35.528 -40.6914 0
      vertex 38.6922 -40.0488 0
    endloop
  endfacet
  facet normal -0 0 -1
    outer loop
      vertex 38.5523 -39.477 0
      vertex 35.4766 -40.4468 0
      vertex 38.4546 -39.1992 0
    endloop
  endfacet
  facet normal 0 0 -1
    outer loop
      vertex 35.4161 -40.2913 0
      vertex 38.339 -38.9284 0
      vertex 35.4489 -40.3681 0
    endloop
  endfacet
  facet normal 0 0 -1
    outer loop
      vertex 34.5647 -45.3176 0
      vertex 39.5607 -45.1104 0
      vertex 36.5257 -47.6012 0
    endloop
  endfacet
  facet normal 0 0 -1
    outer loop
      vertex 38.6379 -41.8666 0
      vertex 35.5307 -40.9413 0
      vertex 35.5353 -40.858 0
    endloop
  endfacet
  facet normal 0 0 -1
    outer loop
      vertex 35.499 -40.5271 0
      vertex 38.6316 -39.7606 0
      vertex 35.5162 -40.6088 0
    endloop
  endfacet
  facet normal 0 0 -1
    outer loop
      vertex 35.3359 -40.1451 0
      vertex 38.0558 -38.4123 0
      vertex 35.3784 -40.2169 0
    endloop
  endfacet
  facet normal -0 0 -1
    outer loop
      vertex 38.0558 -38.4123 0
      vertex 35.3359 -40.1451 0
      vertex 37.8896 -38.1693 0
    endloop
  endfacet
  facet normal -0 0 -1
    outer loop
      vertex 38.2058 -38.6657 0
      vertex 35.3784 -40.2169 0
      vertex 38.0558 -38.4123 0
    endloop
  endfacet
  facet normal 0 0 -1
    outer loop
      vertex 38.6379 -41.8666 0
      vertex 35.5207 -41.0241 0
      vertex 35.5307 -40.9413 0
    endloop
  endfacet
  facet normal 0 0 -1
    outer loop
      vertex 38.6379 -41.8666 0
      vertex 35.5054 -41.1061 0
      vertex 35.5207 -41.0241 0
    endloop
  endfacet
  facet normal 0 0 -1
    outer loop
      vertex 38.6379 -41.8666 0
      vertex 35.4846 -41.187 0
      vertex 35.5054 -41.1061 0
    endloop
  endfacet
  facet normal 0 0 -1
    outer loop
      vertex 38.6379 -41.8666 0
      vertex 35.4587 -41.2662 0
      vertex 35.4846 -41.187 0
    endloop
  endfacet
  facet normal 0 0 -1
    outer loop
      vertex 38.6379 -41.8666 0
      vertex 35.4276 -41.3437 0
      vertex 35.4587 -41.2662 0
    endloop
  endfacet
  facet normal 0 0 -1
    outer loop
      vertex 38.6379 -41.8666 0
      vertex 35.3915 -41.4189 0
      vertex 35.4276 -41.3437 0
    endloop
  endfacet
  facet normal 0 0 -1
    outer loop
      vertex 38.6379 -41.8666 0
      vertex 35.3506 -41.4916 0
      vertex 35.3915 -41.4189 0
    endloop
  endfacet
  facet normal 0 0 -1
    outer loop
      vertex 38.6379 -41.8666 0
      vertex 35.305 -41.5615 0
      vertex 35.3506 -41.4916 0
    endloop
  endfacet
  facet normal 0 0 -1
    outer loop
      vertex 38.6379 -41.8666 0
      vertex 35.2549 -41.6282 0
      vertex 35.305 -41.5615 0
    endloop
  endfacet
  facet normal 0 -0 -1
    outer loop
      vertex 35.0801 -41.8069 0
      vertex 38.6379 -41.8666 0
      vertex 34.5647 -45.3176 0
    endloop
  endfacet
  facet normal 0 0 -1
    outer loop
      vertex 38.6379 -41.8666 0
      vertex 35.2006 -41.6915 0
      vertex 35.2549 -41.6282 0
    endloop
  endfacet
  facet normal 0 0 -1
    outer loop
      vertex 38.6379 -41.8666 0
      vertex 35.1423 -41.7512 0
      vertex 35.2006 -41.6915 0
    endloop
  endfacet
  facet normal 0 0 -1
    outer loop
      vertex 38.6379 -41.8666 0
      vertex 35.0801 -41.8069 0
      vertex 35.1423 -41.7512 0
    endloop
  endfacet
  facet normal 0 0 -1
    outer loop
      vertex 35.0801 -41.8069 0
      vertex 34.5647 -45.3176 0
      vertex 35.0145 -41.8584 0
    endloop
  endfacet
  facet normal 0 0 -1
    outer loop
      vertex 35.0145 -41.8584 0
      vertex 34.5647 -45.3176 0
      vertex 34.9456 -41.9055 0
    endloop
  endfacet
  facet normal 0 0 -1
    outer loop
      vertex 34.9456 -41.9055 0
      vertex 34.5647 -45.3176 0
      vertex 34.8738 -41.948 0
    endloop
  endfacet
  facet normal 0 0 -1
    outer loop
      vertex 34.8738 -41.948 0
      vertex 34.5647 -45.3176 0
      vertex 34.7994 -41.9857 0
    endloop
  endfacet
  facet normal 0 0 -1
    outer loop
      vertex 34.7994 -41.9857 0
      vertex 34.5647 -45.3176 0
      vertex 34.7227 -42.0185 0
    endloop
  endfacet
  facet normal 0 0 -1
    outer loop
      vertex 34.7227 -42.0185 0
      vertex 34.5647 -45.3176 0
      vertex 34.644 -42.0462 0
    endloop
  endfacet
  facet normal 0 0 -1
    outer loop
      vertex 33.3342 -49.8882 0
      vertex 34.5647 -45.3176 0
      vertex 36.5257 -47.6012 0
    endloop
  endfacet
  facet normal 0 0 -1
    outer loop
      vertex 33.3342 -49.8882 0
      vertex 31.6675 -47.3938 0
      vertex 34.5647 -45.3176 0
    endloop
  endfacet
  facet normal 0 0 -1
    outer loop
      vertex 30 -51.9615 0
      vertex 31.6675 -47.3938 0
      vertex 33.3342 -49.8882 0
    endloop
  endfacet
  facet normal 0 0 -1
    outer loop
      vertex 30 -51.9615 0
      vertex 28.5 -49.3634 0
      vertex 31.6675 -47.3938 0
    endloop
  endfacet
  facet normal 0 0 -1
    outer loop
      vertex 26.5373 -53.8124 0
      vertex 28.5 -49.3634 0
      vertex 30 -51.9615 0
    endloop
  endfacet
  facet normal 0 0 -1
    outer loop
      vertex 26.5373 -53.8124 0
      vertex 25.2105 -51.1217 0
      vertex 28.5 -49.3634 0
    endloop
  endfacet
  facet normal 0 0 -1
    outer loop
      vertex 22.961 -55.4328 0
      vertex 25.2105 -51.1217 0
      vertex 26.5373 -53.8124 0
    endloop
  endfacet
  facet normal 0 0 -1
    outer loop
      vertex 22.961 -55.4328 0
      vertex 21.813 -52.6611 0
      vertex 25.2105 -51.1217 0
    endloop
  endfacet
  facet normal 0 0 -1
    outer loop
      vertex 19.2864 -56.8158 0
      vertex 21.813 -52.6611 0
      vertex 22.961 -55.4328 0
    endloop
  endfacet
  facet normal 0 0 -1
    outer loop
      vertex 19.2864 -56.8158 0
      vertex 18.322 -53.975 0
      vertex 21.813 -52.6611 0
    endloop
  endfacet
  facet normal 0 0 -1
    outer loop
      vertex 15.5291 -57.9556 0
      vertex 18.322 -53.975 0
      vertex 19.2864 -56.8158 0
    endloop
  endfacet
  facet normal 0 0 -1
    outer loop
      vertex 15.5291 -57.9556 0
      vertex 14.7527 -55.0578 0
      vertex 18.322 -53.975 0
    endloop
  endfacet
  facet normal 0 0 -1
    outer loop
      vertex 11.7054 -58.8471 0
      vertex 14.7527 -55.0578 0
      vertex 15.5291 -57.9556 0
    endloop
  endfacet
  facet normal 0 0 -1
    outer loop
      vertex 11.7054 -58.8471 0
      vertex 11.1201 -55.9048 0
      vertex 14.7527 -55.0578 0
    endloop
  endfacet
  facet normal 0 0 -1
    outer loop
      vertex 7.83157 -59.4867 0
      vertex 11.1201 -55.9048 0
      vertex 11.7054 -58.8471 0
    endloop
  endfacet
  facet normal 0 0 -1
    outer loop
      vertex 7.83157 -59.4867 0
      vertex 7.43999 -56.5124 0
      vertex 11.1201 -55.9048 0
    endloop
  endfacet
  facet normal 0 0 -1
    outer loop
      vertex 3.92419 -59.8715 0
      vertex 7.43999 -56.5124 0
      vertex 7.83157 -59.4867 0
    endloop
  endfacet
  facet normal 0 0 -1
    outer loop
      vertex 3.92419 -59.8715 0
      vertex 3.72798 -56.878 0
      vertex 7.43999 -56.5124 0
    endloop
  endfacet
  facet normal 0 0 -1
    outer loop
      vertex 0 -60 0
      vertex 3.72798 -56.878 0
      vertex 3.92419 -59.8715 0
    endloop
  endfacet
  facet normal 0 0 -1
    outer loop
      vertex 0 -60 0
      vertex 0 -57 0
      vertex 3.72798 -56.878 0
    endloop
  endfacet
  facet normal 0 0 -1
    outer loop
      vertex 0 -60 0
      vertex -3.72798 -56.878 0
      vertex 0 -57 0
    endloop
  endfacet
  facet normal 0 0 -1
    outer loop
      vertex -3.92419 -59.8715 0
      vertex -3.72798 -56.878 0
      vertex 0 -60 0
    endloop
  endfacet
  facet normal 0 0 -1
    outer loop
      vertex -3.92419 -59.8715 0
      vertex -7.43999 -56.5124 0
      vertex -3.72798 -56.878 0
    endloop
  endfacet
  facet normal 0 0 -1
    outer loop
      vertex -7.83157 -59.4867 0
      vertex -7.43999 -56.5124 0
      vertex -3.92419 -59.8715 0
    endloop
  endfacet
  facet normal 0 0 -1
    outer loop
      vertex -7.83157 -59.4867 0
      vertex -11.1201 -55.9048 0
      vertex -7.43999 -56.5124 0
    endloop
  endfacet
  facet normal 0 0 -1
    outer loop
      vertex -11.7054 -58.8471 0
      vertex -11.1201 -55.9048 0
      vertex -7.83157 -59.4867 0
    endloop
  endfacet
  facet normal 0 0 -1
    outer loop
      vertex -11.7054 -58.8471 0
      vertex -14.7527 -55.0578 0
      vertex -11.1201 -55.9048 0
    endloop
  endfacet
  facet normal 0 0 -1
    outer loop
      vertex -15.5291 -57.9556 0
      vertex -14.7527 -55.0578 0
      vertex -11.7054 -58.8471 0
    endloop
  endfacet
  facet normal 0 0 -1
    outer loop
      vertex -15.5291 -57.9556 0
      vertex -18.322 -53.975 0
      vertex -14.7527 -55.0578 0
    endloop
  endfacet
  facet normal 0 0 -1
    outer loop
      vertex -19.2864 -56.8158 0
      vertex -18.322 -53.975 0
      vertex -15.5291 -57.9556 0
    endloop
  endfacet
  facet normal 0 0 -1
    outer loop
      vertex -19.2864 -56.8158 0
      vertex -21.813 -52.6611 0
      vertex -18.322 -53.975 0
    endloop
  endfacet
  facet normal 0 0 -1
    outer loop
      vertex -22.961 -55.4328 0
      vertex -21.813 -52.6611 0
      vertex -19.2864 -56.8158 0
    endloop
  endfacet
  facet normal 0 0 -1
    outer loop
      vertex -22.961 -55.4328 0
      vertex -25.2105 -51.1217 0
      vertex -21.813 -52.6611 0
    endloop
  endfacet
  facet normal 0 0 -1
    outer loop
      vertex -26.5373 -53.8124 0
      vertex -25.2105 -51.1217 0
      vertex -22.961 -55.4328 0
    endloop
  endfacet
  facet normal 0 0 -1
    outer loop
      vertex -26.5373 -53.8124 0
      vertex -28.5 -49.3634 0
      vertex -25.2105 -51.1217 0
    endloop
  endfacet
  facet normal 0 0 -1
    outer loop
      vertex -30 -51.9615 0
      vertex -28.5 -49.3634 0
      vertex -26.5373 -53.8124 0
    endloop
  endfacet
  facet normal 0 0 -1
    outer loop
      vertex -30 -51.9615 0
      vertex -31.6675 -47.3938 0
      vertex -28.5 -49.3634 0
    endloop
  endfacet
  facet normal 0 0 -1
    outer loop
      vertex -33.3342 -49.8882 0
      vertex -31.6675 -47.3938 0
      vertex -30 -51.9615 0
    endloop
  endfacet
  facet normal 0 0 -1
    outer loop
      vertex -33.3342 -49.8882 0
      vertex -34.6994 -45.2211 0
      vertex -31.6675 -47.3938 0
    endloop
  endfacet
  facet normal 0 0 -1
    outer loop
      vertex -36.5257 -47.6012 0
      vertex -34.6994 -45.2211 0
      vertex -33.3342 -49.8882 0
    endloop
  endfacet
  facet normal 0 0 -1
    outer loop
      vertex -36.5257 -47.6012 0
      vertex -37.5827 -42.8549 0
      vertex -34.6994 -45.2211 0
    endloop
  endfacet
  facet normal 0 0 -1
    outer loop
      vertex -39.5607 -45.1104 0
      vertex -37.5827 -42.8549 0
      vertex -36.5257 -47.6012 0
    endloop
  endfacet
  facet normal 0 0 -1
    outer loop
      vertex -39.5607 -45.1104 0
      vertex -40.3051 -40.3051 0
      vertex -37.5827 -42.8549 0
    endloop
  endfacet
  facet normal 0 0 -1
    outer loop
      vertex -42.4264 -42.4264 0
      vertex -40.3051 -40.3051 0
      vertex -39.5607 -45.1104 0
    endloop
  endfacet
  facet normal 0 0 -1
    outer loop
      vertex -42.4264 -42.4264 0
      vertex -42.8549 -37.5827 0
      vertex -40.3051 -40.3051 0
    endloop
  endfacet
  facet normal 0 0 -1
    outer loop
      vertex -45.1104 -39.5607 0
      vertex -42.8549 -37.5827 0
      vertex -42.4264 -42.4264 0
    endloop
  endfacet
  facet normal 0 0 -1
    outer loop
      vertex -45.1104 -39.5607 0
      vertex -45.2211 -34.6994 0
      vertex -42.8549 -37.5827 0
    endloop
  endfacet
  facet normal 0 0 -1
    outer loop
      vertex -47.6012 -36.5257 0
      vertex -45.2211 -34.6994 0
      vertex -45.1104 -39.5607 0
    endloop
  endfacet
  facet normal -0 0 -1
    outer loop
      vertex -45.2211 -34.6994 0
      vertex -47.6012 -36.5257 0
      vertex -47.3938 -31.6675 0
    endloop
  endfacet
  facet normal 0 0 -1
    outer loop
      vertex -49.8882 -33.3342 0
      vertex -47.3938 -31.6675 0
      vertex -47.6012 -36.5257 0
    endloop
  endfacet
  facet normal -0 0 -1
    outer loop
      vertex -47.3938 -31.6675 0
      vertex -49.8882 -33.3342 0
      vertex -49.3634 -28.5 0
    endloop
  endfacet
  facet normal 0 0 -1
    outer loop
      vertex -51.9615 -30 0
      vertex -49.3634 -28.5 0
      vertex -49.8882 -33.3342 0
    endloop
  endfacet
  facet normal -0 0 -1
    outer loop
      vertex -49.3634 -28.5 0
      vertex -51.9615 -30 0
      vertex -51.1217 -25.2105 0
    endloop
  endfacet
  facet normal 0 0 -1
    outer loop
      vertex -53.8124 -26.5373 0
      vertex -51.1217 -25.2105 0
      vertex -51.9615 -30 0
    endloop
  endfacet
  facet normal -0 0 -1
    outer loop
      vertex -51.1217 -25.2105 0
      vertex -53.8124 -26.5373 0
      vertex -52.6611 -21.813 0
    endloop
  endfacet
  facet normal 0 0 -1
    outer loop
      vertex -55.4328 -22.961 0
      vertex -52.6611 -21.813 0
      vertex -53.8124 -26.5373 0
    endloop
  endfacet
  facet normal -0 0 -1
    outer loop
      vertex -52.6611 -21.813 0
      vertex -55.4328 -22.961 0
      vertex -53.975 -18.322 0
    endloop
  endfacet
  facet normal 0 0 -1
    outer loop
      vertex -56.8158 -19.2864 0
      vertex -53.975 -18.322 0
      vertex -55.4328 -22.961 0
    endloop
  endfacet
  facet normal -0 0 -1
    outer loop
      vertex -53.975 -18.322 0
      vertex -56.8158 -19.2864 0
      vertex -55.0578 -14.7527 0
    endloop
  endfacet
  facet normal 0 0 -1
    outer loop
      vertex -53.7649 -9.22763 0
      vertex -55.808 -6.21529 0
      vertex -55.6021 -6.00481 0
    endloop
  endfacet
  facet normal 0 0 -1
    outer loop
      vertex -57.9556 -15.5291 0
      vertex -55.0578 -14.7527 0
      vertex -56.8158 -19.2864 0
    endloop
  endfacet
  facet normal -0 0 -1
    outer loop
      vertex -55.0578 -14.7527 0
      vertex -57.9556 -15.5291 0
      vertex -55.5765 -12.5281 0
    endloop
  endfacet
  facet normal 0 0 -1
    outer loop
      vertex -58.8471 -11.7054 0
      vertex -55.5765 -12.5281 0
      vertex -57.9556 -15.5291 0
    endloop
  endfacet
  facet normal 0 -0 -1
    outer loop
      vertex -56.4818 -7.17758 0
      vertex -53.764 -9.31106 0
      vertex -56.5286 -7.27513 0
    endloop
  endfacet
  facet normal 0 0 -1
    outer loop
      vertex -53.764 -9.31106 0
      vertex -55.9997 -6.43879 0
      vertex -55.808 -6.21529 0
    endloop
  endfacet
  facet normal 0 0 -1
    outer loop
      vertex -53.764 -9.31106 0
      vertex -56.3374 -6.92097 0
      vertex -56.1764 -6.67435 0
    endloop
  endfacet
  facet normal 0 0 -1
    outer loop
      vertex -53.764 -9.31106 0
      vertex -56.4818 -7.17758 0
      vertex -56.3374 -6.92097 0
    endloop
  endfacet
  facet normal 0 0 -1
    outer loop
      vertex -53.764 -9.31106 0
      vertex -56.1764 -6.67435 0
      vertex -55.9997 -6.43879 0
    endloop
  endfacet
  facet normal 0 0 -1
    outer loop
      vertex -55.5765 -12.5281 0
      vertex -58.8471 -11.7054 0
      vertex -56.5286 -7.27513 0
    endloop
  endfacet
  facet normal 0 0 -1
    outer loop
      vertex -59.4867 -7.83157 0
      vertex -56.5286 -7.27513 0
      vertex -58.8471 -11.7054 0
    endloop
  endfacet
  facet normal -0 0 -1
    outer loop
      vertex 59.4867 7.83157 0
      vertex 56.5124 7.43999 0
      vertex 58.8471 11.7054 0
    endloop
  endfacet
  facet normal 0 0 -1
    outer loop
      vertex 55.9048 11.1201 0
      vertex 58.8471 11.7054 0
      vertex 56.5124 7.43999 0
    endloop
  endfacet
  facet normal -0 0 -1
    outer loop
      vertex 58.8471 11.7054 0
      vertex 55.9048 11.1201 0
      vertex 57.9556 15.5291 0
    endloop
  endfacet
  facet normal 0 0 -1
    outer loop
      vertex 55.0578 14.7527 0
      vertex 57.9556 15.5291 0
      vertex 55.9048 11.1201 0
    endloop
  endfacet
  facet normal -0 0 -1
    outer loop
      vertex 57.9556 15.5291 0
      vertex 55.0578 14.7527 0
      vertex 56.8158 19.2864 0
    endloop
  endfacet
  facet normal 0 0 -1
    outer loop
      vertex 53.975 18.322 0
      vertex 56.8158 19.2864 0
      vertex 55.0578 14.7527 0
    endloop
  endfacet
  facet normal -0 0 -1
    outer loop
      vertex 56.8158 19.2864 0
      vertex 53.975 18.322 0
      vertex 55.4328 22.961 0
    endloop
  endfacet
  facet normal 0 0 -1
    outer loop
      vertex 52.6611 21.813 0
      vertex 55.4328 22.961 0
      vertex 53.975 18.322 0
    endloop
  endfacet
  facet normal -0 0 -1
    outer loop
      vertex 55.4328 22.961 0
      vertex 52.6611 21.813 0
      vertex 53.8124 26.5373 0
    endloop
  endfacet
  facet normal 0 0 -1
    outer loop
      vertex 51.1217 25.2105 0
      vertex 53.8124 26.5373 0
      vertex 52.6611 21.813 0
    endloop
  endfacet
  facet normal -0 0 -1
    outer loop
      vertex 53.8124 26.5373 0
      vertex 51.1217 25.2105 0
      vertex 51.9615 30 0
    endloop
  endfacet
  facet normal 0 0 -1
    outer loop
      vertex 49.3634 28.5 0
      vertex 51.9615 30 0
      vertex 51.1217 25.2105 0
    endloop
  endfacet
  facet normal -0 0 -1
    outer loop
      vertex 51.9615 30 0
      vertex 49.3634 28.5 0
      vertex 49.8882 33.3342 0
    endloop
  endfacet
  facet normal 0 0 -1
    outer loop
      vertex 47.3938 31.6675 0
      vertex 49.8882 33.3342 0
      vertex 49.3634 28.5 0
    endloop
  endfacet
  facet normal -0 0 -1
    outer loop
      vertex 49.8882 33.3342 0
      vertex 47.3938 31.6675 0
      vertex 47.6012 36.5257 0
    endloop
  endfacet
  facet normal 0 0 -1
    outer loop
      vertex 45.2211 34.6994 0
      vertex 47.6012 36.5257 0
      vertex 47.3938 31.6675 0
    endloop
  endfacet
  facet normal 0 0 -1
    outer loop
      vertex 45.2211 34.6994 0
      vertex 45.1104 39.5607 0
      vertex 47.6012 36.5257 0
    endloop
  endfacet
  facet normal 0 0 -1
    outer loop
      vertex 42.8549 37.5827 0
      vertex 45.1104 39.5607 0
      vertex 45.2211 34.6994 0
    endloop
  endfacet
  facet normal 0 0 -1
    outer loop
      vertex 42.8549 37.5827 0
      vertex 42.4264 42.4264 0
      vertex 45.1104 39.5607 0
    endloop
  endfacet
  facet normal 0 0 -1
    outer loop
      vertex 40.3051 40.3051 0
      vertex 42.4264 42.4264 0
      vertex 42.8549 37.5827 0
    endloop
  endfacet
  facet normal 0 0 -1
    outer loop
      vertex 40.3051 40.3051 0
      vertex 39.5607 45.1104 0
      vertex 42.4264 42.4264 0
    endloop
  endfacet
  facet normal 0 0 -1
    outer loop
      vertex 37.5827 42.8549 0
      vertex 39.5607 45.1104 0
      vertex 40.3051 40.3051 0
    endloop
  endfacet
  facet normal 0 0 -1
    outer loop
      vertex 37.5827 42.8549 0
      vertex 36.5257 47.6012 0
      vertex 39.5607 45.1104 0
    endloop
  endfacet
  facet normal 0 0 -1
    outer loop
      vertex 34.6994 45.2211 0
      vertex 36.5257 47.6012 0
      vertex 37.5827 42.8549 0
    endloop
  endfacet
  facet normal 0 0 -1
    outer loop
      vertex 34.6994 45.2211 0
      vertex 33.3342 49.8882 0
      vertex 36.5257 47.6012 0
    endloop
  endfacet
  facet normal 0 0 -1
    outer loop
      vertex 31.6675 47.3938 0
      vertex 33.3342 49.8882 0
      vertex 34.6994 45.2211 0
    endloop
  endfacet
  facet normal 0 0 -1
    outer loop
      vertex 31.6675 47.3938 0
      vertex 30 51.9615 0
      vertex 33.3342 49.8882 0
    endloop
  endfacet
  facet normal 0 0 -1
    outer loop
      vertex 28.5 49.3634 0
      vertex 30 51.9615 0
      vertex 31.6675 47.3938 0
    endloop
  endfacet
  facet normal 0 0 -1
    outer loop
      vertex 28.5 49.3634 0
      vertex 26.5373 53.8124 0
      vertex 30 51.9615 0
    endloop
  endfacet
  facet normal 0 0 -1
    outer loop
      vertex 25.2105 51.1217 0
      vertex 26.5373 53.8124 0
      vertex 28.5 49.3634 0
    endloop
  endfacet
  facet normal 0 0 -1
    outer loop
      vertex 21.9638 52.5928 0
      vertex 26.5373 53.8124 0
      vertex 25.2105 51.1217 0
    endloop
  endfacet
  facet normal -0 0 -1
    outer loop
      vertex 26.5373 53.8124 0
      vertex 21.9638 52.5928 0
      vertex 22.961 55.4328 0
    endloop
  endfacet
  facet normal 0 0 -1
    outer loop
      vertex 19.2741 49.3543 0
      vertex 21.9159 47.5045 0
      vertex 21.7392 47.269 0
    endloop
  endfacet
  facet normal 0 0 -1
    outer loop
      vertex 19.224 49.2876 0
      vertex 21.7392 47.269 0
      vertex 21.5474 47.0455 0
    endloop
  endfacet
  facet normal 0 0 -1
    outer loop
      vertex 19.1697 49.2242 0
      vertex 21.5474 47.0455 0
      vertex 21.3415 46.835 0
    endloop
  endfacet
  facet normal 0 0 -1
    outer loop
      vertex 19.1114 49.1646 0
      vertex 21.3415 46.835 0
      vertex 21.1222 46.6384 0
    endloop
  endfacet
  facet normal 0 0 -1
    outer loop
      vertex 19.0492 49.1089 0
      vertex 21.1222 46.6384 0
      vertex 20.8906 46.4566 0
    endloop
  endfacet
  facet normal 0 0 -1
    outer loop
      vertex 18.9836 49.0574 0
      vertex 20.8906 46.4566 0
      vertex 20.6475 46.2904 0
    endloop
  endfacet
  facet normal 0 0 -1
    outer loop
      vertex 18.9147 49.0103 0
      vertex 20.6475 46.2904 0
      vertex 20.3941 46.1403 0
    endloop
  endfacet
  facet normal 0 0 -1
    outer loop
      vertex 18.8429 48.9678 0
      vertex 20.3941 46.1403 0
      vertex 20.1315 46.0072 0
    endloop
  endfacet
  facet normal 0 0 -1
    outer loop
      vertex 18.7685 48.9301 0
      vertex 20.1315 46.0072 0
      vertex 19.8606 45.8916 0
    endloop
  endfacet
  facet normal 0 0 -1
    outer loop
      vertex 18.6918 48.8973 0
      vertex 19.8606 45.8916 0
      vertex 19.5828 45.7939 0
    endloop
  endfacet
  facet normal 0 0 -1
    outer loop
      vertex 22.4583 48.5465 0
      vertex 19.4278 49.6495 0
      vertex 19.4537 49.7288 0
    endloop
  endfacet
  facet normal -0 0 -1
    outer loop
      vertex 22.5214 51.4388 0
      vertex 19.4457 50.469 0
      vertex 22.4237 51.7166 0
    endloop
  endfacet
  facet normal 0 0 -1
    outer loop
      vertex 19.418 50.5477 0
      vertex 22.4237 51.7166 0
      vertex 19.4457 50.469 0
    endloop
  endfacet
  facet normal -0 0 -1
    outer loop
      vertex 22.4237 51.7166 0
      vertex 19.418 50.5477 0
      vertex 22.3081 51.9874 0
    endloop
  endfacet
  facet normal 0 0 -1
    outer loop
      vertex 19.3852 50.6245 0
      vertex 22.3081 51.9874 0
      vertex 19.418 50.5477 0
    endloop
  endfacet
  facet normal -0 0 -1
    outer loop
      vertex 22.3081 51.9874 0
      vertex 19.3852 50.6245 0
      vertex 22.1749 52.2501 0
    endloop
  endfacet
  facet normal 0 0 -1
    outer loop
      vertex 19.3475 50.6989 0
      vertex 22.1749 52.2501 0
      vertex 19.3852 50.6245 0
    endloop
  endfacet
  facet normal -0 0 -1
    outer loop
      vertex 22.1749 52.2501 0
      vertex 19.3475 50.6989 0
      vertex 22.0249 52.5035 0
    endloop
  endfacet
  facet normal 0 0 -1
    outer loop
      vertex 19.305 50.7707 0
      vertex 22.0249 52.5035 0
      vertex 19.3475 50.6989 0
    endloop
  endfacet
  facet normal -0 0 -1
    outer loop
      vertex 22.0249 52.5035 0
      vertex 19.305 50.7707 0
      vertex 21.9638 52.5928 0
    endloop
  endfacet
  facet normal 0 0 -1
    outer loop
      vertex 19.2579 50.8395 0
      vertex 21.9638 52.5928 0
      vertex 19.305 50.7707 0
    endloop
  endfacet
  facet normal 0 0 -1
    outer loop
      vertex 19.2064 50.9052 0
      vertex 21.9638 52.5928 0
      vertex 19.2579 50.8395 0
    endloop
  endfacet
  facet normal 0 0 -1
    outer loop
      vertex 19.1507 50.9673 0
      vertex 21.9638 52.5928 0
      vertex 19.2064 50.9052 0
    endloop
  endfacet
  facet normal 0 0 -1
    outer loop
      vertex 19.0911 51.0256 0
      vertex 21.9638 52.5928 0
      vertex 19.1507 50.9673 0
    endloop
  endfacet
  facet normal 0 0 -1
    outer loop
      vertex 19.0277 51.08 0
      vertex 21.9638 52.5928 0
      vertex 19.0911 51.0256 0
    endloop
  endfacet
  facet normal 0 0 -1
    outer loop
      vertex 18.961 51.13 0
      vertex 21.9638 52.5928 0
      vertex 19.0277 51.08 0
    endloop
  endfacet
  facet normal 0 0 -1
    outer loop
      vertex 18.8911 51.1756 0
      vertex 21.9638 52.5928 0
      vertex 18.961 51.13 0
    endloop
  endfacet
  facet normal 0 0 -1
    outer loop
      vertex 18.8184 51.2166 0
      vertex 21.9638 52.5928 0
      vertex 18.8911 51.1756 0
    endloop
  endfacet
  facet normal 0 0 -1
    outer loop
      vertex 18.7432 51.2526 0
      vertex 21.9638 52.5928 0
      vertex 18.8184 51.2166 0
    endloop
  endfacet
  facet normal 0 0 -1
    outer loop
      vertex 21.9638 52.5928 0
      vertex 19.2864 56.8158 0
      vertex 22.961 55.4328 0
    endloop
  endfacet
  facet normal 0 0 -1
    outer loop
      vertex 18.6657 51.2837 0
      vertex 21.9638 52.5928 0
      vertex 18.7432 51.2526 0
    endloop
  endfacet
  facet normal 0 0 -1
    outer loop
      vertex 16.9385 54.3947 0
      vertex 21.9638 52.5928 0
      vertex 18.6657 51.2837 0
    endloop
  endfacet
  facet normal 0 0 -1
    outer loop
      vertex 16.9385 54.3947 0
      vertex 18.6657 51.2837 0
      vertex 18.5865 51.3097 0
    endloop
  endfacet
  facet normal 0 0 -1
    outer loop
      vertex 16.9385 54.3947 0
      vertex 18.5865 51.3097 0
      vertex 18.5056 51.3304 0
    endloop
  endfacet
  facet normal 0 0 -1
    outer loop
      vertex 16.9385 54.3947 0
      vertex 18.5056 51.3304 0
      vertex 18.4236 51.3458 0
    endloop
  endfacet
  facet normal 0 0 -1
    outer loop
      vertex 16.9385 54.3947 0
      vertex 18.4236 51.3458 0
      vertex 18.3408 51.3558 0
    endloop
  endfacet
  facet normal 0 0 -1
    outer loop
      vertex 16.9385 54.3947 0
      vertex 18.3408 51.3558 0
      vertex 18.2575 51.3603 0
    endloop
  endfacet
  facet normal 0 0 -1
    outer loop
      vertex 16.9385 54.3947 0
      vertex 18.2575 51.3603 0
      vertex 18.1741 51.3594 0
    endloop
  endfacet
  facet normal 0 0 -1
    outer loop
      vertex 16.9385 54.3947 0
      vertex 18.1741 51.3594 0
      vertex 18.0909 51.353 0
    endloop
  endfacet
  facet normal 0 0 -1
    outer loop
      vertex 16.9385 54.3947 0
      vertex 18.0909 51.353 0
      vertex 18.0083 51.3412 0
    endloop
  endfacet
  facet normal 0 0 -1
    outer loop
      vertex 16.9385 54.3947 0
      vertex 18.0083 51.3412 0
      vertex 17.9266 51.3241 0
    endloop
  endfacet
  facet normal 0 0 -1
    outer loop
      vertex 16.9385 54.3947 0
      vertex 17.9266 51.3241 0
      vertex 17.8463 51.3016 0
    endloop
  endfacet
  facet normal 0 0 -1
    outer loop
      vertex 16.8765 54.3773 0
      vertex 17.8463 51.3016 0
      vertex 17.7676 51.2739 0
    endloop
  endfacet
  facet normal 0 0 -1
    outer loop
      vertex 16.8765 54.3773 0
      vertex 17.7676 51.2739 0
      vertex 17.6908 51.2412 0
    endloop
  endfacet
  facet normal 0 0 -1
    outer loop
      vertex 16.8765 54.3773 0
      vertex 17.6908 51.2412 0
      vertex 17.6164 51.2034 0
    endloop
  endfacet
  facet normal 0 0 -1
    outer loop
      vertex 16.8765 54.3773 0
      vertex 17.6164 51.2034 0
      vertex 17.5446 51.1609 0
    endloop
  endfacet
  facet normal 0 0 -1
    outer loop
      vertex 16.8765 54.3773 0
      vertex 17.5446 51.1609 0
      vertex 17.4758 51.1138 0
    endloop
  endfacet
  facet normal 0 0 -1
    outer loop
      vertex 16.8765 54.3773 0
      vertex 17.4758 51.1138 0
      vertex 17.4101 51.0623 0
    endloop
  endfacet
  facet normal 0 0 -1
    outer loop
      vertex 16.8765 54.3773 0
      vertex 17.4101 51.0623 0
      vertex 17.348 51.0066 0
    endloop
  endfacet
  facet normal 0 0 -1
    outer loop
      vertex 16.8765 54.3773 0
      vertex 17.348 51.0066 0
      vertex 17.2896 50.947 0
    endloop
  endfacet
  facet normal 0 0 -1
    outer loop
      vertex 16.8765 54.3773 0
      vertex 17.2896 50.947 0
      vertex 17.2353 50.8837 0
    endloop
  endfacet
  facet normal 0 0 -1
    outer loop
      vertex 16.8765 54.3773 0
      vertex 17.2353 50.8837 0
      vertex 17.1853 50.8169 0
    endloop
  endfacet
  facet normal 0 0 -1
    outer loop
      vertex 16.8765 54.3773 0
      vertex 17.1853 50.8169 0
      vertex 17.1397 50.7471 0
    endloop
  endfacet
  facet normal 0 0 -1
    outer loop
      vertex 16.8765 54.3773 0
      vertex 17.1397 50.7471 0
      vertex 17.0987 50.6743 0
    endloop
  endfacet
  facet normal 0 0 -1
    outer loop
      vertex 16.8765 54.3773 0
      vertex 17.0987 50.6743 0
      vertex 17.0627 50.5991 0
    endloop
  endfacet
  facet normal 0 0 -1
    outer loop
      vertex 16.8765 54.3773 0
      vertex 17.0627 50.5991 0
      vertex 17.0316 50.5217 0
    endloop
  endfacet
  facet normal 0 0 -1
    outer loop
      vertex 13.7468 50.4778 0
      vertex 16.9595 50.1967 0
      vertex 16.955 50.1134 0
    endloop
  endfacet
  facet normal 0 0 -1
    outer loop
      vertex 16.8765 54.3773 0
      vertex 16.9695 50.2796 0
      vertex 16.9595 50.1967 0
    endloop
  endfacet
  facet normal 0 0 -1
    outer loop
      vertex 16.8765 54.3773 0
      vertex 16.9849 50.3616 0
      vertex 16.9695 50.2796 0
    endloop
  endfacet
  facet normal 0 0 -1
    outer loop
      vertex 16.8765 54.3773 0
      vertex 17.0056 50.4424 0
      vertex 16.9849 50.3616 0
    endloop
  endfacet
  facet normal 0 0 -1
    outer loop
      vertex 16.8765 54.3773 0
      vertex 17.0316 50.5217 0
      vertex 17.0056 50.4424 0
    endloop
  endfacet
  facet normal 0 0 -1
    outer loop
      vertex 21.9638 52.5928 0
      vertex 16.9385 54.3947 0
      vertex 19.2864 56.8158 0
    endloop
  endfacet
  facet normal 0 0 -1
    outer loop
      vertex 16.9385 54.3947 0
      vertex 15.5291 57.9556 0
      vertex 19.2864 56.8158 0
    endloop
  endfacet
  facet normal 0 0 -1
    outer loop
      vertex 14.7527 55.0578 0
      vertex 15.5291 57.9556 0
      vertex 16.9385 54.3947 0
    endloop
  endfacet
  facet normal 0 0 -1
    outer loop
      vertex 14.7527 55.0578 0
      vertex 11.7054 58.8471 0
      vertex 15.5291 57.9556 0
    endloop
  endfacet
  facet normal 0 0 -1
    outer loop
      vertex 11.1201 55.9048 0
      vertex 11.7054 58.8471 0
      vertex 14.7527 55.0578 0
    endloop
  endfacet
  facet normal 0 0 -1
    outer loop
      vertex 11.1201 55.9048 0
      vertex 7.83157 59.4867 0
      vertex 11.7054 58.8471 0
    endloop
  endfacet
  facet normal 0 0 -1
    outer loop
      vertex 7.43999 56.5124 0
      vertex 7.83157 59.4867 0
      vertex 11.1201 55.9048 0
    endloop
  endfacet
  facet normal 0 0 -1
    outer loop
      vertex 7.43999 56.5124 0
      vertex 3.92419 59.8715 0
      vertex 7.83157 59.4867 0
    endloop
  endfacet
  facet normal 0 0 -1
    outer loop
      vertex 3.72798 56.878 0
      vertex 3.92419 59.8715 0
      vertex 7.43999 56.5124 0
    endloop
  endfacet
  facet normal 0 0 -1
    outer loop
      vertex 0 57 0
      vertex 3.92419 59.8715 0
      vertex 3.72798 56.878 0
    endloop
  endfacet
  facet normal 0 0 -1
    outer loop
      vertex 0 57 0
      vertex 0 60 0
      vertex 3.92419 59.8715 0
    endloop
  endfacet
  facet normal 0 0 -1
    outer loop
      vertex -3.72798 56.878 0
      vertex 0 60 0
      vertex 0 57 0
    endloop
  endfacet
  facet normal 0 0 -1
    outer loop
      vertex -3.72798 56.878 0
      vertex -3.92419 59.8715 0
      vertex 0 60 0
    endloop
  endfacet
  facet normal 0 0 -1
    outer loop
      vertex -7.43999 56.5124 0
      vertex -3.92419 59.8715 0
      vertex -3.72798 56.878 0
    endloop
  endfacet
  facet normal 0 0 -1
    outer loop
      vertex -7.43999 56.5124 0
      vertex -7.83157 59.4867 0
      vertex -3.92419 59.8715 0
    endloop
  endfacet
  facet normal 0 0 -1
    outer loop
      vertex -11.1201 55.9048 0
      vertex -7.83157 59.4867 0
      vertex -7.43999 56.5124 0
    endloop
  endfacet
  facet normal 0 0 -1
    outer loop
      vertex -11.1201 55.9048 0
      vertex -11.7054 58.8471 0
      vertex -7.83157 59.4867 0
    endloop
  endfacet
  facet normal 0 0 -1
    outer loop
      vertex -14.7527 55.0578 0
      vertex -11.7054 58.8471 0
      vertex -11.1201 55.9048 0
    endloop
  endfacet
  facet normal 0 0 -1
    outer loop
      vertex -14.7527 55.0578 0
      vertex -15.5291 57.9556 0
      vertex -11.7054 58.8471 0
    endloop
  endfacet
  facet normal 0 0 -1
    outer loop
      vertex -18.322 53.975 0
      vertex -15.5291 57.9556 0
      vertex -14.7527 55.0578 0
    endloop
  endfacet
  facet normal 0 0 -1
    outer loop
      vertex -18.322 53.975 0
      vertex -19.2864 56.8158 0
      vertex -15.5291 57.9556 0
    endloop
  endfacet
  facet normal 0 0 -1
    outer loop
      vertex -21.813 52.6611 0
      vertex -19.2864 56.8158 0
      vertex -18.322 53.975 0
    endloop
  endfacet
  facet normal 0 0 -1
    outer loop
      vertex -21.813 52.6611 0
      vertex -22.961 55.4328 0
      vertex -19.2864 56.8158 0
    endloop
  endfacet
  facet normal 0 0 -1
    outer loop
      vertex -25.2105 51.1217 0
      vertex -22.961 55.4328 0
      vertex -21.813 52.6611 0
    endloop
  endfacet
  facet normal 0 0 -1
    outer loop
      vertex -25.2105 51.1217 0
      vertex -26.5373 53.8124 0
      vertex -22.961 55.4328 0
    endloop
  endfacet
  facet normal 0 0 -1
    outer loop
      vertex -28.5 49.3634 0
      vertex -26.5373 53.8124 0
      vertex -25.2105 51.1217 0
    endloop
  endfacet
  facet normal 0 0 -1
    outer loop
      vertex -28.5 49.3634 0
      vertex -30 51.9615 0
      vertex -26.5373 53.8124 0
    endloop
  endfacet
  facet normal 0 0 -1
    outer loop
      vertex -31.6675 47.3938 0
      vertex -30 51.9615 0
      vertex -28.5 49.3634 0
    endloop
  endfacet
  facet normal 0 0 -1
    outer loop
      vertex -31.6675 47.3938 0
      vertex -33.3342 49.8882 0
      vertex -30 51.9615 0
    endloop
  endfacet
  facet normal 0 0 -1
    outer loop
      vertex -34.6994 45.2211 0
      vertex -33.3342 49.8882 0
      vertex -31.6675 47.3938 0
    endloop
  endfacet
  facet normal 0 0 -1
    outer loop
      vertex -34.6994 45.2211 0
      vertex -36.5257 47.6012 0
      vertex -33.3342 49.8882 0
    endloop
  endfacet
  facet normal 0 0 -1
    outer loop
      vertex -37.5827 42.8549 0
      vertex -36.5257 47.6012 0
      vertex -34.6994 45.2211 0
    endloop
  endfacet
  facet normal 0 0 -1
    outer loop
      vertex -37.5827 42.8549 0
      vertex -39.5607 45.1104 0
      vertex -36.5257 47.6012 0
    endloop
  endfacet
  facet normal 0 0 -1
    outer loop
      vertex -40.3051 40.3051 0
      vertex -39.5607 45.1104 0
      vertex -37.5827 42.8549 0
    endloop
  endfacet
  facet normal 0 0 -1
    outer loop
      vertex -40.3051 40.3051 0
      vertex -42.4264 42.4264 0
      vertex -39.5607 45.1104 0
    endloop
  endfacet
  facet normal 0 0 -1
    outer loop
      vertex -42.8549 37.5827 0
      vertex -42.4264 42.4264 0
      vertex -40.3051 40.3051 0
    endloop
  endfacet
  facet normal 0 0 -1
    outer loop
      vertex -42.8549 37.5827 0
      vertex -45.1104 39.5607 0
      vertex -42.4264 42.4264 0
    endloop
  endfacet
  facet normal 0 0 -1
    outer loop
      vertex -45.2211 34.6994 0
      vertex -45.1104 39.5607 0
      vertex -42.8549 37.5827 0
    endloop
  endfacet
  facet normal 0 0 -1
    outer loop
      vertex -47.6012 36.5257 0
      vertex -45.2211 34.6994 0
      vertex -47.3938 31.6675 0
    endloop
  endfacet
  facet normal 0 0 -1
    outer loop
      vertex -45.2211 34.6994 0
      vertex -47.6012 36.5257 0
      vertex -45.1104 39.5607 0
    endloop
  endfacet
  facet normal 0 0 -1
    outer loop
      vertex -49.8882 33.3342 0
      vertex -47.3938 31.6675 0
      vertex -49.3634 28.5 0
    endloop
  endfacet
  facet normal 0 0 -1
    outer loop
      vertex -47.3938 31.6675 0
      vertex -49.8882 33.3342 0
      vertex -47.6012 36.5257 0
    endloop
  endfacet
  facet normal 0 0 -1
    outer loop
      vertex -51.9615 30 0
      vertex -49.3634 28.5 0
      vertex -51.1217 25.2105 0
    endloop
  endfacet
  facet normal 0 0 -1
    outer loop
      vertex -49.3634 28.5 0
      vertex -51.9615 30 0
      vertex -49.8882 33.3342 0
    endloop
  endfacet
  facet normal 0 0 -1
    outer loop
      vertex -53.8124 26.5373 0
      vertex -51.1217 25.2105 0
      vertex -52.6611 21.813 0
    endloop
  endfacet
  facet normal 0 0 -1
    outer loop
      vertex -51.1217 25.2105 0
      vertex -53.8124 26.5373 0
      vertex -51.9615 30 0
    endloop
  endfacet
  facet normal 0 0 -1
    outer loop
      vertex -55.4328 22.961 0
      vertex -52.6611 21.813 0
      vertex -53.975 18.322 0
    endloop
  endfacet
  facet normal 0 0 -1
    outer loop
      vertex -56.8158 19.2864 0
      vertex -53.975 18.322 0
      vertex -55.0578 14.7527 0
    endloop
  endfacet
  facet normal 0 0 -1
    outer loop
      vertex -52.6611 21.813 0
      vertex -55.4328 22.961 0
      vertex -53.8124 26.5373 0
    endloop
  endfacet
  facet normal 0 0 -1
    outer loop
      vertex -57.9556 15.5291 0
      vertex -55.0578 14.7527 0
      vertex -55.9048 11.1201 0
    endloop
  endfacet
  facet normal 0 0 -1
    outer loop
      vertex -58.8471 11.7054 0
      vertex -55.9048 11.1201 0
      vertex -56.5124 7.43999 0
    endloop
  endfacet
  facet normal 0 0 -1
    outer loop
      vertex -53.975 18.322 0
      vertex -56.8158 19.2864 0
      vertex -55.4328 22.961 0
    endloop
  endfacet
  facet normal 0 0 -1
    outer loop
      vertex -59.4867 7.83157 0
      vertex -56.5124 7.43999 0
      vertex -56.878 3.72798 0
    endloop
  endfacet
  facet normal 0 0 -1
    outer loop
      vertex -59.8715 3.92419 0
      vertex -56.878 3.72798 0
      vertex -57 0 0
    endloop
  endfacet
  facet normal 0 0 -1
    outer loop
      vertex -59.8715 -3.92419 0
      vertex -56.5286 -7.27513 0
      vertex -59.4867 -7.83157 0
    endloop
  endfacet
  facet normal 0 0 -1
    outer loop
      vertex -55.0578 14.7527 0
      vertex -57.9556 15.5291 0
      vertex -56.8158 19.2864 0
    endloop
  endfacet
  facet normal 0 0 -1
    outer loop
      vertex -56.5286 -7.27513 0
      vertex -59.8715 -3.92419 0
      vertex -56.878 -3.72798 0
    endloop
  endfacet
  facet normal 0 0 -1
    outer loop
      vertex -55.9048 11.1201 0
      vertex -58.8471 11.7054 0
      vertex -57.9556 15.5291 0
    endloop
  endfacet
  facet normal -0 0 -1
    outer loop
      vertex -56.878 -3.72798 0
      vertex -59.8715 -3.92419 0
      vertex -57 0 0
    endloop
  endfacet
  facet normal 0 0 -1
    outer loop
      vertex -56.5124 7.43999 0
      vertex -59.4867 7.83157 0
      vertex -58.8471 11.7054 0
    endloop
  endfacet
  facet normal 0 0 -1
    outer loop
      vertex -60 0 0
      vertex -57 0 0
      vertex -59.8715 -3.92419 0
    endloop
  endfacet
  facet normal 0 0 -1
    outer loop
      vertex -56.878 3.72798 0
      vertex -59.8715 3.92419 0
      vertex -59.4867 7.83157 0
    endloop
  endfacet
  facet normal 0 0 -1
    outer loop
      vertex -57 0 0
      vertex -60 0 0
      vertex -59.8715 3.92419 0
    endloop
  endfacet
  facet normal 0 0 -1
    outer loop
      vertex 35.5353 -40.858 0
      vertex 38.7595 -40.9283 0
      vertex 38.7435 -41.2224 0
    endloop
  endfacet
  facet normal 0 0 -1
    outer loop
      vertex 38.7595 -40.9283 0
      vertex 35.5353 -40.858 0
      vertex 38.7563 -40.6339 0
    endloop
  endfacet
  facet normal 0 0 -1
    outer loop
      vertex 35.5353 -40.858 0
      vertex 38.7435 -41.2224 0
      vertex 38.7082 -41.5147 0
    endloop
  endfacet
  facet normal 0 0 -1
    outer loop
      vertex 35.5344 -40.7746 0
      vertex 38.7563 -40.6339 0
      vertex 35.5353 -40.858 0
    endloop
  endfacet
  facet normal 0 0 -1
    outer loop
      vertex 35.5353 -40.858 0
      vertex 38.6539 -41.8041 0
      vertex 38.6379 -41.8666 0
    endloop
  endfacet
  facet normal 0 0 -1
    outer loop
      vertex 38.6539 -41.8041 0
      vertex 35.5353 -40.858 0
      vertex 38.7082 -41.5147 0
    endloop
  endfacet
  facet normal -0 0 -1
    outer loop
      vertex 38.7563 -40.6339 0
      vertex 35.5344 -40.7746 0
      vertex 38.7338 -40.3403 0
    endloop
  endfacet
  facet normal 0 0 -1
    outer loop
      vertex 35.2888 -40.0762 0
      vertex 37.8896 -38.1693 0
      vertex 35.3359 -40.1451 0
    endloop
  endfacet
  facet normal -0 0 -1
    outer loop
      vertex 37.8896 -38.1693 0
      vertex 35.2888 -40.0762 0
      vertex 37.7078 -37.9376 0
    endloop
  endfacet
  facet normal 0 0 -1
    outer loop
      vertex 35.2373 -40.0106 0
      vertex 37.7078 -37.9376 0
      vertex 35.2888 -40.0762 0
    endloop
  endfacet
  facet normal -0 0 -1
    outer loop
      vertex 37.7078 -37.9376 0
      vertex 35.2373 -40.0106 0
      vertex 37.5112 -37.7184 0
    endloop
  endfacet
  facet normal 0 0 -1
    outer loop
      vertex 35.1816 -39.9485 0
      vertex 37.5112 -37.7184 0
      vertex 35.2373 -40.0106 0
    endloop
  endfacet
  facet normal -0 0 -1
    outer loop
      vertex 37.5112 -37.7184 0
      vertex 35.1816 -39.9485 0
      vertex 37.3007 -37.5124 0
    endloop
  endfacet
  facet normal 0 0 -1
    outer loop
      vertex 35.122 -39.8901 0
      vertex 37.3007 -37.5124 0
      vertex 35.1816 -39.9485 0
    endloop
  endfacet
  facet normal -0 0 -1
    outer loop
      vertex 37.3007 -37.5124 0
      vertex 35.122 -39.8901 0
      vertex 37.0772 -37.3207 0
    endloop
  endfacet
  facet normal 0 0 -1
    outer loop
      vertex 35.0586 -39.8358 0
      vertex 37.0772 -37.3207 0
      vertex 35.122 -39.8901 0
    endloop
  endfacet
  facet normal -0 0 -1
    outer loop
      vertex 37.0772 -37.3207 0
      vertex 35.0586 -39.8358 0
      vertex 36.8417 -37.144 0
    endloop
  endfacet
  facet normal 0 0 -1
    outer loop
      vertex 34.9919 -39.7858 0
      vertex 36.8417 -37.144 0
      vertex 35.0586 -39.8358 0
    endloop
  endfacet
  facet normal -0 0 -1
    outer loop
      vertex 36.8417 -37.144 0
      vertex 34.9919 -39.7858 0
      vertex 36.5951 -36.9831 0
    endloop
  endfacet
  facet normal 0 0 -1
    outer loop
      vertex 34.922 -39.7402 0
      vertex 36.5951 -36.9831 0
      vertex 34.9919 -39.7858 0
    endloop
  endfacet
  facet normal -0 0 -1
    outer loop
      vertex 36.5951 -36.9831 0
      vertex 34.922 -39.7402 0
      vertex 36.3384 -36.8386 0
    endloop
  endfacet
  facet normal 0 0 -1
    outer loop
      vertex 34.8493 -39.6992 0
      vertex 36.3384 -36.8386 0
      vertex 34.922 -39.7402 0
    endloop
  endfacet
  facet normal -0 0 -1
    outer loop
      vertex 36.3384 -36.8386 0
      vertex 34.8493 -39.6992 0
      vertex 36.0729 -36.7113 0
    endloop
  endfacet
  facet normal 0 0 -1
    outer loop
      vertex 34.7741 -39.6631 0
      vertex 36.0729 -36.7113 0
      vertex 34.8493 -39.6992 0
    endloop
  endfacet
  facet normal -0 0 -1
    outer loop
      vertex 36.0729 -36.7113 0
      vertex 34.7741 -39.6631 0
      vertex 35.7997 -36.6016 0
    endloop
  endfacet
  facet normal 0 0 -1
    outer loop
      vertex 34.6967 -39.6321 0
      vertex 35.7997 -36.6016 0
      vertex 34.7741 -39.6631 0
    endloop
  endfacet
  facet normal -0 0 -1
    outer loop
      vertex 35.7997 -36.6016 0
      vertex 34.6967 -39.6321 0
      vertex 35.5198 -36.5099 0
    endloop
  endfacet
  facet normal 0 0 -1
    outer loop
      vertex 34.6174 -39.6061 0
      vertex 35.5198 -36.5099 0
      vertex 34.6967 -39.6321 0
    endloop
  endfacet
  facet normal -0 0 -1
    outer loop
      vertex 35.5198 -36.5099 0
      vertex 34.6174 -39.6061 0
      vertex 35.2346 -36.4368 0
    endloop
  endfacet
  facet normal 0 0 -1
    outer loop
      vertex 34.5365 -39.5854 0
      vertex 35.2346 -36.4368 0
      vertex 34.6174 -39.6061 0
    endloop
  endfacet
  facet normal -0 0 -1
    outer loop
      vertex 35.2346 -36.4368 0
      vertex 34.5365 -39.5854 0
      vertex 34.9451 -36.3825 0
    endloop
  endfacet
  facet normal 0 0 -1
    outer loop
      vertex 34.4545 -39.57 0
      vertex 34.9451 -36.3825 0
      vertex 34.5365 -39.5854 0
    endloop
  endfacet
  facet normal -0 0 -1
    outer loop
      vertex 34.9451 -36.3825 0
      vertex 34.4545 -39.57 0
      vertex 34.6528 -36.3473 0
    endloop
  endfacet
  facet normal 0 0 -1
    outer loop
      vertex 34.3717 -39.56 0
      vertex 34.6528 -36.3473 0
      vertex 34.4545 -39.57 0
    endloop
  endfacet
  facet normal 0 0 -1
    outer loop
      vertex 34.3717 -39.56 0
      vertex 34.3587 -36.3312 0
      vertex 34.6528 -36.3473 0
    endloop
  endfacet
  facet normal 0 0 -1
    outer loop
      vertex 34.2884 -39.5555 0
      vertex 34.3587 -36.3312 0
      vertex 34.3717 -39.56 0
    endloop
  endfacet
  facet normal 0 0 -1
    outer loop
      vertex 34.205 -39.5564 0
      vertex 34.3587 -36.3312 0
      vertex 34.2884 -39.5555 0
    endloop
  endfacet
  facet normal 0 0 -1
    outer loop
      vertex 34.0643 -36.3344 0
      vertex 34.205 -39.5564 0
      vertex 34.1218 -39.5627 0
    endloop
  endfacet
  facet normal 0 0 -1
    outer loop
      vertex 34.205 -39.5564 0
      vertex 34.0643 -36.3344 0
      vertex 34.3587 -36.3312 0
    endloop
  endfacet
  facet normal 0 0 -1
    outer loop
      vertex 33.7707 -36.3569 0
      vertex 34.1218 -39.5627 0
      vertex 34.0392 -39.5745 0
    endloop
  endfacet
  facet normal 0 0 -1
    outer loop
      vertex 33.4792 -36.3985 0
      vertex 34.0392 -39.5745 0
      vertex 33.9575 -39.5917 0
    endloop
  endfacet
  facet normal 0 0 -1
    outer loop
      vertex 33.191 -36.4591 0
      vertex 33.9575 -39.5917 0
      vertex 33.8772 -39.6142 0
    endloop
  endfacet
  facet normal 0 0 -1
    outer loop
      vertex 32.9074 -36.5384 0
      vertex 33.8772 -39.6142 0
      vertex 33.7985 -39.6419 0
    endloop
  endfacet
  facet normal 0 0 -1
    outer loop
      vertex 34.1218 -39.5627 0
      vertex 33.7707 -36.3569 0
      vertex 34.0643 -36.3344 0
    endloop
  endfacet
  facet normal 0 0 -1
    outer loop
      vertex 32.6296 -36.6361 0
      vertex 33.7985 -39.6419 0
      vertex 33.7217 -39.6746 0
    endloop
  endfacet
  facet normal 0 0 -1
    outer loop
      vertex 32.3588 -36.7518 0
      vertex 33.7217 -39.6746 0
      vertex 33.6473 -39.7123 0
    endloop
  endfacet
  facet normal 0 0 -1
    outer loop
      vertex 32.0961 -36.8849 0
      vertex 33.6473 -39.7123 0
      vertex 33.5755 -39.7548 0
    endloop
  endfacet
  facet normal 0 0 -1
    outer loop
      vertex 31.8427 -37.0349 0
      vertex 33.5755 -39.7548 0
      vertex 33.5067 -39.802 0
    endloop
  endfacet
  facet normal 0 0 -1
    outer loop
      vertex 34.0392 -39.5745 0
      vertex 33.4792 -36.3985 0
      vertex 33.7707 -36.3569 0
    endloop
  endfacet
  facet normal 0 0 -1
    outer loop
      vertex 31.5997 -37.2012 0
      vertex 33.5067 -39.802 0
      vertex 33.441 -39.8535 0
    endloop
  endfacet
  facet normal 0 0 -1
    outer loop
      vertex 31.368 -37.383 0
      vertex 33.441 -39.8535 0
      vertex 33.3789 -39.9092 0
    endloop
  endfacet
  facet normal 0 0 -1
    outer loop
      vertex 31.1488 -37.5795 0
      vertex 33.3789 -39.9092 0
      vertex 33.3205 -39.9688 0
    endloop
  endfacet
  facet normal 0 0 -1
    outer loop
      vertex 30.9428 -37.79 0
      vertex 33.3205 -39.9688 0
      vertex 33.2662 -40.0321 0
    endloop
  endfacet
  facet normal 0 0 -1
    outer loop
      vertex 30.7511 -38.0135 0
      vertex 33.2662 -40.0321 0
      vertex 33.2162 -40.0989 0
    endloop
  endfacet
  facet normal 0 0 -1
    outer loop
      vertex 33.9575 -39.5917 0
      vertex 33.191 -36.4591 0
      vertex 33.4792 -36.3985 0
    endloop
  endfacet
  facet normal 0 0 -1
    outer loop
      vertex 30.5744 -38.2491 0
      vertex 33.2162 -40.0989 0
      vertex 33.1706 -40.1687 0
    endloop
  endfacet
  facet normal 0 0 -1
    outer loop
      vertex 30.4135 -38.4957 0
      vertex 33.1706 -40.1687 0
      vertex 33.1296 -40.2414 0
    endloop
  endfacet
  facet normal 0 0 -1
    outer loop
      vertex 30.269 -38.7523 0
      vertex 33.1296 -40.2414 0
      vertex 33.0936 -40.3167 0
    endloop
  endfacet
  facet normal 0 0 -1
    outer loop
      vertex 30.1417 -39.0178 0
      vertex 33.0936 -40.3167 0
      vertex 33.0625 -40.3941 0
    endloop
  endfacet
  facet normal 0 0 -1
    outer loop
      vertex 30.032 -39.2911 0
      vertex 33.0625 -40.3941 0
      vertex 33.0365 -40.4734 0
    endloop
  endfacet
  facet normal 0 0 -1
    outer loop
      vertex 29.9404 -39.5709 0
      vertex 33.0365 -40.4734 0
      vertex 33.0158 -40.5542 0
    endloop
  endfacet
  facet normal 0 0 -1
    outer loop
      vertex 29.8672 -39.8562 0
      vertex 33.0158 -40.5542 0
      vertex 33.0004 -40.6362 0
    endloop
  endfacet
  facet normal 0 0 -1
    outer loop
      vertex 29.813 -40.1456 0
      vertex 33.0004 -40.6362 0
      vertex 32.9904 -40.719 0
    endloop
  endfacet
  facet normal 0 0 -1
    outer loop
      vertex 29.7777 -40.438 0
      vertex 32.9904 -40.719 0
      vertex 32.9859 -40.8024 0
    endloop
  endfacet
  facet normal 0 0 -1
    outer loop
      vertex 33.8772 -39.6142 0
      vertex 32.9074 -36.5384 0
      vertex 33.191 -36.4591 0
    endloop
  endfacet
  facet normal 0 0 -1
    outer loop
      vertex 34.5647 -45.3176 0
      vertex 34.5636 -42.0686 0
      vertex 34.644 -42.0462 0
    endloop
  endfacet
  facet normal 0 0 -1
    outer loop
      vertex 34.5647 -45.3176 0
      vertex 34.482 -42.0858 0
      vertex 34.5636 -42.0686 0
    endloop
  endfacet
  facet normal 0 0 -1
    outer loop
      vertex 34.3162 -42.104 0
      vertex 34.5647 -45.3176 0
      vertex 34.4569 -45.3259 0
    endloop
  endfacet
  facet normal 0 0 -1
    outer loop
      vertex 34.5647 -45.3176 0
      vertex 34.3994 -42.0976 0
      vertex 34.482 -42.0858 0
    endloop
  endfacet
  facet normal 0 0 -1
    outer loop
      vertex 34.5647 -45.3176 0
      vertex 34.3162 -42.104 0
      vertex 34.3994 -42.0976 0
    endloop
  endfacet
  facet normal 0 0 -1
    outer loop
      vertex 34.4569 -45.3259 0
      vertex 34.2328 -42.1049 0
      vertex 34.3162 -42.104 0
    endloop
  endfacet
  facet normal 0 0 -1
    outer loop
      vertex 34.1624 -45.3291 0
      vertex 34.2328 -42.1049 0
      vertex 34.4569 -45.3259 0
    endloop
  endfacet
  facet normal 0 0 -1
    outer loop
      vertex 34.1624 -45.3291 0
      vertex 34.1495 -42.1003 0
      vertex 34.2328 -42.1049 0
    endloop
  endfacet
  facet normal 0 0 -1
    outer loop
      vertex 33.8684 -45.313 0
      vertex 34.1495 -42.1003 0
      vertex 34.1624 -45.3291 0
    endloop
  endfacet
  facet normal -0 0 -1
    outer loop
      vertex 34.1495 -42.1003 0
      vertex 33.8684 -45.313 0
      vertex 34.0666 -42.0903 0
    endloop
  endfacet
  facet normal 0 0 -1
    outer loop
      vertex 33.576 -45.2778 0
      vertex 34.0666 -42.0903 0
      vertex 33.8684 -45.313 0
    endloop
  endfacet
  facet normal -0 0 -1
    outer loop
      vertex 34.0666 -42.0903 0
      vertex 33.576 -45.2778 0
      vertex 33.9846 -42.0749 0
    endloop
  endfacet
  facet normal 0 0 -1
    outer loop
      vertex 33.2866 -45.2235 0
      vertex 33.9846 -42.0749 0
      vertex 33.576 -45.2778 0
    endloop
  endfacet
  facet normal -0 0 -1
    outer loop
      vertex 33.9846 -42.0749 0
      vertex 33.2866 -45.2235 0
      vertex 33.9038 -42.0542 0
    endloop
  endfacet
  facet normal 0 0 -1
    outer loop
      vertex 33.0014 -45.1504 0
      vertex 33.9038 -42.0542 0
      vertex 33.2866 -45.2235 0
    endloop
  endfacet
  facet normal -0 0 -1
    outer loop
      vertex 33.9038 -42.0542 0
      vertex 33.0014 -45.1504 0
      vertex 33.8245 -42.0283 0
    endloop
  endfacet
  facet normal 0 0 -1
    outer loop
      vertex 32.7215 -45.0588 0
      vertex 33.8245 -42.0283 0
      vertex 33.0014 -45.1504 0
    endloop
  endfacet
  facet normal -0 0 -1
    outer loop
      vertex 33.8245 -42.0283 0
      vertex 32.7215 -45.0588 0
      vertex 33.7471 -41.9972 0
    endloop
  endfacet
  facet normal 0 0 -1
    outer loop
      vertex 32.4482 -44.9491 0
      vertex 33.7471 -41.9972 0
      vertex 32.7215 -45.0588 0
    endloop
  endfacet
  facet normal -0 0 -1
    outer loop
      vertex 33.7471 -41.9972 0
      vertex 32.4482 -44.9491 0
      vertex 33.6718 -41.9611 0
    endloop
  endfacet
  facet normal 0 0 -1
    outer loop
      vertex 32.1827 -44.8217 0
      vertex 33.6718 -41.9611 0
      vertex 32.4482 -44.9491 0
    endloop
  endfacet
  facet normal -0 0 -1
    outer loop
      vertex 33.6718 -41.9611 0
      vertex 32.1827 -44.8217 0
      vertex 33.5991 -41.9202 0
    endloop
  endfacet
  facet normal 0 0 -1
    outer loop
      vertex 31.9261 -44.6773 0
      vertex 33.5991 -41.9202 0
      vertex 32.1827 -44.8217 0
    endloop
  endfacet
  facet normal -0 0 -1
    outer loop
      vertex 33.5991 -41.9202 0
      vertex 31.9261 -44.6773 0
      vertex 33.5293 -41.8746 0
    endloop
  endfacet
  facet normal 0 0 -1
    outer loop
      vertex 31.6795 -44.5164 0
      vertex 33.5293 -41.8746 0
      vertex 31.9261 -44.6773 0
    endloop
  endfacet
  facet normal -0 0 -1
    outer loop
      vertex 33.5293 -41.8746 0
      vertex 31.6795 -44.5164 0
      vertex 33.4625 -41.8245 0
    endloop
  endfacet
  facet normal 0 0 -1
    outer loop
      vertex 31.4439 -44.3396 0
      vertex 33.4625 -41.8245 0
      vertex 31.6795 -44.5164 0
    endloop
  endfacet
  facet normal -0 0 -1
    outer loop
      vertex 33.4625 -41.8245 0
      vertex 31.4439 -44.3396 0
      vertex 33.3992 -41.7702 0
    endloop
  endfacet
  facet normal 0 0 -1
    outer loop
      vertex 31.2204 -44.1479 0
      vertex 33.3992 -41.7702 0
      vertex 31.4439 -44.3396 0
    endloop
  endfacet
  facet normal -0 0 -1
    outer loop
      vertex 33.3992 -41.7702 0
      vertex 31.2204 -44.1479 0
      vertex 33.3396 -41.7118 0
    endloop
  endfacet
  facet normal 0 0 -1
    outer loop
      vertex 31.0099 -43.942 0
      vertex 33.3396 -41.7118 0
      vertex 31.2204 -44.1479 0
    endloop
  endfacet
  facet normal -0 0 -1
    outer loop
      vertex 33.3396 -41.7118 0
      vertex 31.0099 -43.942 0
      vertex 33.2839 -41.6497 0
    endloop
  endfacet
  facet normal 0 0 -1
    outer loop
      vertex 30.8134 -43.7227 0
      vertex 33.2839 -41.6497 0
      vertex 31.0099 -43.942 0
    endloop
  endfacet
  facet normal -0 0 -1
    outer loop
      vertex 33.2839 -41.6497 0
      vertex 30.8134 -43.7227 0
      vertex 33.2324 -41.5841 0
    endloop
  endfacet
  facet normal 0 0 -1
    outer loop
      vertex 30.6316 -43.4911 0
      vertex 33.2324 -41.5841 0
      vertex 30.8134 -43.7227 0
    endloop
  endfacet
  facet normal -0 0 -1
    outer loop
      vertex 33.2324 -41.5841 0
      vertex 30.6316 -43.4911 0
      vertex 33.1853 -41.5152 0
    endloop
  endfacet
  facet normal 0 0 -1
    outer loop
      vertex 30.4653 -43.248 0
      vertex 33.1853 -41.5152 0
      vertex 30.6316 -43.4911 0
    endloop
  endfacet
  facet normal 0 0 -1
    outer loop
      vertex 33.7985 -39.6419 0
      vertex 32.6296 -36.6361 0
      vertex 32.9074 -36.5384 0
    endloop
  endfacet
  facet normal -0 0 -1
    outer loop
      vertex 33.1853 -41.5152 0
      vertex 30.4653 -43.248 0
      vertex 33.1428 -41.4434 0
    endloop
  endfacet
  facet normal 0 0 -1
    outer loop
      vertex 33.7217 -39.6746 0
      vertex 32.3588 -36.7518 0
      vertex 32.6296 -36.6361 0
    endloop
  endfacet
  facet normal 0 0 -1
    outer loop
      vertex 30.3153 -42.9946 0
      vertex 33.1428 -41.4434 0
      vertex 30.4653 -43.248 0
    endloop
  endfacet
  facet normal 0 0 -1
    outer loop
      vertex 33.6473 -39.7123 0
      vertex 32.0961 -36.8849 0
      vertex 32.3588 -36.7518 0
    endloop
  endfacet
  facet normal -0 0 -1
    outer loop
      vertex 33.1428 -41.4434 0
      vertex 30.3153 -42.9946 0
      vertex 33.105 -41.369 0
    endloop
  endfacet
  facet normal 0 0 -1
    outer loop
      vertex 33.5755 -39.7548 0
      vertex 31.8427 -37.0349 0
      vertex 32.0961 -36.8849 0
    endloop
  endfacet
  facet normal 0 0 -1
    outer loop
      vertex 30.1822 -42.7319 0
      vertex 33.105 -41.369 0
      vertex 30.3153 -42.9946 0
    endloop
  endfacet
  facet normal 0 0 -1
    outer loop
      vertex 33.5067 -39.802 0
      vertex 31.5997 -37.2012 0
      vertex 31.8427 -37.0349 0
    endloop
  endfacet
  facet normal -0 0 -1
    outer loop
      vertex 33.105 -41.369 0
      vertex 30.1822 -42.7319 0
      vertex 33.0723 -41.2923 0
    endloop
  endfacet
  facet normal 0 0 -1
    outer loop
      vertex 33.441 -39.8535 0
      vertex 31.368 -37.383 0
      vertex 31.5997 -37.2012 0
    endloop
  endfacet
  facet normal 0 0 -1
    outer loop
      vertex 30.0665 -42.4611 0
      vertex 33.0723 -41.2923 0
      vertex 30.1822 -42.7319 0
    endloop
  endfacet
  facet normal 0 0 -1
    outer loop
      vertex 33.3789 -39.9092 0
      vertex 31.1488 -37.5795 0
      vertex 31.368 -37.383 0
    endloop
  endfacet
  facet normal -0 0 -1
    outer loop
      vertex 33.0723 -41.2923 0
      vertex 30.0665 -42.4611 0
      vertex 33.0446 -41.2136 0
    endloop
  endfacet
  facet normal 0 0 -1
    outer loop
      vertex 33.3205 -39.9688 0
      vertex 30.9428 -37.79 0
      vertex 31.1488 -37.5795 0
    endloop
  endfacet
  facet normal 0 0 -1
    outer loop
      vertex 29.9689 -42.1833 0
      vertex 33.0446 -41.2136 0
      vertex 30.0665 -42.4611 0
    endloop
  endfacet
  facet normal 0 0 -1
    outer loop
      vertex 33.2662 -40.0321 0
      vertex 30.7511 -38.0135 0
      vertex 30.9428 -37.79 0
    endloop
  endfacet
  facet normal -0 0 -1
    outer loop
      vertex 33.0446 -41.2136 0
      vertex 29.9689 -42.1833 0
      vertex 33.0221 -41.1332 0
    endloop
  endfacet
  facet normal 0 0 -1
    outer loop
      vertex 33.2162 -40.0989 0
      vertex 30.5744 -38.2491 0
      vertex 30.7511 -38.0135 0
    endloop
  endfacet
  facet normal 0 0 -1
    outer loop
      vertex 29.8895 -41.8998 0
      vertex 33.0221 -41.1332 0
      vertex 29.9689 -42.1833 0
    endloop
  endfacet
  facet normal 0 0 -1
    outer loop
      vertex 33.1706 -40.1687 0
      vertex 30.4135 -38.4957 0
      vertex 30.5744 -38.2491 0
    endloop
  endfacet
  facet normal -0 0 -1
    outer loop
      vertex 33.0221 -41.1332 0
      vertex 29.8895 -41.8998 0
      vertex 33.005 -41.0516 0
    endloop
  endfacet
  facet normal 0 0 -1
    outer loop
      vertex 33.1296 -40.2414 0
      vertex 30.269 -38.7523 0
      vertex 30.4135 -38.4957 0
    endloop
  endfacet
  facet normal 0 0 -1
    outer loop
      vertex 29.8289 -41.6116 0
      vertex 33.005 -41.0516 0
      vertex 29.8895 -41.8998 0
    endloop
  endfacet
  facet normal 0 0 -1
    outer loop
      vertex 33.0936 -40.3167 0
      vertex 30.1417 -39.0178 0
      vertex 30.269 -38.7523 0
    endloop
  endfacet
  facet normal -0 0 -1
    outer loop
      vertex 33.005 -41.0516 0
      vertex 29.8289 -41.6116 0
      vertex 32.9932 -40.969 0
    endloop
  endfacet
  facet normal 0 0 -1
    outer loop
      vertex 33.0625 -40.3941 0
      vertex 30.032 -39.2911 0
      vertex 30.1417 -39.0178 0
    endloop
  endfacet
  facet normal 0 0 -1
    outer loop
      vertex 29.7873 -41.3201 0
      vertex 32.9932 -40.969 0
      vertex 29.8289 -41.6116 0
    endloop
  endfacet
  facet normal 0 0 -1
    outer loop
      vertex 33.0365 -40.4734 0
      vertex 29.9404 -39.5709 0
      vertex 30.032 -39.2911 0
    endloop
  endfacet
  facet normal -0 0 -1
    outer loop
      vertex 32.9932 -40.969 0
      vertex 29.7873 -41.3201 0
      vertex 32.9868 -40.8858 0
    endloop
  endfacet
  facet normal 0 0 -1
    outer loop
      vertex 33.0158 -40.5542 0
      vertex 29.8672 -39.8562 0
      vertex 29.9404 -39.5709 0
    endloop
  endfacet
  facet normal 0 0 -1
    outer loop
      vertex 29.7649 -41.0265 0
      vertex 32.9868 -40.8858 0
      vertex 29.7873 -41.3201 0
    endloop
  endfacet
  facet normal 0 0 -1
    outer loop
      vertex 33.0004 -40.6362 0
      vertex 29.813 -40.1456 0
      vertex 29.8672 -39.8562 0
    endloop
  endfacet
  facet normal -0 0 -1
    outer loop
      vertex 32.9868 -40.8858 0
      vertex 29.7649 -41.0265 0
      vertex 32.9859 -40.8024 0
    endloop
  endfacet
  facet normal 0 0 -1
    outer loop
      vertex 32.9904 -40.719 0
      vertex 29.7777 -40.438 0
      vertex 29.813 -40.1456 0
    endloop
  endfacet
  facet normal 0 0 -1
    outer loop
      vertex 29.7617 -40.732 0
      vertex 32.9859 -40.8024 0
      vertex 29.7649 -41.0265 0
    endloop
  endfacet
  facet normal 0 0 -1
    outer loop
      vertex 32.9859 -40.8024 0
      vertex 29.7617 -40.732 0
      vertex 29.7777 -40.438 0
    endloop
  endfacet
  facet normal -0 0 -1
    outer loop
      vertex 22.6007 51.1552 0
      vertex 19.4681 50.3887 0
      vertex 22.5214 51.4388 0
    endloop
  endfacet
  facet normal 0 0 -1
    outer loop
      vertex 22.7125 49.6934 0
      vertex 19.4998 49.9745 0
      vertex 19.5044 50.0578 0
    endloop
  endfacet
  facet normal 0 0 -1
    outer loop
      vertex 22.6773 49.4011 0
      vertex 19.4898 49.8917 0
      vertex 19.4998 49.9745 0
    endloop
  endfacet
  facet normal 0 0 -1
    outer loop
      vertex 22.623 49.1116 0
      vertex 19.4744 49.8097 0
      vertex 19.4898 49.8917 0
    endloop
  endfacet
  facet normal 0 0 -1
    outer loop
      vertex 22.5499 48.8264 0
      vertex 19.4537 49.7288 0
      vertex 19.4744 49.8097 0
    endloop
  endfacet
  facet normal 0 0 -1
    outer loop
      vertex 22.3486 48.2733 0
      vertex 19.3967 49.5721 0
      vertex 19.4278 49.6495 0
    endloop
  endfacet
  facet normal 0 0 -1
    outer loop
      vertex 22.2212 48.0077 0
      vertex 19.3606 49.4969 0
      vertex 19.3967 49.5721 0
    endloop
  endfacet
  facet normal 0 0 -1
    outer loop
      vertex 22.0768 47.7511 0
      vertex 19.3197 49.4242 0
      vertex 19.3606 49.4969 0
    endloop
  endfacet
  facet normal 0 0 -1
    outer loop
      vertex 18.6131 48.8696 0
      vertex 19.5828 45.7939 0
      vertex 19.2993 45.7146 0
    endloop
  endfacet
  facet normal 0 0 -1
    outer loop
      vertex 21.9159 47.5045 0
      vertex 19.2741 49.3543 0
      vertex 19.3197 49.4242 0
    endloop
  endfacet
  facet normal 0 0 -1
    outer loop
      vertex 21.7392 47.269 0
      vertex 19.224 49.2876 0
      vertex 19.2741 49.3543 0
    endloop
  endfacet
  facet normal 0 0 -1
    outer loop
      vertex 21.5474 47.0455 0
      vertex 19.1697 49.2242 0
      vertex 19.224 49.2876 0
    endloop
  endfacet
  facet normal 0 0 -1
    outer loop
      vertex 21.3415 46.835 0
      vertex 19.1114 49.1646 0
      vertex 19.1697 49.2242 0
    endloop
  endfacet
  facet normal 0 0 -1
    outer loop
      vertex 21.1222 46.6384 0
      vertex 19.0492 49.1089 0
      vertex 19.1114 49.1646 0
    endloop
  endfacet
  facet normal 0 0 -1
    outer loop
      vertex 18.5327 48.8472 0
      vertex 19.2993 45.7146 0
      vertex 19.0111 45.654 0
    endloop
  endfacet
  facet normal 0 0 -1
    outer loop
      vertex 20.8906 46.4566 0
      vertex 18.9836 49.0574 0
      vertex 19.0492 49.1089 0
    endloop
  endfacet
  facet normal 0 0 -1
    outer loop
      vertex 20.6475 46.2904 0
      vertex 18.9147 49.0103 0
      vertex 18.9836 49.0574 0
    endloop
  endfacet
  facet normal 0 0 -1
    outer loop
      vertex 20.3941 46.1403 0
      vertex 18.8429 48.9678 0
      vertex 18.9147 49.0103 0
    endloop
  endfacet
  facet normal 0 0 -1
    outer loop
      vertex 20.1315 46.0072 0
      vertex 18.7685 48.9301 0
      vertex 18.8429 48.9678 0
    endloop
  endfacet
  facet normal 0 0 -1
    outer loop
      vertex 18.4511 48.83 0
      vertex 19.0111 45.654 0
      vertex 18.7196 45.6124 0
    endloop
  endfacet
  facet normal 0 0 -1
    outer loop
      vertex 19.8606 45.8916 0
      vertex 18.6918 48.8973 0
      vertex 18.7685 48.9301 0
    endloop
  endfacet
  facet normal 0 0 -1
    outer loop
      vertex 19.5828 45.7939 0
      vertex 18.6131 48.8696 0
      vertex 18.6918 48.8973 0
    endloop
  endfacet
  facet normal 0 0 -1
    outer loop
      vertex 19.2993 45.7146 0
      vertex 18.5327 48.8472 0
      vertex 18.6131 48.8696 0
    endloop
  endfacet
  facet normal 0 0 -1
    outer loop
      vertex 19.0111 45.654 0
      vertex 18.4511 48.83 0
      vertex 18.5327 48.8472 0
    endloop
  endfacet
  facet normal 0 0 -1
    outer loop
      vertex 18.3685 48.8182 0
      vertex 18.7196 45.6124 0
      vertex 18.426 45.5899 0
    endloop
  endfacet
  facet normal 0 0 -1
    outer loop
      vertex 18.7196 45.6124 0
      vertex 18.3685 48.8182 0
      vertex 18.4511 48.83 0
    endloop
  endfacet
  facet normal 0 0 -1
    outer loop
      vertex 18.426 45.5899 0
      vertex 18.2853 48.8118 0
      vertex 18.3685 48.8182 0
    endloop
  endfacet
  facet normal 0 0 -1
    outer loop
      vertex 18.426 45.5899 0
      vertex 18.2019 48.8109 0
      vertex 18.2853 48.8118 0
    endloop
  endfacet
  facet normal 0 0 -1
    outer loop
      vertex 18.1315 45.5867 0
      vertex 18.2019 48.8109 0
      vertex 18.426 45.5899 0
    endloop
  endfacet
  facet normal 0 0 -1
    outer loop
      vertex 18.1315 45.5867 0
      vertex 18.1185 48.8155 0
      vertex 18.2019 48.8109 0
    endloop
  endfacet
  facet normal 0 0 -1
    outer loop
      vertex 17.8375 45.6027 0
      vertex 18.1185 48.8155 0
      vertex 18.1315 45.5867 0
    endloop
  endfacet
  facet normal -0 0 -1
    outer loop
      vertex 18.1185 48.8155 0
      vertex 17.8375 45.6027 0
      vertex 18.0357 48.8255 0
    endloop
  endfacet
  facet normal 0 0 -1
    outer loop
      vertex 17.5451 45.638 0
      vertex 18.0357 48.8255 0
      vertex 17.8375 45.6027 0
    endloop
  endfacet
  facet normal -0 0 -1
    outer loop
      vertex 18.0357 48.8255 0
      vertex 17.5451 45.638 0
      vertex 17.9537 48.8408 0
    endloop
  endfacet
  facet normal 0 0 -1
    outer loop
      vertex 17.2557 45.6923 0
      vertex 17.9537 48.8408 0
      vertex 17.5451 45.638 0
    endloop
  endfacet
  facet normal -0 0 -1
    outer loop
      vertex 17.9537 48.8408 0
      vertex 17.2557 45.6923 0
      vertex 17.8729 48.8616 0
    endloop
  endfacet
  facet normal 0 0 -1
    outer loop
      vertex 16.9704 45.7654 0
      vertex 17.8729 48.8616 0
      vertex 17.2557 45.6923 0
    endloop
  endfacet
  facet normal -0 0 -1
    outer loop
      vertex 17.8729 48.8616 0
      vertex 16.9704 45.7654 0
      vertex 17.7936 48.8875 0
    endloop
  endfacet
  facet normal 0 0 -1
    outer loop
      vertex 16.6906 45.857 0
      vertex 17.7936 48.8875 0
      vertex 16.9704 45.7654 0
    endloop
  endfacet
  facet normal -0 0 -1
    outer loop
      vertex 17.7936 48.8875 0
      vertex 16.6906 45.857 0
      vertex 17.7162 48.9186 0
    endloop
  endfacet
  facet normal 0 0 -1
    outer loop
      vertex 16.4173 45.9667 0
      vertex 17.7162 48.9186 0
      vertex 16.6906 45.857 0
    endloop
  endfacet
  facet normal -0 0 -1
    outer loop
      vertex 17.7162 48.9186 0
      vertex 16.4173 45.9667 0
      vertex 17.6409 48.9547 0
    endloop
  endfacet
  facet normal 0 0 -1
    outer loop
      vertex 16.1518 46.0941 0
      vertex 17.6409 48.9547 0
      vertex 16.4173 45.9667 0
    endloop
  endfacet
  facet normal -0 0 -1
    outer loop
      vertex 17.6409 48.9547 0
      vertex 16.1518 46.0941 0
      vertex 17.5682 48.9956 0
    endloop
  endfacet
  facet normal 0 0 -1
    outer loop
      vertex 15.8952 46.2385 0
      vertex 17.5682 48.9956 0
      vertex 16.1518 46.0941 0
    endloop
  endfacet
  facet normal -0 0 -1
    outer loop
      vertex 17.5682 48.9956 0
      vertex 15.8952 46.2385 0
      vertex 17.4984 49.0412 0
    endloop
  endfacet
  facet normal 0 0 -1
    outer loop
      vertex 15.6486 46.3994 0
      vertex 17.4984 49.0412 0
      vertex 15.8952 46.2385 0
    endloop
  endfacet
  facet normal -0 0 -1
    outer loop
      vertex 17.4984 49.0412 0
      vertex 15.6486 46.3994 0
      vertex 17.4316 49.0913 0
    endloop
  endfacet
  facet normal 0 0 -1
    outer loop
      vertex 15.413 46.5761 0
      vertex 17.4316 49.0913 0
      vertex 15.6486 46.3994 0
    endloop
  endfacet
  facet normal -0 0 -1
    outer loop
      vertex 17.4316 49.0913 0
      vertex 15.413 46.5761 0
      vertex 17.3683 49.1456 0
    endloop
  endfacet
  facet normal 0 0 -1
    outer loop
      vertex 15.1895 46.7679 0
      vertex 17.3683 49.1456 0
      vertex 15.413 46.5761 0
    endloop
  endfacet
  facet normal -0 0 -1
    outer loop
      vertex 17.3683 49.1456 0
      vertex 15.1895 46.7679 0
      vertex 17.3087 49.2039 0
    endloop
  endfacet
  facet normal 0 0 -1
    outer loop
      vertex 14.979 46.9738 0
      vertex 17.3087 49.2039 0
      vertex 15.1895 46.7679 0
    endloop
  endfacet
  facet normal -0 0 -1
    outer loop
      vertex 17.3087 49.2039 0
      vertex 14.979 46.9738 0
      vertex 17.253 49.2661 0
    endloop
  endfacet
  facet normal 0 0 -1
    outer loop
      vertex 14.7825 47.1931 0
      vertex 17.253 49.2661 0
      vertex 14.979 46.9738 0
    endloop
  endfacet
  facet normal -0 0 -1
    outer loop
      vertex 17.253 49.2661 0
      vertex 14.7825 47.1931 0
      vertex 17.2015 49.3317 0
    endloop
  endfacet
  facet normal 0 0 -1
    outer loop
      vertex 14.6007 47.4247 0
      vertex 17.2015 49.3317 0
      vertex 14.7825 47.1931 0
    endloop
  endfacet
  facet normal -0 0 -1
    outer loop
      vertex 17.2015 49.3317 0
      vertex 14.6007 47.4247 0
      vertex 17.1544 49.4006 0
    endloop
  endfacet
  facet normal 0 0 -1
    outer loop
      vertex 14.4344 47.6678 0
      vertex 17.1544 49.4006 0
      vertex 14.6007 47.4247 0
    endloop
  endfacet
  facet normal 0 0 -1
    outer loop
      vertex 16.9595 50.1967 0
      vertex 16.5987 54.2797 0
      vertex 16.8765 54.3773 0
    endloop
  endfacet
  facet normal 0 0 -1
    outer loop
      vertex 17.8463 51.3016 0
      vertex 16.8765 54.3773 0
      vertex 16.9385 54.3947 0
    endloop
  endfacet
  facet normal -0 0 -1
    outer loop
      vertex 17.1544 49.4006 0
      vertex 14.4344 47.6678 0
      vertex 17.1118 49.4724 0
    endloop
  endfacet
  facet normal 0 0 -1
    outer loop
      vertex 16.9595 50.1967 0
      vertex 16.3279 54.164 0
      vertex 16.5987 54.2797 0
    endloop
  endfacet
  facet normal 0 0 -1
    outer loop
      vertex 14.2844 47.9212 0
      vertex 17.1118 49.4724 0
      vertex 14.4344 47.6678 0
    endloop
  endfacet
  facet normal 0 0 -1
    outer loop
      vertex 16.9595 50.1967 0
      vertex 16.0652 54.0309 0
      vertex 16.3279 54.164 0
    endloop
  endfacet
  facet normal -0 0 -1
    outer loop
      vertex 17.1118 49.4724 0
      vertex 14.2844 47.9212 0
      vertex 17.0741 49.5468 0
    endloop
  endfacet
  facet normal 0 0 -1
    outer loop
      vertex 16.9595 50.1967 0
      vertex 15.8118 53.8809 0
      vertex 16.0652 54.0309 0
    endloop
  endfacet
  facet normal 0 0 -1
    outer loop
      vertex 14.1513 48.1838 0
      vertex 17.0741 49.5468 0
      vertex 14.2844 47.9212 0
    endloop
  endfacet
  facet normal 0 0 -1
    outer loop
      vertex 16.9595 50.1967 0
      vertex 15.5688 53.7146 0
      vertex 15.8118 53.8809 0
    endloop
  endfacet
  facet normal -0 0 -1
    outer loop
      vertex 17.0741 49.5468 0
      vertex 14.1513 48.1838 0
      vertex 17.0414 49.6235 0
    endloop
  endfacet
  facet normal 0 0 -1
    outer loop
      vertex 16.9595 50.1967 0
      vertex 15.3371 53.5328 0
      vertex 15.5688 53.7146 0
    endloop
  endfacet
  facet normal 0 0 -1
    outer loop
      vertex 14.0356 48.4546 0
      vertex 17.0414 49.6235 0
      vertex 14.1513 48.1838 0
    endloop
  endfacet
  facet normal 0 0 -1
    outer loop
      vertex 16.9595 50.1967 0
      vertex 15.1179 53.3363 0
      vertex 15.3371 53.5328 0
    endloop
  endfacet
  facet normal -0 0 -1
    outer loop
      vertex 17.0414 49.6235 0
      vertex 14.0356 48.4546 0
      vertex 17.0137 49.7022 0
    endloop
  endfacet
  facet normal 0 0 -1
    outer loop
      vertex 16.9595 50.1967 0
      vertex 14.9119 53.1258 0
      vertex 15.1179 53.3363 0
    endloop
  endfacet
  facet normal 0 0 -1
    outer loop
      vertex 13.9379 48.7324 0
      vertex 17.0137 49.7022 0
      vertex 14.0356 48.4546 0
    endloop
  endfacet
  facet normal 0 0 -1
    outer loop
      vertex 16.9595 50.1967 0
      vertex 14.7202 52.9023 0
      vertex 14.9119 53.1258 0
    endloop
  endfacet
  facet normal -0 0 -1
    outer loop
      vertex 17.0137 49.7022 0
      vertex 13.9379 48.7324 0
      vertex 16.9912 49.7826 0
    endloop
  endfacet
  facet normal 0 0 -1
    outer loop
      vertex 16.9595 50.1967 0
      vertex 14.5435 52.6667 0
      vertex 14.7202 52.9023 0
    endloop
  endfacet
  facet normal 0 0 -1
    outer loop
      vertex 13.8586 49.016 0
      vertex 16.9912 49.7826 0
      vertex 13.9379 48.7324 0
    endloop
  endfacet
  facet normal 0 0 -1
    outer loop
      vertex 16.9595 50.1967 0
      vertex 14.3826 52.4201 0
      vertex 14.5435 52.6667 0
    endloop
  endfacet
  facet normal -0 0 -1
    outer loop
      vertex 16.9912 49.7826 0
      vertex 13.8586 49.016 0
      vertex 16.974 49.8642 0
    endloop
  endfacet
  facet normal 0 0 -1
    outer loop
      vertex 16.9595 50.1967 0
      vertex 14.2381 52.1635 0
      vertex 14.3826 52.4201 0
    endloop
  endfacet
  facet normal 0 0 -1
    outer loop
      vertex 13.798 49.3042 0
      vertex 16.974 49.8642 0
      vertex 13.8586 49.016 0
    endloop
  endfacet
  facet normal 0 0 -1
    outer loop
      vertex 16.9595 50.1967 0
      vertex 14.1108 51.898 0
      vertex 14.2381 52.1635 0
    endloop
  endfacet
  facet normal -0 0 -1
    outer loop
      vertex 16.974 49.8642 0
      vertex 13.798 49.3042 0
      vertex 16.9623 49.9468 0
    endloop
  endfacet
  facet normal 0 0 -1
    outer loop
      vertex 16.9595 50.1967 0
      vertex 14.0011 51.6247 0
      vertex 14.1108 51.898 0
    endloop
  endfacet
  facet normal 0 0 -1
    outer loop
      vertex 13.7564 49.5957 0
      vertex 16.9623 49.9468 0
      vertex 13.798 49.3042 0
    endloop
  endfacet
  facet normal 0 0 -1
    outer loop
      vertex 16.9595 50.1967 0
      vertex 13.9094 51.3448 0
      vertex 14.0011 51.6247 0
    endloop
  endfacet
  facet normal -0 0 -1
    outer loop
      vertex 16.9623 49.9468 0
      vertex 13.7564 49.5957 0
      vertex 16.9559 50.03 0
    endloop
  endfacet
  facet normal 0 0 -1
    outer loop
      vertex 16.9595 50.1967 0
      vertex 13.8363 51.0596 0
      vertex 13.9094 51.3448 0
    endloop
  endfacet
  facet normal 0 0 -1
    outer loop
      vertex 13.734 49.8893 0
      vertex 16.9559 50.03 0
      vertex 13.7564 49.5957 0
    endloop
  endfacet
  facet normal 0 0 -1
    outer loop
      vertex 16.9595 50.1967 0
      vertex 13.782 50.7702 0
      vertex 13.8363 51.0596 0
    endloop
  endfacet
  facet normal -0 0 -1
    outer loop
      vertex 16.9559 50.03 0
      vertex 13.734 49.8893 0
      vertex 16.955 50.1134 0
    endloop
  endfacet
  facet normal 0 0 -1
    outer loop
      vertex 16.9595 50.1967 0
      vertex 13.7468 50.4778 0
      vertex 13.782 50.7702 0
    endloop
  endfacet
  facet normal 0 0 -1
    outer loop
      vertex 13.7307 50.1838 0
      vertex 16.955 50.1134 0
      vertex 13.734 49.8893 0
    endloop
  endfacet
  facet normal 0 0 -1
    outer loop
      vertex 16.955 50.1134 0
      vertex 13.7307 50.1838 0
      vertex 13.7468 50.4778 0
    endloop
  endfacet
  facet normal 0 0 -1
    outer loop
      vertex -48.0074 -9.64765 0
      vertex -51.2201 -9.36657 0
      vertex -51.2156 -9.28326 0
    endloop
  endfacet
  facet normal 0 0 -1
    outer loop
      vertex -50.8593 -13.4495 0
      vertex -51.2301 -9.4494 0
      vertex -51.2201 -9.36657 0
    endloop
  endfacet
  facet normal 0 0 -1
    outer loop
      vertex -50.8593 -13.4495 0
      vertex -51.2455 -9.53141 0
      vertex -51.2301 -9.4494 0
    endloop
  endfacet
  facet normal 0 0 -1
    outer loop
      vertex -50.8593 -13.4495 0
      vertex -51.2662 -9.61223 0
      vertex -51.2455 -9.53141 0
    endloop
  endfacet
  facet normal 0 0 -1
    outer loop
      vertex -50.8593 -13.4495 0
      vertex -51.2921 -9.69152 0
      vertex -51.2662 -9.61223 0
    endloop
  endfacet
  facet normal 0 0 -1
    outer loop
      vertex -50.8593 -13.4495 0
      vertex -51.3232 -9.76895 0
      vertex -51.2921 -9.69152 0
    endloop
  endfacet
  facet normal 0 0 -1
    outer loop
      vertex -50.8593 -13.4495 0
      vertex -51.3593 -9.84418 0
      vertex -51.3232 -9.76895 0
    endloop
  endfacet
  facet normal 0 0 -1
    outer loop
      vertex -50.8593 -13.4495 0
      vertex -51.4002 -9.91688 0
      vertex -51.3593 -9.84418 0
    endloop
  endfacet
  facet normal 0 0 -1
    outer loop
      vertex -52.1069 -10.4714 0
      vertex -51.1371 -13.5472 0
      vertex -51.4207 -13.6265 0
    endloop
  endfacet
  facet normal 0 0 -1
    outer loop
      vertex -50.8593 -13.4495 0
      vertex -51.4458 -9.98676 0
      vertex -51.4002 -9.91688 0
    endloop
  endfacet
  facet normal 0 0 -1
    outer loop
      vertex -50.8593 -13.4495 0
      vertex -51.4959 -10.0535 0
      vertex -51.4458 -9.98676 0
    endloop
  endfacet
  facet normal 0 0 -1
    outer loop
      vertex -50.8593 -13.4495 0
      vertex -51.5502 -10.1168 0
      vertex -51.4959 -10.0535 0
    endloop
  endfacet
  facet normal 0 0 -1
    outer loop
      vertex -50.8593 -13.4495 0
      vertex -51.6086 -10.1765 0
      vertex -51.5502 -10.1168 0
    endloop
  endfacet
  facet normal 0 0 -1
    outer loop
      vertex -50.8593 -13.4495 0
      vertex -51.6707 -10.2322 0
      vertex -51.6086 -10.1765 0
    endloop
  endfacet
  facet normal 0 0 -1
    outer loop
      vertex -52.1872 -10.4939 0
      vertex -51.4207 -13.6265 0
      vertex -51.7088 -13.6871 0
    endloop
  endfacet
  facet normal 0 0 -1
    outer loop
      vertex -50.8593 -13.4495 0
      vertex -51.7363 -10.2837 0
      vertex -51.6707 -10.2322 0
    endloop
  endfacet
  facet normal 0 0 -1
    outer loop
      vertex -50.8593 -13.4495 0
      vertex -51.8052 -10.3308 0
      vertex -51.7363 -10.2837 0
    endloop
  endfacet
  facet normal 0 0 -1
    outer loop
      vertex -50.8593 -13.4495 0
      vertex -51.877 -10.3733 0
      vertex -51.8052 -10.3308 0
    endloop
  endfacet
  facet normal 0 0 -1
    outer loop
      vertex -50.8593 -13.4495 0
      vertex -51.9514 -10.411 0
      vertex -51.877 -10.3733 0
    endloop
  endfacet
  facet normal 0 0 -1
    outer loop
      vertex -52.2689 -10.5111 0
      vertex -51.7088 -13.6871 0
      vertex -52.0004 -13.7287 0
    endloop
  endfacet
  facet normal 0 0 -1
    outer loop
      vertex -50.8593 -13.4495 0
      vertex -52.0281 -10.4438 0
      vertex -51.9514 -10.411 0
    endloop
  endfacet
  facet normal 0 0 -1
    outer loop
      vertex -51.1371 -13.5472 0
      vertex -52.1069 -10.4714 0
      vertex -52.0281 -10.4438 0
    endloop
  endfacet
  facet normal 0 0 -1
    outer loop
      vertex -51.4207 -13.6265 0
      vertex -52.1872 -10.4939 0
      vertex -52.1069 -10.4714 0
    endloop
  endfacet
  facet normal 0 0 -1
    outer loop
      vertex -51.7088 -13.6871 0
      vertex -52.2689 -10.5111 0
      vertex -52.1872 -10.4939 0
    endloop
  endfacet
  facet normal 0 0 -1
    outer loop
      vertex -52.3514 -10.5229 0
      vertex -52.0004 -13.7287 0
      vertex -52.294 -13.7512 0
    endloop
  endfacet
  facet normal 0 0 -1
    outer loop
      vertex -52.0004 -13.7287 0
      vertex -52.3514 -10.5229 0
      vertex -52.2689 -10.5111 0
    endloop
  endfacet
  facet normal 0 0 -1
    outer loop
      vertex -52.294 -13.7512 0
      vertex -52.4346 -10.5292 0
      vertex -52.3514 -10.5229 0
    endloop
  endfacet
  facet normal 0 0 -1
    outer loop
      vertex -52.294 -13.7512 0
      vertex -52.5181 -10.5301 0
      vertex -52.4346 -10.5292 0
    endloop
  endfacet
  facet normal 0 0 -1
    outer loop
      vertex -52.5884 -13.7544 0
      vertex -52.5181 -10.5301 0
      vertex -52.294 -13.7512 0
    endloop
  endfacet
  facet normal 0 0 -1
    outer loop
      vertex -52.5884 -13.7544 0
      vertex -52.6014 -10.5256 0
      vertex -52.5181 -10.5301 0
    endloop
  endfacet
  facet normal 0 0 -1
    outer loop
      vertex -52.8825 -13.7383 0
      vertex -52.6014 -10.5256 0
      vertex -52.5884 -13.7544 0
    endloop
  endfacet
  facet normal -0 0 -1
    outer loop
      vertex -52.6014 -10.5256 0
      vertex -52.8825 -13.7383 0
      vertex -52.6842 -10.5156 0
    endloop
  endfacet
  facet normal 0 0 -1
    outer loop
      vertex -53.1748 -13.7031 0
      vertex -52.6842 -10.5156 0
      vertex -52.8825 -13.7383 0
    endloop
  endfacet
  facet normal -0 0 -1
    outer loop
      vertex -52.6842 -10.5156 0
      vertex -53.1748 -13.7031 0
      vertex -52.7662 -10.5002 0
    endloop
  endfacet
  facet normal 0 0 -1
    outer loop
      vertex -53.4642 -13.6488 0
      vertex -52.7662 -10.5002 0
      vertex -53.1748 -13.7031 0
    endloop
  endfacet
  facet normal -0 0 -1
    outer loop
      vertex -52.7662 -10.5002 0
      vertex -53.4642 -13.6488 0
      vertex -52.847 -10.4795 0
    endloop
  endfacet
  facet normal 0 0 -1
    outer loop
      vertex -53.7495 -13.5757 0
      vertex -52.847 -10.4795 0
      vertex -53.4642 -13.6488 0
    endloop
  endfacet
  facet normal -0 0 -1
    outer loop
      vertex -52.847 -10.4795 0
      vertex -53.7495 -13.5757 0
      vertex -52.9263 -10.4536 0
    endloop
  endfacet
  facet normal 0 0 -1
    outer loop
      vertex -54.0293 -13.4841 0
      vertex -52.9263 -10.4536 0
      vertex -53.7495 -13.5757 0
    endloop
  endfacet
  facet normal -0 0 -1
    outer loop
      vertex -52.9263 -10.4536 0
      vertex -54.0293 -13.4841 0
      vertex -53.0038 -10.4225 0
    endloop
  endfacet
  facet normal 0 0 -1
    outer loop
      vertex -54.3026 -13.3743 0
      vertex -53.0038 -10.4225 0
      vertex -54.0293 -13.4841 0
    endloop
  endfacet
  facet normal -0 0 -1
    outer loop
      vertex -53.0038 -10.4225 0
      vertex -54.3026 -13.3743 0
      vertex -53.079 -10.3864 0
    endloop
  endfacet
  facet normal 0 0 -1
    outer loop
      vertex -54.5681 -13.247 0
      vertex -53.079 -10.3864 0
      vertex -54.3026 -13.3743 0
    endloop
  endfacet
  facet normal -0 0 -1
    outer loop
      vertex -53.079 -10.3864 0
      vertex -54.5681 -13.247 0
      vertex -53.1517 -10.3455 0
    endloop
  endfacet
  facet normal 0 0 -1
    outer loop
      vertex -54.8247 -13.1026 0
      vertex -53.1517 -10.3455 0
      vertex -54.5681 -13.247 0
    endloop
  endfacet
  facet normal -0 0 -1
    outer loop
      vertex -53.1517 -10.3455 0
      vertex -54.8247 -13.1026 0
      vertex -53.2216 -10.2999 0
    endloop
  endfacet
  facet normal 0 0 -1
    outer loop
      vertex -55.0713 -12.9416 0
      vertex -53.2216 -10.2999 0
      vertex -54.8247 -13.1026 0
    endloop
  endfacet
  facet normal -0 0 -1
    outer loop
      vertex -53.2216 -10.2999 0
      vertex -55.0713 -12.9416 0
      vertex -53.2883 -10.2498 0
    endloop
  endfacet
  facet normal 0 0 -1
    outer loop
      vertex -55.3069 -12.7649 0
      vertex -53.2883 -10.2498 0
      vertex -55.0713 -12.9416 0
    endloop
  endfacet
  facet normal -0 0 -1
    outer loop
      vertex -53.2883 -10.2498 0
      vertex -55.3069 -12.7649 0
      vertex -53.3516 -10.1955 0
    endloop
  endfacet
  facet normal 0 0 -1
    outer loop
      vertex -55.5304 -12.5732 0
      vertex -53.3516 -10.1955 0
      vertex -55.3069 -12.7649 0
    endloop
  endfacet
  facet normal 0 0 -1
    outer loop
      vertex -55.5765 -12.5281 0
      vertex -53.3516 -10.1955 0
      vertex -55.5304 -12.5732 0
    endloop
  endfacet
  facet normal -0 0 -1
    outer loop
      vertex -53.3516 -10.1955 0
      vertex -55.5765 -12.5281 0
      vertex -53.4113 -10.1371 0
    endloop
  endfacet
  facet normal -0 0 -1
    outer loop
      vertex -53.4113 -10.1371 0
      vertex -55.5765 -12.5281 0
      vertex -53.467 -10.075 0
    endloop
  endfacet
  facet normal -0 0 -1
    outer loop
      vertex -53.467 -10.075 0
      vertex -55.5765 -12.5281 0
      vertex -53.5185 -10.0094 0
    endloop
  endfacet
  facet normal -0 0 -1
    outer loop
      vertex -53.5185 -10.0094 0
      vertex -55.5765 -12.5281 0
      vertex -53.5656 -9.9405 0
    endloop
  endfacet
  facet normal -0 0 -1
    outer loop
      vertex -53.5656 -9.9405 0
      vertex -55.5765 -12.5281 0
      vertex -53.6081 -9.86871 0
    endloop
  endfacet
  facet normal -0 0 -1
    outer loop
      vertex -53.6081 -9.86871 0
      vertex -55.5765 -12.5281 0
      vertex -53.6458 -9.79429 0
    endloop
  endfacet
  facet normal -0 0 -1
    outer loop
      vertex -53.6458 -9.79429 0
      vertex -55.5765 -12.5281 0
      vertex -53.6786 -9.71756 0
    endloop
  endfacet
  facet normal 0 0 -1
    outer loop
      vertex -53.7649 -9.22763 0
      vertex -54.1212 -5.06141 0
      vertex -53.8434 -4.96372 0
    endloop
  endfacet
  facet normal -0 0 -1
    outer loop
      vertex -53.6786 -9.71756 0
      vertex -55.5765 -12.5281 0
      vertex -53.7062 -9.63885 0
    endloop
  endfacet
  facet normal 0 0 -1
    outer loop
      vertex -53.7649 -9.22763 0
      vertex -54.392 -5.17706 0
      vertex -54.1212 -5.06141 0
    endloop
  endfacet
  facet normal -0 0 -1
    outer loop
      vertex -53.7062 -9.63885 0
      vertex -55.5765 -12.5281 0
      vertex -53.7287 -9.5585 0
    endloop
  endfacet
  facet normal 0 0 -1
    outer loop
      vertex -53.7649 -9.22763 0
      vertex -54.6547 -5.31018 0
      vertex -54.392 -5.17706 0
    endloop
  endfacet
  facet normal -0 0 -1
    outer loop
      vertex -53.7287 -9.5585 0
      vertex -55.5765 -12.5281 0
      vertex -53.7459 -9.47685 0
    endloop
  endfacet
  facet normal 0 0 -1
    outer loop
      vertex -53.7649 -9.22763 0
      vertex -54.9081 -5.46019 0
      vertex -54.6547 -5.31018 0
    endloop
  endfacet
  facet normal 0 0 -1
    outer loop
      vertex -56.5286 -7.27513 0
      vertex -53.7459 -9.47685 0
      vertex -55.5765 -12.5281 0
    endloop
  endfacet
  facet normal 0 0 -1
    outer loop
      vertex -53.7649 -9.22763 0
      vertex -55.1511 -5.62645 0
      vertex -54.9081 -5.46019 0
    endloop
  endfacet
  facet normal 0 0 -1
    outer loop
      vertex -53.7459 -9.47685 0
      vertex -56.5286 -7.27513 0
      vertex -53.7577 -9.39425 0
    endloop
  endfacet
  facet normal 0 0 -1
    outer loop
      vertex -53.7649 -9.22763 0
      vertex -55.3828 -5.80825 0
      vertex -55.1511 -5.62645 0
    endloop
  endfacet
  facet normal 0 0 -1
    outer loop
      vertex -53.7577 -9.39425 0
      vertex -56.5286 -7.27513 0
      vertex -53.764 -9.31106 0
    endloop
  endfacet
  facet normal 0 0 -1
    outer loop
      vertex -53.764 -9.31106 0
      vertex -55.808 -6.21529 0
      vertex -53.7649 -9.22763 0
    endloop
  endfacet
  facet normal 0 0 -1
    outer loop
      vertex -53.7649 -9.22763 0
      vertex -55.6021 -6.00481 0
      vertex -55.3828 -5.80825 0
    endloop
  endfacet
  facet normal 0 0 -1
    outer loop
      vertex -51.2156 -9.28326 0
      vertex -47.9913 -9.35361 0
      vertex -48.0074 -9.64765 0
    endloop
  endfacet
  facet normal 0 0 -1
    outer loop
      vertex -47.9913 -9.35361 0
      vertex -51.2156 -9.28326 0
      vertex -47.9945 -9.05916 0
    endloop
  endfacet
  facet normal 0 0 -1
    outer loop
      vertex -51.2201 -9.36657 0
      vertex -48.0074 -9.64765 0
      vertex -48.0426 -9.94 0
    endloop
  endfacet
  facet normal 0 0 -1
    outer loop
      vertex -51.2165 -9.19983 0
      vertex -47.9945 -9.05916 0
      vertex -51.2156 -9.28326 0
    endloop
  endfacet
  facet normal 0 0 -1
    outer loop
      vertex -51.2201 -9.36657 0
      vertex -48.0426 -9.94 0
      vertex -48.0969 -10.2294 0
    endloop
  endfacet
  facet normal -0 0 -1
    outer loop
      vertex -47.9945 -9.05916 0
      vertex -51.2165 -9.19983 0
      vertex -48.017 -8.76555 0
    endloop
  endfacet
  facet normal 0 0 -1
    outer loop
      vertex -51.2201 -9.36657 0
      vertex -48.0969 -10.2294 0
      vertex -48.17 -10.5147 0
    endloop
  endfacet
  facet normal 0 0 -1
    outer loop
      vertex -51.2228 -9.11664 0
      vertex -48.017 -8.76555 0
      vertex -51.2165 -9.19983 0
    endloop
  endfacet
  facet normal 0 0 -1
    outer loop
      vertex -51.2201 -9.36657 0
      vertex -48.17 -10.5147 0
      vertex -48.2616 -10.7945 0
    endloop
  endfacet
  facet normal -0 0 -1
    outer loop
      vertex -48.017 -8.76555 0
      vertex -51.2228 -9.11664 0
      vertex -48.0586 -8.47403 0
    endloop
  endfacet
  facet normal 0 0 -1
    outer loop
      vertex -51.2201 -9.36657 0
      vertex -48.2616 -10.7945 0
      vertex -48.3714 -11.0678 0
    endloop
  endfacet
  facet normal 0 0 -1
    outer loop
      vertex -51.2346 -9.03405 0
      vertex -48.0586 -8.47403 0
      vertex -51.2228 -9.11664 0
    endloop
  endfacet
  facet normal 0 0 -1
    outer loop
      vertex -51.2201 -9.36657 0
      vertex -48.3714 -11.0678 0
      vertex -48.4987 -11.3333 0
    endloop
  endfacet
  facet normal -0 0 -1
    outer loop
      vertex -48.0586 -8.47403 0
      vertex -51.2346 -9.03405 0
      vertex -48.1192 -8.18586 0
    endloop
  endfacet
  facet normal 0 0 -1
    outer loop
      vertex -51.2201 -9.36657 0
      vertex -48.4987 -11.3333 0
      vertex -48.6432 -11.5899 0
    endloop
  endfacet
  facet normal 0 0 -1
    outer loop
      vertex -51.2518 -8.9524 0
      vertex -48.1192 -8.18586 0
      vertex -51.2346 -9.03405 0
    endloop
  endfacet
  facet normal 0 0 -1
    outer loop
      vertex -51.2201 -9.36657 0
      vertex -48.6432 -11.5899 0
      vertex -48.8041 -11.8365 0
    endloop
  endfacet
  facet normal -0 0 -1
    outer loop
      vertex -48.1192 -8.18586 0
      vertex -51.2518 -8.9524 0
      vertex -48.1985 -7.90227 0
    endloop
  endfacet
  facet normal 0 0 -1
    outer loop
      vertex -51.2201 -9.36657 0
      vertex -48.8041 -11.8365 0
      vertex -48.9808 -12.0721 0
    endloop
  endfacet
  facet normal 0 0 -1
    outer loop
      vertex -51.2743 -8.87205 0
      vertex -48.1985 -7.90227 0
      vertex -51.2518 -8.9524 0
    endloop
  endfacet
  facet normal 0 0 -1
    outer loop
      vertex -51.2201 -9.36657 0
      vertex -48.9808 -12.0721 0
      vertex -49.1725 -12.2956 0
    endloop
  endfacet
  facet normal -0 0 -1
    outer loop
      vertex -48.1985 -7.90227 0
      vertex -51.2743 -8.87205 0
      vertex -48.2962 -7.62448 0
    endloop
  endfacet
  facet normal 0 0 -1
    outer loop
      vertex -51.2201 -9.36657 0
      vertex -49.1725 -12.2956 0
      vertex -49.3784 -12.5061 0
    endloop
  endfacet
  facet normal 0 0 -1
    outer loop
      vertex -51.3019 -8.79334 0
      vertex -48.2962 -7.62448 0
      vertex -51.2743 -8.87205 0
    endloop
  endfacet
  facet normal 0 0 -1
    outer loop
      vertex -51.2201 -9.36657 0
      vertex -49.3784 -12.5061 0
      vertex -49.5977 -12.7026 0
    endloop
  endfacet
  facet normal -0 0 -1
    outer loop
      vertex -48.2962 -7.62448 0
      vertex -51.3019 -8.79334 0
      vertex -48.4119 -7.35367 0
    endloop
  endfacet
  facet normal 0 0 -1
    outer loop
      vertex -51.2201 -9.36657 0
      vertex -49.5977 -12.7026 0
      vertex -49.8294 -12.8844 0
    endloop
  endfacet
  facet normal 0 0 -1
    outer loop
      vertex -51.3347 -8.71661 0
      vertex -48.4119 -7.35367 0
      vertex -51.3019 -8.79334 0
    endloop
  endfacet
  facet normal 0 0 -1
    outer loop
      vertex -51.2201 -9.36657 0
      vertex -49.8294 -12.8844 0
      vertex -50.0724 -13.0507 0
    endloop
  endfacet
  facet normal -0 0 -1
    outer loop
      vertex -48.4119 -7.35367 0
      vertex -51.3347 -8.71661 0
      vertex -48.545 -7.091 0
    endloop
  endfacet
  facet normal 0 0 -1
    outer loop
      vertex -51.2201 -9.36657 0
      vertex -50.0724 -13.0507 0
      vertex -50.3258 -13.2007 0
    endloop
  endfacet
  facet normal 0 0 -1
    outer loop
      vertex -51.3724 -8.64219 0
      vertex -48.545 -7.091 0
      vertex -51.3347 -8.71661 0
    endloop
  endfacet
  facet normal 0 0 -1
    outer loop
      vertex -51.2201 -9.36657 0
      vertex -50.3258 -13.2007 0
      vertex -50.5885 -13.3338 0
    endloop
  endfacet
  facet normal -0 0 -1
    outer loop
      vertex -48.545 -7.091 0
      vertex -51.3724 -8.64219 0
      vertex -48.695 -6.8376 0
    endloop
  endfacet
  facet normal 0 0 -1
    outer loop
      vertex -51.2201 -9.36657 0
      vertex -50.5885 -13.3338 0
      vertex -50.8593 -13.4495 0
    endloop
  endfacet
  facet normal 0 0 -1
    outer loop
      vertex -51.4149 -8.57039 0
      vertex -48.695 -6.8376 0
      vertex -51.3724 -8.64219 0
    endloop
  endfacet
  facet normal 0 0 -1
    outer loop
      vertex -52.0281 -10.4438 0
      vertex -50.8593 -13.4495 0
      vertex -51.1371 -13.5472 0
    endloop
  endfacet
  facet normal -0 0 -1
    outer loop
      vertex -48.695 -6.8376 0
      vertex -51.4149 -8.57039 0
      vertex -48.8613 -6.59455 0
    endloop
  endfacet
  facet normal 0 0 -1
    outer loop
      vertex -51.462 -8.50153 0
      vertex -48.8613 -6.59455 0
      vertex -51.4149 -8.57039 0
    endloop
  endfacet
  facet normal -0 0 -1
    outer loop
      vertex -48.8613 -6.59455 0
      vertex -51.462 -8.50153 0
      vertex -49.0431 -6.3629 0
    endloop
  endfacet
  facet normal 0 0 -1
    outer loop
      vertex -51.5135 -8.43589 0
      vertex -49.0431 -6.3629 0
      vertex -51.462 -8.50153 0
    endloop
  endfacet
  facet normal -0 0 -1
    outer loop
      vertex -49.0431 -6.3629 0
      vertex -51.5135 -8.43589 0
      vertex -49.2396 -6.14364 0
    endloop
  endfacet
  facet normal 0 0 -1
    outer loop
      vertex -51.5692 -8.37377 0
      vertex -49.2396 -6.14364 0
      vertex -51.5135 -8.43589 0
    endloop
  endfacet
  facet normal -0 0 -1
    outer loop
      vertex -49.2396 -6.14364 0
      vertex -51.5692 -8.37377 0
      vertex -49.4501 -5.9377 0
    endloop
  endfacet
  facet normal 0 0 -1
    outer loop
      vertex -51.6289 -8.31542 0
      vertex -49.4501 -5.9377 0
      vertex -51.5692 -8.37377 0
    endloop
  endfacet
  facet normal -0 0 -1
    outer loop
      vertex -49.4501 -5.9377 0
      vertex -51.6289 -8.31542 0
      vertex -49.6736 -5.74597 0
    endloop
  endfacet
  facet normal 0 0 -1
    outer loop
      vertex -51.6922 -8.2611 0
      vertex -49.6736 -5.74597 0
      vertex -51.6289 -8.31542 0
    endloop
  endfacet
  facet normal -0 0 -1
    outer loop
      vertex -49.6736 -5.74597 0
      vertex -51.6922 -8.2611 0
      vertex -49.9092 -5.56926 0
    endloop
  endfacet
  facet normal 0 0 -1
    outer loop
      vertex -51.7589 -8.21103 0
      vertex -49.9092 -5.56926 0
      vertex -51.6922 -8.2611 0
    endloop
  endfacet
  facet normal -0 0 -1
    outer loop
      vertex -49.9092 -5.56926 0
      vertex -51.7589 -8.21103 0
      vertex -50.1558 -5.40834 0
    endloop
  endfacet
  facet normal 0 0 -1
    outer loop
      vertex -51.8288 -8.16543 0
      vertex -50.1558 -5.40834 0
      vertex -51.7589 -8.21103 0
    endloop
  endfacet
  facet normal -0 0 -1
    outer loop
      vertex -50.1558 -5.40834 0
      vertex -51.8288 -8.16543 0
      vertex -50.4124 -5.2639 0
    endloop
  endfacet
  facet normal 0 0 -1
    outer loop
      vertex -51.9015 -8.12451 0
      vertex -50.4124 -5.2639 0
      vertex -51.8288 -8.16543 0
    endloop
  endfacet
  facet normal -0 0 -1
    outer loop
      vertex -50.4124 -5.2639 0
      vertex -51.9015 -8.12451 0
      vertex -50.6779 -5.13655 0
    endloop
  endfacet
  facet normal 0 0 -1
    outer loop
      vertex -51.9767 -8.08843 0
      vertex -50.6779 -5.13655 0
      vertex -51.9015 -8.12451 0
    endloop
  endfacet
  facet normal -0 0 -1
    outer loop
      vertex -50.6779 -5.13655 0
      vertex -51.9767 -8.08843 0
      vertex -50.9512 -5.02683 0
    endloop
  endfacet
  facet normal 0 0 -1
    outer loop
      vertex -52.0542 -8.05734 0
      vertex -50.9512 -5.02683 0
      vertex -51.9767 -8.08843 0
    endloop
  endfacet
  facet normal -0 0 -1
    outer loop
      vertex -50.9512 -5.02683 0
      vertex -52.0542 -8.05734 0
      vertex -51.231 -4.93522 0
    endloop
  endfacet
  facet normal 0 0 -1
    outer loop
      vertex -52.1335 -8.03138 0
      vertex -51.231 -4.93522 0
      vertex -52.0542 -8.05734 0
    endloop
  endfacet
  facet normal -0 0 -1
    outer loop
      vertex -51.231 -4.93522 0
      vertex -52.1335 -8.03138 0
      vertex -51.5163 -4.86211 0
    endloop
  endfacet
  facet normal 0 0 -1
    outer loop
      vertex -52.2143 -8.01067 0
      vertex -51.5163 -4.86211 0
      vertex -52.1335 -8.03138 0
    endloop
  endfacet
  facet normal -0 0 -1
    outer loop
      vertex -51.5163 -4.86211 0
      vertex -52.2143 -8.01067 0
      vertex -51.8057 -4.80782 0
    endloop
  endfacet
  facet normal 0 0 -1
    outer loop
      vertex -52.2963 -7.99529 0
      vertex -51.8057 -4.80782 0
      vertex -52.2143 -8.01067 0
    endloop
  endfacet
  facet normal -0 0 -1
    outer loop
      vertex -51.8057 -4.80782 0
      vertex -52.2963 -7.99529 0
      vertex -52.0981 -4.77257 0
    endloop
  endfacet
  facet normal 0 0 -1
    outer loop
      vertex -52.3791 -7.9853 0
      vertex -52.0981 -4.77257 0
      vertex -52.2963 -7.99529 0
    endloop
  endfacet
  facet normal 0 0 -1
    outer loop
      vertex -52.3791 -7.9853 0
      vertex -52.3921 -4.75652 0
      vertex -52.0981 -4.77257 0
    endloop
  endfacet
  facet normal 0 0 -1
    outer loop
      vertex -52.4624 -7.98075 0
      vertex -52.3921 -4.75652 0
      vertex -52.3791 -7.9853 0
    endloop
  endfacet
  facet normal 0 0 -1
    outer loop
      vertex -52.5459 -7.98166 0
      vertex -52.3921 -4.75652 0
      vertex -52.4624 -7.98075 0
    endloop
  endfacet
  facet normal 0 0 -1
    outer loop
      vertex -52.6865 -4.75973 0
      vertex -52.5459 -7.98166 0
      vertex -52.6291 -7.98803 0
    endloop
  endfacet
  facet normal 0 0 -1
    outer loop
      vertex -52.5459 -7.98166 0
      vertex -52.6865 -4.75973 0
      vertex -52.3921 -4.75652 0
    endloop
  endfacet
  facet normal 0 0 -1
    outer loop
      vertex -52.9802 -4.78219 0
      vertex -52.6291 -7.98803 0
      vertex -52.7117 -7.99982 0
    endloop
  endfacet
  facet normal 0 0 -1
    outer loop
      vertex -53.2717 -4.82381 0
      vertex -52.7117 -7.99982 0
      vertex -52.7933 -8.01699 0
    endloop
  endfacet
  facet normal 0 0 -1
    outer loop
      vertex -53.5598 -4.88441 0
      vertex -52.7933 -8.01699 0
      vertex -52.8737 -8.03946 0
    endloop
  endfacet
  facet normal 0 0 -1
    outer loop
      vertex -53.8434 -4.96372 0
      vertex -52.8737 -8.03946 0
      vertex -52.9524 -8.06714 0
    endloop
  endfacet
  facet normal 0 0 -1
    outer loop
      vertex -52.6291 -7.98803 0
      vertex -52.9802 -4.78219 0
      vertex -52.6865 -4.75973 0
    endloop
  endfacet
  facet normal 0 0 -1
    outer loop
      vertex -53.8434 -4.96372 0
      vertex -52.9524 -8.06714 0
      vertex -53.0291 -8.09991 0
    endloop
  endfacet
  facet normal 0 0 -1
    outer loop
      vertex -53.8434 -4.96372 0
      vertex -53.0291 -8.09991 0
      vertex -53.1035 -8.13762 0
    endloop
  endfacet
  facet normal 0 0 -1
    outer loop
      vertex -53.8434 -4.96372 0
      vertex -53.1035 -8.13762 0
      vertex -53.1753 -8.18012 0
    endloop
  endfacet
  facet normal 0 0 -1
    outer loop
      vertex -53.8434 -4.96372 0
      vertex -53.1753 -8.18012 0
      vertex -53.2442 -8.22723 0
    endloop
  endfacet
  facet normal 0 0 -1
    outer loop
      vertex -52.7117 -7.99982 0
      vertex -53.2717 -4.82381 0
      vertex -52.9802 -4.78219 0
    endloop
  endfacet
  facet normal 0 0 -1
    outer loop
      vertex -53.8434 -4.96372 0
      vertex -53.2442 -8.22723 0
      vertex -53.3098 -8.27874 0
    endloop
  endfacet
  facet normal 0 0 -1
    outer loop
      vertex -53.8434 -4.96372 0
      vertex -53.3098 -8.27874 0
      vertex -53.3719 -8.33443 0
    endloop
  endfacet
  facet normal 0 0 -1
    outer loop
      vertex -53.8434 -4.96372 0
      vertex -53.3719 -8.33443 0
      vertex -53.4303 -8.39407 0
    endloop
  endfacet
  facet normal 0 0 -1
    outer loop
      vertex -53.8434 -4.96372 0
      vertex -53.4303 -8.39407 0
      vertex -53.4846 -8.45739 0
    endloop
  endfacet
  facet normal 0 0 -1
    outer loop
      vertex -53.8434 -4.96372 0
      vertex -53.4846 -8.45739 0
      vertex -53.5347 -8.52414 0
    endloop
  endfacet
  facet normal 0 0 -1
    outer loop
      vertex -52.7933 -8.01699 0
      vertex -53.5598 -4.88441 0
      vertex -53.2717 -4.82381 0
    endloop
  endfacet
  facet normal 0 0 -1
    outer loop
      vertex -53.8434 -4.96372 0
      vertex -53.5347 -8.52414 0
      vertex -53.5803 -8.59401 0
    endloop
  endfacet
  facet normal 0 0 -1
    outer loop
      vertex -53.8434 -4.96372 0
      vertex -53.5803 -8.59401 0
      vertex -53.6212 -8.66672 0
    endloop
  endfacet
  facet normal 0 0 -1
    outer loop
      vertex -53.8434 -4.96372 0
      vertex -53.6212 -8.66672 0
      vertex -53.6573 -8.74195 0
    endloop
  endfacet
  facet normal 0 0 -1
    outer loop
      vertex -53.8434 -4.96372 0
      vertex -53.6573 -8.74195 0
      vertex -53.6884 -8.81937 0
    endloop
  endfacet
  facet normal 0 0 -1
    outer loop
      vertex -53.8434 -4.96372 0
      vertex -53.6884 -8.81937 0
      vertex -53.7143 -8.89867 0
    endloop
  endfacet
  facet normal 0 0 -1
    outer loop
      vertex -53.8434 -4.96372 0
      vertex -53.7143 -8.89867 0
      vertex -53.735 -8.97949 0
    endloop
  endfacet
  facet normal 0 0 -1
    outer loop
      vertex -53.8434 -4.96372 0
      vertex -53.735 -8.97949 0
      vertex -53.7504 -9.06149 0
    endloop
  endfacet
  facet normal 0 0 -1
    outer loop
      vertex -53.8434 -4.96372 0
      vertex -53.7504 -9.06149 0
      vertex -53.7604 -9.14432 0
    endloop
  endfacet
  facet normal 0 0 -1
    outer loop
      vertex -53.8434 -4.96372 0
      vertex -53.7604 -9.14432 0
      vertex -53.7649 -9.22763 0
    endloop
  endfacet
  facet normal 0 0 -1
    outer loop
      vertex -52.8737 -8.03946 0
      vertex -53.8434 -4.96372 0
      vertex -53.5598 -4.88441 0
    endloop
  endfacet
  facet normal -0.412707 -0.910864 0
    outer loop
      vertex -26.5373 -53.8124 0
      vertex -22.961 -55.4328 86
      vertex -26.5373 -53.8124 86
    endloop
  endfacet
  facet normal -0.412707 -0.910864 -0
    outer loop
      vertex -22.961 -55.4328 86
      vertex -26.5373 -53.8124 0
      vertex -22.961 -55.4328 0
    endloop
  endfacet
  facet normal -0.935908 0.352246 0
    outer loop
      vertex 52.6611 -21.813 52
      vertex 53.975 -18.322 86
      vertex 53.975 -18.322 52
    endloop
  endfacet
  facet normal -0.935908 0.352246 0
    outer loop
      vertex 53.975 -18.322 86
      vertex 52.6611 -21.813 52
      vertex 52.6611 -21.813 86
    endloop
  endfacet
  facet normal -0.935908 0.352246 0
    outer loop
      vertex 52.6611 -21.813 0
      vertex 53.975 -18.322 49
      vertex 53.975 -18.322 0
    endloop
  endfacet
  facet normal -0.935908 0.352246 0
    outer loop
      vertex 53.975 -18.322 49
      vertex 52.6611 -21.813 0
      vertex 52.6611 -21.813 49
    endloop
  endfacet
  facet normal -0.995185 -0.0980169 0
    outer loop
      vertex 56.878 3.72798 52
      vertex 56.5124 7.43999 86
      vertex 56.5124 7.43999 52
    endloop
  endfacet
  facet normal -0.995185 -0.0980169 0
    outer loop
      vertex 56.5124 7.43999 86
      vertex 56.878 3.72798 52
      vertex 56.878 3.72798 86
    endloop
  endfacet
  facet normal -0.995185 -0.0980169 0
    outer loop
      vertex 56.878 3.72798 0
      vertex 56.5124 7.43999 49
      vertex 56.5124 7.43999 0
    endloop
  endfacet
  facet normal -0.995185 -0.0980169 0
    outer loop
      vertex 56.5124 7.43999 49
      vertex 56.878 3.72798 0
      vertex 56.878 3.72798 49
    endloop
  endfacet
  facet normal -0.849212 0.528053 0
    outer loop
      vertex 47.3938 -31.6675 52
      vertex 49.3634 -28.5 86
      vertex 49.3634 -28.5 52
    endloop
  endfacet
  facet normal -0.849212 0.528053 0
    outer loop
      vertex 49.3634 -28.5 86
      vertex 47.3938 -31.6675 52
      vertex 47.3938 -31.6675 86
    endloop
  endfacet
  facet normal -0.849212 0.528053 0
    outer loop
      vertex 47.3938 -31.6675 0
      vertex 49.3634 -28.5 49
      vertex 49.3634 -28.5 0
    endloop
  endfacet
  facet normal -0.849212 0.528053 0
    outer loop
      vertex 49.3634 -28.5 49
      vertex 47.3938 -31.6675 0
      vertex 47.3938 -31.6675 49
    endloop
  endfacet
  facet normal -0.729865 0.683591 0
    outer loop
      vertex 40.3051 -40.3051 52
      vertex 42.8549 -37.5827 86
      vertex 42.8549 -37.5827 52
    endloop
  endfacet
  facet normal -0.729865 0.683591 0
    outer loop
      vertex 42.8549 -37.5827 86
      vertex 40.3051 -40.3051 52
      vertex 40.3051 -40.3051 86
    endloop
  endfacet
  facet normal -0.729865 0.683591 0
    outer loop
      vertex 40.3051 -40.3051 0
      vertex 42.8549 -37.5827 49
      vertex 42.8549 -37.5827 0
    endloop
  endfacet
  facet normal -0.729865 0.683591 0
    outer loop
      vertex 42.8549 -37.5827 49
      vertex 40.3051 -40.3051 0
      vertex 40.3051 -40.3051 49
    endloop
  endfacet
  facet normal -0.881918 0.471402 0
    outer loop
      vertex 49.3634 -28.5 52
      vertex 51.1217 -25.2105 86
      vertex 51.1217 -25.2105 52
    endloop
  endfacet
  facet normal -0.881918 0.471402 0
    outer loop
      vertex 51.1217 -25.2105 86
      vertex 49.3634 -28.5 52
      vertex 49.3634 -28.5 86
    endloop
  endfacet
  facet normal -0.881918 0.471402 0
    outer loop
      vertex 49.3634 -28.5 0
      vertex 51.1217 -25.2105 49
      vertex 51.1217 -25.2105 0
    endloop
  endfacet
  facet normal -0.881918 0.471402 0
    outer loop
      vertex 51.1217 -25.2105 49
      vertex 49.3634 -28.5 0
      vertex 49.3634 -28.5 49
    endloop
  endfacet
  facet normal -0.729865 -0.683591 0
    outer loop
      vertex 42.8549 37.5827 52
      vertex 40.3051 40.3051 86
      vertex 40.3051 40.3051 52
    endloop
  endfacet
  facet normal -0.729865 -0.683591 0
    outer loop
      vertex 40.3051 40.3051 86
      vertex 42.8549 37.5827 52
      vertex 42.8549 37.5827 86
    endloop
  endfacet
  facet normal -0.729865 -0.683591 0
    outer loop
      vertex 42.8549 37.5827 0
      vertex 40.3051 40.3051 49
      vertex 40.3051 40.3051 0
    endloop
  endfacet
  facet normal -0.729865 -0.683591 0
    outer loop
      vertex 40.3051 40.3051 49
      vertex 42.8549 37.5827 0
      vertex 42.8549 37.5827 49
    endloop
  endfacet
  facet normal 0.91087 -0.412694 0
    outer loop
      vertex -51.1217 25.2105 86
      vertex -51.7218 23.886 52.1
      vertex -51.1217 25.2105 52.1
    endloop
  endfacet
  facet normal 0.910863 -0.41271 7.55656e-07
    outer loop
      vertex -52.6611 21.813 86
      vertex -51.7218 23.886 52.1
      vertex -51.1217 25.2105 86
    endloop
  endfacet
  facet normal 0.910858 -0.41272 0
    outer loop
      vertex -52.6611 21.813 52
      vertex -51.7218 23.886 52.1
      vertex -52.6611 21.813 86
    endloop
  endfacet
  facet normal 0.910858 -0.41272 0
    outer loop
      vertex -51.7218 23.886 52.1
      vertex -52.6611 21.813 52
      vertex -51.7218 23.886 52
    endloop
  endfacet
  facet normal 0.91087 -0.412694 0
    outer loop
      vertex -51.7218 23.886 49
      vertex -51.1217 25.2105 0
      vertex -51.1217 25.2105 49
    endloop
  endfacet
  facet normal 0.910858 -0.41272 0
    outer loop
      vertex -52.6611 21.813 0
      vertex -51.7218 23.886 49
      vertex -52.6611 21.813 49
    endloop
  endfacet
  facet normal 0.910863 -0.41271 -5.22791e-07
    outer loop
      vertex -51.7218 23.886 49
      vertex -52.6611 21.813 0
      vertex -51.1217 25.2105 0
    endloop
  endfacet
  facet normal 0.729865 -0.683591 0
    outer loop
      vertex -42.8549 37.5827 86
      vertex -40.3051 40.3051 52
      vertex -40.3051 40.3051 86
    endloop
  endfacet
  facet normal 0.729865 -0.683591 0
    outer loop
      vertex -40.3051 40.3051 52
      vertex -42.8549 37.5827 86
      vertex -42.8549 37.5827 52
    endloop
  endfacet
  facet normal 0.729865 -0.683591 0
    outer loop
      vertex -42.8549 37.5827 49
      vertex -40.3051 40.3051 0
      vertex -40.3051 40.3051 49
    endloop
  endfacet
  facet normal 0.729865 -0.683591 0
    outer loop
      vertex -40.3051 40.3051 0
      vertex -42.8549 37.5827 49
      vertex -42.8549 37.5827 0
    endloop
  endfacet
  facet normal 0.995185 0.0980169 0
    outer loop
      vertex -56.5124 -7.43999 86
      vertex -56.878 -3.72798 52
      vertex -56.878 -3.72798 86
    endloop
  endfacet
  facet normal 0.995185 0.0980169 0
    outer loop
      vertex -56.878 -3.72798 52
      vertex -56.5124 -7.43999 86
      vertex -56.5124 -7.43999 52
    endloop
  endfacet
  facet normal 0.995184 0.0980272 0
    outer loop
      vertex -56.878 -3.72798 49
      vertex -56.5286 -7.27513 16
      vertex -56.878 -3.72798 0
    endloop
  endfacet
  facet normal 0.995185 0.0980169 1.1232e-06
    outer loop
      vertex -56.5124 -7.43999 49
      vertex -56.5286 -7.27513 16
      vertex -56.878 -3.72798 49
    endloop
  endfacet
  facet normal 0.995207 0.0977942 0
    outer loop
      vertex -56.5286 -7.27513 16
      vertex -56.5124 -7.43999 49
      vertex -56.5124 -7.43999 16
    endloop
  endfacet
  facet normal 0.995184 0.0980272 0
    outer loop
      vertex -56.878 -3.72798 0
      vertex -56.5286 -7.27513 16
      vertex -56.5286 -7.27513 0
    endloop
  endfacet
  facet normal 0.683591 0.729865 -0
    outer loop
      vertex -37.5827 -42.8549 52
      vertex -40.3051 -40.3051 86
      vertex -37.5827 -42.8549 86
    endloop
  endfacet
  facet normal 0.683591 0.729865 0
    outer loop
      vertex -40.3051 -40.3051 86
      vertex -37.5827 -42.8549 52
      vertex -40.3051 -40.3051 52
    endloop
  endfacet
  facet normal 0.683591 0.729865 -0
    outer loop
      vertex -37.5827 -42.8549 0
      vertex -40.3051 -40.3051 49
      vertex -37.5827 -42.8549 49
    endloop
  endfacet
  facet normal 0.683591 0.729865 0
    outer loop
      vertex -40.3051 -40.3051 49
      vertex -37.5827 -42.8549 0
      vertex -40.3051 -40.3051 0
    endloop
  endfacet
  facet normal 0.683591 -0.729865 0
    outer loop
      vertex -40.3051 40.3051 52
      vertex -37.5827 42.8549 86
      vertex -40.3051 40.3051 86
    endloop
  endfacet
  facet normal 0.683591 -0.729865 0
    outer loop
      vertex -37.5827 42.8549 86
      vertex -40.3051 40.3051 52
      vertex -37.5827 42.8549 52
    endloop
  endfacet
  facet normal 0.683591 -0.729865 0
    outer loop
      vertex -40.3051 40.3051 0
      vertex -37.5827 42.8549 49
      vertex -40.3051 40.3051 49
    endloop
  endfacet
  facet normal 0.683591 -0.729865 0
    outer loop
      vertex -37.5827 42.8549 49
      vertex -40.3051 40.3051 0
      vertex -37.5827 42.8549 0
    endloop
  endfacet
  facet normal -0.227075 -0.973877 0
    outer loop
      vertex 11.1201 55.9048 52
      vertex 14.7527 55.0578 86
      vertex 11.1201 55.9048 86
    endloop
  endfacet
  facet normal -0.227075 -0.973877 -0
    outer loop
      vertex 14.7527 55.0578 86
      vertex 11.1201 55.9048 52
      vertex 14.7527 55.0578 52
    endloop
  endfacet
  facet normal -0.227075 -0.973877 0
    outer loop
      vertex 11.1201 55.9048 0
      vertex 14.7527 55.0578 16
      vertex 11.1201 55.9048 16
    endloop
  endfacet
  facet normal -0.227075 -0.973877 -0
    outer loop
      vertex 14.7527 55.0578 16
      vertex 11.1201 55.9048 0
      vertex 14.7527 55.0578 0
    endloop
  endfacet
  facet normal -0.227053 -0.973882 0
    outer loop
      vertex 14.7527 55.0578 46.0473
      vertex 14.7527 55.0578 49
      vertex 11.8 55.7462 49
    endloop
  endfacet
  facet normal -0.032708 0.999465 0
    outer loop
      vertex 3.72798 -56.878 52.1
      vertex 0 -57 86
      vertex 3.72798 -56.878 86
    endloop
  endfacet
  facet normal -0.032708 0.999465 0
    outer loop
      vertex 0 -57 86
      vertex 3.72798 -56.878 52.1
      vertex 0 -57 52.1
    endloop
  endfacet
  facet normal -0.032708 0.999465 0
    outer loop
      vertex 3.72798 -56.878 0
      vertex 0 -57 49
      vertex 3.72798 -56.878 49
    endloop
  endfacet
  facet normal -0.032708 0.999465 0
    outer loop
      vertex 0 -57 49
      vertex 3.72798 -56.878 0
      vertex 0 -57 0
    endloop
  endfacet
  facet normal -0.999465 -0.032708 0
    outer loop
      vertex 57 0 52
      vertex 56.878 3.72798 86
      vertex 56.878 3.72798 52
    endloop
  endfacet
  facet normal -0.999465 -0.032708 0
    outer loop
      vertex 56.878 3.72798 86
      vertex 57 0 52
      vertex 57 0 86
    endloop
  endfacet
  facet normal -0.999465 -0.032708 0
    outer loop
      vertex 57 0 0
      vertex 56.878 3.72798 49
      vertex 56.878 3.72798 0
    endloop
  endfacet
  facet normal -0.999465 -0.032708 0
    outer loop
      vertex 56.878 3.72798 49
      vertex 57 0 0
      vertex 57 0 49
    endloop
  endfacet
  facet normal 0.973877 0.227075 0
    outer loop
      vertex -55.0578 -14.7527 86
      vertex -55.9048 -11.1201 52
      vertex -55.9048 -11.1201 86
    endloop
  endfacet
  facet normal 0.973877 0.227075 0
    outer loop
      vertex -55.9048 -11.1201 52
      vertex -55.0578 -14.7527 86
      vertex -55.0578 -14.7527 52
    endloop
  endfacet
  facet normal 0.973877 0.227077 0
    outer loop
      vertex -55.9048 -11.1201 49
      vertex -55.5765 -12.5281 16
      vertex -55.9048 -11.1201 16
    endloop
  endfacet
  facet normal 0.973877 0.227075 5.34563e-08
    outer loop
      vertex -55.0578 -14.7527 49
      vertex -55.5765 -12.5281 16
      vertex -55.9048 -11.1201 49
    endloop
  endfacet
  facet normal 0.973877 0.227075 -0
    outer loop
      vertex -55.0578 -14.7527 0
      vertex -55.5765 -12.5281 16
      vertex -55.0578 -14.7527 49
    endloop
  endfacet
  facet normal 0.973877 0.227075 0
    outer loop
      vertex -55.5765 -12.5281 16
      vertex -55.0578 -14.7527 0
      vertex -55.5765 -12.5281 0
    endloop
  endfacet
  facet normal -0.910863 0.41271 0
    outer loop
      vertex 51.1217 -25.2105 52
      vertex 52.6611 -21.813 86
      vertex 52.6611 -21.813 52
    endloop
  endfacet
  facet normal -0.910863 0.41271 0
    outer loop
      vertex 52.6611 -21.813 86
      vertex 51.1217 -25.2105 52
      vertex 51.1217 -25.2105 86
    endloop
  endfacet
  facet normal -0.910863 0.41271 0
    outer loop
      vertex 51.1217 -25.2105 0
      vertex 52.6611 -21.813 49
      vertex 52.6611 -21.813 0
    endloop
  endfacet
  facet normal -0.910863 0.41271 0
    outer loop
      vertex 52.6611 -21.813 49
      vertex 51.1217 -25.2105 0
      vertex 51.1217 -25.2105 49
    endloop
  endfacet
  facet normal 0.162898 -0.986643 0
    outer loop
      vertex -11.1201 55.9048 86
      vertex -7.43999 56.5124 53.36
      vertex -7.43999 56.5124 86
    endloop
  endfacet
  facet normal 0.162898 -0.986643 0
    outer loop
      vertex -11.1201 55.9048 52
      vertex -7.43999 56.5124 53.36
      vertex -11.1201 55.9048 86
    endloop
  endfacet
  facet normal 0.162874 -0.986647 6.77618e-05
    outer loop
      vertex -7.43999 56.5124 53.36
      vertex -11.1201 55.9048 52
      vertex -8.79999 56.2878 52
    endloop
  endfacet
  facet normal 0.162898 -0.986643 0
    outer loop
      vertex -11.1201 55.9048 0
      vertex -7.43999 56.5124 16
      vertex -11.1201 55.9048 16
    endloop
  endfacet
  facet normal 0.162898 -0.986643 0
    outer loop
      vertex -7.43999 56.5124 16
      vertex -11.1201 55.9048 0
      vertex -7.43999 56.5124 0
    endloop
  endfacet
  facet normal 0.995185 -0.0980169 0
    outer loop
      vertex -56.878 3.72798 86
      vertex -56.5124 7.43999 52
      vertex -56.5124 7.43999 86
    endloop
  endfacet
  facet normal 0.995185 -0.0980169 0
    outer loop
      vertex -56.5124 7.43999 52
      vertex -56.878 3.72798 86
      vertex -56.878 3.72798 52
    endloop
  endfacet
  facet normal 0.995185 -0.0980169 0
    outer loop
      vertex -56.878 3.72798 49
      vertex -56.5124 7.43999 0
      vertex -56.5124 7.43999 49
    endloop
  endfacet
  facet normal 0.995185 -0.0980169 0
    outer loop
      vertex -56.5124 7.43999 0
      vertex -56.878 3.72798 49
      vertex -56.878 3.72798 0
    endloop
  endfacet
  facet normal 0.58249 -0.812838 0
    outer loop
      vertex -34.6994 45.2211 52
      vertex -31.6675 47.3938 86
      vertex -34.6994 45.2211 86
    endloop
  endfacet
  facet normal 0.58249 -0.812838 0
    outer loop
      vertex -31.6675 47.3938 86
      vertex -34.6994 45.2211 52
      vertex -31.6675 47.3938 52
    endloop
  endfacet
  facet normal 0.58249 -0.812838 0
    outer loop
      vertex -34.6994 45.2211 0
      vertex -31.6675 47.3938 49
      vertex -34.6994 45.2211 49
    endloop
  endfacet
  facet normal 0.58249 -0.812838 0
    outer loop
      vertex -31.6675 47.3938 49
      vertex -34.6994 45.2211 0
      vertex -31.6675 47.3938 0
    endloop
  endfacet
  facet normal -0.881918 -0.471402 0
    outer loop
      vertex 51.1217 25.2105 52.1
      vertex 49.3634 28.5 86
      vertex 49.3634 28.5 52.1
    endloop
  endfacet
  facet normal -0.881918 -0.471402 0
    outer loop
      vertex 49.3634 28.5 86
      vertex 51.1217 25.2105 52.1
      vertex 51.1217 25.2105 86
    endloop
  endfacet
  facet normal -0.881918 -0.471402 0
    outer loop
      vertex 51.1217 25.2105 0
      vertex 49.3634 28.5 49
      vertex 49.3634 28.5 0
    endloop
  endfacet
  facet normal -0.881918 -0.471402 0
    outer loop
      vertex 49.3634 28.5 49
      vertex 51.1217 25.2105 0
      vertex 51.1217 25.2105 49
    endloop
  endfacet
  facet normal 0.956936 -0.290301 0
    outer loop
      vertex -55.0578 14.7527 86
      vertex -53.975 18.322 52
      vertex -53.975 18.322 86
    endloop
  endfacet
  facet normal 0.956936 -0.290301 0
    outer loop
      vertex -53.975 18.322 52
      vertex -55.0578 14.7527 86
      vertex -55.0578 14.7527 52
    endloop
  endfacet
  facet normal 0.956936 -0.290301 0
    outer loop
      vertex -55.0578 14.7527 49
      vertex -53.975 18.322 0
      vertex -53.975 18.322 49
    endloop
  endfacet
  facet normal 0.956936 -0.290301 0
    outer loop
      vertex -53.975 18.322 0
      vertex -55.0578 14.7527 49
      vertex -55.0578 14.7527 0
    endloop
  endfacet
  facet normal 0.956936 0.290301 0
    outer loop
      vertex -53.975 -18.322 86
      vertex -55.0578 -14.7527 52
      vertex -55.0578 -14.7527 86
    endloop
  endfacet
  facet normal 0.956936 0.290301 0
    outer loop
      vertex -55.0578 -14.7527 52
      vertex -53.975 -18.322 86
      vertex -53.975 -18.322 52
    endloop
  endfacet
  facet normal 0.956936 0.290301 0
    outer loop
      vertex -53.975 -18.322 49
      vertex -55.0578 -14.7527 0
      vertex -55.0578 -14.7527 49
    endloop
  endfacet
  facet normal 0.956936 0.290301 0
    outer loop
      vertex -55.0578 -14.7527 0
      vertex -53.975 -18.322 49
      vertex -53.975 -18.322 0
    endloop
  endfacet
  facet normal -0.956936 0.290301 0
    outer loop
      vertex 53.975 -18.322 52
      vertex 55.0578 -14.7527 86
      vertex 55.0578 -14.7527 52
    endloop
  endfacet
  facet normal -0.956936 0.290301 0
    outer loop
      vertex 55.0578 -14.7527 86
      vertex 53.975 -18.322 52
      vertex 53.975 -18.322 86
    endloop
  endfacet
  facet normal -0.956936 0.290301 0
    outer loop
      vertex 53.975 -18.322 0
      vertex 55.0578 -14.7527 49
      vertex 55.0578 -14.7527 0
    endloop
  endfacet
  facet normal -0.956936 0.290301 0
    outer loop
      vertex 55.0578 -14.7527 49
      vertex 53.975 -18.322 0
      vertex 53.975 -18.322 49
    endloop
  endfacet
  facet normal -0.773019 -0.634383 0
    outer loop
      vertex 45.2211 34.6994 52
      vertex 42.8549 37.5827 86
      vertex 42.8549 37.5827 52
    endloop
  endfacet
  facet normal -0.773019 -0.634383 0
    outer loop
      vertex 42.8549 37.5827 86
      vertex 45.2211 34.6994 52
      vertex 45.2211 34.6994 86
    endloop
  endfacet
  facet normal -0.773019 -0.634383 0
    outer loop
      vertex 45.2211 34.6994 0
      vertex 42.8549 37.5827 49
      vertex 42.8549 37.5827 0
    endloop
  endfacet
  facet normal -0.773019 -0.634383 0
    outer loop
      vertex 42.8549 37.5827 49
      vertex 45.2211 34.6994 0
      vertex 45.2211 34.6994 49
    endloop
  endfacet
  facet normal 0.935908 -0.352246 0
    outer loop
      vertex -53.975 18.322 86
      vertex -52.6611 21.813 52
      vertex -52.6611 21.813 86
    endloop
  endfacet
  facet normal 0.935908 -0.352246 0
    outer loop
      vertex -52.6611 21.813 52
      vertex -53.975 18.322 86
      vertex -53.975 18.322 52
    endloop
  endfacet
  facet normal 0.935908 -0.352246 0
    outer loop
      vertex -53.975 18.322 49
      vertex -52.6611 21.813 0
      vertex -52.6611 21.813 49
    endloop
  endfacet
  facet normal 0.935908 -0.352246 0
    outer loop
      vertex -52.6611 21.813 0
      vertex -53.975 18.322 49
      vertex -53.975 18.322 0
    endloop
  endfacet
  facet normal 0.162898 0.986643 -0
    outer loop
      vertex -7.43999 -56.5124 52
      vertex -11.1201 -55.9048 86
      vertex -7.43999 -56.5124 86
    endloop
  endfacet
  facet normal 0.162898 0.986643 0
    outer loop
      vertex -11.1201 -55.9048 86
      vertex -7.43999 -56.5124 52
      vertex -11.1201 -55.9048 52
    endloop
  endfacet
  facet normal 0.162898 0.986643 -0
    outer loop
      vertex -7.43999 -56.5124 0
      vertex -11.1201 -55.9048 49
      vertex -7.43999 -56.5124 49
    endloop
  endfacet
  facet normal 0.162898 0.986643 0
    outer loop
      vertex -11.1201 -55.9048 49
      vertex -7.43999 -56.5124 0
      vertex -11.1201 -55.9048 0
    endloop
  endfacet
  facet normal -0.986643 -0.162898 0
    outer loop
      vertex 56.5124 7.43999 52
      vertex 55.9048 11.1201 86
      vertex 55.9048 11.1201 52
    endloop
  endfacet
  facet normal -0.986643 -0.162898 0
    outer loop
      vertex 55.9048 11.1201 86
      vertex 56.5124 7.43999 52
      vertex 56.5124 7.43999 86
    endloop
  endfacet
  facet normal -0.986643 -0.162898 0
    outer loop
      vertex 56.5124 7.43999 0
      vertex 55.9048 11.1201 49
      vertex 55.9048 11.1201 0
    endloop
  endfacet
  facet normal -0.986643 -0.162898 0
    outer loop
      vertex 55.9048 11.1201 49
      vertex 56.5124 7.43999 0
      vertex 56.5124 7.43999 49
    endloop
  endfacet
  facet normal -0.973877 -0.227075 0
    outer loop
      vertex 55.9048 11.1201 52
      vertex 55.0578 14.7527 86
      vertex 55.0578 14.7527 52
    endloop
  endfacet
  facet normal -0.973877 -0.227075 0
    outer loop
      vertex 55.0578 14.7527 86
      vertex 55.9048 11.1201 52
      vertex 55.9048 11.1201 86
    endloop
  endfacet
  facet normal -0.973877 -0.227075 0
    outer loop
      vertex 55.9048 11.1201 0
      vertex 55.0578 14.7527 49
      vertex 55.0578 14.7527 0
    endloop
  endfacet
  facet normal -0.973877 -0.227075 0
    outer loop
      vertex 55.0578 14.7527 49
      vertex 55.9048 11.1201 0
      vertex 55.9048 11.1201 49
    endloop
  endfacet
  facet normal -0.0980169 0.995185 2.38927e-06
    outer loop
      vertex 7.43999 -56.5124 86
      vertex 5.175 -56.7354 52.1
      vertex 3.72798 -56.878 86
    endloop
  endfacet
  facet normal -0.0979814 0.995188 0
    outer loop
      vertex 7.43999 -56.5124 52
      vertex 5.175 -56.7354 52.1
      vertex 7.43999 -56.5124 86
    endloop
  endfacet
  facet normal -0.0979814 0.995188 0
    outer loop
      vertex 5.175 -56.7354 52.1
      vertex 7.43999 -56.5124 52
      vertex 5.175 -56.7354 52
    endloop
  endfacet
  facet normal -0.0980723 0.995179 0
    outer loop
      vertex 3.72798 -56.878 86
      vertex 5.175 -56.7354 52.1
      vertex 3.72798 -56.878 52.1
    endloop
  endfacet
  facet normal -0.0979814 0.995188 0
    outer loop
      vertex 7.43999 -56.5124 0
      vertex 5.175 -56.7354 49
      vertex 7.43999 -56.5124 49
    endloop
  endfacet
  facet normal -0.0980169 0.995185 -1.65299e-06
    outer loop
      vertex 3.72798 -56.878 0
      vertex 5.175 -56.7354 49
      vertex 7.43999 -56.5124 0
    endloop
  endfacet
  facet normal -0.0980723 0.995179 0
    outer loop
      vertex 5.175 -56.7354 49
      vertex 3.72798 -56.878 0
      vertex 3.72798 -56.878 49
    endloop
  endfacet
  facet normal -0.956936 -0.290301 0
    outer loop
      vertex 55.0578 14.7527 52
      vertex 53.975 18.322 86
      vertex 53.975 18.322 52
    endloop
  endfacet
  facet normal -0.956936 -0.290301 0
    outer loop
      vertex 53.975 18.322 86
      vertex 55.0578 14.7527 52
      vertex 55.0578 14.7527 86
    endloop
  endfacet
  facet normal -0.956936 -0.290301 0
    outer loop
      vertex 55.0578 14.7527 0
      vertex 53.975 18.322 49
      vertex 53.975 18.322 0
    endloop
  endfacet
  facet normal -0.956936 -0.290301 0
    outer loop
      vertex 53.975 18.322 49
      vertex 55.0578 14.7527 0
      vertex 55.0578 14.7527 49
    endloop
  endfacet
  facet normal -0.91087 -0.412694 0
    outer loop
      vertex 51.7218 23.886 52.1
      vertex 51.1217 25.2105 86
      vertex 51.1217 25.2105 52.1
    endloop
  endfacet
  facet normal -0.910858 -0.41272 -0
    outer loop
      vertex 52.6611 21.813 86
      vertex 51.7218 23.886 52.1
      vertex 52.6611 21.813 52
    endloop
  endfacet
  facet normal -0.910863 -0.41271 7.55656e-07
    outer loop
      vertex 51.7218 23.886 52.1
      vertex 52.6611 21.813 86
      vertex 51.1217 25.2105 86
    endloop
  endfacet
  facet normal -0.910858 -0.41272 0
    outer loop
      vertex 51.7218 23.886 52
      vertex 52.6611 21.813 52
      vertex 51.7218 23.886 52.1
    endloop
  endfacet
  facet normal -0.91087 -0.412694 0
    outer loop
      vertex 51.1217 25.2105 0
      vertex 51.7218 23.886 49
      vertex 51.1217 25.2105 49
    endloop
  endfacet
  facet normal -0.910863 -0.41271 -5.22791e-07
    outer loop
      vertex 52.6611 21.813 0
      vertex 51.7218 23.886 49
      vertex 51.1217 25.2105 0
    endloop
  endfacet
  facet normal -0.910858 -0.41272 0
    outer loop
      vertex 51.7218 23.886 49
      vertex 52.6611 21.813 0
      vertex 52.6611 21.813 49
    endloop
  endfacet
  facet normal 0.986643 0.162898 0
    outer loop
      vertex -55.9048 -11.1201 86
      vertex -56.5124 -7.43999 52
      vertex -56.5124 -7.43999 86
    endloop
  endfacet
  facet normal 0.986643 0.162898 0
    outer loop
      vertex -56.5124 -7.43999 52
      vertex -55.9048 -11.1201 86
      vertex -55.9048 -11.1201 52
    endloop
  endfacet
  facet normal 0.986643 0.162898 0
    outer loop
      vertex -55.9048 -11.1201 49
      vertex -56.5124 -7.43999 16
      vertex -56.5124 -7.43999 49
    endloop
  endfacet
  facet normal 0.986643 0.162898 0
    outer loop
      vertex -56.5124 -7.43999 16
      vertex -55.9048 -11.1201 49
      vertex -55.9048 -11.1201 16
    endloop
  endfacet
  facet normal -0.162898 0.986643 0
    outer loop
      vertex 11.1201 -55.9048 52
      vertex 7.43999 -56.5124 86
      vertex 11.1201 -55.9048 86
    endloop
  endfacet
  facet normal -0.162898 0.986643 0
    outer loop
      vertex 7.43999 -56.5124 86
      vertex 11.1201 -55.9048 52
      vertex 7.43999 -56.5124 52
    endloop
  endfacet
  facet normal -0.162898 0.986643 0
    outer loop
      vertex 11.1201 -55.9048 0
      vertex 7.43999 -56.5124 49
      vertex 11.1201 -55.9048 49
    endloop
  endfacet
  facet normal -0.162898 0.986643 0
    outer loop
      vertex 7.43999 -56.5124 49
      vertex 11.1201 -55.9048 0
      vertex 7.43999 -56.5124 0
    endloop
  endfacet
  facet normal -0.290301 -0.956936 0
    outer loop
      vertex 14.7527 55.0578 52
      vertex 18.322 53.975 86
      vertex 14.7527 55.0578 86
    endloop
  endfacet
  facet normal -0.290301 -0.956936 -0
    outer loop
      vertex 18.322 53.975 86
      vertex 14.7527 55.0578 52
      vertex 18.322 53.975 52
    endloop
  endfacet
  facet normal -0.290303 -0.956935 0
    outer loop
      vertex 14.7527 55.0578 0
      vertex 16.9385 54.3947 16
      vertex 14.7527 55.0578 16
    endloop
  endfacet
  facet normal -0.290303 -0.956935 -0
    outer loop
      vertex 16.9385 54.3947 16
      vertex 14.7527 55.0578 0
      vertex 16.9385 54.3947 0
    endloop
  endfacet
  facet normal -0.290301 -0.956936 0
    outer loop
      vertex 14.7527 55.0578 46.0473
      vertex 18.322 53.975 49
      vertex 14.7527 55.0578 49
    endloop
  endfacet
  facet normal -0.290301 -0.956936 -0
    outer loop
      vertex 18.322 53.975 49
      vertex 14.7527 55.0578 46.0473
      vertex 18.322 53.975 42.4779
    endloop
  endfacet
  facet normal 0.729865 0.683591 0
    outer loop
      vertex -40.3051 -40.3051 86
      vertex -42.8549 -37.5827 52
      vertex -42.8549 -37.5827 86
    endloop
  endfacet
  facet normal 0.729865 0.683591 0
    outer loop
      vertex -42.8549 -37.5827 52
      vertex -40.3051 -40.3051 86
      vertex -40.3051 -40.3051 52
    endloop
  endfacet
  facet normal 0.729865 0.683591 0
    outer loop
      vertex -40.3051 -40.3051 49
      vertex -42.8549 -37.5827 0
      vertex -42.8549 -37.5827 49
    endloop
  endfacet
  facet normal 0.729865 0.683591 0
    outer loop
      vertex -42.8549 -37.5827 0
      vertex -40.3051 -40.3051 49
      vertex -40.3051 -40.3051 0
    endloop
  endfacet
  facet normal -0.41271 -0.910863 0
    outer loop
      vertex 21.813 52.6611 52
      vertex 25.2105 51.1217 86
      vertex 21.813 52.6611 86
    endloop
  endfacet
  facet normal -0.41271 -0.910863 -0
    outer loop
      vertex 25.2105 51.1217 86
      vertex 21.813 52.6611 52
      vertex 25.2105 51.1217 52
    endloop
  endfacet
  facet normal -0.412574 -0.910924 0
    outer loop
      vertex 21.9638 52.5928 16
      vertex 21.813 52.6611 49
      vertex 21.813 52.6611 16
    endloop
  endfacet
  facet normal -0.41271 -0.910863 -7.49618e-07
    outer loop
      vertex 21.813 52.6611 49
      vertex 21.9638 52.5928 16
      vertex 25.2105 51.1217 49
    endloop
  endfacet
  facet normal -0.412716 -0.91086 0
    outer loop
      vertex 25.2105 51.1217 0
      vertex 21.9638 52.5928 16
      vertex 21.9638 52.5928 0
    endloop
  endfacet
  facet normal -0.412716 -0.91086 0
    outer loop
      vertex 21.9638 52.5928 16
      vertex 25.2105 51.1217 0
      vertex 25.2105 51.1217 49
    endloop
  endfacet
  facet normal 0.0980169 -0.995185 0
    outer loop
      vertex -7.43999 56.5124 86
      vertex -3.72798 56.878 57.072
      vertex -3.72798 56.878 86
    endloop
  endfacet
  facet normal 0.0980169 -0.995185 0
    outer loop
      vertex -3.72798 56.878 57.072
      vertex -7.43999 56.5124 86
      vertex -7.43999 56.5124 53.36
    endloop
  endfacet
  facet normal 0.0980169 -0.995185 4.34883e-06
    outer loop
      vertex -7.43999 56.5124 16
      vertex -6 56.6542 10
      vertex -3.72798 56.878 16
    endloop
  endfacet
  facet normal 0.0979989 -0.995187 0
    outer loop
      vertex -7.43999 56.5124 0
      vertex -6 56.6542 10
      vertex -7.43999 56.5124 16
    endloop
  endfacet
  facet normal 0.0979989 -0.995187 0
    outer loop
      vertex -6 56.6542 10
      vertex -7.43999 56.5124 0
      vertex -6 56.6542 4
    endloop
  endfacet
  facet normal 0.0980169 -0.995185 -6.52324e-06
    outer loop
      vertex -3.72798 56.878 0
      vertex -6 56.6542 4
      vertex -7.43999 56.5124 0
    endloop
  endfacet
  facet normal 0.0980282 -0.995184 0
    outer loop
      vertex -6 56.6542 4
      vertex -3.72798 56.878 0
      vertex -3.72798 56.878 4
    endloop
  endfacet
  facet normal 0.0980282 -0.995184 0
    outer loop
      vertex -3.72798 56.878 16
      vertex -6 56.6542 10
      vertex -3.72798 56.878 10
    endloop
  endfacet
  facet normal 0.773019 0.634383 0
    outer loop
      vertex -42.8549 -37.5827 86
      vertex -45.2211 -34.6994 52
      vertex -45.2211 -34.6994 86
    endloop
  endfacet
  facet normal 0.773019 0.634383 0
    outer loop
      vertex -45.2211 -34.6994 52
      vertex -42.8549 -37.5827 86
      vertex -42.8549 -37.5827 52
    endloop
  endfacet
  facet normal 0.773019 0.634383 0
    outer loop
      vertex -42.8549 -37.5827 49
      vertex -45.2211 -34.6994 0
      vertex -45.2211 -34.6994 49
    endloop
  endfacet
  facet normal 0.773019 0.634383 0
    outer loop
      vertex -45.2211 -34.6994 0
      vertex -42.8549 -37.5827 49
      vertex -42.8549 -37.5827 0
    endloop
  endfacet
  facet normal -0.995185 0.0980169 0
    outer loop
      vertex 56.5124 -7.43999 52
      vertex 56.878 -3.72798 86
      vertex 56.878 -3.72798 52
    endloop
  endfacet
  facet normal -0.995185 0.0980169 0
    outer loop
      vertex 56.878 -3.72798 86
      vertex 56.5124 -7.43999 52
      vertex 56.5124 -7.43999 86
    endloop
  endfacet
  facet normal -0.995185 0.0980169 0
    outer loop
      vertex 56.5124 -7.43999 0
      vertex 56.878 -3.72798 49
      vertex 56.878 -3.72798 0
    endloop
  endfacet
  facet normal -0.995185 0.0980169 0
    outer loop
      vertex 56.878 -3.72798 49
      vertex 56.5124 -7.43999 0
      vertex 56.5124 -7.43999 49
    endloop
  endfacet
  facet normal -0.162898 -0.986643 0
    outer loop
      vertex 7.43999 56.5124 53.36
      vertex 11.1201 55.9048 86
      vertex 7.43999 56.5124 86
    endloop
  endfacet
  facet normal -0.162874 -0.986647 6.77618e-05
    outer loop
      vertex 11.1201 55.9048 52
      vertex 7.43999 56.5124 53.36
      vertex 8.79999 56.2878 52
    endloop
  endfacet
  facet normal -0.162898 -0.986643 0
    outer loop
      vertex 7.43999 56.5124 53.36
      vertex 11.1201 55.9048 52
      vertex 11.1201 55.9048 86
    endloop
  endfacet
  facet normal -0.162898 -0.986643 0
    outer loop
      vertex 7.43999 56.5124 0
      vertex 11.1201 55.9048 16
      vertex 7.43999 56.5124 16
    endloop
  endfacet
  facet normal -0.162898 -0.986643 -0
    outer loop
      vertex 11.1201 55.9048 16
      vertex 7.43999 56.5124 0
      vertex 11.1201 55.9048 0
    endloop
  endfacet
  facet normal -0.471402 -0.881918 0
    outer loop
      vertex 25.2105 51.1217 52
      vertex 28.5 49.3634 86
      vertex 25.2105 51.1217 86
    endloop
  endfacet
  facet normal -0.471402 -0.881918 -0
    outer loop
      vertex 28.5 49.3634 86
      vertex 25.2105 51.1217 52
      vertex 28.5 49.3634 52
    endloop
  endfacet
  facet normal -0.471402 -0.881918 0
    outer loop
      vertex 25.2105 51.1217 0
      vertex 28.5 49.3634 49
      vertex 25.2105 51.1217 49
    endloop
  endfacet
  facet normal -0.471402 -0.881918 -0
    outer loop
      vertex 28.5 49.3634 49
      vertex 25.2105 51.1217 0
      vertex 28.5 49.3634 0
    endloop
  endfacet
  facet normal -0.528053 0.849212 0
    outer loop
      vertex 31.6675 -47.3938 52
      vertex 28.5 -49.3634 86
      vertex 31.6675 -47.3938 86
    endloop
  endfacet
  facet normal -0.528053 0.849212 0
    outer loop
      vertex 28.5 -49.3634 86
      vertex 31.6675 -47.3938 52
      vertex 28.5 -49.3634 52
    endloop
  endfacet
  facet normal -0.528053 0.849212 0
    outer loop
      vertex 31.6675 -47.3938 0
      vertex 28.5 -49.3634 49
      vertex 31.6675 -47.3938 49
    endloop
  endfacet
  facet normal -0.528053 0.849212 0
    outer loop
      vertex 28.5 -49.3634 49
      vertex 31.6675 -47.3938 0
      vertex 28.5 -49.3634 0
    endloop
  endfacet
  facet normal -0.634383 -0.773019 0
    outer loop
      vertex 34.6994 45.2211 52
      vertex 37.5827 42.8549 86
      vertex 34.6994 45.2211 86
    endloop
  endfacet
  facet normal -0.634383 -0.773019 -0
    outer loop
      vertex 37.5827 42.8549 86
      vertex 34.6994 45.2211 52
      vertex 37.5827 42.8549 52
    endloop
  endfacet
  facet normal -0.634383 -0.773019 0
    outer loop
      vertex 34.6994 45.2211 0
      vertex 37.5827 42.8549 49
      vertex 34.6994 45.2211 49
    endloop
  endfacet
  facet normal -0.634383 -0.773019 -0
    outer loop
      vertex 37.5827 42.8549 49
      vertex 34.6994 45.2211 0
      vertex 37.5827 42.8549 0
    endloop
  endfacet
  facet normal -0.528053 -0.849212 0
    outer loop
      vertex 28.5 49.3634 52
      vertex 31.6675 47.3938 86
      vertex 28.5 49.3634 86
    endloop
  endfacet
  facet normal -0.528053 -0.849212 -0
    outer loop
      vertex 31.6675 47.3938 86
      vertex 28.5 49.3634 52
      vertex 31.6675 47.3938 52
    endloop
  endfacet
  facet normal -0.528053 -0.849212 0
    outer loop
      vertex 28.5 49.3634 0
      vertex 31.6675 47.3938 49
      vertex 28.5 49.3634 49
    endloop
  endfacet
  facet normal -0.528053 -0.849212 -0
    outer loop
      vertex 31.6675 47.3938 49
      vertex 28.5 49.3634 0
      vertex 31.6675 47.3938 0
    endloop
  endfacet
  facet normal 0.471402 0.881918 -0
    outer loop
      vertex -25.2105 -51.1217 52
      vertex -28.5 -49.3634 86
      vertex -25.2105 -51.1217 86
    endloop
  endfacet
  facet normal 0.471402 0.881918 0
    outer loop
      vertex -28.5 -49.3634 86
      vertex -25.2105 -51.1217 52
      vertex -28.5 -49.3634 52
    endloop
  endfacet
  facet normal 0.471402 0.881918 -0
    outer loop
      vertex -25.2105 -51.1217 0
      vertex -28.5 -49.3634 49
      vertex -25.2105 -51.1217 49
    endloop
  endfacet
  facet normal 0.471402 0.881918 0
    outer loop
      vertex -28.5 -49.3634 49
      vertex -25.2105 -51.1217 0
      vertex -28.5 -49.3634 0
    endloop
  endfacet
  facet normal 0.973877 -0.227075 0
    outer loop
      vertex -55.9048 11.1201 86
      vertex -55.0578 14.7527 52
      vertex -55.0578 14.7527 86
    endloop
  endfacet
  facet normal 0.973877 -0.227075 0
    outer loop
      vertex -55.0578 14.7527 52
      vertex -55.9048 11.1201 86
      vertex -55.9048 11.1201 52
    endloop
  endfacet
  facet normal 0.973877 -0.227075 0
    outer loop
      vertex -55.9048 11.1201 49
      vertex -55.0578 14.7527 0
      vertex -55.0578 14.7527 49
    endloop
  endfacet
  facet normal 0.973877 -0.227075 0
    outer loop
      vertex -55.0578 14.7527 0
      vertex -55.9048 11.1201 49
      vertex -55.9048 11.1201 0
    endloop
  endfacet
  facet normal -0.849212 -0.528053 0
    outer loop
      vertex 49.3634 28.5 52.1
      vertex 47.3938 31.6675 86
      vertex 47.3938 31.6675 52.1
    endloop
  endfacet
  facet normal -0.849212 -0.528053 0
    outer loop
      vertex 47.3938 31.6675 86
      vertex 49.3634 28.5 52.1
      vertex 49.3634 28.5 86
    endloop
  endfacet
  facet normal -0.849212 -0.528053 0
    outer loop
      vertex 49.3634 28.5 0
      vertex 47.3938 31.6675 49
      vertex 47.3938 31.6675 0
    endloop
  endfacet
  facet normal -0.849212 -0.528053 0
    outer loop
      vertex 47.3938 31.6675 49
      vertex 49.3634 28.5 0
      vertex 49.3634 28.5 49
    endloop
  endfacet
  facet normal -0.227075 0.973877 0
    outer loop
      vertex 14.7527 -55.0578 52
      vertex 11.1201 -55.9048 86
      vertex 14.7527 -55.0578 86
    endloop
  endfacet
  facet normal -0.227075 0.973877 0
    outer loop
      vertex 11.1201 -55.9048 86
      vertex 14.7527 -55.0578 52
      vertex 11.1201 -55.9048 52
    endloop
  endfacet
  facet normal -0.227075 0.973877 0
    outer loop
      vertex 14.7527 -55.0578 0
      vertex 11.1201 -55.9048 49
      vertex 14.7527 -55.0578 49
    endloop
  endfacet
  facet normal -0.227075 0.973877 0
    outer loop
      vertex 11.1201 -55.9048 49
      vertex 14.7527 -55.0578 0
      vertex 11.1201 -55.9048 0
    endloop
  endfacet
  facet normal 0.227075 -0.973877 0
    outer loop
      vertex -14.7527 55.0578 52
      vertex -11.1201 55.9048 86
      vertex -14.7527 55.0578 86
    endloop
  endfacet
  facet normal 0.227075 -0.973877 0
    outer loop
      vertex -11.1201 55.9048 86
      vertex -14.7527 55.0578 52
      vertex -11.1201 55.9048 52
    endloop
  endfacet
  facet normal 0.227075 -0.973877 0
    outer loop
      vertex -14.7527 55.0578 0
      vertex -11.1201 55.9048 16
      vertex -14.7527 55.0578 16
    endloop
  endfacet
  facet normal 0.227075 -0.973877 0
    outer loop
      vertex -11.1201 55.9048 16
      vertex -14.7527 55.0578 0
      vertex -11.1201 55.9048 0
    endloop
  endfacet
  facet normal 0.227053 -0.973882 0
    outer loop
      vertex -11.8 55.7462 49
      vertex -14.7527 55.0578 49
      vertex -14.7527 55.0578 46.0473
    endloop
  endfacet
  facet normal 0.812845 -0.58248 0
    outer loop
      vertex -45.2211 34.6994 86
      vertex -46.5468 32.8494 52.1
      vertex -45.2211 34.6994 52
    endloop
  endfacet
  facet normal 0.812838 -0.58249 8.31728e-07
    outer loop
      vertex -47.3938 31.6675 86
      vertex -46.5468 32.8494 52.1
      vertex -45.2211 34.6994 86
    endloop
  endfacet
  facet normal 0.812826 -0.582506 0
    outer loop
      vertex -46.5468 32.8494 52.1
      vertex -47.3938 31.6675 86
      vertex -47.3938 31.6675 52.1
    endloop
  endfacet
  facet normal 0.812845 -0.58248 0
    outer loop
      vertex -45.2211 34.6994 52
      vertex -46.5468 32.8494 52.1
      vertex -46.5468 32.8494 52
    endloop
  endfacet
  facet normal 0.812845 -0.58248 0
    outer loop
      vertex -46.5468 32.8494 49
      vertex -45.2211 34.6994 0
      vertex -45.2211 34.6994 49
    endloop
  endfacet
  facet normal 0.812826 -0.582506 0
    outer loop
      vertex -47.3938 31.6675 0
      vertex -46.5468 32.8494 49
      vertex -47.3938 31.6675 49
    endloop
  endfacet
  facet normal 0.812838 -0.58249 -5.7542e-07
    outer loop
      vertex -46.5468 32.8494 49
      vertex -47.3938 31.6675 0
      vertex -45.2211 34.6994 0
    endloop
  endfacet
  facet normal 0.999465 -0.032708 0
    outer loop
      vertex -57 0 86
      vertex -56.878 3.72798 52
      vertex -56.878 3.72798 86
    endloop
  endfacet
  facet normal 0.999465 -0.032708 0
    outer loop
      vertex -56.878 3.72798 52
      vertex -57 0 86
      vertex -57 0 52
    endloop
  endfacet
  facet normal 0.999465 -0.032708 0
    outer loop
      vertex -57 0 49
      vertex -56.878 3.72798 0
      vertex -56.878 3.72798 49
    endloop
  endfacet
  facet normal 0.999465 -0.032708 0
    outer loop
      vertex -56.878 3.72798 0
      vertex -57 0 49
      vertex -57 0 0
    endloop
  endfacet
  facet normal -0.634383 0.773019 0
    outer loop
      vertex 37.5827 -42.8549 52
      vertex 34.6994 -45.2211 86
      vertex 37.5827 -42.8549 86
    endloop
  endfacet
  facet normal -0.634383 0.773019 0
    outer loop
      vertex 34.6994 -45.2211 86
      vertex 37.5827 -42.8549 52
      vertex 34.6994 -45.2211 52
    endloop
  endfacet
  facet normal -0.634383 0.773019 0
    outer loop
      vertex 37.5827 -42.8549 16
      vertex 34.6994 -45.2211 49
      vertex 37.5827 -42.8549 49
    endloop
  endfacet
  facet normal -0.634383 0.773019 0
    outer loop
      vertex 34.6994 -45.2211 49
      vertex 37.5827 -42.8549 16
      vertex 34.6994 -45.2211 16
    endloop
  endfacet
  facet normal -0.812838 0.58249 0
    outer loop
      vertex 45.2211 -34.6994 52
      vertex 47.3938 -31.6675 86
      vertex 47.3938 -31.6675 52
    endloop
  endfacet
  facet normal -0.812838 0.58249 0
    outer loop
      vertex 47.3938 -31.6675 86
      vertex 45.2211 -34.6994 52
      vertex 45.2211 -34.6994 86
    endloop
  endfacet
  facet normal -0.812838 0.58249 0
    outer loop
      vertex 45.2211 -34.6994 0
      vertex 47.3938 -31.6675 49
      vertex 47.3938 -31.6675 0
    endloop
  endfacet
  facet normal -0.812838 0.58249 0
    outer loop
      vertex 47.3938 -31.6675 49
      vertex 45.2211 -34.6994 0
      vertex 45.2211 -34.6994 49
    endloop
  endfacet
  facet normal 0.986643 -0.162898 0
    outer loop
      vertex -56.5124 7.43999 86
      vertex -55.9048 11.1201 52
      vertex -55.9048 11.1201 86
    endloop
  endfacet
  facet normal 0.986643 -0.162898 0
    outer loop
      vertex -55.9048 11.1201 52
      vertex -56.5124 7.43999 86
      vertex -56.5124 7.43999 52
    endloop
  endfacet
  facet normal 0.986643 -0.162898 0
    outer loop
      vertex -56.5124 7.43999 49
      vertex -55.9048 11.1201 0
      vertex -55.9048 11.1201 49
    endloop
  endfacet
  facet normal 0.986643 -0.162898 0
    outer loop
      vertex -55.9048 11.1201 0
      vertex -56.5124 7.43999 49
      vertex -56.5124 7.43999 0
    endloop
  endfacet
  facet normal 0.227075 0.973877 -0
    outer loop
      vertex -11.1201 -55.9048 52
      vertex -14.7527 -55.0578 86
      vertex -11.1201 -55.9048 86
    endloop
  endfacet
  facet normal 0.227075 0.973877 0
    outer loop
      vertex -14.7527 -55.0578 86
      vertex -11.1201 -55.9048 52
      vertex -14.7527 -55.0578 52
    endloop
  endfacet
  facet normal 0.227075 0.973877 -0
    outer loop
      vertex -11.1201 -55.9048 0
      vertex -14.7527 -55.0578 49
      vertex -11.1201 -55.9048 49
    endloop
  endfacet
  facet normal 0.227075 0.973877 0
    outer loop
      vertex -14.7527 -55.0578 49
      vertex -11.1201 -55.9048 0
      vertex -14.7527 -55.0578 0
    endloop
  endfacet
  facet normal 0.812838 0.58249 0
    outer loop
      vertex -45.2211 -34.6994 86
      vertex -47.3938 -31.6675 52
      vertex -47.3938 -31.6675 86
    endloop
  endfacet
  facet normal 0.812838 0.58249 0
    outer loop
      vertex -47.3938 -31.6675 52
      vertex -45.2211 -34.6994 86
      vertex -45.2211 -34.6994 52
    endloop
  endfacet
  facet normal 0.812838 0.58249 0
    outer loop
      vertex -45.2211 -34.6994 49
      vertex -47.3938 -31.6675 0
      vertex -47.3938 -31.6675 49
    endloop
  endfacet
  facet normal 0.812838 0.58249 0
    outer loop
      vertex -47.3938 -31.6675 0
      vertex -45.2211 -34.6994 49
      vertex -45.2211 -34.6994 0
    endloop
  endfacet
  facet normal -0.812845 -0.58248 -0
    outer loop
      vertex 46.5468 32.8494 52.1
      vertex 45.2211 34.6994 52
      vertex 46.5468 32.8494 52
    endloop
  endfacet
  facet normal -0.812845 -0.58248 0
    outer loop
      vertex 45.2211 34.6994 52
      vertex 46.5468 32.8494 52.1
      vertex 45.2211 34.6994 86
    endloop
  endfacet
  facet normal -0.812826 -0.582506 -0
    outer loop
      vertex 47.3938 31.6675 86
      vertex 46.5468 32.8494 52.1
      vertex 47.3938 31.6675 52.1
    endloop
  endfacet
  facet normal -0.812838 -0.58249 8.31728e-07
    outer loop
      vertex 46.5468 32.8494 52.1
      vertex 47.3938 31.6675 86
      vertex 45.2211 34.6994 86
    endloop
  endfacet
  facet normal -0.812845 -0.58248 0
    outer loop
      vertex 45.2211 34.6994 0
      vertex 46.5468 32.8494 49
      vertex 45.2211 34.6994 49
    endloop
  endfacet
  facet normal -0.812838 -0.58249 -5.7542e-07
    outer loop
      vertex 47.3938 31.6675 0
      vertex 46.5468 32.8494 49
      vertex 45.2211 34.6994 0
    endloop
  endfacet
  facet normal -0.812826 -0.582506 0
    outer loop
      vertex 46.5468 32.8494 49
      vertex 47.3938 31.6675 0
      vertex 47.3938 31.6675 49
    endloop
  endfacet
  facet normal -0.352246 -0.935908 0
    outer loop
      vertex 18.322 53.975 52
      vertex 21.813 52.6611 86
      vertex 18.322 53.975 86
    endloop
  endfacet
  facet normal -0.352246 -0.935908 -0
    outer loop
      vertex 21.813 52.6611 86
      vertex 18.322 53.975 52
      vertex 21.813 52.6611 52
    endloop
  endfacet
  facet normal -0.352246 -0.935908 0
    outer loop
      vertex 18.322 53.975 42.4779
      vertex 21.813 52.6611 49
      vertex 18.322 53.975 49
    endloop
  endfacet
  facet normal -0.352242 -0.935909 -2.32141e-06
    outer loop
      vertex 20.9126 53 39.8874
      vertex 21.813 52.6611 49
      vertex 18.322 53.975 42.4779
    endloop
  endfacet
  facet normal -0.352262 -0.935901 0
    outer loop
      vertex 21.813 52.6611 16
      vertex 20.9126 53 39.8874
      vertex 20.9126 53 16
    endloop
  endfacet
  facet normal -0.352262 -0.935901 0
    outer loop
      vertex 20.9126 53 39.8874
      vertex 21.813 52.6611 16
      vertex 21.813 52.6611 49
    endloop
  endfacet
  facet normal 0.032708 -0.999465 0
    outer loop
      vertex -3.72798 56.878 86
      vertex 0 57 60.8
      vertex 0 57 86
    endloop
  endfacet
  facet normal 0.032708 -0.999465 0
    outer loop
      vertex 0 57 60.8
      vertex -3.72798 56.878 86
      vertex -3.72798 56.878 57.072
    endloop
  endfacet
  facet normal 0.032708 -0.999465 0
    outer loop
      vertex -3.72798 56.878 0
      vertex 0 57 4
      vertex -3.72798 56.878 4
    endloop
  endfacet
  facet normal 0.032708 -0.999465 0
    outer loop
      vertex 0 57 4
      vertex -3.72798 56.878 0
      vertex 0 57 0
    endloop
  endfacet
  facet normal 0.032708 -0.999465 0
    outer loop
      vertex -3.72798 56.878 10
      vertex 0 57 16
      vertex -3.72798 56.878 16
    endloop
  endfacet
  facet normal 0.032708 -0.999465 0
    outer loop
      vertex 0 57 16
      vertex -3.72798 56.878 10
      vertex 0 57 10
    endloop
  endfacet
  facet normal -0.999465 0.032708 0
    outer loop
      vertex 56.878 -3.72798 52
      vertex 57 0 86
      vertex 57 0 52
    endloop
  endfacet
  facet normal -0.999465 0.032708 0
    outer loop
      vertex 57 0 86
      vertex 56.878 -3.72798 52
      vertex 56.878 -3.72798 86
    endloop
  endfacet
  facet normal -0.999465 0.032708 0
    outer loop
      vertex 56.878 -3.72798 0
      vertex 57 0 49
      vertex 57 0 0
    endloop
  endfacet
  facet normal -0.999465 0.032708 0
    outer loop
      vertex 57 0 49
      vertex 56.878 -3.72798 0
      vertex 56.878 -3.72798 49
    endloop
  endfacet
  facet normal -0.41271 0.910863 0
    outer loop
      vertex 25.2105 -51.1217 52
      vertex 21.813 -52.6611 86
      vertex 25.2105 -51.1217 86
    endloop
  endfacet
  facet normal -0.41271 0.910863 0
    outer loop
      vertex 21.813 -52.6611 86
      vertex 25.2105 -51.1217 52
      vertex 21.813 -52.6611 52
    endloop
  endfacet
  facet normal -0.41271 0.910863 0
    outer loop
      vertex 25.2105 -51.1217 0
      vertex 21.813 -52.6611 49
      vertex 25.2105 -51.1217 49
    endloop
  endfacet
  facet normal -0.41271 0.910863 0
    outer loop
      vertex 21.813 -52.6611 49
      vertex 25.2105 -51.1217 0
      vertex 21.813 -52.6611 0
    endloop
  endfacet
  facet normal 0.41271 -0.910863 0
    outer loop
      vertex -25.2105 51.1217 52
      vertex -21.813 52.6611 86
      vertex -25.2105 51.1217 86
    endloop
  endfacet
  facet normal 0.41271 -0.910863 0
    outer loop
      vertex -21.813 52.6611 86
      vertex -25.2105 51.1217 52
      vertex -21.813 52.6611 52
    endloop
  endfacet
  facet normal 0.41271 -0.910863 0
    outer loop
      vertex -25.2105 51.1217 0
      vertex -21.813 52.6611 49
      vertex -25.2105 51.1217 49
    endloop
  endfacet
  facet normal 0.41271 -0.910863 0
    outer loop
      vertex -21.813 52.6611 49
      vertex -25.2105 51.1217 0
      vertex -21.813 52.6611 0
    endloop
  endfacet
  facet normal 0.290301 -0.956936 0
    outer loop
      vertex -18.322 53.975 52
      vertex -14.7527 55.0578 86
      vertex -18.322 53.975 86
    endloop
  endfacet
  facet normal 0.290301 -0.956936 0
    outer loop
      vertex -14.7527 55.0578 86
      vertex -18.322 53.975 52
      vertex -14.7527 55.0578 52
    endloop
  endfacet
  facet normal 0.290301 -0.956936 0
    outer loop
      vertex -18.322 53.975 0
      vertex -14.7527 55.0578 16
      vertex -18.322 53.975 16
    endloop
  endfacet
  facet normal 0.290301 -0.956936 0
    outer loop
      vertex -14.7527 55.0578 16
      vertex -18.322 53.975 0
      vertex -14.7527 55.0578 0
    endloop
  endfacet
  facet normal 0.290301 -0.956936 0
    outer loop
      vertex -18.322 53.975 49
      vertex -14.7527 55.0578 46.0473
      vertex -14.7527 55.0578 49
    endloop
  endfacet
  facet normal 0.290301 -0.956936 0
    outer loop
      vertex -14.7527 55.0578 46.0473
      vertex -18.322 53.975 49
      vertex -18.322 53.975 42.4779
    endloop
  endfacet
  facet normal -0.290301 0.956936 0
    outer loop
      vertex 18.322 -53.975 52
      vertex 14.7527 -55.0578 86
      vertex 18.322 -53.975 86
    endloop
  endfacet
  facet normal -0.290301 0.956936 0
    outer loop
      vertex 14.7527 -55.0578 86
      vertex 18.322 -53.975 52
      vertex 14.7527 -55.0578 52
    endloop
  endfacet
  facet normal -0.290301 0.956936 0
    outer loop
      vertex 18.322 -53.975 0
      vertex 14.7527 -55.0578 49
      vertex 18.322 -53.975 49
    endloop
  endfacet
  facet normal -0.290301 0.956936 0
    outer loop
      vertex 14.7527 -55.0578 49
      vertex 18.322 -53.975 0
      vertex 14.7527 -55.0578 0
    endloop
  endfacet
  facet normal -0.471402 0.881918 0
    outer loop
      vertex 28.5 -49.3634 52
      vertex 25.2105 -51.1217 86
      vertex 28.5 -49.3634 86
    endloop
  endfacet
  facet normal -0.471402 0.881918 0
    outer loop
      vertex 25.2105 -51.1217 86
      vertex 28.5 -49.3634 52
      vertex 25.2105 -51.1217 52
    endloop
  endfacet
  facet normal -0.471402 0.881918 0
    outer loop
      vertex 28.5 -49.3634 0
      vertex 25.2105 -51.1217 49
      vertex 28.5 -49.3634 49
    endloop
  endfacet
  facet normal -0.471402 0.881918 0
    outer loop
      vertex 25.2105 -51.1217 49
      vertex 28.5 -49.3634 0
      vertex 25.2105 -51.1217 0
    endloop
  endfacet
  facet normal 0.471402 -0.881918 0
    outer loop
      vertex -28.5 49.3634 52
      vertex -25.2105 51.1217 86
      vertex -28.5 49.3634 86
    endloop
  endfacet
  facet normal 0.471402 -0.881918 0
    outer loop
      vertex -25.2105 51.1217 86
      vertex -28.5 49.3634 52
      vertex -25.2105 51.1217 52
    endloop
  endfacet
  facet normal 0.471402 -0.881918 0
    outer loop
      vertex -28.5 49.3634 0
      vertex -25.2105 51.1217 49
      vertex -28.5 49.3634 49
    endloop
  endfacet
  facet normal 0.471402 -0.881918 0
    outer loop
      vertex -25.2105 51.1217 49
      vertex -28.5 49.3634 0
      vertex -25.2105 51.1217 0
    endloop
  endfacet
  facet normal -0.935908 -0.352246 0
    outer loop
      vertex 53.975 18.322 52
      vertex 52.6611 21.813 86
      vertex 52.6611 21.813 52
    endloop
  endfacet
  facet normal -0.935908 -0.352246 0
    outer loop
      vertex 52.6611 21.813 86
      vertex 53.975 18.322 52
      vertex 53.975 18.322 86
    endloop
  endfacet
  facet normal -0.935908 -0.352246 0
    outer loop
      vertex 53.975 18.322 0
      vertex 52.6611 21.813 49
      vertex 52.6611 21.813 0
    endloop
  endfacet
  facet normal -0.935908 -0.352246 0
    outer loop
      vertex 52.6611 21.813 49
      vertex 53.975 18.322 0
      vertex 53.975 18.322 49
    endloop
  endfacet
  facet normal -0.58249 -0.812838 0
    outer loop
      vertex 31.6675 47.3938 52
      vertex 34.6994 45.2211 86
      vertex 31.6675 47.3938 86
    endloop
  endfacet
  facet normal -0.58249 -0.812838 -0
    outer loop
      vertex 34.6994 45.2211 86
      vertex 31.6675 47.3938 52
      vertex 34.6994 45.2211 52
    endloop
  endfacet
  facet normal -0.58249 -0.812838 0
    outer loop
      vertex 31.6675 47.3938 0
      vertex 34.6994 45.2211 49
      vertex 31.6675 47.3938 49
    endloop
  endfacet
  facet normal -0.58249 -0.812838 -0
    outer loop
      vertex 34.6994 45.2211 49
      vertex 31.6675 47.3938 0
      vertex 34.6994 45.2211 0
    endloop
  endfacet
  facet normal 0.352246 -0.935908 0
    outer loop
      vertex -21.813 52.6611 52
      vertex -18.322 53.975 86
      vertex -21.813 52.6611 86
    endloop
  endfacet
  facet normal 0.352246 -0.935908 0
    outer loop
      vertex -18.322 53.975 86
      vertex -21.813 52.6611 52
      vertex -18.322 53.975 52
    endloop
  endfacet
  facet normal 0.352246 -0.935908 0
    outer loop
      vertex -21.813 52.6611 49
      vertex -18.322 53.975 42.4779
      vertex -18.322 53.975 49
    endloop
  endfacet
  facet normal 0.352242 -0.935909 -2.32141e-06
    outer loop
      vertex -21.813 52.6611 49
      vertex -20.9126 53 39.8874
      vertex -18.322 53.975 42.4779
    endloop
  endfacet
  facet normal 0.352262 -0.935901 0
    outer loop
      vertex -21.813 52.6611 49
      vertex -20.9126 53 16
      vertex -20.9126 53 39.8874
    endloop
  endfacet
  facet normal 0.352262 -0.935901 0
    outer loop
      vertex -21.813 52.6611 0
      vertex -20.9126 53 16
      vertex -21.813 52.6611 49
    endloop
  endfacet
  facet normal 0.352246 -0.935908 1.07806e-06
    outer loop
      vertex -18.322 53.975 0
      vertex -20.9126 53 16
      vertex -21.813 52.6611 0
    endloop
  endfacet
  facet normal 0.35224 -0.93591 0
    outer loop
      vertex -20.9126 53 16
      vertex -18.322 53.975 0
      vertex -18.322 53.975 16
    endloop
  endfacet
  facet normal -0.773019 0.634383 0
    outer loop
      vertex 42.8549 -37.5827 52
      vertex 45.2211 -34.6994 86
      vertex 45.2211 -34.6994 52
    endloop
  endfacet
  facet normal -0.773019 0.634383 0
    outer loop
      vertex 45.2211 -34.6994 86
      vertex 42.8549 -37.5827 52
      vertex 42.8549 -37.5827 86
    endloop
  endfacet
  facet normal -0.773019 0.634383 0
    outer loop
      vertex 42.8549 -37.5827 0
      vertex 45.2211 -34.6994 49
      vertex 45.2211 -34.6994 0
    endloop
  endfacet
  facet normal -0.773019 0.634383 0
    outer loop
      vertex 45.2211 -34.6994 49
      vertex 42.8549 -37.5827 0
      vertex 42.8549 -37.5827 49
    endloop
  endfacet
  facet normal 0.0980723 0.995179 0
    outer loop
      vertex -5.175 -56.7354 52.1
      vertex -3.72798 -56.878 86
      vertex -3.72798 -56.878 52.1
    endloop
  endfacet
  facet normal 0.0980169 0.995185 2.38927e-06
    outer loop
      vertex -3.72798 -56.878 86
      vertex -5.175 -56.7354 52.1
      vertex -7.43999 -56.5124 86
    endloop
  endfacet
  facet normal 0.0979814 0.995188 0
    outer loop
      vertex -7.43999 -56.5124 52
      vertex -5.175 -56.7354 52.1
      vertex -5.175 -56.7354 52
    endloop
  endfacet
  facet normal 0.0979814 0.995188 0
    outer loop
      vertex -5.175 -56.7354 52.1
      vertex -7.43999 -56.5124 52
      vertex -7.43999 -56.5124 86
    endloop
  endfacet
  facet normal 0.0980723 0.995179 -0
    outer loop
      vertex -3.72798 -56.878 0
      vertex -5.175 -56.7354 49
      vertex -3.72798 -56.878 49
    endloop
  endfacet
  facet normal 0.0980169 0.995185 -1.65299e-06
    outer loop
      vertex -7.43999 -56.5124 0
      vertex -5.175 -56.7354 49
      vertex -3.72798 -56.878 0
    endloop
  endfacet
  facet normal 0.0979814 0.995188 0
    outer loop
      vertex -5.175 -56.7354 49
      vertex -7.43999 -56.5124 0
      vertex -7.43999 -56.5124 49
    endloop
  endfacet
  facet normal 0.849212 -0.528053 0
    outer loop
      vertex -49.3634 28.5 86
      vertex -47.3938 31.6675 52.1
      vertex -47.3938 31.6675 86
    endloop
  endfacet
  facet normal 0.849212 -0.528053 0
    outer loop
      vertex -47.3938 31.6675 52.1
      vertex -49.3634 28.5 86
      vertex -49.3634 28.5 52.1
    endloop
  endfacet
  facet normal 0.849212 -0.528053 0
    outer loop
      vertex -49.3634 28.5 49
      vertex -47.3938 31.6675 0
      vertex -47.3938 31.6675 49
    endloop
  endfacet
  facet normal 0.849212 -0.528053 0
    outer loop
      vertex -47.3938 31.6675 0
      vertex -49.3634 28.5 49
      vertex -49.3634 28.5 0
    endloop
  endfacet
  facet normal -0.0980169 -0.995185 0
    outer loop
      vertex 3.72798 56.878 57.072
      vertex 7.43999 56.5124 86
      vertex 3.72798 56.878 86
    endloop
  endfacet
  facet normal -0.0980169 -0.995185 -0
    outer loop
      vertex 7.43999 56.5124 86
      vertex 3.72798 56.878 57.072
      vertex 7.43999 56.5124 53.36
    endloop
  endfacet
  facet normal -0.0980282 -0.995184 -0
    outer loop
      vertex 3.72798 56.878 4
      vertex 3.72798 56.878 0
      vertex 6 56.6542 4
    endloop
  endfacet
  facet normal -0.0980282 -0.995184 0
    outer loop
      vertex 6 56.6542 10
      vertex 3.72798 56.878 16
      vertex 3.72798 56.878 10
    endloop
  endfacet
  facet normal -0.0980169 -0.995185 4.34883e-06
    outer loop
      vertex 3.72798 56.878 16
      vertex 6 56.6542 10
      vertex 7.43999 56.5124 16
    endloop
  endfacet
  facet normal -0.0979989 -0.995187 0
    outer loop
      vertex 7.43999 56.5124 0
      vertex 6 56.6542 10
      vertex 6 56.6542 4
    endloop
  endfacet
  facet normal -0.0979989 -0.995187 0
    outer loop
      vertex 6 56.6542 10
      vertex 7.43999 56.5124 0
      vertex 7.43999 56.5124 16
    endloop
  endfacet
  facet normal -0.0980169 -0.995185 -6.52324e-06
    outer loop
      vertex 7.43999 56.5124 0
      vertex 6 56.6542 4
      vertex 3.72798 56.878 0
    endloop
  endfacet
  facet normal 0.849212 0.528053 0
    outer loop
      vertex -47.3938 -31.6675 86
      vertex -49.3634 -28.5 52
      vertex -49.3634 -28.5 86
    endloop
  endfacet
  facet normal 0.849212 0.528053 0
    outer loop
      vertex -49.3634 -28.5 52
      vertex -47.3938 -31.6675 86
      vertex -47.3938 -31.6675 52
    endloop
  endfacet
  facet normal 0.849212 0.528053 0
    outer loop
      vertex -47.3938 -31.6675 49
      vertex -49.3634 -28.5 0
      vertex -49.3634 -28.5 49
    endloop
  endfacet
  facet normal 0.849212 0.528053 0
    outer loop
      vertex -49.3634 -28.5 0
      vertex -47.3938 -31.6675 49
      vertex -47.3938 -31.6675 0
    endloop
  endfacet
  facet normal 0.032708 0.999465 -0
    outer loop
      vertex 0 -57 52.1
      vertex -3.72798 -56.878 86
      vertex 0 -57 86
    endloop
  endfacet
  facet normal 0.032708 0.999465 0
    outer loop
      vertex -3.72798 -56.878 86
      vertex 0 -57 52.1
      vertex -3.72798 -56.878 52.1
    endloop
  endfacet
  facet normal 0.032708 0.999465 -0
    outer loop
      vertex 0 -57 0
      vertex -3.72798 -56.878 49
      vertex 0 -57 49
    endloop
  endfacet
  facet normal 0.032708 0.999465 0
    outer loop
      vertex -3.72798 -56.878 49
      vertex 0 -57 0
      vertex -3.72798 -56.878 0
    endloop
  endfacet
  facet normal 0.910863 0.41271 0
    outer loop
      vertex -51.1217 -25.2105 86
      vertex -52.6611 -21.813 52
      vertex -52.6611 -21.813 86
    endloop
  endfacet
  facet normal 0.910863 0.41271 0
    outer loop
      vertex -52.6611 -21.813 52
      vertex -51.1217 -25.2105 86
      vertex -51.1217 -25.2105 52
    endloop
  endfacet
  facet normal 0.910863 0.41271 0
    outer loop
      vertex -51.1217 -25.2105 49
      vertex -52.6611 -21.813 0
      vertex -52.6611 -21.813 49
    endloop
  endfacet
  facet normal 0.910863 0.41271 0
    outer loop
      vertex -52.6611 -21.813 0
      vertex -51.1217 -25.2105 49
      vertex -51.1217 -25.2105 0
    endloop
  endfacet
  facet normal -0.352246 0.935908 0
    outer loop
      vertex 21.813 -52.6611 52
      vertex 18.322 -53.975 86
      vertex 21.813 -52.6611 86
    endloop
  endfacet
  facet normal -0.352246 0.935908 0
    outer loop
      vertex 18.322 -53.975 86
      vertex 21.813 -52.6611 52
      vertex 18.322 -53.975 52
    endloop
  endfacet
  facet normal -0.352246 0.935908 0
    outer loop
      vertex 21.813 -52.6611 0
      vertex 18.322 -53.975 49
      vertex 21.813 -52.6611 49
    endloop
  endfacet
  facet normal -0.352246 0.935908 0
    outer loop
      vertex 18.322 -53.975 49
      vertex 21.813 -52.6611 0
      vertex 18.322 -53.975 0
    endloop
  endfacet
  facet normal -0.986643 0.162898 0
    outer loop
      vertex 55.9048 -11.1201 52
      vertex 56.5124 -7.43999 86
      vertex 56.5124 -7.43999 52
    endloop
  endfacet
  facet normal -0.986643 0.162898 0
    outer loop
      vertex 56.5124 -7.43999 86
      vertex 55.9048 -11.1201 52
      vertex 55.9048 -11.1201 86
    endloop
  endfacet
  facet normal -0.986643 0.162898 0
    outer loop
      vertex 55.9048 -11.1201 0
      vertex 56.5124 -7.43999 49
      vertex 56.5124 -7.43999 0
    endloop
  endfacet
  facet normal -0.986643 0.162898 0
    outer loop
      vertex 56.5124 -7.43999 49
      vertex 55.9048 -11.1201 0
      vertex 55.9048 -11.1201 49
    endloop
  endfacet
  facet normal 0.999465 0.032708 0
    outer loop
      vertex -56.878 -3.72798 86
      vertex -57 0 52
      vertex -57 0 86
    endloop
  endfacet
  facet normal 0.999465 0.032708 0
    outer loop
      vertex -57 0 52
      vertex -56.878 -3.72798 86
      vertex -56.878 -3.72798 52
    endloop
  endfacet
  facet normal 0.999465 0.032708 0
    outer loop
      vertex -56.878 -3.72798 49
      vertex -57 0 0
      vertex -57 0 49
    endloop
  endfacet
  facet normal 0.999465 0.032708 0
    outer loop
      vertex -57 0 0
      vertex -56.878 -3.72798 49
      vertex -56.878 -3.72798 0
    endloop
  endfacet
  facet normal 0.528053 -0.849212 0
    outer loop
      vertex -31.6675 47.3938 52
      vertex -28.5 49.3634 86
      vertex -31.6675 47.3938 86
    endloop
  endfacet
  facet normal 0.528053 -0.849212 0
    outer loop
      vertex -28.5 49.3634 86
      vertex -31.6675 47.3938 52
      vertex -28.5 49.3634 52
    endloop
  endfacet
  facet normal 0.528053 -0.849212 0
    outer loop
      vertex -31.6675 47.3938 0
      vertex -28.5 49.3634 49
      vertex -31.6675 47.3938 49
    endloop
  endfacet
  facet normal 0.528053 -0.849212 0
    outer loop
      vertex -28.5 49.3634 49
      vertex -31.6675 47.3938 0
      vertex -28.5 49.3634 0
    endloop
  endfacet
  facet normal 0.634383 0.773019 -0
    outer loop
      vertex -34.6994 -45.2211 52
      vertex -37.5827 -42.8549 86
      vertex -34.6994 -45.2211 86
    endloop
  endfacet
  facet normal 0.634383 0.773019 0
    outer loop
      vertex -37.5827 -42.8549 86
      vertex -34.6994 -45.2211 52
      vertex -37.5827 -42.8549 52
    endloop
  endfacet
  facet normal 0.634383 0.773019 -0
    outer loop
      vertex -34.6994 -45.2211 0
      vertex -37.5827 -42.8549 49
      vertex -34.6994 -45.2211 49
    endloop
  endfacet
  facet normal 0.634383 0.773019 0
    outer loop
      vertex -37.5827 -42.8549 49
      vertex -34.6994 -45.2211 0
      vertex -37.5827 -42.8549 0
    endloop
  endfacet
  facet normal -0.032708 -0.999465 0
    outer loop
      vertex 0 57 60.8
      vertex 3.72798 56.878 86
      vertex 0 57 86
    endloop
  endfacet
  facet normal -0.032708 -0.999465 -0
    outer loop
      vertex 3.72798 56.878 86
      vertex 0 57 60.8
      vertex 3.72798 56.878 57.072
    endloop
  endfacet
  facet normal -0.032708 -0.999465 0
    outer loop
      vertex 0 57 0
      vertex 3.72798 56.878 4
      vertex 0 57 4
    endloop
  endfacet
  facet normal -0.032708 -0.999465 -0
    outer loop
      vertex 3.72798 56.878 4
      vertex 0 57 0
      vertex 3.72798 56.878 0
    endloop
  endfacet
  facet normal -0.032708 -0.999465 0
    outer loop
      vertex 0 57 10
      vertex 3.72798 56.878 16
      vertex 0 57 16
    endloop
  endfacet
  facet normal -0.032708 -0.999465 -0
    outer loop
      vertex 3.72798 56.878 16
      vertex 0 57 10
      vertex 3.72798 56.878 10
    endloop
  endfacet
  facet normal 0.935908 0.352246 0
    outer loop
      vertex -52.6611 -21.813 86
      vertex -53.975 -18.322 52
      vertex -53.975 -18.322 86
    endloop
  endfacet
  facet normal 0.935908 0.352246 0
    outer loop
      vertex -53.975 -18.322 52
      vertex -52.6611 -21.813 86
      vertex -52.6611 -21.813 52
    endloop
  endfacet
  facet normal 0.935908 0.352246 0
    outer loop
      vertex -52.6611 -21.813 49
      vertex -53.975 -18.322 0
      vertex -53.975 -18.322 49
    endloop
  endfacet
  facet normal 0.935908 0.352246 0
    outer loop
      vertex -53.975 -18.322 0
      vertex -52.6611 -21.813 49
      vertex -52.6611 -21.813 0
    endloop
  endfacet
  facet normal -0.973877 0.227075 0
    outer loop
      vertex 55.0578 -14.7527 52
      vertex 55.9048 -11.1201 86
      vertex 55.9048 -11.1201 52
    endloop
  endfacet
  facet normal -0.973877 0.227075 0
    outer loop
      vertex 55.9048 -11.1201 86
      vertex 55.0578 -14.7527 52
      vertex 55.0578 -14.7527 86
    endloop
  endfacet
  facet normal -0.973877 0.227075 0
    outer loop
      vertex 55.0578 -14.7527 0
      vertex 55.9048 -11.1201 49
      vertex 55.9048 -11.1201 0
    endloop
  endfacet
  facet normal -0.973877 0.227075 0
    outer loop
      vertex 55.9048 -11.1201 49
      vertex 55.0578 -14.7527 0
      vertex 55.0578 -14.7527 49
    endloop
  endfacet
  facet normal -0.683591 -0.729865 0
    outer loop
      vertex 37.5827 42.8549 52
      vertex 40.3051 40.3051 86
      vertex 37.5827 42.8549 86
    endloop
  endfacet
  facet normal -0.683591 -0.729865 -0
    outer loop
      vertex 40.3051 40.3051 86
      vertex 37.5827 42.8549 52
      vertex 40.3051 40.3051 52
    endloop
  endfacet
  facet normal -0.683591 -0.729865 0
    outer loop
      vertex 37.5827 42.8549 0
      vertex 40.3051 40.3051 49
      vertex 37.5827 42.8549 49
    endloop
  endfacet
  facet normal -0.683591 -0.729865 -0
    outer loop
      vertex 40.3051 40.3051 49
      vertex 37.5827 42.8549 0
      vertex 40.3051 40.3051 0
    endloop
  endfacet
  facet normal 0.41271 0.910863 -0
    outer loop
      vertex -21.813 -52.6611 52
      vertex -25.2105 -51.1217 86
      vertex -21.813 -52.6611 86
    endloop
  endfacet
  facet normal 0.41271 0.910863 0
    outer loop
      vertex -25.2105 -51.1217 86
      vertex -21.813 -52.6611 52
      vertex -25.2105 -51.1217 52
    endloop
  endfacet
  facet normal 0.41271 0.910863 -0
    outer loop
      vertex -21.813 -52.6611 0
      vertex -25.2105 -51.1217 49
      vertex -21.813 -52.6611 49
    endloop
  endfacet
  facet normal 0.41271 0.910863 0
    outer loop
      vertex -25.2105 -51.1217 49
      vertex -21.813 -52.6611 0
      vertex -25.2105 -51.1217 0
    endloop
  endfacet
  facet normal -0.58249 0.812838 0
    outer loop
      vertex 34.6994 -45.2211 52
      vertex 31.6675 -47.3938 86
      vertex 34.6994 -45.2211 86
    endloop
  endfacet
  facet normal -0.58249 0.812838 0
    outer loop
      vertex 31.6675 -47.3938 86
      vertex 34.6994 -45.2211 52
      vertex 31.6675 -47.3938 52
    endloop
  endfacet
  facet normal -0.582379 0.812917 0
    outer loop
      vertex 34.5647 -45.3176 16
      vertex 34.6994 -45.2211 49
      vertex 34.6994 -45.2211 16
    endloop
  endfacet
  facet normal -0.58249 0.812838 6.85186e-07
    outer loop
      vertex 34.6994 -45.2211 49
      vertex 34.5647 -45.3176 16
      vertex 31.6675 -47.3938 49
    endloop
  endfacet
  facet normal -0.582495 0.812834 0
    outer loop
      vertex 31.6675 -47.3938 0
      vertex 34.5647 -45.3176 16
      vertex 34.5647 -45.3176 0
    endloop
  endfacet
  facet normal -0.582495 0.812834 0
    outer loop
      vertex 34.5647 -45.3176 16
      vertex 31.6675 -47.3938 0
      vertex 31.6675 -47.3938 49
    endloop
  endfacet
  facet normal 0.881918 -0.471402 0
    outer loop
      vertex -51.1217 25.2105 86
      vertex -49.3634 28.5 52.1
      vertex -49.3634 28.5 86
    endloop
  endfacet
  facet normal 0.881918 -0.471402 0
    outer loop
      vertex -49.3634 28.5 52.1
      vertex -51.1217 25.2105 86
      vertex -51.1217 25.2105 52.1
    endloop
  endfacet
  facet normal 0.881918 -0.471402 0
    outer loop
      vertex -51.1217 25.2105 49
      vertex -49.3634 28.5 0
      vertex -49.3634 28.5 49
    endloop
  endfacet
  facet normal 0.881918 -0.471402 0
    outer loop
      vertex -49.3634 28.5 0
      vertex -51.1217 25.2105 49
      vertex -51.1217 25.2105 0
    endloop
  endfacet
  facet normal 0.773019 -0.634383 0
    outer loop
      vertex -45.2211 34.6994 86
      vertex -42.8549 37.5827 52
      vertex -42.8549 37.5827 86
    endloop
  endfacet
  facet normal 0.773019 -0.634383 0
    outer loop
      vertex -42.8549 37.5827 52
      vertex -45.2211 34.6994 86
      vertex -45.2211 34.6994 52
    endloop
  endfacet
  facet normal 0.773019 -0.634383 0
    outer loop
      vertex -45.2211 34.6994 49
      vertex -42.8549 37.5827 0
      vertex -42.8549 37.5827 49
    endloop
  endfacet
  facet normal 0.773019 -0.634383 0
    outer loop
      vertex -42.8549 37.5827 0
      vertex -45.2211 34.6994 49
      vertex -45.2211 34.6994 0
    endloop
  endfacet
  facet normal 0.634383 -0.773019 0
    outer loop
      vertex -37.5827 42.8549 52
      vertex -34.6994 45.2211 86
      vertex -37.5827 42.8549 86
    endloop
  endfacet
  facet normal 0.634383 -0.773019 0
    outer loop
      vertex -34.6994 45.2211 86
      vertex -37.5827 42.8549 52
      vertex -34.6994 45.2211 52
    endloop
  endfacet
  facet normal 0.634383 -0.773019 0
    outer loop
      vertex -37.5827 42.8549 0
      vertex -34.6994 45.2211 49
      vertex -37.5827 42.8549 49
    endloop
  endfacet
  facet normal 0.634383 -0.773019 0
    outer loop
      vertex -34.6994 45.2211 49
      vertex -37.5827 42.8549 0
      vertex -34.6994 45.2211 0
    endloop
  endfacet
  facet normal 0.290301 0.956936 -0
    outer loop
      vertex -14.7527 -55.0578 52
      vertex -18.322 -53.975 86
      vertex -14.7527 -55.0578 86
    endloop
  endfacet
  facet normal 0.290301 0.956936 0
    outer loop
      vertex -18.322 -53.975 86
      vertex -14.7527 -55.0578 52
      vertex -18.322 -53.975 52
    endloop
  endfacet
  facet normal 0.290301 0.956936 -0
    outer loop
      vertex -14.7527 -55.0578 0
      vertex -18.322 -53.975 49
      vertex -14.7527 -55.0578 49
    endloop
  endfacet
  facet normal 0.290301 0.956936 0
    outer loop
      vertex -18.322 -53.975 49
      vertex -14.7527 -55.0578 0
      vertex -18.322 -53.975 0
    endloop
  endfacet
  facet normal -0.683591 0.729865 0
    outer loop
      vertex 40.3051 -40.3051 52
      vertex 37.5827 -42.8549 86
      vertex 40.3051 -40.3051 86
    endloop
  endfacet
  facet normal -0.683591 0.729865 0
    outer loop
      vertex 37.5827 -42.8549 86
      vertex 40.3051 -40.3051 52
      vertex 37.5827 -42.8549 52
    endloop
  endfacet
  facet normal -0.683591 0.729865 -8.44909e-09
    outer loop
      vertex 40.3051 -40.3051 49
      vertex 38.6379 -41.8666 16
      vertex 37.5827 -42.8549 49
    endloop
  endfacet
  facet normal -0.683592 0.729865 0
    outer loop
      vertex 40.3051 -40.3051 0
      vertex 38.6379 -41.8666 16
      vertex 40.3051 -40.3051 49
    endloop
  endfacet
  facet normal -0.683592 0.729865 0
    outer loop
      vertex 38.6379 -41.8666 16
      vertex 40.3051 -40.3051 0
      vertex 38.6379 -41.8666 0
    endloop
  endfacet
  facet normal -0.683591 0.729865 0
    outer loop
      vertex 37.5827 -42.8549 49
      vertex 38.6379 -41.8666 16
      vertex 37.5827 -42.8549 16
    endloop
  endfacet
  facet normal 0.352246 0.935908 -0
    outer loop
      vertex -18.322 -53.975 52
      vertex -21.813 -52.6611 86
      vertex -18.322 -53.975 86
    endloop
  endfacet
  facet normal 0.352246 0.935908 0
    outer loop
      vertex -21.813 -52.6611 86
      vertex -18.322 -53.975 52
      vertex -21.813 -52.6611 52
    endloop
  endfacet
  facet normal 0.352246 0.935908 -0
    outer loop
      vertex -18.322 -53.975 0
      vertex -21.813 -52.6611 49
      vertex -18.322 -53.975 49
    endloop
  endfacet
  facet normal 0.352246 0.935908 0
    outer loop
      vertex -21.813 -52.6611 49
      vertex -18.322 -53.975 0
      vertex -21.813 -52.6611 0
    endloop
  endfacet
  facet normal 0.58249 0.812838 -0
    outer loop
      vertex -31.6675 -47.3938 52
      vertex -34.6994 -45.2211 86
      vertex -31.6675 -47.3938 86
    endloop
  endfacet
  facet normal 0.58249 0.812838 0
    outer loop
      vertex -34.6994 -45.2211 86
      vertex -31.6675 -47.3938 52
      vertex -34.6994 -45.2211 52
    endloop
  endfacet
  facet normal 0.58249 0.812838 -0
    outer loop
      vertex -31.6675 -47.3938 0
      vertex -34.6994 -45.2211 49
      vertex -31.6675 -47.3938 49
    endloop
  endfacet
  facet normal 0.58249 0.812838 0
    outer loop
      vertex -34.6994 -45.2211 49
      vertex -31.6675 -47.3938 0
      vertex -34.6994 -45.2211 0
    endloop
  endfacet
  facet normal 0.881918 0.471402 0
    outer loop
      vertex -49.3634 -28.5 86
      vertex -51.1217 -25.2105 52
      vertex -51.1217 -25.2105 86
    endloop
  endfacet
  facet normal 0.881918 0.471402 0
    outer loop
      vertex -51.1217 -25.2105 52
      vertex -49.3634 -28.5 86
      vertex -49.3634 -28.5 52
    endloop
  endfacet
  facet normal 0.881918 0.471402 0
    outer loop
      vertex -49.3634 -28.5 49
      vertex -51.1217 -25.2105 0
      vertex -51.1217 -25.2105 49
    endloop
  endfacet
  facet normal 0.881918 0.471402 0
    outer loop
      vertex -51.1217 -25.2105 0
      vertex -49.3634 -28.5 49
      vertex -49.3634 -28.5 0
    endloop
  endfacet
  facet normal 0.528053 0.849212 -0
    outer loop
      vertex -28.5 -49.3634 52
      vertex -31.6675 -47.3938 86
      vertex -28.5 -49.3634 86
    endloop
  endfacet
  facet normal 0.528053 0.849212 0
    outer loop
      vertex -31.6675 -47.3938 86
      vertex -28.5 -49.3634 52
      vertex -31.6675 -47.3938 52
    endloop
  endfacet
  facet normal 0.528053 0.849212 -0
    outer loop
      vertex -28.5 -49.3634 0
      vertex -31.6675 -47.3938 49
      vertex -28.5 -49.3634 49
    endloop
  endfacet
  facet normal 0.528053 0.849212 0
    outer loop
      vertex -31.6675 -47.3938 49
      vertex -28.5 -49.3634 0
      vertex -31.6675 -47.3938 0
    endloop
  endfacet
  facet normal 0.871485 -0.490422 0
    outer loop
      vertex 22.0768 47.7511 16
      vertex 22.2212 48.0077 0
      vertex 22.2212 48.0077 16
    endloop
  endfacet
  facet normal 0.871485 -0.490422 0
    outer loop
      vertex 22.2212 48.0077 0
      vertex 22.0768 47.7511 16
      vertex 22.0768 47.7511 0
    endloop
  endfacet
  facet normal -0.119855 -0.992791 0
    outer loop
      vertex 17.5451 45.638 0
      vertex 17.8375 45.6027 16
      vertex 17.5451 45.638 16
    endloop
  endfacet
  facet normal -0.119855 -0.992791 -0
    outer loop
      vertex 17.8375 45.6027 16
      vertex 17.5451 45.638 0
      vertex 17.8375 45.6027 0
    endloop
  endfacet
  facet normal 0.714875 -0.699253 0
    outer loop
      vertex 21.3415 46.835 16
      vertex 21.5474 47.0455 0
      vertex 21.5474 47.0455 16
    endloop
  endfacet
  facet normal 0.714875 -0.699253 0
    outer loop
      vertex 21.5474 47.0455 0
      vertex 21.3415 46.835 16
      vertex 21.3415 46.835 0
    endloop
  endfacet
  facet normal 0.452098 -0.891968 0
    outer loop
      vertex 20.1315 46.0072 0
      vertex 20.3941 46.1403 16
      vertex 20.1315 46.0072 16
    endloop
  endfacet
  facet normal 0.452098 -0.891968 0
    outer loop
      vertex 20.3941 46.1403 16
      vertex 20.1315 46.0072 0
      vertex 20.3941 46.1403 0
    endloop
  endfacet
  facet normal -0.968687 0.248285 0
    outer loop
      vertex 13.8363 51.0596 0
      vertex 13.9094 51.3448 16
      vertex 13.9094 51.3448 0
    endloop
  endfacet
  facet normal -0.968687 0.248285 0
    outer loop
      vertex 13.9094 51.3448 16
      vertex 13.8363 51.0596 0
      vertex 13.8363 51.0596 16
    endloop
  endfacet
  facet normal -0.546444 -0.837496 0
    outer loop
      vertex 15.6486 46.3994 0
      vertex 15.8952 46.2385 16
      vertex 15.6486 46.3994 16
    endloop
  endfacet
  facet normal -0.546444 -0.837496 -0
    outer loop
      vertex 15.8952 46.2385 16
      vertex 15.6486 46.3994 0
      vertex 15.8952 46.2385 0
    endloop
  endfacet
  facet normal 0.509644 -0.860385 0
    outer loop
      vertex 20.3941 46.1403 0
      vertex 20.6475 46.2904 16
      vertex 20.3941 46.1403 16
    endloop
  endfacet
  facet normal 0.509644 -0.860385 0
    outer loop
      vertex 20.6475 46.2904 16
      vertex 20.3941 46.1403 0
      vertex 20.6475 46.2904 0
    endloop
  endfacet
  facet normal 0.999941 0.0108652 0
    outer loop
      vertex 22.7286 49.9874 16
      vertex 22.7254 50.2819 0
      vertex 22.7254 50.2819 16
    endloop
  endfacet
  facet normal 0.999941 0.0108652 0
    outer loop
      vertex 22.7254 50.2819 0
      vertex 22.7286 49.9874 16
      vertex 22.7286 49.9874 0
    endloop
  endfacet
  facet normal -0.963059 -0.26929 0
    outer loop
      vertex 13.9379 48.7324 0
      vertex 13.8586 49.016 16
      vertex 13.8586 49.016 0
    endloop
  endfacet
  facet normal -0.963059 -0.26929 0
    outer loop
      vertex 13.8586 49.016 16
      vertex 13.9379 48.7324 0
      vertex 13.9379 48.7324 16
    endloop
  endfacet
  facet normal -0.992832 0.11952 0
    outer loop
      vertex 13.7468 50.4778 0
      vertex 13.782 50.7702 16
      vertex 13.782 50.7702 0
    endloop
  endfacet
  facet normal -0.992832 0.11952 0
    outer loop
      vertex 13.782 50.7702 16
      vertex 13.7468 50.4778 0
      vertex 13.7468 50.4778 16
    endloop
  endfacet
  facet normal -0.651239 -0.758873 0
    outer loop
      vertex 15.1895 46.7679 0
      vertex 15.413 46.5761 16
      vertex 15.1895 46.7679 16
    endloop
  endfacet
  facet normal -0.651239 -0.758873 -0
    outer loop
      vertex 15.413 46.5761 16
      vertex 15.1895 46.7679 0
      vertex 15.413 46.5761 0
    endloop
  endfacet
  facet normal -0.891968 -0.452098 0
    outer loop
      vertex 14.2844 47.9212 0
      vertex 14.1513 48.1838 16
      vertex 14.1513 48.1838 0
    endloop
  endfacet
  facet normal -0.891968 -0.452098 0
    outer loop
      vertex 14.1513 48.1838 16
      vertex 14.2844 47.9212 0
      vertex 14.2844 47.9212 16
    endloop
  endfacet
  facet normal 0.331772 -0.94336 0
    outer loop
      vertex 19.5828 45.7939 0
      vertex 19.8606 45.8916 16
      vertex 19.5828 45.7939 16
    endloop
  endfacet
  facet normal 0.331772 -0.94336 0
    outer loop
      vertex 19.8606 45.8916 16
      vertex 19.5828 45.7939 0
      vertex 19.8606 45.8916 0
    endloop
  endfacet
  facet normal 0.837496 -0.546444 0
    outer loop
      vertex 21.9159 47.5045 16
      vertex 22.0768 47.7511 0
      vertex 22.0768 47.7511 16
    endloop
  endfacet
  facet normal 0.837496 -0.546444 0
    outer loop
      vertex 22.0768 47.7511 0
      vertex 21.9159 47.5045 16
      vertex 21.9159 47.5045 0
    endloop
  endfacet
  facet normal 0.0108652 -0.999941 0
    outer loop
      vertex 18.1315 45.5867 0
      vertex 18.426 45.5899 16
      vertex 18.1315 45.5867 16
    endloop
  endfacet
  facet normal 0.0108652 -0.999941 0
    outer loop
      vertex 18.426 45.5899 16
      vertex 18.1315 45.5867 0
      vertex 18.426 45.5899 0
    endloop
  endfacet
  facet normal 0.982861 -0.18435 0
    outer loop
      vertex 22.623 49.1116 16
      vertex 22.6773 49.4011 0
      vertex 22.6773 49.4011 16
    endloop
  endfacet
  facet normal 0.982861 -0.18435 0
    outer loop
      vertex 22.6773 49.4011 0
      vertex 22.623 49.1116 16
      vertex 22.623 49.1116 0
    endloop
  endfacet
  facet normal 0.950401 -0.311028 0
    outer loop
      vertex 22.4583 48.5465 16
      vertex 22.5499 48.8264 0
      vertex 22.5499 48.8264 16
    endloop
  endfacet
  facet normal 0.950401 -0.311028 0
    outer loop
      vertex 22.5499 48.8264 0
      vertex 22.4583 48.5465 16
      vertex 22.4583 48.5465 0
    endloop
  endfacet
  facet normal -0.564769 0.825249 0
    outer loop
      vertex 15.8118 53.8809 0
      vertex 15.5688 53.7146 16
      vertex 15.8118 53.8809 16
    endloop
  endfacet
  facet normal -0.564769 0.825249 0
    outer loop
      vertex 15.5688 53.7146 16
      vertex 15.8118 53.8809 0
      vertex 15.5688 53.7146 0
    endloop
  endfacet
  facet normal -0.432621 -0.901576 0
    outer loop
      vertex 16.1518 46.0941 0
      vertex 16.4173 45.9667 16
      vertex 16.1518 46.0941 16
    endloop
  endfacet
  facet normal -0.432621 -0.901576 -0
    outer loop
      vertex 16.4173 45.9667 16
      vertex 16.1518 46.0941 0
      vertex 16.4173 45.9667 0
    endloop
  endfacet
  facet normal -0.311128 -0.950368 0
    outer loop
      vertex 16.6906 45.857 0
      vertex 16.9704 45.7654 16
      vertex 16.6906 45.857 16
    endloop
  endfacet
  facet normal -0.311128 -0.950368 -0
    outer loop
      vertex 16.9704 45.7654 16
      vertex 16.6906 45.857 0
      vertex 16.9704 45.7654 0
    endloop
  endfacet
  facet normal -0.98997 -0.141279 0
    outer loop
      vertex 13.798 49.3042 0
      vertex 13.7564 49.5957 16
      vertex 13.7564 49.5957 0
    endloop
  endfacet
  facet normal -0.98997 -0.141279 0
    outer loop
      vertex 13.7564 49.5957 16
      vertex 13.798 49.3042 0
      vertex 13.798 49.3042 16
    endloop
  endfacet
  facet normal -0.33147 0.943466 0
    outer loop
      vertex 16.8765 54.3773 0
      vertex 16.5987 54.2797 16
      vertex 16.8765 54.3773 16
    endloop
  endfacet
  facet normal -0.33147 0.943466 0
    outer loop
      vertex 16.5987 54.2797 16
      vertex 16.8765 54.3773 0
      vertex 16.5987 54.2797 0
    endloop
  endfacet
  facet normal -0.901708 0.432345 0
    outer loop
      vertex 14.1108 51.898 0
      vertex 14.2381 52.1635 16
      vertex 14.2381 52.1635 0
    endloop
  endfacet
  facet normal -0.901708 0.432345 0
    outer loop
      vertex 14.2381 52.1635 16
      vertex 14.1108 51.898 0
      vertex 14.1108 51.898 16
    endloop
  endfacet
  facet normal -0.94336 -0.331772 0
    outer loop
      vertex 14.0356 48.4546 0
      vertex 13.9379 48.7324 16
      vertex 13.9379 48.7324 0
    endloop
  endfacet
  facet normal -0.94336 -0.331772 0
    outer loop
      vertex 13.9379 48.7324 16
      vertex 14.0356 48.4546 0
      vertex 14.0356 48.4546 16
    endloop
  endfacet
  facet normal 0.9786 0.205771 0
    outer loop
      vertex 22.6613 50.867 16
      vertex 22.6007 51.1552 0
      vertex 22.6007 51.1552 16
    endloop
  endfacet
  facet normal 0.9786 0.205771 0
    outer loop
      vertex 22.6007 51.1552 0
      vertex 22.6613 50.867 16
      vertex 22.6613 50.867 0
    endloop
  endfacet
  facet normal 0.992827 -0.11956 0
    outer loop
      vertex 22.6773 49.4011 16
      vertex 22.7125 49.6934 0
      vertex 22.7125 49.6934 16
    endloop
  endfacet
  facet normal 0.992827 -0.11956 0
    outer loop
      vertex 22.7125 49.6934 0
      vertex 22.6773 49.4011 16
      vertex 22.6773 49.4011 0
    endloop
  endfacet
  facet normal -0.825357 -0.564611 0
    outer loop
      vertex 14.6007 47.4247 0
      vertex 14.4344 47.6678 16
      vertex 14.4344 47.6678 0
    endloop
  endfacet
  facet normal -0.825357 -0.564611 0
    outer loop
      vertex 14.4344 47.6678 16
      vertex 14.6007 47.4247 0
      vertex 14.6007 47.4247 16
    endloop
  endfacet
  facet normal -0.509393 0.860534 0
    outer loop
      vertex 16.0652 54.0309 0
      vertex 15.8118 53.8809 16
      vertex 16.0652 54.0309 16
    endloop
  endfacet
  facet normal -0.509393 0.860534 0
    outer loop
      vertex 15.8118 53.8809 16
      vertex 16.0652 54.0309 0
      vertex 15.8118 53.8809 0
    endloop
  endfacet
  facet normal 0.0764108 -0.997076 0
    outer loop
      vertex 18.426 45.5899 0
      vertex 18.7196 45.6124 16
      vertex 18.426 45.5899 16
    endloop
  endfacet
  facet normal 0.0764108 -0.997076 0
    outer loop
      vertex 18.7196 45.6124 16
      vertex 18.426 45.5899 0
      vertex 18.7196 45.6124 0
    endloop
  endfacet
  facet normal 0.968687 -0.248285 0
    outer loop
      vertex 22.5499 48.8264 16
      vertex 22.623 49.1116 0
      vertex 22.623 49.1116 16
    endloop
  endfacet
  facet normal 0.968687 -0.248285 0
    outer loop
      vertex 22.623 49.1116 0
      vertex 22.5499 48.8264 16
      vertex 22.5499 48.8264 0
    endloop
  endfacet
  facet normal -0.928031 0.372503 0
    outer loop
      vertex 14.0011 51.6247 0
      vertex 14.1108 51.898 16
      vertex 14.1108 51.898 0
    endloop
  endfacet
  facet normal -0.928031 0.372503 0
    outer loop
      vertex 14.1108 51.898 16
      vertex 14.0011 51.6247 0
      vertex 14.0011 51.6247 16
    endloop
  endfacet
  facet normal -0.270206 0.962803 0
    outer loop
      vertex 16.9385 54.3947 0
      vertex 16.8765 54.3773 16
      vertex 16.9385 54.3947 16
    endloop
  endfacet
  facet normal -0.270206 0.962803 0
    outer loop
      vertex 16.8765 54.3773 16
      vertex 16.9385 54.3947 0
      vertex 16.8765 54.3773 0
    endloop
  endfacet
  facet normal 0.94336 0.331772 0
    outer loop
      vertex 22.5214 51.4388 16
      vertex 22.4237 51.7166 0
      vertex 22.4237 51.7166 16
    endloop
  endfacet
  facet normal 0.94336 0.331772 0
    outer loop
      vertex 22.4237 51.7166 0
      vertex 22.5214 51.4388 16
      vertex 22.5214 51.4388 0
    endloop
  endfacet
  facet normal 0.860534 0.509393 0
    outer loop
      vertex 22.1749 52.2501 16
      vertex 22.0249 52.5035 0
      vertex 22.0249 52.5035 16
    endloop
  endfacet
  facet normal 0.860534 0.509393 0
    outer loop
      vertex 22.0249 52.5035 0
      vertex 22.1749 52.2501 16
      vertex 22.1749 52.2501 0
    endloop
  endfacet
  facet normal -0.759044 0.65104 0
    outer loop
      vertex 14.9119 53.1258 0
      vertex 14.804 53 16
      vertex 14.9119 53.1258 16
    endloop
  endfacet
  facet normal -0.759041 0.651043 4.45745e-08
    outer loop
      vertex 14.7202 52.9023 0
      vertex 14.804 53 16
      vertex 14.9119 53.1258 0
    endloop
  endfacet
  facet normal -0.759037 0.651047 0
    outer loop
      vertex 14.804 53 16
      vertex 14.7202 52.9023 0
      vertex 14.7202 52.9023 16
    endloop
  endfacet
  facet normal -0.184412 -0.982849 0
    outer loop
      vertex 17.2557 45.6923 0
      vertex 17.5451 45.638 16
      vertex 17.2557 45.6923 16
    endloop
  endfacet
  facet normal -0.184412 -0.982849 -0
    outer loop
      vertex 17.5451 45.638 16
      vertex 17.2557 45.6923 0
      vertex 17.5451 45.638 0
    endloop
  endfacet
  facet normal -0.699253 -0.714875 0
    outer loop
      vertex 14.979 46.9738 0
      vertex 15.1895 46.7679 16
      vertex 14.979 46.9738 16
    endloop
  endfacet
  facet normal -0.699253 -0.714875 -0
    outer loop
      vertex 15.1895 46.7679 16
      vertex 14.979 46.9738 0
      vertex 15.1895 46.7679 0
    endloop
  endfacet
  facet normal -0.372503 -0.928031 0
    outer loop
      vertex 16.4173 45.9667 0
      vertex 16.6906 45.857 16
      vertex 16.4173 45.9667 16
    endloop
  endfacet
  facet normal -0.372503 -0.928031 -0
    outer loop
      vertex 16.6906 45.857 16
      vertex 16.4173 45.9667 0
      vertex 16.6906 45.857 0
    endloop
  endfacet
  facet normal -0.997102 -0.0760732 0
    outer loop
      vertex 13.7564 49.5957 0
      vertex 13.734 49.8893 16
      vertex 13.734 49.8893 0
    endloop
  endfacet
  facet normal -0.997102 -0.0760732 0
    outer loop
      vertex 13.734 49.8893 16
      vertex 13.7564 49.5957 0
      vertex 13.7564 49.5957 16
    endloop
  endfacet
  facet normal 0.205771 -0.9786 0
    outer loop
      vertex 19.0111 45.654 0
      vertex 19.2993 45.7146 16
      vertex 19.0111 45.654 16
    endloop
  endfacet
  facet normal 0.205771 -0.9786 0
    outer loop
      vertex 19.2993 45.7146 16
      vertex 19.0111 45.654 0
      vertex 19.2993 45.7146 0
    endloop
  endfacet
  facet normal -0.786601 -0.617461 0
    outer loop
      vertex 14.7825 47.1931 0
      vertex 14.6007 47.4247 16
      vertex 14.6007 47.4247 0
    endloop
  endfacet
  facet normal -0.786601 -0.617461 0
    outer loop
      vertex 14.6007 47.4247 16
      vertex 14.7825 47.1931 0
      vertex 14.7825 47.1931 16
    endloop
  endfacet
  facet normal 0.269378 -0.963035 0
    outer loop
      vertex 19.2993 45.7146 0
      vertex 19.5828 45.7939 16
      vertex 19.2993 45.7146 16
    endloop
  endfacet
  facet normal 0.269378 -0.963035 0
    outer loop
      vertex 19.5828 45.7939 16
      vertex 19.2993 45.7146 0
      vertex 19.5828 45.7939 0
    endloop
  endfacet
  facet normal -0.998504 0.05468 0
    outer loop
      vertex 13.7307 50.1838 0
      vertex 13.7468 50.4778 16
      vertex 13.7468 50.4778 0
    endloop
  endfacet
  facet normal -0.998504 0.05468 0
    outer loop
      vertex 13.7468 50.4778 16
      vertex 13.7307 50.1838 0
      vertex 13.7307 50.1838 16
    endloop
  endfacet
  facet normal 0.392485 -0.919759 0
    outer loop
      vertex 19.8606 45.8916 0
      vertex 20.1315 46.0072 16
      vertex 19.8606 45.8916 16
    endloop
  endfacet
  facet normal 0.392485 -0.919759 0
    outer loop
      vertex 20.1315 46.0072 16
      vertex 19.8606 45.8916 0
      vertex 20.1315 46.0072 0
    endloop
  endfacet
  facet normal 0.963059 0.26929 0
    outer loop
      vertex 22.6007 51.1552 16
      vertex 22.5214 51.4388 0
      vertex 22.5214 51.4388 16
    endloop
  endfacet
  facet normal 0.963059 0.26929 0
    outer loop
      vertex 22.5214 51.4388 0
      vertex 22.6007 51.1552 16
      vertex 22.6007 51.1552 0
    endloop
  endfacet
  facet normal -0.714705 0.699426 0
    outer loop
      vertex 14.9119 53.1258 0
      vertex 15.1179 53.3363 16
      vertex 15.1179 53.3363 0
    endloop
  endfacet
  facet normal -0.714705 0.699426 0
    outer loop
      vertex 15.1179 53.3363 16
      vertex 14.9119 53.1258 0
      vertex 14.9119 53.1258 16
    endloop
  endfacet
  facet normal 0.927984 -0.37262 0
    outer loop
      vertex 22.3486 48.2733 16
      vertex 22.4583 48.5465 0
      vertex 22.4583 48.5465 16
    endloop
  endfacet
  facet normal 0.927984 -0.37262 0
    outer loop
      vertex 22.4583 48.5465 0
      vertex 22.3486 48.2733 16
      vertex 22.3486 48.2733 0
    endloop
  endfacet
  facet normal 0.758873 -0.651239 0
    outer loop
      vertex 21.5474 47.0455 16
      vertex 21.7392 47.269 0
      vertex 21.7392 47.269 16
    endloop
  endfacet
  facet normal 0.758873 -0.651239 0
    outer loop
      vertex 21.7392 47.269 0
      vertex 21.5474 47.0455 16
      vertex 21.5474 47.0455 0
    endloop
  endfacet
  facet normal -0.451961 0.892038 0
    outer loop
      vertex 16.3279 54.164 0
      vertex 16.0652 54.0309 16
      vertex 16.3279 54.164 16
    endloop
  endfacet
  facet normal -0.451961 0.892038 0
    outer loop
      vertex 16.0652 54.0309 16
      vertex 16.3279 54.164 0
      vertex 16.0652 54.0309 0
    endloop
  endfacet
  facet normal 0.98997 0.141279 0
    outer loop
      vertex 22.7029 50.5755 16
      vertex 22.6613 50.867 0
      vertex 22.6613 50.867 16
    endloop
  endfacet
  facet normal 0.98997 0.141279 0
    outer loop
      vertex 22.6613 50.867 0
      vertex 22.7029 50.5755 16
      vertex 22.7029 50.5755 0
    endloop
  endfacet
  facet normal -0.999937 -0.0112047 0
    outer loop
      vertex 13.734 49.8893 0
      vertex 13.7307 50.1838 16
      vertex 13.7307 50.1838 0
    endloop
  endfacet
  facet normal -0.999937 -0.0112047 0
    outer loop
      vertex 13.7307 50.1838 16
      vertex 13.734 49.8893 0
      vertex 13.734 49.8893 16
    endloop
  endfacet
  facet normal -0.982849 0.184412 0
    outer loop
      vertex 13.782 50.7702 0
      vertex 13.8363 51.0596 16
      vertex 13.8363 51.0596 0
    endloop
  endfacet
  facet normal -0.982849 0.184412 0
    outer loop
      vertex 13.8363 51.0596 16
      vertex 13.782 50.7702 0
      vertex 13.782 50.7702 16
    endloop
  endfacet
  facet normal -0.919584 -0.392894 0
    outer loop
      vertex 14.1513 48.1838 0
      vertex 14.0356 48.4546 16
      vertex 14.0356 48.4546 0
    endloop
  endfacet
  facet normal -0.919584 -0.392894 0
    outer loop
      vertex 14.0356 48.4546 16
      vertex 14.1513 48.1838 0
      vertex 14.1513 48.1838 16
    endloop
  endfacet
  facet normal -0.617297 0.786731 0
    outer loop
      vertex 15.5688 53.7146 0
      vertex 15.3371 53.5328 16
      vertex 15.5688 53.7146 16
    endloop
  endfacet
  facet normal -0.617297 0.786731 0
    outer loop
      vertex 15.3371 53.5328 16
      vertex 15.5688 53.7146 0
      vertex 15.3371 53.5328 0
    endloop
  endfacet
  facet normal -0.490422 -0.871485 0
    outer loop
      vertex 15.8952 46.2385 0
      vertex 16.1518 46.0941 16
      vertex 15.8952 46.2385 16
    endloop
  endfacet
  facet normal -0.490422 -0.871485 -0
    outer loop
      vertex 16.1518 46.0941 16
      vertex 15.8952 46.2385 0
      vertex 16.1518 46.0941 0
    endloop
  endfacet
  facet normal -0.6 -0.8 0
    outer loop
      vertex 15.413 46.5761 0
      vertex 15.6486 46.3994 16
      vertex 15.413 46.5761 16
    endloop
  endfacet
  facet normal -0.6 -0.8 -0
    outer loop
      vertex 15.6486 46.3994 16
      vertex 15.413 46.5761 0
      vertex 15.6486 46.3994 0
    endloop
  endfacet
  facet normal -0.8 0.6 0
    outer loop
      vertex 14.5435 52.6667 0
      vertex 14.7202 52.9023 16
      vertex 14.7202 52.9023 0
    endloop
  endfacet
  facet normal -0.8 0.6 0
    outer loop
      vertex 14.7202 52.9023 16
      vertex 14.5435 52.6667 0
      vertex 14.5435 52.6667 16
    endloop
  endfacet
  facet normal 0.56438 -0.825515 0
    outer loop
      vertex 20.6475 46.2904 0
      vertex 20.8906 46.4566 16
      vertex 20.6475 46.2904 16
    endloop
  endfacet
  facet normal 0.56438 -0.825515 0
    outer loop
      vertex 20.8906 46.4566 16
      vertex 20.6475 46.2904 0
      vertex 20.8906 46.4566 0
    endloop
  endfacet
  facet normal 0.919706 0.392607 0
    outer loop
      vertex 22.4237 51.7166 16
      vertex 22.3081 51.9874 0
      vertex 22.3081 51.9874 16
    endloop
  endfacet
  facet normal 0.919706 0.392607 0
    outer loop
      vertex 22.3081 51.9874 0
      vertex 22.4237 51.7166 16
      vertex 22.4237 51.7166 0
    endloop
  endfacet
  facet normal -0.248204 -0.968708 0
    outer loop
      vertex 16.9704 45.7654 0
      vertex 17.2557 45.6923 16
      vertex 16.9704 45.7654 16
    endloop
  endfacet
  facet normal -0.248204 -0.968708 -0
    outer loop
      vertex 17.2557 45.6923 16
      vertex 16.9704 45.7654 0
      vertex 17.2557 45.6923 0
    endloop
  endfacet
  facet normal -0.9503 0.311335 0
    outer loop
      vertex 13.9094 51.3448 0
      vertex 14.0011 51.6247 16
      vertex 14.0011 51.6247 0
    endloop
  endfacet
  facet normal -0.9503 0.311335 0
    outer loop
      vertex 14.0011 51.6247 16
      vertex 13.9094 51.3448 0
      vertex 13.9094 51.3448 16
    endloop
  endfacet
  facet normal 0.667519 -0.744593 0
    outer loop
      vertex 21.1222 46.6384 0
      vertex 21.3415 46.835 16
      vertex 21.1222 46.6384 16
    endloop
  endfacet
  facet normal 0.667519 -0.744593 0
    outer loop
      vertex 21.3415 46.835 16
      vertex 21.1222 46.6384 0
      vertex 21.3415 46.835 0
    endloop
  endfacet
  facet normal -0.6675 0.74461 0
    outer loop
      vertex 15.3371 53.5328 0
      vertex 15.1179 53.3363 16
      vertex 15.3371 53.5328 16
    endloop
  endfacet
  facet normal -0.6675 0.74461 0
    outer loop
      vertex 15.1179 53.3363 16
      vertex 15.3371 53.5328 0
      vertex 15.1179 53.3363 0
    endloop
  endfacet
  facet normal 0.825307 0.564684 0
    outer loop
      vertex 22.0249 52.5035 16
      vertex 21.9638 52.5928 0
      vertex 21.9638 52.5928 16
    endloop
  endfacet
  facet normal 0.825307 0.564684 0
    outer loop
      vertex 21.9638 52.5928 0
      vertex 22.0249 52.5035 16
      vertex 22.0249 52.5035 0
    endloop
  endfacet
  facet normal 0.997076 0.0764108 0
    outer loop
      vertex 22.7254 50.2819 16
      vertex 22.7029 50.5755 0
      vertex 22.7029 50.5755 16
    endloop
  endfacet
  facet normal 0.997076 0.0764108 0
    outer loop
      vertex 22.7029 50.5755 0
      vertex 22.7254 50.2819 16
      vertex 22.7254 50.2819 0
    endloop
  endfacet
  facet normal -0.87134 0.49068 0
    outer loop
      vertex 14.2381 52.1635 0
      vertex 14.3826 52.4201 16
      vertex 14.3826 52.4201 0
    endloop
  endfacet
  facet normal -0.87134 0.49068 0
    outer loop
      vertex 14.3826 52.4201 16
      vertex 14.2381 52.1635 0
      vertex 14.2381 52.1635 16
    endloop
  endfacet
  facet normal -0.392894 0.919584 0
    outer loop
      vertex 16.5987 54.2797 0
      vertex 16.3279 54.164 16
      vertex 16.5987 54.2797 16
    endloop
  endfacet
  facet normal -0.392894 0.919584 0
    outer loop
      vertex 16.3279 54.164 16
      vertex 16.5987 54.2797 0
      vertex 16.3279 54.164 0
    endloop
  endfacet
  facet normal 0.799878 -0.600163 0
    outer loop
      vertex 21.7392 47.269 16
      vertex 21.9159 47.5045 0
      vertex 21.9159 47.5045 16
    endloop
  endfacet
  facet normal 0.799878 -0.600163 0
    outer loop
      vertex 21.9159 47.5045 0
      vertex 21.7392 47.269 16
      vertex 21.7392 47.269 0
    endloop
  endfacet
  facet normal -0.0543414 -0.998522 0
    outer loop
      vertex 17.8375 45.6027 0
      vertex 18.1315 45.5867 16
      vertex 17.8375 45.6027 16
    endloop
  endfacet
  facet normal -0.0543414 -0.998522 -0
    outer loop
      vertex 18.1315 45.5867 16
      vertex 17.8375 45.6027 0
      vertex 18.1315 45.5867 0
    endloop
  endfacet
  facet normal -0.837496 0.546444 0
    outer loop
      vertex 14.3826 52.4201 0
      vertex 14.5435 52.6667 16
      vertex 14.5435 52.6667 0
    endloop
  endfacet
  facet normal -0.837496 0.546444 0
    outer loop
      vertex 14.5435 52.6667 16
      vertex 14.3826 52.4201 0
      vertex 14.3826 52.4201 16
    endloop
  endfacet
  facet normal 0.891901 0.452231 0
    outer loop
      vertex 22.3081 51.9874 16
      vertex 22.1749 52.2501 0
      vertex 22.1749 52.2501 16
    endloop
  endfacet
  facet normal 0.891901 0.452231 0
    outer loop
      vertex 22.1749 52.2501 0
      vertex 22.3081 51.9874 16
      vertex 22.3081 51.9874 0
    endloop
  endfacet
  facet normal -0.9786 -0.205771 0
    outer loop
      vertex 13.8586 49.016 0
      vertex 13.798 49.3042 16
      vertex 13.798 49.3042 0
    endloop
  endfacet
  facet normal -0.9786 -0.205771 0
    outer loop
      vertex 13.798 49.3042 16
      vertex 13.8586 49.016 0
      vertex 13.8586 49.016 16
    endloop
  endfacet
  facet normal -0.744761 -0.667331 0
    outer loop
      vertex 14.979 46.9738 0
      vertex 14.7825 47.1931 16
      vertex 14.7825 47.1931 0
    endloop
  endfacet
  facet normal -0.744761 -0.667331 0
    outer loop
      vertex 14.7825 47.1931 16
      vertex 14.979 46.9738 0
      vertex 14.979 46.9738 16
    endloop
  endfacet
  facet normal 0.90164 -0.432488 0
    outer loop
      vertex 22.2212 48.0077 16
      vertex 22.3486 48.2733 0
      vertex 22.3486 48.2733 16
    endloop
  endfacet
  facet normal 0.90164 -0.432488 0
    outer loop
      vertex 22.3486 48.2733 0
      vertex 22.2212 48.0077 16
      vertex 22.2212 48.0077 0
    endloop
  endfacet
  facet normal -0.860534 -0.509393 0
    outer loop
      vertex 14.4344 47.6678 0
      vertex 14.2844 47.9212 16
      vertex 14.2844 47.9212 0
    endloop
  endfacet
  facet normal -0.860534 -0.509393 0
    outer loop
      vertex 14.2844 47.9212 16
      vertex 14.4344 47.6678 0
      vertex 14.4344 47.6678 16
    endloop
  endfacet
  facet normal 0.998504 -0.05468 0
    outer loop
      vertex 22.7125 49.6934 16
      vertex 22.7286 49.9874 0
      vertex 22.7286 49.9874 16
    endloop
  endfacet
  facet normal 0.998504 -0.05468 0
    outer loop
      vertex 22.7286 49.9874 0
      vertex 22.7125 49.6934 16
      vertex 22.7125 49.6934 0
    endloop
  endfacet
  facet normal 0 0 1
    outer loop
      vertex 15.5291 57.9556 16
      vertex 16.9385 54.3947 16
      vertex 19.2864 56.8158 16
    endloop
  endfacet
  facet normal 0 0 1
    outer loop
      vertex 15.5291 57.9556 16
      vertex 14.7527 55.0578 16
      vertex 16.9385 54.3947 16
    endloop
  endfacet
  facet normal 0 0 1
    outer loop
      vertex 11.7054 58.8471 16
      vertex 14.7527 55.0578 16
      vertex 15.5291 57.9556 16
    endloop
  endfacet
  facet normal 0 0 1
    outer loop
      vertex 11.7054 58.8471 16
      vertex 11.1201 55.9048 16
      vertex 14.7527 55.0578 16
    endloop
  endfacet
  facet normal 0 0 1
    outer loop
      vertex 7.83157 59.4867 16
      vertex 11.1201 55.9048 16
      vertex 11.7054 58.8471 16
    endloop
  endfacet
  facet normal 0 0 1
    outer loop
      vertex 7.83157 59.4867 16
      vertex 7.43999 56.5124 16
      vertex 11.1201 55.9048 16
    endloop
  endfacet
  facet normal 0 0 1
    outer loop
      vertex 3.92419 59.8715 16
      vertex 7.43999 56.5124 16
      vertex 7.83157 59.4867 16
    endloop
  endfacet
  facet normal 0 0 1
    outer loop
      vertex 3.92419 59.8715 16
      vertex 3.72798 56.878 16
      vertex 7.43999 56.5124 16
    endloop
  endfacet
  facet normal 0 0 1
    outer loop
      vertex 0 60 16
      vertex 3.72798 56.878 16
      vertex 3.92419 59.8715 16
    endloop
  endfacet
  facet normal 0 0 1
    outer loop
      vertex 0 60 16
      vertex 0 57 16
      vertex 3.72798 56.878 16
    endloop
  endfacet
  facet normal 0 0 1
    outer loop
      vertex 0 60 16
      vertex -3.72798 56.878 16
      vertex 0 57 16
    endloop
  endfacet
  facet normal -0 0 1
    outer loop
      vertex -3.92419 59.8715 16
      vertex -3.72798 56.878 16
      vertex 0 60 16
    endloop
  endfacet
  facet normal 0 0 1
    outer loop
      vertex -3.92419 59.8715 16
      vertex -7.43999 56.5124 16
      vertex -3.72798 56.878 16
    endloop
  endfacet
  facet normal -0 0 1
    outer loop
      vertex -7.83157 59.4867 16
      vertex -7.43999 56.5124 16
      vertex -3.92419 59.8715 16
    endloop
  endfacet
  facet normal 0 0 1
    outer loop
      vertex -7.83157 59.4867 16
      vertex -11.1201 55.9048 16
      vertex -7.43999 56.5124 16
    endloop
  endfacet
  facet normal -0 0 1
    outer loop
      vertex -11.7054 58.8471 16
      vertex -11.1201 55.9048 16
      vertex -7.83157 59.4867 16
    endloop
  endfacet
  facet normal 0 0 1
    outer loop
      vertex -11.7054 58.8471 16
      vertex -14.7527 55.0578 16
      vertex -11.1201 55.9048 16
    endloop
  endfacet
  facet normal -0 0 1
    outer loop
      vertex -15.5291 57.9556 16
      vertex -14.7527 55.0578 16
      vertex -11.7054 58.8471 16
    endloop
  endfacet
  facet normal 0 0 1
    outer loop
      vertex -15.5291 57.9556 16
      vertex -18.322 53.975 16
      vertex -14.7527 55.0578 16
    endloop
  endfacet
  facet normal -0 0 1
    outer loop
      vertex -19.2864 56.8158 16
      vertex -18.322 53.975 16
      vertex -15.5291 57.9556 16
    endloop
  endfacet
  facet normal 0 0 1
    outer loop
      vertex -19.2864 56.8158 16
      vertex -20.9126 53 16
      vertex -18.322 53.975 16
    endloop
  endfacet
  facet normal -0 0 1
    outer loop
      vertex -22.8 55.4934 16
      vertex -20.9126 53 16
      vertex -19.2864 56.8158 16
    endloop
  endfacet
  facet normal 0 0 1
    outer loop
      vertex -20.9126 53 16
      vertex -22.8 55.4934 16
      vertex -22.8 53 16
    endloop
  endfacet
  facet normal 0 0 1
    outer loop
      vertex 22.8 55.4934 16
      vertex 20.9126 53 16
      vertex 22.8 53 16
    endloop
  endfacet
  facet normal 0 0 1
    outer loop
      vertex 19.2864 56.8158 16
      vertex 20.9126 53 16
      vertex 22.8 55.4934 16
    endloop
  endfacet
  facet normal -0 0 1
    outer loop
      vertex 16.9385 54.3947 16
      vertex 20.9126 53 16
      vertex 19.2864 56.8158 16
    endloop
  endfacet
  facet normal 0 0 1
    outer loop
      vertex 16.5987 54.2797 16
      vertex 16.9385 54.3947 16
      vertex 16.8765 54.3773 16
    endloop
  endfacet
  facet normal 0 0 1
    outer loop
      vertex 16.9385 54.3947 16
      vertex 16.5987 54.2797 16
      vertex 20.9126 53 16
    endloop
  endfacet
  facet normal -0 0 1
    outer loop
      vertex 16.3279 54.164 16
      vertex 20.9126 53 16
      vertex 16.5987 54.2797 16
    endloop
  endfacet
  facet normal -0 0 1
    outer loop
      vertex 16.0652 54.0309 16
      vertex 20.9126 53 16
      vertex 16.3279 54.164 16
    endloop
  endfacet
  facet normal -0 0 1
    outer loop
      vertex 15.8118 53.8809 16
      vertex 20.9126 53 16
      vertex 16.0652 54.0309 16
    endloop
  endfacet
  facet normal -0 0 1
    outer loop
      vertex 15.5688 53.7146 16
      vertex 20.9126 53 16
      vertex 15.8118 53.8809 16
    endloop
  endfacet
  facet normal -0 0 1
    outer loop
      vertex 15.3371 53.5328 16
      vertex 20.9126 53 16
      vertex 15.5688 53.7146 16
    endloop
  endfacet
  facet normal -0 0 1
    outer loop
      vertex 15.1179 53.3363 16
      vertex 20.9126 53 16
      vertex 15.3371 53.5328 16
    endloop
  endfacet
  facet normal -0 0 1
    outer loop
      vertex 14.9119 53.1258 16
      vertex 20.9126 53 16
      vertex 15.1179 53.3363 16
    endloop
  endfacet
  facet normal 0 0 1
    outer loop
      vertex 20.9126 53 16
      vertex 14.9119 53.1258 16
      vertex 14.804 53 16
    endloop
  endfacet
  facet normal 0 0 1
    outer loop
      vertex 20.9126 53 16
      vertex 22.7286 49.9874 16
      vertex 22.7254 50.2819 16
    endloop
  endfacet
  facet normal 0 0 1
    outer loop
      vertex 20.9126 53 16
      vertex 22.7254 50.2819 16
      vertex 22.7029 50.5755 16
    endloop
  endfacet
  facet normal 0 0 1
    outer loop
      vertex 22.7286 49.9874 16
      vertex 20.9126 53 16
      vertex 22.7125 49.6934 16
    endloop
  endfacet
  facet normal 0 0 1
    outer loop
      vertex 20.9126 53 16
      vertex 22.7029 50.5755 16
      vertex 22.6613 50.867 16
    endloop
  endfacet
  facet normal 0 0 1
    outer loop
      vertex 22.7125 49.6934 16
      vertex 20.9126 53 16
      vertex 22.6773 49.4011 16
    endloop
  endfacet
  facet normal 0 0 1
    outer loop
      vertex 20.9126 53 16
      vertex 22.6613 50.867 16
      vertex 22.6007 51.1552 16
    endloop
  endfacet
  facet normal 0 0 1
    outer loop
      vertex 22.6773 49.4011 16
      vertex 20.9126 53 16
      vertex 22.623 49.1116 16
    endloop
  endfacet
  facet normal 0 0 1
    outer loop
      vertex 20.9126 53 16
      vertex 22.6007 51.1552 16
      vertex 22.5214 51.4388 16
    endloop
  endfacet
  facet normal 0 0 1
    outer loop
      vertex 22.623 49.1116 16
      vertex 20.9126 53 16
      vertex 22.5499 48.8264 16
    endloop
  endfacet
  facet normal 0 0 1
    outer loop
      vertex 20.9126 53 16
      vertex 22.5214 51.4388 16
      vertex 22.4237 51.7166 16
    endloop
  endfacet
  facet normal 0 0 1
    outer loop
      vertex 22.5499 48.8264 16
      vertex 20.9126 53 16
      vertex 22.4583 48.5465 16
    endloop
  endfacet
  facet normal 0 0 1
    outer loop
      vertex 20.9126 53 16
      vertex 22.4237 51.7166 16
      vertex 22.3081 51.9874 16
    endloop
  endfacet
  facet normal 0 0 1
    outer loop
      vertex 22.4583 48.5465 16
      vertex 20.9126 53 16
      vertex 22.3486 48.2733 16
    endloop
  endfacet
  facet normal 0 0 1
    outer loop
      vertex 20.9126 53 16
      vertex 22.3081 51.9874 16
      vertex 22.1749 52.2501 16
    endloop
  endfacet
  facet normal 0 0 1
    outer loop
      vertex 22.3486 48.2733 16
      vertex 20.9126 53 16
      vertex 22.2212 48.0077 16
    endloop
  endfacet
  facet normal 0 0 1
    outer loop
      vertex 21.813 52.6611 16
      vertex 22.1749 52.2501 16
      vertex 22.0249 52.5035 16
    endloop
  endfacet
  facet normal 0 0 1
    outer loop
      vertex 21.813 52.6611 16
      vertex 22.0249 52.5035 16
      vertex 21.9638 52.5928 16
    endloop
  endfacet
  facet normal 0 0 1
    outer loop
      vertex 22.1749 52.2501 16
      vertex 21.813 52.6611 16
      vertex 20.9126 53 16
    endloop
  endfacet
  facet normal 0 0 1
    outer loop
      vertex 22.2212 48.0077 16
      vertex 20.9126 53 16
      vertex 22.0768 47.7511 16
    endloop
  endfacet
  facet normal 0 0 1
    outer loop
      vertex 22.0768 47.7511 16
      vertex 20.9126 53 16
      vertex 21.9159 47.5045 16
    endloop
  endfacet
  facet normal 0 0 1
    outer loop
      vertex 21.9159 47.5045 16
      vertex 20.9126 53 16
      vertex 21.7392 47.269 16
    endloop
  endfacet
  facet normal 0 0 1
    outer loop
      vertex 21.7392 47.269 16
      vertex 20.9126 53 16
      vertex 21.5474 47.0455 16
    endloop
  endfacet
  facet normal 0 0 1
    outer loop
      vertex 21.5474 47.0455 16
      vertex 20.9126 53 16
      vertex 21.3415 46.835 16
    endloop
  endfacet
  facet normal 0 0 1
    outer loop
      vertex 21.3415 46.835 16
      vertex 20.9126 53 16
      vertex 21.1222 46.6384 16
    endloop
  endfacet
  facet normal 0 0 1
    outer loop
      vertex 20.9126 53 16
      vertex 20.8906 46.4566 16
      vertex 21.1222 46.6384 16
    endloop
  endfacet
  facet normal 0 0 1
    outer loop
      vertex 20.9126 53 16
      vertex 20.6475 46.2904 16
      vertex 20.8906 46.4566 16
    endloop
  endfacet
  facet normal 0 0 1
    outer loop
      vertex 20.9126 53 16
      vertex 20.3941 46.1403 16
      vertex 20.6475 46.2904 16
    endloop
  endfacet
  facet normal 0 0 1
    outer loop
      vertex 20.9126 53 16
      vertex 20.1315 46.0072 16
      vertex 20.3941 46.1403 16
    endloop
  endfacet
  facet normal 0 0 1
    outer loop
      vertex 20.9126 53 16
      vertex 19.8606 45.8916 16
      vertex 20.1315 46.0072 16
    endloop
  endfacet
  facet normal 0 0 1
    outer loop
      vertex 20.9126 53 16
      vertex 19.5828 45.7939 16
      vertex 19.8606 45.8916 16
    endloop
  endfacet
  facet normal 0 0 1
    outer loop
      vertex 20.9126 53 16
      vertex 19.2993 45.7146 16
      vertex 19.5828 45.7939 16
    endloop
  endfacet
  facet normal 0 0 1
    outer loop
      vertex 20.9126 53 16
      vertex 19.0111 45.654 16
      vertex 19.2993 45.7146 16
    endloop
  endfacet
  facet normal 0 0 1
    outer loop
      vertex 20.9126 53 16
      vertex 18.7196 45.6124 16
      vertex 19.0111 45.654 16
    endloop
  endfacet
  facet normal 0 0 1
    outer loop
      vertex 20.9126 53 16
      vertex 18.426 45.5899 16
      vertex 18.7196 45.6124 16
    endloop
  endfacet
  facet normal 0 0 1
    outer loop
      vertex 20.9126 53 16
      vertex 18.1315 45.5867 16
      vertex 18.426 45.5899 16
    endloop
  endfacet
  facet normal 0 0 1
    outer loop
      vertex 20.9126 53 16
      vertex 17.8375 45.6027 16
      vertex 18.1315 45.5867 16
    endloop
  endfacet
  facet normal 0 0 1
    outer loop
      vertex 20.9126 53 16
      vertex 17.5451 45.638 16
      vertex 17.8375 45.6027 16
    endloop
  endfacet
  facet normal 0 0 1
    outer loop
      vertex 20.9126 53 16
      vertex 17.2557 45.6923 16
      vertex 17.5451 45.638 16
    endloop
  endfacet
  facet normal 0 0 1
    outer loop
      vertex 20.9126 53 16
      vertex 16.9704 45.7654 16
      vertex 17.2557 45.6923 16
    endloop
  endfacet
  facet normal 0 0 1
    outer loop
      vertex 20.9126 53 16
      vertex 16.6906 45.857 16
      vertex 16.9704 45.7654 16
    endloop
  endfacet
  facet normal 0 0 1
    outer loop
      vertex 20.9126 53 16
      vertex 16.4173 45.9667 16
      vertex 16.6906 45.857 16
    endloop
  endfacet
  facet normal 0 0 1
    outer loop
      vertex 20.9126 53 16
      vertex 16.1518 46.0941 16
      vertex 16.4173 45.9667 16
    endloop
  endfacet
  facet normal 0 0 1
    outer loop
      vertex 20.9126 53 16
      vertex 15.8952 46.2385 16
      vertex 16.1518 46.0941 16
    endloop
  endfacet
  facet normal 0 0 1
    outer loop
      vertex 20.9126 53 16
      vertex 15.6486 46.3994 16
      vertex 15.8952 46.2385 16
    endloop
  endfacet
  facet normal 0 0 1
    outer loop
      vertex 20.9126 53 16
      vertex 15.413 46.5761 16
      vertex 15.6486 46.3994 16
    endloop
  endfacet
  facet normal 0 0 1
    outer loop
      vertex 20.9126 53 16
      vertex 15.1895 46.7679 16
      vertex 15.413 46.5761 16
    endloop
  endfacet
  facet normal 0 0 1
    outer loop
      vertex 20.9126 53 16
      vertex 14.979 46.9738 16
      vertex 15.1895 46.7679 16
    endloop
  endfacet
  facet normal 0 0 1
    outer loop
      vertex 14.5435 52.6667 16
      vertex 20.9126 53 16
      vertex 14.804 53 16
    endloop
  endfacet
  facet normal 0 0 1
    outer loop
      vertex 20.9126 53 16
      vertex 14.7825 47.1931 16
      vertex 14.979 46.9738 16
    endloop
  endfacet
  facet normal 0 0 1
    outer loop
      vertex 14.5435 52.6667 16
      vertex 14.804 53 16
      vertex 14.7202 52.9023 16
    endloop
  endfacet
  facet normal 0 0 1
    outer loop
      vertex 20.9126 53 16
      vertex 14.6007 47.4247 16
      vertex 14.7825 47.1931 16
    endloop
  endfacet
  facet normal 0 0 1
    outer loop
      vertex 14.3826 52.4201 16
      vertex 20.9126 53 16
      vertex 14.5435 52.6667 16
    endloop
  endfacet
  facet normal 0 0 1
    outer loop
      vertex 20.9126 53 16
      vertex 14.4344 47.6678 16
      vertex 14.6007 47.4247 16
    endloop
  endfacet
  facet normal 0 0 1
    outer loop
      vertex 14.2381 52.1635 16
      vertex 20.9126 53 16
      vertex 14.3826 52.4201 16
    endloop
  endfacet
  facet normal 0 0 1
    outer loop
      vertex 20.9126 53 16
      vertex 14.2844 47.9212 16
      vertex 14.4344 47.6678 16
    endloop
  endfacet
  facet normal 0 0 1
    outer loop
      vertex 14.1108 51.898 16
      vertex 20.9126 53 16
      vertex 14.2381 52.1635 16
    endloop
  endfacet
  facet normal 0 0 1
    outer loop
      vertex 20.9126 53 16
      vertex 14.1513 48.1838 16
      vertex 14.2844 47.9212 16
    endloop
  endfacet
  facet normal 0 0 1
    outer loop
      vertex 14.0011 51.6247 16
      vertex 20.9126 53 16
      vertex 14.1108 51.898 16
    endloop
  endfacet
  facet normal 0 0 1
    outer loop
      vertex 20.9126 53 16
      vertex 14.0356 48.4546 16
      vertex 14.1513 48.1838 16
    endloop
  endfacet
  facet normal 0 0 1
    outer loop
      vertex 13.9094 51.3448 16
      vertex 20.9126 53 16
      vertex 14.0011 51.6247 16
    endloop
  endfacet
  facet normal 0 0 1
    outer loop
      vertex 20.9126 53 16
      vertex 13.9379 48.7324 16
      vertex 14.0356 48.4546 16
    endloop
  endfacet
  facet normal 0 0 1
    outer loop
      vertex 13.8363 51.0596 16
      vertex 20.9126 53 16
      vertex 13.9094 51.3448 16
    endloop
  endfacet
  facet normal 0 0 1
    outer loop
      vertex 20.9126 53 16
      vertex 13.8586 49.016 16
      vertex 13.9379 48.7324 16
    endloop
  endfacet
  facet normal 0 0 1
    outer loop
      vertex 13.782 50.7702 16
      vertex 20.9126 53 16
      vertex 13.8363 51.0596 16
    endloop
  endfacet
  facet normal 0 0 1
    outer loop
      vertex 20.9126 53 16
      vertex 13.798 49.3042 16
      vertex 13.8586 49.016 16
    endloop
  endfacet
  facet normal 0 0 1
    outer loop
      vertex 13.7468 50.4778 16
      vertex 20.9126 53 16
      vertex 13.782 50.7702 16
    endloop
  endfacet
  facet normal 0 0 1
    outer loop
      vertex 20.9126 53 16
      vertex 13.7564 49.5957 16
      vertex 13.798 49.3042 16
    endloop
  endfacet
  facet normal 0 0 1
    outer loop
      vertex 20.9126 53 16
      vertex 13.7468 50.4778 16
      vertex 13.7564 49.5957 16
    endloop
  endfacet
  facet normal 0 0 1
    outer loop
      vertex 13.7468 50.4778 16
      vertex 13.734 49.8893 16
      vertex 13.7564 49.5957 16
    endloop
  endfacet
  facet normal 0 -0 1
    outer loop
      vertex 13.734 49.8893 16
      vertex 13.7468 50.4778 16
      vertex 13.7307 50.1838 16
    endloop
  endfacet
  facet normal 0.617461 -0.786601 0
    outer loop
      vertex 20.8906 46.4566 0
      vertex 21.1222 46.6384 16
      vertex 20.8906 46.4566 16
    endloop
  endfacet
  facet normal 0.617461 -0.786601 0
    outer loop
      vertex 21.1222 46.6384 16
      vertex 20.8906 46.4566 0
      vertex 21.1222 46.6384 0
    endloop
  endfacet
  facet normal 0.141279 -0.98997 0
    outer loop
      vertex 18.7196 45.6124 0
      vertex 19.0111 45.654 16
      vertex 18.7196 45.6124 16
    endloop
  endfacet
  facet normal 0.141279 -0.98997 0
    outer loop
      vertex 19.0111 45.654 16
      vertex 18.7196 45.6124 0
      vertex 19.0111 45.654 0
    endloop
  endfacet
  facet normal 0.451961 -0.892038 0
    outer loop
      vertex -50.5885 -13.3338 0
      vertex -50.3258 -13.2007 16
      vertex -50.5885 -13.3338 16
    endloop
  endfacet
  facet normal 0.451961 -0.892038 0
    outer loop
      vertex -50.3258 -13.2007 16
      vertex -50.5885 -13.3338 0
      vertex -50.3258 -13.2007 0
    endloop
  endfacet
  facet normal -0.392751 0.919645 0
    outer loop
      vertex -54.1212 -5.06141 0
      vertex -54.392 -5.17706 16
      vertex -54.1212 -5.06141 16
    endloop
  endfacet
  facet normal -0.392751 0.919645 0
    outer loop
      vertex -54.392 -5.17706 16
      vertex -54.1212 -5.06141 0
      vertex -54.392 -5.17706 0
    endloop
  endfacet
  facet normal -0.248204 -0.968708 0
    outer loop
      vertex -53.7495 -13.5757 0
      vertex -53.4642 -13.6488 16
      vertex -53.7495 -13.5757 16
    endloop
  endfacet
  facet normal -0.248204 -0.968708 -0
    outer loop
      vertex -53.4642 -13.6488 16
      vertex -53.7495 -13.5757 0
      vertex -53.4642 -13.6488 0
    endloop
  endfacet
  facet normal 0.860534 0.509393 0
    outer loop
      vertex -48.545 -7.091 16
      vertex -48.695 -6.8376 0
      vertex -48.695 -6.8376 16
    endloop
  endfacet
  facet normal 0.860534 0.509393 0
    outer loop
      vertex -48.695 -6.8376 0
      vertex -48.545 -7.091 16
      vertex -48.545 -7.091 0
    endloop
  endfacet
  facet normal 0.978596 0.205791 0
    outer loop
      vertex -48.0586 -8.47403 16
      vertex -48.1192 -8.18586 0
      vertex -48.1192 -8.18586 16
    endloop
  endfacet
  facet normal 0.978596 0.205791 0
    outer loop
      vertex -48.1192 -8.18586 0
      vertex -48.0586 -8.47403 16
      vertex -48.0586 -8.47403 0
    endloop
  endfacet
  facet normal 0.825303 0.56469 0
    outer loop
      vertex -48.695 -6.8376 16
      vertex -48.8613 -6.59455 0
      vertex -48.8613 -6.59455 16
    endloop
  endfacet
  facet normal 0.825303 0.56469 0
    outer loop
      vertex -48.8613 -6.59455 0
      vertex -48.695 -6.8376 16
      vertex -48.695 -6.8376 0
    endloop
  endfacet
  facet normal 0.0764108 -0.997076 0
    outer loop
      vertex -52.294 -13.7512 0
      vertex -52.0004 -13.7287 16
      vertex -52.294 -13.7512 16
    endloop
  endfacet
  facet normal 0.0764108 -0.997076 0
    outer loop
      vertex -52.0004 -13.7287 16
      vertex -52.294 -13.7512 0
      vertex -52.0004 -13.7287 0
    endloop
  endfacet
  facet normal 0.837496 -0.546444 0
    outer loop
      vertex -48.8041 -11.8365 16
      vertex -48.6432 -11.5899 0
      vertex -48.6432 -11.5899 16
    endloop
  endfacet
  facet normal 0.837496 -0.546444 0
    outer loop
      vertex -48.6432 -11.5899 0
      vertex -48.8041 -11.8365 16
      vertex -48.8041 -11.8365 0
    endloop
  endfacet
  facet normal -0.799951 0.600065 0
    outer loop
      vertex -56.1764 -6.67435 0
      vertex -55.9997 -6.43879 16
      vertex -55.9997 -6.43879 0
    endloop
  endfacet
  facet normal -0.799951 0.600065 0
    outer loop
      vertex -55.9997 -6.43879 16
      vertex -56.1764 -6.67435 0
      vertex -56.1764 -6.67435 16
    endloop
  endfacet
  facet normal 0.509393 -0.860534 0
    outer loop
      vertex -50.3258 -13.2007 0
      vertex -50.0724 -13.0507 16
      vertex -50.3258 -13.2007 16
    endloop
  endfacet
  facet normal 0.509393 -0.860534 0
    outer loop
      vertex -50.0724 -13.0507 16
      vertex -50.3258 -13.2007 0
      vertex -50.0724 -13.0507 0
    endloop
  endfacet
  facet normal 0.248236 0.9687 -0
    outer loop
      vertex -51.231 -4.93522 0
      vertex -51.5163 -4.86211 16
      vertex -51.231 -4.93522 16
    endloop
  endfacet
  facet normal 0.248236 0.9687 0
    outer loop
      vertex -51.5163 -4.86211 16
      vertex -51.231 -4.93522 0
      vertex -51.5163 -4.86211 0
    endloop
  endfacet
  facet normal 0.892017 0.452002 0
    outer loop
      vertex -48.4119 -7.35367 16
      vertex -48.545 -7.091 0
      vertex -48.545 -7.091 16
    endloop
  endfacet
  facet normal 0.892017 0.452002 0
    outer loop
      vertex -48.545 -7.091 0
      vertex -48.4119 -7.35367 16
      vertex -48.4119 -7.35367 0
    endloop
  endfacet
  facet normal 0.786666 0.617379 0
    outer loop
      vertex -48.8613 -6.59455 16
      vertex -49.0431 -6.3629 0
      vertex -49.0431 -6.3629 16
    endloop
  endfacet
  facet normal 0.786666 0.617379 0
    outer loop
      vertex -49.0431 -6.3629 0
      vertex -48.8613 -6.59455 16
      vertex -48.8613 -6.59455 0
    endloop
  endfacet
  facet normal -0.311128 -0.950368 0
    outer loop
      vertex -54.0293 -13.4841 0
      vertex -53.7495 -13.5757 16
      vertex -54.0293 -13.4841 16
    endloop
  endfacet
  facet normal -0.311128 -0.950368 -0
    outer loop
      vertex -53.7495 -13.5757 16
      vertex -54.0293 -13.4841 0
      vertex -53.7495 -13.5757 0
    endloop
  endfacet
  facet normal 0.331772 -0.94336 0
    outer loop
      vertex -51.1371 -13.5472 0
      vertex -50.8593 -13.4495 16
      vertex -51.1371 -13.5472 16
    endloop
  endfacet
  facet normal 0.331772 -0.94336 0
    outer loop
      vertex -50.8593 -13.4495 16
      vertex -51.1371 -13.5472 0
      vertex -50.8593 -13.4495 0
    endloop
  endfacet
  facet normal -0.141345 0.98996 0
    outer loop
      vertex -52.9802 -4.78219 0
      vertex -53.2717 -4.82381 16
      vertex -52.9802 -4.78219 16
    endloop
  endfacet
  facet normal -0.141345 0.98996 0
    outer loop
      vertex -53.2717 -4.82381 16
      vertex -52.9802 -4.78219 0
      vertex -53.2717 -4.82381 0
    endloop
  endfacet
  facet normal -0.651043 -0.759041 0
    outer loop
      vertex -55.5304 -12.5732 0
      vertex -55.3069 -12.7649 16
      vertex -55.5304 -12.5732 16
    endloop
  endfacet
  facet normal -0.651043 -0.759041 -0
    outer loop
      vertex -55.3069 -12.7649 16
      vertex -55.5304 -12.5732 0
      vertex -55.3069 -12.7649 0
    endloop
  endfacet
  facet normal 0.667331 -0.744761 0
    outer loop
      vertex -49.5977 -12.7026 0
      vertex -49.3784 -12.5061 16
      vertex -49.5977 -12.7026 16
    endloop
  endfacet
  facet normal 0.667331 -0.744761 0
    outer loop
      vertex -49.3784 -12.5061 16
      vertex -49.5977 -12.7026 0
      vertex -49.3784 -12.5061 0
    endloop
  endfacet
  facet normal 0.714875 -0.699253 0
    outer loop
      vertex -49.3784 -12.5061 16
      vertex -49.1725 -12.2956 0
      vertex -49.1725 -12.2956 16
    endloop
  endfacet
  facet normal 0.714875 -0.699253 0
    outer loop
      vertex -49.1725 -12.2956 0
      vertex -49.3784 -12.5061 16
      vertex -49.3784 -12.5061 0
    endloop
  endfacet
  facet normal -0.546682 -0.83734 0
    outer loop
      vertex -55.0713 -12.9416 0
      vertex -54.8247 -13.1026 16
      vertex -55.0713 -12.9416 16
    endloop
  endfacet
  facet normal -0.546682 -0.83734 -0
    outer loop
      vertex -54.8247 -13.1026 16
      vertex -55.0713 -12.9416 0
      vertex -54.8247 -13.1026 0
    endloop
  endfacet
  facet normal 0.927914 -0.372795 0
    outer loop
      vertex -48.3714 -11.0678 16
      vertex -48.2616 -10.7945 0
      vertex -48.2616 -10.7945 16
    endloop
  endfacet
  facet normal 0.927914 -0.372795 0
    outer loop
      vertex -48.2616 -10.7945 0
      vertex -48.3714 -11.0678 16
      vertex -48.3714 -11.0678 0
    endloop
  endfacet
  facet normal 0.141231 -0.989977 0
    outer loop
      vertex -52.0004 -13.7287 0
      vertex -51.7088 -13.6871 16
      vertex -52.0004 -13.7287 16
    endloop
  endfacet
  facet normal 0.141231 -0.989977 0
    outer loop
      vertex -51.7088 -13.6871 16
      vertex -52.0004 -13.7287 0
      vertex -51.7088 -13.6871 0
    endloop
  endfacet
  facet normal -0.509418 0.860519 0
    outer loop
      vertex -54.6547 -5.31018 0
      vertex -54.9081 -5.46019 16
      vertex -54.6547 -5.31018 16
    endloop
  endfacet
  facet normal -0.509418 0.860519 0
    outer loop
      vertex -54.9081 -5.46019 16
      vertex -54.6547 -5.31018 0
      vertex -54.9081 -5.46019 0
    endloop
  endfacet
  facet normal -0.432345 -0.901708 0
    outer loop
      vertex -54.5681 -13.247 0
      vertex -54.3026 -13.3743 16
      vertex -54.5681 -13.247 16
    endloop
  endfacet
  facet normal -0.432345 -0.901708 -0
    outer loop
      vertex -54.3026 -13.3743 16
      vertex -54.5681 -13.247 0
      vertex -54.3026 -13.3743 0
    endloop
  endfacet
  facet normal 0.372561 0.928008 -0
    outer loop
      vertex -50.6779 -5.13655 0
      vertex -50.9512 -5.02683 16
      vertex -50.6779 -5.13655 16
    endloop
  endfacet
  facet normal 0.372561 0.928008 0
    outer loop
      vertex -50.9512 -5.02683 16
      vertex -50.6779 -5.13655 0
      vertex -50.9512 -5.02683 0
    endloop
  endfacet
  facet normal 0 0 1
    outer loop
      vertex -47.9945 -9.05916 16
      vertex -48.0074 -9.64765 16
      vertex -47.9913 -9.35361 16
    endloop
  endfacet
  facet normal 0 0 1
    outer loop
      vertex -48.017 -8.76555 16
      vertex -48.0074 -9.64765 16
      vertex -47.9945 -9.05916 16
    endloop
  endfacet
  facet normal 0 0 1
    outer loop
      vertex -55.9048 -11.1201 16
      vertex -48.0074 -9.64765 16
      vertex -48.017 -8.76555 16
    endloop
  endfacet
  facet normal 0 0 1
    outer loop
      vertex -55.9048 -11.1201 16
      vertex -48.017 -8.76555 16
      vertex -48.0586 -8.47403 16
    endloop
  endfacet
  facet normal 0 0 1
    outer loop
      vertex -48.0074 -9.64765 16
      vertex -55.9048 -11.1201 16
      vertex -48.0426 -9.94 16
    endloop
  endfacet
  facet normal 0 0 1
    outer loop
      vertex -55.9048 -11.1201 16
      vertex -48.0586 -8.47403 16
      vertex -48.1192 -8.18586 16
    endloop
  endfacet
  facet normal 0 0 1
    outer loop
      vertex -48.0426 -9.94 16
      vertex -55.9048 -11.1201 16
      vertex -48.0969 -10.2294 16
    endloop
  endfacet
  facet normal 0 0 1
    outer loop
      vertex -55.9048 -11.1201 16
      vertex -48.1192 -8.18586 16
      vertex -48.1985 -7.90227 16
    endloop
  endfacet
  facet normal 0 0 1
    outer loop
      vertex -48.0969 -10.2294 16
      vertex -55.9048 -11.1201 16
      vertex -48.17 -10.5147 16
    endloop
  endfacet
  facet normal 0 0 1
    outer loop
      vertex -55.9048 -11.1201 16
      vertex -48.1985 -7.90227 16
      vertex -48.2962 -7.62448 16
    endloop
  endfacet
  facet normal 0 0 1
    outer loop
      vertex -48.17 -10.5147 16
      vertex -55.9048 -11.1201 16
      vertex -48.2616 -10.7945 16
    endloop
  endfacet
  facet normal 0 0 1
    outer loop
      vertex -55.9048 -11.1201 16
      vertex -48.2962 -7.62448 16
      vertex -48.4119 -7.35367 16
    endloop
  endfacet
  facet normal 0 0 1
    outer loop
      vertex -48.2616 -10.7945 16
      vertex -55.9048 -11.1201 16
      vertex -48.3714 -11.0678 16
    endloop
  endfacet
  facet normal 0 0 1
    outer loop
      vertex -55.9048 -11.1201 16
      vertex -48.4119 -7.35367 16
      vertex -48.545 -7.091 16
    endloop
  endfacet
  facet normal 0 0 1
    outer loop
      vertex -48.3714 -11.0678 16
      vertex -55.9048 -11.1201 16
      vertex -48.4987 -11.3333 16
    endloop
  endfacet
  facet normal 0 0 1
    outer loop
      vertex -55.9048 -11.1201 16
      vertex -48.545 -7.091 16
      vertex -48.695 -6.8376 16
    endloop
  endfacet
  facet normal 0 0 1
    outer loop
      vertex -48.4987 -11.3333 16
      vertex -55.9048 -11.1201 16
      vertex -48.6432 -11.5899 16
    endloop
  endfacet
  facet normal 0 0 1
    outer loop
      vertex -55.9048 -11.1201 16
      vertex -48.695 -6.8376 16
      vertex -48.8613 -6.59455 16
    endloop
  endfacet
  facet normal 0 0 1
    outer loop
      vertex -48.6432 -11.5899 16
      vertex -55.9048 -11.1201 16
      vertex -48.8041 -11.8365 16
    endloop
  endfacet
  facet normal 0 0 1
    outer loop
      vertex -55.9048 -11.1201 16
      vertex -48.8613 -6.59455 16
      vertex -49.0431 -6.3629 16
    endloop
  endfacet
  facet normal 0 0 1
    outer loop
      vertex -48.8041 -11.8365 16
      vertex -55.9048 -11.1201 16
      vertex -48.9808 -12.0721 16
    endloop
  endfacet
  facet normal 0 0 1
    outer loop
      vertex -55.9048 -11.1201 16
      vertex -49.0431 -6.3629 16
      vertex -49.2396 -6.14364 16
    endloop
  endfacet
  facet normal 0 0 1
    outer loop
      vertex -48.9808 -12.0721 16
      vertex -55.9048 -11.1201 16
      vertex -49.1725 -12.2956 16
    endloop
  endfacet
  facet normal 0 0 1
    outer loop
      vertex -55.9048 -11.1201 16
      vertex -49.2396 -6.14364 16
      vertex -49.4501 -5.9377 16
    endloop
  endfacet
  facet normal 0 0 1
    outer loop
      vertex -49.1725 -12.2956 16
      vertex -55.9048 -11.1201 16
      vertex -49.3784 -12.5061 16
    endloop
  endfacet
  facet normal 0 0 1
    outer loop
      vertex -55.9048 -11.1201 16
      vertex -49.4501 -5.9377 16
      vertex -49.6736 -5.74597 16
    endloop
  endfacet
  facet normal 0 0 1
    outer loop
      vertex -49.3784 -12.5061 16
      vertex -55.9048 -11.1201 16
      vertex -49.5977 -12.7026 16
    endloop
  endfacet
  facet normal 0 0 1
    outer loop
      vertex -55.9048 -11.1201 16
      vertex -49.6736 -5.74597 16
      vertex -49.9092 -5.56926 16
    endloop
  endfacet
  facet normal 0 0 1
    outer loop
      vertex -49.5977 -12.7026 16
      vertex -55.9048 -11.1201 16
      vertex -49.8294 -12.8844 16
    endloop
  endfacet
  facet normal 0 0 1
    outer loop
      vertex -55.9048 -11.1201 16
      vertex -49.9092 -5.56926 16
      vertex -50.1558 -5.40834 16
    endloop
  endfacet
  facet normal 0 0 1
    outer loop
      vertex -49.8294 -12.8844 16
      vertex -55.9048 -11.1201 16
      vertex -50.0724 -13.0507 16
    endloop
  endfacet
  facet normal 0 0 1
    outer loop
      vertex -55.9048 -11.1201 16
      vertex -50.1558 -5.40834 16
      vertex -50.4124 -5.2639 16
    endloop
  endfacet
  facet normal 0 0 1
    outer loop
      vertex -50.0724 -13.0507 16
      vertex -55.9048 -11.1201 16
      vertex -50.3258 -13.2007 16
    endloop
  endfacet
  facet normal 0 0 1
    outer loop
      vertex -55.9048 -11.1201 16
      vertex -50.4124 -5.2639 16
      vertex -50.6779 -5.13655 16
    endloop
  endfacet
  facet normal 0 0 1
    outer loop
      vertex -50.3258 -13.2007 16
      vertex -55.9048 -11.1201 16
      vertex -50.5885 -13.3338 16
    endloop
  endfacet
  facet normal 0 0 1
    outer loop
      vertex -55.9048 -11.1201 16
      vertex -50.6779 -5.13655 16
      vertex -50.9512 -5.02683 16
    endloop
  endfacet
  facet normal 0 0 1
    outer loop
      vertex -50.5885 -13.3338 16
      vertex -55.9048 -11.1201 16
      vertex -50.8593 -13.4495 16
    endloop
  endfacet
  facet normal 0 0 1
    outer loop
      vertex -55.9048 -11.1201 16
      vertex -50.9512 -5.02683 16
      vertex -51.231 -4.93522 16
    endloop
  endfacet
  facet normal 0 0 1
    outer loop
      vertex -50.8593 -13.4495 16
      vertex -55.9048 -11.1201 16
      vertex -51.1371 -13.5472 16
    endloop
  endfacet
  facet normal 0 0 1
    outer loop
      vertex -55.9048 -11.1201 16
      vertex -51.231 -4.93522 16
      vertex -51.5163 -4.86211 16
    endloop
  endfacet
  facet normal 0 0 1
    outer loop
      vertex -51.1371 -13.5472 16
      vertex -55.9048 -11.1201 16
      vertex -51.4207 -13.6265 16
    endloop
  endfacet
  facet normal 0 0 1
    outer loop
      vertex -55.9048 -11.1201 16
      vertex -51.5163 -4.86211 16
      vertex -51.8057 -4.80782 16
    endloop
  endfacet
  facet normal 0 0 1
    outer loop
      vertex -51.4207 -13.6265 16
      vertex -55.9048 -11.1201 16
      vertex -51.7088 -13.6871 16
    endloop
  endfacet
  facet normal 0 0 1
    outer loop
      vertex -55.9048 -11.1201 16
      vertex -51.8057 -4.80782 16
      vertex -52.0981 -4.77257 16
    endloop
  endfacet
  facet normal 0 0 1
    outer loop
      vertex -51.7088 -13.6871 16
      vertex -55.9048 -11.1201 16
      vertex -52.0004 -13.7287 16
    endloop
  endfacet
  facet normal 0 0 1
    outer loop
      vertex -55.9048 -11.1201 16
      vertex -52.0981 -4.77257 16
      vertex -52.3921 -4.75652 16
    endloop
  endfacet
  facet normal 0 0 1
    outer loop
      vertex -52.0004 -13.7287 16
      vertex -55.9048 -11.1201 16
      vertex -52.294 -13.7512 16
    endloop
  endfacet
  facet normal 0 0 1
    outer loop
      vertex -55.9048 -11.1201 16
      vertex -52.3921 -4.75652 16
      vertex -52.6865 -4.75973 16
    endloop
  endfacet
  facet normal 0 0 1
    outer loop
      vertex -52.294 -13.7512 16
      vertex -55.9048 -11.1201 16
      vertex -52.5884 -13.7544 16
    endloop
  endfacet
  facet normal 0 0 1
    outer loop
      vertex -55.9048 -11.1201 16
      vertex -52.6865 -4.75973 16
      vertex -52.9802 -4.78219 16
    endloop
  endfacet
  facet normal 0 0 1
    outer loop
      vertex -52.5884 -13.7544 16
      vertex -55.9048 -11.1201 16
      vertex -52.8825 -13.7383 16
    endloop
  endfacet
  facet normal 0 0 1
    outer loop
      vertex -55.9048 -11.1201 16
      vertex -52.9802 -4.78219 16
      vertex -53.2717 -4.82381 16
    endloop
  endfacet
  facet normal 0 0 1
    outer loop
      vertex -52.8825 -13.7383 16
      vertex -55.9048 -11.1201 16
      vertex -53.1748 -13.7031 16
    endloop
  endfacet
  facet normal 0 0 1
    outer loop
      vertex -55.9048 -11.1201 16
      vertex -53.2717 -4.82381 16
      vertex -53.5598 -4.88441 16
    endloop
  endfacet
  facet normal 0 0 1
    outer loop
      vertex -53.1748 -13.7031 16
      vertex -55.9048 -11.1201 16
      vertex -53.4642 -13.6488 16
    endloop
  endfacet
  facet normal 0 0 1
    outer loop
      vertex -55.9048 -11.1201 16
      vertex -53.5598 -4.88441 16
      vertex -53.8434 -4.96372 16
    endloop
  endfacet
  facet normal 0 0 1
    outer loop
      vertex -53.4642 -13.6488 16
      vertex -55.9048 -11.1201 16
      vertex -53.7495 -13.5757 16
    endloop
  endfacet
  facet normal 0 0 1
    outer loop
      vertex -55.9048 -11.1201 16
      vertex -53.8434 -4.96372 16
      vertex -54.1212 -5.06141 16
    endloop
  endfacet
  facet normal 0 0 1
    outer loop
      vertex -53.7495 -13.5757 16
      vertex -55.9048 -11.1201 16
      vertex -54.0293 -13.4841 16
    endloop
  endfacet
  facet normal 0 0 1
    outer loop
      vertex -55.9048 -11.1201 16
      vertex -54.1212 -5.06141 16
      vertex -54.392 -5.17706 16
    endloop
  endfacet
  facet normal 0 0 1
    outer loop
      vertex -54.0293 -13.4841 16
      vertex -55.9048 -11.1201 16
      vertex -54.3026 -13.3743 16
    endloop
  endfacet
  facet normal 0 0 1
    outer loop
      vertex -55.9048 -11.1201 16
      vertex -54.392 -5.17706 16
      vertex -54.6547 -5.31018 16
    endloop
  endfacet
  facet normal 0 0 1
    outer loop
      vertex -54.3026 -13.3743 16
      vertex -55.9048 -11.1201 16
      vertex -54.5681 -13.247 16
    endloop
  endfacet
  facet normal 0 0 1
    outer loop
      vertex -55.9048 -11.1201 16
      vertex -54.6547 -5.31018 16
      vertex -54.9081 -5.46019 16
    endloop
  endfacet
  facet normal 0 0 1
    outer loop
      vertex -54.5681 -13.247 16
      vertex -55.9048 -11.1201 16
      vertex -54.8247 -13.1026 16
    endloop
  endfacet
  facet normal 0 0 1
    outer loop
      vertex -55.9048 -11.1201 16
      vertex -54.9081 -5.46019 16
      vertex -55.1511 -5.62645 16
    endloop
  endfacet
  facet normal 0 0 1
    outer loop
      vertex -54.8247 -13.1026 16
      vertex -55.9048 -11.1201 16
      vertex -55.0713 -12.9416 16
    endloop
  endfacet
  facet normal 0 0 1
    outer loop
      vertex -55.9048 -11.1201 16
      vertex -55.1511 -5.62645 16
      vertex -55.3828 -5.80825 16
    endloop
  endfacet
  facet normal 0 0 1
    outer loop
      vertex -55.0713 -12.9416 16
      vertex -55.9048 -11.1201 16
      vertex -55.3069 -12.7649 16
    endloop
  endfacet
  facet normal 0 0 1
    outer loop
      vertex -55.3069 -12.7649 16
      vertex -55.9048 -11.1201 16
      vertex -55.5304 -12.5732 16
    endloop
  endfacet
  facet normal 0 0 1
    outer loop
      vertex -56.5124 -7.43999 16
      vertex -55.3828 -5.80825 16
      vertex -55.6021 -6.00481 16
    endloop
  endfacet
  facet normal 0 0 1
    outer loop
      vertex -56.5124 -7.43999 16
      vertex -55.6021 -6.00481 16
      vertex -55.808 -6.21529 16
    endloop
  endfacet
  facet normal 0 0 1
    outer loop
      vertex -55.5304 -12.5732 16
      vertex -55.9048 -11.1201 16
      vertex -55.5765 -12.5281 16
    endloop
  endfacet
  facet normal 0 0 1
    outer loop
      vertex -56.5124 -7.43999 16
      vertex -55.808 -6.21529 16
      vertex -55.9997 -6.43879 16
    endloop
  endfacet
  facet normal 0 0 1
    outer loop
      vertex -56.5124 -7.43999 16
      vertex -55.9997 -6.43879 16
      vertex -56.1764 -6.67435 16
    endloop
  endfacet
  facet normal 0 0 1
    outer loop
      vertex -56.5124 -7.43999 16
      vertex -56.1764 -6.67435 16
      vertex -56.3374 -6.92097 16
    endloop
  endfacet
  facet normal 0 0 1
    outer loop
      vertex -56.5124 -7.43999 16
      vertex -56.3374 -6.92097 16
      vertex -56.4818 -7.17758 16
    endloop
  endfacet
  facet normal 0 0 1
    outer loop
      vertex -55.3828 -5.80825 16
      vertex -56.5124 -7.43999 16
      vertex -55.9048 -11.1201 16
    endloop
  endfacet
  facet normal 0 -0 1
    outer loop
      vertex -56.5124 -7.43999 16
      vertex -56.4818 -7.17758 16
      vertex -56.5286 -7.27513 16
    endloop
  endfacet
  facet normal -0.372795 -0.927914 0
    outer loop
      vertex -54.3026 -13.3743 0
      vertex -54.0293 -13.4841 16
      vertex -54.3026 -13.3743 16
    endloop
  endfacet
  facet normal -0.372795 -0.927914 -0
    outer loop
      vertex -54.0293 -13.4841 16
      vertex -54.3026 -13.3743 0
      vertex -54.0293 -13.4841 0
    endloop
  endfacet
  facet normal -0.331742 0.94337 0
    outer loop
      vertex -53.8434 -4.96372 0
      vertex -54.1212 -5.06141 16
      vertex -53.8434 -4.96372 16
    endloop
  endfacet
  facet normal -0.331742 0.94337 0
    outer loop
      vertex -54.1212 -5.06141 16
      vertex -53.8434 -4.96372 0
      vertex -54.1212 -5.06141 0
    endloop
  endfacet
  facet normal 0.564769 -0.825249 0
    outer loop
      vertex -50.0724 -13.0507 0
      vertex -49.8294 -12.8844 16
      vertex -50.0724 -13.0507 16
    endloop
  endfacet
  facet normal 0.564769 -0.825249 0
    outer loop
      vertex -49.8294 -12.8844 16
      vertex -50.0724 -13.0507 0
      vertex -49.8294 -12.8844 0
    endloop
  endfacet
  facet normal 0.311159 0.950358 -0
    outer loop
      vertex -50.9512 -5.02683 0
      vertex -51.231 -4.93522 16
      vertex -50.9512 -5.02683 16
    endloop
  endfacet
  facet normal 0.311159 0.950358 0
    outer loop
      vertex -51.231 -4.93522 16
      vertex -50.9512 -5.02683 0
      vertex -51.231 -4.93522 0
    endloop
  endfacet
  facet normal 0.989971 0.141269 0
    outer loop
      vertex -48.017 -8.76555 16
      vertex -48.0586 -8.47403 0
      vertex -48.0586 -8.47403 16
    endloop
  endfacet
  facet normal 0.989971 0.141269 0
    outer loop
      vertex -48.0586 -8.47403 0
      vertex -48.017 -8.76555 16
      vertex -48.017 -8.76555 0
    endloop
  endfacet
  facet normal 0.997077 0.0764082 0
    outer loop
      vertex -47.9945 -9.05916 16
      vertex -48.017 -8.76555 0
      vertex -48.017 -8.76555 16
    endloop
  endfacet
  facet normal 0.997077 0.0764082 0
    outer loop
      vertex -48.017 -8.76555 0
      vertex -47.9945 -9.05916 16
      vertex -47.9945 -9.05916 0
    endloop
  endfacet
  facet normal -0.699311 -0.714817 0
    outer loop
      vertex -55.5765 -12.5281 0
      vertex -55.5304 -12.5732 16
      vertex -55.5765 -12.5281 16
    endloop
  endfacet
  facet normal -0.699311 -0.714817 -0
    outer loop
      vertex -55.5304 -12.5732 16
      vertex -55.5765 -12.5281 0
      vertex -55.5304 -12.5732 0
    endloop
  endfacet
  facet normal -0.490422 -0.871485 0
    outer loop
      vertex -54.8247 -13.1026 0
      vertex -54.5681 -13.247 16
      vertex -54.8247 -13.1026 16
    endloop
  endfacet
  facet normal -0.490422 -0.871485 -0
    outer loop
      vertex -54.5681 -13.247 16
      vertex -54.8247 -13.1026 0
      vertex -54.5681 -13.247 0
    endloop
  endfacet
  facet normal -0.6 -0.8 0
    outer loop
      vertex -55.3069 -12.7649 0
      vertex -55.0713 -12.9416 16
      vertex -55.3069 -12.7649 16
    endloop
  endfacet
  facet normal -0.6 -0.8 -0
    outer loop
      vertex -55.0713 -12.9416 16
      vertex -55.3069 -12.7649 0
      vertex -55.0713 -12.9416 0
    endloop
  endfacet
  facet normal 0.982849 -0.184412 0
    outer loop
      vertex -48.0969 -10.2294 16
      vertex -48.0426 -9.94 0
      vertex -48.0426 -9.94 16
    endloop
  endfacet
  facet normal 0.982849 -0.184412 0
    outer loop
      vertex -48.0426 -9.94 0
      vertex -48.0969 -10.2294 16
      vertex -48.0969 -10.2294 0
    endloop
  endfacet
  facet normal -0.07625 0.997089 0
    outer loop
      vertex -52.6865 -4.75973 0
      vertex -52.9802 -4.78219 16
      vertex -52.6865 -4.75973 16
    endloop
  endfacet
  facet normal -0.07625 0.997089 0
    outer loop
      vertex -52.9802 -4.78219 16
      vertex -52.6865 -4.75973 0
      vertex -52.9802 -4.78219 0
    endloop
  endfacet
  facet normal 0.617297 -0.786731 0
    outer loop
      vertex -49.8294 -12.8844 0
      vertex -49.5977 -12.7026 16
      vertex -49.8294 -12.8844 16
    endloop
  endfacet
  facet normal 0.617297 -0.786731 0
    outer loop
      vertex -49.5977 -12.7026 16
      vertex -49.8294 -12.8844 0
      vertex -49.5977 -12.7026 0
    endloop
  endfacet
  facet normal -0.871493 0.490408 0
    outer loop
      vertex -56.4818 -7.17758 0
      vertex -56.3374 -6.92097 16
      vertex -56.3374 -6.92097 0
    endloop
  endfacet
  facet normal -0.871493 0.490408 0
    outer loop
      vertex -56.3374 -6.92097 16
      vertex -56.4818 -7.17758 0
      vertex -56.4818 -7.17758 16
    endloop
  endfacet
  facet normal 0.205839 -0.978586 0
    outer loop
      vertex -51.7088 -13.6871 0
      vertex -51.4207 -13.6265 16
      vertex -51.7088 -13.6871 16
    endloop
  endfacet
  facet normal 0.205839 -0.978586 0
    outer loop
      vertex -51.4207 -13.6265 16
      vertex -51.7088 -13.6871 0
      vertex -51.4207 -13.6265 0
    endloop
  endfacet
  facet normal 0.651102 0.75899 -0
    outer loop
      vertex -49.4501 -5.9377 0
      vertex -49.6736 -5.74597 16
      vertex -49.4501 -5.9377 16
    endloop
  endfacet
  facet normal 0.651102 0.75899 0
    outer loop
      vertex -49.6736 -5.74597 16
      vertex -49.4501 -5.9377 0
      vertex -49.6736 -5.74597 0
    endloop
  endfacet
  facet normal 0.392894 -0.919584 0
    outer loop
      vertex -50.8593 -13.4495 0
      vertex -50.5885 -13.3338 16
      vertex -50.8593 -13.4495 16
    endloop
  endfacet
  facet normal 0.392894 -0.919584 0
    outer loop
      vertex -50.5885 -13.3338 16
      vertex -50.8593 -13.4495 0
      vertex -50.5885 -13.3338 0
    endloop
  endfacet
  facet normal 0.432483 0.901642 -0
    outer loop
      vertex -50.4124 -5.2639 0
      vertex -50.6779 -5.13655 16
      vertex -50.4124 -5.2639 16
    endloop
  endfacet
  facet normal 0.432483 0.901642 0
    outer loop
      vertex -50.6779 -5.13655 16
      vertex -50.4124 -5.2639 0
      vertex -50.6779 -5.13655 0
    endloop
  endfacet
  facet normal 0.184379 0.982855 -0
    outer loop
      vertex -51.5163 -4.86211 0
      vertex -51.8057 -4.80782 16
      vertex -51.5163 -4.86211 16
    endloop
  endfacet
  facet normal 0.184379 0.982855 0
    outer loop
      vertex -51.8057 -4.80782 16
      vertex -51.5163 -4.86211 0
      vertex -51.8057 -4.80782 0
    endloop
  endfacet
  facet normal 0.0108689 -0.999941 0
    outer loop
      vertex -52.5884 -13.7544 0
      vertex -52.294 -13.7512 16
      vertex -52.5884 -13.7544 16
    endloop
  endfacet
  facet normal 0.0108689 -0.999941 0
    outer loop
      vertex -52.294 -13.7512 16
      vertex -52.5884 -13.7544 0
      vertex -52.294 -13.7512 0
    endloop
  endfacet
  facet normal -0.269321 0.96305 0
    outer loop
      vertex -53.5598 -4.88441 0
      vertex -53.8434 -4.96372 16
      vertex -53.5598 -4.88441 16
    endloop
  endfacet
  facet normal -0.269321 0.96305 0
    outer loop
      vertex -53.8434 -4.96372 16
      vertex -53.5598 -4.88441 0
      vertex -53.8434 -4.96372 0
    endloop
  endfacet
  facet normal 0.963057 0.269299 0
    outer loop
      vertex -48.1192 -8.18586 16
      vertex -48.1985 -7.90227 0
      vertex -48.1985 -7.90227 16
    endloop
  endfacet
  facet normal 0.963057 0.269299 0
    outer loop
      vertex -48.1985 -7.90227 0
      vertex -48.1192 -8.18586 16
      vertex -48.1192 -8.18586 0
    endloop
  endfacet
  facet normal -0.184412 -0.982849 0
    outer loop
      vertex -53.4642 -13.6488 0
      vertex -53.1748 -13.7031 16
      vertex -53.4642 -13.6488 16
    endloop
  endfacet
  facet normal -0.184412 -0.982849 -0
    outer loop
      vertex -53.1748 -13.7031 16
      vertex -53.4642 -13.6488 0
      vertex -53.1748 -13.7031 0
    endloop
  endfacet
  facet normal 0.8 -0.6 0
    outer loop
      vertex -48.9808 -12.0721 16
      vertex -48.8041 -11.8365 0
      vertex -48.8041 -11.8365 16
    endloop
  endfacet
  facet normal 0.8 -0.6 0
    outer loop
      vertex -48.8041 -11.8365 0
      vertex -48.9808 -12.0721 16
      vertex -48.9808 -12.0721 0
    endloop
  endfacet
  facet normal 0.998504 -0.0546726 0
    outer loop
      vertex -48.0074 -9.64765 16
      vertex -47.9913 -9.35361 0
      vertex -47.9913 -9.35361 16
    endloop
  endfacet
  facet normal 0.998504 -0.0546726 0
    outer loop
      vertex -47.9913 -9.35361 0
      vertex -48.0074 -9.64765 16
      vertex -48.0074 -9.64765 0
    endloop
  endfacet
  facet normal -0.11956 -0.992827 0
    outer loop
      vertex -53.1748 -13.7031 0
      vertex -52.8825 -13.7383 16
      vertex -53.1748 -13.7031 16
    endloop
  endfacet
  facet normal -0.11956 -0.992827 -0
    outer loop
      vertex -52.8825 -13.7383 16
      vertex -53.1748 -13.7031 0
      vertex -52.8825 -13.7383 0
    endloop
  endfacet
  facet normal -0.714841 0.699287 0
    outer loop
      vertex -55.808 -6.21529 0
      vertex -55.6021 -6.00481 16
      vertex -55.6021 -6.00481 0
    endloop
  endfacet
  facet normal -0.714841 0.699287 0
    outer loop
      vertex -55.6021 -6.00481 16
      vertex -55.808 -6.21529 0
      vertex -55.808 -6.21529 16
    endloop
  endfacet
  facet normal -0.205839 0.978586 0
    outer loop
      vertex -53.2717 -4.82381 0
      vertex -53.5598 -4.88441 16
      vertex -53.2717 -4.82381 16
    endloop
  endfacet
  facet normal -0.205839 0.978586 0
    outer loop
      vertex -53.5598 -4.88441 16
      vertex -53.2717 -4.82381 0
      vertex -53.5598 -4.88441 0
    endloop
  endfacet
  facet normal 0.992829 -0.11954 0
    outer loop
      vertex -48.0426 -9.94 16
      vertex -48.0074 -9.64765 0
      vertex -48.0074 -9.64765 16
    endloop
  endfacet
  facet normal 0.992829 -0.11954 0
    outer loop
      vertex -48.0074 -9.64765 0
      vertex -48.0426 -9.94 16
      vertex -48.0426 -9.94 0
    endloop
  endfacet
  facet normal 0.600022 0.799984 -0
    outer loop
      vertex -49.6736 -5.74597 0
      vertex -49.9092 -5.56926 16
      vertex -49.6736 -5.74597 16
    endloop
  endfacet
  facet normal 0.600022 0.799984 0
    outer loop
      vertex -49.9092 -5.56926 16
      vertex -49.6736 -5.74597 0
      vertex -49.9092 -5.56926 0
    endloop
  endfacet
  facet normal -0.564677 0.825312 0
    outer loop
      vertex -54.9081 -5.46019 0
      vertex -55.1511 -5.62645 16
      vertex -54.9081 -5.46019 16
    endloop
  endfacet
  facet normal -0.564677 0.825312 0
    outer loop
      vertex -55.1511 -5.62645 16
      vertex -54.9081 -5.46019 0
      vertex -55.1511 -5.62645 0
    endloop
  endfacet
  facet normal 0.759041 -0.651043 0
    outer loop
      vertex -49.1725 -12.2956 16
      vertex -48.9808 -12.0721 0
      vertex -48.9808 -12.0721 16
    endloop
  endfacet
  facet normal 0.759041 -0.651043 0
    outer loop
      vertex -48.9808 -12.0721 0
      vertex -49.1725 -12.2956 16
      vertex -49.1725 -12.2956 0
    endloop
  endfacet
  facet normal 0.546492 0.837465 -0
    outer loop
      vertex -49.9092 -5.56926 0
      vertex -50.1558 -5.40834 16
      vertex -49.9092 -5.56926 16
    endloop
  endfacet
  facet normal 0.546492 0.837465 0
    outer loop
      vertex -50.1558 -5.40834 16
      vertex -49.9092 -5.56926 0
      vertex -50.1558 -5.40834 0
    endloop
  endfacet
  facet normal -0.90161 0.432551 0
    outer loop
      vertex -56.5286 -7.27513 0
      vertex -56.4818 -7.17758 16
      vertex -56.4818 -7.17758 0
    endloop
  endfacet
  facet normal -0.90161 0.432551 0
    outer loop
      vertex -56.4818 -7.17758 16
      vertex -56.5286 -7.27513 0
      vertex -56.5286 -7.27513 16
    endloop
  endfacet
  facet normal 0.119687 0.992812 -0
    outer loop
      vertex -51.8057 -4.80782 0
      vertex -52.0981 -4.77257 16
      vertex -51.8057 -4.80782 16
    endloop
  endfacet
  facet normal 0.119687 0.992812 0
    outer loop
      vertex -52.0981 -4.77257 16
      vertex -51.8057 -4.80782 0
      vertex -52.0981 -4.77257 0
    endloop
  endfacet
  facet normal 0.699322 0.714807 -0
    outer loop
      vertex -49.2396 -6.14364 0
      vertex -49.4501 -5.9377 16
      vertex -49.2396 -6.14364 16
    endloop
  endfacet
  facet normal 0.699322 0.714807 0
    outer loop
      vertex -49.4501 -5.9377 16
      vertex -49.2396 -6.14364 0
      vertex -49.4501 -5.9377 0
    endloop
  endfacet
  facet normal -0.617297 0.786731 0
    outer loop
      vertex -55.1511 -5.62645 0
      vertex -55.3828 -5.80825 16
      vertex -55.1511 -5.62645 16
    endloop
  endfacet
  facet normal -0.617297 0.786731 0
    outer loop
      vertex -55.3828 -5.80825 16
      vertex -55.1511 -5.62645 0
      vertex -55.3828 -5.80825 0
    endloop
  endfacet
  facet normal 0.950368 -0.311128 0
    outer loop
      vertex -48.2616 -10.7945 16
      vertex -48.17 -10.5147 0
      vertex -48.17 -10.5147 16
    endloop
  endfacet
  facet normal 0.950368 -0.311128 0
    outer loop
      vertex -48.17 -10.5147 0
      vertex -48.2616 -10.7945 16
      vertex -48.2616 -10.7945 0
    endloop
  endfacet
  facet normal 0.26929 -0.963059 0
    outer loop
      vertex -51.4207 -13.6265 0
      vertex -51.1371 -13.5472 16
      vertex -51.4207 -13.6265 16
    endloop
  endfacet
  facet normal 0.26929 -0.963059 0
    outer loop
      vertex -51.1371 -13.5472 16
      vertex -51.4207 -13.6265 0
      vertex -51.1371 -13.5472 0
    endloop
  endfacet
  facet normal 0.999941 0.0108671 0
    outer loop
      vertex -47.9913 -9.35361 16
      vertex -47.9945 -9.05916 0
      vertex -47.9945 -9.05916 16
    endloop
  endfacet
  facet normal 0.999941 0.0108671 0
    outer loop
      vertex -47.9945 -9.05916 0
      vertex -47.9913 -9.35361 16
      vertex -47.9913 -9.35361 0
    endloop
  endfacet
  facet normal 0.744701 0.667398 0
    outer loop
      vertex -49.0431 -6.3629 16
      vertex -49.2396 -6.14364 0
      vertex -49.2396 -6.14364 16
    endloop
  endfacet
  facet normal 0.744701 0.667398 0
    outer loop
      vertex -49.2396 -6.14364 0
      vertex -49.0431 -6.3629 16
      vertex -49.0431 -6.3629 0
    endloop
  endfacet
  facet normal -0.837361 0.546651 0
    outer loop
      vertex -56.3374 -6.92097 0
      vertex -56.1764 -6.67435 16
      vertex -56.1764 -6.67435 0
    endloop
  endfacet
  facet normal -0.837361 0.546651 0
    outer loop
      vertex -56.1764 -6.67435 16
      vertex -56.3374 -6.92097 0
      vertex -56.3374 -6.92097 16
    endloop
  endfacet
  facet normal -0.667444 0.74466 0
    outer loop
      vertex -55.3828 -5.80825 0
      vertex -55.6021 -6.00481 16
      vertex -55.3828 -5.80825 16
    endloop
  endfacet
  facet normal -0.667444 0.74466 0
    outer loop
      vertex -55.6021 -6.00481 16
      vertex -55.3828 -5.80825 0
      vertex -55.6021 -6.00481 0
    endloop
  endfacet
  facet normal 0.87134 -0.49068 0
    outer loop
      vertex -48.6432 -11.5899 16
      vertex -48.4987 -11.3333 0
      vertex -48.4987 -11.3333 16
    endloop
  endfacet
  facet normal 0.87134 -0.49068 0
    outer loop
      vertex -48.4987 -11.3333 0
      vertex -48.6432 -11.5899 16
      vertex -48.6432 -11.5899 0
    endloop
  endfacet
  facet normal -0.452015 0.89201 0
    outer loop
      vertex -54.392 -5.17706 0
      vertex -54.6547 -5.31018 16
      vertex -54.392 -5.17706 16
    endloop
  endfacet
  facet normal -0.452015 0.89201 0
    outer loop
      vertex -54.6547 -5.31018 16
      vertex -54.392 -5.17706 0
      vertex -54.6547 -5.31018 0
    endloop
  endfacet
  facet normal 0.968708 -0.248204 0
    outer loop
      vertex -48.17 -10.5147 16
      vertex -48.0969 -10.2294 0
      vertex -48.0969 -10.2294 16
    endloop
  endfacet
  facet normal 0.968708 -0.248204 0
    outer loop
      vertex -48.0969 -10.2294 0
      vertex -48.17 -10.5147 16
      vertex -48.17 -10.5147 0
    endloop
  endfacet
  facet normal 0.490526 0.871427 -0
    outer loop
      vertex -50.1558 -5.40834 0
      vertex -50.4124 -5.2639 16
      vertex -50.1558 -5.40834 16
    endloop
  endfacet
  facet normal 0.490526 0.871427 0
    outer loop
      vertex -50.4124 -5.2639 16
      vertex -50.1558 -5.40834 0
      vertex -50.4124 -5.2639 0
    endloop
  endfacet
  facet normal 0.943356 0.331783 0
    outer loop
      vertex -48.1985 -7.90227 16
      vertex -48.2962 -7.62448 0
      vertex -48.2962 -7.62448 16
    endloop
  endfacet
  facet normal 0.943356 0.331783 0
    outer loop
      vertex -48.2962 -7.62448 0
      vertex -48.1985 -7.90227 16
      vertex -48.1985 -7.90227 0
    endloop
  endfacet
  facet normal -0.759041 0.651043 0
    outer loop
      vertex -55.9997 -6.43879 0
      vertex -55.808 -6.21529 16
      vertex -55.808 -6.21529 0
    endloop
  endfacet
  facet normal -0.759041 0.651043 0
    outer loop
      vertex -55.808 -6.21529 16
      vertex -55.9997 -6.43879 0
      vertex -55.9997 -6.43879 16
    endloop
  endfacet
  facet normal 0.901708 -0.432345 0
    outer loop
      vertex -48.4987 -11.3333 16
      vertex -48.3714 -11.0678 0
      vertex -48.3714 -11.0678 16
    endloop
  endfacet
  facet normal 0.901708 -0.432345 0
    outer loop
      vertex -48.3714 -11.0678 0
      vertex -48.4987 -11.3333 16
      vertex -48.4987 -11.3333 0
    endloop
  endfacet
  facet normal 0.919589 0.392882 0
    outer loop
      vertex -48.2962 -7.62448 16
      vertex -48.4119 -7.35367 0
      vertex -48.4119 -7.35367 16
    endloop
  endfacet
  facet normal 0.919589 0.392882 0
    outer loop
      vertex -48.4119 -7.35367 0
      vertex -48.2962 -7.62448 16
      vertex -48.2962 -7.62448 0
    endloop
  endfacet
  facet normal -0.0109029 0.999941 0
    outer loop
      vertex -52.3921 -4.75652 0
      vertex -52.6865 -4.75973 16
      vertex -52.3921 -4.75652 16
    endloop
  endfacet
  facet normal -0.0109029 0.999941 0
    outer loop
      vertex -52.6865 -4.75973 16
      vertex -52.3921 -4.75652 0
      vertex -52.6865 -4.75973 0
    endloop
  endfacet
  facet normal -0.0546614 -0.998505 0
    outer loop
      vertex -52.8825 -13.7383 0
      vertex -52.5884 -13.7544 16
      vertex -52.8825 -13.7383 16
    endloop
  endfacet
  facet normal -0.0546614 -0.998505 -0
    outer loop
      vertex -52.5884 -13.7544 16
      vertex -52.8825 -13.7383 0
      vertex -52.5884 -13.7544 0
    endloop
  endfacet
  facet normal 0.0545107 0.998513 -0
    outer loop
      vertex -52.0981 -4.77257 0
      vertex -52.3921 -4.75652 16
      vertex -52.0981 -4.77257 16
    endloop
  endfacet
  facet normal 0.0545107 0.998513 0
    outer loop
      vertex -52.3921 -4.75652 16
      vertex -52.0981 -4.77257 0
      vertex -52.3921 -4.75652 0
    endloop
  endfacet
  facet normal -0.999941 -0.0108652 0
    outer loop
      vertex 29.7649 -41.0265 0
      vertex 29.7617 -40.732 16
      vertex 29.7617 -40.732 0
    endloop
  endfacet
  facet normal -0.999941 -0.0108652 0
    outer loop
      vertex 29.7617 -40.732 16
      vertex 29.7649 -41.0265 0
      vertex 29.7649 -41.0265 16
    endloop
  endfacet
  facet normal 0.311335 0.9503 -0
    outer loop
      vertex 35.7997 -36.6016 0
      vertex 35.5198 -36.5099 16
      vertex 35.7997 -36.6016 16
    endloop
  endfacet
  facet normal 0.311335 0.9503 0
    outer loop
      vertex 35.5198 -36.5099 16
      vertex 35.7997 -36.6016 0
      vertex 35.5198 -36.5099 0
    endloop
  endfacet
  facet normal -0.141279 0.98997 0
    outer loop
      vertex 33.7707 -36.3569 0
      vertex 33.4792 -36.3985 16
      vertex 33.7707 -36.3569 16
    endloop
  endfacet
  facet normal -0.141279 0.98997 0
    outer loop
      vertex 33.4792 -36.3985 16
      vertex 33.7707 -36.3569 0
      vertex 33.4792 -36.3985 0
    endloop
  endfacet
  facet normal 0.998523 -0.0543229 0
    outer loop
      vertex 38.7435 -41.2224 16
      vertex 38.7595 -40.9283 0
      vertex 38.7595 -40.9283 16
    endloop
  endfacet
  facet normal 0.998523 -0.0543229 0
    outer loop
      vertex 38.7595 -40.9283 0
      vertex 38.7435 -41.2224 16
      vertex 38.7435 -41.2224 0
    endloop
  endfacet
  facet normal 0.744441 0.667688 0
    outer loop
      vertex 37.7078 -37.9376 16
      vertex 37.5112 -37.7184 0
      vertex 37.5112 -37.7184 16
    endloop
  endfacet
  facet normal 0.744441 0.667688 0
    outer loop
      vertex 37.5112 -37.7184 0
      vertex 37.7078 -37.9376 16
      vertex 37.7078 -37.9376 0
    endloop
  endfacet
  facet normal 0.0108652 -0.999941 0
    outer loop
      vertex 34.1624 -45.3291 0
      vertex 34.4569 -45.3259 16
      vertex 34.1624 -45.3291 16
    endloop
  endfacet
  facet normal 0.0108652 -0.999941 0
    outer loop
      vertex 34.4569 -45.3259 16
      vertex 34.1624 -45.3291 0
      vertex 34.4569 -45.3259 0
    endloop
  endfacet
  facet normal -0.786601 -0.617461 0
    outer loop
      vertex 30.8134 -43.7227 0
      vertex 30.6316 -43.4911 16
      vertex 30.6316 -43.4911 0
    endloop
  endfacet
  facet normal -0.786601 -0.617461 0
    outer loop
      vertex 30.6316 -43.4911 16
      vertex 30.8134 -43.7227 0
      vertex 30.8134 -43.7227 16
    endloop
  endfacet
  facet normal -0.943466 -0.33147 0
    outer loop
      vertex 30.0665 -42.4611 0
      vertex 29.9689 -42.1833 16
      vertex 29.9689 -42.1833 0
    endloop
  endfacet
  facet normal -0.943466 -0.33147 0
    outer loop
      vertex 29.9689 -42.1833 16
      vertex 30.0665 -42.4611 0
      vertex 30.0665 -42.4611 16
    endloop
  endfacet
  facet normal 0.600163 0.799878 -0
    outer loop
      vertex 37.0772 -37.3207 0
      vertex 36.8417 -37.144 16
      vertex 37.0772 -37.3207 16
    endloop
  endfacet
  facet normal 0.600163 0.799878 0
    outer loop
      vertex 36.8417 -37.144 16
      vertex 37.0772 -37.3207 0
      vertex 36.8417 -37.144 0
    endloop
  endfacet
  facet normal 0.999941 0.0108689 0
    outer loop
      vertex 38.7595 -40.9283 16
      vertex 38.7563 -40.6339 0
      vertex 38.7563 -40.6339 16
    endloop
  endfacet
  facet normal 0.999941 0.0108689 0
    outer loop
      vertex 38.7563 -40.6339 0
      vertex 38.7595 -40.9283 16
      vertex 38.7595 -40.9283 0
    endloop
  endfacet
  facet normal 0.651043 0.759041 -0
    outer loop
      vertex 37.3007 -37.5124 0
      vertex 37.0772 -37.3207 16
      vertex 37.3007 -37.5124 16
    endloop
  endfacet
  facet normal 0.651043 0.759041 0
    outer loop
      vertex 37.0772 -37.3207 16
      vertex 37.3007 -37.5124 0
      vertex 37.0772 -37.3207 0
    endloop
  endfacet
  facet normal -0.759041 0.651043 0
    outer loop
      vertex 30.7511 -38.0135 0
      vertex 30.9428 -37.79 16
      vertex 30.9428 -37.79 0
    endloop
  endfacet
  facet normal -0.759041 0.651043 0
    outer loop
      vertex 30.9428 -37.79 16
      vertex 30.7511 -38.0135 0
      vertex 30.7511 -38.0135 16
    endloop
  endfacet
  facet normal -0.825357 -0.564611 0
    outer loop
      vertex 30.6316 -43.4911 0
      vertex 30.4653 -43.248 16
      vertex 30.4653 -43.248 0
    endloop
  endfacet
  facet normal -0.825357 -0.564611 0
    outer loop
      vertex 30.4653 -43.248 16
      vertex 30.6316 -43.4911 0
      vertex 30.6316 -43.4911 16
    endloop
  endfacet
  facet normal -0.432621 -0.901576 0
    outer loop
      vertex 32.1827 -44.8217 0
      vertex 32.4482 -44.9491 16
      vertex 32.1827 -44.8217 16
    endloop
  endfacet
  facet normal -0.432621 -0.901576 -0
    outer loop
      vertex 32.4482 -44.9491 16
      vertex 32.1827 -44.8217 0
      vertex 32.4482 -44.9491 0
    endloop
  endfacet
  facet normal 0.546444 0.837496 -0
    outer loop
      vertex 36.8417 -37.144 0
      vertex 36.5951 -36.9831 16
      vertex 36.8417 -37.144 16
    endloop
  endfacet
  facet normal 0.546444 0.837496 0
    outer loop
      vertex 36.5951 -36.9831 16
      vertex 36.8417 -37.144 0
      vertex 36.5951 -36.9831 0
    endloop
  endfacet
  facet normal 0.891901 0.452231 0
    outer loop
      vertex 38.339 -38.9284 16
      vertex 38.2058 -38.6657 0
      vertex 38.2058 -38.6657 16
    endloop
  endfacet
  facet normal 0.891901 0.452231 0
    outer loop
      vertex 38.2058 -38.6657 0
      vertex 38.339 -38.9284 16
      vertex 38.339 -38.9284 0
    endloop
  endfacet
  facet normal 0.997076 0.0764108 0
    outer loop
      vertex 38.7563 -40.6339 16
      vertex 38.7338 -40.3403 0
      vertex 38.7338 -40.3403 16
    endloop
  endfacet
  facet normal 0.997076 0.0764108 0
    outer loop
      vertex 38.7338 -40.3403 0
      vertex 38.7563 -40.6339 16
      vertex 38.7563 -40.6339 0
    endloop
  endfacet
  facet normal 0.98997 0.141279 0
    outer loop
      vertex 38.7338 -40.3403 16
      vertex 38.6922 -40.0488 0
      vertex 38.6922 -40.0488 16
    endloop
  endfacet
  facet normal 0.98997 0.141279 0
    outer loop
      vertex 38.6922 -40.0488 0
      vertex 38.7338 -40.3403 16
      vertex 38.7338 -40.3403 0
    endloop
  endfacet
  facet normal -0.372503 -0.928031 0
    outer loop
      vertex 32.4482 -44.9491 0
      vertex 32.7215 -45.0588 16
      vertex 32.4482 -44.9491 16
    endloop
  endfacet
  facet normal -0.372503 -0.928031 -0
    outer loop
      vertex 32.7215 -45.0588 16
      vertex 32.4482 -44.9491 0
      vertex 32.7215 -45.0588 0
    endloop
  endfacet
  facet normal -0.892038 -0.451961 0
    outer loop
      vertex 30.3153 -42.9946 0
      vertex 30.1822 -42.7319 16
      vertex 30.1822 -42.7319 0
    endloop
  endfacet
  facet normal -0.892038 -0.451961 0
    outer loop
      vertex 30.1822 -42.7319 16
      vertex 30.3153 -42.9946 0
      vertex 30.3153 -42.9946 16
    endloop
  endfacet
  facet normal 0.248285 0.968687 -0
    outer loop
      vertex 35.5198 -36.5099 0
      vertex 35.2346 -36.4368 16
      vertex 35.5198 -36.5099 16
    endloop
  endfacet
  facet normal 0.248285 0.968687 0
    outer loop
      vertex 35.2346 -36.4368 16
      vertex 35.5198 -36.5099 0
      vertex 35.2346 -36.4368 0
    endloop
  endfacet
  facet normal 0.9786 0.205771 0
    outer loop
      vertex 38.6922 -40.0488 16
      vertex 38.6316 -39.7606 0
      vertex 38.6316 -39.7606 16
    endloop
  endfacet
  facet normal 0.9786 0.205771 0
    outer loop
      vertex 38.6316 -39.7606 0
      vertex 38.6922 -40.0488 16
      vertex 38.6922 -40.0488 0
    endloop
  endfacet
  facet normal -0.331772 0.94336 0
    outer loop
      vertex 32.9074 -36.5384 0
      vertex 32.6296 -36.6361 16
      vertex 32.9074 -36.5384 16
    endloop
  endfacet
  facet normal -0.331772 0.94336 0
    outer loop
      vertex 32.6296 -36.6361 16
      vertex 32.9074 -36.5384 0
      vertex 32.6296 -36.6361 0
    endloop
  endfacet
  facet normal -0.699253 -0.714875 0
    outer loop
      vertex 31.0099 -43.942 0
      vertex 31.2204 -44.1479 16
      vertex 31.0099 -43.942 16
    endloop
  endfacet
  facet normal -0.699253 -0.714875 -0
    outer loop
      vertex 31.2204 -44.1479 16
      vertex 31.0099 -43.942 0
      vertex 31.2204 -44.1479 0
    endloop
  endfacet
  facet normal 0.968759 -0.248002 0
    outer loop
      vertex 38.6379 -41.8666 16
      vertex 38.6539 -41.8041 0
      vertex 38.6539 -41.8041 16
    endloop
  endfacet
  facet normal 0.968759 -0.248002 0
    outer loop
      vertex 38.6539 -41.8041 0
      vertex 38.6379 -41.8666 16
      vertex 38.6379 -41.8666 0
    endloop
  endfacet
  facet normal 0.432345 0.901708 -0
    outer loop
      vertex 36.3384 -36.8386 0
      vertex 36.0729 -36.7113 16
      vertex 36.3384 -36.8386 16
    endloop
  endfacet
  facet normal 0.432345 0.901708 0
    outer loop
      vertex 36.0729 -36.7113 16
      vertex 36.3384 -36.8386 0
      vertex 36.0729 -36.7113 0
    endloop
  endfacet
  facet normal -0.9786 -0.205771 0
    outer loop
      vertex 29.8895 -41.8998 0
      vertex 29.8289 -41.6116 16
      vertex 29.8289 -41.6116 0
    endloop
  endfacet
  facet normal -0.9786 -0.205771 0
    outer loop
      vertex 29.8289 -41.6116 16
      vertex 29.8895 -41.8998 0
      vertex 29.8895 -41.8998 16
    endloop
  endfacet
  facet normal -0.490422 -0.871485 0
    outer loop
      vertex 31.9261 -44.6773 0
      vertex 32.1827 -44.8217 16
      vertex 31.9261 -44.6773 16
    endloop
  endfacet
  facet normal -0.490422 -0.871485 -0
    outer loop
      vertex 32.1827 -44.8217 16
      vertex 31.9261 -44.6773 0
      vertex 32.1827 -44.8217 0
    endloop
  endfacet
  facet normal 0.0767672 -0.997049 0
    outer loop
      vertex 34.4569 -45.3259 0
      vertex 34.5647 -45.3176 16
      vertex 34.4569 -45.3259 16
    endloop
  endfacet
  facet normal 0.0767672 -0.997049 0
    outer loop
      vertex 34.5647 -45.3176 16
      vertex 34.4569 -45.3259 0
      vertex 34.5647 -45.3176 0
    endloop
  endfacet
  facet normal 0.699426 0.714705 -0
    outer loop
      vertex 37.5112 -37.7184 0
      vertex 37.3007 -37.5124 16
      vertex 37.5112 -37.7184 16
    endloop
  endfacet
  facet normal 0.699426 0.714705 0
    outer loop
      vertex 37.3007 -37.5124 16
      vertex 37.5112 -37.7184 0
      vertex 37.3007 -37.5124 0
    endloop
  endfacet
  facet normal 0.37262 0.927984 -0
    outer loop
      vertex 36.0729 -36.7113 0
      vertex 35.7997 -36.6016 16
      vertex 36.0729 -36.7113 16
    endloop
  endfacet
  facet normal 0.37262 0.927984 0
    outer loop
      vertex 35.7997 -36.6016 16
      vertex 36.0729 -36.7113 0
      vertex 35.7997 -36.6016 0
    endloop
  endfacet
  facet normal 0.490535 0.871421 -0
    outer loop
      vertex 36.5951 -36.9831 0
      vertex 36.3384 -36.8386 16
      vertex 36.5951 -36.9831 16
    endloop
  endfacet
  facet normal 0.490535 0.871421 0
    outer loop
      vertex 36.3384 -36.8386 16
      vertex 36.5951 -36.9831 0
      vertex 36.3384 -36.8386 0
    endloop
  endfacet
  facet normal -0.98997 -0.141279 0
    outer loop
      vertex 29.8289 -41.6116 0
      vertex 29.7873 -41.3201 16
      vertex 29.7873 -41.3201 0
    endloop
  endfacet
  facet normal -0.98997 -0.141279 0
    outer loop
      vertex 29.7873 -41.3201 16
      vertex 29.8289 -41.6116 0
      vertex 29.8289 -41.6116 16
    endloop
  endfacet
  facet normal 0 0 1
    outer loop
      vertex 37.5827 -42.8549 16
      vertex 38.7595 -40.9283 16
      vertex 38.7563 -40.6339 16
    endloop
  endfacet
  facet normal 0 0 1
    outer loop
      vertex 37.5827 -42.8549 16
      vertex 38.7563 -40.6339 16
      vertex 38.7338 -40.3403 16
    endloop
  endfacet
  facet normal 0 0 1
    outer loop
      vertex 38.7595 -40.9283 16
      vertex 37.5827 -42.8549 16
      vertex 38.7435 -41.2224 16
    endloop
  endfacet
  facet normal 0 0 1
    outer loop
      vertex 37.5827 -42.8549 16
      vertex 38.7338 -40.3403 16
      vertex 38.6922 -40.0488 16
    endloop
  endfacet
  facet normal 0 0 1
    outer loop
      vertex 38.7435 -41.2224 16
      vertex 37.5827 -42.8549 16
      vertex 38.7082 -41.5147 16
    endloop
  endfacet
  facet normal 0 0 1
    outer loop
      vertex 38.7082 -41.5147 16
      vertex 37.5827 -42.8549 16
      vertex 38.6539 -41.8041 16
    endloop
  endfacet
  facet normal 0 0 1
    outer loop
      vertex 37.5827 -42.8549 16
      vertex 38.6922 -40.0488 16
      vertex 38.6316 -39.7606 16
    endloop
  endfacet
  facet normal 0 0 1
    outer loop
      vertex 37.5827 -42.8549 16
      vertex 38.6316 -39.7606 16
      vertex 38.5523 -39.477 16
    endloop
  endfacet
  facet normal 0 0 1
    outer loop
      vertex 37.5827 -42.8549 16
      vertex 38.5523 -39.477 16
      vertex 38.4546 -39.1992 16
    endloop
  endfacet
  facet normal 0 0 1
    outer loop
      vertex 37.5827 -42.8549 16
      vertex 38.4546 -39.1992 16
      vertex 38.339 -38.9284 16
    endloop
  endfacet
  facet normal 0 0 1
    outer loop
      vertex 37.5827 -42.8549 16
      vertex 38.339 -38.9284 16
      vertex 38.2058 -38.6657 16
    endloop
  endfacet
  facet normal 0 0 1
    outer loop
      vertex 37.5827 -42.8549 16
      vertex 38.2058 -38.6657 16
      vertex 38.0558 -38.4123 16
    endloop
  endfacet
  facet normal 0 0 1
    outer loop
      vertex 37.5827 -42.8549 16
      vertex 38.0558 -38.4123 16
      vertex 37.8896 -38.1693 16
    endloop
  endfacet
  facet normal 0 0 1
    outer loop
      vertex 37.5827 -42.8549 16
      vertex 37.8896 -38.1693 16
      vertex 37.7078 -37.9376 16
    endloop
  endfacet
  facet normal 0 0 1
    outer loop
      vertex 38.6539 -41.8041 16
      vertex 37.5827 -42.8549 16
      vertex 38.6379 -41.8666 16
    endloop
  endfacet
  facet normal 0 0 1
    outer loop
      vertex 37.5112 -37.7184 16
      vertex 37.5827 -42.8549 16
      vertex 37.7078 -37.9376 16
    endloop
  endfacet
  facet normal 0 0 1
    outer loop
      vertex 37.3007 -37.5124 16
      vertex 37.5827 -42.8549 16
      vertex 37.5112 -37.7184 16
    endloop
  endfacet
  facet normal 0 0 1
    outer loop
      vertex 37.0772 -37.3207 16
      vertex 37.5827 -42.8549 16
      vertex 37.3007 -37.5124 16
    endloop
  endfacet
  facet normal 0 0 1
    outer loop
      vertex 36.8417 -37.144 16
      vertex 37.5827 -42.8549 16
      vertex 37.0772 -37.3207 16
    endloop
  endfacet
  facet normal 0 0 1
    outer loop
      vertex 36.5951 -36.9831 16
      vertex 37.5827 -42.8549 16
      vertex 36.8417 -37.144 16
    endloop
  endfacet
  facet normal 0 0 1
    outer loop
      vertex 36.3384 -36.8386 16
      vertex 37.5827 -42.8549 16
      vertex 36.5951 -36.9831 16
    endloop
  endfacet
  facet normal 0 0 1
    outer loop
      vertex 36.0729 -36.7113 16
      vertex 37.5827 -42.8549 16
      vertex 36.3384 -36.8386 16
    endloop
  endfacet
  facet normal 0 0 1
    outer loop
      vertex 35.7997 -36.6016 16
      vertex 37.5827 -42.8549 16
      vertex 36.0729 -36.7113 16
    endloop
  endfacet
  facet normal 0 0 1
    outer loop
      vertex 35.5198 -36.5099 16
      vertex 37.5827 -42.8549 16
      vertex 35.7997 -36.6016 16
    endloop
  endfacet
  facet normal 0 0 1
    outer loop
      vertex 35.2346 -36.4368 16
      vertex 37.5827 -42.8549 16
      vertex 35.5198 -36.5099 16
    endloop
  endfacet
  facet normal 0 0 1
    outer loop
      vertex 34.9451 -36.3825 16
      vertex 37.5827 -42.8549 16
      vertex 35.2346 -36.4368 16
    endloop
  endfacet
  facet normal 0 0 1
    outer loop
      vertex 34.6528 -36.3473 16
      vertex 37.5827 -42.8549 16
      vertex 34.9451 -36.3825 16
    endloop
  endfacet
  facet normal 0 0 1
    outer loop
      vertex 34.3587 -36.3312 16
      vertex 37.5827 -42.8549 16
      vertex 34.6528 -36.3473 16
    endloop
  endfacet
  facet normal -0 0 1
    outer loop
      vertex 34.0643 -36.3344 16
      vertex 37.5827 -42.8549 16
      vertex 34.3587 -36.3312 16
    endloop
  endfacet
  facet normal -0 0 1
    outer loop
      vertex 33.7707 -36.3569 16
      vertex 37.5827 -42.8549 16
      vertex 34.0643 -36.3344 16
    endloop
  endfacet
  facet normal 0 -0 1
    outer loop
      vertex 34.4569 -45.3259 16
      vertex 34.6994 -45.2211 16
      vertex 34.1624 -45.3291 16
    endloop
  endfacet
  facet normal 0 0 1
    outer loop
      vertex 34.6994 -45.2211 16
      vertex 34.4569 -45.3259 16
      vertex 34.5647 -45.3176 16
    endloop
  endfacet
  facet normal -0 0 1
    outer loop
      vertex 33.4792 -36.3985 16
      vertex 37.5827 -42.8549 16
      vertex 33.7707 -36.3569 16
    endloop
  endfacet
  facet normal 0 0 1
    outer loop
      vertex 34.6994 -45.2211 16
      vertex 33.8684 -45.313 16
      vertex 34.1624 -45.3291 16
    endloop
  endfacet
  facet normal -0 0 1
    outer loop
      vertex 33.191 -36.4591 16
      vertex 37.5827 -42.8549 16
      vertex 33.4792 -36.3985 16
    endloop
  endfacet
  facet normal 0 0 1
    outer loop
      vertex 34.6994 -45.2211 16
      vertex 33.576 -45.2778 16
      vertex 33.8684 -45.313 16
    endloop
  endfacet
  facet normal -0 0 1
    outer loop
      vertex 32.9074 -36.5384 16
      vertex 37.5827 -42.8549 16
      vertex 33.191 -36.4591 16
    endloop
  endfacet
  facet normal 0 0 1
    outer loop
      vertex 34.6994 -45.2211 16
      vertex 33.2866 -45.2235 16
      vertex 33.576 -45.2778 16
    endloop
  endfacet
  facet normal -0 0 1
    outer loop
      vertex 32.6296 -36.6361 16
      vertex 37.5827 -42.8549 16
      vertex 32.9074 -36.5384 16
    endloop
  endfacet
  facet normal 0 0 1
    outer loop
      vertex 34.6994 -45.2211 16
      vertex 33.0014 -45.1504 16
      vertex 33.2866 -45.2235 16
    endloop
  endfacet
  facet normal -0 0 1
    outer loop
      vertex 32.3588 -36.7518 16
      vertex 37.5827 -42.8549 16
      vertex 32.6296 -36.6361 16
    endloop
  endfacet
  facet normal 0 0 1
    outer loop
      vertex 34.6994 -45.2211 16
      vertex 32.7215 -45.0588 16
      vertex 33.0014 -45.1504 16
    endloop
  endfacet
  facet normal -0 0 1
    outer loop
      vertex 32.0961 -36.8849 16
      vertex 37.5827 -42.8549 16
      vertex 32.3588 -36.7518 16
    endloop
  endfacet
  facet normal 0 0 1
    outer loop
      vertex 34.6994 -45.2211 16
      vertex 32.4482 -44.9491 16
      vertex 32.7215 -45.0588 16
    endloop
  endfacet
  facet normal -0 0 1
    outer loop
      vertex 31.8427 -37.0349 16
      vertex 37.5827 -42.8549 16
      vertex 32.0961 -36.8849 16
    endloop
  endfacet
  facet normal 0 0 1
    outer loop
      vertex 37.5827 -42.8549 16
      vertex 32.4482 -44.9491 16
      vertex 34.6994 -45.2211 16
    endloop
  endfacet
  facet normal -0 0 1
    outer loop
      vertex 31.5997 -37.2012 16
      vertex 37.5827 -42.8549 16
      vertex 31.8427 -37.0349 16
    endloop
  endfacet
  facet normal 0 -0 1
    outer loop
      vertex 32.4482 -44.9491 16
      vertex 37.5827 -42.8549 16
      vertex 32.1827 -44.8217 16
    endloop
  endfacet
  facet normal -0 0 1
    outer loop
      vertex 31.368 -37.383 16
      vertex 37.5827 -42.8549 16
      vertex 31.5997 -37.2012 16
    endloop
  endfacet
  facet normal 0 -0 1
    outer loop
      vertex 32.1827 -44.8217 16
      vertex 37.5827 -42.8549 16
      vertex 31.9261 -44.6773 16
    endloop
  endfacet
  facet normal -0 0 1
    outer loop
      vertex 31.1488 -37.5795 16
      vertex 37.5827 -42.8549 16
      vertex 31.368 -37.383 16
    endloop
  endfacet
  facet normal 0 -0 1
    outer loop
      vertex 31.9261 -44.6773 16
      vertex 37.5827 -42.8549 16
      vertex 31.6795 -44.5164 16
    endloop
  endfacet
  facet normal -0 0 1
    outer loop
      vertex 30.9428 -37.79 16
      vertex 37.5827 -42.8549 16
      vertex 31.1488 -37.5795 16
    endloop
  endfacet
  facet normal 0 -0 1
    outer loop
      vertex 31.6795 -44.5164 16
      vertex 37.5827 -42.8549 16
      vertex 31.4439 -44.3396 16
    endloop
  endfacet
  facet normal -0 0 1
    outer loop
      vertex 30.7511 -38.0135 16
      vertex 37.5827 -42.8549 16
      vertex 30.9428 -37.79 16
    endloop
  endfacet
  facet normal 0 -0 1
    outer loop
      vertex 31.4439 -44.3396 16
      vertex 37.5827 -42.8549 16
      vertex 31.2204 -44.1479 16
    endloop
  endfacet
  facet normal -0 0 1
    outer loop
      vertex 30.5744 -38.2491 16
      vertex 37.5827 -42.8549 16
      vertex 30.7511 -38.0135 16
    endloop
  endfacet
  facet normal 0 -0 1
    outer loop
      vertex 31.2204 -44.1479 16
      vertex 37.5827 -42.8549 16
      vertex 31.0099 -43.942 16
    endloop
  endfacet
  facet normal -0 0 1
    outer loop
      vertex 30.4135 -38.4957 16
      vertex 37.5827 -42.8549 16
      vertex 30.5744 -38.2491 16
    endloop
  endfacet
  facet normal 0 -0 1
    outer loop
      vertex 31.0099 -43.942 16
      vertex 37.5827 -42.8549 16
      vertex 30.8134 -43.7227 16
    endloop
  endfacet
  facet normal -0 0 1
    outer loop
      vertex 30.269 -38.7523 16
      vertex 37.5827 -42.8549 16
      vertex 30.4135 -38.4957 16
    endloop
  endfacet
  facet normal 0 -0 1
    outer loop
      vertex 30.8134 -43.7227 16
      vertex 37.5827 -42.8549 16
      vertex 30.6316 -43.4911 16
    endloop
  endfacet
  facet normal 0 -0 1
    outer loop
      vertex 30.4653 -43.248 16
      vertex 37.5827 -42.8549 16
      vertex 30.3153 -42.9946 16
    endloop
  endfacet
  facet normal 0 -0 1
    outer loop
      vertex 30.6316 -43.4911 16
      vertex 37.5827 -42.8549 16
      vertex 30.4653 -43.248 16
    endloop
  endfacet
  facet normal -0 0 1
    outer loop
      vertex 30.1417 -39.0178 16
      vertex 37.5827 -42.8549 16
      vertex 30.269 -38.7523 16
    endloop
  endfacet
  facet normal 0 0 1
    outer loop
      vertex 37.5827 -42.8549 16
      vertex 30.1822 -42.7319 16
      vertex 30.3153 -42.9946 16
    endloop
  endfacet
  facet normal -0 0 1
    outer loop
      vertex 30.032 -39.2911 16
      vertex 37.5827 -42.8549 16
      vertex 30.1417 -39.0178 16
    endloop
  endfacet
  facet normal 0 0 1
    outer loop
      vertex 37.5827 -42.8549 16
      vertex 30.0665 -42.4611 16
      vertex 30.1822 -42.7319 16
    endloop
  endfacet
  facet normal -0 0 1
    outer loop
      vertex 29.9404 -39.5709 16
      vertex 37.5827 -42.8549 16
      vertex 30.032 -39.2911 16
    endloop
  endfacet
  facet normal 0 0 1
    outer loop
      vertex 37.5827 -42.8549 16
      vertex 29.9689 -42.1833 16
      vertex 30.0665 -42.4611 16
    endloop
  endfacet
  facet normal -0 0 1
    outer loop
      vertex 29.8672 -39.8562 16
      vertex 37.5827 -42.8549 16
      vertex 29.9404 -39.5709 16
    endloop
  endfacet
  facet normal 0 0 1
    outer loop
      vertex 37.5827 -42.8549 16
      vertex 29.8895 -41.8998 16
      vertex 29.9689 -42.1833 16
    endloop
  endfacet
  facet normal -0 0 1
    outer loop
      vertex 29.813 -40.1456 16
      vertex 37.5827 -42.8549 16
      vertex 29.8672 -39.8562 16
    endloop
  endfacet
  facet normal 0 0 1
    outer loop
      vertex 37.5827 -42.8549 16
      vertex 29.8289 -41.6116 16
      vertex 29.8895 -41.8998 16
    endloop
  endfacet
  facet normal -0 0 1
    outer loop
      vertex 29.7777 -40.438 16
      vertex 37.5827 -42.8549 16
      vertex 29.813 -40.1456 16
    endloop
  endfacet
  facet normal 0 0 1
    outer loop
      vertex 37.5827 -42.8549 16
      vertex 29.7873 -41.3201 16
      vertex 29.8289 -41.6116 16
    endloop
  endfacet
  facet normal 0 0 1
    outer loop
      vertex 37.5827 -42.8549 16
      vertex 29.7777 -40.438 16
      vertex 29.7873 -41.3201 16
    endloop
  endfacet
  facet normal 0 0 1
    outer loop
      vertex 29.7777 -40.438 16
      vertex 29.7649 -41.0265 16
      vertex 29.7873 -41.3201 16
    endloop
  endfacet
  facet normal 0 -0 1
    outer loop
      vertex 29.7649 -41.0265 16
      vertex 29.7777 -40.438 16
      vertex 29.7617 -40.732 16
    endloop
  endfacet
  facet normal 0.786731 0.617297 0
    outer loop
      vertex 37.8896 -38.1693 16
      vertex 37.7078 -37.9376 0
      vertex 37.7078 -37.9376 16
    endloop
  endfacet
  facet normal 0.786731 0.617297 0
    outer loop
      vertex 37.7078 -37.9376 0
      vertex 37.8896 -38.1693 16
      vertex 37.8896 -38.1693 0
    endloop
  endfacet
  facet normal -0.509393 0.860534 0
    outer loop
      vertex 32.0961 -36.8849 0
      vertex 31.8427 -37.0349 16
      vertex 32.0961 -36.8849 16
    endloop
  endfacet
  facet normal -0.509393 0.860534 0
    outer loop
      vertex 31.8427 -37.0349 16
      vertex 32.0961 -36.8849 0
      vertex 31.8427 -37.0349 0
    endloop
  endfacet
  facet normal -0.744761 -0.667331 0
    outer loop
      vertex 31.0099 -43.942 0
      vertex 30.8134 -43.7227 16
      vertex 30.8134 -43.7227 0
    endloop
  endfacet
  facet normal -0.744761 -0.667331 0
    outer loop
      vertex 30.8134 -43.7227 16
      vertex 31.0099 -43.942 0
      vertex 31.0099 -43.942 16
    endloop
  endfacet
  facet normal 0.963059 0.26929 0
    outer loop
      vertex 38.6316 -39.7606 16
      vertex 38.5523 -39.477 0
      vertex 38.5523 -39.477 16
    endloop
  endfacet
  facet normal 0.963059 0.26929 0
    outer loop
      vertex 38.5523 -39.477 0
      vertex 38.6316 -39.7606 16
      vertex 38.6316 -39.7606 0
    endloop
  endfacet
  facet normal -0.600217 -0.799837 0
    outer loop
      vertex 31.4439 -44.3396 0
      vertex 31.6795 -44.5164 16
      vertex 31.4439 -44.3396 16
    endloop
  endfacet
  facet normal -0.600217 -0.799837 -0
    outer loop
      vertex 31.6795 -44.5164 16
      vertex 31.4439 -44.3396 0
      vertex 31.6795 -44.5164 0
    endloop
  endfacet
  facet normal -0.919584 -0.392894 0
    outer loop
      vertex 30.1822 -42.7319 0
      vertex 30.0665 -42.4611 16
      vertex 30.0665 -42.4611 0
    endloop
  endfacet
  facet normal -0.919584 -0.392894 0
    outer loop
      vertex 30.0665 -42.4611 16
      vertex 30.1822 -42.7319 0
      vertex 30.1822 -42.7319 16
    endloop
  endfacet
  facet normal 0.94336 0.331772 0
    outer loop
      vertex 38.5523 -39.477 16
      vertex 38.4546 -39.1992 0
      vertex 38.4546 -39.1992 16
    endloop
  endfacet
  facet normal 0.94336 0.331772 0
    outer loop
      vertex 38.4546 -39.1992 0
      vertex 38.5523 -39.477 16
      vertex 38.5523 -39.477 0
    endloop
  endfacet
  facet normal 0.11956 0.992827 -0
    outer loop
      vertex 34.9451 -36.3825 0
      vertex 34.6528 -36.3473 16
      vertex 34.9451 -36.3825 16
    endloop
  endfacet
  facet normal 0.11956 0.992827 0
    outer loop
      vertex 34.6528 -36.3473 16
      vertex 34.9451 -36.3825 0
      vertex 34.6528 -36.3473 0
    endloop
  endfacet
  facet normal -0.982911 0.184083 0
    outer loop
      vertex 29.813 -40.1456 0
      vertex 29.8672 -39.8562 16
      vertex 29.8672 -39.8562 0
    endloop
  endfacet
  facet normal -0.982911 0.184083 0
    outer loop
      vertex 29.8672 -39.8562 16
      vertex 29.813 -40.1456 0
      vertex 29.813 -40.1456 16
    endloop
  endfacet
  facet normal -0.928031 0.372503 0
    outer loop
      vertex 30.032 -39.2911 0
      vertex 30.1417 -39.0178 16
      vertex 30.1417 -39.0178 0
    endloop
  endfacet
  facet normal -0.928031 0.372503 0
    outer loop
      vertex 30.1417 -39.0178 16
      vertex 30.032 -39.2911 0
      vertex 30.032 -39.2911 16
    endloop
  endfacet
  facet normal -0.392894 0.919584 0
    outer loop
      vertex 32.6296 -36.6361 0
      vertex 32.3588 -36.7518 16
      vertex 32.6296 -36.6361 16
    endloop
  endfacet
  facet normal -0.392894 0.919584 0
    outer loop
      vertex 32.3588 -36.7518 16
      vertex 32.6296 -36.6361 0
      vertex 32.3588 -36.7518 0
    endloop
  endfacet
  facet normal -0.968626 0.248522 0
    outer loop
      vertex 29.8672 -39.8562 0
      vertex 29.9404 -39.5709 16
      vertex 29.9404 -39.5709 0
    endloop
  endfacet
  facet normal -0.968626 0.248522 0
    outer loop
      vertex 29.9404 -39.5709 16
      vertex 29.8672 -39.8562 0
      vertex 29.8672 -39.8562 16
    endloop
  endfacet
  facet normal 0.18435 0.982861 -0
    outer loop
      vertex 35.2346 -36.4368 0
      vertex 34.9451 -36.3825 16
      vertex 35.2346 -36.4368 16
    endloop
  endfacet
  facet normal 0.18435 0.982861 0
    outer loop
      vertex 34.9451 -36.3825 16
      vertex 35.2346 -36.4368 0
      vertex 34.9451 -36.3825 0
    endloop
  endfacet
  facet normal 0.825407 0.564538 0
    outer loop
      vertex 38.0558 -38.4123 16
      vertex 37.8896 -38.1693 0
      vertex 37.8896 -38.1693 16
    endloop
  endfacet
  facet normal 0.825407 0.564538 0
    outer loop
      vertex 37.8896 -38.1693 0
      vertex 38.0558 -38.4123 16
      vertex 38.0558 -38.4123 0
    endloop
  endfacet
  facet normal 0.919706 0.392607 0
    outer loop
      vertex 38.4546 -39.1992 16
      vertex 38.339 -38.9284 0
      vertex 38.339 -38.9284 16
    endloop
  endfacet
  facet normal 0.919706 0.392607 0
    outer loop
      vertex 38.339 -38.9284 0
      vertex 38.4546 -39.1992 16
      vertex 38.4546 -39.1992 0
    endloop
  endfacet
  facet normal -0.546444 -0.837496 0
    outer loop
      vertex 31.6795 -44.5164 0
      vertex 31.9261 -44.6773 16
      vertex 31.6795 -44.5164 16
    endloop
  endfacet
  facet normal -0.546444 -0.837496 -0
    outer loop
      vertex 31.9261 -44.6773 16
      vertex 31.6795 -44.5164 0
      vertex 31.9261 -44.6773 0
    endloop
  endfacet
  facet normal 0.982849 -0.184412 0
    outer loop
      vertex 38.6539 -41.8041 16
      vertex 38.7082 -41.5147 0
      vertex 38.7082 -41.5147 16
    endloop
  endfacet
  facet normal 0.982849 -0.184412 0
    outer loop
      vertex 38.7082 -41.5147 0
      vertex 38.6539 -41.8041 16
      vertex 38.6539 -41.8041 0
    endloop
  endfacet
  facet normal 0.0546614 0.998505 -0
    outer loop
      vertex 34.6528 -36.3473 0
      vertex 34.3587 -36.3312 16
      vertex 34.6528 -36.3473 16
    endloop
  endfacet
  facet normal 0.0546614 0.998505 0
    outer loop
      vertex 34.3587 -36.3312 16
      vertex 34.6528 -36.3473 0
      vertex 34.3587 -36.3312 0
    endloop
  endfacet
  facet normal 0.860534 0.509393 0
    outer loop
      vertex 38.2058 -38.6657 16
      vertex 38.0558 -38.4123 0
      vertex 38.0558 -38.4123 16
    endloop
  endfacet
  facet normal 0.860534 0.509393 0
    outer loop
      vertex 38.0558 -38.4123 0
      vertex 38.2058 -38.6657 16
      vertex 38.2058 -38.6657 0
    endloop
  endfacet
  facet normal -0.950368 0.311128 0
    outer loop
      vertex 29.9404 -39.5709 0
      vertex 30.032 -39.2911 16
      vertex 30.032 -39.2911 0
    endloop
  endfacet
  facet normal -0.950368 0.311128 0
    outer loop
      vertex 30.032 -39.2911 16
      vertex 29.9404 -39.5709 0
      vertex 29.9404 -39.5709 16
    endloop
  endfacet
  facet normal -0.0764108 0.997076 0
    outer loop
      vertex 34.0643 -36.3344 0
      vertex 33.7707 -36.3569 16
      vertex 34.0643 -36.3344 16
    endloop
  endfacet
  facet normal -0.0764108 0.997076 0
    outer loop
      vertex 33.7707 -36.3569 16
      vertex 34.0643 -36.3344 0
      vertex 33.7707 -36.3569 0
    endloop
  endfacet
  facet normal -0.451961 0.892038 0
    outer loop
      vertex 32.3588 -36.7518 0
      vertex 32.0961 -36.8849 16
      vertex 32.3588 -36.7518 16
    endloop
  endfacet
  facet normal -0.451961 0.892038 0
    outer loop
      vertex 32.0961 -36.8849 16
      vertex 32.3588 -36.7518 0
      vertex 32.0961 -36.8849 0
    endloop
  endfacet
  facet normal -0.248285 -0.968687 0
    outer loop
      vertex 33.0014 -45.1504 0
      vertex 33.2866 -45.2235 16
      vertex 33.0014 -45.1504 16
    endloop
  endfacet
  facet normal -0.248285 -0.968687 -0
    outer loop
      vertex 33.2866 -45.2235 16
      vertex 33.0014 -45.1504 0
      vertex 33.2866 -45.2235 0
    endloop
  endfacet
  facet normal -0.714705 0.699426 0
    outer loop
      vertex 30.9428 -37.79 0
      vertex 31.1488 -37.5795 16
      vertex 31.1488 -37.5795 0
    endloop
  endfacet
  facet normal -0.714705 0.699426 0
    outer loop
      vertex 31.1488 -37.5795 16
      vertex 30.9428 -37.79 0
      vertex 30.9428 -37.79 16
    endloop
  endfacet
  facet normal -0.87134 0.49068 0
    outer loop
      vertex 30.269 -38.7523 0
      vertex 30.4135 -38.4957 16
      vertex 30.4135 -38.4957 0
    endloop
  endfacet
  facet normal -0.87134 0.49068 0
    outer loop
      vertex 30.4135 -38.4957 16
      vertex 30.269 -38.7523 0
      vertex 30.269 -38.7523 16
    endloop
  endfacet
  facet normal -0.962946 -0.269693 0
    outer loop
      vertex 29.9689 -42.1833 0
      vertex 29.8895 -41.8998 16
      vertex 29.8895 -41.8998 0
    endloop
  endfacet
  facet normal -0.962946 -0.269693 0
    outer loop
      vertex 29.8895 -41.8998 16
      vertex 29.9689 -42.1833 0
      vertex 29.9689 -42.1833 16
    endloop
  endfacet
  facet normal 0.992787 -0.119895 0
    outer loop
      vertex 38.7082 -41.5147 16
      vertex 38.7435 -41.2224 0
      vertex 38.7435 -41.2224 16
    endloop
  endfacet
  facet normal 0.992787 -0.119895 0
    outer loop
      vertex 38.7435 -41.2224 0
      vertex 38.7082 -41.5147 16
      vertex 38.7082 -41.5147 0
    endloop
  endfacet
  facet normal -0.311028 -0.950401 0
    outer loop
      vertex 32.7215 -45.0588 0
      vertex 33.0014 -45.1504 16
      vertex 32.7215 -45.0588 16
    endloop
  endfacet
  facet normal -0.311028 -0.950401 -0
    outer loop
      vertex 33.0014 -45.1504 16
      vertex 32.7215 -45.0588 0
      vertex 33.0014 -45.1504 0
    endloop
  endfacet
  facet normal -0.901708 0.432345 0
    outer loop
      vertex 30.1417 -39.0178 0
      vertex 30.269 -38.7523 16
      vertex 30.269 -38.7523 0
    endloop
  endfacet
  facet normal -0.901708 0.432345 0
    outer loop
      vertex 30.269 -38.7523 16
      vertex 30.1417 -39.0178 0
      vertex 30.1417 -39.0178 16
    endloop
  endfacet
  facet normal -0.05468 -0.998504 0
    outer loop
      vertex 33.8684 -45.313 0
      vertex 34.1624 -45.3291 16
      vertex 33.8684 -45.313 16
    endloop
  endfacet
  facet normal -0.05468 -0.998504 -0
    outer loop
      vertex 34.1624 -45.3291 16
      vertex 33.8684 -45.313 0
      vertex 34.1624 -45.3291 0
    endloop
  endfacet
  facet normal -0.6675 0.74461 0
    outer loop
      vertex 31.368 -37.383 0
      vertex 31.1488 -37.5795 16
      vertex 31.368 -37.383 16
    endloop
  endfacet
  facet normal -0.6675 0.74461 0
    outer loop
      vertex 31.1488 -37.5795 16
      vertex 31.368 -37.383 0
      vertex 31.1488 -37.5795 0
    endloop
  endfacet
  facet normal -0.184412 -0.982849 0
    outer loop
      vertex 33.2866 -45.2235 0
      vertex 33.576 -45.2778 16
      vertex 33.2866 -45.2235 16
    endloop
  endfacet
  facet normal -0.184412 -0.982849 -0
    outer loop
      vertex 33.576 -45.2778 16
      vertex 33.2866 -45.2235 0
      vertex 33.576 -45.2778 0
    endloop
  endfacet
  facet normal -0.992791 0.119855 0
    outer loop
      vertex 29.7777 -40.438 0
      vertex 29.813 -40.1456 16
      vertex 29.813 -40.1456 0
    endloop
  endfacet
  facet normal -0.992791 0.119855 0
    outer loop
      vertex 29.813 -40.1456 16
      vertex 29.7777 -40.438 0
      vertex 29.7777 -40.438 16
    endloop
  endfacet
  facet normal -0.26929 0.963059 0
    outer loop
      vertex 33.191 -36.4591 0
      vertex 32.9074 -36.5384 16
      vertex 33.191 -36.4591 16
    endloop
  endfacet
  facet normal -0.26929 0.963059 0
    outer loop
      vertex 32.9074 -36.5384 16
      vertex 33.191 -36.4591 0
      vertex 32.9074 -36.5384 0
    endloop
  endfacet
  facet normal -0.651043 -0.759041 0
    outer loop
      vertex 31.2204 -44.1479 0
      vertex 31.4439 -44.3396 16
      vertex 31.2204 -44.1479 16
    endloop
  endfacet
  facet normal -0.651043 -0.759041 -0
    outer loop
      vertex 31.4439 -44.3396 16
      vertex 31.2204 -44.1479 0
      vertex 31.4439 -44.3396 0
    endloop
  endfacet
  facet normal -0.11952 -0.992832 0
    outer loop
      vertex 33.576 -45.2778 0
      vertex 33.8684 -45.313 16
      vertex 33.576 -45.2778 16
    endloop
  endfacet
  facet normal -0.11952 -0.992832 -0
    outer loop
      vertex 33.8684 -45.313 16
      vertex 33.576 -45.2778 0
      vertex 33.8684 -45.313 0
    endloop
  endfacet
  facet normal -0.998522 0.0543414 0
    outer loop
      vertex 29.7617 -40.732 0
      vertex 29.7777 -40.438 16
      vertex 29.7777 -40.438 0
    endloop
  endfacet
  facet normal -0.998522 0.0543414 0
    outer loop
      vertex 29.7777 -40.438 16
      vertex 29.7617 -40.732 0
      vertex 29.7617 -40.732 16
    endloop
  endfacet
  facet normal -0.0108689 0.999941 0
    outer loop
      vertex 34.3587 -36.3312 0
      vertex 34.0643 -36.3344 16
      vertex 34.3587 -36.3312 16
    endloop
  endfacet
  facet normal -0.0108689 0.999941 0
    outer loop
      vertex 34.0643 -36.3344 16
      vertex 34.3587 -36.3312 0
      vertex 34.0643 -36.3344 0
    endloop
  endfacet
  facet normal -0.564769 0.825249 0
    outer loop
      vertex 31.8427 -37.0349 0
      vertex 31.5997 -37.2012 16
      vertex 31.8427 -37.0349 16
    endloop
  endfacet
  facet normal -0.564769 0.825249 0
    outer loop
      vertex 31.5997 -37.2012 16
      vertex 31.8427 -37.0349 0
      vertex 31.5997 -37.2012 0
    endloop
  endfacet
  facet normal -0.617297 0.786731 0
    outer loop
      vertex 31.5997 -37.2012 0
      vertex 31.368 -37.383 16
      vertex 31.5997 -37.2012 16
    endloop
  endfacet
  facet normal -0.617297 0.786731 0
    outer loop
      vertex 31.368 -37.383 16
      vertex 31.5997 -37.2012 0
      vertex 31.368 -37.383 0
    endloop
  endfacet
  facet normal -0.8 0.6 0
    outer loop
      vertex 30.5744 -38.2491 0
      vertex 30.7511 -38.0135 16
      vertex 30.7511 -38.0135 0
    endloop
  endfacet
  facet normal -0.8 0.6 0
    outer loop
      vertex 30.7511 -38.0135 16
      vertex 30.5744 -38.2491 0
      vertex 30.5744 -38.2491 16
    endloop
  endfacet
  facet normal -0.205771 0.9786 0
    outer loop
      vertex 33.4792 -36.3985 0
      vertex 33.191 -36.4591 16
      vertex 33.4792 -36.3985 16
    endloop
  endfacet
  facet normal -0.205771 0.9786 0
    outer loop
      vertex 33.191 -36.4591 16
      vertex 33.4792 -36.3985 0
      vertex 33.191 -36.4591 0
    endloop
  endfacet
  facet normal -0.860534 -0.509393 0
    outer loop
      vertex 30.4653 -43.248 0
      vertex 30.3153 -42.9946 16
      vertex 30.3153 -42.9946 0
    endloop
  endfacet
  facet normal -0.860534 -0.509393 0
    outer loop
      vertex 30.3153 -42.9946 16
      vertex 30.4653 -43.248 0
      vertex 30.4653 -43.248 16
    endloop
  endfacet
  facet normal -0.837496 0.546444 0
    outer loop
      vertex 30.4135 -38.4957 0
      vertex 30.5744 -38.2491 16
      vertex 30.5744 -38.2491 0
    endloop
  endfacet
  facet normal -0.837496 0.546444 0
    outer loop
      vertex 30.5744 -38.2491 16
      vertex 30.4135 -38.4957 0
      vertex 30.4135 -38.4957 16
    endloop
  endfacet
  facet normal -0.997102 -0.0760732 0
    outer loop
      vertex 29.7873 -41.3201 0
      vertex 29.7649 -41.0265 16
      vertex 29.7649 -41.0265 0
    endloop
  endfacet
  facet normal -0.997102 -0.0760732 0
    outer loop
      vertex 29.7649 -41.0265 16
      vertex 29.7873 -41.3201 0
      vertex 29.7873 -41.3201 16
    endloop
  endfacet
  facet normal 0 0 -1
    outer loop
      vertex 39.5607 45.1104 72
      vertex 36.7696 48.0833 72
      vertex 42.4264 42.4264 72
    endloop
  endfacet
  facet normal 0 0 -1
    outer loop
      vertex 36.5257 47.6012 72
      vertex 36.7696 48.0833 72
      vertex 39.5607 45.1104 72
    endloop
  endfacet
  facet normal 0 0 -1
    outer loop
      vertex 36.7696 48.0833 72
      vertex 36.5257 47.6012 72
      vertex 36.3869 47.7006 72
    endloop
  endfacet
  facet normal 0 0 -1
    outer loop
      vertex 47.6012 36.5257 72
      vertex 48.0833 36.7696 72
      vertex 47.7006 36.3869 72
    endloop
  endfacet
  facet normal 0 0 -1
    outer loop
      vertex 45.1104 39.5607 72
      vertex 48.0833 36.7696 72
      vertex 47.6012 36.5257 72
    endloop
  endfacet
  facet normal 0 0 -1
    outer loop
      vertex 48.0833 36.7696 72
      vertex 45.1104 39.5607 72
      vertex 42.4264 42.4264 72
    endloop
  endfacet
  facet normal 0.553868 0.553868 -0.621659
    outer loop
      vertex 51.6188 40.3051 78.3
      vertex 45.4664 44.1108 76.2092
      vertex 45.4692 44.1942 76.286
    endloop
  endfacet
  facet normal 0.553898 0.55399 -0.621524
    outer loop
      vertex 51.6188 40.3051 78.3
      vertex 45.4583 44.0278 76.128
      vertex 45.4664 44.1108 76.2092
    endloop
  endfacet
  facet normal 0.553847 0.553757 -0.621777
    outer loop
      vertex 51.6188 40.3051 78.3
      vertex 45.4447 43.9454 76.0425
      vertex 45.4583 44.0278 76.128
    endloop
  endfacet
  facet normal 0.553887 0.55396 -0.621561
    outer loop
      vertex 51.6188 40.3051 78.3
      vertex 45.4257 43.8642 75.9532
      vertex 45.4447 43.9454 76.0425
    endloop
  endfacet
  facet normal 0.553841 0.553702 -0.621831
    outer loop
      vertex 51.6188 40.3051 78.3
      vertex 45.4015 43.7843 75.8605
      vertex 45.4257 43.8642 75.9532
    endloop
  endfacet
  facet normal 0.553874 0.553909 -0.621618
    outer loop
      vertex 51.6188 40.3051 78.3
      vertex 45.3721 43.7063 75.7648
      vertex 45.4015 43.7843 75.8605
    endloop
  endfacet
  facet normal 0.553886 0.554003 -0.621523
    outer loop
      vertex 51.6188 40.3051 78.3
      vertex 45.3377 43.6303 75.6664
      vertex 45.3721 43.7063 75.7648
    endloop
  endfacet
  facet normal 0.553875 0.553907 -0.621619
    outer loop
      vertex 51.6188 40.3051 78.3
      vertex 45.2984 43.5567 75.5658
      vertex 45.3377 43.6303 75.6664
    endloop
  endfacet
  facet normal 0.553852 0.553654 -0.621865
    outer loop
      vertex 51.6188 40.3051 78.3
      vertex 45.2543 43.4858 75.4634
      vertex 45.2984 43.5567 75.5658
    endloop
  endfacet
  facet normal 0.553866 0.553844 -0.621683
    outer loop
      vertex 51.6188 40.3051 78.3
      vertex 45.2057 43.418 75.3597
      vertex 45.2543 43.4858 75.4634
    endloop
  endfacet
  facet normal 0.553867 0.553878 -0.621651
    outer loop
      vertex 51.6188 40.3051 78.3
      vertex 45.1528 43.3535 75.2551
      vertex 45.2057 43.418 75.3597
    endloop
  endfacet
  facet normal 0.553863 0.553744 -0.621775
    outer loop
      vertex 51.6188 40.3051 78.3
      vertex 45.0957 43.2926 75.15
      vertex 45.1528 43.3535 75.2551
    endloop
  endfacet
  facet normal 0.554084 0.553881 -0.621455
    outer loop
      vertex 48.0833 36.7696 72
      vertex 45.0348 43.2356 75.0449
      vertex 45.0957 43.2926 75.15
    endloop
  endfacet
  facet normal 0.553533 0.553861 -0.621964
    outer loop
      vertex 48.0833 36.7696 72
      vertex 44.9703 43.1826 74.9403
      vertex 45.0348 43.2356 75.0449
    endloop
  endfacet
  facet normal 0.553834 0.553877 -0.621682
    outer loop
      vertex 48.0833 36.7696 72
      vertex 44.9025 43.134 74.8366
      vertex 44.9703 43.1826 74.9403
    endloop
  endfacet
  facet normal 0.554288 0.553911 -0.621247
    outer loop
      vertex 48.0833 36.7696 72
      vertex 44.8317 43.09 74.7342
      vertex 44.9025 43.134 74.8366
    endloop
  endfacet
  facet normal 0.553907 0.553875 -0.621619
    outer loop
      vertex 48.0833 36.7696 72
      vertex 44.7581 43.0507 74.6336
      vertex 44.8317 43.09 74.7342
    endloop
  endfacet
  facet normal 0.553691 0.553851 -0.621833
    outer loop
      vertex 48.0833 36.7696 72
      vertex 44.6821 43.0162 74.5352
      vertex 44.7581 43.0507 74.6336
    endloop
  endfacet
  facet normal 0.553595 0.553838 -0.621929
    outer loop
      vertex 48.0833 36.7696 72
      vertex 44.604 42.9868 74.4395
      vertex 44.6821 43.0162 74.5352
    endloop
  endfacet
  facet normal 0.55435 0.553955 -0.621152
    outer loop
      vertex 48.0833 36.7696 72
      vertex 44.5242 42.9626 74.3467
      vertex 44.604 42.9868 74.4395
    endloop
  endfacet
  facet normal 0.553611 0.553824 -0.621927
    outer loop
      vertex 48.0833 36.7696 72
      vertex 44.4429 42.9437 74.2575
      vertex 44.5242 42.9626 74.3467
    endloop
  endfacet
  facet normal 0.554068 0.553915 -0.621439
    outer loop
      vertex 48.0833 36.7696 72
      vertex 44.3606 42.9301 74.172
      vertex 44.4429 42.9437 74.2575
    endloop
  endfacet
  facet normal 0.55367 0.553827 -0.621872
    outer loop
      vertex 48.0833 36.7696 72
      vertex 44.2776 42.9219 74.0908
      vertex 44.3606 42.9301 74.172
    endloop
  endfacet
  facet normal 0.554193 0.553954 -0.621293
    outer loop
      vertex 48.0833 36.7696 72
      vertex 44.1942 42.9192 74.014
      vertex 44.2776 42.9219 74.0908
    endloop
  endfacet
  facet normal 0.553855 0.553865 -0.621673
    outer loop
      vertex 42.4264 42.4264 72
      vertex 44.1942 42.9192 74.014
      vertex 48.0833 36.7696 72
    endloop
  endfacet
  facet normal 0.5527 0.555661 -0.621099
    outer loop
      vertex 44.1942 42.9192 74.014
      vertex 42.4264 42.4264 72
      vertex 44.1108 42.9219 73.9422
    endloop
  endfacet
  facet normal 0.554418 0.553028 -0.621917
    outer loop
      vertex 44.1108 42.9219 73.9422
      vertex 42.4264 42.4264 72
      vertex 44.0278 42.9301 73.8755
    endloop
  endfacet
  facet normal 0.553896 0.553815 -0.621682
    outer loop
      vertex 44.0278 42.9301 73.8755
      vertex 42.4264 42.4264 72
      vertex 43.9454 42.9437 73.8142
    endloop
  endfacet
  facet normal 0.553827 0.553915 -0.621654
    outer loop
      vertex 43.9454 42.9437 73.8142
      vertex 42.4264 42.4264 72
      vertex 43.8642 42.9626 73.7587
    endloop
  endfacet
  facet normal 0.55305 0.555024 -0.621356
    outer loop
      vertex 43.8642 42.9626 73.7587
      vertex 42.4264 42.4264 72
      vertex 43.7843 42.9868 73.7092
    endloop
  endfacet
  facet normal 0.554463 0.553072 -0.621838
    outer loop
      vertex 43.7843 42.9868 73.7092
      vertex 42.4264 42.4264 72
      vertex 43.7063 43.0162 73.6658
    endloop
  endfacet
  facet normal 0.554011 0.553674 -0.621705
    outer loop
      vertex 43.7063 43.0162 73.6658
      vertex 42.4264 42.4264 72
      vertex 43.6303 43.0507 73.6288
    endloop
  endfacet
  facet normal 0.554083 0.553582 -0.621723
    outer loop
      vertex 43.6303 43.0507 73.6288
      vertex 42.4264 42.4264 72
      vertex 43.5567 43.09 73.5982
    endloop
  endfacet
  facet normal 0.553 0.554906 -0.621506
    outer loop
      vertex 43.5567 43.09 73.5982
      vertex 42.4264 42.4264 72
      vertex 43.4858 43.134 73.5744
    endloop
  endfacet
  facet normal 0.554353 0.553328 -0.621708
    outer loop
      vertex 43.4858 43.134 73.5744
      vertex 42.4264 42.4264 72
      vertex 43.418 43.1826 73.5572
    endloop
  endfacet
  facet normal 0.554142 0.553562 -0.621687
    outer loop
      vertex 43.418 43.1826 73.5572
      vertex 42.4264 42.4264 72
      vertex 43.3535 43.2356 73.5469
    endloop
  endfacet
  facet normal 0.553476 0.554264 -0.621655
    outer loop
      vertex 43.3535 43.2356 73.5469
      vertex 42.4264 42.4264 72
      vertex 43.2926 43.2926 73.5435
    endloop
  endfacet
  facet normal 0.553815 0.553896 -0.621682
    outer loop
      vertex 42.9437 43.9454 73.8142
      vertex 42.4264 42.4264 72
      vertex 42.9301 44.0278 73.8755
    endloop
  endfacet
  facet normal 0.553915 0.553827 -0.621654
    outer loop
      vertex 42.9626 43.8642 73.7587
      vertex 42.4264 42.4264 72
      vertex 42.9437 43.9454 73.8142
    endloop
  endfacet
  facet normal 0.555024 0.55305 -0.621356
    outer loop
      vertex 42.9868 43.7843 73.7092
      vertex 42.4264 42.4264 72
      vertex 42.9626 43.8642 73.7587
    endloop
  endfacet
  facet normal 0.553072 0.554463 -0.621838
    outer loop
      vertex 43.0162 43.7063 73.6658
      vertex 42.4264 42.4264 72
      vertex 42.9868 43.7843 73.7092
    endloop
  endfacet
  facet normal 0.553674 0.554011 -0.621705
    outer loop
      vertex 43.0507 43.6303 73.6288
      vertex 42.4264 42.4264 72
      vertex 43.0162 43.7063 73.6658
    endloop
  endfacet
  facet normal 0.553582 0.554083 -0.621723
    outer loop
      vertex 43.09 43.5567 73.5982
      vertex 42.4264 42.4264 72
      vertex 43.0507 43.6303 73.6288
    endloop
  endfacet
  facet normal 0.554906 0.553 -0.621506
    outer loop
      vertex 43.134 43.4858 73.5744
      vertex 42.4264 42.4264 72
      vertex 43.09 43.5567 73.5982
    endloop
  endfacet
  facet normal 0.553328 0.554353 -0.621708
    outer loop
      vertex 43.1826 43.418 73.5572
      vertex 42.4264 42.4264 72
      vertex 43.134 43.4858 73.5744
    endloop
  endfacet
  facet normal 0.553562 0.554142 -0.621687
    outer loop
      vertex 43.2356 43.3535 73.5469
      vertex 42.4264 42.4264 72
      vertex 43.1826 43.418 73.5572
    endloop
  endfacet
  facet normal 0.554264 0.553476 -0.621655
    outer loop
      vertex 43.2926 43.2926 73.5435
      vertex 42.4264 42.4264 72
      vertex 43.2356 43.3535 73.5469
    endloop
  endfacet
  facet normal 0.553865 0.553877 -0.621654
    outer loop
      vertex 45.0957 43.2926 75.15
      vertex 51.6188 40.3051 78.3
      vertex 48.0833 36.7696 72
    endloop
  endfacet
  facet normal 0.553858 0.553827 -0.621705
    outer loop
      vertex 45.4664 44.2776 76.3578
      vertex 51.6188 40.3051 78.3
      vertex 45.4692 44.1942 76.286
    endloop
  endfacet
  facet normal 0.553833 0.55374 -0.621805
    outer loop
      vertex 45.4583 44.3606 76.4245
      vertex 51.6188 40.3051 78.3
      vertex 45.4664 44.2776 76.3578
    endloop
  endfacet
  facet normal 0.553988 0.554248 -0.621214
    outer loop
      vertex 45.4447 44.4429 76.4858
      vertex 51.6188 40.3051 78.3
      vertex 45.4583 44.3606 76.4245
    endloop
  endfacet
  facet normal 0.553856 0.553841 -0.621694
    outer loop
      vertex 45.4257 44.5242 76.5413
      vertex 51.6188 40.3051 78.3
      vertex 45.4447 44.4429 76.4858
    endloop
  endfacet
  facet normal 0.553805 0.553693 -0.621871
    outer loop
      vertex 45.4015 44.604 76.5908
      vertex 51.6188 40.3051 78.3
      vertex 45.4257 44.5242 76.5413
    endloop
  endfacet
  facet normal 0.553888 0.553923 -0.621592
    outer loop
      vertex 45.3721 44.6821 76.6342
      vertex 51.6188 40.3051 78.3
      vertex 45.4015 44.604 76.5908
    endloop
  endfacet
  facet normal 0.553731 0.553504 -0.622106
    outer loop
      vertex 45.3377 44.7581 76.6712
      vertex 51.6188 40.3051 78.3
      vertex 45.3721 44.6821 76.6342
    endloop
  endfacet
  facet normal 0.553974 0.554129 -0.621332
    outer loop
      vertex 45.2984 44.8317 76.7018
      vertex 51.6188 40.3051 78.3
      vertex 45.3377 44.7581 76.6712
    endloop
  endfacet
  facet normal 0.553904 0.553955 -0.621549
    outer loop
      vertex 45.2543 44.9025 76.7256
      vertex 51.6188 40.3051 78.3
      vertex 45.2984 44.8317 76.7018
    endloop
  endfacet
  facet normal 0.554213 0.554707 -0.620603
    outer loop
      vertex 45.2057 44.9703 76.7428
      vertex 51.6188 40.3051 78.3
      vertex 45.2543 44.9025 76.7256
    endloop
  endfacet
  facet normal 0.553693 0.553468 -0.622172
    outer loop
      vertex 45.1528 45.0348 76.7531
      vertex 51.6188 40.3051 78.3
      vertex 45.2057 44.9703 76.7428
    endloop
  endfacet
  facet normal 0.553954 0.554081 -0.621393
    outer loop
      vertex 45.0957 45.0957 76.7565
      vertex 51.6188 40.3051 78.3
      vertex 45.1528 45.0348 76.7531
    endloop
  endfacet
  facet normal 0.554081 0.553954 -0.621393
    outer loop
      vertex 40.3051 51.6188 78.3
      vertex 45.0957 45.0957 76.7565
      vertex 45.0348 45.1528 76.7531
    endloop
  endfacet
  facet normal 0.553468 0.553693 -0.622172
    outer loop
      vertex 40.3051 51.6188 78.3
      vertex 45.0348 45.1528 76.7531
      vertex 44.9703 45.2057 76.7428
    endloop
  endfacet
  facet normal 0.553028 0.554418 -0.621917
    outer loop
      vertex 42.9301 44.0278 73.8755
      vertex 42.4264 42.4264 72
      vertex 42.9219 44.1108 73.9422
    endloop
  endfacet
  facet normal 0.555661 0.5527 -0.621099
    outer loop
      vertex 42.9219 44.1108 73.9422
      vertex 42.4264 42.4264 72
      vertex 42.9192 44.1942 74.014
    endloop
  endfacet
  facet normal 0.55168 0.555255 -0.622367
    outer loop
      vertex 42.9192 44.1942 74.014
      vertex 42.4264 42.4264 72
      vertex 42.9219 44.2776 74.0908
    endloop
  endfacet
  facet normal 0.553875 0.553865 -0.621656
    outer loop
      vertex 36.7696 48.0833 72
      vertex 42.9219 44.2776 74.0908
      vertex 42.4264 42.4264 72
    endloop
  endfacet
  facet normal 0.553827 0.55367 -0.621872
    outer loop
      vertex 42.9219 44.2776 74.0908
      vertex 36.7696 48.0833 72
      vertex 42.9301 44.3606 74.172
    endloop
  endfacet
  facet normal 0.553915 0.554068 -0.621439
    outer loop
      vertex 42.9301 44.3606 74.172
      vertex 36.7696 48.0833 72
      vertex 42.9437 44.4429 74.2575
    endloop
  endfacet
  facet normal 0.553858 0.553858 -0.621677
    outer loop
      vertex 45.0957 45.0957 76.7565
      vertex 40.3051 51.6188 78.3
      vertex 51.6188 40.3051 78.3
    endloop
  endfacet
  facet normal 0.554707 0.554213 -0.620603
    outer loop
      vertex 44.9025 45.2543 76.7256
      vertex 40.3051 51.6188 78.3
      vertex 44.9703 45.2057 76.7428
    endloop
  endfacet
  facet normal 0.553955 0.553904 -0.621549
    outer loop
      vertex 44.8317 45.2984 76.7018
      vertex 40.3051 51.6188 78.3
      vertex 44.9025 45.2543 76.7256
    endloop
  endfacet
  facet normal 0.554129 0.553974 -0.621332
    outer loop
      vertex 44.7581 45.3377 76.6712
      vertex 40.3051 51.6188 78.3
      vertex 44.8317 45.2984 76.7018
    endloop
  endfacet
  facet normal 0.553504 0.553731 -0.622106
    outer loop
      vertex 44.6821 45.3721 76.6342
      vertex 40.3051 51.6188 78.3
      vertex 44.7581 45.3377 76.6712
    endloop
  endfacet
  facet normal 0.553923 0.553888 -0.621592
    outer loop
      vertex 44.604 45.4015 76.5908
      vertex 40.3051 51.6188 78.3
      vertex 44.6821 45.3721 76.6342
    endloop
  endfacet
  facet normal 0.553693 0.553805 -0.621871
    outer loop
      vertex 44.5242 45.4257 76.5413
      vertex 40.3051 51.6188 78.3
      vertex 44.604 45.4015 76.5908
    endloop
  endfacet
  facet normal 0.553841 0.553856 -0.621694
    outer loop
      vertex 44.4429 45.4447 76.4858
      vertex 40.3051 51.6188 78.3
      vertex 44.5242 45.4257 76.5413
    endloop
  endfacet
  facet normal 0.554248 0.553988 -0.621214
    outer loop
      vertex 44.3606 45.4583 76.4245
      vertex 40.3051 51.6188 78.3
      vertex 44.4429 45.4447 76.4858
    endloop
  endfacet
  facet normal 0.55374 0.553833 -0.621805
    outer loop
      vertex 44.2776 45.4664 76.3578
      vertex 40.3051 51.6188 78.3
      vertex 44.3606 45.4583 76.4245
    endloop
  endfacet
  facet normal 0.553827 0.553858 -0.621705
    outer loop
      vertex 44.1942 45.4692 76.286
      vertex 40.3051 51.6188 78.3
      vertex 44.2776 45.4664 76.3578
    endloop
  endfacet
  facet normal 0.553868 0.553868 -0.621659
    outer loop
      vertex 44.1108 45.4664 76.2092
      vertex 40.3051 51.6188 78.3
      vertex 44.1942 45.4692 76.286
    endloop
  endfacet
  facet normal 0.55399 0.553898 -0.621524
    outer loop
      vertex 44.0278 45.4583 76.128
      vertex 40.3051 51.6188 78.3
      vertex 44.1108 45.4664 76.2092
    endloop
  endfacet
  facet normal 0.553757 0.553847 -0.621777
    outer loop
      vertex 43.9454 45.4447 76.0425
      vertex 40.3051 51.6188 78.3
      vertex 44.0278 45.4583 76.128
    endloop
  endfacet
  facet normal 0.55396 0.553887 -0.621561
    outer loop
      vertex 43.8642 45.4257 75.9532
      vertex 40.3051 51.6188 78.3
      vertex 43.9454 45.4447 76.0425
    endloop
  endfacet
  facet normal 0.553702 0.553841 -0.621831
    outer loop
      vertex 43.7843 45.4015 75.8605
      vertex 40.3051 51.6188 78.3
      vertex 43.8642 45.4257 75.9532
    endloop
  endfacet
  facet normal 0.553909 0.553874 -0.621618
    outer loop
      vertex 43.7063 45.3721 75.7648
      vertex 40.3051 51.6188 78.3
      vertex 43.7843 45.4015 75.8605
    endloop
  endfacet
  facet normal 0.554003 0.553886 -0.621523
    outer loop
      vertex 43.6303 45.3377 75.6664
      vertex 40.3051 51.6188 78.3
      vertex 43.7063 45.3721 75.7648
    endloop
  endfacet
  facet normal 0.553907 0.553875 -0.621619
    outer loop
      vertex 43.5567 45.2984 75.5658
      vertex 40.3051 51.6188 78.3
      vertex 43.6303 45.3377 75.6664
    endloop
  endfacet
  facet normal 0.553654 0.553852 -0.621865
    outer loop
      vertex 43.4858 45.2543 75.4634
      vertex 40.3051 51.6188 78.3
      vertex 43.5567 45.2984 75.5658
    endloop
  endfacet
  facet normal 0.553844 0.553866 -0.621683
    outer loop
      vertex 43.418 45.2057 75.3597
      vertex 40.3051 51.6188 78.3
      vertex 43.4858 45.2543 75.4634
    endloop
  endfacet
  facet normal 0.553878 0.553867 -0.621651
    outer loop
      vertex 43.3535 45.1528 75.2551
      vertex 40.3051 51.6188 78.3
      vertex 43.418 45.2057 75.3597
    endloop
  endfacet
  facet normal 0.553744 0.553863 -0.621775
    outer loop
      vertex 43.2926 45.0957 75.15
      vertex 40.3051 51.6188 78.3
      vertex 43.3535 45.1528 75.2551
    endloop
  endfacet
  facet normal 0.553881 0.554084 -0.621455
    outer loop
      vertex 36.7696 48.0833 72
      vertex 43.2926 45.0957 75.15
      vertex 43.2356 45.0348 75.0449
    endloop
  endfacet
  facet normal 0.553861 0.553533 -0.621964
    outer loop
      vertex 36.7696 48.0833 72
      vertex 43.2356 45.0348 75.0449
      vertex 43.1826 44.9703 74.9403
    endloop
  endfacet
  facet normal 0.553877 0.553834 -0.621682
    outer loop
      vertex 36.7696 48.0833 72
      vertex 43.1826 44.9703 74.9403
      vertex 43.134 44.9025 74.8366
    endloop
  endfacet
  facet normal 0.553911 0.554288 -0.621247
    outer loop
      vertex 36.7696 48.0833 72
      vertex 43.134 44.9025 74.8366
      vertex 43.09 44.8317 74.7342
    endloop
  endfacet
  facet normal 0.553875 0.553907 -0.621619
    outer loop
      vertex 36.7696 48.0833 72
      vertex 43.09 44.8317 74.7342
      vertex 43.0507 44.7581 74.6336
    endloop
  endfacet
  facet normal 0.553851 0.553691 -0.621833
    outer loop
      vertex 36.7696 48.0833 72
      vertex 43.0507 44.7581 74.6336
      vertex 43.0162 44.6821 74.5352
    endloop
  endfacet
  facet normal 0.553838 0.553595 -0.621929
    outer loop
      vertex 36.7696 48.0833 72
      vertex 43.0162 44.6821 74.5352
      vertex 42.9868 44.604 74.4395
    endloop
  endfacet
  facet normal 0.553955 0.55435 -0.621152
    outer loop
      vertex 36.7696 48.0833 72
      vertex 42.9868 44.604 74.4395
      vertex 42.9626 44.5242 74.3467
    endloop
  endfacet
  facet normal 0.553824 0.553611 -0.621927
    outer loop
      vertex 42.9437 44.4429 74.2575
      vertex 36.7696 48.0833 72
      vertex 42.9626 44.5242 74.3467
    endloop
  endfacet
  facet normal 0.553877 0.553865 -0.621654
    outer loop
      vertex 43.2926 45.0957 75.15
      vertex 36.7696 48.0833 72
      vertex 40.3051 51.6188 78.3
    endloop
  endfacet
  facet normal -0.707107 0.707107 8.46583e-16
    outer loop
      vertex 36.3869 47.7006 72
      vertex 40.3051 51.6188 78.3
      vertex 36.7696 48.0833 72
    endloop
  endfacet
  facet normal -0.707107 0.707107 0
    outer loop
      vertex 40.3051 51.6188 78.3
      vertex 36.3869 47.7006 72
      vertex 36.3869 47.7006 86
    endloop
  endfacet
  facet normal -0.707107 0.707107 0
    outer loop
      vertex 40.3051 51.6188 78.3
      vertex 36.3869 47.7006 86
      vertex 40.3051 51.6188 86
    endloop
  endfacet
  facet normal 0.707107 -0.707107 0
    outer loop
      vertex 47.7006 36.3869 86
      vertex 51.6188 40.3051 78.3
      vertex 51.6188 40.3051 86
    endloop
  endfacet
  facet normal 0.707107 -0.707107 0
    outer loop
      vertex 47.7006 36.3869 72
      vertex 51.6188 40.3051 78.3
      vertex 47.7006 36.3869 86
    endloop
  endfacet
  facet normal 0.707107 -0.707107 1.04195e-15
    outer loop
      vertex 51.6188 40.3051 78.3
      vertex 47.7006 36.3869 72
      vertex 48.0833 36.7696 72
    endloop
  endfacet
  facet normal 0.707107 0.707107 0
    outer loop
      vertex 51.6188 40.3051 86
      vertex 40.3051 51.6188 78.3
      vertex 40.3051 51.6188 86
    endloop
  endfacet
  facet normal 0.707107 0.707107 0
    outer loop
      vertex 40.3051 51.6188 78.3
      vertex 51.6188 40.3051 86
      vertex 51.6188 40.3051 78.3
    endloop
  endfacet
  facet normal -0 0 -1
    outer loop
      vertex -45.1104 39.5607 72
      vertex -48.0833 36.7696 72
      vertex -42.4264 42.4264 72
    endloop
  endfacet
  facet normal 0 0 -1
    outer loop
      vertex -47.6012 36.5257 72
      vertex -48.0833 36.7696 72
      vertex -45.1104 39.5607 72
    endloop
  endfacet
  facet normal 0 0 -1
    outer loop
      vertex -48.0833 36.7696 72
      vertex -47.6012 36.5257 72
      vertex -47.7006 36.3869 72
    endloop
  endfacet
  facet normal 0 0 -1
    outer loop
      vertex -36.5257 47.6012 72
      vertex -36.7696 48.0833 72
      vertex -36.3869 47.7006 72
    endloop
  endfacet
  facet normal 0 0 -1
    outer loop
      vertex -39.5607 45.1104 72
      vertex -36.7696 48.0833 72
      vertex -36.5257 47.6012 72
    endloop
  endfacet
  facet normal 0 0 -1
    outer loop
      vertex -36.7696 48.0833 72
      vertex -39.5607 45.1104 72
      vertex -42.4264 42.4264 72
    endloop
  endfacet
  facet normal -0.707107 -0.707107 8.46583e-16
    outer loop
      vertex -47.7006 36.3869 72
      vertex -51.6188 40.3051 78.3
      vertex -48.0833 36.7696 72
    endloop
  endfacet
  facet normal -0.707107 -0.707107 0
    outer loop
      vertex -51.6188 40.3051 78.3
      vertex -47.7006 36.3869 72
      vertex -47.7006 36.3869 86
    endloop
  endfacet
  facet normal -0.707107 -0.707107 0
    outer loop
      vertex -51.6188 40.3051 78.3
      vertex -47.7006 36.3869 86
      vertex -51.6188 40.3051 86
    endloop
  endfacet
  facet normal -0.555661 0.5527 -0.621099
    outer loop
      vertex -42.4264 42.4264 72
      vertex -42.9219 44.1108 73.9422
      vertex -42.9192 44.1942 74.014
    endloop
  endfacet
  facet normal -0.553028 0.554418 -0.621917
    outer loop
      vertex -42.4264 42.4264 72
      vertex -42.9301 44.0278 73.8755
      vertex -42.9219 44.1108 73.9422
    endloop
  endfacet
  facet normal -0.553815 0.553896 -0.621682
    outer loop
      vertex -42.4264 42.4264 72
      vertex -42.9437 43.9454 73.8142
      vertex -42.9301 44.0278 73.8755
    endloop
  endfacet
  facet normal -0.553915 0.553827 -0.621654
    outer loop
      vertex -42.4264 42.4264 72
      vertex -42.9626 43.8642 73.7587
      vertex -42.9437 43.9454 73.8142
    endloop
  endfacet
  facet normal -0.555024 0.55305 -0.621356
    outer loop
      vertex -42.4264 42.4264 72
      vertex -42.9868 43.7843 73.7092
      vertex -42.9626 43.8642 73.7587
    endloop
  endfacet
  facet normal -0.553072 0.554463 -0.621838
    outer loop
      vertex -42.4264 42.4264 72
      vertex -43.0162 43.7063 73.6658
      vertex -42.9868 43.7843 73.7092
    endloop
  endfacet
  facet normal -0.553674 0.554011 -0.621705
    outer loop
      vertex -42.4264 42.4264 72
      vertex -43.0507 43.6303 73.6288
      vertex -43.0162 43.7063 73.6658
    endloop
  endfacet
  facet normal -0.553582 0.554083 -0.621723
    outer loop
      vertex -42.4264 42.4264 72
      vertex -43.09 43.5567 73.5982
      vertex -43.0507 43.6303 73.6288
    endloop
  endfacet
  facet normal -0.554906 0.553 -0.621506
    outer loop
      vertex -42.4264 42.4264 72
      vertex -43.134 43.4858 73.5744
      vertex -43.09 43.5567 73.5982
    endloop
  endfacet
  facet normal -0.553328 0.554353 -0.621708
    outer loop
      vertex -42.4264 42.4264 72
      vertex -43.1826 43.418 73.5572
      vertex -43.134 43.4858 73.5744
    endloop
  endfacet
  facet normal -0.553562 0.554142 -0.621687
    outer loop
      vertex -42.4264 42.4264 72
      vertex -43.2356 43.3535 73.5469
      vertex -43.1826 43.418 73.5572
    endloop
  endfacet
  facet normal -0.554264 0.553476 -0.621655
    outer loop
      vertex -42.4264 42.4264 72
      vertex -43.2926 43.2926 73.5435
      vertex -43.2356 43.3535 73.5469
    endloop
  endfacet
  facet normal -0.553476 0.554264 -0.621655
    outer loop
      vertex -42.4264 42.4264 72
      vertex -43.3535 43.2356 73.5469
      vertex -43.2926 43.2926 73.5435
    endloop
  endfacet
  facet normal -0.554142 0.553562 -0.621687
    outer loop
      vertex -42.4264 42.4264 72
      vertex -43.418 43.1826 73.5572
      vertex -43.3535 43.2356 73.5469
    endloop
  endfacet
  facet normal -0.554353 0.553328 -0.621708
    outer loop
      vertex -42.4264 42.4264 72
      vertex -43.4858 43.134 73.5744
      vertex -43.418 43.1826 73.5572
    endloop
  endfacet
  facet normal -0.553 0.554906 -0.621506
    outer loop
      vertex -42.4264 42.4264 72
      vertex -43.5567 43.09 73.5982
      vertex -43.4858 43.134 73.5744
    endloop
  endfacet
  facet normal -0.554083 0.553582 -0.621723
    outer loop
      vertex -42.4264 42.4264 72
      vertex -43.6303 43.0507 73.6288
      vertex -43.5567 43.09 73.5982
    endloop
  endfacet
  facet normal -0.554011 0.553674 -0.621705
    outer loop
      vertex -42.4264 42.4264 72
      vertex -43.7063 43.0162 73.6658
      vertex -43.6303 43.0507 73.6288
    endloop
  endfacet
  facet normal -0.554463 0.553072 -0.621838
    outer loop
      vertex -42.4264 42.4264 72
      vertex -43.7843 42.9868 73.7092
      vertex -43.7063 43.0162 73.6658
    endloop
  endfacet
  facet normal -0.55305 0.555024 -0.621356
    outer loop
      vertex -42.4264 42.4264 72
      vertex -43.8642 42.9626 73.7587
      vertex -43.7843 42.9868 73.7092
    endloop
  endfacet
  facet normal -0.553827 0.553915 -0.621654
    outer loop
      vertex -42.4264 42.4264 72
      vertex -43.9454 42.9437 73.8142
      vertex -43.8642 42.9626 73.7587
    endloop
  endfacet
  facet normal -0.553896 0.553815 -0.621682
    outer loop
      vertex -42.4264 42.4264 72
      vertex -44.0278 42.9301 73.8755
      vertex -43.9454 42.9437 73.8142
    endloop
  endfacet
  facet normal -0.554418 0.553028 -0.621917
    outer loop
      vertex -42.4264 42.4264 72
      vertex -44.1108 42.9219 73.9422
      vertex -44.0278 42.9301 73.8755
    endloop
  endfacet
  facet normal -0.5527 0.555661 -0.621099
    outer loop
      vertex -42.4264 42.4264 72
      vertex -44.1942 42.9192 74.014
      vertex -44.1108 42.9219 73.9422
    endloop
  endfacet
  facet normal -0.555255 0.55168 -0.622367
    outer loop
      vertex -42.4264 42.4264 72
      vertex -44.2776 42.9219 74.0908
      vertex -44.1942 42.9192 74.014
    endloop
  endfacet
  facet normal -0.553865 0.553875 -0.621656
    outer loop
      vertex -48.0833 36.7696 72
      vertex -44.2776 42.9219 74.0908
      vertex -42.4264 42.4264 72
    endloop
  endfacet
  facet normal -0.55367 0.553827 -0.621872
    outer loop
      vertex -44.2776 42.9219 74.0908
      vertex -48.0833 36.7696 72
      vertex -44.3606 42.9301 74.172
    endloop
  endfacet
  facet normal -0.554068 0.553915 -0.621439
    outer loop
      vertex -44.3606 42.9301 74.172
      vertex -48.0833 36.7696 72
      vertex -44.4429 42.9437 74.2575
    endloop
  endfacet
  facet normal -0.553898 0.55399 -0.621524
    outer loop
      vertex -45.4583 44.0278 76.128
      vertex -51.6188 40.3051 78.3
      vertex -45.4664 44.1108 76.2092
    endloop
  endfacet
  facet normal -0.553847 0.553757 -0.621777
    outer loop
      vertex -45.4447 43.9454 76.0425
      vertex -51.6188 40.3051 78.3
      vertex -45.4583 44.0278 76.128
    endloop
  endfacet
  facet normal -0.553887 0.55396 -0.621561
    outer loop
      vertex -45.4257 43.8642 75.9532
      vertex -51.6188 40.3051 78.3
      vertex -45.4447 43.9454 76.0425
    endloop
  endfacet
  facet normal -0.553841 0.553702 -0.621831
    outer loop
      vertex -45.4015 43.7843 75.8605
      vertex -51.6188 40.3051 78.3
      vertex -45.4257 43.8642 75.9532
    endloop
  endfacet
  facet normal -0.553874 0.553909 -0.621618
    outer loop
      vertex -45.3721 43.7063 75.7648
      vertex -51.6188 40.3051 78.3
      vertex -45.4015 43.7843 75.8605
    endloop
  endfacet
  facet normal -0.553886 0.554003 -0.621523
    outer loop
      vertex -45.3377 43.6303 75.6664
      vertex -51.6188 40.3051 78.3
      vertex -45.3721 43.7063 75.7648
    endloop
  endfacet
  facet normal -0.553875 0.553907 -0.621619
    outer loop
      vertex -45.2984 43.5567 75.5658
      vertex -51.6188 40.3051 78.3
      vertex -45.3377 43.6303 75.6664
    endloop
  endfacet
  facet normal -0.553852 0.553654 -0.621865
    outer loop
      vertex -45.2543 43.4858 75.4634
      vertex -51.6188 40.3051 78.3
      vertex -45.2984 43.5567 75.5658
    endloop
  endfacet
  facet normal -0.553866 0.553844 -0.621683
    outer loop
      vertex -45.2057 43.418 75.3597
      vertex -51.6188 40.3051 78.3
      vertex -45.2543 43.4858 75.4634
    endloop
  endfacet
  facet normal -0.553867 0.553878 -0.621651
    outer loop
      vertex -45.1528 43.3535 75.2551
      vertex -51.6188 40.3051 78.3
      vertex -45.2057 43.418 75.3597
    endloop
  endfacet
  facet normal -0.553863 0.553744 -0.621775
    outer loop
      vertex -45.0957 43.2926 75.15
      vertex -51.6188 40.3051 78.3
      vertex -45.1528 43.3535 75.2551
    endloop
  endfacet
  facet normal -0.553865 0.553877 -0.621654
    outer loop
      vertex -51.6188 40.3051 78.3
      vertex -45.0957 43.2926 75.15
      vertex -48.0833 36.7696 72
    endloop
  endfacet
  facet normal -0.554084 0.553881 -0.621455
    outer loop
      vertex -45.0348 43.2356 75.0449
      vertex -48.0833 36.7696 72
      vertex -45.0957 43.2926 75.15
    endloop
  endfacet
  facet normal -0.553533 0.553861 -0.621964
    outer loop
      vertex -44.9703 43.1826 74.9403
      vertex -48.0833 36.7696 72
      vertex -45.0348 43.2356 75.0449
    endloop
  endfacet
  facet normal -0.553834 0.553877 -0.621682
    outer loop
      vertex -44.9025 43.134 74.8366
      vertex -48.0833 36.7696 72
      vertex -44.9703 43.1826 74.9403
    endloop
  endfacet
  facet normal -0.554288 0.553911 -0.621247
    outer loop
      vertex -44.8317 43.09 74.7342
      vertex -48.0833 36.7696 72
      vertex -44.9025 43.134 74.8366
    endloop
  endfacet
  facet normal -0.553907 0.553875 -0.621619
    outer loop
      vertex -44.7581 43.0507 74.6336
      vertex -48.0833 36.7696 72
      vertex -44.8317 43.09 74.7342
    endloop
  endfacet
  facet normal -0.553691 0.553851 -0.621833
    outer loop
      vertex -44.6821 43.0162 74.5352
      vertex -48.0833 36.7696 72
      vertex -44.7581 43.0507 74.6336
    endloop
  endfacet
  facet normal -0.553595 0.553838 -0.621929
    outer loop
      vertex -44.604 42.9868 74.4395
      vertex -48.0833 36.7696 72
      vertex -44.6821 43.0162 74.5352
    endloop
  endfacet
  facet normal -0.55435 0.553955 -0.621152
    outer loop
      vertex -44.5242 42.9626 74.3467
      vertex -48.0833 36.7696 72
      vertex -44.604 42.9868 74.4395
    endloop
  endfacet
  facet normal -0.553611 0.553824 -0.621927
    outer loop
      vertex -44.4429 42.9437 74.2575
      vertex -48.0833 36.7696 72
      vertex -44.5242 42.9626 74.3467
    endloop
  endfacet
  facet normal -0.553875 0.553865 -0.621656
    outer loop
      vertex -42.9219 44.2776 74.0908
      vertex -36.7696 48.0833 72
      vertex -42.4264 42.4264 72
    endloop
  endfacet
  facet normal -0.55168 0.555255 -0.622367
    outer loop
      vertex -42.4264 42.4264 72
      vertex -42.9192 44.1942 74.014
      vertex -42.9219 44.2776 74.0908
    endloop
  endfacet
  facet normal -0.553827 0.55367 -0.621872
    outer loop
      vertex -36.7696 48.0833 72
      vertex -42.9219 44.2776 74.0908
      vertex -42.9301 44.3606 74.172
    endloop
  endfacet
  facet normal -0.553915 0.554068 -0.621439
    outer loop
      vertex -42.9437 44.4429 74.2575
      vertex -36.7696 48.0833 72
      vertex -42.9301 44.3606 74.172
    endloop
  endfacet
  facet normal -0.553824 0.553611 -0.621927
    outer loop
      vertex -42.9626 44.5242 74.3467
      vertex -36.7696 48.0833 72
      vertex -42.9437 44.4429 74.2575
    endloop
  endfacet
  facet normal -0.553955 0.55435 -0.621152
    outer loop
      vertex -42.9868 44.604 74.4395
      vertex -36.7696 48.0833 72
      vertex -42.9626 44.5242 74.3467
    endloop
  endfacet
  facet normal -0.553838 0.553595 -0.621929
    outer loop
      vertex -43.0162 44.6821 74.5352
      vertex -36.7696 48.0833 72
      vertex -42.9868 44.604 74.4395
    endloop
  endfacet
  facet normal -0.553851 0.553691 -0.621833
    outer loop
      vertex -43.0507 44.7581 74.6336
      vertex -36.7696 48.0833 72
      vertex -43.0162 44.6821 74.5352
    endloop
  endfacet
  facet normal -0.553875 0.553907 -0.621619
    outer loop
      vertex -43.09 44.8317 74.7342
      vertex -36.7696 48.0833 72
      vertex -43.0507 44.7581 74.6336
    endloop
  endfacet
  facet normal -0.553911 0.554288 -0.621247
    outer loop
      vertex -43.134 44.9025 74.8366
      vertex -36.7696 48.0833 72
      vertex -43.09 44.8317 74.7342
    endloop
  endfacet
  facet normal -0.553877 0.553834 -0.621682
    outer loop
      vertex -43.1826 44.9703 74.9403
      vertex -36.7696 48.0833 72
      vertex -43.134 44.9025 74.8366
    endloop
  endfacet
  facet normal -0.553861 0.553533 -0.621964
    outer loop
      vertex -43.2356 45.0348 75.0449
      vertex -36.7696 48.0833 72
      vertex -43.1826 44.9703 74.9403
    endloop
  endfacet
  facet normal -0.553881 0.554084 -0.621455
    outer loop
      vertex -43.2926 45.0957 75.15
      vertex -36.7696 48.0833 72
      vertex -43.2356 45.0348 75.0449
    endloop
  endfacet
  facet normal -0.553877 0.553865 -0.621654
    outer loop
      vertex -36.7696 48.0833 72
      vertex -43.2926 45.0957 75.15
      vertex -40.3051 51.6188 78.3
    endloop
  endfacet
  facet normal -0.553744 0.553863 -0.621775
    outer loop
      vertex -43.3535 45.1528 75.2551
      vertex -40.3051 51.6188 78.3
      vertex -43.2926 45.0957 75.15
    endloop
  endfacet
  facet normal -0.553878 0.553867 -0.621651
    outer loop
      vertex -43.418 45.2057 75.3597
      vertex -40.3051 51.6188 78.3
      vertex -43.3535 45.1528 75.2551
    endloop
  endfacet
  facet normal -0.553844 0.553866 -0.621683
    outer loop
      vertex -43.4858 45.2543 75.4634
      vertex -40.3051 51.6188 78.3
      vertex -43.418 45.2057 75.3597
    endloop
  endfacet
  facet normal -0.553654 0.553852 -0.621865
    outer loop
      vertex -43.5567 45.2984 75.5658
      vertex -40.3051 51.6188 78.3
      vertex -43.4858 45.2543 75.4634
    endloop
  endfacet
  facet normal -0.553907 0.553875 -0.621619
    outer loop
      vertex -43.6303 45.3377 75.6664
      vertex -40.3051 51.6188 78.3
      vertex -43.5567 45.2984 75.5658
    endloop
  endfacet
  facet normal -0.554003 0.553886 -0.621523
    outer loop
      vertex -43.7063 45.3721 75.7648
      vertex -40.3051 51.6188 78.3
      vertex -43.6303 45.3377 75.6664
    endloop
  endfacet
  facet normal -0.553909 0.553874 -0.621618
    outer loop
      vertex -43.7843 45.4015 75.8605
      vertex -40.3051 51.6188 78.3
      vertex -43.7063 45.3721 75.7648
    endloop
  endfacet
  facet normal -0.553702 0.553841 -0.621831
    outer loop
      vertex -43.8642 45.4257 75.9532
      vertex -40.3051 51.6188 78.3
      vertex -43.7843 45.4015 75.8605
    endloop
  endfacet
  facet normal -0.55396 0.553887 -0.621561
    outer loop
      vertex -43.9454 45.4447 76.0425
      vertex -40.3051 51.6188 78.3
      vertex -43.8642 45.4257 75.9532
    endloop
  endfacet
  facet normal -0.553757 0.553847 -0.621777
    outer loop
      vertex -44.0278 45.4583 76.128
      vertex -40.3051 51.6188 78.3
      vertex -43.9454 45.4447 76.0425
    endloop
  endfacet
  facet normal -0.55399 0.553898 -0.621524
    outer loop
      vertex -44.1108 45.4664 76.2092
      vertex -40.3051 51.6188 78.3
      vertex -44.0278 45.4583 76.128
    endloop
  endfacet
  facet normal -0.553868 0.553868 -0.621659
    outer loop
      vertex -44.1942 45.4692 76.286
      vertex -40.3051 51.6188 78.3
      vertex -44.1108 45.4664 76.2092
    endloop
  endfacet
  facet normal -0.553827 0.553858 -0.621705
    outer loop
      vertex -44.2776 45.4664 76.3578
      vertex -40.3051 51.6188 78.3
      vertex -44.1942 45.4692 76.286
    endloop
  endfacet
  facet normal -0.55374 0.553833 -0.621805
    outer loop
      vertex -44.3606 45.4583 76.4245
      vertex -40.3051 51.6188 78.3
      vertex -44.2776 45.4664 76.3578
    endloop
  endfacet
  facet normal -0.554248 0.553988 -0.621214
    outer loop
      vertex -44.4429 45.4447 76.4858
      vertex -40.3051 51.6188 78.3
      vertex -44.3606 45.4583 76.4245
    endloop
  endfacet
  facet normal -0.553841 0.553856 -0.621694
    outer loop
      vertex -44.5242 45.4257 76.5413
      vertex -40.3051 51.6188 78.3
      vertex -44.4429 45.4447 76.4858
    endloop
  endfacet
  facet normal -0.553693 0.553805 -0.621871
    outer loop
      vertex -44.604 45.4015 76.5908
      vertex -40.3051 51.6188 78.3
      vertex -44.5242 45.4257 76.5413
    endloop
  endfacet
  facet normal -0.553923 0.553888 -0.621592
    outer loop
      vertex -44.6821 45.3721 76.6342
      vertex -40.3051 51.6188 78.3
      vertex -44.604 45.4015 76.5908
    endloop
  endfacet
  facet normal -0.553504 0.553731 -0.622106
    outer loop
      vertex -44.7581 45.3377 76.6712
      vertex -40.3051 51.6188 78.3
      vertex -44.6821 45.3721 76.6342
    endloop
  endfacet
  facet normal -0.554129 0.553974 -0.621332
    outer loop
      vertex -44.8317 45.2984 76.7018
      vertex -40.3051 51.6188 78.3
      vertex -44.7581 45.3377 76.6712
    endloop
  endfacet
  facet normal -0.553955 0.553904 -0.621549
    outer loop
      vertex -44.9025 45.2543 76.7256
      vertex -40.3051 51.6188 78.3
      vertex -44.8317 45.2984 76.7018
    endloop
  endfacet
  facet normal -0.554707 0.554213 -0.620603
    outer loop
      vertex -44.9703 45.2057 76.7428
      vertex -40.3051 51.6188 78.3
      vertex -44.9025 45.2543 76.7256
    endloop
  endfacet
  facet normal -0.553468 0.553693 -0.622172
    outer loop
      vertex -45.0348 45.1528 76.7531
      vertex -40.3051 51.6188 78.3
      vertex -44.9703 45.2057 76.7428
    endloop
  endfacet
  facet normal -0.554081 0.553954 -0.621393
    outer loop
      vertex -45.0957 45.0957 76.7565
      vertex -40.3051 51.6188 78.3
      vertex -45.0348 45.1528 76.7531
    endloop
  endfacet
  facet normal -0.553954 0.554081 -0.621393
    outer loop
      vertex -51.6188 40.3051 78.3
      vertex -45.0957 45.0957 76.7565
      vertex -45.1528 45.0348 76.7531
    endloop
  endfacet
  facet normal -0.553693 0.553468 -0.622172
    outer loop
      vertex -51.6188 40.3051 78.3
      vertex -45.1528 45.0348 76.7531
      vertex -45.2057 44.9703 76.7428
    endloop
  endfacet
  facet normal -0.553868 0.553868 -0.621659
    outer loop
      vertex -45.4664 44.1108 76.2092
      vertex -51.6188 40.3051 78.3
      vertex -45.4692 44.1942 76.286
    endloop
  endfacet
  facet normal -0.553858 0.553827 -0.621705
    outer loop
      vertex -45.4692 44.1942 76.286
      vertex -51.6188 40.3051 78.3
      vertex -45.4664 44.2776 76.3578
    endloop
  endfacet
  facet normal -0.553833 0.55374 -0.621805
    outer loop
      vertex -45.4664 44.2776 76.3578
      vertex -51.6188 40.3051 78.3
      vertex -45.4583 44.3606 76.4245
    endloop
  endfacet
  facet normal -0.553988 0.554248 -0.621214
    outer loop
      vertex -45.4583 44.3606 76.4245
      vertex -51.6188 40.3051 78.3
      vertex -45.4447 44.4429 76.4858
    endloop
  endfacet
  facet normal -0.553856 0.553841 -0.621694
    outer loop
      vertex -45.4447 44.4429 76.4858
      vertex -51.6188 40.3051 78.3
      vertex -45.4257 44.5242 76.5413
    endloop
  endfacet
  facet normal -0.553858 0.553858 -0.621677
    outer loop
      vertex -45.0957 45.0957 76.7565
      vertex -51.6188 40.3051 78.3
      vertex -40.3051 51.6188 78.3
    endloop
  endfacet
  facet normal -0.554213 0.554707 -0.620603
    outer loop
      vertex -45.2543 44.9025 76.7256
      vertex -51.6188 40.3051 78.3
      vertex -45.2057 44.9703 76.7428
    endloop
  endfacet
  facet normal -0.553904 0.553955 -0.621549
    outer loop
      vertex -45.2984 44.8317 76.7018
      vertex -51.6188 40.3051 78.3
      vertex -45.2543 44.9025 76.7256
    endloop
  endfacet
  facet normal -0.553974 0.554129 -0.621332
    outer loop
      vertex -45.3377 44.7581 76.6712
      vertex -51.6188 40.3051 78.3
      vertex -45.2984 44.8317 76.7018
    endloop
  endfacet
  facet normal -0.553731 0.553504 -0.622106
    outer loop
      vertex -45.3721 44.6821 76.6342
      vertex -51.6188 40.3051 78.3
      vertex -45.3377 44.7581 76.6712
    endloop
  endfacet
  facet normal -0.553888 0.553923 -0.621592
    outer loop
      vertex -45.4015 44.604 76.5908
      vertex -51.6188 40.3051 78.3
      vertex -45.3721 44.6821 76.6342
    endloop
  endfacet
  facet normal -0.553805 0.553693 -0.621871
    outer loop
      vertex -45.4257 44.5242 76.5413
      vertex -51.6188 40.3051 78.3
      vertex -45.4015 44.604 76.5908
    endloop
  endfacet
  facet normal -0.707107 0.707107 0
    outer loop
      vertex -51.6188 40.3051 78.3
      vertex -40.3051 51.6188 86
      vertex -40.3051 51.6188 78.3
    endloop
  endfacet
  facet normal -0.707107 0.707107 0
    outer loop
      vertex -40.3051 51.6188 86
      vertex -51.6188 40.3051 78.3
      vertex -51.6188 40.3051 86
    endloop
  endfacet
  facet normal 0.707107 0.707107 0
    outer loop
      vertex -36.3869 47.7006 86
      vertex -40.3051 51.6188 78.3
      vertex -40.3051 51.6188 86
    endloop
  endfacet
  facet normal 0.707107 0.707107 -0
    outer loop
      vertex -36.3869 47.7006 72
      vertex -40.3051 51.6188 78.3
      vertex -36.3869 47.7006 86
    endloop
  endfacet
  facet normal 0.707107 0.707107 1.04195e-15
    outer loop
      vertex -40.3051 51.6188 78.3
      vertex -36.3869 47.7006 72
      vertex -36.7696 48.0833 72
    endloop
  endfacet
  facet normal 0 0 -1
    outer loop
      vertex -36.7696 -48.0833 72
      vertex -36.5257 -47.6012 72
      vertex -36.3869 -47.7006 72
    endloop
  endfacet
  facet normal 0 0 -1
    outer loop
      vertex -36.7696 -48.0833 72
      vertex -39.5607 -45.1104 72
      vertex -36.5257 -47.6012 72
    endloop
  endfacet
  facet normal -0 -0 -1
    outer loop
      vertex -39.5607 -45.1104 72
      vertex -36.7696 -48.0833 72
      vertex -42.4264 -42.4264 72
    endloop
  endfacet
  facet normal -0 0 -1
    outer loop
      vertex -47.6012 -36.5257 72
      vertex -48.0833 -36.7696 72
      vertex -47.7006 -36.3869 72
    endloop
  endfacet
  facet normal 0 0 -1
    outer loop
      vertex -45.1104 -39.5607 72
      vertex -48.0833 -36.7696 72
      vertex -47.6012 -36.5257 72
    endloop
  endfacet
  facet normal 0 0 -1
    outer loop
      vertex -48.0833 -36.7696 72
      vertex -45.1104 -39.5607 72
      vertex -42.4264 -42.4264 72
    endloop
  endfacet
  facet normal -0.707107 -0.707107 0
    outer loop
      vertex -40.3051 -51.6188 78.3
      vertex -51.6188 -40.3051 86
      vertex -51.6188 -40.3051 78.3
    endloop
  endfacet
  facet normal -0.707107 -0.707107 0
    outer loop
      vertex -51.6188 -40.3051 86
      vertex -40.3051 -51.6188 78.3
      vertex -40.3051 -51.6188 86
    endloop
  endfacet
  facet normal 0.707107 -0.707107 0
    outer loop
      vertex -40.3051 -51.6188 78.3
      vertex -36.3869 -47.7006 72
      vertex -36.3869 -47.7006 86
    endloop
  endfacet
  facet normal 0.707107 -0.707107 0
    outer loop
      vertex -40.3051 -51.6188 78.3
      vertex -36.3869 -47.7006 86
      vertex -40.3051 -51.6188 86
    endloop
  endfacet
  facet normal 0.707107 -0.707107 8.46583e-16
    outer loop
      vertex -36.3869 -47.7006 72
      vertex -40.3051 -51.6188 78.3
      vertex -36.7696 -48.0833 72
    endloop
  endfacet
  facet normal -0.553877 -0.553865 -0.621654
    outer loop
      vertex -43.2926 -45.0957 75.15
      vertex -36.7696 -48.0833 72
      vertex -40.3051 -51.6188 78.3
    endloop
  endfacet
  facet normal -0.553827 -0.55367 -0.621872
    outer loop
      vertex -42.9219 -44.2776 74.0908
      vertex -36.7696 -48.0833 72
      vertex -42.9301 -44.3606 74.172
    endloop
  endfacet
  facet normal -0.553875 -0.553865 -0.621656
    outer loop
      vertex -36.7696 -48.0833 72
      vertex -42.9219 -44.2776 74.0908
      vertex -42.4264 -42.4264 72
    endloop
  endfacet
  facet normal -0.55168 -0.555255 -0.622367
    outer loop
      vertex -42.9192 -44.1942 74.014
      vertex -42.4264 -42.4264 72
      vertex -42.9219 -44.2776 74.0908
    endloop
  endfacet
  facet normal -0.553028 -0.554418 -0.621917
    outer loop
      vertex -42.9301 -44.0278 73.8755
      vertex -42.4264 -42.4264 72
      vertex -42.9219 -44.1108 73.9422
    endloop
  endfacet
  facet normal -0.555661 -0.5527 -0.621099
    outer loop
      vertex -42.9219 -44.1108 73.9422
      vertex -42.4264 -42.4264 72
      vertex -42.9192 -44.1942 74.014
    endloop
  endfacet
  facet normal -0.553915 -0.554068 -0.621439
    outer loop
      vertex -36.7696 -48.0833 72
      vertex -42.9437 -44.4429 74.2575
      vertex -42.9301 -44.3606 74.172
    endloop
  endfacet
  facet normal -0.553824 -0.553611 -0.621927
    outer loop
      vertex -36.7696 -48.0833 72
      vertex -42.9626 -44.5242 74.3467
      vertex -42.9437 -44.4429 74.2575
    endloop
  endfacet
  facet normal -0.553955 -0.55435 -0.621152
    outer loop
      vertex -36.7696 -48.0833 72
      vertex -42.9868 -44.604 74.4395
      vertex -42.9626 -44.5242 74.3467
    endloop
  endfacet
  facet normal -0.553838 -0.553595 -0.621929
    outer loop
      vertex -36.7696 -48.0833 72
      vertex -43.0162 -44.6821 74.5352
      vertex -42.9868 -44.604 74.4395
    endloop
  endfacet
  facet normal -0.553851 -0.553691 -0.621833
    outer loop
      vertex -36.7696 -48.0833 72
      vertex -43.0507 -44.7581 74.6336
      vertex -43.0162 -44.6821 74.5352
    endloop
  endfacet
  facet normal -0.553875 -0.553907 -0.621619
    outer loop
      vertex -36.7696 -48.0833 72
      vertex -43.09 -44.8317 74.7342
      vertex -43.0507 -44.7581 74.6336
    endloop
  endfacet
  facet normal -0.553911 -0.554288 -0.621247
    outer loop
      vertex -36.7696 -48.0833 72
      vertex -43.134 -44.9025 74.8366
      vertex -43.09 -44.8317 74.7342
    endloop
  endfacet
  facet normal -0.553877 -0.553834 -0.621682
    outer loop
      vertex -36.7696 -48.0833 72
      vertex -43.1826 -44.9703 74.9403
      vertex -43.134 -44.9025 74.8366
    endloop
  endfacet
  facet normal -0.553861 -0.553533 -0.621964
    outer loop
      vertex -36.7696 -48.0833 72
      vertex -43.2356 -45.0348 75.0449
      vertex -43.1826 -44.9703 74.9403
    endloop
  endfacet
  facet normal -0.553881 -0.554084 -0.621455
    outer loop
      vertex -36.7696 -48.0833 72
      vertex -43.2926 -45.0957 75.15
      vertex -43.2356 -45.0348 75.0449
    endloop
  endfacet
  facet normal -0.553744 -0.553863 -0.621775
    outer loop
      vertex -40.3051 -51.6188 78.3
      vertex -43.3535 -45.1528 75.2551
      vertex -43.2926 -45.0957 75.15
    endloop
  endfacet
  facet normal -0.553878 -0.553867 -0.621651
    outer loop
      vertex -40.3051 -51.6188 78.3
      vertex -43.418 -45.2057 75.3597
      vertex -43.3535 -45.1528 75.2551
    endloop
  endfacet
  facet normal -0.553844 -0.553866 -0.621683
    outer loop
      vertex -40.3051 -51.6188 78.3
      vertex -43.4858 -45.2543 75.4634
      vertex -43.418 -45.2057 75.3597
    endloop
  endfacet
  facet normal -0.553654 -0.553852 -0.621865
    outer loop
      vertex -40.3051 -51.6188 78.3
      vertex -43.5567 -45.2984 75.5658
      vertex -43.4858 -45.2543 75.4634
    endloop
  endfacet
  facet normal -0.553907 -0.553875 -0.621619
    outer loop
      vertex -40.3051 -51.6188 78.3
      vertex -43.6303 -45.3377 75.6664
      vertex -43.5567 -45.2984 75.5658
    endloop
  endfacet
  facet normal -0.554003 -0.553886 -0.621523
    outer loop
      vertex -40.3051 -51.6188 78.3
      vertex -43.7063 -45.3721 75.7648
      vertex -43.6303 -45.3377 75.6664
    endloop
  endfacet
  facet normal -0.553909 -0.553874 -0.621618
    outer loop
      vertex -40.3051 -51.6188 78.3
      vertex -43.7843 -45.4015 75.8605
      vertex -43.7063 -45.3721 75.7648
    endloop
  endfacet
  facet normal -0.553702 -0.553841 -0.621831
    outer loop
      vertex -40.3051 -51.6188 78.3
      vertex -43.8642 -45.4257 75.9532
      vertex -43.7843 -45.4015 75.8605
    endloop
  endfacet
  facet normal -0.55396 -0.553887 -0.621561
    outer loop
      vertex -40.3051 -51.6188 78.3
      vertex -43.9454 -45.4447 76.0425
      vertex -43.8642 -45.4257 75.9532
    endloop
  endfacet
  facet normal -0.553757 -0.553847 -0.621777
    outer loop
      vertex -40.3051 -51.6188 78.3
      vertex -44.0278 -45.4583 76.128
      vertex -43.9454 -45.4447 76.0425
    endloop
  endfacet
  facet normal -0.55399 -0.553898 -0.621524
    outer loop
      vertex -40.3051 -51.6188 78.3
      vertex -44.1108 -45.4664 76.2092
      vertex -44.0278 -45.4583 76.128
    endloop
  endfacet
  facet normal -0.553868 -0.553868 -0.621659
    outer loop
      vertex -40.3051 -51.6188 78.3
      vertex -44.1942 -45.4692 76.286
      vertex -44.1108 -45.4664 76.2092
    endloop
  endfacet
  facet normal -0.553827 -0.553858 -0.621705
    outer loop
      vertex -40.3051 -51.6188 78.3
      vertex -44.2776 -45.4664 76.3578
      vertex -44.1942 -45.4692 76.286
    endloop
  endfacet
  facet normal -0.55374 -0.553833 -0.621805
    outer loop
      vertex -40.3051 -51.6188 78.3
      vertex -44.3606 -45.4583 76.4245
      vertex -44.2776 -45.4664 76.3578
    endloop
  endfacet
  facet normal -0.554248 -0.553988 -0.621214
    outer loop
      vertex -40.3051 -51.6188 78.3
      vertex -44.4429 -45.4447 76.4858
      vertex -44.3606 -45.4583 76.4245
    endloop
  endfacet
  facet normal -0.553841 -0.553856 -0.621694
    outer loop
      vertex -40.3051 -51.6188 78.3
      vertex -44.5242 -45.4257 76.5413
      vertex -44.4429 -45.4447 76.4858
    endloop
  endfacet
  facet normal -0.553693 -0.553805 -0.621871
    outer loop
      vertex -40.3051 -51.6188 78.3
      vertex -44.604 -45.4015 76.5908
      vertex -44.5242 -45.4257 76.5413
    endloop
  endfacet
  facet normal -0.553923 -0.553888 -0.621592
    outer loop
      vertex -40.3051 -51.6188 78.3
      vertex -44.6821 -45.3721 76.6342
      vertex -44.604 -45.4015 76.5908
    endloop
  endfacet
  facet normal -0.553504 -0.553731 -0.622106
    outer loop
      vertex -40.3051 -51.6188 78.3
      vertex -44.7581 -45.3377 76.6712
      vertex -44.6821 -45.3721 76.6342
    endloop
  endfacet
  facet normal -0.554129 -0.553974 -0.621332
    outer loop
      vertex -40.3051 -51.6188 78.3
      vertex -44.8317 -45.2984 76.7018
      vertex -44.7581 -45.3377 76.6712
    endloop
  endfacet
  facet normal -0.553955 -0.553904 -0.621549
    outer loop
      vertex -40.3051 -51.6188 78.3
      vertex -44.9025 -45.2543 76.7256
      vertex -44.8317 -45.2984 76.7018
    endloop
  endfacet
  facet normal -0.554707 -0.554213 -0.620603
    outer loop
      vertex -40.3051 -51.6188 78.3
      vertex -44.9703 -45.2057 76.7428
      vertex -44.9025 -45.2543 76.7256
    endloop
  endfacet
  facet normal -0.553468 -0.553693 -0.622172
    outer loop
      vertex -40.3051 -51.6188 78.3
      vertex -45.0348 -45.1528 76.7531
      vertex -44.9703 -45.2057 76.7428
    endloop
  endfacet
  facet normal -0.554081 -0.553954 -0.621393
    outer loop
      vertex -40.3051 -51.6188 78.3
      vertex -45.0957 -45.0957 76.7565
      vertex -45.0348 -45.1528 76.7531
    endloop
  endfacet
  facet normal -0.553858 -0.553858 -0.621677
    outer loop
      vertex -51.6188 -40.3051 78.3
      vertex -45.0957 -45.0957 76.7565
      vertex -40.3051 -51.6188 78.3
    endloop
  endfacet
  facet normal -0.553954 -0.554081 -0.621393
    outer loop
      vertex -45.0957 -45.0957 76.7565
      vertex -51.6188 -40.3051 78.3
      vertex -45.1528 -45.0348 76.7531
    endloop
  endfacet
  facet normal -0.553858 -0.553827 -0.621705
    outer loop
      vertex -51.6188 -40.3051 78.3
      vertex -45.4692 -44.1942 76.286
      vertex -45.4664 -44.2776 76.3578
    endloop
  endfacet
  facet normal -0.553833 -0.55374 -0.621805
    outer loop
      vertex -51.6188 -40.3051 78.3
      vertex -45.4664 -44.2776 76.3578
      vertex -45.4583 -44.3606 76.4245
    endloop
  endfacet
  facet normal -0.553988 -0.554248 -0.621214
    outer loop
      vertex -51.6188 -40.3051 78.3
      vertex -45.4583 -44.3606 76.4245
      vertex -45.4447 -44.4429 76.4858
    endloop
  endfacet
  facet normal -0.553856 -0.553841 -0.621694
    outer loop
      vertex -51.6188 -40.3051 78.3
      vertex -45.4447 -44.4429 76.4858
      vertex -45.4257 -44.5242 76.5413
    endloop
  endfacet
  facet normal -0.553805 -0.553693 -0.621871
    outer loop
      vertex -51.6188 -40.3051 78.3
      vertex -45.4257 -44.5242 76.5413
      vertex -45.4015 -44.604 76.5908
    endloop
  endfacet
  facet normal -0.55387 -0.553872 -0.621654
    outer loop
      vertex -45.4692 -44.1942 76.286
      vertex -51.6188 -40.3051 78.3
      vertex -48.0833 -36.7696 72
    endloop
  endfacet
  facet normal -0.553888 -0.553923 -0.621592
    outer loop
      vertex -45.3721 -44.6821 76.6342
      vertex -51.6188 -40.3051 78.3
      vertex -45.4015 -44.604 76.5908
    endloop
  endfacet
  facet normal -0.553731 -0.553504 -0.622106
    outer loop
      vertex -45.3377 -44.7581 76.6712
      vertex -51.6188 -40.3051 78.3
      vertex -45.3721 -44.6821 76.6342
    endloop
  endfacet
  facet normal -0.553974 -0.554129 -0.621332
    outer loop
      vertex -45.2984 -44.8317 76.7018
      vertex -51.6188 -40.3051 78.3
      vertex -45.3377 -44.7581 76.6712
    endloop
  endfacet
  facet normal -0.553904 -0.553955 -0.621549
    outer loop
      vertex -45.2543 -44.9025 76.7256
      vertex -51.6188 -40.3051 78.3
      vertex -45.2984 -44.8317 76.7018
    endloop
  endfacet
  facet normal -0.554213 -0.554707 -0.620603
    outer loop
      vertex -45.2057 -44.9703 76.7428
      vertex -51.6188 -40.3051 78.3
      vertex -45.2543 -44.9025 76.7256
    endloop
  endfacet
  facet normal -0.553693 -0.553468 -0.622172
    outer loop
      vertex -45.1528 -45.0348 76.7531
      vertex -51.6188 -40.3051 78.3
      vertex -45.2057 -44.9703 76.7428
    endloop
  endfacet
  facet normal -0.553815 -0.553896 -0.621682
    outer loop
      vertex -42.9437 -43.9454 73.8142
      vertex -42.4264 -42.4264 72
      vertex -42.9301 -44.0278 73.8755
    endloop
  endfacet
  facet normal -0.553915 -0.553827 -0.621654
    outer loop
      vertex -42.9626 -43.8642 73.7587
      vertex -42.4264 -42.4264 72
      vertex -42.9437 -43.9454 73.8142
    endloop
  endfacet
  facet normal -0.555024 -0.55305 -0.621356
    outer loop
      vertex -42.9868 -43.7843 73.7092
      vertex -42.4264 -42.4264 72
      vertex -42.9626 -43.8642 73.7587
    endloop
  endfacet
  facet normal -0.553072 -0.554463 -0.621838
    outer loop
      vertex -43.0162 -43.7063 73.6658
      vertex -42.4264 -42.4264 72
      vertex -42.9868 -43.7843 73.7092
    endloop
  endfacet
  facet normal -0.553674 -0.554011 -0.621705
    outer loop
      vertex -43.0507 -43.6303 73.6288
      vertex -42.4264 -42.4264 72
      vertex -43.0162 -43.7063 73.6658
    endloop
  endfacet
  facet normal -0.553582 -0.554083 -0.621723
    outer loop
      vertex -43.09 -43.5567 73.5982
      vertex -42.4264 -42.4264 72
      vertex -43.0507 -43.6303 73.6288
    endloop
  endfacet
  facet normal -0.554906 -0.553 -0.621506
    outer loop
      vertex -43.134 -43.4858 73.5744
      vertex -42.4264 -42.4264 72
      vertex -43.09 -43.5567 73.5982
    endloop
  endfacet
  facet normal -0.553328 -0.554353 -0.621708
    outer loop
      vertex -43.1826 -43.418 73.5572
      vertex -42.4264 -42.4264 72
      vertex -43.134 -43.4858 73.5744
    endloop
  endfacet
  facet normal -0.553562 -0.554142 -0.621687
    outer loop
      vertex -43.2356 -43.3535 73.5469
      vertex -42.4264 -42.4264 72
      vertex -43.1826 -43.418 73.5572
    endloop
  endfacet
  facet normal -0.554264 -0.553476 -0.621655
    outer loop
      vertex -43.2926 -43.2926 73.5435
      vertex -42.4264 -42.4264 72
      vertex -43.2356 -43.3535 73.5469
    endloop
  endfacet
  facet normal -0.553476 -0.554264 -0.621655
    outer loop
      vertex -43.3535 -43.2356 73.5469
      vertex -42.4264 -42.4264 72
      vertex -43.2926 -43.2926 73.5435
    endloop
  endfacet
  facet normal -0.554142 -0.553562 -0.621687
    outer loop
      vertex -43.418 -43.1826 73.5572
      vertex -42.4264 -42.4264 72
      vertex -43.3535 -43.2356 73.5469
    endloop
  endfacet
  facet normal -0.554353 -0.553328 -0.621708
    outer loop
      vertex -43.4858 -43.134 73.5744
      vertex -42.4264 -42.4264 72
      vertex -43.418 -43.1826 73.5572
    endloop
  endfacet
  facet normal -0.553 -0.554906 -0.621506
    outer loop
      vertex -43.5567 -43.09 73.5982
      vertex -42.4264 -42.4264 72
      vertex -43.4858 -43.134 73.5744
    endloop
  endfacet
  facet normal -0.554083 -0.553582 -0.621723
    outer loop
      vertex -43.6303 -43.0507 73.6288
      vertex -42.4264 -42.4264 72
      vertex -43.5567 -43.09 73.5982
    endloop
  endfacet
  facet normal -0.554011 -0.553674 -0.621705
    outer loop
      vertex -43.7063 -43.0162 73.6658
      vertex -42.4264 -42.4264 72
      vertex -43.6303 -43.0507 73.6288
    endloop
  endfacet
  facet normal -0.554463 -0.553072 -0.621838
    outer loop
      vertex -43.7843 -42.9868 73.7092
      vertex -42.4264 -42.4264 72
      vertex -43.7063 -43.0162 73.6658
    endloop
  endfacet
  facet normal -0.55305 -0.555024 -0.621356
    outer loop
      vertex -43.8642 -42.9626 73.7587
      vertex -42.4264 -42.4264 72
      vertex -43.7843 -42.9868 73.7092
    endloop
  endfacet
  facet normal -0.553827 -0.553915 -0.621654
    outer loop
      vertex -43.9454 -42.9437 73.8142
      vertex -42.4264 -42.4264 72
      vertex -43.8642 -42.9626 73.7587
    endloop
  endfacet
  facet normal -0.553896 -0.553815 -0.621682
    outer loop
      vertex -44.0278 -42.9301 73.8755
      vertex -42.4264 -42.4264 72
      vertex -43.9454 -42.9437 73.8142
    endloop
  endfacet
  facet normal -0.554418 -0.553028 -0.621917
    outer loop
      vertex -44.1108 -42.9219 73.9422
      vertex -42.4264 -42.4264 72
      vertex -44.0278 -42.9301 73.8755
    endloop
  endfacet
  facet normal -0.5527 -0.555661 -0.621099
    outer loop
      vertex -44.1942 -42.9192 74.014
      vertex -42.4264 -42.4264 72
      vertex -44.1108 -42.9219 73.9422
    endloop
  endfacet
  facet normal -0.555255 -0.55168 -0.622367
    outer loop
      vertex -44.2776 -42.9219 74.0908
      vertex -42.4264 -42.4264 72
      vertex -44.1942 -42.9192 74.014
    endloop
  endfacet
  facet normal -0.55367 -0.553827 -0.621872
    outer loop
      vertex -48.0833 -36.7696 72
      vertex -44.2776 -42.9219 74.0908
      vertex -44.3606 -42.9301 74.172
    endloop
  endfacet
  facet normal -0.554068 -0.553915 -0.621439
    outer loop
      vertex -48.0833 -36.7696 72
      vertex -44.3606 -42.9301 74.172
      vertex -44.4429 -42.9437 74.2575
    endloop
  endfacet
  facet normal -0.553611 -0.553824 -0.621927
    outer loop
      vertex -48.0833 -36.7696 72
      vertex -44.4429 -42.9437 74.2575
      vertex -44.5242 -42.9626 74.3467
    endloop
  endfacet
  facet normal -0.553865 -0.553875 -0.621656
    outer loop
      vertex -44.2776 -42.9219 74.0908
      vertex -48.0833 -36.7696 72
      vertex -42.4264 -42.4264 72
    endloop
  endfacet
  facet normal -0.55435 -0.553955 -0.621152
    outer loop
      vertex -44.604 -42.9868 74.4395
      vertex -48.0833 -36.7696 72
      vertex -44.5242 -42.9626 74.3467
    endloop
  endfacet
  facet normal -0.553595 -0.553838 -0.621929
    outer loop
      vertex -44.6821 -43.0162 74.5352
      vertex -48.0833 -36.7696 72
      vertex -44.604 -42.9868 74.4395
    endloop
  endfacet
  facet normal -0.553691 -0.553851 -0.621833
    outer loop
      vertex -44.7581 -43.0507 74.6336
      vertex -48.0833 -36.7696 72
      vertex -44.6821 -43.0162 74.5352
    endloop
  endfacet
  facet normal -0.553907 -0.553875 -0.621619
    outer loop
      vertex -44.8317 -43.09 74.7342
      vertex -48.0833 -36.7696 72
      vertex -44.7581 -43.0507 74.6336
    endloop
  endfacet
  facet normal -0.554288 -0.553911 -0.621247
    outer loop
      vertex -44.9025 -43.134 74.8366
      vertex -48.0833 -36.7696 72
      vertex -44.8317 -43.09 74.7342
    endloop
  endfacet
  facet normal -0.553834 -0.553877 -0.621682
    outer loop
      vertex -44.9703 -43.1826 74.9403
      vertex -48.0833 -36.7696 72
      vertex -44.9025 -43.134 74.8366
    endloop
  endfacet
  facet normal -0.553533 -0.553861 -0.621964
    outer loop
      vertex -45.0348 -43.2356 75.0449
      vertex -48.0833 -36.7696 72
      vertex -44.9703 -43.1826 74.9403
    endloop
  endfacet
  facet normal -0.554084 -0.553881 -0.621455
    outer loop
      vertex -45.0957 -43.2926 75.15
      vertex -48.0833 -36.7696 72
      vertex -45.0348 -43.2356 75.0449
    endloop
  endfacet
  facet normal -0.553729 -0.553874 -0.621778
    outer loop
      vertex -45.1528 -43.3535 75.2551
      vertex -48.0833 -36.7696 72
      vertex -45.0957 -43.2926 75.15
    endloop
  endfacet
  facet normal -0.553871 -0.553875 -0.621651
    outer loop
      vertex -45.2057 -43.418 75.3597
      vertex -48.0833 -36.7696 72
      vertex -45.1528 -43.3535 75.2551
    endloop
  endfacet
  facet normal -0.553831 -0.553875 -0.621687
    outer loop
      vertex -45.2543 -43.4858 75.4634
      vertex -48.0833 -36.7696 72
      vertex -45.2057 -43.418 75.3597
    endloop
  endfacet
  facet normal -0.553579 -0.553882 -0.621905
    outer loop
      vertex -45.2984 -43.5567 75.5658
      vertex -48.0833 -36.7696 72
      vertex -45.2543 -43.4858 75.4634
    endloop
  endfacet
  facet normal -0.553924 -0.553868 -0.621609
    outer loop
      vertex -45.3377 -43.6303 75.6664
      vertex -48.0833 -36.7696 72
      vertex -45.2984 -43.5567 75.5658
    endloop
  endfacet
  facet normal -0.554077 -0.55386 -0.62148
    outer loop
      vertex -45.3721 -43.7063 75.7648
      vertex -48.0833 -36.7696 72
      vertex -45.3377 -43.6303 75.6664
    endloop
  endfacet
  facet normal -0.55393 -0.553869 -0.621603
    outer loop
      vertex -45.4015 -43.7843 75.8605
      vertex -48.0833 -36.7696 72
      vertex -45.3721 -43.7063 75.7648
    endloop
  endfacet
  facet normal -0.553544 -0.553897 -0.621922
    outer loop
      vertex -45.4257 -43.8642 75.9532
      vertex -48.0833 -36.7696 72
      vertex -45.4015 -43.7843 75.8605
    endloop
  endfacet
  facet normal -0.554057 -0.553856 -0.621502
    outer loop
      vertex -45.4447 -43.9454 76.0425
      vertex -48.0833 -36.7696 72
      vertex -45.4257 -43.8642 75.9532
    endloop
  endfacet
  facet normal -0.553601 -0.553896 -0.621872
    outer loop
      vertex -45.4583 -44.0278 76.128
      vertex -48.0833 -36.7696 72
      vertex -45.4447 -43.9454 76.0425
    endloop
  endfacet
  facet normal -0.554188 -0.55384 -0.621399
    outer loop
      vertex -45.4664 -44.1108 76.2092
      vertex -48.0833 -36.7696 72
      vertex -45.4583 -44.0278 76.128
    endloop
  endfacet
  facet normal -0.553856 -0.553874 -0.621665
    outer loop
      vertex -48.0833 -36.7696 72
      vertex -45.4664 -44.1108 76.2092
      vertex -45.4692 -44.1942 76.286
    endloop
  endfacet
  facet normal -0.707107 0.707107 1.04195e-15
    outer loop
      vertex -51.6188 -40.3051 78.3
      vertex -47.7006 -36.3869 72
      vertex -48.0833 -36.7696 72
    endloop
  endfacet
  facet normal -0.707107 0.707107 0
    outer loop
      vertex -47.7006 -36.3869 72
      vertex -51.6188 -40.3051 78.3
      vertex -47.7006 -36.3869 86
    endloop
  endfacet
  facet normal -0.707107 0.707107 0
    outer loop
      vertex -47.7006 -36.3869 86
      vertex -51.6188 -40.3051 78.3
      vertex -51.6188 -40.3051 86
    endloop
  endfacet
  facet normal 0 0 -1
    outer loop
      vertex 48.0833 -36.7696 72
      vertex 47.6012 -36.5257 72
      vertex 47.7006 -36.3869 72
    endloop
  endfacet
  facet normal -0 0 -1
    outer loop
      vertex 48.0833 -36.7696 72
      vertex 45.1104 -39.5607 72
      vertex 47.6012 -36.5257 72
    endloop
  endfacet
  facet normal 0 -0 -1
    outer loop
      vertex 45.1104 -39.5607 72
      vertex 48.0833 -36.7696 72
      vertex 42.4264 -42.4264 72
    endloop
  endfacet
  facet normal 0 0 -1
    outer loop
      vertex 36.7696 -48.0833 72
      vertex 39.5607 -45.1104 72
      vertex 42.4264 -42.4264 72
    endloop
  endfacet
  facet normal 0 0 -1
    outer loop
      vertex 36.7696 -48.0833 72
      vertex 36.5257 -47.6012 72
      vertex 39.5607 -45.1104 72
    endloop
  endfacet
  facet normal 0 -0 -1
    outer loop
      vertex 36.5257 -47.6012 72
      vertex 36.7696 -48.0833 72
      vertex 36.3869 -47.7006 72
    endloop
  endfacet
  facet normal 0.707107 -0.707107 0
    outer loop
      vertex 40.3051 -51.6188 86
      vertex 51.6188 -40.3051 78.3
      vertex 51.6188 -40.3051 86
    endloop
  endfacet
  facet normal 0.707107 -0.707107 0
    outer loop
      vertex 51.6188 -40.3051 78.3
      vertex 40.3051 -51.6188 86
      vertex 40.3051 -51.6188 78.3
    endloop
  endfacet
  facet normal 0.707107 0.707107 0
    outer loop
      vertex 51.6188 -40.3051 78.3
      vertex 47.7006 -36.3869 72
      vertex 47.7006 -36.3869 86
    endloop
  endfacet
  facet normal 0.707107 0.707107 -0
    outer loop
      vertex 51.6188 -40.3051 78.3
      vertex 47.7006 -36.3869 86
      vertex 51.6188 -40.3051 86
    endloop
  endfacet
  facet normal 0.707107 0.707107 8.46583e-16
    outer loop
      vertex 47.7006 -36.3869 72
      vertex 51.6188 -40.3051 78.3
      vertex 48.0833 -36.7696 72
    endloop
  endfacet
  facet normal -0.707107 -0.707107 1.04195e-15
    outer loop
      vertex 40.3051 -51.6188 78.3
      vertex 36.3869 -47.7006 72
      vertex 36.7696 -48.0833 72
    endloop
  endfacet
  facet normal -0.707107 -0.707107 0
    outer loop
      vertex 36.3869 -47.7006 72
      vertex 40.3051 -51.6188 78.3
      vertex 36.3869 -47.7006 86
    endloop
  endfacet
  facet normal -0.707107 -0.707107 0
    outer loop
      vertex 36.3869 -47.7006 86
      vertex 40.3051 -51.6188 78.3
      vertex 40.3051 -51.6188 86
    endloop
  endfacet
  facet normal 0.553868 -0.553868 -0.621659
    outer loop
      vertex 45.4664 -44.1108 76.2092
      vertex 51.6188 -40.3051 78.3
      vertex 45.4692 -44.1942 76.286
    endloop
  endfacet
  facet normal 0.553858 -0.553827 -0.621705
    outer loop
      vertex 51.6188 -40.3051 78.3
      vertex 45.4664 -44.2776 76.3578
      vertex 45.4692 -44.1942 76.286
    endloop
  endfacet
  facet normal 0.553833 -0.55374 -0.621805
    outer loop
      vertex 51.6188 -40.3051 78.3
      vertex 45.4583 -44.3606 76.4245
      vertex 45.4664 -44.2776 76.3578
    endloop
  endfacet
  facet normal 0.553988 -0.554248 -0.621214
    outer loop
      vertex 51.6188 -40.3051 78.3
      vertex 45.4447 -44.4429 76.4858
      vertex 45.4583 -44.3606 76.4245
    endloop
  endfacet
  facet normal 0.553856 -0.553841 -0.621694
    outer loop
      vertex 51.6188 -40.3051 78.3
      vertex 45.4257 -44.5242 76.5413
      vertex 45.4447 -44.4429 76.4858
    endloop
  endfacet
  facet normal 0.553805 -0.553693 -0.621871
    outer loop
      vertex 51.6188 -40.3051 78.3
      vertex 45.4015 -44.604 76.5908
      vertex 45.4257 -44.5242 76.5413
    endloop
  endfacet
  facet normal 0.553888 -0.553923 -0.621592
    outer loop
      vertex 51.6188 -40.3051 78.3
      vertex 45.3721 -44.6821 76.6342
      vertex 45.4015 -44.604 76.5908
    endloop
  endfacet
  facet normal 0.553731 -0.553504 -0.622106
    outer loop
      vertex 51.6188 -40.3051 78.3
      vertex 45.3377 -44.7581 76.6712
      vertex 45.3721 -44.6821 76.6342
    endloop
  endfacet
  facet normal 0.553974 -0.554129 -0.621332
    outer loop
      vertex 51.6188 -40.3051 78.3
      vertex 45.2984 -44.8317 76.7018
      vertex 45.3377 -44.7581 76.6712
    endloop
  endfacet
  facet normal 0.553904 -0.553955 -0.621549
    outer loop
      vertex 51.6188 -40.3051 78.3
      vertex 45.2543 -44.9025 76.7256
      vertex 45.2984 -44.8317 76.7018
    endloop
  endfacet
  facet normal 0.554213 -0.554707 -0.620603
    outer loop
      vertex 51.6188 -40.3051 78.3
      vertex 45.2057 -44.9703 76.7428
      vertex 45.2543 -44.9025 76.7256
    endloop
  endfacet
  facet normal 0.553693 -0.553468 -0.622172
    outer loop
      vertex 51.6188 -40.3051 78.3
      vertex 45.1528 -45.0348 76.7531
      vertex 45.2057 -44.9703 76.7428
    endloop
  endfacet
  facet normal 0.553954 -0.554081 -0.621393
    outer loop
      vertex 51.6188 -40.3051 78.3
      vertex 45.0957 -45.0957 76.7565
      vertex 45.1528 -45.0348 76.7531
    endloop
  endfacet
  facet normal 0.553858 -0.553858 -0.621677
    outer loop
      vertex 40.3051 -51.6188 78.3
      vertex 45.0957 -45.0957 76.7565
      vertex 51.6188 -40.3051 78.3
    endloop
  endfacet
  facet normal 0.554081 -0.553954 -0.621393
    outer loop
      vertex 45.0957 -45.0957 76.7565
      vertex 40.3051 -51.6188 78.3
      vertex 45.0348 -45.1528 76.7531
    endloop
  endfacet
  facet normal 0.55168 -0.555255 -0.622367
    outer loop
      vertex 42.4264 -42.4264 72
      vertex 42.9192 -44.1942 74.014
      vertex 42.9219 -44.2776 74.0908
    endloop
  endfacet
  facet normal 0.553827 -0.55367 -0.621872
    outer loop
      vertex 36.7696 -48.0833 72
      vertex 42.9219 -44.2776 74.0908
      vertex 42.9301 -44.3606 74.172
    endloop
  endfacet
  facet normal 0.553915 -0.554068 -0.621439
    outer loop
      vertex 36.7696 -48.0833 72
      vertex 42.9301 -44.3606 74.172
      vertex 42.9437 -44.4429 74.2575
    endloop
  endfacet
  facet normal 0.553824 -0.553611 -0.621927
    outer loop
      vertex 36.7696 -48.0833 72
      vertex 42.9437 -44.4429 74.2575
      vertex 42.9626 -44.5242 74.3467
    endloop
  endfacet
  facet normal 0.553468 -0.553693 -0.622172
    outer loop
      vertex 45.0348 -45.1528 76.7531
      vertex 40.3051 -51.6188 78.3
      vertex 44.9703 -45.2057 76.7428
    endloop
  endfacet
  facet normal 0.554707 -0.554213 -0.620603
    outer loop
      vertex 40.3051 -51.6188 78.3
      vertex 44.9025 -45.2543 76.7256
      vertex 44.9703 -45.2057 76.7428
    endloop
  endfacet
  facet normal 0.553955 -0.553904 -0.621549
    outer loop
      vertex 40.3051 -51.6188 78.3
      vertex 44.8317 -45.2984 76.7018
      vertex 44.9025 -45.2543 76.7256
    endloop
  endfacet
  facet normal 0.554129 -0.553974 -0.621332
    outer loop
      vertex 40.3051 -51.6188 78.3
      vertex 44.7581 -45.3377 76.6712
      vertex 44.8317 -45.2984 76.7018
    endloop
  endfacet
  facet normal 0.553504 -0.553731 -0.622106
    outer loop
      vertex 40.3051 -51.6188 78.3
      vertex 44.6821 -45.3721 76.6342
      vertex 44.7581 -45.3377 76.6712
    endloop
  endfacet
  facet normal 0.553923 -0.553888 -0.621592
    outer loop
      vertex 40.3051 -51.6188 78.3
      vertex 44.604 -45.4015 76.5908
      vertex 44.6821 -45.3721 76.6342
    endloop
  endfacet
  facet normal 0.553693 -0.553805 -0.621871
    outer loop
      vertex 40.3051 -51.6188 78.3
      vertex 44.5242 -45.4257 76.5413
      vertex 44.604 -45.4015 76.5908
    endloop
  endfacet
  facet normal 0.553841 -0.553856 -0.621694
    outer loop
      vertex 40.3051 -51.6188 78.3
      vertex 44.4429 -45.4447 76.4858
      vertex 44.5242 -45.4257 76.5413
    endloop
  endfacet
  facet normal 0.554248 -0.553988 -0.621214
    outer loop
      vertex 40.3051 -51.6188 78.3
      vertex 44.3606 -45.4583 76.4245
      vertex 44.4429 -45.4447 76.4858
    endloop
  endfacet
  facet normal 0.55374 -0.553833 -0.621805
    outer loop
      vertex 40.3051 -51.6188 78.3
      vertex 44.2776 -45.4664 76.3578
      vertex 44.3606 -45.4583 76.4245
    endloop
  endfacet
  facet normal 0.553827 -0.553858 -0.621705
    outer loop
      vertex 40.3051 -51.6188 78.3
      vertex 44.1942 -45.4692 76.286
      vertex 44.2776 -45.4664 76.3578
    endloop
  endfacet
  facet normal 0.553868 -0.553868 -0.621659
    outer loop
      vertex 40.3051 -51.6188 78.3
      vertex 44.1108 -45.4664 76.2092
      vertex 44.1942 -45.4692 76.286
    endloop
  endfacet
  facet normal 0.55399 -0.553898 -0.621524
    outer loop
      vertex 40.3051 -51.6188 78.3
      vertex 44.0278 -45.4583 76.128
      vertex 44.1108 -45.4664 76.2092
    endloop
  endfacet
  facet normal 0.553757 -0.553847 -0.621777
    outer loop
      vertex 40.3051 -51.6188 78.3
      vertex 43.9454 -45.4447 76.0425
      vertex 44.0278 -45.4583 76.128
    endloop
  endfacet
  facet normal 0.55396 -0.553887 -0.621561
    outer loop
      vertex 40.3051 -51.6188 78.3
      vertex 43.8642 -45.4257 75.9532
      vertex 43.9454 -45.4447 76.0425
    endloop
  endfacet
  facet normal 0.553702 -0.553841 -0.621831
    outer loop
      vertex 40.3051 -51.6188 78.3
      vertex 43.7843 -45.4015 75.8605
      vertex 43.8642 -45.4257 75.9532
    endloop
  endfacet
  facet normal 0.553909 -0.553874 -0.621618
    outer loop
      vertex 40.3051 -51.6188 78.3
      vertex 43.7063 -45.3721 75.7648
      vertex 43.7843 -45.4015 75.8605
    endloop
  endfacet
  facet normal 0.554003 -0.553886 -0.621523
    outer loop
      vertex 40.3051 -51.6188 78.3
      vertex 43.6303 -45.3377 75.6664
      vertex 43.7063 -45.3721 75.7648
    endloop
  endfacet
  facet normal 0.553907 -0.553875 -0.621619
    outer loop
      vertex 40.3051 -51.6188 78.3
      vertex 43.5567 -45.2984 75.5658
      vertex 43.6303 -45.3377 75.6664
    endloop
  endfacet
  facet normal 0.553654 -0.553852 -0.621865
    outer loop
      vertex 40.3051 -51.6188 78.3
      vertex 43.4858 -45.2543 75.4634
      vertex 43.5567 -45.2984 75.5658
    endloop
  endfacet
  facet normal 0.553844 -0.553866 -0.621683
    outer loop
      vertex 40.3051 -51.6188 78.3
      vertex 43.418 -45.2057 75.3597
      vertex 43.4858 -45.2543 75.4634
    endloop
  endfacet
  facet normal 0.553878 -0.553867 -0.621651
    outer loop
      vertex 40.3051 -51.6188 78.3
      vertex 43.3535 -45.1528 75.2551
      vertex 43.418 -45.2057 75.3597
    endloop
  endfacet
  facet normal 0.553744 -0.553863 -0.621775
    outer loop
      vertex 40.3051 -51.6188 78.3
      vertex 43.2926 -45.0957 75.15
      vertex 43.3535 -45.1528 75.2551
    endloop
  endfacet
  facet normal 0.553877 -0.553865 -0.621654
    outer loop
      vertex 36.7696 -48.0833 72
      vertex 43.2926 -45.0957 75.15
      vertex 40.3051 -51.6188 78.3
    endloop
  endfacet
  facet normal 0.553881 -0.554084 -0.621455
    outer loop
      vertex 43.2926 -45.0957 75.15
      vertex 36.7696 -48.0833 72
      vertex 43.2356 -45.0348 75.0449
    endloop
  endfacet
  facet normal 0.553861 -0.553533 -0.621964
    outer loop
      vertex 43.2356 -45.0348 75.0449
      vertex 36.7696 -48.0833 72
      vertex 43.1826 -44.9703 74.9403
    endloop
  endfacet
  facet normal 0.553877 -0.553834 -0.621682
    outer loop
      vertex 43.1826 -44.9703 74.9403
      vertex 36.7696 -48.0833 72
      vertex 43.134 -44.9025 74.8366
    endloop
  endfacet
  facet normal 0.553911 -0.554288 -0.621247
    outer loop
      vertex 43.134 -44.9025 74.8366
      vertex 36.7696 -48.0833 72
      vertex 43.09 -44.8317 74.7342
    endloop
  endfacet
  facet normal 0.553875 -0.553907 -0.621619
    outer loop
      vertex 43.09 -44.8317 74.7342
      vertex 36.7696 -48.0833 72
      vertex 43.0507 -44.7581 74.6336
    endloop
  endfacet
  facet normal 0.553851 -0.553691 -0.621833
    outer loop
      vertex 43.0507 -44.7581 74.6336
      vertex 36.7696 -48.0833 72
      vertex 43.0162 -44.6821 74.5352
    endloop
  endfacet
  facet normal 0.553838 -0.553595 -0.621929
    outer loop
      vertex 43.0162 -44.6821 74.5352
      vertex 36.7696 -48.0833 72
      vertex 42.9868 -44.604 74.4395
    endloop
  endfacet
  facet normal 0.553955 -0.55435 -0.621152
    outer loop
      vertex 42.9868 -44.604 74.4395
      vertex 36.7696 -48.0833 72
      vertex 42.9626 -44.5242 74.3467
    endloop
  endfacet
  facet normal 0.553875 -0.553865 -0.621656
    outer loop
      vertex 42.9219 -44.2776 74.0908
      vertex 36.7696 -48.0833 72
      vertex 42.4264 -42.4264 72
    endloop
  endfacet
  facet normal 0.553898 -0.55399 -0.621524
    outer loop
      vertex 45.4583 -44.0278 76.128
      vertex 51.6188 -40.3051 78.3
      vertex 45.4664 -44.1108 76.2092
    endloop
  endfacet
  facet normal 0.553847 -0.553757 -0.621777
    outer loop
      vertex 45.4447 -43.9454 76.0425
      vertex 51.6188 -40.3051 78.3
      vertex 45.4583 -44.0278 76.128
    endloop
  endfacet
  facet normal 0.553887 -0.55396 -0.621561
    outer loop
      vertex 45.4257 -43.8642 75.9532
      vertex 51.6188 -40.3051 78.3
      vertex 45.4447 -43.9454 76.0425
    endloop
  endfacet
  facet normal 0.553841 -0.553702 -0.621831
    outer loop
      vertex 45.4015 -43.7843 75.8605
      vertex 51.6188 -40.3051 78.3
      vertex 45.4257 -43.8642 75.9532
    endloop
  endfacet
  facet normal 0.553874 -0.553909 -0.621618
    outer loop
      vertex 45.3721 -43.7063 75.7648
      vertex 51.6188 -40.3051 78.3
      vertex 45.4015 -43.7843 75.8605
    endloop
  endfacet
  facet normal 0.553886 -0.554003 -0.621523
    outer loop
      vertex 45.3377 -43.6303 75.6664
      vertex 51.6188 -40.3051 78.3
      vertex 45.3721 -43.7063 75.7648
    endloop
  endfacet
  facet normal 0.553875 -0.553907 -0.621619
    outer loop
      vertex 45.2984 -43.5567 75.5658
      vertex 51.6188 -40.3051 78.3
      vertex 45.3377 -43.6303 75.6664
    endloop
  endfacet
  facet normal 0.553852 -0.553654 -0.621865
    outer loop
      vertex 45.2543 -43.4858 75.4634
      vertex 51.6188 -40.3051 78.3
      vertex 45.2984 -43.5567 75.5658
    endloop
  endfacet
  facet normal 0.553866 -0.553844 -0.621683
    outer loop
      vertex 45.2057 -43.418 75.3597
      vertex 51.6188 -40.3051 78.3
      vertex 45.2543 -43.4858 75.4634
    endloop
  endfacet
  facet normal 0.553867 -0.553878 -0.621651
    outer loop
      vertex 45.1528 -43.3535 75.2551
      vertex 51.6188 -40.3051 78.3
      vertex 45.2057 -43.418 75.3597
    endloop
  endfacet
  facet normal 0.553863 -0.553744 -0.621775
    outer loop
      vertex 45.0957 -43.2926 75.15
      vertex 51.6188 -40.3051 78.3
      vertex 45.1528 -43.3535 75.2551
    endloop
  endfacet
  facet normal 0.553865 -0.553877 -0.621654
    outer loop
      vertex 51.6188 -40.3051 78.3
      vertex 45.0957 -43.2926 75.15
      vertex 48.0833 -36.7696 72
    endloop
  endfacet
  facet normal 0.554084 -0.553881 -0.621455
    outer loop
      vertex 45.0348 -43.2356 75.0449
      vertex 48.0833 -36.7696 72
      vertex 45.0957 -43.2926 75.15
    endloop
  endfacet
  facet normal 0.553533 -0.553861 -0.621964
    outer loop
      vertex 44.9703 -43.1826 74.9403
      vertex 48.0833 -36.7696 72
      vertex 45.0348 -43.2356 75.0449
    endloop
  endfacet
  facet normal 0.553834 -0.553877 -0.621682
    outer loop
      vertex 44.9025 -43.134 74.8366
      vertex 48.0833 -36.7696 72
      vertex 44.9703 -43.1826 74.9403
    endloop
  endfacet
  facet normal 0.554288 -0.553911 -0.621247
    outer loop
      vertex 44.8317 -43.09 74.7342
      vertex 48.0833 -36.7696 72
      vertex 44.9025 -43.134 74.8366
    endloop
  endfacet
  facet normal 0.553907 -0.553875 -0.621619
    outer loop
      vertex 44.7581 -43.0507 74.6336
      vertex 48.0833 -36.7696 72
      vertex 44.8317 -43.09 74.7342
    endloop
  endfacet
  facet normal 0.553691 -0.553851 -0.621833
    outer loop
      vertex 44.6821 -43.0162 74.5352
      vertex 48.0833 -36.7696 72
      vertex 44.7581 -43.0507 74.6336
    endloop
  endfacet
  facet normal 0.553595 -0.553838 -0.621929
    outer loop
      vertex 44.604 -42.9868 74.4395
      vertex 48.0833 -36.7696 72
      vertex 44.6821 -43.0162 74.5352
    endloop
  endfacet
  facet normal 0.55435 -0.553955 -0.621152
    outer loop
      vertex 44.5242 -42.9626 74.3467
      vertex 48.0833 -36.7696 72
      vertex 44.604 -42.9868 74.4395
    endloop
  endfacet
  facet normal 0.553611 -0.553824 -0.621927
    outer loop
      vertex 44.4429 -42.9437 74.2575
      vertex 48.0833 -36.7696 72
      vertex 44.5242 -42.9626 74.3467
    endloop
  endfacet
  facet normal 0.554068 -0.553915 -0.621439
    outer loop
      vertex 44.3606 -42.9301 74.172
      vertex 48.0833 -36.7696 72
      vertex 44.4429 -42.9437 74.2575
    endloop
  endfacet
  facet normal 0.55367 -0.553827 -0.621872
    outer loop
      vertex 44.2776 -42.9219 74.0908
      vertex 48.0833 -36.7696 72
      vertex 44.3606 -42.9301 74.172
    endloop
  endfacet
  facet normal 0.554193 -0.553954 -0.621293
    outer loop
      vertex 44.1942 -42.9192 74.014
      vertex 48.0833 -36.7696 72
      vertex 44.2776 -42.9219 74.0908
    endloop
  endfacet
  facet normal 0.5527 -0.555661 -0.621099
    outer loop
      vertex 42.4264 -42.4264 72
      vertex 44.1942 -42.9192 74.014
      vertex 44.1108 -42.9219 73.9422
    endloop
  endfacet
  facet normal 0.554418 -0.553028 -0.621917
    outer loop
      vertex 42.4264 -42.4264 72
      vertex 44.1108 -42.9219 73.9422
      vertex 44.0278 -42.9301 73.8755
    endloop
  endfacet
  facet normal 0.553896 -0.553815 -0.621682
    outer loop
      vertex 42.4264 -42.4264 72
      vertex 44.0278 -42.9301 73.8755
      vertex 43.9454 -42.9437 73.8142
    endloop
  endfacet
  facet normal 0.553827 -0.553915 -0.621654
    outer loop
      vertex 42.4264 -42.4264 72
      vertex 43.9454 -42.9437 73.8142
      vertex 43.8642 -42.9626 73.7587
    endloop
  endfacet
  facet normal 0.55305 -0.555024 -0.621356
    outer loop
      vertex 42.4264 -42.4264 72
      vertex 43.8642 -42.9626 73.7587
      vertex 43.7843 -42.9868 73.7092
    endloop
  endfacet
  facet normal 0.554463 -0.553072 -0.621838
    outer loop
      vertex 42.4264 -42.4264 72
      vertex 43.7843 -42.9868 73.7092
      vertex 43.7063 -43.0162 73.6658
    endloop
  endfacet
  facet normal 0.554011 -0.553674 -0.621705
    outer loop
      vertex 42.4264 -42.4264 72
      vertex 43.7063 -43.0162 73.6658
      vertex 43.6303 -43.0507 73.6288
    endloop
  endfacet
  facet normal 0.554083 -0.553582 -0.621723
    outer loop
      vertex 42.4264 -42.4264 72
      vertex 43.6303 -43.0507 73.6288
      vertex 43.5567 -43.09 73.5982
    endloop
  endfacet
  facet normal 0.553 -0.554906 -0.621506
    outer loop
      vertex 42.4264 -42.4264 72
      vertex 43.5567 -43.09 73.5982
      vertex 43.4858 -43.134 73.5744
    endloop
  endfacet
  facet normal 0.554353 -0.553328 -0.621708
    outer loop
      vertex 42.4264 -42.4264 72
      vertex 43.4858 -43.134 73.5744
      vertex 43.418 -43.1826 73.5572
    endloop
  endfacet
  facet normal 0.554142 -0.553562 -0.621687
    outer loop
      vertex 42.4264 -42.4264 72
      vertex 43.418 -43.1826 73.5572
      vertex 43.3535 -43.2356 73.5469
    endloop
  endfacet
  facet normal 0.553476 -0.554264 -0.621655
    outer loop
      vertex 42.4264 -42.4264 72
      vertex 43.3535 -43.2356 73.5469
      vertex 43.2926 -43.2926 73.5435
    endloop
  endfacet
  facet normal 0.554264 -0.553476 -0.621655
    outer loop
      vertex 42.4264 -42.4264 72
      vertex 43.2926 -43.2926 73.5435
      vertex 43.2356 -43.3535 73.5469
    endloop
  endfacet
  facet normal 0.553562 -0.554142 -0.621687
    outer loop
      vertex 42.4264 -42.4264 72
      vertex 43.2356 -43.3535 73.5469
      vertex 43.1826 -43.418 73.5572
    endloop
  endfacet
  facet normal 0.553855 -0.553865 -0.621673
    outer loop
      vertex 44.1942 -42.9192 74.014
      vertex 42.4264 -42.4264 72
      vertex 48.0833 -36.7696 72
    endloop
  endfacet
  facet normal 0.553328 -0.554353 -0.621708
    outer loop
      vertex 43.134 -43.4858 73.5744
      vertex 42.4264 -42.4264 72
      vertex 43.1826 -43.418 73.5572
    endloop
  endfacet
  facet normal 0.554906 -0.553 -0.621506
    outer loop
      vertex 43.09 -43.5567 73.5982
      vertex 42.4264 -42.4264 72
      vertex 43.134 -43.4858 73.5744
    endloop
  endfacet
  facet normal 0.553582 -0.554083 -0.621723
    outer loop
      vertex 43.0507 -43.6303 73.6288
      vertex 42.4264 -42.4264 72
      vertex 43.09 -43.5567 73.5982
    endloop
  endfacet
  facet normal 0.553674 -0.554011 -0.621705
    outer loop
      vertex 43.0162 -43.7063 73.6658
      vertex 42.4264 -42.4264 72
      vertex 43.0507 -43.6303 73.6288
    endloop
  endfacet
  facet normal 0.553072 -0.554463 -0.621838
    outer loop
      vertex 42.9868 -43.7843 73.7092
      vertex 42.4264 -42.4264 72
      vertex 43.0162 -43.7063 73.6658
    endloop
  endfacet
  facet normal 0.555024 -0.55305 -0.621356
    outer loop
      vertex 42.9626 -43.8642 73.7587
      vertex 42.4264 -42.4264 72
      vertex 42.9868 -43.7843 73.7092
    endloop
  endfacet
  facet normal 0.553915 -0.553827 -0.621654
    outer loop
      vertex 42.9437 -43.9454 73.8142
      vertex 42.4264 -42.4264 72
      vertex 42.9626 -43.8642 73.7587
    endloop
  endfacet
  facet normal 0.553815 -0.553896 -0.621682
    outer loop
      vertex 42.9301 -44.0278 73.8755
      vertex 42.4264 -42.4264 72
      vertex 42.9437 -43.9454 73.8142
    endloop
  endfacet
  facet normal 0.553028 -0.554418 -0.621917
    outer loop
      vertex 42.9219 -44.1108 73.9422
      vertex 42.4264 -42.4264 72
      vertex 42.9301 -44.0278 73.8755
    endloop
  endfacet
  facet normal 0.555661 -0.5527 -0.621099
    outer loop
      vertex 42.4264 -42.4264 72
      vertex 42.9219 -44.1108 73.9422
      vertex 42.9192 -44.1942 74.014
    endloop
  endfacet
  facet normal 0.706918 -0.0231342 -0.706918
    outer loop
      vertex -56.878 3.72798 49
      vertex -54 0 52
      vertex -57 0 49
    endloop
  endfacet
  facet normal 0.706915 -0.0231384 -0.70692
    outer loop
      vertex -53.8844 3.53177 52
      vertex -54 0 52
      vertex -56.878 3.72798 49
    endloop
  endfacet
  facet normal 0.703888 -0.0693267 -0.70692
    outer loop
      vertex -56.5124 7.43999 49
      vertex -53.8844 3.53177 52
      vertex -56.878 3.72798 49
    endloop
  endfacet
  facet normal 0.703882 -0.0693345 -0.706925
    outer loop
      vertex -53.538 7.04841 52
      vertex -53.8844 3.53177 52
      vertex -56.5124 7.43999 49
    endloop
  endfacet
  facet normal 0.697841 -0.115216 -0.706925
    outer loop
      vertex -55.9048 11.1201 49
      vertex -53.538 7.04841 52
      vertex -56.5124 7.43999 49
    endloop
  endfacet
  facet normal 0.697846 -0.11521 -0.706921
    outer loop
      vertex -52.9624 10.5349 52
      vertex -53.538 7.04841 52
      vertex -55.9048 11.1201 49
    endloop
  endfacet
  facet normal 0.688816 -0.160609 -0.706921
    outer loop
      vertex -55.0578 14.7527 49
      vertex -52.9624 10.5349 52
      vertex -55.9048 11.1201 49
    endloop
  endfacet
  facet normal 0.688816 -0.16061 -0.706921
    outer loop
      vertex -52.16 13.9762 52
      vertex -52.9624 10.5349 52
      vertex -55.0578 14.7527 49
    endloop
  endfacet
  facet normal 0.676833 -0.205327 -0.706921
    outer loop
      vertex -53.975 18.322 49
      vertex -52.16 13.9762 52
      vertex -55.0578 14.7527 49
    endloop
  endfacet
  facet normal 0.676838 -0.205323 -0.706918
    outer loop
      vertex -51.1342 17.3577 52
      vertex -52.16 13.9762 52
      vertex -53.975 18.322 49
    endloop
  endfacet
  facet normal 0.661963 -0.249142 -0.706918
    outer loop
      vertex -52.6611 21.813 49
      vertex -51.1342 17.3577 52
      vertex -53.975 18.322 49
    endloop
  endfacet
  facet normal 0.661968 -0.249139 -0.706915
    outer loop
      vertex -49.8895 20.6649 52
      vertex -51.1342 17.3577 52
      vertex -52.6611 21.813 49
    endloop
  endfacet
  facet normal 0.644249 -0.291914 -0.706916
    outer loop
      vertex -52.6611 21.813 49
      vertex -50.5847 23.2295 50.3074
      vertex -49.8895 20.6649 52
    endloop
  endfacet
  facet normal 0.644249 -0.291917 -0.706914
    outer loop
      vertex -50.5847 23.2295 50.3074
      vertex -52.6611 21.813 49
      vertex -51.7218 23.886 49
    endloop
  endfacet
  facet normal 0.644263 -0.291904 -0.706906
    outer loop
      vertex -49.1126 22.3796 52
      vertex -49.8895 20.6649 52
      vertex -50.5847 23.2295 50.3074
    endloop
  endfacet
  facet normal 0.574922 -0.411986 -0.706917
    outer loop
      vertex -45.2211 34.6994 49
      vertex -45.0347 31.9763 50.7386
      vertex -46.5468 32.8494 49
    endloop
  endfacet
  facet normal 0.574931 -0.412007 -0.706898
    outer loop
      vertex -45.0347 31.9763 50.7386
      vertex -42.8411 32.8731 52
      vertex -43.9376 31.343 52
    endloop
  endfacet
  facet normal 0.57493 -0.411983 -0.706913
    outer loop
      vertex -42.8411 32.8731 52
      vertex -45.0347 31.9763 50.7386
      vertex -45.2211 34.6994 49
    endloop
  endfacet
  facet normal 0.546756 -0.448699 -0.706913
    outer loop
      vertex -42.8549 37.5827 49
      vertex -42.8411 32.8731 52
      vertex -45.2211 34.6994 49
    endloop
  endfacet
  facet normal 0.54674 -0.448705 -0.706922
    outer loop
      vertex -40.5993 35.6047 52
      vertex -42.8411 32.8731 52
      vertex -42.8549 37.5827 49
    endloop
  endfacet
  facet normal 0.516228 -0.483499 -0.706921
    outer loop
      vertex -40.3051 40.3051 49
      vertex -40.5993 35.6047 52
      vertex -42.8549 37.5827 49
    endloop
  endfacet
  facet normal 0.516242 -0.483495 -0.706914
    outer loop
      vertex -40.3051 40.3051 49
      vertex -38.1838 38.1838 52
      vertex -40.5993 35.6047 52
    endloop
  endfacet
  facet normal 0.483504 -0.516233 -0.706914
    outer loop
      vertex -37.5827 42.8549 49
      vertex -38.1838 38.1838 52
      vertex -40.3051 40.3051 49
    endloop
  endfacet
  facet normal 0.48349 -0.516236 -0.706922
    outer loop
      vertex -37.5827 42.8549 49
      vertex -35.6047 40.5993 52
      vertex -38.1838 38.1838 52
    endloop
  endfacet
  facet normal 0.448694 -0.54675 -0.706922
    outer loop
      vertex -34.6994 45.2211 49
      vertex -35.6047 40.5993 52
      vertex -37.5827 42.8549 49
    endloop
  endfacet
  facet normal 0.448711 -0.546747 -0.706913
    outer loop
      vertex -34.6994 45.2211 49
      vertex -32.8731 42.8411 52
      vertex -35.6047 40.5993 52
    endloop
  endfacet
  facet normal 0.411996 -0.574921 -0.706913
    outer loop
      vertex -31.6675 47.3938 49
      vertex -32.8731 42.8411 52
      vertex -34.6994 45.2211 49
    endloop
  endfacet
  facet normal 0.41199 -0.574921 -0.706916
    outer loop
      vertex -31.6675 47.3938 49
      vertex -30.0008 44.8994 52
      vertex -32.8731 42.8411 52
    endloop
  endfacet
  facet normal 0.373491 -0.600646 -0.706916
    outer loop
      vertex -28.5 49.3634 49
      vertex -30.0008 44.8994 52
      vertex -31.6675 47.3938 49
    endloop
  endfacet
  facet normal 0.373502 -0.600645 -0.70691
    outer loop
      vertex -28.5 49.3634 49
      vertex -27 46.7654 52
      vertex -30.0008 44.8994 52
    endloop
  endfacet
  facet normal 0.333425 -0.623784 -0.70691
    outer loop
      vertex -25.2105 51.1217 49
      vertex -27 46.7654 52
      vertex -28.5 49.3634 49
    endloop
  endfacet
  facet normal 0.333409 -0.623784 -0.706918
    outer loop
      vertex -25.2105 51.1217 49
      vertex -23.8836 48.4311 52
      vertex -27 46.7654 52
    endloop
  endfacet
  facet normal 0.291908 -0.64425 -0.706917
    outer loop
      vertex -21.813 52.6611 49
      vertex -23.8836 48.4311 52
      vertex -25.2105 51.1217 49
    endloop
  endfacet
  facet normal 0.291911 -0.64425 -0.706916
    outer loop
      vertex -21.813 52.6611 49
      vertex -20.6649 49.8895 52
      vertex -23.8836 48.4311 52
    endloop
  endfacet
  facet normal 0.249143 -0.661966 -0.706915
    outer loop
      vertex -18.322 53.975 49
      vertex -20.6649 49.8895 52
      vertex -21.813 52.6611 49
    endloop
  endfacet
  facet normal 0.249138 -0.661965 -0.706918
    outer loop
      vertex -18.322 53.975 49
      vertex -17.3577 51.1342 52
      vertex -20.6649 49.8895 52
    endloop
  endfacet
  facet normal 0.205328 -0.676836 -0.706918
    outer loop
      vertex -14.7527 55.0578 49
      vertex -17.3577 51.1342 52
      vertex -18.322 53.975 49
    endloop
  endfacet
  facet normal 0.205322 -0.676835 -0.706921
    outer loop
      vertex -14.7527 55.0578 49
      vertex -13.9762 52.16 52
      vertex -17.3577 51.1342 52
    endloop
  endfacet
  facet normal 0.160653 -0.688833 -0.706894
    outer loop
      vertex -13.9762 52.16 52
      vertex -11.8 55.7462 49
      vertex -11.4517 55.47 49.3483
    endloop
  endfacet
  facet normal 0.160593 -0.68882 -0.706921
    outer loop
      vertex -11.8 55.7462 49
      vertex -13.9762 52.16 52
      vertex -14.7527 55.0578 49
    endloop
  endfacet
  facet normal 0.160647 -0.688809 -0.706919
    outer loop
      vertex -10.5349 52.9624 52
      vertex -11.4517 55.47 49.3483
      vertex -10.9554 55.0764 49.8446
    endloop
  endfacet
  facet normal 0.16061 -0.68882 -0.706917
    outer loop
      vertex -11.4517 55.47 49.3483
      vertex -10.5349 52.9624 52
      vertex -13.9762 52.16 52
    endloop
  endfacet
  facet normal 0.115246 -0.697841 -0.70692
    outer loop
      vertex -9.65393 53.9729 51.1461
      vertex -10.5349 52.9624 52
      vertex -10.9554 55.0764 49.8446
    endloop
  endfacet
  facet normal 0.115197 -0.697821 -0.706948
    outer loop
      vertex -9.65393 53.9729 51.1461
      vertex -8.79999 53.2488 52
      vertex -10.5349 52.9624 52
    endloop
  endfacet
  facet normal -0.115201 -0.697849 -0.70692
    outer loop
      vertex 10.9554 55.0764 49.8446
      vertex 10.5349 52.9624 52
      vertex 8.79999 53.2488 52
    endloop
  endfacet
  facet normal -0.160595 -0.688829 -0.706911
    outer loop
      vertex 10.5349 52.9624 52
      vertex 11.8 55.7462 49
      vertex 14.7527 55.0578 49
    endloop
  endfacet
  facet normal -0.160671 -0.688804 -0.706919
    outer loop
      vertex 11.8 55.7462 49
      vertex 10.5349 52.9624 52
      vertex 10.9554 55.0764 49.8446
    endloop
  endfacet
  facet normal -0.16061 -0.688816 -0.706921
    outer loop
      vertex 14.7527 55.0578 49
      vertex 13.9762 52.16 52
      vertex 10.5349 52.9624 52
    endloop
  endfacet
  facet normal -0.205327 -0.676833 -0.706921
    outer loop
      vertex 14.7527 55.0578 49
      vertex 18.322 53.975 49
      vertex 13.9762 52.16 52
    endloop
  endfacet
  facet normal -0.205323 -0.676838 -0.706918
    outer loop
      vertex 18.322 53.975 49
      vertex 17.3577 51.1342 52
      vertex 13.9762 52.16 52
    endloop
  endfacet
  facet normal -0.249142 -0.661963 -0.706918
    outer loop
      vertex 18.322 53.975 49
      vertex 21.813 52.6611 49
      vertex 17.3577 51.1342 52
    endloop
  endfacet
  facet normal -0.249139 -0.661968 -0.706915
    outer loop
      vertex 21.813 52.6611 49
      vertex 20.6649 49.8895 52
      vertex 17.3577 51.1342 52
    endloop
  endfacet
  facet normal -0.291909 -0.644251 -0.706916
    outer loop
      vertex 21.813 52.6611 49
      vertex 25.2105 51.1217 49
      vertex 20.6649 49.8895 52
    endloop
  endfacet
  facet normal -0.29191 -0.644249 -0.706917
    outer loop
      vertex 25.2105 51.1217 49
      vertex 23.8836 48.4311 52
      vertex 20.6649 49.8895 52
    endloop
  endfacet
  facet normal -0.333421 -0.623778 -0.706917
    outer loop
      vertex 25.2105 51.1217 49
      vertex 28.5 49.3634 49
      vertex 23.8836 48.4311 52
    endloop
  endfacet
  facet normal -0.333413 -0.623791 -0.706909
    outer loop
      vertex 28.5 49.3634 49
      vertex 27 46.7654 52
      vertex 23.8836 48.4311 52
    endloop
  endfacet
  facet normal -0.373494 -0.60065 -0.70691
    outer loop
      vertex 28.5 49.3634 49
      vertex 31.6675 47.3938 49
      vertex 27 46.7654 52
    endloop
  endfacet
  facet normal -0.373499 -0.60064 -0.706916
    outer loop
      vertex 31.6675 47.3938 49
      vertex 30.0008 44.8994 52
      vertex 27 46.7654 52
    endloop
  endfacet
  facet normal -0.411994 -0.574918 -0.706916
    outer loop
      vertex 31.6675 47.3938 49
      vertex 34.6994 45.2211 49
      vertex 30.0008 44.8994 52
    endloop
  endfacet
  facet normal -0.411992 -0.574923 -0.706913
    outer loop
      vertex 34.6994 45.2211 49
      vertex 32.8731 42.8411 52
      vertex 30.0008 44.8994 52
    endloop
  endfacet
  facet normal -0.448699 -0.546756 -0.706913
    outer loop
      vertex 34.6994 45.2211 49
      vertex 37.5827 42.8549 49
      vertex 32.8731 42.8411 52
    endloop
  endfacet
  facet normal -0.448705 -0.54674 -0.706922
    outer loop
      vertex 37.5827 42.8549 49
      vertex 35.6047 40.5993 52
      vertex 32.8731 42.8411 52
    endloop
  endfacet
  facet normal -0.483499 -0.516228 -0.706921
    outer loop
      vertex 37.5827 42.8549 49
      vertex 40.3051 40.3051 49
      vertex 35.6047 40.5993 52
    endloop
  endfacet
  facet normal -0.483495 -0.516242 -0.706914
    outer loop
      vertex 40.3051 40.3051 49
      vertex 38.1838 38.1838 52
      vertex 35.6047 40.5993 52
    endloop
  endfacet
  facet normal -0.516233 -0.483504 -0.706914
    outer loop
      vertex 40.3051 40.3051 49
      vertex 42.8549 37.5827 49
      vertex 38.1838 38.1838 52
    endloop
  endfacet
  facet normal -0.516236 -0.48349 -0.706922
    outer loop
      vertex 42.8549 37.5827 49
      vertex 40.5993 35.6047 52
      vertex 38.1838 38.1838 52
    endloop
  endfacet
  facet normal -0.54675 -0.448694 -0.706922
    outer loop
      vertex 42.8549 37.5827 49
      vertex 45.2211 34.6994 49
      vertex 40.5993 35.6047 52
    endloop
  endfacet
  facet normal -0.546747 -0.448711 -0.706913
    outer loop
      vertex 45.2211 34.6994 49
      vertex 42.8411 32.8731 52
      vertex 40.5993 35.6047 52
    endloop
  endfacet
  facet normal -0.574925 -0.411988 -0.706913
    outer loop
      vertex 45.4097 32.1929 50.3074
      vertex 45.2211 34.6994 49
      vertex 46.5468 32.8494 49
    endloop
  endfacet
  facet normal -0.574926 -0.411988 -0.706913
    outer loop
      vertex 45.2211 34.6994 49
      vertex 45.4097 32.1929 50.3074
      vertex 42.8411 32.8731 52
    endloop
  endfacet
  facet normal -0.574925 -0.412003 -0.706905
    outer loop
      vertex 45.4097 32.1929 50.3074
      vertex 43.9376 31.343 52
      vertex 42.8411 32.8731 52
    endloop
  endfacet
  facet normal -0.644257 -0.29192 -0.706906
    outer loop
      vertex 51.7218 23.886 49
      vertex 52.6611 21.813 49
      vertex 50.2097 23.013 50.7386
    endloop
  endfacet
  facet normal -0.644254 -0.291901 -0.706916
    outer loop
      vertex 49.8895 20.6649 52
      vertex 50.2097 23.013 50.7386
      vertex 52.6611 21.813 49
    endloop
  endfacet
  facet normal -0.644256 -0.291901 -0.706915
    outer loop
      vertex 50.2097 23.013 50.7386
      vertex 49.8895 20.6649 52
      vertex 49.1126 22.3796 52
    endloop
  endfacet
  facet normal -0.661966 -0.249143 -0.706915
    outer loop
      vertex 52.6611 21.813 49
      vertex 53.975 18.322 49
      vertex 49.8895 20.6649 52
    endloop
  endfacet
  facet normal -0.661965 -0.249138 -0.706918
    outer loop
      vertex 53.975 18.322 49
      vertex 51.1342 17.3577 52
      vertex 49.8895 20.6649 52
    endloop
  endfacet
  facet normal -0.676836 -0.205328 -0.706918
    outer loop
      vertex 53.975 18.322 49
      vertex 55.0578 14.7527 49
      vertex 51.1342 17.3577 52
    endloop
  endfacet
  facet normal -0.676835 -0.205322 -0.706921
    outer loop
      vertex 55.0578 14.7527 49
      vertex 52.16 13.9762 52
      vertex 51.1342 17.3577 52
    endloop
  endfacet
  facet normal -0.688816 -0.160609 -0.706921
    outer loop
      vertex 55.0578 14.7527 49
      vertex 55.9048 11.1201 49
      vertex 52.16 13.9762 52
    endloop
  endfacet
  facet normal -0.688816 -0.16061 -0.706921
    outer loop
      vertex 55.9048 11.1201 49
      vertex 52.9624 10.5349 52
      vertex 52.16 13.9762 52
    endloop
  endfacet
  facet normal -0.697845 -0.115217 -0.706921
    outer loop
      vertex 55.9048 11.1201 49
      vertex 56.5124 7.43999 49
      vertex 52.9624 10.5349 52
    endloop
  endfacet
  facet normal -0.697842 -0.11521 -0.706925
    outer loop
      vertex 56.5124 7.43999 49
      vertex 53.538 7.04841 52
      vertex 52.9624 10.5349 52
    endloop
  endfacet
  facet normal -0.703883 -0.0693262 -0.706925
    outer loop
      vertex 56.5124 7.43999 49
      vertex 56.878 3.72798 49
      vertex 53.538 7.04841 52
    endloop
  endfacet
  facet normal -0.703887 -0.0693351 -0.70692
    outer loop
      vertex 56.878 3.72798 49
      vertex 53.8844 3.53177 52
      vertex 53.538 7.04841 52
    endloop
  endfacet
  facet normal -0.706915 -0.0231341 -0.70692
    outer loop
      vertex 56.878 3.72798 49
      vertex 57 0 49
      vertex 53.8844 3.53177 52
    endloop
  endfacet
  facet normal -0.706917 -0.0231384 -0.706917
    outer loop
      vertex 57 0 49
      vertex 54 0 52
      vertex 53.8844 3.53177 52
    endloop
  endfacet
  facet normal -0.706918 0.0231342 -0.706918
    outer loop
      vertex 57 0 49
      vertex 56.878 -3.72798 49
      vertex 54 0 52
    endloop
  endfacet
  facet normal -0.706915 0.0231384 -0.70692
    outer loop
      vertex 54 0 52
      vertex 56.878 -3.72798 49
      vertex 53.8844 -3.53177 52
    endloop
  endfacet
  facet normal -0.703888 0.0693267 -0.70692
    outer loop
      vertex 56.878 -3.72798 49
      vertex 56.5124 -7.43999 49
      vertex 53.8844 -3.53177 52
    endloop
  endfacet
  facet normal -0.703882 0.0693345 -0.706925
    outer loop
      vertex 53.8844 -3.53177 52
      vertex 56.5124 -7.43999 49
      vertex 53.538 -7.04841 52
    endloop
  endfacet
  facet normal -0.697841 0.115216 -0.706925
    outer loop
      vertex 56.5124 -7.43999 49
      vertex 55.9048 -11.1201 49
      vertex 53.538 -7.04841 52
    endloop
  endfacet
  facet normal -0.697846 0.11521 -0.706921
    outer loop
      vertex 53.538 -7.04841 52
      vertex 55.9048 -11.1201 49
      vertex 52.9624 -10.5349 52
    endloop
  endfacet
  facet normal -0.688816 0.160609 -0.706921
    outer loop
      vertex 55.9048 -11.1201 49
      vertex 55.0578 -14.7527 49
      vertex 52.9624 -10.5349 52
    endloop
  endfacet
  facet normal -0.688816 0.16061 -0.706921
    outer loop
      vertex 52.9624 -10.5349 52
      vertex 55.0578 -14.7527 49
      vertex 52.16 -13.9762 52
    endloop
  endfacet
  facet normal -0.676833 0.205327 -0.706921
    outer loop
      vertex 55.0578 -14.7527 49
      vertex 53.975 -18.322 49
      vertex 52.16 -13.9762 52
    endloop
  endfacet
  facet normal -0.676838 0.205323 -0.706918
    outer loop
      vertex 52.16 -13.9762 52
      vertex 53.975 -18.322 49
      vertex 51.1342 -17.3577 52
    endloop
  endfacet
  facet normal -0.661963 0.249142 -0.706918
    outer loop
      vertex 53.975 -18.322 49
      vertex 52.6611 -21.813 49
      vertex 51.1342 -17.3577 52
    endloop
  endfacet
  facet normal -0.661968 0.249139 -0.706915
    outer loop
      vertex 51.1342 -17.3577 52
      vertex 52.6611 -21.813 49
      vertex 49.8895 -20.6649 52
    endloop
  endfacet
  facet normal -0.644251 0.291909 -0.706916
    outer loop
      vertex 52.6611 -21.813 49
      vertex 51.1217 -25.2105 49
      vertex 49.8895 -20.6649 52
    endloop
  endfacet
  facet normal -0.644249 0.29191 -0.706917
    outer loop
      vertex 49.8895 -20.6649 52
      vertex 51.1217 -25.2105 49
      vertex 48.4311 -23.8836 52
    endloop
  endfacet
  facet normal -0.623778 0.333421 -0.706917
    outer loop
      vertex 51.1217 -25.2105 49
      vertex 49.3634 -28.5 49
      vertex 48.4311 -23.8836 52
    endloop
  endfacet
  facet normal -0.623791 0.333413 -0.706909
    outer loop
      vertex 48.4311 -23.8836 52
      vertex 49.3634 -28.5 49
      vertex 46.7654 -27 52
    endloop
  endfacet
  facet normal -0.60065 0.373494 -0.70691
    outer loop
      vertex 49.3634 -28.5 49
      vertex 47.3938 -31.6675 49
      vertex 46.7654 -27 52
    endloop
  endfacet
  facet normal -0.60064 0.373499 -0.706916
    outer loop
      vertex 46.7654 -27 52
      vertex 47.3938 -31.6675 49
      vertex 44.8994 -30.0008 52
    endloop
  endfacet
  facet normal -0.574918 0.411994 -0.706916
    outer loop
      vertex 47.3938 -31.6675 49
      vertex 45.2211 -34.6994 49
      vertex 44.8994 -30.0008 52
    endloop
  endfacet
  facet normal -0.574923 0.411992 -0.706913
    outer loop
      vertex 44.8994 -30.0008 52
      vertex 45.2211 -34.6994 49
      vertex 42.8411 -32.8731 52
    endloop
  endfacet
  facet normal -0.546756 0.448699 -0.706913
    outer loop
      vertex 45.2211 -34.6994 49
      vertex 42.8549 -37.5827 49
      vertex 42.8411 -32.8731 52
    endloop
  endfacet
  facet normal -0.54674 0.448705 -0.706922
    outer loop
      vertex 42.8411 -32.8731 52
      vertex 42.8549 -37.5827 49
      vertex 40.5993 -35.6047 52
    endloop
  endfacet
  facet normal -0.516228 0.483499 -0.706921
    outer loop
      vertex 40.5993 -35.6047 52
      vertex 42.8549 -37.5827 49
      vertex 40.3051 -40.3051 49
    endloop
  endfacet
  facet normal -0.516242 0.483495 -0.706914
    outer loop
      vertex 40.5993 -35.6047 52
      vertex 40.3051 -40.3051 49
      vertex 38.1838 -38.1838 52
    endloop
  endfacet
  facet normal -0.483504 0.516233 -0.706914
    outer loop
      vertex 38.1838 -38.1838 52
      vertex 40.3051 -40.3051 49
      vertex 37.5827 -42.8549 49
    endloop
  endfacet
  facet normal -0.48349 0.516236 -0.706922
    outer loop
      vertex 38.1838 -38.1838 52
      vertex 37.5827 -42.8549 49
      vertex 35.6047 -40.5993 52
    endloop
  endfacet
  facet normal -0.448694 0.54675 -0.706922
    outer loop
      vertex 35.6047 -40.5993 52
      vertex 37.5827 -42.8549 49
      vertex 34.6994 -45.2211 49
    endloop
  endfacet
  facet normal -0.448711 0.546747 -0.706913
    outer loop
      vertex 35.6047 -40.5993 52
      vertex 34.6994 -45.2211 49
      vertex 32.8731 -42.8411 52
    endloop
  endfacet
  facet normal -0.411996 0.574921 -0.706913
    outer loop
      vertex 32.8731 -42.8411 52
      vertex 34.6994 -45.2211 49
      vertex 31.6675 -47.3938 49
    endloop
  endfacet
  facet normal -0.41199 0.574921 -0.706916
    outer loop
      vertex 32.8731 -42.8411 52
      vertex 31.6675 -47.3938 49
      vertex 30.0008 -44.8994 52
    endloop
  endfacet
  facet normal -0.373491 0.600646 -0.706916
    outer loop
      vertex 30.0008 -44.8994 52
      vertex 31.6675 -47.3938 49
      vertex 28.5 -49.3634 49
    endloop
  endfacet
  facet normal -0.373502 0.600645 -0.70691
    outer loop
      vertex 30.0008 -44.8994 52
      vertex 28.5 -49.3634 49
      vertex 27 -46.7654 52
    endloop
  endfacet
  facet normal -0.333425 0.623784 -0.70691
    outer loop
      vertex 27 -46.7654 52
      vertex 28.5 -49.3634 49
      vertex 25.2105 -51.1217 49
    endloop
  endfacet
  facet normal -0.333409 0.623784 -0.706918
    outer loop
      vertex 27 -46.7654 52
      vertex 25.2105 -51.1217 49
      vertex 23.8836 -48.4311 52
    endloop
  endfacet
  facet normal -0.291908 0.64425 -0.706917
    outer loop
      vertex 23.8836 -48.4311 52
      vertex 25.2105 -51.1217 49
      vertex 21.813 -52.6611 49
    endloop
  endfacet
  facet normal -0.291911 0.64425 -0.706916
    outer loop
      vertex 23.8836 -48.4311 52
      vertex 21.813 -52.6611 49
      vertex 20.6649 -49.8895 52
    endloop
  endfacet
  facet normal -0.249143 0.661966 -0.706915
    outer loop
      vertex 20.6649 -49.8895 52
      vertex 21.813 -52.6611 49
      vertex 18.322 -53.975 49
    endloop
  endfacet
  facet normal -0.249138 0.661965 -0.706918
    outer loop
      vertex 20.6649 -49.8895 52
      vertex 18.322 -53.975 49
      vertex 17.3577 -51.1342 52
    endloop
  endfacet
  facet normal -0.205328 0.676836 -0.706918
    outer loop
      vertex 17.3577 -51.1342 52
      vertex 18.322 -53.975 49
      vertex 14.7527 -55.0578 49
    endloop
  endfacet
  facet normal -0.205322 0.676835 -0.706921
    outer loop
      vertex 17.3577 -51.1342 52
      vertex 14.7527 -55.0578 49
      vertex 13.9762 -52.16 52
    endloop
  endfacet
  facet normal -0.160609 0.688816 -0.706921
    outer loop
      vertex 13.9762 -52.16 52
      vertex 14.7527 -55.0578 49
      vertex 11.1201 -55.9048 49
    endloop
  endfacet
  facet normal -0.16061 0.688816 -0.706921
    outer loop
      vertex 13.9762 -52.16 52
      vertex 11.1201 -55.9048 49
      vertex 10.5349 -52.9624 52
    endloop
  endfacet
  facet normal -0.115217 0.697845 -0.706921
    outer loop
      vertex 10.5349 -52.9624 52
      vertex 11.1201 -55.9048 49
      vertex 7.43999 -56.5124 49
    endloop
  endfacet
  facet normal -0.11521 0.697842 -0.706925
    outer loop
      vertex 10.5349 -52.9624 52
      vertex 7.43999 -56.5124 49
      vertex 7.04841 -53.538 52
    endloop
  endfacet
  facet normal -0.0693024 0.703898 -0.706913
    outer loop
      vertex 5.175 -55.4224 50.3074
      vertex 7.43999 -56.5124 49
      vertex 5.175 -56.7354 49
    endloop
  endfacet
  facet normal -0.0693161 0.703884 -0.706925
    outer loop
      vertex 7.43999 -56.5124 49
      vertex 5.175 -55.4224 50.3074
      vertex 7.04841 -53.538 52
    endloop
  endfacet
  facet normal -0.0693212 0.703886 -0.706922
    outer loop
      vertex 5.175 -53.7225 52
      vertex 7.04841 -53.538 52
      vertex 5.175 -55.4224 50.3074
    endloop
  endfacet
  facet normal 0.0693013 0.703887 -0.706923
    outer loop
      vertex -5.175 -54.9893 50.7386
      vertex -5.175 -56.7354 49
      vertex -7.43999 -56.5124 49
    endloop
  endfacet
  facet normal 0.0693223 0.703897 -0.706911
    outer loop
      vertex -5.175 -54.9893 50.7386
      vertex -7.04841 -53.538 52
      vertex -5.175 -53.7225 52
    endloop
  endfacet
  facet normal 0.0693035 0.703885 -0.706925
    outer loop
      vertex -7.04841 -53.538 52
      vertex -5.175 -54.9893 50.7386
      vertex -7.43999 -56.5124 49
    endloop
  endfacet
  facet normal 0.115216 0.697841 -0.706925
    outer loop
      vertex -7.04841 -53.538 52
      vertex -7.43999 -56.5124 49
      vertex -11.1201 -55.9048 49
    endloop
  endfacet
  facet normal 0.11521 0.697846 -0.706921
    outer loop
      vertex -10.5349 -52.9624 52
      vertex -7.04841 -53.538 52
      vertex -11.1201 -55.9048 49
    endloop
  endfacet
  facet normal 0.160609 0.688816 -0.706921
    outer loop
      vertex -10.5349 -52.9624 52
      vertex -11.1201 -55.9048 49
      vertex -14.7527 -55.0578 49
    endloop
  endfacet
  facet normal 0.16061 0.688816 -0.706921
    outer loop
      vertex -13.9762 -52.16 52
      vertex -10.5349 -52.9624 52
      vertex -14.7527 -55.0578 49
    endloop
  endfacet
  facet normal 0.205327 0.676833 -0.706921
    outer loop
      vertex -13.9762 -52.16 52
      vertex -14.7527 -55.0578 49
      vertex -18.322 -53.975 49
    endloop
  endfacet
  facet normal 0.205323 0.676838 -0.706918
    outer loop
      vertex -17.3577 -51.1342 52
      vertex -13.9762 -52.16 52
      vertex -18.322 -53.975 49
    endloop
  endfacet
  facet normal 0.249142 0.661963 -0.706918
    outer loop
      vertex -17.3577 -51.1342 52
      vertex -18.322 -53.975 49
      vertex -21.813 -52.6611 49
    endloop
  endfacet
  facet normal 0.249139 0.661968 -0.706915
    outer loop
      vertex -20.6649 -49.8895 52
      vertex -17.3577 -51.1342 52
      vertex -21.813 -52.6611 49
    endloop
  endfacet
  facet normal 0.291909 0.644251 -0.706916
    outer loop
      vertex -20.6649 -49.8895 52
      vertex -21.813 -52.6611 49
      vertex -25.2105 -51.1217 49
    endloop
  endfacet
  facet normal 0.29191 0.644249 -0.706917
    outer loop
      vertex -23.8836 -48.4311 52
      vertex -20.6649 -49.8895 52
      vertex -25.2105 -51.1217 49
    endloop
  endfacet
  facet normal 0.333421 0.623778 -0.706917
    outer loop
      vertex -23.8836 -48.4311 52
      vertex -25.2105 -51.1217 49
      vertex -28.5 -49.3634 49
    endloop
  endfacet
  facet normal 0.333413 0.623791 -0.706909
    outer loop
      vertex -27 -46.7654 52
      vertex -23.8836 -48.4311 52
      vertex -28.5 -49.3634 49
    endloop
  endfacet
  facet normal 0.373494 0.60065 -0.70691
    outer loop
      vertex -27 -46.7654 52
      vertex -28.5 -49.3634 49
      vertex -31.6675 -47.3938 49
    endloop
  endfacet
  facet normal 0.373499 0.60064 -0.706916
    outer loop
      vertex -30.0008 -44.8994 52
      vertex -27 -46.7654 52
      vertex -31.6675 -47.3938 49
    endloop
  endfacet
  facet normal 0.411994 0.574918 -0.706916
    outer loop
      vertex -30.0008 -44.8994 52
      vertex -31.6675 -47.3938 49
      vertex -34.6994 -45.2211 49
    endloop
  endfacet
  facet normal 0.411992 0.574923 -0.706913
    outer loop
      vertex -32.8731 -42.8411 52
      vertex -30.0008 -44.8994 52
      vertex -34.6994 -45.2211 49
    endloop
  endfacet
  facet normal 0.448699 0.546756 -0.706913
    outer loop
      vertex -32.8731 -42.8411 52
      vertex -34.6994 -45.2211 49
      vertex -37.5827 -42.8549 49
    endloop
  endfacet
  facet normal 0.448705 0.54674 -0.706922
    outer loop
      vertex -35.6047 -40.5993 52
      vertex -32.8731 -42.8411 52
      vertex -37.5827 -42.8549 49
    endloop
  endfacet
  facet normal 0.483499 0.516228 -0.706921
    outer loop
      vertex -35.6047 -40.5993 52
      vertex -37.5827 -42.8549 49
      vertex -40.3051 -40.3051 49
    endloop
  endfacet
  facet normal 0.483495 0.516242 -0.706914
    outer loop
      vertex -38.1838 -38.1838 52
      vertex -35.6047 -40.5993 52
      vertex -40.3051 -40.3051 49
    endloop
  endfacet
  facet normal 0.516233 0.483504 -0.706914
    outer loop
      vertex -38.1838 -38.1838 52
      vertex -40.3051 -40.3051 49
      vertex -42.8549 -37.5827 49
    endloop
  endfacet
  facet normal 0.516236 0.48349 -0.706922
    outer loop
      vertex -40.5993 -35.6047 52
      vertex -38.1838 -38.1838 52
      vertex -42.8549 -37.5827 49
    endloop
  endfacet
  facet normal 0.54675 0.448694 -0.706922
    outer loop
      vertex -40.5993 -35.6047 52
      vertex -42.8549 -37.5827 49
      vertex -45.2211 -34.6994 49
    endloop
  endfacet
  facet normal 0.546747 0.448711 -0.706913
    outer loop
      vertex -42.8411 -32.8731 52
      vertex -40.5993 -35.6047 52
      vertex -45.2211 -34.6994 49
    endloop
  endfacet
  facet normal 0.574921 0.411996 -0.706913
    outer loop
      vertex -42.8411 -32.8731 52
      vertex -45.2211 -34.6994 49
      vertex -47.3938 -31.6675 49
    endloop
  endfacet
  facet normal 0.574921 0.41199 -0.706916
    outer loop
      vertex -44.8994 -30.0008 52
      vertex -42.8411 -32.8731 52
      vertex -47.3938 -31.6675 49
    endloop
  endfacet
  facet normal 0.600646 0.373491 -0.706916
    outer loop
      vertex -44.8994 -30.0008 52
      vertex -47.3938 -31.6675 49
      vertex -49.3634 -28.5 49
    endloop
  endfacet
  facet normal 0.600645 0.373502 -0.70691
    outer loop
      vertex -46.7654 -27 52
      vertex -44.8994 -30.0008 52
      vertex -49.3634 -28.5 49
    endloop
  endfacet
  facet normal 0.623784 0.333425 -0.70691
    outer loop
      vertex -46.7654 -27 52
      vertex -49.3634 -28.5 49
      vertex -51.1217 -25.2105 49
    endloop
  endfacet
  facet normal 0.623784 0.333409 -0.706918
    outer loop
      vertex -48.4311 -23.8836 52
      vertex -46.7654 -27 52
      vertex -51.1217 -25.2105 49
    endloop
  endfacet
  facet normal 0.64425 0.291908 -0.706917
    outer loop
      vertex -48.4311 -23.8836 52
      vertex -51.1217 -25.2105 49
      vertex -52.6611 -21.813 49
    endloop
  endfacet
  facet normal 0.64425 0.291911 -0.706916
    outer loop
      vertex -49.8895 -20.6649 52
      vertex -48.4311 -23.8836 52
      vertex -52.6611 -21.813 49
    endloop
  endfacet
  facet normal 0.661966 0.249143 -0.706915
    outer loop
      vertex -49.8895 -20.6649 52
      vertex -52.6611 -21.813 49
      vertex -53.975 -18.322 49
    endloop
  endfacet
  facet normal 0.661965 0.249138 -0.706918
    outer loop
      vertex -51.1342 -17.3577 52
      vertex -49.8895 -20.6649 52
      vertex -53.975 -18.322 49
    endloop
  endfacet
  facet normal 0.676836 0.205328 -0.706918
    outer loop
      vertex -51.1342 -17.3577 52
      vertex -53.975 -18.322 49
      vertex -55.0578 -14.7527 49
    endloop
  endfacet
  facet normal 0.676835 0.205322 -0.706921
    outer loop
      vertex -52.16 -13.9762 52
      vertex -51.1342 -17.3577 52
      vertex -55.0578 -14.7527 49
    endloop
  endfacet
  facet normal 0.688816 0.160609 -0.706921
    outer loop
      vertex -52.16 -13.9762 52
      vertex -55.0578 -14.7527 49
      vertex -55.9048 -11.1201 49
    endloop
  endfacet
  facet normal 0.688816 0.16061 -0.706921
    outer loop
      vertex -52.9624 -10.5349 52
      vertex -52.16 -13.9762 52
      vertex -55.9048 -11.1201 49
    endloop
  endfacet
  facet normal 0.697845 0.115217 -0.706921
    outer loop
      vertex -52.9624 -10.5349 52
      vertex -55.9048 -11.1201 49
      vertex -56.5124 -7.43999 49
    endloop
  endfacet
  facet normal 0.697842 0.11521 -0.706925
    outer loop
      vertex -53.538 -7.04841 52
      vertex -52.9624 -10.5349 52
      vertex -56.5124 -7.43999 49
    endloop
  endfacet
  facet normal 0.703883 0.0693262 -0.706925
    outer loop
      vertex -53.538 -7.04841 52
      vertex -56.5124 -7.43999 49
      vertex -56.878 -3.72798 49
    endloop
  endfacet
  facet normal 0.703887 0.0693351 -0.70692
    outer loop
      vertex -53.8844 -3.53177 52
      vertex -53.538 -7.04841 52
      vertex -56.878 -3.72798 49
    endloop
  endfacet
  facet normal 0 0 1
    outer loop
      vertex -52.6611 21.813 52
      vertex -49.1126 22.3796 52
      vertex -51.7218 23.886 52
    endloop
  endfacet
  facet normal 0 0 1
    outer loop
      vertex -49.1126 22.3796 52
      vertex -52.6611 21.813 52
      vertex -49.8895 20.6649 52
    endloop
  endfacet
  facet normal 0 0 1
    outer loop
      vertex -49.8895 20.6649 52
      vertex -52.6611 21.813 52
      vertex -51.1342 17.3577 52
    endloop
  endfacet
  facet normal -0 0 1
    outer loop
      vertex -53.975 18.322 52
      vertex -51.1342 17.3577 52
      vertex -52.6611 21.813 52
    endloop
  endfacet
  facet normal 0 0 1
    outer loop
      vertex -51.1342 17.3577 52
      vertex -53.975 18.322 52
      vertex -52.16 13.9762 52
    endloop
  endfacet
  facet normal -0 0 1
    outer loop
      vertex -55.0578 14.7527 52
      vertex -52.16 13.9762 52
      vertex -53.975 18.322 52
    endloop
  endfacet
  facet normal 0 0 1
    outer loop
      vertex -52.16 13.9762 52
      vertex -55.0578 14.7527 52
      vertex -52.9624 10.5349 52
    endloop
  endfacet
  facet normal -0 0 1
    outer loop
      vertex -55.9048 11.1201 52
      vertex -52.9624 10.5349 52
      vertex -55.0578 14.7527 52
    endloop
  endfacet
  facet normal 0 0 1
    outer loop
      vertex -52.9624 10.5349 52
      vertex -55.9048 11.1201 52
      vertex -53.538 7.04841 52
    endloop
  endfacet
  facet normal -0 0 1
    outer loop
      vertex -56.5124 7.43999 52
      vertex -53.538 7.04841 52
      vertex -55.9048 11.1201 52
    endloop
  endfacet
  facet normal 0 0 1
    outer loop
      vertex -7.43999 -56.5124 52
      vertex -5.175 -53.7225 52
      vertex -7.04841 -53.538 52
    endloop
  endfacet
  facet normal 0 0 1
    outer loop
      vertex -5.175 -53.7225 52
      vertex -7.43999 -56.5124 52
      vertex -5.175 -56.7354 52
    endloop
  endfacet
  facet normal 0 0 1
    outer loop
      vertex -10.5349 -52.9624 52
      vertex -7.43999 -56.5124 52
      vertex -7.04841 -53.538 52
    endloop
  endfacet
  facet normal 0 0 1
    outer loop
      vertex -10.5349 -52.9624 52
      vertex -11.1201 -55.9048 52
      vertex -7.43999 -56.5124 52
    endloop
  endfacet
  facet normal 0 0 1
    outer loop
      vertex -13.9762 -52.16 52
      vertex -11.1201 -55.9048 52
      vertex -10.5349 -52.9624 52
    endloop
  endfacet
  facet normal 0 0 1
    outer loop
      vertex -13.9762 -52.16 52
      vertex -14.7527 -55.0578 52
      vertex -11.1201 -55.9048 52
    endloop
  endfacet
  facet normal 0 0 1
    outer loop
      vertex -17.3577 -51.1342 52
      vertex -14.7527 -55.0578 52
      vertex -13.9762 -52.16 52
    endloop
  endfacet
  facet normal 0 0 1
    outer loop
      vertex -17.3577 -51.1342 52
      vertex -18.322 -53.975 52
      vertex -14.7527 -55.0578 52
    endloop
  endfacet
  facet normal 0 0 1
    outer loop
      vertex -20.6649 -49.8895 52
      vertex -18.322 -53.975 52
      vertex -17.3577 -51.1342 52
    endloop
  endfacet
  facet normal 0 0 1
    outer loop
      vertex -20.6649 -49.8895 52
      vertex -21.813 -52.6611 52
      vertex -18.322 -53.975 52
    endloop
  endfacet
  facet normal 0 0 1
    outer loop
      vertex -23.8836 -48.4311 52
      vertex -21.813 -52.6611 52
      vertex -20.6649 -49.8895 52
    endloop
  endfacet
  facet normal 0 0 1
    outer loop
      vertex -23.8836 -48.4311 52
      vertex -25.2105 -51.1217 52
      vertex -21.813 -52.6611 52
    endloop
  endfacet
  facet normal 0 0 1
    outer loop
      vertex -27 -46.7654 52
      vertex -25.2105 -51.1217 52
      vertex -23.8836 -48.4311 52
    endloop
  endfacet
  facet normal 0 0 1
    outer loop
      vertex -27 -46.7654 52
      vertex -28.5 -49.3634 52
      vertex -25.2105 -51.1217 52
    endloop
  endfacet
  facet normal 0 0 1
    outer loop
      vertex -30.0008 -44.8994 52
      vertex -28.5 -49.3634 52
      vertex -27 -46.7654 52
    endloop
  endfacet
  facet normal 0 0 1
    outer loop
      vertex -30.0008 -44.8994 52
      vertex -31.6675 -47.3938 52
      vertex -28.5 -49.3634 52
    endloop
  endfacet
  facet normal 0 0 1
    outer loop
      vertex -32.8731 -42.8411 52
      vertex -31.6675 -47.3938 52
      vertex -30.0008 -44.8994 52
    endloop
  endfacet
  facet normal 0 0 1
    outer loop
      vertex -32.8731 -42.8411 52
      vertex -34.6994 -45.2211 52
      vertex -31.6675 -47.3938 52
    endloop
  endfacet
  facet normal 0 0 1
    outer loop
      vertex -35.6047 -40.5993 52
      vertex -34.6994 -45.2211 52
      vertex -32.8731 -42.8411 52
    endloop
  endfacet
  facet normal 0 0 1
    outer loop
      vertex -35.6047 -40.5993 52
      vertex -37.5827 -42.8549 52
      vertex -34.6994 -45.2211 52
    endloop
  endfacet
  facet normal 0 0 1
    outer loop
      vertex -38.1838 -38.1838 52
      vertex -37.5827 -42.8549 52
      vertex -35.6047 -40.5993 52
    endloop
  endfacet
  facet normal 0 0 1
    outer loop
      vertex -38.1838 -38.1838 52
      vertex -40.3051 -40.3051 52
      vertex -37.5827 -42.8549 52
    endloop
  endfacet
  facet normal 0 0 1
    outer loop
      vertex -40.5993 -35.6047 52
      vertex -40.3051 -40.3051 52
      vertex -38.1838 -38.1838 52
    endloop
  endfacet
  facet normal 0 0 1
    outer loop
      vertex -42.8549 -37.5827 52
      vertex -40.5993 -35.6047 52
      vertex -42.8411 -32.8731 52
    endloop
  endfacet
  facet normal 0 0 1
    outer loop
      vertex -40.5993 -35.6047 52
      vertex -42.8549 -37.5827 52
      vertex -40.3051 -40.3051 52
    endloop
  endfacet
  facet normal 0 0 1
    outer loop
      vertex -45.2211 -34.6994 52
      vertex -42.8411 -32.8731 52
      vertex -44.8994 -30.0008 52
    endloop
  endfacet
  facet normal 0 0 1
    outer loop
      vertex -42.8411 -32.8731 52
      vertex -45.2211 -34.6994 52
      vertex -42.8549 -37.5827 52
    endloop
  endfacet
  facet normal 0 0 1
    outer loop
      vertex -47.3938 -31.6675 52
      vertex -44.8994 -30.0008 52
      vertex -46.7654 -27 52
    endloop
  endfacet
  facet normal 0 0 1
    outer loop
      vertex -44.8994 -30.0008 52
      vertex -47.3938 -31.6675 52
      vertex -45.2211 -34.6994 52
    endloop
  endfacet
  facet normal 0 0 1
    outer loop
      vertex -49.3634 -28.5 52
      vertex -46.7654 -27 52
      vertex -48.4311 -23.8836 52
    endloop
  endfacet
  facet normal 0 0 1
    outer loop
      vertex -46.7654 -27 52
      vertex -49.3634 -28.5 52
      vertex -47.3938 -31.6675 52
    endloop
  endfacet
  facet normal 0 0 1
    outer loop
      vertex -51.1217 -25.2105 52
      vertex -48.4311 -23.8836 52
      vertex -49.8895 -20.6649 52
    endloop
  endfacet
  facet normal 0 0 1
    outer loop
      vertex -48.4311 -23.8836 52
      vertex -51.1217 -25.2105 52
      vertex -49.3634 -28.5 52
    endloop
  endfacet
  facet normal 0 0 1
    outer loop
      vertex -52.6611 -21.813 52
      vertex -49.8895 -20.6649 52
      vertex -51.1342 -17.3577 52
    endloop
  endfacet
  facet normal 0 0 1
    outer loop
      vertex -53.975 -18.322 52
      vertex -51.1342 -17.3577 52
      vertex -52.16 -13.9762 52
    endloop
  endfacet
  facet normal 0 0 1
    outer loop
      vertex -49.8895 -20.6649 52
      vertex -52.6611 -21.813 52
      vertex -51.1217 -25.2105 52
    endloop
  endfacet
  facet normal 0 0 1
    outer loop
      vertex -55.0578 -14.7527 52
      vertex -52.16 -13.9762 52
      vertex -52.9624 -10.5349 52
    endloop
  endfacet
  facet normal 0 0 1
    outer loop
      vertex -55.9048 -11.1201 52
      vertex -52.9624 -10.5349 52
      vertex -53.538 -7.04841 52
    endloop
  endfacet
  facet normal 0 0 1
    outer loop
      vertex -56.5124 -7.43999 52
      vertex -53.538 -7.04841 52
      vertex -53.8844 -3.53177 52
    endloop
  endfacet
  facet normal 0 0 1
    outer loop
      vertex -51.1342 -17.3577 52
      vertex -53.975 -18.322 52
      vertex -52.6611 -21.813 52
    endloop
  endfacet
  facet normal 0 0 1
    outer loop
      vertex -56.878 -3.72798 52
      vertex -53.8844 -3.53177 52
      vertex -54 0 52
    endloop
  endfacet
  facet normal 0 0 1
    outer loop
      vertex -53.538 7.04841 52
      vertex -56.5124 7.43999 52
      vertex -53.8844 3.53177 52
    endloop
  endfacet
  facet normal 0 0 1
    outer loop
      vertex -52.16 -13.9762 52
      vertex -55.0578 -14.7527 52
      vertex -53.975 -18.322 52
    endloop
  endfacet
  facet normal -0 0 1
    outer loop
      vertex -56.878 3.72798 52
      vertex -53.8844 3.53177 52
      vertex -56.5124 7.43999 52
    endloop
  endfacet
  facet normal 0 0 1
    outer loop
      vertex -52.9624 -10.5349 52
      vertex -55.9048 -11.1201 52
      vertex -55.0578 -14.7527 52
    endloop
  endfacet
  facet normal 0 0 1
    outer loop
      vertex -53.8844 3.53177 52
      vertex -56.878 3.72798 52
      vertex -54 0 52
    endloop
  endfacet
  facet normal 0 0 1
    outer loop
      vertex -53.538 -7.04841 52
      vertex -56.5124 -7.43999 52
      vertex -55.9048 -11.1201 52
    endloop
  endfacet
  facet normal 0 0 1
    outer loop
      vertex -57 0 52
      vertex -54 0 52
      vertex -56.878 3.72798 52
    endloop
  endfacet
  facet normal 0 0 1
    outer loop
      vertex -53.8844 -3.53177 52
      vertex -56.878 -3.72798 52
      vertex -56.5124 -7.43999 52
    endloop
  endfacet
  facet normal 0 0 1
    outer loop
      vertex -54 0 52
      vertex -57 0 52
      vertex -56.878 -3.72798 52
    endloop
  endfacet
  facet normal -0 0 1
    outer loop
      vertex -11.1201 55.9048 52
      vertex -8.79999 53.2488 52
      vertex -8.79999 56.2878 52
    endloop
  endfacet
  facet normal 0 0 1
    outer loop
      vertex -8.79999 53.2488 52
      vertex -11.1201 55.9048 52
      vertex -10.5349 52.9624 52
    endloop
  endfacet
  facet normal 0 0 1
    outer loop
      vertex -11.1201 55.9048 52
      vertex -13.9762 52.16 52
      vertex -10.5349 52.9624 52
    endloop
  endfacet
  facet normal -0 0 1
    outer loop
      vertex -14.7527 55.0578 52
      vertex -13.9762 52.16 52
      vertex -11.1201 55.9048 52
    endloop
  endfacet
  facet normal 0 0 1
    outer loop
      vertex -14.7527 55.0578 52
      vertex -17.3577 51.1342 52
      vertex -13.9762 52.16 52
    endloop
  endfacet
  facet normal -0 0 1
    outer loop
      vertex -18.322 53.975 52
      vertex -17.3577 51.1342 52
      vertex -14.7527 55.0578 52
    endloop
  endfacet
  facet normal 0 0 1
    outer loop
      vertex -18.322 53.975 52
      vertex -20.6649 49.8895 52
      vertex -17.3577 51.1342 52
    endloop
  endfacet
  facet normal -0 0 1
    outer loop
      vertex -21.813 52.6611 52
      vertex -20.6649 49.8895 52
      vertex -18.322 53.975 52
    endloop
  endfacet
  facet normal 0 0 1
    outer loop
      vertex -21.813 52.6611 52
      vertex -23.8836 48.4311 52
      vertex -20.6649 49.8895 52
    endloop
  endfacet
  facet normal -0 0 1
    outer loop
      vertex -25.2105 51.1217 52
      vertex -23.8836 48.4311 52
      vertex -21.813 52.6611 52
    endloop
  endfacet
  facet normal 0 0 1
    outer loop
      vertex -25.2105 51.1217 52
      vertex -27 46.7654 52
      vertex -23.8836 48.4311 52
    endloop
  endfacet
  facet normal -0 0 1
    outer loop
      vertex -28.5 49.3634 52
      vertex -27 46.7654 52
      vertex -25.2105 51.1217 52
    endloop
  endfacet
  facet normal 0 0 1
    outer loop
      vertex -28.5 49.3634 52
      vertex -30.0008 44.8994 52
      vertex -27 46.7654 52
    endloop
  endfacet
  facet normal -0 0 1
    outer loop
      vertex -31.6675 47.3938 52
      vertex -30.0008 44.8994 52
      vertex -28.5 49.3634 52
    endloop
  endfacet
  facet normal 0 0 1
    outer loop
      vertex -31.6675 47.3938 52
      vertex -32.8731 42.8411 52
      vertex -30.0008 44.8994 52
    endloop
  endfacet
  facet normal -0 0 1
    outer loop
      vertex -34.6994 45.2211 52
      vertex -32.8731 42.8411 52
      vertex -31.6675 47.3938 52
    endloop
  endfacet
  facet normal 0 0 1
    outer loop
      vertex -34.6994 45.2211 52
      vertex -35.6047 40.5993 52
      vertex -32.8731 42.8411 52
    endloop
  endfacet
  facet normal -0 0 1
    outer loop
      vertex -37.5827 42.8549 52
      vertex -35.6047 40.5993 52
      vertex -34.6994 45.2211 52
    endloop
  endfacet
  facet normal 0 0 1
    outer loop
      vertex -37.5827 42.8549 52
      vertex -38.1838 38.1838 52
      vertex -35.6047 40.5993 52
    endloop
  endfacet
  facet normal -0 0 1
    outer loop
      vertex -40.3051 40.3051 52
      vertex -38.1838 38.1838 52
      vertex -37.5827 42.8549 52
    endloop
  endfacet
  facet normal 0 0 1
    outer loop
      vertex -40.3051 40.3051 52
      vertex -40.5993 35.6047 52
      vertex -38.1838 38.1838 52
    endloop
  endfacet
  facet normal -0 0 1
    outer loop
      vertex -42.8549 37.5827 52
      vertex -40.5993 35.6047 52
      vertex -40.3051 40.3051 52
    endloop
  endfacet
  facet normal 0 0 1
    outer loop
      vertex -40.5993 35.6047 52
      vertex -42.8549 37.5827 52
      vertex -42.8411 32.8731 52
    endloop
  endfacet
  facet normal -0 0 1
    outer loop
      vertex -45.2211 34.6994 52
      vertex -42.8411 32.8731 52
      vertex -42.8549 37.5827 52
    endloop
  endfacet
  facet normal 0 0 1
    outer loop
      vertex -42.8411 32.8731 52
      vertex -45.2211 34.6994 52
      vertex -43.9376 31.343 52
    endloop
  endfacet
  facet normal 0 0 1
    outer loop
      vertex -43.9376 31.343 52
      vertex -45.2211 34.6994 52
      vertex -46.5468 32.8494 52
    endloop
  endfacet
  facet normal 0 0 1
    outer loop
      vertex 45.2211 34.6994 52
      vertex 43.9376 31.343 52
      vertex 46.5468 32.8494 52
    endloop
  endfacet
  facet normal 0 0 1
    outer loop
      vertex 42.8411 32.8731 52
      vertex 45.2211 34.6994 52
      vertex 42.8549 37.5827 52
    endloop
  endfacet
  facet normal 0 0 1
    outer loop
      vertex 45.2211 34.6994 52
      vertex 42.8411 32.8731 52
      vertex 43.9376 31.343 52
    endloop
  endfacet
  facet normal 0 0 1
    outer loop
      vertex 42.8549 37.5827 52
      vertex 40.5993 35.6047 52
      vertex 42.8411 32.8731 52
    endloop
  endfacet
  facet normal 0 0 1
    outer loop
      vertex 40.3051 40.3051 52
      vertex 40.5993 35.6047 52
      vertex 42.8549 37.5827 52
    endloop
  endfacet
  facet normal 0 0 1
    outer loop
      vertex 40.3051 40.3051 52
      vertex 38.1838 38.1838 52
      vertex 40.5993 35.6047 52
    endloop
  endfacet
  facet normal 0 0 1
    outer loop
      vertex 37.5827 42.8549 52
      vertex 38.1838 38.1838 52
      vertex 40.3051 40.3051 52
    endloop
  endfacet
  facet normal 0 0 1
    outer loop
      vertex 37.5827 42.8549 52
      vertex 35.6047 40.5993 52
      vertex 38.1838 38.1838 52
    endloop
  endfacet
  facet normal 0 0 1
    outer loop
      vertex 34.6994 45.2211 52
      vertex 35.6047 40.5993 52
      vertex 37.5827 42.8549 52
    endloop
  endfacet
  facet normal 0 0 1
    outer loop
      vertex 34.6994 45.2211 52
      vertex 32.8731 42.8411 52
      vertex 35.6047 40.5993 52
    endloop
  endfacet
  facet normal 0 0 1
    outer loop
      vertex 31.6675 47.3938 52
      vertex 32.8731 42.8411 52
      vertex 34.6994 45.2211 52
    endloop
  endfacet
  facet normal 0 0 1
    outer loop
      vertex 31.6675 47.3938 52
      vertex 30.0008 44.8994 52
      vertex 32.8731 42.8411 52
    endloop
  endfacet
  facet normal 0 0 1
    outer loop
      vertex 28.5 49.3634 52
      vertex 30.0008 44.8994 52
      vertex 31.6675 47.3938 52
    endloop
  endfacet
  facet normal 0 0 1
    outer loop
      vertex 28.5 49.3634 52
      vertex 27 46.7654 52
      vertex 30.0008 44.8994 52
    endloop
  endfacet
  facet normal 0 0 1
    outer loop
      vertex 25.2105 51.1217 52
      vertex 27 46.7654 52
      vertex 28.5 49.3634 52
    endloop
  endfacet
  facet normal 0 0 1
    outer loop
      vertex 25.2105 51.1217 52
      vertex 23.8836 48.4311 52
      vertex 27 46.7654 52
    endloop
  endfacet
  facet normal 0 0 1
    outer loop
      vertex 21.813 52.6611 52
      vertex 23.8836 48.4311 52
      vertex 25.2105 51.1217 52
    endloop
  endfacet
  facet normal 0 0 1
    outer loop
      vertex 21.813 52.6611 52
      vertex 20.6649 49.8895 52
      vertex 23.8836 48.4311 52
    endloop
  endfacet
  facet normal 0 0 1
    outer loop
      vertex 18.322 53.975 52
      vertex 20.6649 49.8895 52
      vertex 21.813 52.6611 52
    endloop
  endfacet
  facet normal 0 0 1
    outer loop
      vertex 18.322 53.975 52
      vertex 17.3577 51.1342 52
      vertex 20.6649 49.8895 52
    endloop
  endfacet
  facet normal 0 0 1
    outer loop
      vertex 14.7527 55.0578 52
      vertex 17.3577 51.1342 52
      vertex 18.322 53.975 52
    endloop
  endfacet
  facet normal 0 0 1
    outer loop
      vertex 14.7527 55.0578 52
      vertex 13.9762 52.16 52
      vertex 17.3577 51.1342 52
    endloop
  endfacet
  facet normal 0 0 1
    outer loop
      vertex 11.1201 55.9048 52
      vertex 13.9762 52.16 52
      vertex 14.7527 55.0578 52
    endloop
  endfacet
  facet normal 0 0 1
    outer loop
      vertex 11.1201 55.9048 52
      vertex 10.5349 52.9624 52
      vertex 13.9762 52.16 52
    endloop
  endfacet
  facet normal 0 0 1
    outer loop
      vertex 8.79999 53.2488 52
      vertex 11.1201 55.9048 52
      vertex 8.79999 56.2878 52
    endloop
  endfacet
  facet normal 0 0 1
    outer loop
      vertex 11.1201 55.9048 52
      vertex 8.79999 53.2488 52
      vertex 10.5349 52.9624 52
    endloop
  endfacet
  facet normal 0 0 1
    outer loop
      vertex 54 0 52
      vertex 57 0 52
      vertex 56.878 3.72798 52
    endloop
  endfacet
  facet normal 0 0 1
    outer loop
      vertex 53.8844 3.53177 52
      vertex 56.878 3.72798 52
      vertex 56.5124 7.43999 52
    endloop
  endfacet
  facet normal 0 0 1
    outer loop
      vertex 57 0 52
      vertex 54 0 52
      vertex 56.878 -3.72798 52
    endloop
  endfacet
  facet normal 0 0 1
    outer loop
      vertex 53.538 7.04841 52
      vertex 56.5124 7.43999 52
      vertex 55.9048 11.1201 52
    endloop
  endfacet
  facet normal -0 0 1
    outer loop
      vertex 53.8844 -3.53177 52
      vertex 56.878 -3.72798 52
      vertex 54 0 52
    endloop
  endfacet
  facet normal 0 0 1
    outer loop
      vertex 52.9624 10.5349 52
      vertex 55.9048 11.1201 52
      vertex 55.0578 14.7527 52
    endloop
  endfacet
  facet normal 0 0 1
    outer loop
      vertex 56.878 -3.72798 52
      vertex 53.8844 -3.53177 52
      vertex 56.5124 -7.43999 52
    endloop
  endfacet
  facet normal -0 0 1
    outer loop
      vertex 53.538 -7.04841 52
      vertex 56.5124 -7.43999 52
      vertex 53.8844 -3.53177 52
    endloop
  endfacet
  facet normal 0 0 1
    outer loop
      vertex 52.16 13.9762 52
      vertex 55.0578 14.7527 52
      vertex 53.975 18.322 52
    endloop
  endfacet
  facet normal 0 0 1
    outer loop
      vertex 56.878 3.72798 52
      vertex 53.8844 3.53177 52
      vertex 54 0 52
    endloop
  endfacet
  facet normal 0 0 1
    outer loop
      vertex 56.5124 7.43999 52
      vertex 53.538 7.04841 52
      vertex 53.8844 3.53177 52
    endloop
  endfacet
  facet normal 0 0 1
    outer loop
      vertex 55.9048 11.1201 52
      vertex 52.9624 10.5349 52
      vertex 53.538 7.04841 52
    endloop
  endfacet
  facet normal 0 0 1
    outer loop
      vertex 51.1342 17.3577 52
      vertex 53.975 18.322 52
      vertex 52.6611 21.813 52
    endloop
  endfacet
  facet normal 0 0 1
    outer loop
      vertex 55.0578 14.7527 52
      vertex 52.16 13.9762 52
      vertex 52.9624 10.5349 52
    endloop
  endfacet
  facet normal -0 0 1
    outer loop
      vertex 49.1126 22.3796 52
      vertex 52.6611 21.813 52
      vertex 51.7218 23.886 52
    endloop
  endfacet
  facet normal 0 0 1
    outer loop
      vertex 53.975 18.322 52
      vertex 51.1342 17.3577 52
      vertex 52.16 13.9762 52
    endloop
  endfacet
  facet normal 0 0 1
    outer loop
      vertex 52.6611 21.813 52
      vertex 49.8895 20.6649 52
      vertex 51.1342 17.3577 52
    endloop
  endfacet
  facet normal 0 0 1
    outer loop
      vertex 52.6611 21.813 52
      vertex 49.1126 22.3796 52
      vertex 49.8895 20.6649 52
    endloop
  endfacet
  facet normal 0 0 1
    outer loop
      vertex 56.5124 -7.43999 52
      vertex 53.538 -7.04841 52
      vertex 55.9048 -11.1201 52
    endloop
  endfacet
  facet normal -0 0 1
    outer loop
      vertex 52.9624 -10.5349 52
      vertex 55.9048 -11.1201 52
      vertex 53.538 -7.04841 52
    endloop
  endfacet
  facet normal 0 0 1
    outer loop
      vertex 55.9048 -11.1201 52
      vertex 52.9624 -10.5349 52
      vertex 55.0578 -14.7527 52
    endloop
  endfacet
  facet normal -0 0 1
    outer loop
      vertex 52.16 -13.9762 52
      vertex 55.0578 -14.7527 52
      vertex 52.9624 -10.5349 52
    endloop
  endfacet
  facet normal 0 0 1
    outer loop
      vertex 55.0578 -14.7527 52
      vertex 52.16 -13.9762 52
      vertex 53.975 -18.322 52
    endloop
  endfacet
  facet normal -0 0 1
    outer loop
      vertex 51.1342 -17.3577 52
      vertex 53.975 -18.322 52
      vertex 52.16 -13.9762 52
    endloop
  endfacet
  facet normal 0 0 1
    outer loop
      vertex 53.975 -18.322 52
      vertex 51.1342 -17.3577 52
      vertex 52.6611 -21.813 52
    endloop
  endfacet
  facet normal -0 0 1
    outer loop
      vertex 49.8895 -20.6649 52
      vertex 52.6611 -21.813 52
      vertex 51.1342 -17.3577 52
    endloop
  endfacet
  facet normal 0 0 1
    outer loop
      vertex 52.6611 -21.813 52
      vertex 49.8895 -20.6649 52
      vertex 51.1217 -25.2105 52
    endloop
  endfacet
  facet normal -0 0 1
    outer loop
      vertex 48.4311 -23.8836 52
      vertex 51.1217 -25.2105 52
      vertex 49.8895 -20.6649 52
    endloop
  endfacet
  facet normal 0 0 1
    outer loop
      vertex 51.1217 -25.2105 52
      vertex 48.4311 -23.8836 52
      vertex 49.3634 -28.5 52
    endloop
  endfacet
  facet normal -0 0 1
    outer loop
      vertex 46.7654 -27 52
      vertex 49.3634 -28.5 52
      vertex 48.4311 -23.8836 52
    endloop
  endfacet
  facet normal 0 0 1
    outer loop
      vertex 49.3634 -28.5 52
      vertex 46.7654 -27 52
      vertex 47.3938 -31.6675 52
    endloop
  endfacet
  facet normal -0 0 1
    outer loop
      vertex 44.8994 -30.0008 52
      vertex 47.3938 -31.6675 52
      vertex 46.7654 -27 52
    endloop
  endfacet
  facet normal 0 0 1
    outer loop
      vertex 47.3938 -31.6675 52
      vertex 44.8994 -30.0008 52
      vertex 45.2211 -34.6994 52
    endloop
  endfacet
  facet normal -0 0 1
    outer loop
      vertex 42.8411 -32.8731 52
      vertex 45.2211 -34.6994 52
      vertex 44.8994 -30.0008 52
    endloop
  endfacet
  facet normal 0 0 1
    outer loop
      vertex 45.2211 -34.6994 52
      vertex 42.8411 -32.8731 52
      vertex 42.8549 -37.5827 52
    endloop
  endfacet
  facet normal -0 0 1
    outer loop
      vertex 40.5993 -35.6047 52
      vertex 42.8549 -37.5827 52
      vertex 42.8411 -32.8731 52
    endloop
  endfacet
  facet normal 0 0 1
    outer loop
      vertex 40.5993 -35.6047 52
      vertex 40.3051 -40.3051 52
      vertex 42.8549 -37.5827 52
    endloop
  endfacet
  facet normal -0 0 1
    outer loop
      vertex 38.1838 -38.1838 52
      vertex 40.3051 -40.3051 52
      vertex 40.5993 -35.6047 52
    endloop
  endfacet
  facet normal 0 0 1
    outer loop
      vertex 38.1838 -38.1838 52
      vertex 37.5827 -42.8549 52
      vertex 40.3051 -40.3051 52
    endloop
  endfacet
  facet normal -0 0 1
    outer loop
      vertex 35.6047 -40.5993 52
      vertex 37.5827 -42.8549 52
      vertex 38.1838 -38.1838 52
    endloop
  endfacet
  facet normal 0 0 1
    outer loop
      vertex 35.6047 -40.5993 52
      vertex 34.6994 -45.2211 52
      vertex 37.5827 -42.8549 52
    endloop
  endfacet
  facet normal -0 0 1
    outer loop
      vertex 32.8731 -42.8411 52
      vertex 34.6994 -45.2211 52
      vertex 35.6047 -40.5993 52
    endloop
  endfacet
  facet normal 0 0 1
    outer loop
      vertex 32.8731 -42.8411 52
      vertex 31.6675 -47.3938 52
      vertex 34.6994 -45.2211 52
    endloop
  endfacet
  facet normal -0 0 1
    outer loop
      vertex 30.0008 -44.8994 52
      vertex 31.6675 -47.3938 52
      vertex 32.8731 -42.8411 52
    endloop
  endfacet
  facet normal 0 0 1
    outer loop
      vertex 30.0008 -44.8994 52
      vertex 28.5 -49.3634 52
      vertex 31.6675 -47.3938 52
    endloop
  endfacet
  facet normal -0 0 1
    outer loop
      vertex 27 -46.7654 52
      vertex 28.5 -49.3634 52
      vertex 30.0008 -44.8994 52
    endloop
  endfacet
  facet normal 0 0 1
    outer loop
      vertex 27 -46.7654 52
      vertex 25.2105 -51.1217 52
      vertex 28.5 -49.3634 52
    endloop
  endfacet
  facet normal -0 0 1
    outer loop
      vertex 23.8836 -48.4311 52
      vertex 25.2105 -51.1217 52
      vertex 27 -46.7654 52
    endloop
  endfacet
  facet normal 0 0 1
    outer loop
      vertex 23.8836 -48.4311 52
      vertex 21.813 -52.6611 52
      vertex 25.2105 -51.1217 52
    endloop
  endfacet
  facet normal -0 0 1
    outer loop
      vertex 20.6649 -49.8895 52
      vertex 21.813 -52.6611 52
      vertex 23.8836 -48.4311 52
    endloop
  endfacet
  facet normal 0 0 1
    outer loop
      vertex 20.6649 -49.8895 52
      vertex 18.322 -53.975 52
      vertex 21.813 -52.6611 52
    endloop
  endfacet
  facet normal -0 0 1
    outer loop
      vertex 17.3577 -51.1342 52
      vertex 18.322 -53.975 52
      vertex 20.6649 -49.8895 52
    endloop
  endfacet
  facet normal 0 0 1
    outer loop
      vertex 17.3577 -51.1342 52
      vertex 14.7527 -55.0578 52
      vertex 18.322 -53.975 52
    endloop
  endfacet
  facet normal -0 0 1
    outer loop
      vertex 13.9762 -52.16 52
      vertex 14.7527 -55.0578 52
      vertex 17.3577 -51.1342 52
    endloop
  endfacet
  facet normal 0 0 1
    outer loop
      vertex 13.9762 -52.16 52
      vertex 11.1201 -55.9048 52
      vertex 14.7527 -55.0578 52
    endloop
  endfacet
  facet normal -0 0 1
    outer loop
      vertex 10.5349 -52.9624 52
      vertex 11.1201 -55.9048 52
      vertex 13.9762 -52.16 52
    endloop
  endfacet
  facet normal 0 0 1
    outer loop
      vertex 10.5349 -52.9624 52
      vertex 7.43999 -56.5124 52
      vertex 11.1201 -55.9048 52
    endloop
  endfacet
  facet normal -0 0 1
    outer loop
      vertex 7.04841 -53.538 52
      vertex 7.43999 -56.5124 52
      vertex 10.5349 -52.9624 52
    endloop
  endfacet
  facet normal -0 0 1
    outer loop
      vertex 5.175 -53.7225 52
      vertex 7.43999 -56.5124 52
      vertex 7.04841 -53.538 52
    endloop
  endfacet
  facet normal 0 0 1
    outer loop
      vertex 7.43999 -56.5124 52
      vertex 5.175 -53.7225 52
      vertex 5.175 -56.7354 52
    endloop
  endfacet
  facet normal 0.706915 0.0231341 -0.70692
    outer loop
      vertex -53.8844 -3.53177 52
      vertex -56.878 -3.72798 49
      vertex -57 0 49
    endloop
  endfacet
  facet normal 0.706917 0.0231384 -0.706917
    outer loop
      vertex -54 0 52
      vertex -53.8844 -3.53177 52
      vertex -57 0 49
    endloop
  endfacet
  facet normal 0 0 -1
    outer loop
      vertex 51.1217 25.2105 52.1
      vertex 52.817 24.5183 52.1
      vertex 51.7218 23.886 52.1
    endloop
  endfacet
  facet normal 0 0 -1
    outer loop
      vertex 49.3634 28.5 52.1
      vertex 52.817 24.5183 52.1
      vertex 51.1217 25.2105 52.1
    endloop
  endfacet
  facet normal 0 0 -1
    outer loop
      vertex 49.3634 28.5 52.1
      vertex 47.642 33.4817 52.1
      vertex 52.817 24.5183 52.1
    endloop
  endfacet
  facet normal 0 0 -1
    outer loop
      vertex 47.3938 31.6675 52.1
      vertex 47.642 33.4817 52.1
      vertex 49.3634 28.5 52.1
    endloop
  endfacet
  facet normal 0 0 -1
    outer loop
      vertex 47.642 33.4817 52.1
      vertex 47.3938 31.6675 52.1
      vertex 46.5468 32.8494 52.1
    endloop
  endfacet
  facet normal 0.499994 -0.866029 2.42376e-06
    outer loop
      vertex 43.9376 31.343 52
      vertex 45.4097 32.1929 50.3074
      vertex 46.5468 32.8494 52
    endloop
  endfacet
  facet normal 0.499992 -0.86603 0
    outer loop
      vertex 46.5468 32.8494 52
      vertex 47.642 33.4817 52.1
      vertex 46.5468 32.8494 52.1
    endloop
  endfacet
  facet normal 0.499997 -0.866027 0
    outer loop
      vertex 46.5468 32.8494 49
      vertex 46.5468 32.8494 52
      vertex 45.4097 32.1929 50.3074
    endloop
  endfacet
  facet normal 0.499992 -0.86603 0
    outer loop
      vertex 47.642 33.4817 49
      vertex 46.5468 32.8494 52
      vertex 46.5468 32.8494 49
    endloop
  endfacet
  facet normal 0.499992 -0.86603 0
    outer loop
      vertex 46.5468 32.8494 52
      vertex 47.642 33.4817 49
      vertex 47.642 33.4817 52.1
    endloop
  endfacet
  facet normal 0 0 1
    outer loop
      vertex 52.817 24.5183 49
      vertex 51.1217 25.2105 49
      vertex 51.7218 23.886 49
    endloop
  endfacet
  facet normal 0 0 1
    outer loop
      vertex 52.817 24.5183 49
      vertex 49.3634 28.5 49
      vertex 51.1217 25.2105 49
    endloop
  endfacet
  facet normal 0 0 1
    outer loop
      vertex 47.642 33.4817 49
      vertex 49.3634 28.5 49
      vertex 52.817 24.5183 49
    endloop
  endfacet
  facet normal 0 0 1
    outer loop
      vertex 47.642 33.4817 49
      vertex 47.3938 31.6675 49
      vertex 49.3634 28.5 49
    endloop
  endfacet
  facet normal 0 -0 1
    outer loop
      vertex 47.3938 31.6675 49
      vertex 47.642 33.4817 49
      vertex 46.5468 32.8494 49
    endloop
  endfacet
  facet normal -0.499992 0.86603 0
    outer loop
      vertex 52.817 24.5183 52.1
      vertex 51.7218 23.886 52
      vertex 51.7218 23.886 52.1
    endloop
  endfacet
  facet normal -0.499994 0.866029 -1.09463e-06
    outer loop
      vertex 51.7218 23.886 52
      vertex 50.2097 23.013 50.7386
      vertex 49.1126 22.3796 52
    endloop
  endfacet
  facet normal -0.499992 0.86603 0
    outer loop
      vertex 52.817 24.5183 49
      vertex 51.7218 23.886 52
      vertex 52.817 24.5183 52.1
    endloop
  endfacet
  facet normal -0.499992 0.86603 0
    outer loop
      vertex 51.7218 23.886 52
      vertex 52.817 24.5183 49
      vertex 51.7218 23.886 49
    endloop
  endfacet
  facet normal -0.499995 0.866028 0
    outer loop
      vertex 51.7218 23.886 52
      vertex 51.7218 23.886 49
      vertex 50.2097 23.013 50.7386
    endloop
  endfacet
  facet normal -0.866026 -0.499998 0
    outer loop
      vertex 52.817 24.5183 49
      vertex 47.642 33.4817 52.1
      vertex 47.642 33.4817 49
    endloop
  endfacet
  facet normal -0.866026 -0.499998 0
    outer loop
      vertex 47.642 33.4817 52.1
      vertex 52.817 24.5183 49
      vertex 52.817 24.5183 52.1
    endloop
  endfacet
  facet normal 0 0 -1
    outer loop
      vertex -47.3938 31.6675 52.1
      vertex -47.642 33.4817 52.1
      vertex -46.5468 32.8494 52.1
    endloop
  endfacet
  facet normal 0 0 -1
    outer loop
      vertex -49.3634 28.5 52.1
      vertex -47.642 33.4817 52.1
      vertex -47.3938 31.6675 52.1
    endloop
  endfacet
  facet normal 0 0 -1
    outer loop
      vertex -52.817 24.5183 52.1
      vertex -49.3634 28.5 52.1
      vertex -51.1217 25.2105 52.1
    endloop
  endfacet
  facet normal 0 0 -1
    outer loop
      vertex -52.817 24.5183 52.1
      vertex -51.1217 25.2105 52.1
      vertex -51.7218 23.886 52.1
    endloop
  endfacet
  facet normal -0 0 -1
    outer loop
      vertex -49.3634 28.5 52.1
      vertex -52.817 24.5183 52.1
      vertex -47.642 33.4817 52.1
    endloop
  endfacet
  facet normal 0.866026 -0.499998 0
    outer loop
      vertex -52.817 24.5183 52.1
      vertex -47.642 33.4817 49
      vertex -47.642 33.4817 52.1
    endloop
  endfacet
  facet normal 0.866026 -0.499998 0
    outer loop
      vertex -47.642 33.4817 49
      vertex -52.817 24.5183 52.1
      vertex -52.817 24.5183 49
    endloop
  endfacet
  facet normal 0 0 1
    outer loop
      vertex -47.642 33.4817 49
      vertex -47.3938 31.6675 49
      vertex -46.5468 32.8494 49
    endloop
  endfacet
  facet normal 0 0 1
    outer loop
      vertex -47.642 33.4817 49
      vertex -49.3634 28.5 49
      vertex -47.3938 31.6675 49
    endloop
  endfacet
  facet normal 0 0 1
    outer loop
      vertex -52.817 24.5183 49
      vertex -49.3634 28.5 49
      vertex -47.642 33.4817 49
    endloop
  endfacet
  facet normal 0 0 1
    outer loop
      vertex -49.3634 28.5 49
      vertex -52.817 24.5183 49
      vertex -51.1217 25.2105 49
    endloop
  endfacet
  facet normal 0 0 1
    outer loop
      vertex -51.1217 25.2105 49
      vertex -52.817 24.5183 49
      vertex -51.7218 23.886 49
    endloop
  endfacet
  facet normal -0.499992 -0.86603 0
    outer loop
      vertex -47.642 33.4817 52.1
      vertex -46.5468 32.8494 52
      vertex -46.5468 32.8494 52.1
    endloop
  endfacet
  facet normal -0.499994 -0.866029 6.97508e-05
    outer loop
      vertex -46.5468 32.8494 52
      vertex -45.0347 31.9763 50.7386
      vertex -43.9376 31.343 52
    endloop
  endfacet
  facet normal -0.499992 -0.86603 0
    outer loop
      vertex -47.642 33.4817 49
      vertex -46.5468 32.8494 52
      vertex -47.642 33.4817 52.1
    endloop
  endfacet
  facet normal -0.499992 -0.86603 -0
    outer loop
      vertex -46.5468 32.8494 52
      vertex -47.642 33.4817 49
      vertex -46.5468 32.8494 49
    endloop
  endfacet
  facet normal -0.500038 -0.866003 -0
    outer loop
      vertex -46.5468 32.8494 52
      vertex -46.5468 32.8494 49
      vertex -45.0347 31.9763 50.7386
    endloop
  endfacet
  facet normal 0.499994 0.866029 -2.42376e-06
    outer loop
      vertex -49.1126 22.3796 52
      vertex -50.5847 23.2295 50.3074
      vertex -51.7218 23.886 52
    endloop
  endfacet
  facet normal 0.499992 0.86603 -0
    outer loop
      vertex -51.7218 23.886 52
      vertex -52.817 24.5183 52.1
      vertex -51.7218 23.886 52.1
    endloop
  endfacet
  facet normal 0.499997 0.866027 -0
    outer loop
      vertex -51.7218 23.886 49
      vertex -51.7218 23.886 52
      vertex -50.5847 23.2295 50.3074
    endloop
  endfacet
  facet normal 0.499992 0.86603 0
    outer loop
      vertex -52.817 24.5183 49
      vertex -51.7218 23.886 52
      vertex -51.7218 23.886 49
    endloop
  endfacet
  facet normal 0.499992 0.86603 0
    outer loop
      vertex -51.7218 23.886 52
      vertex -52.817 24.5183 49
      vertex -52.817 24.5183 52.1
    endloop
  endfacet
  facet normal 0 1 -0
    outer loop
      vertex 5.175 -58 49
      vertex -5.175 -58 52.1
      vertex 5.175 -58 52.1
    endloop
  endfacet
  facet normal 0 1 0
    outer loop
      vertex -5.175 -58 52.1
      vertex 5.175 -58 49
      vertex -5.175 -58 49
    endloop
  endfacet
  facet normal 0 0 -1
    outer loop
      vertex 5.175 -58 52.1
      vertex 3.72798 -56.878 52.1
      vertex 5.175 -56.7354 52.1
    endloop
  endfacet
  facet normal 0 0 -1
    outer loop
      vertex 5.175 -58 52.1
      vertex 0 -57 52.1
      vertex 3.72798 -56.878 52.1
    endloop
  endfacet
  facet normal 0 0 -1
    outer loop
      vertex -5.175 -58 52.1
      vertex 0 -57 52.1
      vertex 5.175 -58 52.1
    endloop
  endfacet
  facet normal -0 0 -1
    outer loop
      vertex 0 -57 52.1
      vertex -5.175 -58 52.1
      vertex -3.72798 -56.878 52.1
    endloop
  endfacet
  facet normal -0 0 -1
    outer loop
      vertex -3.72798 -56.878 52.1
      vertex -5.175 -58 52.1
      vertex -5.175 -56.7354 52.1
    endloop
  endfacet
  facet normal -0 0 1
    outer loop
      vertex 3.72798 -56.878 49
      vertex 5.175 -58 49
      vertex 5.175 -56.7354 49
    endloop
  endfacet
  facet normal -0 0 1
    outer loop
      vertex 0 -57 49
      vertex 5.175 -58 49
      vertex 3.72798 -56.878 49
    endloop
  endfacet
  facet normal 0 0 1
    outer loop
      vertex -5.175 -58 49
      vertex 0 -57 49
      vertex -3.72798 -56.878 49
    endloop
  endfacet
  facet normal 0 0 1
    outer loop
      vertex -5.175 -58 49
      vertex -3.72798 -56.878 49
      vertex -5.175 -56.7354 49
    endloop
  endfacet
  facet normal 0 0 1
    outer loop
      vertex 0 -57 49
      vertex -5.175 -58 49
      vertex 5.175 -58 49
    endloop
  endfacet
  facet normal -1 0 0
    outer loop
      vertex 5.175 -56.7354 52
      vertex 5.175 -55.4224 50.3074
      vertex 5.175 -56.7354 49
    endloop
  endfacet
  facet normal -1 0 0
    outer loop
      vertex 5.175 -55.4224 50.3074
      vertex 5.175 -56.7354 52
      vertex 5.175 -53.7225 52
    endloop
  endfacet
  facet normal -1 0 0
    outer loop
      vertex 5.175 -58 49
      vertex 5.175 -56.7354 52
      vertex 5.175 -56.7354 49
    endloop
  endfacet
  facet normal -1 0 0
    outer loop
      vertex 5.175 -58 52.1
      vertex 5.175 -56.7354 52
      vertex 5.175 -58 49
    endloop
  endfacet
  facet normal -1 0 0
    outer loop
      vertex 5.175 -56.7354 52
      vertex 5.175 -58 52.1
      vertex 5.175 -56.7354 52.1
    endloop
  endfacet
  facet normal 1 -0 0
    outer loop
      vertex -5.175 -58 52.1
      vertex -5.175 -56.7354 52
      vertex -5.175 -56.7354 52.1
    endloop
  endfacet
  facet normal 1 0 0
    outer loop
      vertex -5.175 -58 49
      vertex -5.175 -56.7354 52
      vertex -5.175 -58 52.1
    endloop
  endfacet
  facet normal 1 0 0
    outer loop
      vertex -5.175 -56.7354 52
      vertex -5.175 -58 49
      vertex -5.175 -56.7354 49
    endloop
  endfacet
  facet normal 1 -0 0
    outer loop
      vertex -5.175 -56.7354 52
      vertex -5.175 -54.9893 50.7386
      vertex -5.175 -53.7225 52
    endloop
  endfacet
  facet normal 1 0 0
    outer loop
      vertex -5.175 -54.9893 50.7386
      vertex -5.175 -56.7354 52
      vertex -5.175 -56.7354 49
    endloop
  endfacet
  facet normal 0.582598 0.81276 -0
    outer loop
      vertex 43.4858 43.134 73.5744
      vertex 43.418 43.1826 86
      vertex 43.4858 43.134 86
    endloop
  endfacet
  facet normal 0.582598 0.81276 0
    outer loop
      vertex 43.418 43.1826 86
      vertex 43.4858 43.134 73.5744
      vertex 43.418 43.1826 73.5572
    endloop
  endfacet
  facet normal -0.634151 -0.773209 0
    outer loop
      vertex 44.9703 45.2057 86
      vertex 45.0348 45.1528 76.7531
      vertex 45.0348 45.1528 86
    endloop
  endfacet
  facet normal -0.634151 -0.773209 0
    outer loop
      vertex 45.0348 45.1528 76.7531
      vertex 44.9703 45.2057 86
      vertex 44.9703 45.2057 76.7428
    endloop
  endfacet
  facet normal -0.683981 -0.7295 0
    outer loop
      vertex 45.0348 45.1528 86
      vertex 45.0957 45.0957 76.7565
      vertex 45.0957 45.0957 86
    endloop
  endfacet
  facet normal -0.683981 -0.7295 0
    outer loop
      vertex 45.0957 45.0957 76.7565
      vertex 45.0348 45.1528 86
      vertex 45.0348 45.1528 76.7531
    endloop
  endfacet
  facet normal 0.81276 0.582598 0
    outer loop
      vertex 43.1826 43.418 86
      vertex 43.134 43.4858 73.5744
      vertex 43.134 43.4858 86
    endloop
  endfacet
  facet normal 0.81276 0.582598 0
    outer loop
      vertex 43.134 43.4858 73.5744
      vertex 43.1826 43.418 86
      vertex 43.1826 43.418 73.5572
    endloop
  endfacet
  facet normal -0.773209 0.634151 0
    outer loop
      vertex 45.1528 43.3535 86
      vertex 45.2057 43.418 75.3597
      vertex 45.1528 43.3535 75.2551
    endloop
  endfacet
  facet normal -0.773209 0.634151 0
    outer loop
      vertex 45.2057 43.418 75.3597
      vertex 45.1528 43.3535 86
      vertex 45.2057 43.418 86
    endloop
  endfacet
  facet normal -0.582598 0.81276 0
    outer loop
      vertex 44.9703 43.1826 74.9403
      vertex 44.9025 43.134 86
      vertex 44.9703 43.1826 86
    endloop
  endfacet
  facet normal -0.582598 0.81276 0
    outer loop
      vertex 44.9025 43.134 86
      vertex 44.9703 43.1826 74.9403
      vertex 44.9025 43.134 74.8366
    endloop
  endfacet
  facet normal -0.999437 -0.0335542 -0
    outer loop
      vertex 45.4692 44.1942 86
      vertex 45.4664 44.2776 76.3578
      vertex 45.4692 44.1942 76.286
    endloop
  endfacet
  facet normal -0.999437 -0.0335542 0
    outer loop
      vertex 45.4664 44.2776 76.3578
      vertex 45.4692 44.1942 86
      vertex 45.4664 44.2776 86
    endloop
  endfacet
  facet normal 0.582598 -0.81276 0
    outer loop
      vertex 43.418 45.2057 86
      vertex 43.4858 45.2543 75.4634
      vertex 43.4858 45.2543 86
    endloop
  endfacet
  facet normal 0.582598 -0.81276 0
    outer loop
      vertex 43.4858 45.2543 75.4634
      vertex 43.418 45.2057 86
      vertex 43.418 45.2057 75.3597
    endloop
  endfacet
  facet normal -0.882121 0.471024 0
    outer loop
      vertex 45.2984 43.5567 86
      vertex 45.3377 43.6303 75.6664
      vertex 45.2984 43.5567 75.5658
    endloop
  endfacet
  facet normal -0.882121 0.471024 0
    outer loop
      vertex 45.3377 43.6303 75.6664
      vertex 45.2984 43.5567 86
      vertex 45.3377 43.6303 86
    endloop
  endfacet
  facet normal -0.995272 -0.0971289 -0
    outer loop
      vertex 45.4664 44.2776 86
      vertex 45.4583 44.3606 76.4245
      vertex 45.4664 44.2776 76.3578
    endloop
  endfacet
  facet normal -0.995272 -0.0971289 0
    outer loop
      vertex 45.4583 44.3606 76.4245
      vertex 45.4664 44.2776 86
      vertex 45.4583 44.3606 86
    endloop
  endfacet
  facet normal -0.634867 0.772621 0
    outer loop
      vertex 45.0348 43.2356 75.0449
      vertex 44.9703 43.1826 86
      vertex 45.0348 43.2356 86
    endloop
  endfacet
  facet normal -0.634867 0.772621 0
    outer loop
      vertex 44.9703 43.1826 86
      vertex 45.0348 43.2356 75.0449
      vertex 44.9703 43.1826 74.9403
    endloop
  endfacet
  facet normal -0.7295 0.683981 0
    outer loop
      vertex 45.0957 43.2926 86
      vertex 45.1528 43.3535 75.2551
      vertex 45.0957 43.2926 75.15
    endloop
  endfacet
  facet normal -0.7295 0.683981 0
    outer loop
      vertex 45.1528 43.3535 75.2551
      vertex 45.0957 43.2926 86
      vertex 45.1528 43.3535 86
    endloop
  endfacet
  facet normal 0.527303 0.849677 -0
    outer loop
      vertex 43.5567 43.09 73.5982
      vertex 43.4858 43.134 86
      vertex 43.5567 43.09 86
    endloop
  endfacet
  facet normal 0.527303 0.849677 0
    outer loop
      vertex 43.4858 43.134 86
      vertex 43.5567 43.09 73.5982
      vertex 43.4858 43.134 73.5744
    endloop
  endfacet
  facet normal -0.773209 -0.634151 -0
    outer loop
      vertex 45.2057 44.9703 86
      vertex 45.1528 45.0348 76.7531
      vertex 45.2057 44.9703 76.7428
    endloop
  endfacet
  facet normal -0.773209 -0.634151 0
    outer loop
      vertex 45.1528 45.0348 76.7531
      vertex 45.2057 44.9703 86
      vertex 45.1528 45.0348 86
    endloop
  endfacet
  facet normal -0.882121 -0.471024 -0
    outer loop
      vertex 45.3377 44.7581 86
      vertex 45.2984 44.8317 76.7018
      vertex 45.3377 44.7581 76.6712
    endloop
  endfacet
  facet normal -0.882121 -0.471024 0
    outer loop
      vertex 45.2984 44.8317 76.7018
      vertex 45.3377 44.7581 86
      vertex 45.2984 44.8317 86
    endloop
  endfacet
  facet normal 0.772621 -0.634867 0
    outer loop
      vertex 43.1826 44.9703 86
      vertex 43.2356 45.0348 75.0449
      vertex 43.2356 45.0348 86
    endloop
  endfacet
  facet normal 0.772621 -0.634867 0
    outer loop
      vertex 43.2356 45.0348 75.0449
      vertex 43.1826 44.9703 86
      vertex 43.1826 44.9703 74.9403
    endloop
  endfacet
  facet normal 0.910572 -0.413352 0
    outer loop
      vertex 43.0162 44.6821 86
      vertex 43.0507 44.7581 74.6336
      vertex 43.0507 44.7581 86
    endloop
  endfacet
  facet normal 0.910572 -0.413352 0
    outer loop
      vertex 43.0507 44.7581 74.6336
      vertex 43.0162 44.6821 86
      vertex 43.0162 44.6821 74.5352
    endloop
  endfacet
  facet normal 0.882121 0.471024 0
    outer loop
      vertex 43.09 43.5567 86
      vertex 43.0507 43.6303 73.6288
      vertex 43.0507 43.6303 86
    endloop
  endfacet
  facet normal 0.882121 0.471024 0
    outer loop
      vertex 43.0507 43.6303 73.6288
      vertex 43.09 43.5567 86
      vertex 43.09 43.5567 73.5982
    endloop
  endfacet
  facet normal -0.7295 -0.683981 -0
    outer loop
      vertex 45.1528 45.0348 86
      vertex 45.0957 45.0957 76.7565
      vertex 45.1528 45.0348 76.7531
    endloop
  endfacet
  facet normal -0.7295 -0.683981 0
    outer loop
      vertex 45.0957 45.0957 76.7565
      vertex 45.1528 45.0348 86
      vertex 45.0957 45.0957 86
    endloop
  endfacet
  facet normal 0.882121 -0.471024 0
    outer loop
      vertex 43.0507 44.7581 86
      vertex 43.09 44.8317 74.7342
      vertex 43.09 44.8317 86
    endloop
  endfacet
  facet normal 0.882121 -0.471024 0
    outer loop
      vertex 43.09 44.8317 74.7342
      vertex 43.0507 44.7581 86
      vertex 43.0507 44.7581 74.6336
    endloop
  endfacet
  facet normal 0.162845 0.986652 -0
    outer loop
      vertex 44.0278 42.9301 73.8755
      vertex 43.9454 42.9437 86
      vertex 44.0278 42.9301 86
    endloop
  endfacet
  facet normal 0.162845 0.986652 0
    outer loop
      vertex 43.9454 42.9437 86
      vertex 44.0278 42.9301 73.8755
      vertex 43.9454 42.9437 73.8142
    endloop
  endfacet
  facet normal 0.730098 -0.683343 0
    outer loop
      vertex 43.2356 45.0348 86
      vertex 43.2926 45.0957 75.15
      vertex 43.2926 45.0957 86
    endloop
  endfacet
  facet normal 0.730098 -0.683343 0
    outer loop
      vertex 43.2926 45.0957 75.15
      vertex 43.2356 45.0348 86
      vertex 43.2356 45.0348 75.0449
    endloop
  endfacet
  facet normal 0.973965 0.226699 0
    outer loop
      vertex 42.9626 43.8642 86
      vertex 42.9437 43.9454 73.8142
      vertex 42.9437 43.9454 86
    endloop
  endfacet
  facet normal 0.973965 0.226699 0
    outer loop
      vertex 42.9437 43.9454 73.8142
      vertex 42.9626 43.8642 86
      vertex 42.9626 43.8642 73.7587
    endloop
  endfacet
  facet normal 0.0971289 -0.995272 0
    outer loop
      vertex 44.0278 45.4583 86
      vertex 44.1108 45.4664 76.2092
      vertex 44.1108 45.4664 86
    endloop
  endfacet
  facet normal 0.0971289 -0.995272 0
    outer loop
      vertex 44.1108 45.4664 76.2092
      vertex 44.0278 45.4583 86
      vertex 44.0278 45.4583 76.128
    endloop
  endfacet
  facet normal 0.956964 -0.290207 0
    outer loop
      vertex 42.9626 44.5242 86
      vertex 42.9868 44.604 74.4395
      vertex 42.9868 44.604 86
    endloop
  endfacet
  facet normal 0.956964 -0.290207 0
    outer loop
      vertex 42.9868 44.604 74.4395
      vertex 42.9626 44.5242 86
      vertex 42.9626 44.5242 74.3467
    endloop
  endfacet
  facet normal 0.98662 -0.163038 0
    outer loop
      vertex 42.9301 44.3606 86
      vertex 42.9437 44.4429 74.2575
      vertex 42.9437 44.4429 86
    endloop
  endfacet
  facet normal 0.98662 -0.163038 0
    outer loop
      vertex 42.9437 44.4429 74.2575
      vertex 42.9301 44.3606 86
      vertex 42.9301 44.3606 74.172
    endloop
  endfacet
  facet normal 0.910572 0.413352 0
    outer loop
      vertex 43.0507 43.6303 86
      vertex 43.0162 43.7063 73.6658
      vertex 43.0162 43.7063 86
    endloop
  endfacet
  facet normal 0.910572 0.413352 0
    outer loop
      vertex 43.0162 43.7063 73.6658
      vertex 43.0507 43.6303 86
      vertex 43.0507 43.6303 73.6288
    endloop
  endfacet
  facet normal 0.528168 -0.84914 0
    outer loop
      vertex 43.4858 45.2543 86
      vertex 43.5567 45.2984 75.5658
      vertex 43.5567 45.2984 86
    endloop
  endfacet
  facet normal 0.528168 -0.84914 0
    outer loop
      vertex 43.5567 45.2984 75.5658
      vertex 43.4858 45.2543 86
      vertex 43.4858 45.2543 75.4634
    endloop
  endfacet
  facet normal -0.995272 0.0971289 0
    outer loop
      vertex 45.4583 44.0278 86
      vertex 45.4664 44.1108 76.2092
      vertex 45.4583 44.0278 76.128
    endloop
  endfacet
  facet normal -0.995272 0.0971289 0
    outer loop
      vertex 45.4664 44.1108 76.2092
      vertex 45.4583 44.0278 86
      vertex 45.4664 44.1108 86
    endloop
  endfacet
  facet normal -0.957065 0.289874 0
    outer loop
      vertex 45.4015 43.7843 86
      vertex 45.4257 43.8642 75.9532
      vertex 45.4015 43.7843 75.8605
    endloop
  endfacet
  facet normal -0.957065 0.289874 0
    outer loop
      vertex 45.4257 43.8642 75.9532
      vertex 45.4015 43.7843 86
      vertex 45.4257 43.8642 86
    endloop
  endfacet
  facet normal -0.956964 -0.290207 -0
    outer loop
      vertex 45.4257 44.5242 86
      vertex 45.4015 44.604 76.5908
      vertex 45.4257 44.5242 76.5413
    endloop
  endfacet
  facet normal -0.956964 -0.290207 0
    outer loop
      vertex 45.4015 44.604 76.5908
      vertex 45.4257 44.5242 86
      vertex 45.4015 44.604 86
    endloop
  endfacet
  facet normal -0.935736 0.352701 0
    outer loop
      vertex 45.3721 43.7063 86
      vertex 45.4015 43.7843 75.8605
      vertex 45.3721 43.7063 75.7648
    endloop
  endfacet
  facet normal -0.935736 0.352701 0
    outer loop
      vertex 45.4015 43.7843 75.8605
      vertex 45.3721 43.7063 86
      vertex 45.4015 43.7843 86
    endloop
  endfacet
  facet normal 0.0323571 0.999476 -0
    outer loop
      vertex 44.1942 42.9192 74.014
      vertex 44.1108 42.9219 86
      vertex 44.1942 42.9192 86
    endloop
  endfacet
  facet normal 0.0323571 0.999476 0
    outer loop
      vertex 44.1108 42.9219 86
      vertex 44.1942 42.9192 74.014
      vertex 44.1108 42.9219 73.9422
    endloop
  endfacet
  facet normal -0.683343 0.730098 0
    outer loop
      vertex 45.0957 43.2926 75.15
      vertex 45.0348 43.2356 86
      vertex 45.0957 43.2926 86
    endloop
  endfacet
  facet normal -0.683343 0.730098 0
    outer loop
      vertex 45.0348 43.2356 86
      vertex 45.0957 43.2926 75.15
      vertex 45.0348 43.2356 75.0449
    endloop
  endfacet
  facet normal 0.412357 -0.911022 0
    outer loop
      vertex 43.6303 45.3377 86
      vertex 43.7063 45.3721 75.7648
      vertex 43.7063 45.3721 86
    endloop
  endfacet
  facet normal 0.412357 -0.911022 0
    outer loop
      vertex 43.7063 45.3721 75.7648
      vertex 43.6303 45.3377 86
      vertex 43.6303 45.3377 75.6664
    endloop
  endfacet
  facet normal 0.935885 -0.352305 0
    outer loop
      vertex 42.9868 44.604 86
      vertex 43.0162 44.6821 74.5352
      vertex 43.0162 44.6821 86
    endloop
  endfacet
  facet normal 0.935885 -0.352305 0
    outer loop
      vertex 43.0162 44.6821 74.5352
      vertex 42.9868 44.604 86
      vertex 42.9868 44.604 74.4395
    endloop
  endfacet
  facet normal -0.973699 0.227836 0
    outer loop
      vertex 45.4257 43.8642 86
      vertex 45.4447 43.9454 76.0425
      vertex 45.4257 43.8642 75.9532
    endloop
  endfacet
  facet normal -0.973699 0.227836 0
    outer loop
      vertex 45.4447 43.9454 76.0425
      vertex 45.4257 43.8642 86
      vertex 45.4447 43.9454 86
    endloop
  endfacet
  facet normal -0.412357 -0.911022 0
    outer loop
      vertex 44.6821 45.3721 86
      vertex 44.7581 45.3377 76.6712
      vertex 44.7581 45.3377 86
    endloop
  endfacet
  facet normal -0.412357 -0.911022 0
    outer loop
      vertex 44.7581 45.3377 76.6712
      vertex 44.6821 45.3721 86
      vertex 44.6821 45.3721 76.6342
    endloop
  endfacet
  facet normal 0.289874 -0.957065 0
    outer loop
      vertex 43.7843 45.4015 86
      vertex 43.8642 45.4257 75.9532
      vertex 43.8642 45.4257 86
    endloop
  endfacet
  facet normal 0.289874 -0.957065 0
    outer loop
      vertex 43.8642 45.4257 75.9532
      vertex 43.7843 45.4015 86
      vertex 43.7843 45.4015 75.8605
    endloop
  endfacet
  facet normal 0.0335542 -0.999437 0
    outer loop
      vertex 44.1108 45.4664 86
      vertex 44.1942 45.4692 76.286
      vertex 44.1942 45.4692 86
    endloop
  endfacet
  facet normal 0.0335542 -0.999437 0
    outer loop
      vertex 44.1942 45.4692 76.286
      vertex 44.1108 45.4664 86
      vertex 44.1108 45.4664 76.2092
    endloop
  endfacet
  facet normal 0.81276 -0.582598 0
    outer loop
      vertex 43.134 44.9025 86
      vertex 43.1826 44.9703 74.9403
      vertex 43.1826 44.9703 86
    endloop
  endfacet
  facet normal 0.81276 -0.582598 0
    outer loop
      vertex 43.1826 44.9703 74.9403
      vertex 43.134 44.9025 86
      vertex 43.134 44.9025 74.8366
    endloop
  endfacet
  facet normal -0.471024 0.882121 0
    outer loop
      vertex 44.8317 43.09 74.7342
      vertex 44.7581 43.0507 86
      vertex 44.8317 43.09 86
    endloop
  endfacet
  facet normal -0.471024 0.882121 0
    outer loop
      vertex 44.7581 43.0507 86
      vertex 44.8317 43.09 74.7342
      vertex 44.7581 43.0507 74.6336
    endloop
  endfacet
  facet normal -0.352305 -0.935885 0
    outer loop
      vertex 44.604 45.4015 86
      vertex 44.6821 45.3721 76.6342
      vertex 44.6821 45.3721 86
    endloop
  endfacet
  facet normal -0.352305 -0.935885 0
    outer loop
      vertex 44.6821 45.3721 76.6342
      vertex 44.604 45.4015 86
      vertex 44.604 45.4015 76.5908
    endloop
  endfacet
  facet normal -0.22757 -0.973762 0
    outer loop
      vertex 44.4429 45.4447 86
      vertex 44.5242 45.4257 76.5413
      vertex 44.5242 45.4257 86
    endloop
  endfacet
  facet normal -0.22757 -0.973762 0
    outer loop
      vertex 44.5242 45.4257 76.5413
      vertex 44.4429 45.4447 86
      vertex 44.4429 45.4447 76.4858
    endloop
  endfacet
  facet normal 0.634867 0.772621 -0
    outer loop
      vertex 43.418 43.1826 73.5572
      vertex 43.3535 43.2356 86
      vertex 43.418 43.1826 86
    endloop
  endfacet
  facet normal 0.634867 0.772621 0
    outer loop
      vertex 43.3535 43.2356 86
      vertex 43.418 43.1826 73.5572
      vertex 43.3535 43.2356 73.5469
    endloop
  endfacet
  facet normal -0.352305 0.935885 0
    outer loop
      vertex 44.6821 43.0162 74.5352
      vertex 44.604 42.9868 86
      vertex 44.6821 43.0162 86
    endloop
  endfacet
  facet normal -0.352305 0.935885 0
    outer loop
      vertex 44.604 42.9868 86
      vertex 44.6821 43.0162 74.5352
      vertex 44.604 42.9868 74.4395
    endloop
  endfacet
  facet normal 0.162845 -0.986652 0
    outer loop
      vertex 43.9454 45.4447 86
      vertex 44.0278 45.4583 76.128
      vertex 44.0278 45.4583 86
    endloop
  endfacet
  facet normal 0.162845 -0.986652 0
    outer loop
      vertex 44.0278 45.4583 76.128
      vertex 43.9454 45.4447 86
      vertex 43.9454 45.4447 76.0425
    endloop
  endfacet
  facet normal 0.352701 -0.935736 0
    outer loop
      vertex 43.7063 45.3721 86
      vertex 43.7843 45.4015 75.8605
      vertex 43.7843 45.4015 86
    endloop
  endfacet
  facet normal 0.352701 -0.935736 0
    outer loop
      vertex 43.7843 45.4015 75.8605
      vertex 43.7063 45.3721 86
      vertex 43.7063 45.3721 75.7648
    endloop
  endfacet
  facet normal -0.471024 -0.882121 0
    outer loop
      vertex 44.7581 45.3377 86
      vertex 44.8317 45.2984 76.7018
      vertex 44.8317 45.2984 86
    endloop
  endfacet
  facet normal -0.471024 -0.882121 0
    outer loop
      vertex 44.8317 45.2984 76.7018
      vertex 44.7581 45.3377 86
      vertex 44.7581 45.3377 76.6712
    endloop
  endfacet
  facet normal -0.290207 -0.956964 0
    outer loop
      vertex 44.5242 45.4257 86
      vertex 44.604 45.4015 76.5908
      vertex 44.604 45.4015 86
    endloop
  endfacet
  facet normal -0.290207 -0.956964 0
    outer loop
      vertex 44.604 45.4015 76.5908
      vertex 44.5242 45.4257 86
      vertex 44.5242 45.4257 76.5413
    endloop
  endfacet
  facet normal 0.974026 -0.226434 0
    outer loop
      vertex 42.9437 44.4429 86
      vertex 42.9626 44.5242 74.3467
      vertex 42.9626 44.5242 86
    endloop
  endfacet
  facet normal 0.974026 -0.226434 0
    outer loop
      vertex 42.9626 44.5242 74.3467
      vertex 42.9437 44.4429 86
      vertex 42.9437 44.4429 74.2575
    endloop
  endfacet
  facet normal 0.227836 -0.973699 0
    outer loop
      vertex 43.8642 45.4257 86
      vertex 43.9454 45.4447 76.0425
      vertex 43.9454 45.4447 86
    endloop
  endfacet
  facet normal 0.227836 -0.973699 0
    outer loop
      vertex 43.9454 45.4447 76.0425
      vertex 43.8642 45.4257 86
      vertex 43.8642 45.4257 75.9532
    endloop
  endfacet
  facet normal -0.0971289 -0.995272 0
    outer loop
      vertex 44.2776 45.4664 86
      vertex 44.3606 45.4583 76.4245
      vertex 44.3606 45.4583 86
    endloop
  endfacet
  facet normal -0.0971289 -0.995272 0
    outer loop
      vertex 44.3606 45.4583 76.4245
      vertex 44.2776 45.4664 86
      vertex 44.2776 45.4664 76.3578
    endloop
  endfacet
  facet normal -0.935885 -0.352305 -0
    outer loop
      vertex 45.4015 44.604 86
      vertex 45.3721 44.6821 76.6342
      vertex 45.4015 44.604 76.5908
    endloop
  endfacet
  facet normal -0.935885 -0.352305 0
    outer loop
      vertex 45.3721 44.6821 76.6342
      vertex 45.4015 44.604 86
      vertex 45.3721 44.6821 86
    endloop
  endfacet
  facet normal -0.413352 0.910572 0
    outer loop
      vertex 44.7581 43.0507 74.6336
      vertex 44.6821 43.0162 86
      vertex 44.7581 43.0507 86
    endloop
  endfacet
  facet normal -0.413352 0.910572 0
    outer loop
      vertex 44.6821 43.0162 86
      vertex 44.7581 43.0507 74.6336
      vertex 44.6821 43.0162 74.5352
    endloop
  endfacet
  facet normal 0.413352 0.910572 -0
    outer loop
      vertex 43.7063 43.0162 73.6658
      vertex 43.6303 43.0507 86
      vertex 43.7063 43.0162 86
    endloop
  endfacet
  facet normal 0.413352 0.910572 0
    outer loop
      vertex 43.6303 43.0507 86
      vertex 43.7063 43.0162 73.6658
      vertex 43.6303 43.0507 73.6288
    endloop
  endfacet
  facet normal 0.226699 0.973965 -0
    outer loop
      vertex 43.9454 42.9437 73.8142
      vertex 43.8642 42.9626 86
      vertex 43.9454 42.9437 86
    endloop
  endfacet
  facet normal 0.226699 0.973965 0
    outer loop
      vertex 43.8642 42.9626 86
      vertex 43.9454 42.9437 73.8142
      vertex 43.8642 42.9626 73.7587
    endloop
  endfacet
  facet normal 0.995155 -0.0983165 0
    outer loop
      vertex 42.9219 44.2776 86
      vertex 42.9301 44.3606 74.172
      vertex 42.9301 44.3606 86
    endloop
  endfacet
  facet normal 0.995155 -0.0983165 0
    outer loop
      vertex 42.9301 44.3606 74.172
      vertex 42.9219 44.2776 86
      vertex 42.9219 44.2776 74.0908
    endloop
  endfacet
  facet normal 0.730098 0.683343 0
    outer loop
      vertex 43.2926 43.2926 86
      vertex 43.2356 43.3535 73.5469
      vertex 43.2356 43.3535 86
    endloop
  endfacet
  facet normal 0.730098 0.683343 0
    outer loop
      vertex 43.2356 43.3535 73.5469
      vertex 43.2926 43.2926 86
      vertex 43.2926 43.2926 73.5435
    endloop
  endfacet
  facet normal -0.911022 -0.412357 -0
    outer loop
      vertex 45.3721 44.6821 86
      vertex 45.3377 44.7581 76.6712
      vertex 45.3721 44.6821 76.6342
    endloop
  endfacet
  facet normal -0.911022 -0.412357 0
    outer loop
      vertex 45.3377 44.7581 76.6712
      vertex 45.3721 44.6821 86
      vertex 45.3377 44.7581 86
    endloop
  endfacet
  facet normal -0.0335542 -0.999437 0
    outer loop
      vertex 44.1942 45.4692 86
      vertex 44.2776 45.4664 76.3578
      vertex 44.2776 45.4664 86
    endloop
  endfacet
  facet normal -0.0335542 -0.999437 0
    outer loop
      vertex 44.2776 45.4664 76.3578
      vertex 44.1942 45.4692 86
      vertex 44.1942 45.4692 76.286
    endloop
  endfacet
  facet normal 0.986652 0.162845 0
    outer loop
      vertex 42.9437 43.9454 86
      vertex 42.9301 44.0278 73.8755
      vertex 42.9301 44.0278 86
    endloop
  endfacet
  facet normal 0.986652 0.162845 0
    outer loop
      vertex 42.9301 44.0278 73.8755
      vertex 42.9437 43.9454 86
      vertex 42.9437 43.9454 73.8142
    endloop
  endfacet
  facet normal 0.849343 -0.527841 0
    outer loop
      vertex 43.09 44.8317 86
      vertex 43.134 44.9025 74.8366
      vertex 43.134 44.9025 86
    endloop
  endfacet
  facet normal 0.849343 -0.527841 0
    outer loop
      vertex 43.134 44.9025 74.8366
      vertex 43.09 44.8317 86
      vertex 43.09 44.8317 74.7342
    endloop
  endfacet
  facet normal -0.528705 -0.848806 0
    outer loop
      vertex 44.8317 45.2984 86
      vertex 44.9025 45.2543 76.7256
      vertex 44.9025 45.2543 86
    endloop
  endfacet
  facet normal -0.528705 -0.848806 0
    outer loop
      vertex 44.9025 45.2543 76.7256
      vertex 44.8317 45.2984 86
      vertex 44.8317 45.2984 76.7018
    endloop
  endfacet
  facet normal 0.849677 0.527303 0
    outer loop
      vertex 43.134 43.4858 86
      vertex 43.09 43.5567 73.5982
      vertex 43.09 43.5567 86
    endloop
  endfacet
  facet normal 0.849677 0.527303 0
    outer loop
      vertex 43.09 43.5567 73.5982
      vertex 43.134 43.4858 86
      vertex 43.134 43.4858 73.5744
    endloop
  endfacet
  facet normal 0.634151 -0.773209 0
    outer loop
      vertex 43.3535 45.1528 86
      vertex 43.418 45.2057 75.3597
      vertex 43.418 45.2057 86
    endloop
  endfacet
  facet normal 0.634151 -0.773209 0
    outer loop
      vertex 43.418 45.2057 75.3597
      vertex 43.3535 45.1528 86
      vertex 43.3535 45.1528 75.2551
    endloop
  endfacet
  facet normal 0.471024 -0.882121 0
    outer loop
      vertex 43.5567 45.2984 86
      vertex 43.6303 45.3377 75.6664
      vertex 43.6303 45.3377 86
    endloop
  endfacet
  facet normal 0.471024 -0.882121 0
    outer loop
      vertex 43.6303 45.3377 75.6664
      vertex 43.5567 45.2984 86
      vertex 43.5567 45.2984 75.5658
    endloop
  endfacet
  facet normal -0.163038 -0.98662 0
    outer loop
      vertex 44.3606 45.4583 86
      vertex 44.4429 45.4447 76.4858
      vertex 44.4429 45.4447 86
    endloop
  endfacet
  facet normal -0.163038 -0.98662 0
    outer loop
      vertex 44.4429 45.4447 76.4858
      vertex 44.3606 45.4583 86
      vertex 44.3606 45.4583 76.4245
    endloop
  endfacet
  facet normal -0.911022 0.412357 0
    outer loop
      vertex 45.3377 43.6303 86
      vertex 45.3721 43.7063 75.7648
      vertex 45.3377 43.6303 75.6664
    endloop
  endfacet
  facet normal -0.911022 0.412357 0
    outer loop
      vertex 45.3721 43.7063 75.7648
      vertex 45.3377 43.6303 86
      vertex 45.3721 43.7063 86
    endloop
  endfacet
  facet normal 0.935736 0.352701 0
    outer loop
      vertex 43.0162 43.7063 86
      vertex 42.9868 43.7843 73.7092
      vertex 42.9868 43.7843 86
    endloop
  endfacet
  facet normal 0.935736 0.352701 0
    outer loop
      vertex 42.9868 43.7843 73.7092
      vertex 43.0162 43.7063 86
      vertex 43.0162 43.7063 73.6658
    endloop
  endfacet
  facet normal 0.999476 -0.0323571 0
    outer loop
      vertex 42.9192 44.1942 86
      vertex 42.9219 44.2776 74.0908
      vertex 42.9219 44.2776 86
    endloop
  endfacet
  facet normal 0.999476 -0.0323571 0
    outer loop
      vertex 42.9219 44.2776 74.0908
      vertex 42.9192 44.1942 86
      vertex 42.9192 44.1942 74.014
    endloop
  endfacet
  facet normal 0.471024 0.882121 -0
    outer loop
      vertex 43.6303 43.0507 73.6288
      vertex 43.5567 43.09 86
      vertex 43.6303 43.0507 86
    endloop
  endfacet
  facet normal 0.471024 0.882121 0
    outer loop
      vertex 43.5567 43.09 86
      vertex 43.6303 43.0507 73.6288
      vertex 43.5567 43.09 73.5982
    endloop
  endfacet
  facet normal 0.683981 -0.7295 0
    outer loop
      vertex 43.2926 45.0957 86
      vertex 43.3535 45.1528 75.2551
      vertex 43.3535 45.1528 86
    endloop
  endfacet
  facet normal 0.683981 -0.7295 0
    outer loop
      vertex 43.3535 45.1528 75.2551
      vertex 43.2926 45.0957 86
      vertex 43.2926 45.0957 75.15
    endloop
  endfacet
  facet normal -0.582598 -0.81276 0
    outer loop
      vertex 44.9025 45.2543 86
      vertex 44.9703 45.2057 76.7428
      vertex 44.9703 45.2057 86
    endloop
  endfacet
  facet normal -0.582598 -0.81276 0
    outer loop
      vertex 44.9703 45.2057 76.7428
      vertex 44.9025 45.2543 86
      vertex 44.9025 45.2543 76.7256
    endloop
  endfacet
  facet normal -0.986652 0.162845 0
    outer loop
      vertex 45.4447 43.9454 86
      vertex 45.4583 44.0278 76.128
      vertex 45.4447 43.9454 76.0425
    endloop
  endfacet
  facet normal -0.986652 0.162845 0
    outer loop
      vertex 45.4583 44.0278 76.128
      vertex 45.4447 43.9454 86
      vertex 45.4583 44.0278 86
    endloop
  endfacet
  facet normal -0.848806 -0.528705 -0
    outer loop
      vertex 45.2984 44.8317 86
      vertex 45.2543 44.9025 76.7256
      vertex 45.2984 44.8317 76.7018
    endloop
  endfacet
  facet normal -0.848806 -0.528705 0
    outer loop
      vertex 45.2543 44.9025 76.7256
      vertex 45.2984 44.8317 86
      vertex 45.2543 44.9025 86
    endloop
  endfacet
  facet normal 0.683343 0.730098 -0
    outer loop
      vertex 43.3535 43.2356 73.5469
      vertex 43.2926 43.2926 86
      vertex 43.3535 43.2356 86
    endloop
  endfacet
  facet normal 0.683343 0.730098 0
    outer loop
      vertex 43.2926 43.2926 86
      vertex 43.3535 43.2356 73.5469
      vertex 43.2926 43.2926 73.5435
    endloop
  endfacet
  facet normal 0.772621 0.634867 0
    outer loop
      vertex 43.2356 43.3535 86
      vertex 43.1826 43.418 73.5572
      vertex 43.1826 43.418 86
    endloop
  endfacet
  facet normal 0.772621 0.634867 0
    outer loop
      vertex 43.1826 43.418 73.5572
      vertex 43.2356 43.3535 86
      vertex 43.2356 43.3535 73.5469
    endloop
  endfacet
  facet normal -0.290207 0.956964 0
    outer loop
      vertex 44.604 42.9868 74.4395
      vertex 44.5242 42.9626 86
      vertex 44.604 42.9868 86
    endloop
  endfacet
  facet normal -0.290207 0.956964 0
    outer loop
      vertex 44.5242 42.9626 86
      vertex 44.604 42.9868 74.4395
      vertex 44.5242 42.9626 74.3467
    endloop
  endfacet
  facet normal -0.527841 0.849343 0
    outer loop
      vertex 44.9025 43.134 74.8366
      vertex 44.8317 43.09 86
      vertex 44.9025 43.134 86
    endloop
  endfacet
  facet normal -0.527841 0.849343 0
    outer loop
      vertex 44.8317 43.09 86
      vertex 44.9025 43.134 74.8366
      vertex 44.8317 43.09 74.7342
    endloop
  endfacet
  facet normal 0.0983165 0.995155 -0
    outer loop
      vertex 44.1108 42.9219 73.9422
      vertex 44.0278 42.9301 86
      vertex 44.1108 42.9219 86
    endloop
  endfacet
  facet normal 0.0983165 0.995155 0
    outer loop
      vertex 44.0278 42.9301 86
      vertex 44.1108 42.9219 73.9422
      vertex 44.0278 42.9301 73.8755
    endloop
  endfacet
  facet normal -0.973762 -0.22757 -0
    outer loop
      vertex 45.4447 44.4429 86
      vertex 45.4257 44.5242 76.5413
      vertex 45.4447 44.4429 76.4858
    endloop
  endfacet
  facet normal -0.973762 -0.22757 0
    outer loop
      vertex 45.4257 44.5242 76.5413
      vertex 45.4447 44.4429 86
      vertex 45.4257 44.5242 86
    endloop
  endfacet
  facet normal -0.163038 0.98662 0
    outer loop
      vertex 44.4429 42.9437 74.2575
      vertex 44.3606 42.9301 86
      vertex 44.4429 42.9437 86
    endloop
  endfacet
  facet normal -0.163038 0.98662 0
    outer loop
      vertex 44.3606 42.9301 86
      vertex 44.4429 42.9437 74.2575
      vertex 44.3606 42.9301 74.172
    endloop
  endfacet
  facet normal -0.999437 0.0335542 0
    outer loop
      vertex 45.4664 44.1108 86
      vertex 45.4692 44.1942 76.286
      vertex 45.4664 44.1108 76.2092
    endloop
  endfacet
  facet normal -0.999437 0.0335542 0
    outer loop
      vertex 45.4692 44.1942 76.286
      vertex 45.4664 44.1108 86
      vertex 45.4692 44.1942 86
    endloop
  endfacet
  facet normal -0.81276 -0.582598 -0
    outer loop
      vertex 45.2543 44.9025 86
      vertex 45.2057 44.9703 76.7428
      vertex 45.2543 44.9025 76.7256
    endloop
  endfacet
  facet normal -0.81276 -0.582598 0
    outer loop
      vertex 45.2057 44.9703 76.7428
      vertex 45.2543 44.9025 86
      vertex 45.2057 44.9703 86
    endloop
  endfacet
  facet normal 0.957065 0.289874 0
    outer loop
      vertex 42.9868 43.7843 86
      vertex 42.9626 43.8642 73.7587
      vertex 42.9626 43.8642 86
    endloop
  endfacet
  facet normal 0.957065 0.289874 0
    outer loop
      vertex 42.9626 43.8642 73.7587
      vertex 42.9868 43.7843 86
      vertex 42.9868 43.7843 73.7092
    endloop
  endfacet
  facet normal 0.289874 0.957065 -0
    outer loop
      vertex 43.8642 42.9626 73.7587
      vertex 43.7843 42.9868 86
      vertex 43.8642 42.9626 86
    endloop
  endfacet
  facet normal 0.289874 0.957065 0
    outer loop
      vertex 43.7843 42.9868 86
      vertex 43.8642 42.9626 73.7587
      vertex 43.7843 42.9868 73.7092
    endloop
  endfacet
  facet normal 0.999476 0.0323571 0
    outer loop
      vertex 42.9219 44.1108 86
      vertex 42.9192 44.1942 74.014
      vertex 42.9192 44.1942 86
    endloop
  endfacet
  facet normal 0.999476 0.0323571 0
    outer loop
      vertex 42.9192 44.1942 74.014
      vertex 42.9219 44.1108 86
      vertex 42.9219 44.1108 73.9422
    endloop
  endfacet
  facet normal -0.226434 0.974026 0
    outer loop
      vertex 44.5242 42.9626 74.3467
      vertex 44.4429 42.9437 86
      vertex 44.5242 42.9626 86
    endloop
  endfacet
  facet normal -0.226434 0.974026 0
    outer loop
      vertex 44.4429 42.9437 86
      vertex 44.5242 42.9626 74.3467
      vertex 44.4429 42.9437 74.2575
    endloop
  endfacet
  facet normal -0.98662 -0.163038 -0
    outer loop
      vertex 45.4583 44.3606 86
      vertex 45.4447 44.4429 76.4858
      vertex 45.4583 44.3606 76.4245
    endloop
  endfacet
  facet normal -0.98662 -0.163038 0
    outer loop
      vertex 45.4447 44.4429 76.4858
      vertex 45.4583 44.3606 86
      vertex 45.4447 44.4429 86
    endloop
  endfacet
  facet normal -0.0983165 0.995155 0
    outer loop
      vertex 44.3606 42.9301 74.172
      vertex 44.2776 42.9219 86
      vertex 44.3606 42.9301 86
    endloop
  endfacet
  facet normal -0.0983165 0.995155 0
    outer loop
      vertex 44.2776 42.9219 86
      vertex 44.3606 42.9301 74.172
      vertex 44.2776 42.9219 74.0908
    endloop
  endfacet
  facet normal -0.84914 0.528168 0
    outer loop
      vertex 45.2543 43.4858 86
      vertex 45.2984 43.5567 75.5658
      vertex 45.2543 43.4858 75.4634
    endloop
  endfacet
  facet normal -0.84914 0.528168 0
    outer loop
      vertex 45.2984 43.5567 75.5658
      vertex 45.2543 43.4858 86
      vertex 45.2984 43.5567 86
    endloop
  endfacet
  facet normal -0.81276 0.582598 0
    outer loop
      vertex 45.2057 43.418 86
      vertex 45.2543 43.4858 75.4634
      vertex 45.2057 43.418 75.3597
    endloop
  endfacet
  facet normal -0.81276 0.582598 0
    outer loop
      vertex 45.2543 43.4858 75.4634
      vertex 45.2057 43.418 86
      vertex 45.2543 43.4858 86
    endloop
  endfacet
  facet normal -0.0323571 0.999476 0
    outer loop
      vertex 44.2776 42.9219 74.0908
      vertex 44.1942 42.9192 86
      vertex 44.2776 42.9219 86
    endloop
  endfacet
  facet normal -0.0323571 0.999476 0
    outer loop
      vertex 44.1942 42.9192 86
      vertex 44.2776 42.9219 74.0908
      vertex 44.1942 42.9192 74.014
    endloop
  endfacet
  facet normal 0.995155 0.0983165 0
    outer loop
      vertex 42.9301 44.0278 86
      vertex 42.9219 44.1108 73.9422
      vertex 42.9219 44.1108 86
    endloop
  endfacet
  facet normal 0.995155 0.0983165 0
    outer loop
      vertex 42.9219 44.1108 73.9422
      vertex 42.9301 44.0278 86
      vertex 42.9301 44.0278 73.8755
    endloop
  endfacet
  facet normal 0.352701 0.935736 -0
    outer loop
      vertex 43.7843 42.9868 73.7092
      vertex 43.7063 43.0162 86
      vertex 43.7843 42.9868 86
    endloop
  endfacet
  facet normal 0.352701 0.935736 0
    outer loop
      vertex 43.7063 43.0162 86
      vertex 43.7843 42.9868 73.7092
      vertex 43.7063 43.0162 73.6658
    endloop
  endfacet
  facet normal -0.81276 0.582598 0
    outer loop
      vertex -43.1826 43.418 86
      vertex -43.134 43.4858 73.5744
      vertex -43.1826 43.418 73.5572
    endloop
  endfacet
  facet normal -0.81276 0.582598 0
    outer loop
      vertex -43.134 43.4858 73.5744
      vertex -43.1826 43.418 86
      vertex -43.134 43.4858 86
    endloop
  endfacet
  facet normal 0.773209 -0.634151 0
    outer loop
      vertex -45.2057 44.9703 86
      vertex -45.1528 45.0348 76.7531
      vertex -45.1528 45.0348 86
    endloop
  endfacet
  facet normal 0.773209 -0.634151 0
    outer loop
      vertex -45.1528 45.0348 76.7531
      vertex -45.2057 44.9703 86
      vertex -45.2057 44.9703 76.7428
    endloop
  endfacet
  facet normal 0.7295 -0.683981 0
    outer loop
      vertex -45.1528 45.0348 86
      vertex -45.0957 45.0957 76.7565
      vertex -45.0957 45.0957 86
    endloop
  endfacet
  facet normal 0.7295 -0.683981 0
    outer loop
      vertex -45.0957 45.0957 76.7565
      vertex -45.1528 45.0348 86
      vertex -45.1528 45.0348 76.7531
    endloop
  endfacet
  facet normal -0.582598 0.81276 0
    outer loop
      vertex -43.418 43.1826 86
      vertex -43.4858 43.134 73.5744
      vertex -43.4858 43.134 86
    endloop
  endfacet
  facet normal -0.582598 0.81276 0
    outer loop
      vertex -43.4858 43.134 73.5744
      vertex -43.418 43.1826 86
      vertex -43.418 43.1826 73.5572
    endloop
  endfacet
  facet normal -0.634151 -0.773209 0
    outer loop
      vertex -43.418 45.2057 75.3597
      vertex -43.3535 45.1528 86
      vertex -43.418 45.2057 86
    endloop
  endfacet
  facet normal -0.634151 -0.773209 -0
    outer loop
      vertex -43.3535 45.1528 86
      vertex -43.418 45.2057 75.3597
      vertex -43.3535 45.1528 75.2551
    endloop
  endfacet
  facet normal 0.0335542 -0.999437 0
    outer loop
      vertex -44.2776 45.4664 76.3578
      vertex -44.1942 45.4692 86
      vertex -44.2776 45.4664 86
    endloop
  endfacet
  facet normal 0.0335542 -0.999437 0
    outer loop
      vertex -44.1942 45.4692 86
      vertex -44.2776 45.4664 76.3578
      vertex -44.1942 45.4692 76.286
    endloop
  endfacet
  facet normal 0.527841 0.849343 0
    outer loop
      vertex -44.8317 43.09 86
      vertex -44.9025 43.134 74.8366
      vertex -44.9025 43.134 86
    endloop
  endfacet
  facet normal 0.527841 0.849343 0
    outer loop
      vertex -44.9025 43.134 74.8366
      vertex -44.8317 43.09 86
      vertex -44.8317 43.09 74.7342
    endloop
  endfacet
  facet normal 0.81276 0.582598 0
    outer loop
      vertex -45.2057 43.418 86
      vertex -45.2543 43.4858 75.4634
      vertex -45.2543 43.4858 86
    endloop
  endfacet
  facet normal 0.81276 0.582598 0
    outer loop
      vertex -45.2543 43.4858 75.4634
      vertex -45.2057 43.418 86
      vertex -45.2057 43.418 75.3597
    endloop
  endfacet
  facet normal -0.162845 0.986652 0
    outer loop
      vertex -43.9454 42.9437 86
      vertex -44.0278 42.9301 73.8755
      vertex -44.0278 42.9301 86
    endloop
  endfacet
  facet normal -0.162845 0.986652 0
    outer loop
      vertex -44.0278 42.9301 73.8755
      vertex -43.9454 42.9437 86
      vertex -43.9454 42.9437 73.8142
    endloop
  endfacet
  facet normal 0.0971289 -0.995272 0
    outer loop
      vertex -44.3606 45.4583 76.4245
      vertex -44.2776 45.4664 86
      vertex -44.3606 45.4583 86
    endloop
  endfacet
  facet normal 0.0971289 -0.995272 0
    outer loop
      vertex -44.2776 45.4664 86
      vertex -44.3606 45.4583 76.4245
      vertex -44.2776 45.4664 76.3578
    endloop
  endfacet
  facet normal -0.772621 -0.634867 -0
    outer loop
      vertex -43.1826 44.9703 86
      vertex -43.2356 45.0348 75.0449
      vertex -43.1826 44.9703 74.9403
    endloop
  endfacet
  facet normal -0.772621 -0.634867 0
    outer loop
      vertex -43.2356 45.0348 75.0449
      vertex -43.1826 44.9703 86
      vertex -43.2356 45.0348 86
    endloop
  endfacet
  facet normal -0.995155 -0.0983165 -0
    outer loop
      vertex -42.9219 44.2776 86
      vertex -42.9301 44.3606 74.172
      vertex -42.9219 44.2776 74.0908
    endloop
  endfacet
  facet normal -0.995155 -0.0983165 0
    outer loop
      vertex -42.9301 44.3606 74.172
      vertex -42.9219 44.2776 86
      vertex -42.9301 44.3606 86
    endloop
  endfacet
  facet normal -0.935885 -0.352305 -0
    outer loop
      vertex -42.9868 44.604 86
      vertex -43.0162 44.6821 74.5352
      vertex -42.9868 44.604 74.4395
    endloop
  endfacet
  facet normal -0.935885 -0.352305 0
    outer loop
      vertex -43.0162 44.6821 74.5352
      vertex -42.9868 44.604 86
      vertex -43.0162 44.6821 86
    endloop
  endfacet
  facet normal -0.849677 0.527303 0
    outer loop
      vertex -43.134 43.4858 86
      vertex -43.09 43.5567 73.5982
      vertex -43.134 43.4858 73.5744
    endloop
  endfacet
  facet normal -0.849677 0.527303 0
    outer loop
      vertex -43.09 43.5567 73.5982
      vertex -43.134 43.4858 86
      vertex -43.09 43.5567 86
    endloop
  endfacet
  facet normal 0.634151 -0.773209 0
    outer loop
      vertex -45.0348 45.1528 76.7531
      vertex -44.9703 45.2057 86
      vertex -45.0348 45.1528 86
    endloop
  endfacet
  facet normal 0.634151 -0.773209 0
    outer loop
      vertex -44.9703 45.2057 86
      vertex -45.0348 45.1528 76.7531
      vertex -44.9703 45.2057 76.7428
    endloop
  endfacet
  facet normal 0.471024 -0.882121 0
    outer loop
      vertex -44.8317 45.2984 76.7018
      vertex -44.7581 45.3377 86
      vertex -44.8317 45.2984 86
    endloop
  endfacet
  facet normal 0.471024 -0.882121 0
    outer loop
      vertex -44.7581 45.3377 86
      vertex -44.8317 45.2984 76.7018
      vertex -44.7581 45.3377 76.6712
    endloop
  endfacet
  facet normal 0.634867 0.772621 0
    outer loop
      vertex -44.9703 43.1826 86
      vertex -45.0348 43.2356 75.0449
      vertex -45.0348 43.2356 86
    endloop
  endfacet
  facet normal 0.634867 0.772621 0
    outer loop
      vertex -45.0348 43.2356 75.0449
      vertex -44.9703 43.1826 86
      vertex -44.9703 43.1826 74.9403
    endloop
  endfacet
  facet normal -0.471024 0.882121 0
    outer loop
      vertex -43.5567 43.09 86
      vertex -43.6303 43.0507 73.6288
      vertex -43.6303 43.0507 86
    endloop
  endfacet
  facet normal -0.471024 0.882121 0
    outer loop
      vertex -43.6303 43.0507 73.6288
      vertex -43.5567 43.09 86
      vertex -43.5567 43.09 73.5982
    endloop
  endfacet
  facet normal 0.683981 -0.7295 0
    outer loop
      vertex -45.0957 45.0957 76.7565
      vertex -45.0348 45.1528 86
      vertex -45.0957 45.0957 86
    endloop
  endfacet
  facet normal 0.683981 -0.7295 0
    outer loop
      vertex -45.0348 45.1528 86
      vertex -45.0957 45.0957 76.7565
      vertex -45.0348 45.1528 76.7531
    endloop
  endfacet
  facet normal 0.471024 0.882121 0
    outer loop
      vertex -44.7581 43.0507 86
      vertex -44.8317 43.09 74.7342
      vertex -44.8317 43.09 86
    endloop
  endfacet
  facet normal 0.471024 0.882121 0
    outer loop
      vertex -44.8317 43.09 74.7342
      vertex -44.7581 43.0507 86
      vertex -44.7581 43.0507 74.6336
    endloop
  endfacet
  facet normal -0.986652 0.162845 0
    outer loop
      vertex -42.9437 43.9454 86
      vertex -42.9301 44.0278 73.8755
      vertex -42.9437 43.9454 73.8142
    endloop
  endfacet
  facet normal -0.986652 0.162845 0
    outer loop
      vertex -42.9301 44.0278 73.8755
      vertex -42.9437 43.9454 86
      vertex -42.9301 44.0278 86
    endloop
  endfacet
  facet normal 0.683343 0.730098 0
    outer loop
      vertex -45.0348 43.2356 86
      vertex -45.0957 43.2926 75.15
      vertex -45.0957 43.2926 86
    endloop
  endfacet
  facet normal 0.683343 0.730098 0
    outer loop
      vertex -45.0957 43.2926 75.15
      vertex -45.0348 43.2356 86
      vertex -45.0348 43.2356 75.0449
    endloop
  endfacet
  facet normal -0.226699 0.973965 0
    outer loop
      vertex -43.8642 42.9626 86
      vertex -43.9454 42.9437 73.8142
      vertex -43.9454 42.9437 86
    endloop
  endfacet
  facet normal -0.226699 0.973965 0
    outer loop
      vertex -43.9454 42.9437 73.8142
      vertex -43.8642 42.9626 86
      vertex -43.8642 42.9626 73.7587
    endloop
  endfacet
  facet normal 0.995272 0.0971289 0
    outer loop
      vertex -45.4583 44.0278 86
      vertex -45.4664 44.1108 76.2092
      vertex -45.4664 44.1108 86
    endloop
  endfacet
  facet normal 0.995272 0.0971289 0
    outer loop
      vertex -45.4664 44.1108 76.2092
      vertex -45.4583 44.0278 86
      vertex -45.4583 44.0278 76.128
    endloop
  endfacet
  facet normal 0.290207 0.956964 0
    outer loop
      vertex -44.5242 42.9626 86
      vertex -44.604 42.9868 74.4395
      vertex -44.604 42.9868 86
    endloop
  endfacet
  facet normal 0.290207 0.956964 0
    outer loop
      vertex -44.604 42.9868 74.4395
      vertex -44.5242 42.9626 86
      vertex -44.5242 42.9626 74.3467
    endloop
  endfacet
  facet normal 0.163038 0.98662 0
    outer loop
      vertex -44.3606 42.9301 86
      vertex -44.4429 42.9437 74.2575
      vertex -44.4429 42.9437 86
    endloop
  endfacet
  facet normal 0.163038 0.98662 0
    outer loop
      vertex -44.4429 42.9437 74.2575
      vertex -44.3606 42.9301 86
      vertex -44.3606 42.9301 74.172
    endloop
  endfacet
  facet normal -0.413352 0.910572 0
    outer loop
      vertex -43.6303 43.0507 86
      vertex -43.7063 43.0162 73.6658
      vertex -43.7063 43.0162 86
    endloop
  endfacet
  facet normal -0.413352 0.910572 0
    outer loop
      vertex -43.7063 43.0162 73.6658
      vertex -43.6303 43.0507 86
      vertex -43.6303 43.0507 73.6288
    endloop
  endfacet
  facet normal -0.0971289 -0.995272 0
    outer loop
      vertex -44.1108 45.4664 76.2092
      vertex -44.0278 45.4583 86
      vertex -44.1108 45.4664 86
    endloop
  endfacet
  facet normal -0.0971289 -0.995272 -0
    outer loop
      vertex -44.0278 45.4583 86
      vertex -44.1108 45.4664 76.2092
      vertex -44.0278 45.4583 76.128
    endloop
  endfacet
  facet normal -0.974026 -0.226434 -0
    outer loop
      vertex -42.9437 44.4429 86
      vertex -42.9626 44.5242 74.3467
      vertex -42.9437 44.4429 74.2575
    endloop
  endfacet
  facet normal -0.974026 -0.226434 0
    outer loop
      vertex -42.9626 44.5242 74.3467
      vertex -42.9437 44.4429 86
      vertex -42.9626 44.5242 86
    endloop
  endfacet
  facet normal -0.289874 -0.957065 0
    outer loop
      vertex -43.8642 45.4257 75.9532
      vertex -43.7843 45.4015 86
      vertex -43.8642 45.4257 86
    endloop
  endfacet
  facet normal -0.289874 -0.957065 -0
    outer loop
      vertex -43.7843 45.4015 86
      vertex -43.8642 45.4257 75.9532
      vertex -43.7843 45.4015 75.8605
    endloop
  endfacet
  facet normal 0.290207 -0.956964 0
    outer loop
      vertex -44.604 45.4015 76.5908
      vertex -44.5242 45.4257 86
      vertex -44.604 45.4015 86
    endloop
  endfacet
  facet normal 0.290207 -0.956964 0
    outer loop
      vertex -44.5242 45.4257 86
      vertex -44.604 45.4015 76.5908
      vertex -44.5242 45.4257 76.5413
    endloop
  endfacet
  facet normal -0.352701 -0.935736 0
    outer loop
      vertex -43.7843 45.4015 75.8605
      vertex -43.7063 45.3721 86
      vertex -43.7843 45.4015 86
    endloop
  endfacet
  facet normal -0.352701 -0.935736 -0
    outer loop
      vertex -43.7063 45.3721 86
      vertex -43.7843 45.4015 75.8605
      vertex -43.7063 45.3721 75.7648
    endloop
  endfacet
  facet normal -0.999476 0.0323571 0
    outer loop
      vertex -42.9219 44.1108 86
      vertex -42.9192 44.1942 74.014
      vertex -42.9219 44.1108 73.9422
    endloop
  endfacet
  facet normal -0.999476 0.0323571 0
    outer loop
      vertex -42.9192 44.1942 74.014
      vertex -42.9219 44.1108 86
      vertex -42.9192 44.1942 86
    endloop
  endfacet
  facet normal -0.730098 -0.683343 -0
    outer loop
      vertex -43.2356 45.0348 86
      vertex -43.2926 45.0957 75.15
      vertex -43.2356 45.0348 75.0449
    endloop
  endfacet
  facet normal -0.730098 -0.683343 0
    outer loop
      vertex -43.2926 45.0957 75.15
      vertex -43.2356 45.0348 86
      vertex -43.2926 45.0957 86
    endloop
  endfacet
  facet normal 0.911022 0.412357 0
    outer loop
      vertex -45.3377 43.6303 86
      vertex -45.3721 43.7063 75.7648
      vertex -45.3721 43.7063 86
    endloop
  endfacet
  facet normal 0.911022 0.412357 0
    outer loop
      vertex -45.3721 43.7063 75.7648
      vertex -45.3377 43.6303 86
      vertex -45.3377 43.6303 75.6664
    endloop
  endfacet
  facet normal 0.911022 -0.412357 0
    outer loop
      vertex -45.3721 44.6821 86
      vertex -45.3377 44.7581 76.6712
      vertex -45.3377 44.7581 86
    endloop
  endfacet
  facet normal 0.911022 -0.412357 0
    outer loop
      vertex -45.3377 44.7581 76.6712
      vertex -45.3721 44.6821 86
      vertex -45.3721 44.6821 76.6342
    endloop
  endfacet
  facet normal -0.81276 -0.582598 -0
    outer loop
      vertex -43.134 44.9025 86
      vertex -43.1826 44.9703 74.9403
      vertex -43.134 44.9025 74.8366
    endloop
  endfacet
  facet normal -0.81276 -0.582598 0
    outer loop
      vertex -43.1826 44.9703 74.9403
      vertex -43.134 44.9025 86
      vertex -43.1826 44.9703 86
    endloop
  endfacet
  facet normal 0.999437 0.0335542 0
    outer loop
      vertex -45.4664 44.1108 86
      vertex -45.4692 44.1942 76.286
      vertex -45.4692 44.1942 86
    endloop
  endfacet
  facet normal 0.999437 0.0335542 0
    outer loop
      vertex -45.4692 44.1942 76.286
      vertex -45.4664 44.1108 86
      vertex -45.4664 44.1108 76.2092
    endloop
  endfacet
  facet normal 0.582598 0.81276 0
    outer loop
      vertex -44.9025 43.134 86
      vertex -44.9703 43.1826 74.9403
      vertex -44.9703 43.1826 86
    endloop
  endfacet
  facet normal 0.582598 0.81276 0
    outer loop
      vertex -44.9703 43.1826 74.9403
      vertex -44.9025 43.134 86
      vertex -44.9025 43.134 74.8366
    endloop
  endfacet
  facet normal -0.882121 -0.471024 -0
    outer loop
      vertex -43.0507 44.7581 86
      vertex -43.09 44.8317 74.7342
      vertex -43.0507 44.7581 74.6336
    endloop
  endfacet
  facet normal -0.882121 -0.471024 0
    outer loop
      vertex -43.09 44.8317 74.7342
      vertex -43.0507 44.7581 86
      vertex -43.09 44.8317 86
    endloop
  endfacet
  facet normal 0.935885 -0.352305 0
    outer loop
      vertex -45.4015 44.604 86
      vertex -45.3721 44.6821 76.6342
      vertex -45.3721 44.6821 86
    endloop
  endfacet
  facet normal 0.935885 -0.352305 0
    outer loop
      vertex -45.3721 44.6821 76.6342
      vertex -45.4015 44.604 86
      vertex -45.4015 44.604 76.5908
    endloop
  endfacet
  facet normal 0.973762 -0.22757 0
    outer loop
      vertex -45.4447 44.4429 86
      vertex -45.4257 44.5242 76.5413
      vertex -45.4257 44.5242 86
    endloop
  endfacet
  facet normal 0.973762 -0.22757 0
    outer loop
      vertex -45.4257 44.5242 76.5413
      vertex -45.4447 44.4429 86
      vertex -45.4447 44.4429 76.4858
    endloop
  endfacet
  facet normal -0.772621 0.634867 0
    outer loop
      vertex -43.2356 43.3535 86
      vertex -43.1826 43.418 73.5572
      vertex -43.2356 43.3535 73.5469
    endloop
  endfacet
  facet normal -0.772621 0.634867 0
    outer loop
      vertex -43.1826 43.418 73.5572
      vertex -43.2356 43.3535 86
      vertex -43.1826 43.418 86
    endloop
  endfacet
  facet normal 0.986652 0.162845 0
    outer loop
      vertex -45.4447 43.9454 86
      vertex -45.4583 44.0278 76.128
      vertex -45.4583 44.0278 86
    endloop
  endfacet
  facet normal 0.986652 0.162845 0
    outer loop
      vertex -45.4583 44.0278 76.128
      vertex -45.4447 43.9454 86
      vertex -45.4447 43.9454 76.0425
    endloop
  endfacet
  facet normal 0.935736 0.352701 0
    outer loop
      vertex -45.3721 43.7063 86
      vertex -45.4015 43.7843 75.8605
      vertex -45.4015 43.7843 86
    endloop
  endfacet
  facet normal 0.935736 0.352701 0
    outer loop
      vertex -45.4015 43.7843 75.8605
      vertex -45.3721 43.7063 86
      vertex -45.3721 43.7063 75.7648
    endloop
  endfacet
  facet normal 0.882121 -0.471024 0
    outer loop
      vertex -45.3377 44.7581 86
      vertex -45.2984 44.8317 76.7018
      vertex -45.2984 44.8317 86
    endloop
  endfacet
  facet normal 0.882121 -0.471024 0
    outer loop
      vertex -45.2984 44.8317 76.7018
      vertex -45.3377 44.7581 86
      vertex -45.3377 44.7581 76.6712
    endloop
  endfacet
  facet normal 0.956964 -0.290207 0
    outer loop
      vertex -45.4257 44.5242 86
      vertex -45.4015 44.604 76.5908
      vertex -45.4015 44.604 86
    endloop
  endfacet
  facet normal 0.956964 -0.290207 0
    outer loop
      vertex -45.4015 44.604 76.5908
      vertex -45.4257 44.5242 86
      vertex -45.4257 44.5242 76.5413
    endloop
  endfacet
  facet normal 0.226434 0.974026 0
    outer loop
      vertex -44.4429 42.9437 86
      vertex -44.5242 42.9626 74.3467
      vertex -44.5242 42.9626 86
    endloop
  endfacet
  facet normal 0.226434 0.974026 0
    outer loop
      vertex -44.5242 42.9626 74.3467
      vertex -44.4429 42.9437 86
      vertex -44.4429 42.9437 74.2575
    endloop
  endfacet
  facet normal 0.995272 -0.0971289 0
    outer loop
      vertex -45.4664 44.2776 86
      vertex -45.4583 44.3606 76.4245
      vertex -45.4583 44.3606 86
    endloop
  endfacet
  facet normal 0.995272 -0.0971289 0
    outer loop
      vertex -45.4583 44.3606 76.4245
      vertex -45.4664 44.2776 86
      vertex -45.4664 44.2776 76.3578
    endloop
  endfacet
  facet normal 0.352305 -0.935885 0
    outer loop
      vertex -44.6821 45.3721 76.6342
      vertex -44.604 45.4015 86
      vertex -44.6821 45.3721 86
    endloop
  endfacet
  facet normal 0.352305 -0.935885 0
    outer loop
      vertex -44.604 45.4015 86
      vertex -44.6821 45.3721 76.6342
      vertex -44.604 45.4015 76.5908
    endloop
  endfacet
  facet normal 0.413352 0.910572 0
    outer loop
      vertex -44.6821 43.0162 86
      vertex -44.7581 43.0507 74.6336
      vertex -44.7581 43.0507 86
    endloop
  endfacet
  facet normal 0.413352 0.910572 0
    outer loop
      vertex -44.7581 43.0507 74.6336
      vertex -44.6821 43.0162 86
      vertex -44.6821 43.0162 74.5352
    endloop
  endfacet
  facet normal -0.910572 0.413352 0
    outer loop
      vertex -43.0507 43.6303 86
      vertex -43.0162 43.7063 73.6658
      vertex -43.0507 43.6303 73.6288
    endloop
  endfacet
  facet normal -0.910572 0.413352 0
    outer loop
      vertex -43.0162 43.7063 73.6658
      vertex -43.0507 43.6303 86
      vertex -43.0162 43.7063 86
    endloop
  endfacet
  facet normal -0.973965 0.226699 0
    outer loop
      vertex -42.9626 43.8642 86
      vertex -42.9437 43.9454 73.8142
      vertex -42.9626 43.8642 73.7587
    endloop
  endfacet
  facet normal -0.973965 0.226699 0
    outer loop
      vertex -42.9437 43.9454 73.8142
      vertex -42.9626 43.8642 86
      vertex -42.9437 43.9454 86
    endloop
  endfacet
  facet normal 0.0983165 0.995155 0
    outer loop
      vertex -44.2776 42.9219 86
      vertex -44.3606 42.9301 74.172
      vertex -44.3606 42.9301 86
    endloop
  endfacet
  facet normal 0.0983165 0.995155 0
    outer loop
      vertex -44.3606 42.9301 74.172
      vertex -44.2776 42.9219 86
      vertex -44.2776 42.9219 74.0908
    endloop
  endfacet
  facet normal -0.683343 0.730098 0
    outer loop
      vertex -43.2926 43.2926 86
      vertex -43.3535 43.2356 73.5469
      vertex -43.3535 43.2356 86
    endloop
  endfacet
  facet normal -0.683343 0.730098 0
    outer loop
      vertex -43.3535 43.2356 73.5469
      vertex -43.2926 43.2926 86
      vertex -43.2926 43.2926 73.5435
    endloop
  endfacet
  facet normal 0.412357 -0.911022 0
    outer loop
      vertex -44.7581 45.3377 76.6712
      vertex -44.6821 45.3721 86
      vertex -44.7581 45.3377 86
    endloop
  endfacet
  facet normal 0.412357 -0.911022 0
    outer loop
      vertex -44.6821 45.3721 86
      vertex -44.7581 45.3377 76.6712
      vertex -44.6821 45.3721 76.6342
    endloop
  endfacet
  facet normal 0.999437 -0.0335542 0
    outer loop
      vertex -45.4692 44.1942 86
      vertex -45.4664 44.2776 76.3578
      vertex -45.4664 44.2776 86
    endloop
  endfacet
  facet normal 0.999437 -0.0335542 0
    outer loop
      vertex -45.4664 44.2776 76.3578
      vertex -45.4692 44.1942 86
      vertex -45.4692 44.1942 76.286
    endloop
  endfacet
  facet normal 0.848806 -0.528705 0
    outer loop
      vertex -45.2984 44.8317 86
      vertex -45.2543 44.9025 76.7256
      vertex -45.2543 44.9025 86
    endloop
  endfacet
  facet normal 0.848806 -0.528705 0
    outer loop
      vertex -45.2543 44.9025 76.7256
      vertex -45.2984 44.8317 86
      vertex -45.2984 44.8317 76.7018
    endloop
  endfacet
  facet normal -0.683981 -0.7295 0
    outer loop
      vertex -43.3535 45.1528 75.2551
      vertex -43.2926 45.0957 86
      vertex -43.3535 45.1528 86
    endloop
  endfacet
  facet normal -0.683981 -0.7295 -0
    outer loop
      vertex -43.2926 45.0957 86
      vertex -43.3535 45.1528 75.2551
      vertex -43.2926 45.0957 75.15
    endloop
  endfacet
  facet normal -0.527303 0.849677 0
    outer loop
      vertex -43.4858 43.134 86
      vertex -43.5567 43.09 73.5982
      vertex -43.5567 43.09 86
    endloop
  endfacet
  facet normal -0.527303 0.849677 0
    outer loop
      vertex -43.5567 43.09 73.5982
      vertex -43.4858 43.134 86
      vertex -43.4858 43.134 73.5744
    endloop
  endfacet
  facet normal 0.882121 0.471024 0
    outer loop
      vertex -45.2984 43.5567 86
      vertex -45.3377 43.6303 75.6664
      vertex -45.3377 43.6303 86
    endloop
  endfacet
  facet normal 0.882121 0.471024 0
    outer loop
      vertex -45.3377 43.6303 75.6664
      vertex -45.2984 43.5567 86
      vertex -45.2984 43.5567 75.5658
    endloop
  endfacet
  facet normal -0.162845 -0.986652 0
    outer loop
      vertex -44.0278 45.4583 76.128
      vertex -43.9454 45.4447 86
      vertex -44.0278 45.4583 86
    endloop
  endfacet
  facet normal -0.162845 -0.986652 -0
    outer loop
      vertex -43.9454 45.4447 86
      vertex -44.0278 45.4583 76.128
      vertex -43.9454 45.4447 76.0425
    endloop
  endfacet
  facet normal 0.98662 -0.163038 0
    outer loop
      vertex -45.4583 44.3606 86
      vertex -45.4447 44.4429 76.4858
      vertex -45.4447 44.4429 86
    endloop
  endfacet
  facet normal 0.98662 -0.163038 0
    outer loop
      vertex -45.4447 44.4429 76.4858
      vertex -45.4583 44.3606 86
      vertex -45.4583 44.3606 76.4245
    endloop
  endfacet
  facet normal 0.973699 0.227836 0
    outer loop
      vertex -45.4257 43.8642 86
      vertex -45.4447 43.9454 76.0425
      vertex -45.4447 43.9454 86
    endloop
  endfacet
  facet normal 0.973699 0.227836 0
    outer loop
      vertex -45.4447 43.9454 76.0425
      vertex -45.4257 43.8642 86
      vertex -45.4257 43.8642 75.9532
    endloop
  endfacet
  facet normal -0.412357 -0.911022 0
    outer loop
      vertex -43.7063 45.3721 75.7648
      vertex -43.6303 45.3377 86
      vertex -43.7063 45.3721 86
    endloop
  endfacet
  facet normal -0.412357 -0.911022 -0
    outer loop
      vertex -43.6303 45.3377 86
      vertex -43.7063 45.3721 75.7648
      vertex -43.6303 45.3377 75.6664
    endloop
  endfacet
  facet normal -0.0335542 -0.999437 0
    outer loop
      vertex -44.1942 45.4692 76.286
      vertex -44.1108 45.4664 86
      vertex -44.1942 45.4692 86
    endloop
  endfacet
  facet normal -0.0335542 -0.999437 -0
    outer loop
      vertex -44.1108 45.4664 86
      vertex -44.1942 45.4692 76.286
      vertex -44.1108 45.4664 76.2092
    endloop
  endfacet
  facet normal -0.352701 0.935736 0
    outer loop
      vertex -43.7063 43.0162 86
      vertex -43.7843 42.9868 73.7092
      vertex -43.7843 42.9868 86
    endloop
  endfacet
  facet normal -0.352701 0.935736 0
    outer loop
      vertex -43.7843 42.9868 73.7092
      vertex -43.7063 43.0162 86
      vertex -43.7063 43.0162 73.6658
    endloop
  endfacet
  facet normal 0.0323571 0.999476 0
    outer loop
      vertex -44.1942 42.9192 86
      vertex -44.2776 42.9219 74.0908
      vertex -44.2776 42.9219 86
    endloop
  endfacet
  facet normal 0.0323571 0.999476 0
    outer loop
      vertex -44.2776 42.9219 74.0908
      vertex -44.1942 42.9192 86
      vertex -44.1942 42.9192 74.014
    endloop
  endfacet
  facet normal -0.471024 -0.882121 0
    outer loop
      vertex -43.6303 45.3377 75.6664
      vertex -43.5567 45.2984 86
      vertex -43.6303 45.3377 86
    endloop
  endfacet
  facet normal -0.471024 -0.882121 -0
    outer loop
      vertex -43.5567 45.2984 86
      vertex -43.6303 45.3377 75.6664
      vertex -43.5567 45.2984 75.5658
    endloop
  endfacet
  facet normal 0.773209 0.634151 0
    outer loop
      vertex -45.1528 43.3535 86
      vertex -45.2057 43.418 75.3597
      vertex -45.2057 43.418 86
    endloop
  endfacet
  facet normal 0.773209 0.634151 0
    outer loop
      vertex -45.2057 43.418 75.3597
      vertex -45.1528 43.3535 86
      vertex -45.1528 43.3535 75.2551
    endloop
  endfacet
  facet normal -0.999476 -0.0323571 -0
    outer loop
      vertex -42.9192 44.1942 86
      vertex -42.9219 44.2776 74.0908
      vertex -42.9192 44.1942 74.014
    endloop
  endfacet
  facet normal -0.999476 -0.0323571 0
    outer loop
      vertex -42.9219 44.2776 74.0908
      vertex -42.9192 44.1942 86
      vertex -42.9219 44.2776 86
    endloop
  endfacet
  facet normal -0.0983165 0.995155 0
    outer loop
      vertex -44.0278 42.9301 86
      vertex -44.1108 42.9219 73.9422
      vertex -44.1108 42.9219 86
    endloop
  endfacet
  facet normal -0.0983165 0.995155 0
    outer loop
      vertex -44.1108 42.9219 73.9422
      vertex -44.0278 42.9301 86
      vertex -44.0278 42.9301 73.8755
    endloop
  endfacet
  facet normal -0.882121 0.471024 0
    outer loop
      vertex -43.09 43.5567 86
      vertex -43.0507 43.6303 73.6288
      vertex -43.09 43.5567 73.5982
    endloop
  endfacet
  facet normal -0.882121 0.471024 0
    outer loop
      vertex -43.0507 43.6303 73.6288
      vertex -43.09 43.5567 86
      vertex -43.0507 43.6303 86
    endloop
  endfacet
  facet normal 0.957065 0.289874 0
    outer loop
      vertex -45.4015 43.7843 86
      vertex -45.4257 43.8642 75.9532
      vertex -45.4257 43.8642 86
    endloop
  endfacet
  facet normal 0.957065 0.289874 0
    outer loop
      vertex -45.4257 43.8642 75.9532
      vertex -45.4015 43.7843 86
      vertex -45.4015 43.7843 75.8605
    endloop
  endfacet
  facet normal 0.81276 -0.582598 0
    outer loop
      vertex -45.2543 44.9025 86
      vertex -45.2057 44.9703 76.7428
      vertex -45.2057 44.9703 86
    endloop
  endfacet
  facet normal 0.81276 -0.582598 0
    outer loop
      vertex -45.2057 44.9703 76.7428
      vertex -45.2543 44.9025 86
      vertex -45.2543 44.9025 76.7256
    endloop
  endfacet
  facet normal 0.528705 -0.848806 0
    outer loop
      vertex -44.9025 45.2543 76.7256
      vertex -44.8317 45.2984 86
      vertex -44.9025 45.2543 86
    endloop
  endfacet
  facet normal 0.528705 -0.848806 0
    outer loop
      vertex -44.8317 45.2984 86
      vertex -44.9025 45.2543 76.7256
      vertex -44.8317 45.2984 76.7018
    endloop
  endfacet
  facet normal -0.98662 -0.163038 -0
    outer loop
      vertex -42.9301 44.3606 86
      vertex -42.9437 44.4429 74.2575
      vertex -42.9301 44.3606 74.172
    endloop
  endfacet
  facet normal -0.98662 -0.163038 0
    outer loop
      vertex -42.9437 44.4429 74.2575
      vertex -42.9301 44.3606 86
      vertex -42.9437 44.4429 86
    endloop
  endfacet
  facet normal 0.7295 0.683981 0
    outer loop
      vertex -45.0957 43.2926 86
      vertex -45.1528 43.3535 75.2551
      vertex -45.1528 43.3535 86
    endloop
  endfacet
  facet normal 0.7295 0.683981 0
    outer loop
      vertex -45.1528 43.3535 75.2551
      vertex -45.0957 43.2926 86
      vertex -45.0957 43.2926 75.15
    endloop
  endfacet
  facet normal -0.730098 0.683343 0
    outer loop
      vertex -43.2926 43.2926 86
      vertex -43.2356 43.3535 73.5469
      vertex -43.2926 43.2926 73.5435
    endloop
  endfacet
  facet normal -0.730098 0.683343 0
    outer loop
      vertex -43.2356 43.3535 73.5469
      vertex -43.2926 43.2926 86
      vertex -43.2356 43.3535 86
    endloop
  endfacet
  facet normal 0.352305 0.935885 0
    outer loop
      vertex -44.604 42.9868 86
      vertex -44.6821 43.0162 74.5352
      vertex -44.6821 43.0162 86
    endloop
  endfacet
  facet normal 0.352305 0.935885 0
    outer loop
      vertex -44.6821 43.0162 74.5352
      vertex -44.604 42.9868 86
      vertex -44.604 42.9868 74.4395
    endloop
  endfacet
  facet normal -0.634867 0.772621 0
    outer loop
      vertex -43.3535 43.2356 86
      vertex -43.418 43.1826 73.5572
      vertex -43.418 43.1826 86
    endloop
  endfacet
  facet normal -0.634867 0.772621 0
    outer loop
      vertex -43.418 43.1826 73.5572
      vertex -43.3535 43.2356 86
      vertex -43.3535 43.2356 73.5469
    endloop
  endfacet
  facet normal -0.956964 -0.290207 -0
    outer loop
      vertex -42.9626 44.5242 86
      vertex -42.9868 44.604 74.4395
      vertex -42.9626 44.5242 74.3467
    endloop
  endfacet
  facet normal -0.956964 -0.290207 0
    outer loop
      vertex -42.9868 44.604 74.4395
      vertex -42.9626 44.5242 86
      vertex -42.9868 44.604 86
    endloop
  endfacet
  facet normal -0.995155 0.0983165 0
    outer loop
      vertex -42.9301 44.0278 86
      vertex -42.9219 44.1108 73.9422
      vertex -42.9301 44.0278 73.8755
    endloop
  endfacet
  facet normal -0.995155 0.0983165 0
    outer loop
      vertex -42.9219 44.1108 73.9422
      vertex -42.9301 44.0278 86
      vertex -42.9219 44.1108 86
    endloop
  endfacet
  facet normal 0.22757 -0.973762 0
    outer loop
      vertex -44.5242 45.4257 76.5413
      vertex -44.4429 45.4447 86
      vertex -44.5242 45.4257 86
    endloop
  endfacet
  facet normal 0.22757 -0.973762 0
    outer loop
      vertex -44.4429 45.4447 86
      vertex -44.5242 45.4257 76.5413
      vertex -44.4429 45.4447 76.4858
    endloop
  endfacet
  facet normal -0.849343 -0.527841 -0
    outer loop
      vertex -43.09 44.8317 86
      vertex -43.134 44.9025 74.8366
      vertex -43.09 44.8317 74.7342
    endloop
  endfacet
  facet normal -0.849343 -0.527841 0
    outer loop
      vertex -43.134 44.9025 74.8366
      vertex -43.09 44.8317 86
      vertex -43.134 44.9025 86
    endloop
  endfacet
  facet normal 0.582598 -0.81276 0
    outer loop
      vertex -44.9703 45.2057 76.7428
      vertex -44.9025 45.2543 86
      vertex -44.9703 45.2057 86
    endloop
  endfacet
  facet normal 0.582598 -0.81276 0
    outer loop
      vertex -44.9025 45.2543 86
      vertex -44.9703 45.2057 76.7428
      vertex -44.9025 45.2543 76.7256
    endloop
  endfacet
  facet normal -0.289874 0.957065 0
    outer loop
      vertex -43.7843 42.9868 86
      vertex -43.8642 42.9626 73.7587
      vertex -43.8642 42.9626 86
    endloop
  endfacet
  facet normal -0.289874 0.957065 0
    outer loop
      vertex -43.8642 42.9626 73.7587
      vertex -43.7843 42.9868 86
      vertex -43.7843 42.9868 73.7092
    endloop
  endfacet
  facet normal -0.957065 0.289874 0
    outer loop
      vertex -42.9868 43.7843 86
      vertex -42.9626 43.8642 73.7587
      vertex -42.9868 43.7843 73.7092
    endloop
  endfacet
  facet normal -0.957065 0.289874 0
    outer loop
      vertex -42.9626 43.8642 73.7587
      vertex -42.9868 43.7843 86
      vertex -42.9626 43.8642 86
    endloop
  endfacet
  facet normal -0.910572 -0.413352 -0
    outer loop
      vertex -43.0162 44.6821 86
      vertex -43.0507 44.7581 74.6336
      vertex -43.0162 44.6821 74.5352
    endloop
  endfacet
  facet normal -0.910572 -0.413352 0
    outer loop
      vertex -43.0507 44.7581 74.6336
      vertex -43.0162 44.6821 86
      vertex -43.0507 44.7581 86
    endloop
  endfacet
  facet normal -0.0323571 0.999476 0
    outer loop
      vertex -44.1108 42.9219 86
      vertex -44.1942 42.9192 74.014
      vertex -44.1942 42.9192 86
    endloop
  endfacet
  facet normal -0.0323571 0.999476 0
    outer loop
      vertex -44.1942 42.9192 74.014
      vertex -44.1108 42.9219 86
      vertex -44.1108 42.9219 73.9422
    endloop
  endfacet
  facet normal 0.163038 -0.98662 0
    outer loop
      vertex -44.4429 45.4447 76.4858
      vertex -44.3606 45.4583 86
      vertex -44.4429 45.4447 86
    endloop
  endfacet
  facet normal 0.163038 -0.98662 0
    outer loop
      vertex -44.3606 45.4583 86
      vertex -44.4429 45.4447 76.4858
      vertex -44.3606 45.4583 76.4245
    endloop
  endfacet
  facet normal -0.227836 -0.973699 0
    outer loop
      vertex -43.9454 45.4447 76.0425
      vertex -43.8642 45.4257 86
      vertex -43.9454 45.4447 86
    endloop
  endfacet
  facet normal -0.227836 -0.973699 -0
    outer loop
      vertex -43.8642 45.4257 86
      vertex -43.9454 45.4447 76.0425
      vertex -43.8642 45.4257 75.9532
    endloop
  endfacet
  facet normal -0.528168 -0.84914 0
    outer loop
      vertex -43.5567 45.2984 75.5658
      vertex -43.4858 45.2543 86
      vertex -43.5567 45.2984 86
    endloop
  endfacet
  facet normal -0.528168 -0.84914 -0
    outer loop
      vertex -43.4858 45.2543 86
      vertex -43.5567 45.2984 75.5658
      vertex -43.4858 45.2543 75.4634
    endloop
  endfacet
  facet normal -0.582598 -0.81276 0
    outer loop
      vertex -43.4858 45.2543 75.4634
      vertex -43.418 45.2057 86
      vertex -43.4858 45.2543 86
    endloop
  endfacet
  facet normal -0.582598 -0.81276 -0
    outer loop
      vertex -43.418 45.2057 86
      vertex -43.4858 45.2543 75.4634
      vertex -43.418 45.2057 75.3597
    endloop
  endfacet
  facet normal -0.935736 0.352701 0
    outer loop
      vertex -43.0162 43.7063 86
      vertex -42.9868 43.7843 73.7092
      vertex -43.0162 43.7063 73.6658
    endloop
  endfacet
  facet normal -0.935736 0.352701 0
    outer loop
      vertex -42.9868 43.7843 73.7092
      vertex -43.0162 43.7063 86
      vertex -42.9868 43.7843 86
    endloop
  endfacet
  facet normal 0.84914 0.528168 0
    outer loop
      vertex -45.2543 43.4858 86
      vertex -45.2984 43.5567 75.5658
      vertex -45.2984 43.5567 86
    endloop
  endfacet
  facet normal 0.84914 0.528168 0
    outer loop
      vertex -45.2984 43.5567 75.5658
      vertex -45.2543 43.4858 86
      vertex -45.2543 43.4858 75.4634
    endloop
  endfacet
  facet normal -0.957065 -0.289874 0
    outer loop
      vertex -42.9626 -43.8642 73.7587
      vertex -42.9868 -43.7843 86
      vertex -42.9868 -43.7843 73.7092
    endloop
  endfacet
  facet normal -0.957065 -0.289874 0
    outer loop
      vertex -42.9868 -43.7843 86
      vertex -42.9626 -43.8642 73.7587
      vertex -42.9626 -43.8642 86
    endloop
  endfacet
  facet normal 0.773209 -0.634151 0
    outer loop
      vertex -45.2057 -43.418 75.3597
      vertex -45.1528 -43.3535 86
      vertex -45.2057 -43.418 86
    endloop
  endfacet
  facet normal 0.773209 -0.634151 0
    outer loop
      vertex -45.1528 -43.3535 86
      vertex -45.2057 -43.418 75.3597
      vertex -45.1528 -43.3535 75.2551
    endloop
  endfacet
  facet normal 0.163038 0.98662 0
    outer loop
      vertex -44.3606 -45.4583 86
      vertex -44.4429 -45.4447 76.4858
      vertex -44.4429 -45.4447 86
    endloop
  endfacet
  facet normal 0.163038 0.98662 0
    outer loop
      vertex -44.4429 -45.4447 76.4858
      vertex -44.3606 -45.4583 86
      vertex -44.3606 -45.4583 76.4245
    endloop
  endfacet
  facet normal -0.849343 0.527841 0
    outer loop
      vertex -43.134 -44.9025 74.8366
      vertex -43.09 -44.8317 86
      vertex -43.09 -44.8317 74.7342
    endloop
  endfacet
  facet normal -0.849343 0.527841 0
    outer loop
      vertex -43.09 -44.8317 86
      vertex -43.134 -44.9025 74.8366
      vertex -43.134 -44.9025 86
    endloop
  endfacet
  facet normal -0.582598 0.81276 0
    outer loop
      vertex -43.418 -45.2057 86
      vertex -43.4858 -45.2543 75.4634
      vertex -43.4858 -45.2543 86
    endloop
  endfacet
  facet normal -0.582598 0.81276 0
    outer loop
      vertex -43.4858 -45.2543 75.4634
      vertex -43.418 -45.2057 86
      vertex -43.418 -45.2057 75.3597
    endloop
  endfacet
  facet normal -0.986652 -0.162845 0
    outer loop
      vertex -42.9301 -44.0278 73.8755
      vertex -42.9437 -43.9454 86
      vertex -42.9437 -43.9454 73.8142
    endloop
  endfacet
  facet normal -0.986652 -0.162845 0
    outer loop
      vertex -42.9437 -43.9454 86
      vertex -42.9301 -44.0278 73.8755
      vertex -42.9301 -44.0278 86
    endloop
  endfacet
  facet normal 0.683981 0.7295 0
    outer loop
      vertex -45.0348 -45.1528 86
      vertex -45.0957 -45.0957 76.7565
      vertex -45.0957 -45.0957 86
    endloop
  endfacet
  facet normal 0.683981 0.7295 0
    outer loop
      vertex -45.0957 -45.0957 76.7565
      vertex -45.0348 -45.1528 86
      vertex -45.0348 -45.1528 76.7531
    endloop
  endfacet
  facet normal 0.935885 0.352305 -0
    outer loop
      vertex -45.3721 -44.6821 76.6342
      vertex -45.4015 -44.604 86
      vertex -45.3721 -44.6821 86
    endloop
  endfacet
  facet normal 0.935885 0.352305 0
    outer loop
      vertex -45.4015 -44.604 86
      vertex -45.3721 -44.6821 76.6342
      vertex -45.4015 -44.604 76.5908
    endloop
  endfacet
  facet normal 0.995272 0.0971289 -0
    outer loop
      vertex -45.4583 -44.3606 76.4245
      vertex -45.4664 -44.2776 86
      vertex -45.4583 -44.3606 86
    endloop
  endfacet
  facet normal 0.995272 0.0971289 0
    outer loop
      vertex -45.4664 -44.2776 86
      vertex -45.4583 -44.3606 76.4245
      vertex -45.4664 -44.2776 76.3578
    endloop
  endfacet
  facet normal 0.634867 -0.772621 0
    outer loop
      vertex -45.0348 -43.2356 75.0449
      vertex -44.9703 -43.1826 86
      vertex -45.0348 -43.2356 86
    endloop
  endfacet
  facet normal 0.634867 -0.772621 0
    outer loop
      vertex -44.9703 -43.1826 86
      vertex -45.0348 -43.2356 75.0449
      vertex -44.9703 -43.1826 74.9403
    endloop
  endfacet
  facet normal 0.0983165 -0.995155 0
    outer loop
      vertex -44.3606 -42.9301 74.172
      vertex -44.2776 -42.9219 86
      vertex -44.3606 -42.9301 86
    endloop
  endfacet
  facet normal 0.0983165 -0.995155 0
    outer loop
      vertex -44.2776 -42.9219 86
      vertex -44.3606 -42.9301 74.172
      vertex -44.2776 -42.9219 74.0908
    endloop
  endfacet
  facet normal -0.973965 -0.226699 0
    outer loop
      vertex -42.9437 -43.9454 73.8142
      vertex -42.9626 -43.8642 86
      vertex -42.9626 -43.8642 73.7587
    endloop
  endfacet
  facet normal -0.973965 -0.226699 0
    outer loop
      vertex -42.9626 -43.8642 86
      vertex -42.9437 -43.9454 73.8142
      vertex -42.9437 -43.9454 86
    endloop
  endfacet
  facet normal 0.352305 -0.935885 0
    outer loop
      vertex -44.6821 -43.0162 74.5352
      vertex -44.604 -42.9868 86
      vertex -44.6821 -43.0162 86
    endloop
  endfacet
  facet normal 0.352305 -0.935885 0
    outer loop
      vertex -44.604 -42.9868 86
      vertex -44.6821 -43.0162 74.5352
      vertex -44.604 -42.9868 74.4395
    endloop
  endfacet
  facet normal -0.527303 -0.849677 0
    outer loop
      vertex -43.5567 -43.09 73.5982
      vertex -43.4858 -43.134 86
      vertex -43.5567 -43.09 86
    endloop
  endfacet
  facet normal -0.527303 -0.849677 -0
    outer loop
      vertex -43.4858 -43.134 86
      vertex -43.5567 -43.09 73.5982
      vertex -43.4858 -43.134 73.5744
    endloop
  endfacet
  facet normal -0.634867 -0.772621 0
    outer loop
      vertex -43.418 -43.1826 73.5572
      vertex -43.3535 -43.2356 86
      vertex -43.418 -43.1826 86
    endloop
  endfacet
  facet normal -0.634867 -0.772621 -0
    outer loop
      vertex -43.3535 -43.2356 86
      vertex -43.418 -43.1826 73.5572
      vertex -43.3535 -43.2356 73.5469
    endloop
  endfacet
  facet normal 0.911022 0.412357 -0
    outer loop
      vertex -45.3377 -44.7581 76.6712
      vertex -45.3721 -44.6821 86
      vertex -45.3377 -44.7581 86
    endloop
  endfacet
  facet normal 0.911022 0.412357 0
    outer loop
      vertex -45.3721 -44.6821 86
      vertex -45.3377 -44.7581 76.6712
      vertex -45.3721 -44.6821 76.6342
    endloop
  endfacet
  facet normal 0.773209 0.634151 -0
    outer loop
      vertex -45.1528 -45.0348 76.7531
      vertex -45.2057 -44.9703 86
      vertex -45.1528 -45.0348 86
    endloop
  endfacet
  facet normal 0.773209 0.634151 0
    outer loop
      vertex -45.2057 -44.9703 86
      vertex -45.1528 -45.0348 76.7531
      vertex -45.2057 -44.9703 76.7428
    endloop
  endfacet
  facet normal -0.772621 0.634867 0
    outer loop
      vertex -43.2356 -45.0348 75.0449
      vertex -43.1826 -44.9703 86
      vertex -43.1826 -44.9703 74.9403
    endloop
  endfacet
  facet normal -0.772621 0.634867 0
    outer loop
      vertex -43.1826 -44.9703 86
      vertex -43.2356 -45.0348 75.0449
      vertex -43.2356 -45.0348 86
    endloop
  endfacet
  facet normal -0.882121 -0.471024 0
    outer loop
      vertex -43.0507 -43.6303 73.6288
      vertex -43.09 -43.5567 86
      vertex -43.09 -43.5567 73.5982
    endloop
  endfacet
  facet normal -0.882121 -0.471024 0
    outer loop
      vertex -43.09 -43.5567 86
      vertex -43.0507 -43.6303 73.6288
      vertex -43.0507 -43.6303 86
    endloop
  endfacet
  facet normal 0.7295 0.683981 -0
    outer loop
      vertex -45.0957 -45.0957 76.7565
      vertex -45.1528 -45.0348 86
      vertex -45.0957 -45.0957 86
    endloop
  endfacet
  facet normal 0.7295 0.683981 0
    outer loop
      vertex -45.1528 -45.0348 86
      vertex -45.0957 -45.0957 76.7565
      vertex -45.1528 -45.0348 76.7531
    endloop
  endfacet
  facet normal -0.882121 0.471024 0
    outer loop
      vertex -43.09 -44.8317 74.7342
      vertex -43.0507 -44.7581 86
      vertex -43.0507 -44.7581 74.6336
    endloop
  endfacet
  facet normal -0.882121 0.471024 0
    outer loop
      vertex -43.0507 -44.7581 86
      vertex -43.09 -44.8317 74.7342
      vertex -43.09 -44.8317 86
    endloop
  endfacet
  facet normal -0.162845 -0.986652 0
    outer loop
      vertex -44.0278 -42.9301 73.8755
      vertex -43.9454 -42.9437 86
      vertex -44.0278 -42.9301 86
    endloop
  endfacet
  facet normal -0.162845 -0.986652 -0
    outer loop
      vertex -43.9454 -42.9437 86
      vertex -44.0278 -42.9301 73.8755
      vertex -43.9454 -42.9437 73.8142
    endloop
  endfacet
  facet normal -0.849677 -0.527303 0
    outer loop
      vertex -43.09 -43.5567 73.5982
      vertex -43.134 -43.4858 86
      vertex -43.134 -43.4858 73.5744
    endloop
  endfacet
  facet normal -0.849677 -0.527303 0
    outer loop
      vertex -43.134 -43.4858 86
      vertex -43.09 -43.5567 73.5982
      vertex -43.09 -43.5567 86
    endloop
  endfacet
  facet normal -0.730098 0.683343 0
    outer loop
      vertex -43.2926 -45.0957 75.15
      vertex -43.2356 -45.0348 86
      vertex -43.2356 -45.0348 75.0449
    endloop
  endfacet
  facet normal -0.730098 0.683343 0
    outer loop
      vertex -43.2356 -45.0348 86
      vertex -43.2926 -45.0957 75.15
      vertex -43.2926 -45.0957 86
    endloop
  endfacet
  facet normal -0.0323571 -0.999476 0
    outer loop
      vertex -44.1942 -42.9192 74.014
      vertex -44.1108 -42.9219 86
      vertex -44.1942 -42.9192 86
    endloop
  endfacet
  facet normal -0.0323571 -0.999476 -0
    outer loop
      vertex -44.1108 -42.9219 86
      vertex -44.1942 -42.9192 74.014
      vertex -44.1108 -42.9219 73.9422
    endloop
  endfacet
  facet normal -0.0971289 0.995272 0
    outer loop
      vertex -44.0278 -45.4583 86
      vertex -44.1108 -45.4664 76.2092
      vertex -44.1108 -45.4664 86
    endloop
  endfacet
  facet normal -0.0971289 0.995272 0
    outer loop
      vertex -44.1108 -45.4664 76.2092
      vertex -44.0278 -45.4583 86
      vertex -44.0278 -45.4583 76.128
    endloop
  endfacet
  facet normal -0.956964 0.290207 0
    outer loop
      vertex -42.9868 -44.604 74.4395
      vertex -42.9626 -44.5242 86
      vertex -42.9626 -44.5242 74.3467
    endloop
  endfacet
  facet normal -0.956964 0.290207 0
    outer loop
      vertex -42.9626 -44.5242 86
      vertex -42.9868 -44.604 74.4395
      vertex -42.9868 -44.604 86
    endloop
  endfacet
  facet normal -0.98662 0.163038 0
    outer loop
      vertex -42.9437 -44.4429 74.2575
      vertex -42.9301 -44.3606 86
      vertex -42.9301 -44.3606 74.172
    endloop
  endfacet
  facet normal -0.98662 0.163038 0
    outer loop
      vertex -42.9301 -44.3606 86
      vertex -42.9437 -44.4429 74.2575
      vertex -42.9437 -44.4429 86
    endloop
  endfacet
  facet normal 0.634151 0.773209 0
    outer loop
      vertex -44.9703 -45.2057 86
      vertex -45.0348 -45.1528 76.7531
      vertex -45.0348 -45.1528 86
    endloop
  endfacet
  facet normal 0.634151 0.773209 0
    outer loop
      vertex -45.0348 -45.1528 76.7531
      vertex -44.9703 -45.2057 86
      vertex -44.9703 -45.2057 76.7428
    endloop
  endfacet
  facet normal 0.995272 -0.0971289 0
    outer loop
      vertex -45.4664 -44.1108 76.2092
      vertex -45.4583 -44.0278 86
      vertex -45.4664 -44.1108 86
    endloop
  endfacet
  facet normal 0.995272 -0.0971289 0
    outer loop
      vertex -45.4583 -44.0278 86
      vertex -45.4664 -44.1108 76.2092
      vertex -45.4583 -44.0278 76.128
    endloop
  endfacet
  facet normal 0.226434 -0.974026 0
    outer loop
      vertex -44.5242 -42.9626 74.3467
      vertex -44.4429 -42.9437 86
      vertex -44.5242 -42.9626 86
    endloop
  endfacet
  facet normal 0.226434 -0.974026 0
    outer loop
      vertex -44.4429 -42.9437 86
      vertex -44.5242 -42.9626 74.3467
      vertex -44.4429 -42.9437 74.2575
    endloop
  endfacet
  facet normal 0.957065 -0.289874 0
    outer loop
      vertex -45.4257 -43.8642 75.9532
      vertex -45.4015 -43.7843 86
      vertex -45.4257 -43.8642 86
    endloop
  endfacet
  facet normal 0.957065 -0.289874 0
    outer loop
      vertex -45.4015 -43.7843 86
      vertex -45.4257 -43.8642 75.9532
      vertex -45.4015 -43.7843 75.8605
    endloop
  endfacet
  facet normal 0.956964 0.290207 -0
    outer loop
      vertex -45.4015 -44.604 76.5908
      vertex -45.4257 -44.5242 86
      vertex -45.4015 -44.604 86
    endloop
  endfacet
  facet normal 0.956964 0.290207 0
    outer loop
      vertex -45.4257 -44.5242 86
      vertex -45.4015 -44.604 76.5908
      vertex -45.4257 -44.5242 76.5413
    endloop
  endfacet
  facet normal 0.935736 -0.352701 0
    outer loop
      vertex -45.4015 -43.7843 75.8605
      vertex -45.3721 -43.7063 86
      vertex -45.4015 -43.7843 86
    endloop
  endfacet
  facet normal 0.935736 -0.352701 0
    outer loop
      vertex -45.3721 -43.7063 86
      vertex -45.4015 -43.7843 75.8605
      vertex -45.3721 -43.7063 75.7648
    endloop
  endfacet
  facet normal -0.582598 -0.81276 0
    outer loop
      vertex -43.4858 -43.134 73.5744
      vertex -43.418 -43.1826 86
      vertex -43.4858 -43.134 86
    endloop
  endfacet
  facet normal -0.582598 -0.81276 -0
    outer loop
      vertex -43.418 -43.1826 86
      vertex -43.4858 -43.134 73.5744
      vertex -43.418 -43.1826 73.5572
    endloop
  endfacet
  facet normal 0.528705 0.848806 0
    outer loop
      vertex -44.8317 -45.2984 86
      vertex -44.9025 -45.2543 76.7256
      vertex -44.9025 -45.2543 86
    endloop
  endfacet
  facet normal 0.528705 0.848806 0
    outer loop
      vertex -44.9025 -45.2543 76.7256
      vertex -44.8317 -45.2984 86
      vertex -44.8317 -45.2984 76.7018
    endloop
  endfacet
  facet normal 0.683343 -0.730098 0
    outer loop
      vertex -45.0957 -43.2926 75.15
      vertex -45.0348 -43.2356 86
      vertex -45.0957 -43.2926 86
    endloop
  endfacet
  facet normal 0.683343 -0.730098 0
    outer loop
      vertex -45.0348 -43.2356 86
      vertex -45.0957 -43.2926 75.15
      vertex -45.0348 -43.2356 75.0449
    endloop
  endfacet
  facet normal -0.412357 0.911022 0
    outer loop
      vertex -43.6303 -45.3377 86
      vertex -43.7063 -45.3721 75.7648
      vertex -43.7063 -45.3721 86
    endloop
  endfacet
  facet normal -0.412357 0.911022 0
    outer loop
      vertex -43.7063 -45.3721 75.7648
      vertex -43.6303 -45.3377 86
      vertex -43.6303 -45.3377 75.6664
    endloop
  endfacet
  facet normal 0.582598 -0.81276 0
    outer loop
      vertex -44.9703 -43.1826 74.9403
      vertex -44.9025 -43.134 86
      vertex -44.9703 -43.1826 86
    endloop
  endfacet
  facet normal 0.582598 -0.81276 0
    outer loop
      vertex -44.9025 -43.134 86
      vertex -44.9703 -43.1826 74.9403
      vertex -44.9025 -43.134 74.8366
    endloop
  endfacet
  facet normal -0.0335542 0.999437 0
    outer loop
      vertex -44.1108 -45.4664 86
      vertex -44.1942 -45.4692 76.286
      vertex -44.1942 -45.4692 86
    endloop
  endfacet
  facet normal -0.0335542 0.999437 0
    outer loop
      vertex -44.1942 -45.4692 76.286
      vertex -44.1108 -45.4664 86
      vertex -44.1108 -45.4664 76.2092
    endloop
  endfacet
  facet normal -0.81276 0.582598 0
    outer loop
      vertex -43.1826 -44.9703 74.9403
      vertex -43.134 -44.9025 86
      vertex -43.134 -44.9025 74.8366
    endloop
  endfacet
  facet normal -0.81276 0.582598 0
    outer loop
      vertex -43.134 -44.9025 86
      vertex -43.1826 -44.9703 74.9403
      vertex -43.1826 -44.9703 86
    endloop
  endfacet
  facet normal 0.471024 -0.882121 0
    outer loop
      vertex -44.8317 -43.09 74.7342
      vertex -44.7581 -43.0507 86
      vertex -44.8317 -43.09 86
    endloop
  endfacet
  facet normal 0.471024 -0.882121 0
    outer loop
      vertex -44.7581 -43.0507 86
      vertex -44.8317 -43.09 74.7342
      vertex -44.7581 -43.0507 74.6336
    endloop
  endfacet
  facet normal 0.352305 0.935885 0
    outer loop
      vertex -44.604 -45.4015 86
      vertex -44.6821 -45.3721 76.6342
      vertex -44.6821 -45.3721 86
    endloop
  endfacet
  facet normal 0.352305 0.935885 0
    outer loop
      vertex -44.6821 -45.3721 76.6342
      vertex -44.604 -45.4015 86
      vertex -44.604 -45.4015 76.5908
    endloop
  endfacet
  facet normal 0.22757 0.973762 0
    outer loop
      vertex -44.4429 -45.4447 86
      vertex -44.5242 -45.4257 76.5413
      vertex -44.5242 -45.4257 86
    endloop
  endfacet
  facet normal 0.22757 0.973762 0
    outer loop
      vertex -44.5242 -45.4257 76.5413
      vertex -44.4429 -45.4447 86
      vertex -44.4429 -45.4447 76.4858
    endloop
  endfacet
  facet normal -0.162845 0.986652 0
    outer loop
      vertex -43.9454 -45.4447 86
      vertex -44.0278 -45.4583 76.128
      vertex -44.0278 -45.4583 86
    endloop
  endfacet
  facet normal -0.162845 0.986652 0
    outer loop
      vertex -44.0278 -45.4583 76.128
      vertex -43.9454 -45.4447 86
      vertex -43.9454 -45.4447 76.0425
    endloop
  endfacet
  facet normal -0.352701 0.935736 0
    outer loop
      vertex -43.7063 -45.3721 86
      vertex -43.7843 -45.4015 75.8605
      vertex -43.7843 -45.4015 86
    endloop
  endfacet
  facet normal -0.352701 0.935736 0
    outer loop
      vertex -43.7843 -45.4015 75.8605
      vertex -43.7063 -45.3721 86
      vertex -43.7063 -45.3721 75.7648
    endloop
  endfacet
  facet normal 0.471024 0.882121 0
    outer loop
      vertex -44.7581 -45.3377 86
      vertex -44.8317 -45.2984 76.7018
      vertex -44.8317 -45.2984 86
    endloop
  endfacet
  facet normal 0.471024 0.882121 0
    outer loop
      vertex -44.8317 -45.2984 76.7018
      vertex -44.7581 -45.3377 86
      vertex -44.7581 -45.3377 76.6712
    endloop
  endfacet
  facet normal 0.290207 0.956964 0
    outer loop
      vertex -44.5242 -45.4257 86
      vertex -44.604 -45.4015 76.5908
      vertex -44.604 -45.4015 86
    endloop
  endfacet
  facet normal 0.290207 0.956964 0
    outer loop
      vertex -44.604 -45.4015 76.5908
      vertex -44.5242 -45.4257 86
      vertex -44.5242 -45.4257 76.5413
    endloop
  endfacet
  facet normal -0.974026 0.226434 0
    outer loop
      vertex -42.9626 -44.5242 74.3467
      vertex -42.9437 -44.4429 86
      vertex -42.9437 -44.4429 74.2575
    endloop
  endfacet
  facet normal -0.974026 0.226434 0
    outer loop
      vertex -42.9437 -44.4429 86
      vertex -42.9626 -44.5242 74.3467
      vertex -42.9626 -44.5242 86
    endloop
  endfacet
  facet normal 0.0971289 0.995272 0
    outer loop
      vertex -44.2776 -45.4664 86
      vertex -44.3606 -45.4583 76.4245
      vertex -44.3606 -45.4583 86
    endloop
  endfacet
  facet normal 0.0971289 0.995272 0
    outer loop
      vertex -44.3606 -45.4583 76.4245
      vertex -44.2776 -45.4664 86
      vertex -44.2776 -45.4664 76.3578
    endloop
  endfacet
  facet normal -0.81276 -0.582598 0
    outer loop
      vertex -43.134 -43.4858 73.5744
      vertex -43.1826 -43.418 86
      vertex -43.1826 -43.418 73.5572
    endloop
  endfacet
  facet normal -0.81276 -0.582598 0
    outer loop
      vertex -43.1826 -43.418 86
      vertex -43.134 -43.4858 73.5744
      vertex -43.134 -43.4858 86
    endloop
  endfacet
  facet normal -0.910572 0.413352 0
    outer loop
      vertex -43.0507 -44.7581 74.6336
      vertex -43.0162 -44.6821 86
      vertex -43.0162 -44.6821 74.5352
    endloop
  endfacet
  facet normal -0.910572 0.413352 0
    outer loop
      vertex -43.0162 -44.6821 86
      vertex -43.0507 -44.7581 74.6336
      vertex -43.0507 -44.7581 86
    endloop
  endfacet
  facet normal -0.995155 0.0983165 0
    outer loop
      vertex -42.9301 -44.3606 74.172
      vertex -42.9219 -44.2776 86
      vertex -42.9219 -44.2776 74.0908
    endloop
  endfacet
  facet normal -0.995155 0.0983165 0
    outer loop
      vertex -42.9219 -44.2776 86
      vertex -42.9301 -44.3606 74.172
      vertex -42.9301 -44.3606 86
    endloop
  endfacet
  facet normal 0.882121 0.471024 -0
    outer loop
      vertex -45.2984 -44.8317 76.7018
      vertex -45.3377 -44.7581 86
      vertex -45.2984 -44.8317 86
    endloop
  endfacet
  facet normal 0.882121 0.471024 0
    outer loop
      vertex -45.3377 -44.7581 86
      vertex -45.2984 -44.8317 76.7018
      vertex -45.3377 -44.7581 76.6712
    endloop
  endfacet
  facet normal 0.7295 -0.683981 0
    outer loop
      vertex -45.1528 -43.3535 75.2551
      vertex -45.0957 -43.2926 86
      vertex -45.1528 -43.3535 86
    endloop
  endfacet
  facet normal 0.7295 -0.683981 0
    outer loop
      vertex -45.0957 -43.2926 86
      vertex -45.1528 -43.3535 75.2551
      vertex -45.0957 -43.2926 75.15
    endloop
  endfacet
  facet normal 0.81276 0.582598 -0
    outer loop
      vertex -45.2057 -44.9703 76.7428
      vertex -45.2543 -44.9025 86
      vertex -45.2057 -44.9703 86
    endloop
  endfacet
  facet normal 0.81276 0.582598 0
    outer loop
      vertex -45.2543 -44.9025 86
      vertex -45.2057 -44.9703 76.7428
      vertex -45.2543 -44.9025 76.7256
    endloop
  endfacet
  facet normal -0.413352 -0.910572 0
    outer loop
      vertex -43.7063 -43.0162 73.6658
      vertex -43.6303 -43.0507 86
      vertex -43.7063 -43.0162 86
    endloop
  endfacet
  facet normal -0.413352 -0.910572 -0
    outer loop
      vertex -43.6303 -43.0507 86
      vertex -43.7063 -43.0162 73.6658
      vertex -43.6303 -43.0507 73.6288
    endloop
  endfacet
  facet normal -0.352701 -0.935736 0
    outer loop
      vertex -43.7843 -42.9868 73.7092
      vertex -43.7063 -43.0162 86
      vertex -43.7843 -42.9868 86
    endloop
  endfacet
  facet normal -0.352701 -0.935736 -0
    outer loop
      vertex -43.7063 -43.0162 86
      vertex -43.7843 -42.9868 73.7092
      vertex -43.7063 -43.0162 73.6658
    endloop
  endfacet
  facet normal -0.471024 0.882121 0
    outer loop
      vertex -43.5567 -45.2984 86
      vertex -43.6303 -45.3377 75.6664
      vertex -43.6303 -45.3377 86
    endloop
  endfacet
  facet normal -0.471024 0.882121 0
    outer loop
      vertex -43.6303 -45.3377 75.6664
      vertex -43.5567 -45.2984 86
      vertex -43.5567 -45.2984 75.5658
    endloop
  endfacet
  facet normal 0.986652 -0.162845 0
    outer loop
      vertex -45.4583 -44.0278 76.128
      vertex -45.4447 -43.9454 86
      vertex -45.4583 -44.0278 86
    endloop
  endfacet
  facet normal 0.986652 -0.162845 0
    outer loop
      vertex -45.4447 -43.9454 86
      vertex -45.4583 -44.0278 76.128
      vertex -45.4447 -43.9454 76.0425
    endloop
  endfacet
  facet normal -0.227836 0.973699 0
    outer loop
      vertex -43.8642 -45.4257 86
      vertex -43.9454 -45.4447 76.0425
      vertex -43.9454 -45.4447 86
    endloop
  endfacet
  facet normal -0.227836 0.973699 0
    outer loop
      vertex -43.9454 -45.4447 76.0425
      vertex -43.8642 -45.4257 86
      vertex -43.8642 -45.4257 75.9532
    endloop
  endfacet
  facet normal 0.911022 -0.412357 0
    outer loop
      vertex -45.3721 -43.7063 75.7648
      vertex -45.3377 -43.6303 86
      vertex -45.3721 -43.7063 86
    endloop
  endfacet
  facet normal 0.911022 -0.412357 0
    outer loop
      vertex -45.3377 -43.6303 86
      vertex -45.3721 -43.7063 75.7648
      vertex -45.3377 -43.6303 75.6664
    endloop
  endfacet
  facet normal 0.999437 -0.0335542 0
    outer loop
      vertex -45.4692 -44.1942 76.286
      vertex -45.4664 -44.1108 86
      vertex -45.4692 -44.1942 86
    endloop
  endfacet
  facet normal 0.999437 -0.0335542 0
    outer loop
      vertex -45.4664 -44.1108 86
      vertex -45.4692 -44.1942 76.286
      vertex -45.4664 -44.1108 76.2092
    endloop
  endfacet
  facet normal -0.935736 -0.352701 0
    outer loop
      vertex -42.9868 -43.7843 73.7092
      vertex -43.0162 -43.7063 86
      vertex -43.0162 -43.7063 73.6658
    endloop
  endfacet
  facet normal -0.935736 -0.352701 0
    outer loop
      vertex -43.0162 -43.7063 86
      vertex -42.9868 -43.7843 73.7092
      vertex -42.9868 -43.7843 86
    endloop
  endfacet
  facet normal -0.910572 -0.413352 0
    outer loop
      vertex -43.0162 -43.7063 73.6658
      vertex -43.0507 -43.6303 86
      vertex -43.0507 -43.6303 73.6288
    endloop
  endfacet
  facet normal -0.910572 -0.413352 0
    outer loop
      vertex -43.0507 -43.6303 86
      vertex -43.0162 -43.7063 73.6658
      vertex -43.0162 -43.7063 86
    endloop
  endfacet
  facet normal -0.999476 0.0323571 0
    outer loop
      vertex -42.9219 -44.2776 74.0908
      vertex -42.9192 -44.1942 86
      vertex -42.9192 -44.1942 74.014
    endloop
  endfacet
  facet normal -0.999476 0.0323571 0
    outer loop
      vertex -42.9192 -44.1942 86
      vertex -42.9219 -44.2776 74.0908
      vertex -42.9219 -44.2776 86
    endloop
  endfacet
  facet normal 0.882121 -0.471024 0
    outer loop
      vertex -45.3377 -43.6303 75.6664
      vertex -45.2984 -43.5567 86
      vertex -45.3377 -43.6303 86
    endloop
  endfacet
  facet normal 0.882121 -0.471024 0
    outer loop
      vertex -45.2984 -43.5567 86
      vertex -45.3377 -43.6303 75.6664
      vertex -45.2984 -43.5567 75.5658
    endloop
  endfacet
  facet normal -0.634151 0.773209 0
    outer loop
      vertex -43.3535 -45.1528 86
      vertex -43.418 -45.2057 75.3597
      vertex -43.418 -45.2057 86
    endloop
  endfacet
  facet normal -0.634151 0.773209 0
    outer loop
      vertex -43.418 -45.2057 75.3597
      vertex -43.3535 -45.1528 86
      vertex -43.3535 -45.1528 75.2551
    endloop
  endfacet
  facet normal -0.772621 -0.634867 0
    outer loop
      vertex -43.1826 -43.418 73.5572
      vertex -43.2356 -43.3535 86
      vertex -43.2356 -43.3535 73.5469
    endloop
  endfacet
  facet normal -0.772621 -0.634867 0
    outer loop
      vertex -43.2356 -43.3535 86
      vertex -43.1826 -43.418 73.5572
      vertex -43.1826 -43.418 86
    endloop
  endfacet
  facet normal 0.0323571 -0.999476 0
    outer loop
      vertex -44.2776 -42.9219 74.0908
      vertex -44.1942 -42.9192 86
      vertex -44.2776 -42.9219 86
    endloop
  endfacet
  facet normal 0.0323571 -0.999476 0
    outer loop
      vertex -44.1942 -42.9192 86
      vertex -44.2776 -42.9219 74.0908
      vertex -44.1942 -42.9192 74.014
    endloop
  endfacet
  facet normal -0.995155 -0.0983165 0
    outer loop
      vertex -42.9219 -44.1108 73.9422
      vertex -42.9301 -44.0278 86
      vertex -42.9301 -44.0278 73.8755
    endloop
  endfacet
  facet normal -0.995155 -0.0983165 0
    outer loop
      vertex -42.9301 -44.0278 86
      vertex -42.9219 -44.1108 73.9422
      vertex -42.9219 -44.1108 86
    endloop
  endfacet
  facet normal -0.471024 -0.882121 0
    outer loop
      vertex -43.6303 -43.0507 73.6288
      vertex -43.5567 -43.09 86
      vertex -43.6303 -43.0507 86
    endloop
  endfacet
  facet normal -0.471024 -0.882121 -0
    outer loop
      vertex -43.5567 -43.09 86
      vertex -43.6303 -43.0507 73.6288
      vertex -43.5567 -43.09 73.5982
    endloop
  endfacet
  facet normal -0.289874 0.957065 0
    outer loop
      vertex -43.7843 -45.4015 86
      vertex -43.8642 -45.4257 75.9532
      vertex -43.8642 -45.4257 86
    endloop
  endfacet
  facet normal -0.289874 0.957065 0
    outer loop
      vertex -43.8642 -45.4257 75.9532
      vertex -43.7843 -45.4015 86
      vertex -43.7843 -45.4015 75.8605
    endloop
  endfacet
  facet normal 0.582598 0.81276 0
    outer loop
      vertex -44.9025 -45.2543 86
      vertex -44.9703 -45.2057 76.7428
      vertex -44.9703 -45.2057 86
    endloop
  endfacet
  facet normal 0.582598 0.81276 0
    outer loop
      vertex -44.9703 -45.2057 76.7428
      vertex -44.9025 -45.2543 86
      vertex -44.9025 -45.2543 76.7256
    endloop
  endfacet
  facet normal 0.848806 0.528705 -0
    outer loop
      vertex -45.2543 -44.9025 76.7256
      vertex -45.2984 -44.8317 86
      vertex -45.2543 -44.9025 86
    endloop
  endfacet
  facet normal 0.848806 0.528705 0
    outer loop
      vertex -45.2984 -44.8317 86
      vertex -45.2543 -44.9025 76.7256
      vertex -45.2984 -44.8317 76.7018
    endloop
  endfacet
  facet normal 0.163038 -0.98662 0
    outer loop
      vertex -44.4429 -42.9437 74.2575
      vertex -44.3606 -42.9301 86
      vertex -44.4429 -42.9437 86
    endloop
  endfacet
  facet normal 0.163038 -0.98662 0
    outer loop
      vertex -44.3606 -42.9301 86
      vertex -44.4429 -42.9437 74.2575
      vertex -44.3606 -42.9301 74.172
    endloop
  endfacet
  facet normal 0.412357 0.911022 0
    outer loop
      vertex -44.6821 -45.3721 86
      vertex -44.7581 -45.3377 76.6712
      vertex -44.7581 -45.3377 86
    endloop
  endfacet
  facet normal 0.412357 0.911022 0
    outer loop
      vertex -44.7581 -45.3377 76.6712
      vertex -44.6821 -45.3721 86
      vertex -44.6821 -45.3721 76.6342
    endloop
  endfacet
  facet normal -0.683981 0.7295 0
    outer loop
      vertex -43.2926 -45.0957 86
      vertex -43.3535 -45.1528 75.2551
      vertex -43.3535 -45.1528 86
    endloop
  endfacet
  facet normal -0.683981 0.7295 0
    outer loop
      vertex -43.3535 -45.1528 75.2551
      vertex -43.2926 -45.0957 86
      vertex -43.2926 -45.0957 75.15
    endloop
  endfacet
  facet normal -0.683343 -0.730098 0
    outer loop
      vertex -43.3535 -43.2356 73.5469
      vertex -43.2926 -43.2926 86
      vertex -43.3535 -43.2356 86
    endloop
  endfacet
  facet normal -0.683343 -0.730098 -0
    outer loop
      vertex -43.2926 -43.2926 86
      vertex -43.3535 -43.2356 73.5469
      vertex -43.2926 -43.2926 73.5435
    endloop
  endfacet
  facet normal -0.935885 0.352305 0
    outer loop
      vertex -43.0162 -44.6821 74.5352
      vertex -42.9868 -44.604 86
      vertex -42.9868 -44.604 74.4395
    endloop
  endfacet
  facet normal -0.935885 0.352305 0
    outer loop
      vertex -42.9868 -44.604 86
      vertex -43.0162 -44.6821 74.5352
      vertex -43.0162 -44.6821 86
    endloop
  endfacet
  facet normal 0.290207 -0.956964 0
    outer loop
      vertex -44.604 -42.9868 74.4395
      vertex -44.5242 -42.9626 86
      vertex -44.604 -42.9868 86
    endloop
  endfacet
  facet normal 0.290207 -0.956964 0
    outer loop
      vertex -44.5242 -42.9626 86
      vertex -44.604 -42.9868 74.4395
      vertex -44.5242 -42.9626 74.3467
    endloop
  endfacet
  facet normal -0.0983165 -0.995155 0
    outer loop
      vertex -44.1108 -42.9219 73.9422
      vertex -44.0278 -42.9301 86
      vertex -44.1108 -42.9219 86
    endloop
  endfacet
  facet normal -0.0983165 -0.995155 -0
    outer loop
      vertex -44.0278 -42.9301 86
      vertex -44.1108 -42.9219 73.9422
      vertex -44.0278 -42.9301 73.8755
    endloop
  endfacet
  facet normal 0.973762 0.22757 -0
    outer loop
      vertex -45.4257 -44.5242 76.5413
      vertex -45.4447 -44.4429 86
      vertex -45.4257 -44.5242 86
    endloop
  endfacet
  facet normal 0.973762 0.22757 0
    outer loop
      vertex -45.4447 -44.4429 86
      vertex -45.4257 -44.5242 76.5413
      vertex -45.4447 -44.4429 76.4858
    endloop
  endfacet
  facet normal -0.226699 -0.973965 0
    outer loop
      vertex -43.9454 -42.9437 73.8142
      vertex -43.8642 -42.9626 86
      vertex -43.9454 -42.9437 86
    endloop
  endfacet
  facet normal -0.226699 -0.973965 -0
    outer loop
      vertex -43.8642 -42.9626 86
      vertex -43.9454 -42.9437 73.8142
      vertex -43.8642 -42.9626 73.7587
    endloop
  endfacet
  facet normal 0.999437 0.0335542 -0
    outer loop
      vertex -45.4664 -44.2776 76.3578
      vertex -45.4692 -44.1942 86
      vertex -45.4664 -44.2776 86
    endloop
  endfacet
  facet normal 0.999437 0.0335542 0
    outer loop
      vertex -45.4692 -44.1942 86
      vertex -45.4664 -44.2776 76.3578
      vertex -45.4692 -44.1942 76.286
    endloop
  endfacet
  facet normal 0.527841 -0.849343 0
    outer loop
      vertex -44.9025 -43.134 74.8366
      vertex -44.8317 -43.09 86
      vertex -44.9025 -43.134 86
    endloop
  endfacet
  facet normal 0.527841 -0.849343 0
    outer loop
      vertex -44.8317 -43.09 86
      vertex -44.9025 -43.134 74.8366
      vertex -44.8317 -43.09 74.7342
    endloop
  endfacet
  facet normal 0.413352 -0.910572 0
    outer loop
      vertex -44.7581 -43.0507 74.6336
      vertex -44.6821 -43.0162 86
      vertex -44.7581 -43.0507 86
    endloop
  endfacet
  facet normal 0.413352 -0.910572 0
    outer loop
      vertex -44.6821 -43.0162 86
      vertex -44.7581 -43.0507 74.6336
      vertex -44.6821 -43.0162 74.5352
    endloop
  endfacet
  facet normal -0.999476 -0.0323571 0
    outer loop
      vertex -42.9192 -44.1942 74.014
      vertex -42.9219 -44.1108 86
      vertex -42.9219 -44.1108 73.9422
    endloop
  endfacet
  facet normal -0.999476 -0.0323571 0
    outer loop
      vertex -42.9219 -44.1108 86
      vertex -42.9192 -44.1942 74.014
      vertex -42.9192 -44.1942 86
    endloop
  endfacet
  facet normal 0.0335542 0.999437 0
    outer loop
      vertex -44.1942 -45.4692 86
      vertex -44.2776 -45.4664 76.3578
      vertex -44.2776 -45.4664 86
    endloop
  endfacet
  facet normal 0.0335542 0.999437 0
    outer loop
      vertex -44.2776 -45.4664 76.3578
      vertex -44.1942 -45.4692 86
      vertex -44.1942 -45.4692 76.286
    endloop
  endfacet
  facet normal 0.973699 -0.227836 0
    outer loop
      vertex -45.4447 -43.9454 76.0425
      vertex -45.4257 -43.8642 86
      vertex -45.4447 -43.9454 86
    endloop
  endfacet
  facet normal 0.973699 -0.227836 0
    outer loop
      vertex -45.4257 -43.8642 86
      vertex -45.4447 -43.9454 76.0425
      vertex -45.4257 -43.8642 75.9532
    endloop
  endfacet
  facet normal -0.730098 -0.683343 0
    outer loop
      vertex -43.2356 -43.3535 73.5469
      vertex -43.2926 -43.2926 86
      vertex -43.2926 -43.2926 73.5435
    endloop
  endfacet
  facet normal -0.730098 -0.683343 0
    outer loop
      vertex -43.2926 -43.2926 86
      vertex -43.2356 -43.3535 73.5469
      vertex -43.2356 -43.3535 86
    endloop
  endfacet
  facet normal 0.98662 0.163038 -0
    outer loop
      vertex -45.4447 -44.4429 76.4858
      vertex -45.4583 -44.3606 86
      vertex -45.4447 -44.4429 86
    endloop
  endfacet
  facet normal 0.98662 0.163038 0
    outer loop
      vertex -45.4583 -44.3606 86
      vertex -45.4447 -44.4429 76.4858
      vertex -45.4583 -44.3606 76.4245
    endloop
  endfacet
  facet normal -0.289874 -0.957065 0
    outer loop
      vertex -43.8642 -42.9626 73.7587
      vertex -43.7843 -42.9868 86
      vertex -43.8642 -42.9626 86
    endloop
  endfacet
  facet normal -0.289874 -0.957065 -0
    outer loop
      vertex -43.7843 -42.9868 86
      vertex -43.8642 -42.9626 73.7587
      vertex -43.7843 -42.9868 73.7092
    endloop
  endfacet
  facet normal 0.84914 -0.528168 0
    outer loop
      vertex -45.2984 -43.5567 75.5658
      vertex -45.2543 -43.4858 86
      vertex -45.2984 -43.5567 86
    endloop
  endfacet
  facet normal 0.84914 -0.528168 0
    outer loop
      vertex -45.2543 -43.4858 86
      vertex -45.2984 -43.5567 75.5658
      vertex -45.2543 -43.4858 75.4634
    endloop
  endfacet
  facet normal 0.81276 -0.582598 0
    outer loop
      vertex -45.2543 -43.4858 75.4634
      vertex -45.2057 -43.418 86
      vertex -45.2543 -43.4858 86
    endloop
  endfacet
  facet normal 0.81276 -0.582598 0
    outer loop
      vertex -45.2057 -43.418 86
      vertex -45.2543 -43.4858 75.4634
      vertex -45.2057 -43.418 75.3597
    endloop
  endfacet
  facet normal -0.528168 0.84914 0
    outer loop
      vertex -43.4858 -45.2543 86
      vertex -43.5567 -45.2984 75.5658
      vertex -43.5567 -45.2984 86
    endloop
  endfacet
  facet normal -0.528168 0.84914 0
    outer loop
      vertex -43.5567 -45.2984 75.5658
      vertex -43.4858 -45.2543 86
      vertex -43.4858 -45.2543 75.4634
    endloop
  endfacet
  facet normal 0.289874 -0.957065 0
    outer loop
      vertex 43.7843 -42.9868 86
      vertex 43.8642 -42.9626 73.7587
      vertex 43.8642 -42.9626 86
    endloop
  endfacet
  facet normal 0.289874 -0.957065 0
    outer loop
      vertex 43.8642 -42.9626 73.7587
      vertex 43.7843 -42.9868 86
      vertex 43.7843 -42.9868 73.7092
    endloop
  endfacet
  facet normal 0.634151 0.773209 -0
    outer loop
      vertex 43.418 -45.2057 75.3597
      vertex 43.3535 -45.1528 86
      vertex 43.418 -45.2057 86
    endloop
  endfacet
  facet normal 0.634151 0.773209 0
    outer loop
      vertex 43.3535 -45.1528 86
      vertex 43.418 -45.2057 75.3597
      vertex 43.3535 -45.1528 75.2551
    endloop
  endfacet
  facet normal 0.81276 0.582598 -0
    outer loop
      vertex 43.1826 -44.9703 74.9403
      vertex 43.134 -44.9025 86
      vertex 43.1826 -44.9703 86
    endloop
  endfacet
  facet normal 0.81276 0.582598 0
    outer loop
      vertex 43.134 -44.9025 86
      vertex 43.1826 -44.9703 74.9403
      vertex 43.134 -44.9025 74.8366
    endloop
  endfacet
  facet normal -0.98662 0.163038 0
    outer loop
      vertex 45.4447 -44.4429 76.4858
      vertex 45.4583 -44.3606 86
      vertex 45.4583 -44.3606 76.4245
    endloop
  endfacet
  facet normal -0.98662 0.163038 0
    outer loop
      vertex 45.4583 -44.3606 86
      vertex 45.4447 -44.4429 76.4858
      vertex 45.4447 -44.4429 86
    endloop
  endfacet
  facet normal -0.81276 -0.582598 0
    outer loop
      vertex 45.2543 -43.4858 75.4634
      vertex 45.2057 -43.418 86
      vertex 45.2057 -43.418 75.3597
    endloop
  endfacet
  facet normal -0.81276 -0.582598 0
    outer loop
      vertex 45.2057 -43.418 86
      vertex 45.2543 -43.4858 75.4634
      vertex 45.2543 -43.4858 86
    endloop
  endfacet
  facet normal 0.162845 -0.986652 0
    outer loop
      vertex 43.9454 -42.9437 86
      vertex 44.0278 -42.9301 73.8755
      vertex 44.0278 -42.9301 86
    endloop
  endfacet
  facet normal 0.162845 -0.986652 0
    outer loop
      vertex 44.0278 -42.9301 73.8755
      vertex 43.9454 -42.9437 86
      vertex 43.9454 -42.9437 73.8142
    endloop
  endfacet
  facet normal 0.471024 0.882121 -0
    outer loop
      vertex 43.6303 -45.3377 75.6664
      vertex 43.5567 -45.2984 86
      vertex 43.6303 -45.3377 86
    endloop
  endfacet
  facet normal 0.471024 0.882121 0
    outer loop
      vertex 43.5567 -45.2984 86
      vertex 43.6303 -45.3377 75.6664
      vertex 43.5567 -45.2984 75.5658
    endloop
  endfacet
  facet normal -0.7295 0.683981 0
    outer loop
      vertex 45.0957 -45.0957 76.7565
      vertex 45.1528 -45.0348 86
      vertex 45.1528 -45.0348 76.7531
    endloop
  endfacet
  facet normal -0.7295 0.683981 0
    outer loop
      vertex 45.1528 -45.0348 86
      vertex 45.0957 -45.0957 76.7565
      vertex 45.0957 -45.0957 86
    endloop
  endfacet
  facet normal -0.352305 0.935885 0
    outer loop
      vertex 44.6821 -45.3721 76.6342
      vertex 44.604 -45.4015 86
      vertex 44.6821 -45.3721 86
    endloop
  endfacet
  facet normal -0.352305 0.935885 0
    outer loop
      vertex 44.604 -45.4015 86
      vertex 44.6821 -45.3721 76.6342
      vertex 44.604 -45.4015 76.5908
    endloop
  endfacet
  facet normal -0.0971289 0.995272 0
    outer loop
      vertex 44.3606 -45.4583 76.4245
      vertex 44.2776 -45.4664 86
      vertex 44.3606 -45.4583 86
    endloop
  endfacet
  facet normal -0.0971289 0.995272 0
    outer loop
      vertex 44.2776 -45.4664 86
      vertex 44.3606 -45.4583 76.4245
      vertex 44.2776 -45.4664 76.3578
    endloop
  endfacet
  facet normal 0.772621 0.634867 -0
    outer loop
      vertex 43.2356 -45.0348 75.0449
      vertex 43.1826 -44.9703 86
      vertex 43.2356 -45.0348 86
    endloop
  endfacet
  facet normal 0.772621 0.634867 0
    outer loop
      vertex 43.1826 -44.9703 86
      vertex 43.2356 -45.0348 75.0449
      vertex 43.1826 -44.9703 74.9403
    endloop
  endfacet
  facet normal 0.683981 0.7295 -0
    outer loop
      vertex 43.3535 -45.1528 75.2551
      vertex 43.2926 -45.0957 86
      vertex 43.3535 -45.1528 86
    endloop
  endfacet
  facet normal 0.683981 0.7295 0
    outer loop
      vertex 43.2926 -45.0957 86
      vertex 43.3535 -45.1528 75.2551
      vertex 43.2926 -45.0957 75.15
    endloop
  endfacet
  facet normal 0.226699 -0.973965 0
    outer loop
      vertex 43.8642 -42.9626 86
      vertex 43.9454 -42.9437 73.8142
      vertex 43.9454 -42.9437 86
    endloop
  endfacet
  facet normal 0.226699 -0.973965 0
    outer loop
      vertex 43.9454 -42.9437 73.8142
      vertex 43.8642 -42.9626 86
      vertex 43.8642 -42.9626 73.7587
    endloop
  endfacet
  facet normal 0.849677 -0.527303 0
    outer loop
      vertex 43.09 -43.5567 73.5982
      vertex 43.134 -43.4858 86
      vertex 43.09 -43.5567 86
    endloop
  endfacet
  facet normal 0.849677 -0.527303 0
    outer loop
      vertex 43.134 -43.4858 86
      vertex 43.09 -43.5567 73.5982
      vertex 43.134 -43.4858 73.5744
    endloop
  endfacet
  facet normal 0.772621 -0.634867 0
    outer loop
      vertex 43.1826 -43.418 73.5572
      vertex 43.2356 -43.3535 86
      vertex 43.1826 -43.418 86
    endloop
  endfacet
  facet normal 0.772621 -0.634867 0
    outer loop
      vertex 43.2356 -43.3535 86
      vertex 43.1826 -43.418 73.5572
      vertex 43.2356 -43.3535 73.5469
    endloop
  endfacet
  facet normal -0.412357 0.911022 0
    outer loop
      vertex 44.7581 -45.3377 76.6712
      vertex 44.6821 -45.3721 86
      vertex 44.7581 -45.3377 86
    endloop
  endfacet
  facet normal -0.412357 0.911022 0
    outer loop
      vertex 44.6821 -45.3721 86
      vertex 44.7581 -45.3377 76.6712
      vertex 44.6821 -45.3721 76.6342
    endloop
  endfacet
  facet normal -0.634151 0.773209 0
    outer loop
      vertex 45.0348 -45.1528 76.7531
      vertex 44.9703 -45.2057 86
      vertex 45.0348 -45.1528 86
    endloop
  endfacet
  facet normal -0.634151 0.773209 0
    outer loop
      vertex 44.9703 -45.2057 86
      vertex 45.0348 -45.1528 76.7531
      vertex 44.9703 -45.2057 76.7428
    endloop
  endfacet
  facet normal -0.634867 -0.772621 0
    outer loop
      vertex 44.9703 -43.1826 86
      vertex 45.0348 -43.2356 75.0449
      vertex 45.0348 -43.2356 86
    endloop
  endfacet
  facet normal -0.634867 -0.772621 0
    outer loop
      vertex 45.0348 -43.2356 75.0449
      vertex 44.9703 -43.1826 86
      vertex 44.9703 -43.1826 74.9403
    endloop
  endfacet
  facet normal -0.413352 -0.910572 0
    outer loop
      vertex 44.6821 -43.0162 86
      vertex 44.7581 -43.0507 74.6336
      vertex 44.7581 -43.0507 86
    endloop
  endfacet
  facet normal -0.413352 -0.910572 0
    outer loop
      vertex 44.7581 -43.0507 74.6336
      vertex 44.6821 -43.0162 86
      vertex 44.6821 -43.0162 74.5352
    endloop
  endfacet
  facet normal 0.471024 -0.882121 0
    outer loop
      vertex 43.5567 -43.09 86
      vertex 43.6303 -43.0507 73.6288
      vertex 43.6303 -43.0507 86
    endloop
  endfacet
  facet normal 0.471024 -0.882121 0
    outer loop
      vertex 43.6303 -43.0507 73.6288
      vertex 43.5567 -43.09 86
      vertex 43.5567 -43.09 73.5982
    endloop
  endfacet
  facet normal -0.683981 0.7295 0
    outer loop
      vertex 45.0957 -45.0957 76.7565
      vertex 45.0348 -45.1528 86
      vertex 45.0957 -45.0957 86
    endloop
  endfacet
  facet normal -0.683981 0.7295 0
    outer loop
      vertex 45.0348 -45.1528 86
      vertex 45.0957 -45.0957 76.7565
      vertex 45.0348 -45.1528 76.7531
    endloop
  endfacet
  facet normal -0.471024 -0.882121 0
    outer loop
      vertex 44.7581 -43.0507 86
      vertex 44.8317 -43.09 74.7342
      vertex 44.8317 -43.09 86
    endloop
  endfacet
  facet normal -0.471024 -0.882121 0
    outer loop
      vertex 44.8317 -43.09 74.7342
      vertex 44.7581 -43.0507 86
      vertex 44.7581 -43.0507 74.6336
    endloop
  endfacet
  facet normal 0.986652 -0.162845 0
    outer loop
      vertex 42.9301 -44.0278 73.8755
      vertex 42.9437 -43.9454 86
      vertex 42.9301 -44.0278 86
    endloop
  endfacet
  facet normal 0.986652 -0.162845 0
    outer loop
      vertex 42.9437 -43.9454 86
      vertex 42.9301 -44.0278 73.8755
      vertex 42.9437 -43.9454 73.8142
    endloop
  endfacet
  facet normal -0.683343 -0.730098 0
    outer loop
      vertex 45.0348 -43.2356 86
      vertex 45.0957 -43.2926 75.15
      vertex 45.0957 -43.2926 86
    endloop
  endfacet
  facet normal -0.683343 -0.730098 0
    outer loop
      vertex 45.0957 -43.2926 75.15
      vertex 45.0348 -43.2356 86
      vertex 45.0348 -43.2356 75.0449
    endloop
  endfacet
  facet normal 0.999476 -0.0323571 0
    outer loop
      vertex 42.9192 -44.1942 74.014
      vertex 42.9219 -44.1108 86
      vertex 42.9192 -44.1942 86
    endloop
  endfacet
  facet normal 0.999476 -0.0323571 0
    outer loop
      vertex 42.9219 -44.1108 86
      vertex 42.9192 -44.1942 74.014
      vertex 42.9219 -44.1108 73.9422
    endloop
  endfacet
  facet normal -0.995272 -0.0971289 0
    outer loop
      vertex 45.4664 -44.1108 76.2092
      vertex 45.4583 -44.0278 86
      vertex 45.4583 -44.0278 76.128
    endloop
  endfacet
  facet normal -0.995272 -0.0971289 0
    outer loop
      vertex 45.4583 -44.0278 86
      vertex 45.4664 -44.1108 76.2092
      vertex 45.4664 -44.1108 86
    endloop
  endfacet
  facet normal -0.290207 -0.956964 0
    outer loop
      vertex 44.5242 -42.9626 86
      vertex 44.604 -42.9868 74.4395
      vertex 44.604 -42.9868 86
    endloop
  endfacet
  facet normal -0.290207 -0.956964 0
    outer loop
      vertex 44.604 -42.9868 74.4395
      vertex 44.5242 -42.9626 86
      vertex 44.5242 -42.9626 74.3467
    endloop
  endfacet
  facet normal -0.163038 -0.98662 0
    outer loop
      vertex 44.3606 -42.9301 86
      vertex 44.4429 -42.9437 74.2575
      vertex 44.4429 -42.9437 86
    endloop
  endfacet
  facet normal -0.163038 -0.98662 0
    outer loop
      vertex 44.4429 -42.9437 74.2575
      vertex 44.3606 -42.9301 86
      vertex 44.3606 -42.9301 74.172
    endloop
  endfacet
  facet normal -0.84914 -0.528168 0
    outer loop
      vertex 45.2984 -43.5567 75.5658
      vertex 45.2543 -43.4858 86
      vertex 45.2543 -43.4858 75.4634
    endloop
  endfacet
  facet normal -0.84914 -0.528168 0
    outer loop
      vertex 45.2543 -43.4858 86
      vertex 45.2984 -43.5567 75.5658
      vertex 45.2984 -43.5567 86
    endloop
  endfacet
  facet normal -0.773209 0.634151 0
    outer loop
      vertex 45.1528 -45.0348 76.7531
      vertex 45.2057 -44.9703 86
      vertex 45.2057 -44.9703 76.7428
    endloop
  endfacet
  facet normal -0.773209 0.634151 0
    outer loop
      vertex 45.2057 -44.9703 86
      vertex 45.1528 -45.0348 76.7531
      vertex 45.1528 -45.0348 86
    endloop
  endfacet
  facet normal 0.0971289 0.995272 -0
    outer loop
      vertex 44.1108 -45.4664 76.2092
      vertex 44.0278 -45.4583 86
      vertex 44.1108 -45.4664 86
    endloop
  endfacet
  facet normal 0.0971289 0.995272 0
    outer loop
      vertex 44.0278 -45.4583 86
      vertex 44.1108 -45.4664 76.2092
      vertex 44.0278 -45.4583 76.128
    endloop
  endfacet
  facet normal 0.974026 0.226434 -0
    outer loop
      vertex 42.9626 -44.5242 74.3467
      vertex 42.9437 -44.4429 86
      vertex 42.9626 -44.5242 86
    endloop
  endfacet
  facet normal 0.974026 0.226434 0
    outer loop
      vertex 42.9437 -44.4429 86
      vertex 42.9626 -44.5242 74.3467
      vertex 42.9437 -44.4429 74.2575
    endloop
  endfacet
  facet normal 0.289874 0.957065 -0
    outer loop
      vertex 43.8642 -45.4257 75.9532
      vertex 43.7843 -45.4015 86
      vertex 43.8642 -45.4257 86
    endloop
  endfacet
  facet normal 0.289874 0.957065 0
    outer loop
      vertex 43.7843 -45.4015 86
      vertex 43.8642 -45.4257 75.9532
      vertex 43.7843 -45.4015 75.8605
    endloop
  endfacet
  facet normal -0.290207 0.956964 0
    outer loop
      vertex 44.604 -45.4015 76.5908
      vertex 44.5242 -45.4257 86
      vertex 44.604 -45.4015 86
    endloop
  endfacet
  facet normal -0.290207 0.956964 0
    outer loop
      vertex 44.5242 -45.4257 86
      vertex 44.604 -45.4015 76.5908
      vertex 44.5242 -45.4257 76.5413
    endloop
  endfacet
  facet normal 0.352701 0.935736 -0
    outer loop
      vertex 43.7843 -45.4015 75.8605
      vertex 43.7063 -45.3721 86
      vertex 43.7843 -45.4015 86
    endloop
  endfacet
  facet normal 0.352701 0.935736 0
    outer loop
      vertex 43.7063 -45.3721 86
      vertex 43.7843 -45.4015 75.8605
      vertex 43.7063 -45.3721 75.7648
    endloop
  endfacet
  facet normal 0.81276 -0.582598 0
    outer loop
      vertex 43.134 -43.4858 73.5744
      vertex 43.1826 -43.418 86
      vertex 43.134 -43.4858 86
    endloop
  endfacet
  facet normal 0.81276 -0.582598 0
    outer loop
      vertex 43.1826 -43.418 86
      vertex 43.134 -43.4858 73.5744
      vertex 43.1826 -43.418 73.5572
    endloop
  endfacet
  facet normal -0.848806 0.528705 0
    outer loop
      vertex 45.2543 -44.9025 76.7256
      vertex 45.2984 -44.8317 86
      vertex 45.2984 -44.8317 76.7018
    endloop
  endfacet
  facet normal -0.848806 0.528705 0
    outer loop
      vertex 45.2984 -44.8317 86
      vertex 45.2543 -44.9025 76.7256
      vertex 45.2543 -44.9025 86
    endloop
  endfacet
  facet normal 0.730098 0.683343 -0
    outer loop
      vertex 43.2926 -45.0957 75.15
      vertex 43.2356 -45.0348 86
      vertex 43.2926 -45.0957 86
    endloop
  endfacet
  facet normal 0.730098 0.683343 0
    outer loop
      vertex 43.2356 -45.0348 86
      vertex 43.2926 -45.0957 75.15
      vertex 43.2356 -45.0348 75.0449
    endloop
  endfacet
  facet normal -0.911022 -0.412357 0
    outer loop
      vertex 45.3721 -43.7063 75.7648
      vertex 45.3377 -43.6303 86
      vertex 45.3377 -43.6303 75.6664
    endloop
  endfacet
  facet normal -0.911022 -0.412357 0
    outer loop
      vertex 45.3377 -43.6303 86
      vertex 45.3721 -43.7063 75.7648
      vertex 45.3721 -43.7063 86
    endloop
  endfacet
  facet normal -0.352305 -0.935885 0
    outer loop
      vertex 44.604 -42.9868 86
      vertex 44.6821 -43.0162 74.5352
      vertex 44.6821 -43.0162 86
    endloop
  endfacet
  facet normal -0.352305 -0.935885 0
    outer loop
      vertex 44.6821 -43.0162 74.5352
      vertex 44.604 -42.9868 86
      vertex 44.604 -42.9868 74.4395
    endloop
  endfacet
  facet normal 0.227836 0.973699 -0
    outer loop
      vertex 43.9454 -45.4447 76.0425
      vertex 43.8642 -45.4257 86
      vertex 43.9454 -45.4447 86
    endloop
  endfacet
  facet normal 0.227836 0.973699 0
    outer loop
      vertex 43.8642 -45.4257 86
      vertex 43.9454 -45.4447 76.0425
      vertex 43.8642 -45.4257 75.9532
    endloop
  endfacet
  facet normal -0.957065 -0.289874 0
    outer loop
      vertex 45.4257 -43.8642 75.9532
      vertex 45.4015 -43.7843 86
      vertex 45.4015 -43.7843 75.8605
    endloop
  endfacet
  facet normal -0.957065 -0.289874 0
    outer loop
      vertex 45.4015 -43.7843 86
      vertex 45.4257 -43.8642 75.9532
      vertex 45.4257 -43.8642 86
    endloop
  endfacet
  facet normal -0.999437 -0.0335542 0
    outer loop
      vertex 45.4692 -44.1942 76.286
      vertex 45.4664 -44.1108 86
      vertex 45.4664 -44.1108 76.2092
    endloop
  endfacet
  facet normal -0.999437 -0.0335542 0
    outer loop
      vertex 45.4664 -44.1108 86
      vertex 45.4692 -44.1942 76.286
      vertex 45.4692 -44.1942 86
    endloop
  endfacet
  facet normal -0.582598 -0.81276 0
    outer loop
      vertex 44.9025 -43.134 86
      vertex 44.9703 -43.1826 74.9403
      vertex 44.9703 -43.1826 86
    endloop
  endfacet
  facet normal -0.582598 -0.81276 0
    outer loop
      vertex 44.9703 -43.1826 74.9403
      vertex 44.9025 -43.134 86
      vertex 44.9025 -43.134 74.8366
    endloop
  endfacet
  facet normal 0.882121 0.471024 -0
    outer loop
      vertex 43.09 -44.8317 74.7342
      vertex 43.0507 -44.7581 86
      vertex 43.09 -44.8317 86
    endloop
  endfacet
  facet normal 0.882121 0.471024 0
    outer loop
      vertex 43.0507 -44.7581 86
      vertex 43.09 -44.8317 74.7342
      vertex 43.0507 -44.7581 74.6336
    endloop
  endfacet
  facet normal -0.935885 0.352305 0
    outer loop
      vertex 45.3721 -44.6821 76.6342
      vertex 45.4015 -44.604 86
      vertex 45.4015 -44.604 76.5908
    endloop
  endfacet
  facet normal -0.935885 0.352305 0
    outer loop
      vertex 45.4015 -44.604 86
      vertex 45.3721 -44.6821 76.6342
      vertex 45.3721 -44.6821 86
    endloop
  endfacet
  facet normal -0.973762 0.22757 0
    outer loop
      vertex 45.4257 -44.5242 76.5413
      vertex 45.4447 -44.4429 86
      vertex 45.4447 -44.4429 76.4858
    endloop
  endfacet
  facet normal -0.973762 0.22757 0
    outer loop
      vertex 45.4447 -44.4429 86
      vertex 45.4257 -44.5242 76.5413
      vertex 45.4257 -44.5242 86
    endloop
  endfacet
  facet normal 0.935885 0.352305 -0
    outer loop
      vertex 43.0162 -44.6821 74.5352
      vertex 42.9868 -44.604 86
      vertex 43.0162 -44.6821 86
    endloop
  endfacet
  facet normal 0.935885 0.352305 0
    outer loop
      vertex 42.9868 -44.604 86
      vertex 43.0162 -44.6821 74.5352
      vertex 42.9868 -44.604 74.4395
    endloop
  endfacet
  facet normal -0.986652 -0.162845 0
    outer loop
      vertex 45.4583 -44.0278 76.128
      vertex 45.4447 -43.9454 86
      vertex 45.4447 -43.9454 76.0425
    endloop
  endfacet
  facet normal -0.986652 -0.162845 0
    outer loop
      vertex 45.4447 -43.9454 86
      vertex 45.4583 -44.0278 76.128
      vertex 45.4583 -44.0278 86
    endloop
  endfacet
  facet normal -0.935736 -0.352701 0
    outer loop
      vertex 45.4015 -43.7843 75.8605
      vertex 45.3721 -43.7063 86
      vertex 45.3721 -43.7063 75.7648
    endloop
  endfacet
  facet normal -0.935736 -0.352701 0
    outer loop
      vertex 45.3721 -43.7063 86
      vertex 45.4015 -43.7843 75.8605
      vertex 45.4015 -43.7843 86
    endloop
  endfacet
  facet normal -0.882121 0.471024 0
    outer loop
      vertex 45.2984 -44.8317 76.7018
      vertex 45.3377 -44.7581 86
      vertex 45.3377 -44.7581 76.6712
    endloop
  endfacet
  facet normal -0.882121 0.471024 0
    outer loop
      vertex 45.3377 -44.7581 86
      vertex 45.2984 -44.8317 76.7018
      vertex 45.2984 -44.8317 86
    endloop
  endfacet
  facet normal -0.956964 0.290207 0
    outer loop
      vertex 45.4015 -44.604 76.5908
      vertex 45.4257 -44.5242 86
      vertex 45.4257 -44.5242 76.5413
    endloop
  endfacet
  facet normal -0.956964 0.290207 0
    outer loop
      vertex 45.4257 -44.5242 86
      vertex 45.4015 -44.604 76.5908
      vertex 45.4015 -44.604 86
    endloop
  endfacet
  facet normal -0.226434 -0.974026 0
    outer loop
      vertex 44.4429 -42.9437 86
      vertex 44.5242 -42.9626 74.3467
      vertex 44.5242 -42.9626 86
    endloop
  endfacet
  facet normal -0.226434 -0.974026 0
    outer loop
      vertex 44.5242 -42.9626 74.3467
      vertex 44.4429 -42.9437 86
      vertex 44.4429 -42.9437 74.2575
    endloop
  endfacet
  facet normal -0.973699 -0.227836 0
    outer loop
      vertex 45.4447 -43.9454 76.0425
      vertex 45.4257 -43.8642 86
      vertex 45.4257 -43.8642 75.9532
    endloop
  endfacet
  facet normal -0.973699 -0.227836 0
    outer loop
      vertex 45.4257 -43.8642 86
      vertex 45.4447 -43.9454 76.0425
      vertex 45.4447 -43.9454 86
    endloop
  endfacet
  facet normal -0.0983165 -0.995155 0
    outer loop
      vertex 44.2776 -42.9219 86
      vertex 44.3606 -42.9301 74.172
      vertex 44.3606 -42.9301 86
    endloop
  endfacet
  facet normal -0.0983165 -0.995155 0
    outer loop
      vertex 44.3606 -42.9301 74.172
      vertex 44.2776 -42.9219 86
      vertex 44.2776 -42.9219 74.0908
    endloop
  endfacet
  facet normal -0.995272 0.0971289 0
    outer loop
      vertex 45.4583 -44.3606 76.4245
      vertex 45.4664 -44.2776 86
      vertex 45.4664 -44.2776 76.3578
    endloop
  endfacet
  facet normal -0.995272 0.0971289 0
    outer loop
      vertex 45.4664 -44.2776 86
      vertex 45.4583 -44.3606 76.4245
      vertex 45.4583 -44.3606 86
    endloop
  endfacet
  facet normal 0.582598 -0.81276 0
    outer loop
      vertex 43.418 -43.1826 86
      vertex 43.4858 -43.134 73.5744
      vertex 43.4858 -43.134 86
    endloop
  endfacet
  facet normal 0.582598 -0.81276 0
    outer loop
      vertex 43.4858 -43.134 73.5744
      vertex 43.418 -43.1826 86
      vertex 43.418 -43.1826 73.5572
    endloop
  endfacet
  facet normal 0.910572 0.413352 -0
    outer loop
      vertex 43.0507 -44.7581 74.6336
      vertex 43.0162 -44.6821 86
      vertex 43.0507 -44.7581 86
    endloop
  endfacet
  facet normal 0.910572 0.413352 0
    outer loop
      vertex 43.0162 -44.6821 86
      vertex 43.0507 -44.7581 74.6336
      vertex 43.0162 -44.6821 74.5352
    endloop
  endfacet
  facet normal 0.973965 -0.226699 0
    outer loop
      vertex 42.9437 -43.9454 73.8142
      vertex 42.9626 -43.8642 86
      vertex 42.9437 -43.9454 86
    endloop
  endfacet
  facet normal 0.973965 -0.226699 0
    outer loop
      vertex 42.9626 -43.8642 86
      vertex 42.9437 -43.9454 73.8142
      vertex 42.9626 -43.8642 73.7587
    endloop
  endfacet
  facet normal -0.527841 -0.849343 0
    outer loop
      vertex 44.8317 -43.09 86
      vertex 44.9025 -43.134 74.8366
      vertex 44.9025 -43.134 86
    endloop
  endfacet
  facet normal -0.527841 -0.849343 0
    outer loop
      vertex 44.9025 -43.134 74.8366
      vertex 44.8317 -43.09 86
      vertex 44.8317 -43.09 74.7342
    endloop
  endfacet
  facet normal -0.471024 0.882121 0
    outer loop
      vertex 44.8317 -45.2984 76.7018
      vertex 44.7581 -45.3377 86
      vertex 44.8317 -45.2984 86
    endloop
  endfacet
  facet normal -0.471024 0.882121 0
    outer loop
      vertex 44.7581 -45.3377 86
      vertex 44.8317 -45.2984 76.7018
      vertex 44.7581 -45.3377 76.6712
    endloop
  endfacet
  facet normal -0.582598 0.81276 0
    outer loop
      vertex 44.9703 -45.2057 76.7428
      vertex 44.9025 -45.2543 86
      vertex 44.9703 -45.2057 86
    endloop
  endfacet
  facet normal -0.582598 0.81276 0
    outer loop
      vertex 44.9025 -45.2543 86
      vertex 44.9703 -45.2057 76.7428
      vertex 44.9025 -45.2543 76.7256
    endloop
  endfacet
  facet normal 0.910572 -0.413352 0
    outer loop
      vertex 43.0162 -43.7063 73.6658
      vertex 43.0507 -43.6303 86
      vertex 43.0162 -43.7063 86
    endloop
  endfacet
  facet normal 0.910572 -0.413352 0
    outer loop
      vertex 43.0507 -43.6303 86
      vertex 43.0162 -43.7063 73.6658
      vertex 43.0507 -43.6303 73.6288
    endloop
  endfacet
  facet normal 0.935736 -0.352701 0
    outer loop
      vertex 42.9868 -43.7843 73.7092
      vertex 43.0162 -43.7063 86
      vertex 42.9868 -43.7843 86
    endloop
  endfacet
  facet normal 0.935736 -0.352701 0
    outer loop
      vertex 43.0162 -43.7063 86
      vertex 42.9868 -43.7843 73.7092
      vertex 43.0162 -43.7063 73.6658
    endloop
  endfacet
  facet normal 0.527303 -0.849677 0
    outer loop
      vertex 43.4858 -43.134 86
      vertex 43.5567 -43.09 73.5982
      vertex 43.5567 -43.09 86
    endloop
  endfacet
  facet normal 0.527303 -0.849677 0
    outer loop
      vertex 43.5567 -43.09 73.5982
      vertex 43.4858 -43.134 86
      vertex 43.4858 -43.134 73.5744
    endloop
  endfacet
  facet normal -0.773209 -0.634151 0
    outer loop
      vertex 45.2057 -43.418 75.3597
      vertex 45.1528 -43.3535 86
      vertex 45.1528 -43.3535 75.2551
    endloop
  endfacet
  facet normal -0.773209 -0.634151 0
    outer loop
      vertex 45.1528 -43.3535 86
      vertex 45.2057 -43.418 75.3597
      vertex 45.2057 -43.418 86
    endloop
  endfacet
  facet normal -0.882121 -0.471024 0
    outer loop
      vertex 45.3377 -43.6303 75.6664
      vertex 45.2984 -43.5567 86
      vertex 45.2984 -43.5567 75.5658
    endloop
  endfacet
  facet normal -0.882121 -0.471024 0
    outer loop
      vertex 45.2984 -43.5567 86
      vertex 45.3377 -43.6303 75.6664
      vertex 45.3377 -43.6303 86
    endloop
  endfacet
  facet normal 0.412357 0.911022 -0
    outer loop
      vertex 43.7063 -45.3721 75.7648
      vertex 43.6303 -45.3377 86
      vertex 43.7063 -45.3721 86
    endloop
  endfacet
  facet normal 0.412357 0.911022 0
    outer loop
      vertex 43.6303 -45.3377 86
      vertex 43.7063 -45.3721 75.7648
      vertex 43.6303 -45.3377 75.6664
    endloop
  endfacet
  facet normal 0.413352 -0.910572 0
    outer loop
      vertex 43.6303 -43.0507 86
      vertex 43.7063 -43.0162 73.6658
      vertex 43.7063 -43.0162 86
    endloop
  endfacet
  facet normal 0.413352 -0.910572 0
    outer loop
      vertex 43.7063 -43.0162 73.6658
      vertex 43.6303 -43.0507 86
      vertex 43.6303 -43.0507 73.6288
    endloop
  endfacet
  facet normal -0.0323571 -0.999476 0
    outer loop
      vertex 44.1942 -42.9192 86
      vertex 44.2776 -42.9219 74.0908
      vertex 44.2776 -42.9219 86
    endloop
  endfacet
  facet normal -0.0323571 -0.999476 0
    outer loop
      vertex 44.2776 -42.9219 74.0908
      vertex 44.1942 -42.9192 86
      vertex 44.1942 -42.9192 74.014
    endloop
  endfacet
  facet normal 0.634867 -0.772621 0
    outer loop
      vertex 43.3535 -43.2356 86
      vertex 43.418 -43.1826 73.5572
      vertex 43.418 -43.1826 86
    endloop
  endfacet
  facet normal 0.634867 -0.772621 0
    outer loop
      vertex 43.418 -43.1826 73.5572
      vertex 43.3535 -43.2356 86
      vertex 43.3535 -43.2356 73.5469
    endloop
  endfacet
  facet normal 0.0983165 -0.995155 0
    outer loop
      vertex 44.0278 -42.9301 86
      vertex 44.1108 -42.9219 73.9422
      vertex 44.1108 -42.9219 86
    endloop
  endfacet
  facet normal 0.0983165 -0.995155 0
    outer loop
      vertex 44.1108 -42.9219 73.9422
      vertex 44.0278 -42.9301 86
      vertex 44.0278 -42.9301 73.8755
    endloop
  endfacet
  facet normal 0.882121 -0.471024 0
    outer loop
      vertex 43.0507 -43.6303 73.6288
      vertex 43.09 -43.5567 86
      vertex 43.0507 -43.6303 86
    endloop
  endfacet
  facet normal 0.882121 -0.471024 0
    outer loop
      vertex 43.09 -43.5567 86
      vertex 43.0507 -43.6303 73.6288
      vertex 43.09 -43.5567 73.5982
    endloop
  endfacet
  facet normal -0.7295 -0.683981 0
    outer loop
      vertex 45.1528 -43.3535 75.2551
      vertex 45.0957 -43.2926 86
      vertex 45.0957 -43.2926 75.15
    endloop
  endfacet
  facet normal -0.7295 -0.683981 0
    outer loop
      vertex 45.0957 -43.2926 86
      vertex 45.1528 -43.3535 75.2551
      vertex 45.1528 -43.3535 86
    endloop
  endfacet
  facet normal -0.81276 0.582598 0
    outer loop
      vertex 45.2057 -44.9703 76.7428
      vertex 45.2543 -44.9025 86
      vertex 45.2543 -44.9025 76.7256
    endloop
  endfacet
  facet normal -0.81276 0.582598 0
    outer loop
      vertex 45.2543 -44.9025 86
      vertex 45.2057 -44.9703 76.7428
      vertex 45.2057 -44.9703 86
    endloop
  endfacet
  facet normal 0.162845 0.986652 -0
    outer loop
      vertex 44.0278 -45.4583 76.128
      vertex 43.9454 -45.4447 86
      vertex 44.0278 -45.4583 86
    endloop
  endfacet
  facet normal 0.162845 0.986652 0
    outer loop
      vertex 43.9454 -45.4447 86
      vertex 44.0278 -45.4583 76.128
      vertex 43.9454 -45.4447 76.0425
    endloop
  endfacet
  facet normal -0.528705 0.848806 0
    outer loop
      vertex 44.9025 -45.2543 76.7256
      vertex 44.8317 -45.2984 86
      vertex 44.9025 -45.2543 86
    endloop
  endfacet
  facet normal -0.528705 0.848806 0
    outer loop
      vertex 44.8317 -45.2984 86
      vertex 44.9025 -45.2543 76.7256
      vertex 44.8317 -45.2984 76.7018
    endloop
  endfacet
  facet normal -0.911022 0.412357 0
    outer loop
      vertex 45.3377 -44.7581 76.6712
      vertex 45.3721 -44.6821 86
      vertex 45.3721 -44.6821 76.6342
    endloop
  endfacet
  facet normal -0.911022 0.412357 0
    outer loop
      vertex 45.3721 -44.6821 86
      vertex 45.3377 -44.7581 76.6712
      vertex 45.3377 -44.7581 86
    endloop
  endfacet
  facet normal 0.730098 -0.683343 0
    outer loop
      vertex 43.2356 -43.3535 73.5469
      vertex 43.2926 -43.2926 86
      vertex 43.2356 -43.3535 86
    endloop
  endfacet
  facet normal 0.730098 -0.683343 0
    outer loop
      vertex 43.2926 -43.2926 86
      vertex 43.2356 -43.3535 73.5469
      vertex 43.2926 -43.2926 73.5435
    endloop
  endfacet
  facet normal 0.956964 0.290207 -0
    outer loop
      vertex 42.9868 -44.604 74.4395
      vertex 42.9626 -44.5242 86
      vertex 42.9868 -44.604 86
    endloop
  endfacet
  facet normal 0.956964 0.290207 0
    outer loop
      vertex 42.9626 -44.5242 86
      vertex 42.9868 -44.604 74.4395
      vertex 42.9626 -44.5242 74.3467
    endloop
  endfacet
  facet normal 0.849343 0.527841 -0
    outer loop
      vertex 43.134 -44.9025 74.8366
      vertex 43.09 -44.8317 86
      vertex 43.134 -44.9025 86
    endloop
  endfacet
  facet normal 0.849343 0.527841 0
    outer loop
      vertex 43.09 -44.8317 86
      vertex 43.134 -44.9025 74.8366
      vertex 43.09 -44.8317 74.7342
    endloop
  endfacet
  facet normal 0.995155 -0.0983165 0
    outer loop
      vertex 42.9219 -44.1108 73.9422
      vertex 42.9301 -44.0278 86
      vertex 42.9219 -44.1108 86
    endloop
  endfacet
  facet normal 0.995155 -0.0983165 0
    outer loop
      vertex 42.9301 -44.0278 86
      vertex 42.9219 -44.1108 73.9422
      vertex 42.9301 -44.0278 73.8755
    endloop
  endfacet
  facet normal -0.22757 0.973762 0
    outer loop
      vertex 44.5242 -45.4257 76.5413
      vertex 44.4429 -45.4447 86
      vertex 44.5242 -45.4257 86
    endloop
  endfacet
  facet normal -0.22757 0.973762 0
    outer loop
      vertex 44.4429 -45.4447 86
      vertex 44.5242 -45.4257 76.5413
      vertex 44.4429 -45.4447 76.4858
    endloop
  endfacet
  facet normal 0.98662 0.163038 -0
    outer loop
      vertex 42.9437 -44.4429 74.2575
      vertex 42.9301 -44.3606 86
      vertex 42.9437 -44.4429 86
    endloop
  endfacet
  facet normal 0.98662 0.163038 0
    outer loop
      vertex 42.9301 -44.3606 86
      vertex 42.9437 -44.4429 74.2575
      vertex 42.9301 -44.3606 74.172
    endloop
  endfacet
  facet normal 0.0335542 0.999437 -0
    outer loop
      vertex 44.1942 -45.4692 76.286
      vertex 44.1108 -45.4664 86
      vertex 44.1942 -45.4692 86
    endloop
  endfacet
  facet normal 0.0335542 0.999437 0
    outer loop
      vertex 44.1108 -45.4664 86
      vertex 44.1942 -45.4692 76.286
      vertex 44.1108 -45.4664 76.2092
    endloop
  endfacet
  facet normal -0.0335542 0.999437 0
    outer loop
      vertex 44.2776 -45.4664 76.3578
      vertex 44.1942 -45.4692 86
      vertex 44.2776 -45.4664 86
    endloop
  endfacet
  facet normal -0.0335542 0.999437 0
    outer loop
      vertex 44.1942 -45.4692 86
      vertex 44.2776 -45.4664 76.3578
      vertex 44.1942 -45.4692 76.286
    endloop
  endfacet
  facet normal 0.352701 -0.935736 0
    outer loop
      vertex 43.7063 -43.0162 86
      vertex 43.7843 -42.9868 73.7092
      vertex 43.7843 -42.9868 86
    endloop
  endfacet
  facet normal 0.352701 -0.935736 0
    outer loop
      vertex 43.7843 -42.9868 73.7092
      vertex 43.7063 -43.0162 86
      vertex 43.7063 -43.0162 73.6658
    endloop
  endfacet
  facet normal 0.0323571 -0.999476 0
    outer loop
      vertex 44.1108 -42.9219 86
      vertex 44.1942 -42.9192 74.014
      vertex 44.1942 -42.9192 86
    endloop
  endfacet
  facet normal 0.0323571 -0.999476 0
    outer loop
      vertex 44.1942 -42.9192 74.014
      vertex 44.1108 -42.9219 86
      vertex 44.1108 -42.9219 73.9422
    endloop
  endfacet
  facet normal -0.999437 0.0335542 0
    outer loop
      vertex 45.4664 -44.2776 76.3578
      vertex 45.4692 -44.1942 86
      vertex 45.4692 -44.1942 76.286
    endloop
  endfacet
  facet normal -0.999437 0.0335542 0
    outer loop
      vertex 45.4692 -44.1942 86
      vertex 45.4664 -44.2776 76.3578
      vertex 45.4664 -44.2776 86
    endloop
  endfacet
  facet normal -0.163038 0.98662 0
    outer loop
      vertex 44.4429 -45.4447 76.4858
      vertex 44.3606 -45.4583 86
      vertex 44.4429 -45.4447 86
    endloop
  endfacet
  facet normal -0.163038 0.98662 0
    outer loop
      vertex 44.3606 -45.4583 86
      vertex 44.4429 -45.4447 76.4858
      vertex 44.3606 -45.4583 76.4245
    endloop
  endfacet
  facet normal 0.995155 0.0983165 -0
    outer loop
      vertex 42.9301 -44.3606 74.172
      vertex 42.9219 -44.2776 86
      vertex 42.9301 -44.3606 86
    endloop
  endfacet
  facet normal 0.995155 0.0983165 0
    outer loop
      vertex 42.9219 -44.2776 86
      vertex 42.9301 -44.3606 74.172
      vertex 42.9219 -44.2776 74.0908
    endloop
  endfacet
  facet normal 0.683343 -0.730098 0
    outer loop
      vertex 43.2926 -43.2926 86
      vertex 43.3535 -43.2356 73.5469
      vertex 43.3535 -43.2356 86
    endloop
  endfacet
  facet normal 0.683343 -0.730098 0
    outer loop
      vertex 43.3535 -43.2356 73.5469
      vertex 43.2926 -43.2926 86
      vertex 43.2926 -43.2926 73.5435
    endloop
  endfacet
  facet normal 0.957065 -0.289874 0
    outer loop
      vertex 42.9626 -43.8642 73.7587
      vertex 42.9868 -43.7843 86
      vertex 42.9626 -43.8642 86
    endloop
  endfacet
  facet normal 0.957065 -0.289874 0
    outer loop
      vertex 42.9868 -43.7843 86
      vertex 42.9626 -43.8642 73.7587
      vertex 42.9868 -43.7843 73.7092
    endloop
  endfacet
  facet normal 0.528168 0.84914 -0
    outer loop
      vertex 43.5567 -45.2984 75.5658
      vertex 43.4858 -45.2543 86
      vertex 43.5567 -45.2984 86
    endloop
  endfacet
  facet normal 0.528168 0.84914 0
    outer loop
      vertex 43.4858 -45.2543 86
      vertex 43.5567 -45.2984 75.5658
      vertex 43.4858 -45.2543 75.4634
    endloop
  endfacet
  facet normal 0.582598 0.81276 -0
    outer loop
      vertex 43.4858 -45.2543 75.4634
      vertex 43.418 -45.2057 86
      vertex 43.4858 -45.2543 86
    endloop
  endfacet
  facet normal 0.582598 0.81276 0
    outer loop
      vertex 43.418 -45.2057 86
      vertex 43.4858 -45.2543 75.4634
      vertex 43.418 -45.2057 75.3597
    endloop
  endfacet
  facet normal 0.999476 0.0323571 -0
    outer loop
      vertex 42.9219 -44.2776 74.0908
      vertex 42.9192 -44.1942 86
      vertex 42.9219 -44.2776 86
    endloop
  endfacet
  facet normal 0.999476 0.0323571 0
    outer loop
      vertex 42.9192 -44.1942 86
      vertex 42.9219 -44.2776 74.0908
      vertex 42.9192 -44.1942 74.014
    endloop
  endfacet
  facet normal 0.141421 -0.989949 0
    outer loop
      vertex 18.0083 51.3412 0
      vertex 18.0909 51.353 12.9
      vertex 18.0083 51.3412 12.9
    endloop
  endfacet
  facet normal 0.141421 -0.989949 0
    outer loop
      vertex 18.0909 51.353 12.9
      vertex 18.0083 51.3412 0
      vertex 18.0909 51.353 0
    endloop
  endfacet
  facet normal -0.431795 -0.901972 0
    outer loop
      vertex 18.7432 51.2526 0
      vertex 18.8184 51.2166 12.9
      vertex 18.7432 51.2526 12.9
    endloop
  endfacet
  facet normal -0.431795 -0.901972 -0
    outer loop
      vertex 18.8184 51.2166 12.9
      vertex 18.7432 51.2526 0
      vertex 18.8184 51.2166 0
    endloop
  endfacet
  facet normal -0.247886 -0.968789 0
    outer loop
      vertex 18.5056 51.3304 0
      vertex 18.5865 51.3097 12.9
      vertex 18.5056 51.3304 12.9
    endloop
  endfacet
  facet normal -0.247886 -0.968789 -0
    outer loop
      vertex 18.5865 51.3097 12.9
      vertex 18.5056 51.3304 0
      vertex 18.5865 51.3097 0
    endloop
  endfacet
  facet normal -0.311906 -0.950113 0
    outer loop
      vertex 18.5865 51.3097 0
      vertex 18.6657 51.2837 12.9
      vertex 18.5865 51.3097 12.9
    endloop
  endfacet
  facet normal -0.311906 -0.950113 -0
    outer loop
      vertex 18.6657 51.2837 12.9
      vertex 18.5865 51.3097 0
      vertex 18.6657 51.2837 0
    endloop
  endfacet
  facet normal -0.184578 -0.982818 0
    outer loop
      vertex 18.4236 51.3458 0
      vertex 18.5056 51.3304 12.9
      vertex 18.4236 51.3458 12.9
    endloop
  endfacet
  facet normal -0.184578 -0.982818 -0
    outer loop
      vertex 18.5056 51.3304 12.9
      vertex 18.4236 51.3458 0
      vertex 18.5056 51.3304 0
    endloop
  endfacet
  facet normal -0.332005 0.943278 0
    outer loop
      vertex 18.6918 48.8973 0
      vertex 18.6131 48.8696 12.9
      vertex 18.6918 48.8973 12.9
    endloop
  endfacet
  facet normal -0.332005 0.943278 0
    outer loop
      vertex 18.6131 48.8696 12.9
      vertex 18.6918 48.8973 0
      vertex 18.6131 48.8696 0
    endloop
  endfacet
  facet normal 0.744959 0.66711 0
    outer loop
      vertex 17.3087 49.2039 12.9
      vertex 17.253 49.2661 0
      vertex 17.253 49.2661 12.9
    endloop
  endfacet
  facet normal 0.744959 0.66711 0
    outer loop
      vertex 17.253 49.2661 0
      vertex 17.3087 49.2039 12.9
      vertex 17.3087 49.2039 0
    endloop
  endfacet
  facet normal 0.269808 -0.962914 0
    outer loop
      vertex 17.8463 51.3016 0
      vertex 17.9266 51.3241 12.9
      vertex 17.8463 51.3016 12.9
    endloop
  endfacet
  facet normal 0.269808 -0.962914 0
    outer loop
      vertex 17.9266 51.3241 12.9
      vertex 17.8463 51.3016 0
      vertex 17.9266 51.3241 0
    endloop
  endfacet
  facet normal 0.714261 -0.69988 0
    outer loop
      vertex 17.2896 50.947 12.9
      vertex 17.348 51.0066 0
      vertex 17.348 51.0066 12.9
    endloop
  endfacet
  facet normal 0.714261 -0.69988 0
    outer loop
      vertex 17.348 51.0066 0
      vertex 17.2896 50.947 12.9
      vertex 17.2896 50.947 0
    endloop
  endfacet
  facet normal -0.943278 -0.332005 0
    outer loop
      vertex 19.4457 50.469 0
      vertex 19.418 50.5477 12.9
      vertex 19.418 50.5477 0
    endloop
  endfacet
  facet normal -0.943278 -0.332005 0
    outer loop
      vertex 19.418 50.5477 12.9
      vertex 19.4457 50.469 0
      vertex 19.4457 50.469 12.9
    endloop
  endfacet
  facet normal -0.452003 0.892016 0
    outer loop
      vertex 18.8429 48.9678 0
      vertex 18.7685 48.9301 12.9
      vertex 18.8429 48.9678 12.9
    endloop
  endfacet
  facet normal -0.452003 0.892016 0
    outer loop
      vertex 18.7685 48.9301 12.9
      vertex 18.8429 48.9678 0
      vertex 18.7685 48.9301 0
    endloop
  endfacet
  facet normal -0.71486 0.699268 0
    outer loop
      vertex 19.1114 49.1646 0
      vertex 19.1697 49.2242 12.9
      vertex 19.1697 49.2242 0
    endloop
  endfacet
  facet normal -0.71486 0.699268 0
    outer loop
      vertex 19.1697 49.2242 12.9
      vertex 19.1114 49.1646 0
      vertex 19.1114 49.1646 12.9
    endloop
  endfacet
  facet normal -0.206252 0.978499 0
    outer loop
      vertex 18.5327 48.8472 0
      vertex 18.4511 48.83 12.9
      vertex 18.5327 48.8472 12.9
    endloop
  endfacet
  facet normal -0.206252 0.978499 0
    outer loop
      vertex 18.4511 48.83 12.9
      vertex 18.5327 48.8472 0
      vertex 18.4511 48.83 0
    endloop
  endfacet
  facet normal -0.617504 0.786568 0
    outer loop
      vertex 19.0492 49.1089 0
      vertex 18.9836 49.0574 12.9
      vertex 19.0492 49.1089 12.9
    endloop
  endfacet
  facet normal -0.617504 0.786568 0
    outer loop
      vertex 18.9836 49.0574 12.9
      vertex 19.0492 49.1089 0
      vertex 18.9836 49.0574 0
    endloop
  endfacet
  facet normal -0.901504 0.43277 0
    outer loop
      vertex 19.3606 49.4969 0
      vertex 19.3967 49.5721 12.9
      vertex 19.3967 49.5721 0
    endloop
  endfacet
  facet normal -0.901504 0.43277 0
    outer loop
      vertex 19.3967 49.5721 12.9
      vertex 19.3606 49.4969 0
      vertex 19.3606 49.4969 12.9
    endloop
  endfacet
  facet normal 0.927897 -0.372837 0
    outer loop
      vertex 17.0316 50.5217 12.9
      vertex 17.0627 50.5991 0
      vertex 17.0627 50.5991 12.9
    endloop
  endfacet
  facet normal 0.927897 -0.372837 0
    outer loop
      vertex 17.0627 50.5991 0
      vertex 17.0316 50.5217 12.9
      vertex 17.0316 50.5217 0
    endloop
  endfacet
  facet normal -0.989949 -0.141421 0
    outer loop
      vertex 19.4971 50.2244 0
      vertex 19.4853 50.307 12.9
      vertex 19.4853 50.307 0
    endloop
  endfacet
  facet normal -0.989949 -0.141421 0
    outer loop
      vertex 19.4853 50.307 12.9
      vertex 19.4971 50.2244 0
      vertex 19.4971 50.2244 12.9
    endloop
  endfacet
  facet normal -0.372423 -0.928063 0
    outer loop
      vertex 18.6657 51.2837 0
      vertex 18.7432 51.2526 12.9
      vertex 18.6657 51.2837 12.9
    endloop
  endfacet
  facet normal -0.372423 -0.928063 -0
    outer loop
      vertex 18.7432 51.2526 12.9
      vertex 18.6657 51.2837 0
      vertex 18.7432 51.2526 0
    endloop
  endfacet
  facet normal 0.667705 -0.744426 0
    outer loop
      vertex 17.348 51.0066 0
      vertex 17.4101 51.0623 12.9
      vertex 17.348 51.0066 12.9
    endloop
  endfacet
  facet normal 0.667705 -0.744426 0
    outer loop
      vertex 17.4101 51.0623 12.9
      vertex 17.348 51.0066 0
      vertex 17.4101 51.0623 0
    endloop
  endfacet
  facet normal 0.0766965 -0.997054 0
    outer loop
      vertex 18.0909 51.353 0
      vertex 18.1741 51.3594 12.9
      vertex 18.0909 51.353 12.9
    endloop
  endfacet
  facet normal 0.0766965 -0.997054 0
    outer loop
      vertex 18.1741 51.3594 12.9
      vertex 18.0909 51.353 0
      vertex 18.1741 51.3594 0
    endloop
  endfacet
  facet normal -0.119902 -0.992786 0
    outer loop
      vertex 18.3408 51.3558 0
      vertex 18.4236 51.3458 12.9
      vertex 18.3408 51.3558 12.9
    endloop
  endfacet
  facet normal -0.119902 -0.992786 -0
    outer loop
      vertex 18.4236 51.3458 12.9
      vertex 18.3408 51.3558 0
      vertex 18.4236 51.3458 0
    endloop
  endfacet
  facet normal -0.599808 -0.800144 0
    outer loop
      vertex 18.961 51.13 0
      vertex 19.0277 51.08 12.9
      vertex 18.961 51.13 12.9
    endloop
  endfacet
  facet normal -0.599808 -0.800144 -0
    outer loop
      vertex 19.0277 51.08 12.9
      vertex 18.961 51.13 0
      vertex 19.0277 51.08 0
    endloop
  endfacet
  facet normal 0.490318 0.871544 -0
    outer loop
      vertex 17.6409 48.9547 0
      vertex 17.5682 48.9956 12.9
      vertex 17.6409 48.9547 12.9
    endloop
  endfacet
  facet normal 0.490318 0.871544 0
    outer loop
      vertex 17.5682 48.9956 12.9
      vertex 17.6409 48.9547 0
      vertex 17.5682 48.9956 0
    endloop
  endfacet
  facet normal 0.982818 -0.184578 0
    outer loop
      vertex 16.9695 50.2796 12.9
      vertex 16.9849 50.3616 0
      vertex 16.9849 50.3616 12.9
    endloop
  endfacet
  facet normal 0.982818 -0.184578 0
    outer loop
      vertex 16.9849 50.3616 0
      vertex 16.9695 50.2796 12.9
      vertex 16.9695 50.2796 0
    endloop
  endfacet
  facet normal -0.91964 -0.392763 0
    outer loop
      vertex 19.418 50.5477 0
      vertex 19.3852 50.6245 12.9
      vertex 19.3852 50.6245 0
    endloop
  endfacet
  facet normal -0.91964 -0.392763 0
    outer loop
      vertex 19.3852 50.6245 12.9
      vertex 19.418 50.5477 0
      vertex 19.418 50.5477 12.9
    endloop
  endfacet
  facet normal 0.95023 -0.311551 0
    outer loop
      vertex 17.0056 50.4424 12.9
      vertex 17.0316 50.5217 0
      vertex 17.0316 50.5217 12.9
    endloop
  endfacet
  facet normal 0.95023 -0.311551 0
    outer loop
      vertex 17.0316 50.5217 0
      vertex 17.0056 50.4424 12.9
      vertex 17.0056 50.4424 0
    endloop
  endfacet
  facet normal 0.372837 0.927897 -0
    outer loop
      vertex 17.7936 48.8875 0
      vertex 17.7162 48.9186 12.9
      vertex 17.7936 48.8875 12.9
    endloop
  endfacet
  facet normal 0.372837 0.927897 0
    outer loop
      vertex 17.7162 48.9186 12.9
      vertex 17.7936 48.8875 0
      vertex 17.7162 48.9186 0
    endloop
  endfacet
  facet normal 0.18342 0.983035 -0
    outer loop
      vertex 18.0357 48.8255 0
      vertex 17.9537 48.8408 12.9
      vertex 18.0357 48.8255 12.9
    endloop
  endfacet
  facet normal 0.18342 0.983035 0
    outer loop
      vertex 17.9537 48.8408 12.9
      vertex 18.0357 48.8255 0
      vertex 17.9537 48.8408 0
    endloop
  endfacet
  facet normal 0.616922 -0.787024 0
    outer loop
      vertex 17.4101 51.0623 0
      vertex 17.4758 51.1138 12.9
      vertex 17.4101 51.0623 12.9
    endloop
  endfacet
  facet normal 0.616922 -0.787024 0
    outer loop
      vertex 17.4758 51.1138 12.9
      vertex 17.4101 51.0623 0
      vertex 17.4758 51.1138 0
    endloop
  endfacet
  facet normal 0.997054 0.0766965 0
    outer loop
      vertex 16.9623 49.9468 12.9
      vertex 16.9559 50.03 0
      vertex 16.9559 50.03 12.9
    endloop
  endfacet
  facet normal 0.997054 0.0766965 0
    outer loop
      vertex 16.9559 50.03 0
      vertex 16.9623 49.9468 12.9
      vertex 16.9623 49.9468 0
    endloop
  endfacet
  facet normal 0.119902 0.992786 -0
    outer loop
      vertex 18.1185 48.8155 0
      vertex 18.0357 48.8255 12.9
      vertex 18.1185 48.8155 12.9
    endloop
  endfacet
  facet normal 0.119902 0.992786 0
    outer loop
      vertex 18.0357 48.8255 12.9
      vertex 18.1185 48.8155 0
      vertex 18.0357 48.8255 0
    endloop
  endfacet
  facet normal 0.564899 -0.82516 0
    outer loop
      vertex 17.4758 51.1138 0
      vertex 17.5446 51.1609 12.9
      vertex 17.4758 51.1138 12.9
    endloop
  endfacet
  facet normal 0.564899 -0.82516 0
    outer loop
      vertex 17.5446 51.1609 12.9
      vertex 17.4758 51.1138 0
      vertex 17.5446 51.1609 0
    endloop
  endfacet
  facet normal 0.204863 -0.978791 0
    outer loop
      vertex 17.9266 51.3241 0
      vertex 18.0083 51.3412 12.9
      vertex 17.9266 51.3241 12.9
    endloop
  endfacet
  facet normal 0.204863 -0.978791 0
    outer loop
      vertex 18.0083 51.3412 12.9
      vertex 17.9266 51.3241 0
      vertex 18.0083 51.3412 0
    endloop
  endfacet
  facet normal -0.982818 0.184578 0
    outer loop
      vertex 19.4744 49.8097 0
      vertex 19.4898 49.8917 12.9
      vertex 19.4898 49.8917 0
    endloop
  endfacet
  facet normal -0.982818 0.184578 0
    outer loop
      vertex 19.4898 49.8917 12.9
      vertex 19.4744 49.8097 0
      vertex 19.4744 49.8097 12.9
    endloop
  endfacet
  facet normal 0.0550722 0.998482 -0
    outer loop
      vertex 18.2019 48.8109 0
      vertex 18.1185 48.8155 12.9
      vertex 18.2019 48.8109 12.9
    endloop
  endfacet
  facet normal 0.0550722 0.998482 0
    outer loop
      vertex 18.1185 48.8155 12.9
      vertex 18.2019 48.8109 0
      vertex 18.1185 48.8155 0
    endloop
  endfacet
  facet normal 0.699268 0.71486 -0
    outer loop
      vertex 17.3683 49.1456 0
      vertex 17.3087 49.2039 12.9
      vertex 17.3683 49.1456 12.9
    endloop
  endfacet
  facet normal 0.699268 0.71486 0
    outer loop
      vertex 17.3087 49.2039 12.9
      vertex 17.3683 49.1456 0
      vertex 17.3087 49.2039 0
    endloop
  endfacet
  facet normal 0.892016 0.452003 0
    outer loop
      vertex 17.1118 49.4724 12.9
      vertex 17.0741 49.5468 0
      vertex 17.0741 49.5468 12.9
    endloop
  endfacet
  facet normal 0.892016 0.452003 0
    outer loop
      vertex 17.0741 49.5468 0
      vertex 17.1118 49.4724 12.9
      vertex 17.1118 49.4724 0
    endloop
  endfacet
  facet normal -0.0107907 0.999942 0
    outer loop
      vertex 18.2853 48.8118 0
      vertex 18.2019 48.8109 12.9
      vertex 18.2853 48.8118 12.9
    endloop
  endfacet
  facet normal -0.0107907 0.999942 0
    outer loop
      vertex 18.2019 48.8109 12.9
      vertex 18.2853 48.8118 0
      vertex 18.2019 48.8109 0
    endloop
  endfacet
  facet normal -0.999942 -0.0107907 0
    outer loop
      vertex 19.5044 50.0578 0
      vertex 19.5035 50.1412 12.9
      vertex 19.5035 50.1412 0
    endloop
  endfacet
  facet normal -0.999942 -0.0107907 0
    outer loop
      vertex 19.5035 50.1412 12.9
      vertex 19.5044 50.0578 0
      vertex 19.5044 50.0578 12.9
    endloop
  endfacet
  facet normal 0.759003 -0.651088 0
    outer loop
      vertex 17.2353 50.8837 12.9
      vertex 17.2896 50.947 0
      vertex 17.2896 50.947 12.9
    endloop
  endfacet
  facet normal 0.759003 -0.651088 0
    outer loop
      vertex 17.2896 50.947 0
      vertex 17.2353 50.8837 12.9
      vertex 17.2353 50.8837 0
    endloop
  endfacet
  facet normal -0.950584 0.310468 0
    outer loop
      vertex 19.4278 49.6495 0
      vertex 19.4537 49.7288 12.9
      vertex 19.4537 49.7288 0
    endloop
  endfacet
  facet normal -0.950584 0.310468 0
    outer loop
      vertex 19.4537 49.7288 12.9
      vertex 19.4278 49.6495 0
      vertex 19.4278 49.6495 12.9
    endloop
  endfacet
  facet normal 0.992803 -0.119759 0
    outer loop
      vertex 16.9595 50.1967 12.9
      vertex 16.9695 50.2796 0
      vertex 16.9695 50.2796 12.9
    endloop
  endfacet
  facet normal 0.992803 -0.119759 0
    outer loop
      vertex 16.9695 50.2796 0
      vertex 16.9595 50.1967 12.9
      vertex 16.9595 50.1967 0
    endloop
  endfacet
  facet normal -0.75951 0.650495 0
    outer loop
      vertex 19.1697 49.2242 0
      vertex 19.224 49.2876 12.9
      vertex 19.224 49.2876 0
    endloop
  endfacet
  facet normal -0.75951 0.650495 0
    outer loop
      vertex 19.224 49.2876 12.9
      vertex 19.1697 49.2242 0
      vertex 19.1697 49.2242 12.9
    endloop
  endfacet
  facet normal -0.860545 -0.509375 0
    outer loop
      vertex 19.3475 50.6989 0
      vertex 19.305 50.7707 12.9
      vertex 19.305 50.7707 0
    endloop
  endfacet
  facet normal -0.860545 -0.509375 0
    outer loop
      vertex 19.305 50.7707 12.9
      vertex 19.3475 50.6989 0
      vertex 19.3475 50.6989 12.9
    endloop
  endfacet
  facet normal -0.82516 -0.564899 0
    outer loop
      vertex 19.305 50.7707 0
      vertex 19.2579 50.8395 12.9
      vertex 19.2579 50.8395 0
    endloop
  endfacet
  facet normal -0.82516 -0.564899 0
    outer loop
      vertex 19.2579 50.8395 12.9
      vertex 19.305 50.7707 0
      vertex 19.305 50.7707 12.9
    endloop
  endfacet
  facet normal 0.651088 0.759003 -0
    outer loop
      vertex 17.4316 49.0913 0
      vertex 17.3683 49.1456 12.9
      vertex 17.4316 49.0913 12.9
    endloop
  endfacet
  facet normal 0.651088 0.759003 0
    outer loop
      vertex 17.3683 49.1456 12.9
      vertex 17.4316 49.0913 0
      vertex 17.3683 49.1456 0
    endloop
  endfacet
  facet normal 0.901972 -0.431795 0
    outer loop
      vertex 17.0627 50.5991 12.9
      vertex 17.0987 50.6743 0
      vertex 17.0987 50.6743 12.9
    endloop
  endfacet
  facet normal 0.901972 -0.431795 0
    outer loop
      vertex 17.0987 50.6743 0
      vertex 17.0627 50.5991 12.9
      vertex 17.0627 50.5991 0
    endloop
  endfacet
  facet normal 0.332005 -0.943278 0
    outer loop
      vertex 17.7676 51.2739 0
      vertex 17.8463 51.3016 12.9
      vertex 17.7676 51.2739 12.9
    endloop
  endfacet
  facet normal 0.332005 -0.943278 0
    outer loop
      vertex 17.8463 51.3016 12.9
      vertex 17.7676 51.2739 0
      vertex 17.8463 51.3016 0
    endloop
  endfacet
  facet normal 0.999942 0.0107907 0
    outer loop
      vertex 16.9559 50.03 12.9
      vertex 16.955 50.1134 0
      vertex 16.955 50.1134 12.9
    endloop
  endfacet
  facet normal 0.999942 0.0107907 0
    outer loop
      vertex 16.955 50.1134 0
      vertex 16.9559 50.03 12.9
      vertex 16.9559 50.03 0
    endloop
  endfacet
  facet normal 0.432303 0.901729 -0
    outer loop
      vertex 17.7162 48.9186 0
      vertex 17.6409 48.9547 12.9
      vertex 17.7162 48.9186 12.9
    endloop
  endfacet
  facet normal 0.432303 0.901729 0
    outer loop
      vertex 17.6409 48.9547 12.9
      vertex 17.7162 48.9186 0
      vertex 17.6409 48.9547 0
    endloop
  endfacet
  facet normal 0.786568 0.617504 0
    outer loop
      vertex 17.253 49.2661 12.9
      vertex 17.2015 49.3317 0
      vertex 17.2015 49.3317 12.9
    endloop
  endfacet
  facet normal 0.786568 0.617504 0
    outer loop
      vertex 17.2015 49.3317 0
      vertex 17.253 49.2661 12.9
      vertex 17.253 49.2661 0
    endloop
  endfacet
  facet normal -0.892016 -0.452003 0
    outer loop
      vertex 19.3852 50.6245 0
      vertex 19.3475 50.6989 12.9
      vertex 19.3475 50.6989 0
    endloop
  endfacet
  facet normal -0.892016 -0.452003 0
    outer loop
      vertex 19.3475 50.6989 12.9
      vertex 19.3852 50.6245 0
      vertex 19.3852 50.6245 12.9
    endloop
  endfacet
  facet normal 0.310468 0.950584 -0
    outer loop
      vertex 17.8729 48.8616 0
      vertex 17.7936 48.8875 12.9
      vertex 17.8729 48.8616 12.9
    endloop
  endfacet
  facet normal 0.310468 0.950584 0
    outer loop
      vertex 17.7936 48.8875 12.9
      vertex 17.8729 48.8616 0
      vertex 17.7936 48.8875 0
    endloop
  endfacet
  facet normal 0.919888 0.392182 0
    outer loop
      vertex 17.0741 49.5468 12.9
      vertex 17.0414 49.6235 0
      vertex 17.0414 49.6235 12.9
    endloop
  endfacet
  facet normal 0.919888 0.392182 0
    outer loop
      vertex 17.0414 49.6235 0
      vertex 17.0741 49.5468 12.9
      vertex 17.0741 49.5468 0
    endloop
  endfacet
  facet normal -0.546377 -0.837539 0
    outer loop
      vertex 18.8911 51.1756 0
      vertex 18.961 51.13 12.9
      vertex 18.8911 51.1756 12.9
    endloop
  endfacet
  facet normal -0.546377 -0.837539 -0
    outer loop
      vertex 18.961 51.13 12.9
      vertex 18.8911 51.1756 0
      vertex 18.961 51.13 0
    endloop
  endfacet
  facet normal -0.744426 -0.667705 0
    outer loop
      vertex 19.2064 50.9052 0
      vertex 19.1507 50.9673 12.9
      vertex 19.1507 50.9673 0
    endloop
  endfacet
  facet normal -0.744426 -0.667705 0
    outer loop
      vertex 19.1507 50.9673 12.9
      vertex 19.2064 50.9052 0
      vertex 19.2064 50.9052 12.9
    endloop
  endfacet
  facet normal -0.699268 -0.71486 0
    outer loop
      vertex 19.0911 51.0256 0
      vertex 19.1507 50.9673 12.9
      vertex 19.0911 51.0256 12.9
    endloop
  endfacet
  facet normal -0.699268 -0.71486 -0
    outer loop
      vertex 19.1507 50.9673 12.9
      vertex 19.0911 51.0256 0
      vertex 19.1507 50.9673 0
    endloop
  endfacet
  facet normal -0.97855 -0.20601 0
    outer loop
      vertex 19.4853 50.307 0
      vertex 19.4681 50.3887 12.9
      vertex 19.4681 50.3887 0
    endloop
  endfacet
  facet normal -0.97855 -0.20601 0
    outer loop
      vertex 19.4681 50.3887 12.9
      vertex 19.4853 50.307 0
      vertex 19.4853 50.307 12.9
    endloop
  endfacet
  facet normal -0.992786 0.119902 0
    outer loop
      vertex 19.4898 49.8917 0
      vertex 19.4998 49.9745 12.9
      vertex 19.4998 49.9745 0
    endloop
  endfacet
  facet normal -0.992786 0.119902 0
    outer loop
      vertex 19.4998 49.9745 12.9
      vertex 19.4898 49.8917 0
      vertex 19.4898 49.8917 12.9
    endloop
  endfacet
  facet normal 0.509375 -0.860545 0
    outer loop
      vertex 17.5446 51.1609 0
      vertex 17.6164 51.2034 12.9
      vertex 17.5446 51.1609 12.9
    endloop
  endfacet
  facet normal 0.509375 -0.860545 0
    outer loop
      vertex 17.6164 51.2034 12.9
      vertex 17.5446 51.1609 0
      vertex 17.6164 51.2034 0
    endloop
  endfacet
  facet normal 0.860019 0.510262 0
    outer loop
      vertex 17.1544 49.4006 12.9
      vertex 17.1118 49.4724 0
      vertex 17.1118 49.4724 12.9
    endloop
  endfacet
  facet normal 0.860019 0.510262 0
    outer loop
      vertex 17.1118 49.4724 0
      vertex 17.1544 49.4006 12.9
      vertex 17.1544 49.4006 0
    endloop
  endfacet
  facet normal 0.998544 -0.053943 0
    outer loop
      vertex 16.955 50.1134 12.9
      vertex 16.9595 50.1967 0
      vertex 16.9595 50.1967 12.9
    endloop
  endfacet
  facet normal 0.998544 -0.053943 0
    outer loop
      vertex 16.9595 50.1967 0
      vertex 16.955 50.1134 12.9
      vertex 16.955 50.1134 0
    endloop
  endfacet
  facet normal -0.491228 -0.871031 0
    outer loop
      vertex 18.8184 51.2166 0
      vertex 18.8911 51.1756 12.9
      vertex 18.8184 51.2166 12.9
    endloop
  endfacet
  facet normal -0.491228 -0.871031 -0
    outer loop
      vertex 18.8911 51.1756 12.9
      vertex 18.8184 51.2166 0
      vertex 18.8911 51.1756 0
    endloop
  endfacet
  facet normal -0.268385 0.963312 0
    outer loop
      vertex 18.6131 48.8696 0
      vertex 18.5327 48.8472 12.9
      vertex 18.6131 48.8696 12.9
    endloop
  endfacet
  facet normal -0.268385 0.963312 0
    outer loop
      vertex 18.5327 48.8472 12.9
      vertex 18.6131 48.8696 0
      vertex 18.5327 48.8472 0
    endloop
  endfacet
  facet normal -0.997054 -0.0766965 0
    outer loop
      vertex 19.5035 50.1412 0
      vertex 19.4971 50.2244 12.9
      vertex 19.4971 50.2244 0
    endloop
  endfacet
  facet normal -0.997054 -0.0766965 0
    outer loop
      vertex 19.4971 50.2244 12.9
      vertex 19.5035 50.1412 0
      vertex 19.5035 50.1412 12.9
    endloop
  endfacet
  facet normal 0 0 -1
    outer loop
      vertex 19.4998 49.9745 12.9
      vertex 19.5035 50.1412 12.9
      vertex 19.5044 50.0578 12.9
    endloop
  endfacet
  facet normal 0 0 -1
    outer loop
      vertex 19.4998 49.9745 12.9
      vertex 19.4971 50.2244 12.9
      vertex 19.5035 50.1412 12.9
    endloop
  endfacet
  facet normal 0 0 -1
    outer loop
      vertex 19.4898 49.8917 12.9
      vertex 19.4971 50.2244 12.9
      vertex 19.4998 49.9745 12.9
    endloop
  endfacet
  facet normal 0 0 -1
    outer loop
      vertex 19.4898 49.8917 12.9
      vertex 19.4853 50.307 12.9
      vertex 19.4971 50.2244 12.9
    endloop
  endfacet
  facet normal 0 0 -1
    outer loop
      vertex 19.4744 49.8097 12.9
      vertex 19.4853 50.307 12.9
      vertex 19.4898 49.8917 12.9
    endloop
  endfacet
  facet normal 0 0 -1
    outer loop
      vertex 19.4744 49.8097 12.9
      vertex 19.4681 50.3887 12.9
      vertex 19.4853 50.307 12.9
    endloop
  endfacet
  facet normal 0 0 -1
    outer loop
      vertex 19.4537 49.7288 12.9
      vertex 19.4681 50.3887 12.9
      vertex 19.4744 49.8097 12.9
    endloop
  endfacet
  facet normal 0 0 -1
    outer loop
      vertex 19.4537 49.7288 12.9
      vertex 19.4457 50.469 12.9
      vertex 19.4681 50.3887 12.9
    endloop
  endfacet
  facet normal 0 0 -1
    outer loop
      vertex 19.4278 49.6495 12.9
      vertex 19.4457 50.469 12.9
      vertex 19.4537 49.7288 12.9
    endloop
  endfacet
  facet normal 0 0 -1
    outer loop
      vertex 19.4278 49.6495 12.9
      vertex 19.418 50.5477 12.9
      vertex 19.4457 50.469 12.9
    endloop
  endfacet
  facet normal 0 0 -1
    outer loop
      vertex 19.3967 49.5721 12.9
      vertex 19.418 50.5477 12.9
      vertex 19.4278 49.6495 12.9
    endloop
  endfacet
  facet normal 0 0 -1
    outer loop
      vertex 19.3967 49.5721 12.9
      vertex 19.3852 50.6245 12.9
      vertex 19.418 50.5477 12.9
    endloop
  endfacet
  facet normal 0 0 -1
    outer loop
      vertex 19.3606 49.4969 12.9
      vertex 19.3852 50.6245 12.9
      vertex 19.3967 49.5721 12.9
    endloop
  endfacet
  facet normal 0 0 -1
    outer loop
      vertex 19.3606 49.4969 12.9
      vertex 19.3475 50.6989 12.9
      vertex 19.3852 50.6245 12.9
    endloop
  endfacet
  facet normal 0 0 -1
    outer loop
      vertex 19.3197 49.4242 12.9
      vertex 19.3475 50.6989 12.9
      vertex 19.3606 49.4969 12.9
    endloop
  endfacet
  facet normal 0 0 -1
    outer loop
      vertex 19.3197 49.4242 12.9
      vertex 19.305 50.7707 12.9
      vertex 19.3475 50.6989 12.9
    endloop
  endfacet
  facet normal 0 0 -1
    outer loop
      vertex 19.2741 49.3543 12.9
      vertex 19.305 50.7707 12.9
      vertex 19.3197 49.4242 12.9
    endloop
  endfacet
  facet normal 0 0 -1
    outer loop
      vertex 19.2741 49.3543 12.9
      vertex 19.2579 50.8395 12.9
      vertex 19.305 50.7707 12.9
    endloop
  endfacet
  facet normal 0 0 -1
    outer loop
      vertex 19.224 49.2876 12.9
      vertex 19.2579 50.8395 12.9
      vertex 19.2741 49.3543 12.9
    endloop
  endfacet
  facet normal 0 0 -1
    outer loop
      vertex 19.224 49.2876 12.9
      vertex 19.2064 50.9052 12.9
      vertex 19.2579 50.8395 12.9
    endloop
  endfacet
  facet normal 0 0 -1
    outer loop
      vertex 19.1697 49.2242 12.9
      vertex 19.2064 50.9052 12.9
      vertex 19.224 49.2876 12.9
    endloop
  endfacet
  facet normal 0 0 -1
    outer loop
      vertex 19.1697 49.2242 12.9
      vertex 19.1507 50.9673 12.9
      vertex 19.2064 50.9052 12.9
    endloop
  endfacet
  facet normal 0 0 -1
    outer loop
      vertex 19.1114 49.1646 12.9
      vertex 19.1507 50.9673 12.9
      vertex 19.1697 49.2242 12.9
    endloop
  endfacet
  facet normal 0 0 -1
    outer loop
      vertex 19.1114 49.1646 12.9
      vertex 19.0911 51.0256 12.9
      vertex 19.1507 50.9673 12.9
    endloop
  endfacet
  facet normal 0 0 -1
    outer loop
      vertex 19.0492 49.1089 12.9
      vertex 19.0911 51.0256 12.9
      vertex 19.1114 49.1646 12.9
    endloop
  endfacet
  facet normal 0 0 -1
    outer loop
      vertex 19.0492 49.1089 12.9
      vertex 19.0277 51.08 12.9
      vertex 19.0911 51.0256 12.9
    endloop
  endfacet
  facet normal 0 0 -1
    outer loop
      vertex 18.9836 49.0574 12.9
      vertex 19.0277 51.08 12.9
      vertex 19.0492 49.1089 12.9
    endloop
  endfacet
  facet normal 0 0 -1
    outer loop
      vertex 18.9836 49.0574 12.9
      vertex 18.961 51.13 12.9
      vertex 19.0277 51.08 12.9
    endloop
  endfacet
  facet normal 0 0 -1
    outer loop
      vertex 18.9147 49.0103 12.9
      vertex 18.961 51.13 12.9
      vertex 18.9836 49.0574 12.9
    endloop
  endfacet
  facet normal 0 0 -1
    outer loop
      vertex 18.9147 49.0103 12.9
      vertex 18.8911 51.1756 12.9
      vertex 18.961 51.13 12.9
    endloop
  endfacet
  facet normal 0 0 -1
    outer loop
      vertex 18.8429 48.9678 12.9
      vertex 18.8911 51.1756 12.9
      vertex 18.9147 49.0103 12.9
    endloop
  endfacet
  facet normal 0 0 -1
    outer loop
      vertex 18.8429 48.9678 12.9
      vertex 18.8184 51.2166 12.9
      vertex 18.8911 51.1756 12.9
    endloop
  endfacet
  facet normal 0 0 -1
    outer loop
      vertex 18.7685 48.9301 12.9
      vertex 18.8184 51.2166 12.9
      vertex 18.8429 48.9678 12.9
    endloop
  endfacet
  facet normal 0 0 -1
    outer loop
      vertex 18.7685 48.9301 12.9
      vertex 18.7432 51.2526 12.9
      vertex 18.8184 51.2166 12.9
    endloop
  endfacet
  facet normal 0 0 -1
    outer loop
      vertex 18.6918 48.8973 12.9
      vertex 18.7432 51.2526 12.9
      vertex 18.7685 48.9301 12.9
    endloop
  endfacet
  facet normal 0 0 -1
    outer loop
      vertex 18.6918 48.8973 12.9
      vertex 18.6657 51.2837 12.9
      vertex 18.7432 51.2526 12.9
    endloop
  endfacet
  facet normal 0 0 -1
    outer loop
      vertex 18.6131 48.8696 12.9
      vertex 18.6657 51.2837 12.9
      vertex 18.6918 48.8973 12.9
    endloop
  endfacet
  facet normal 0 0 -1
    outer loop
      vertex 18.6131 48.8696 12.9
      vertex 18.5865 51.3097 12.9
      vertex 18.6657 51.2837 12.9
    endloop
  endfacet
  facet normal 0 0 -1
    outer loop
      vertex 18.5327 48.8472 12.9
      vertex 18.5865 51.3097 12.9
      vertex 18.6131 48.8696 12.9
    endloop
  endfacet
  facet normal 0 0 -1
    outer loop
      vertex 18.5327 48.8472 12.9
      vertex 18.5056 51.3304 12.9
      vertex 18.5865 51.3097 12.9
    endloop
  endfacet
  facet normal 0 0 -1
    outer loop
      vertex 18.4511 48.83 12.9
      vertex 18.5056 51.3304 12.9
      vertex 18.5327 48.8472 12.9
    endloop
  endfacet
  facet normal 0 0 -1
    outer loop
      vertex 18.4511 48.83 12.9
      vertex 18.4236 51.3458 12.9
      vertex 18.5056 51.3304 12.9
    endloop
  endfacet
  facet normal 0 0 -1
    outer loop
      vertex 18.3685 48.8182 12.9
      vertex 18.4236 51.3458 12.9
      vertex 18.4511 48.83 12.9
    endloop
  endfacet
  facet normal 0 0 -1
    outer loop
      vertex 18.3685 48.8182 12.9
      vertex 18.3408 51.3558 12.9
      vertex 18.4236 51.3458 12.9
    endloop
  endfacet
  facet normal 0 0 -1
    outer loop
      vertex 18.2853 48.8118 12.9
      vertex 18.3408 51.3558 12.9
      vertex 18.3685 48.8182 12.9
    endloop
  endfacet
  facet normal 0 0 -1
    outer loop
      vertex 18.2853 48.8118 12.9
      vertex 18.2575 51.3603 12.9
      vertex 18.3408 51.3558 12.9
    endloop
  endfacet
  facet normal 0 0 -1
    outer loop
      vertex 18.2019 48.8109 12.9
      vertex 18.2575 51.3603 12.9
      vertex 18.2853 48.8118 12.9
    endloop
  endfacet
  facet normal 0 0 -1
    outer loop
      vertex 18.2019 48.8109 12.9
      vertex 18.1741 51.3594 12.9
      vertex 18.2575 51.3603 12.9
    endloop
  endfacet
  facet normal 0 0 -1
    outer loop
      vertex 18.1185 48.8155 12.9
      vertex 18.1741 51.3594 12.9
      vertex 18.2019 48.8109 12.9
    endloop
  endfacet
  facet normal 0 0 -1
    outer loop
      vertex 18.1185 48.8155 12.9
      vertex 18.0909 51.353 12.9
      vertex 18.1741 51.3594 12.9
    endloop
  endfacet
  facet normal 0 0 -1
    outer loop
      vertex 18.0357 48.8255 12.9
      vertex 18.0909 51.353 12.9
      vertex 18.1185 48.8155 12.9
    endloop
  endfacet
  facet normal 0 0 -1
    outer loop
      vertex 18.0357 48.8255 12.9
      vertex 18.0083 51.3412 12.9
      vertex 18.0909 51.353 12.9
    endloop
  endfacet
  facet normal 0 0 -1
    outer loop
      vertex 17.9537 48.8408 12.9
      vertex 18.0083 51.3412 12.9
      vertex 18.0357 48.8255 12.9
    endloop
  endfacet
  facet normal 0 0 -1
    outer loop
      vertex 17.9537 48.8408 12.9
      vertex 17.9266 51.3241 12.9
      vertex 18.0083 51.3412 12.9
    endloop
  endfacet
  facet normal 0 0 -1
    outer loop
      vertex 17.8729 48.8616 12.9
      vertex 17.9266 51.3241 12.9
      vertex 17.9537 48.8408 12.9
    endloop
  endfacet
  facet normal 0 0 -1
    outer loop
      vertex 17.8729 48.8616 12.9
      vertex 17.8463 51.3016 12.9
      vertex 17.9266 51.3241 12.9
    endloop
  endfacet
  facet normal 0 0 -1
    outer loop
      vertex 17.7936 48.8875 12.9
      vertex 17.8463 51.3016 12.9
      vertex 17.8729 48.8616 12.9
    endloop
  endfacet
  facet normal 0 0 -1
    outer loop
      vertex 17.7936 48.8875 12.9
      vertex 17.7676 51.2739 12.9
      vertex 17.8463 51.3016 12.9
    endloop
  endfacet
  facet normal 0 0 -1
    outer loop
      vertex 17.7162 48.9186 12.9
      vertex 17.7676 51.2739 12.9
      vertex 17.7936 48.8875 12.9
    endloop
  endfacet
  facet normal 0 0 -1
    outer loop
      vertex 17.7162 48.9186 12.9
      vertex 17.6908 51.2412 12.9
      vertex 17.7676 51.2739 12.9
    endloop
  endfacet
  facet normal 0 0 -1
    outer loop
      vertex 17.6409 48.9547 12.9
      vertex 17.6908 51.2412 12.9
      vertex 17.7162 48.9186 12.9
    endloop
  endfacet
  facet normal 0 0 -1
    outer loop
      vertex 17.6409 48.9547 12.9
      vertex 17.6164 51.2034 12.9
      vertex 17.6908 51.2412 12.9
    endloop
  endfacet
  facet normal 0 0 -1
    outer loop
      vertex 17.5682 48.9956 12.9
      vertex 17.6164 51.2034 12.9
      vertex 17.6409 48.9547 12.9
    endloop
  endfacet
  facet normal 0 0 -1
    outer loop
      vertex 17.5682 48.9956 12.9
      vertex 17.5446 51.1609 12.9
      vertex 17.6164 51.2034 12.9
    endloop
  endfacet
  facet normal 0 0 -1
    outer loop
      vertex 17.4984 49.0412 12.9
      vertex 17.5446 51.1609 12.9
      vertex 17.5682 48.9956 12.9
    endloop
  endfacet
  facet normal 0 0 -1
    outer loop
      vertex 17.4984 49.0412 12.9
      vertex 17.4758 51.1138 12.9
      vertex 17.5446 51.1609 12.9
    endloop
  endfacet
  facet normal 0 0 -1
    outer loop
      vertex 17.4316 49.0913 12.9
      vertex 17.4758 51.1138 12.9
      vertex 17.4984 49.0412 12.9
    endloop
  endfacet
  facet normal 0 0 -1
    outer loop
      vertex 17.4316 49.0913 12.9
      vertex 17.4101 51.0623 12.9
      vertex 17.4758 51.1138 12.9
    endloop
  endfacet
  facet normal 0 0 -1
    outer loop
      vertex 17.3683 49.1456 12.9
      vertex 17.4101 51.0623 12.9
      vertex 17.4316 49.0913 12.9
    endloop
  endfacet
  facet normal 0 0 -1
    outer loop
      vertex 17.3683 49.1456 12.9
      vertex 17.348 51.0066 12.9
      vertex 17.4101 51.0623 12.9
    endloop
  endfacet
  facet normal 0 0 -1
    outer loop
      vertex 17.3087 49.2039 12.9
      vertex 17.348 51.0066 12.9
      vertex 17.3683 49.1456 12.9
    endloop
  endfacet
  facet normal 0 0 -1
    outer loop
      vertex 17.3087 49.2039 12.9
      vertex 17.2896 50.947 12.9
      vertex 17.348 51.0066 12.9
    endloop
  endfacet
  facet normal 0 0 -1
    outer loop
      vertex 17.253 49.2661 12.9
      vertex 17.2896 50.947 12.9
      vertex 17.3087 49.2039 12.9
    endloop
  endfacet
  facet normal 0 0 -1
    outer loop
      vertex 17.253 49.2661 12.9
      vertex 17.2353 50.8837 12.9
      vertex 17.2896 50.947 12.9
    endloop
  endfacet
  facet normal 0 0 -1
    outer loop
      vertex 17.2015 49.3317 12.9
      vertex 17.2353 50.8837 12.9
      vertex 17.253 49.2661 12.9
    endloop
  endfacet
  facet normal 0 0 -1
    outer loop
      vertex 17.2015 49.3317 12.9
      vertex 17.1853 50.8169 12.9
      vertex 17.2353 50.8837 12.9
    endloop
  endfacet
  facet normal 0 0 -1
    outer loop
      vertex 17.1544 49.4006 12.9
      vertex 17.1853 50.8169 12.9
      vertex 17.2015 49.3317 12.9
    endloop
  endfacet
  facet normal 0 0 -1
    outer loop
      vertex 17.1544 49.4006 12.9
      vertex 17.1397 50.7471 12.9
      vertex 17.1853 50.8169 12.9
    endloop
  endfacet
  facet normal 0 0 -1
    outer loop
      vertex 17.1118 49.4724 12.9
      vertex 17.1397 50.7471 12.9
      vertex 17.1544 49.4006 12.9
    endloop
  endfacet
  facet normal 0 0 -1
    outer loop
      vertex 17.1118 49.4724 12.9
      vertex 17.0987 50.6743 12.9
      vertex 17.1397 50.7471 12.9
    endloop
  endfacet
  facet normal 0 0 -1
    outer loop
      vertex 17.0741 49.5468 12.9
      vertex 17.0987 50.6743 12.9
      vertex 17.1118 49.4724 12.9
    endloop
  endfacet
  facet normal 0 0 -1
    outer loop
      vertex 17.0741 49.5468 12.9
      vertex 17.0627 50.5991 12.9
      vertex 17.0987 50.6743 12.9
    endloop
  endfacet
  facet normal 0 0 -1
    outer loop
      vertex 17.0414 49.6235 12.9
      vertex 17.0627 50.5991 12.9
      vertex 17.0741 49.5468 12.9
    endloop
  endfacet
  facet normal 0 0 -1
    outer loop
      vertex 17.0414 49.6235 12.9
      vertex 17.0316 50.5217 12.9
      vertex 17.0627 50.5991 12.9
    endloop
  endfacet
  facet normal 0 0 -1
    outer loop
      vertex 17.0137 49.7022 12.9
      vertex 17.0316 50.5217 12.9
      vertex 17.0414 49.6235 12.9
    endloop
  endfacet
  facet normal 0 0 -1
    outer loop
      vertex 17.0137 49.7022 12.9
      vertex 17.0056 50.4424 12.9
      vertex 17.0316 50.5217 12.9
    endloop
  endfacet
  facet normal 0 0 -1
    outer loop
      vertex 16.9912 49.7826 12.9
      vertex 17.0056 50.4424 12.9
      vertex 17.0137 49.7022 12.9
    endloop
  endfacet
  facet normal 0 0 -1
    outer loop
      vertex 16.9912 49.7826 12.9
      vertex 16.9849 50.3616 12.9
      vertex 17.0056 50.4424 12.9
    endloop
  endfacet
  facet normal 0 0 -1
    outer loop
      vertex 16.974 49.8642 12.9
      vertex 16.9849 50.3616 12.9
      vertex 16.9912 49.7826 12.9
    endloop
  endfacet
  facet normal 0 0 -1
    outer loop
      vertex 16.974 49.8642 12.9
      vertex 16.9695 50.2796 12.9
      vertex 16.9849 50.3616 12.9
    endloop
  endfacet
  facet normal 0 0 -1
    outer loop
      vertex 16.9623 49.9468 12.9
      vertex 16.9695 50.2796 12.9
      vertex 16.974 49.8642 12.9
    endloop
  endfacet
  facet normal 0 0 -1
    outer loop
      vertex 16.9623 49.9468 12.9
      vertex 16.9595 50.1967 12.9
      vertex 16.9695 50.2796 12.9
    endloop
  endfacet
  facet normal 0 0 -1
    outer loop
      vertex 16.9559 50.03 12.9
      vertex 16.9595 50.1967 12.9
      vertex 16.9623 49.9468 12.9
    endloop
  endfacet
  facet normal 0 0 -1
    outer loop
      vertex 16.9595 50.1967 12.9
      vertex 16.9559 50.03 12.9
      vertex 16.955 50.1134 12.9
    endloop
  endfacet
  facet normal -0.053943 -0.998544 0
    outer loop
      vertex 18.2575 51.3603 0
      vertex 18.3408 51.3558 12.9
      vertex 18.2575 51.3603 12.9
    endloop
  endfacet
  facet normal -0.053943 -0.998544 -0
    outer loop
      vertex 18.3408 51.3558 12.9
      vertex 18.2575 51.3603 0
      vertex 18.3408 51.3558 0
    endloop
  endfacet
  facet normal -0.651186 -0.758919 0
    outer loop
      vertex 19.0277 51.08 0
      vertex 19.0911 51.0256 12.9
      vertex 19.0277 51.08 12.9
    endloop
  endfacet
  facet normal -0.651186 -0.758919 -0
    outer loop
      vertex 19.0911 51.0256 12.9
      vertex 19.0277 51.08 0
      vertex 19.0911 51.0256 0
    endloop
  endfacet
  facet normal 0.968716 -0.248173 0
    outer loop
      vertex 16.9849 50.3616 12.9
      vertex 17.0056 50.4424 0
      vertex 17.0056 50.4424 12.9
    endloop
  endfacet
  facet normal 0.968716 -0.248173 0
    outer loop
      vertex 17.0056 50.4424 0
      vertex 16.9849 50.3616 12.9
      vertex 16.9849 50.3616 0
    endloop
  endfacet
  facet normal -0.927897 0.372837 0
    outer loop
      vertex 19.3967 49.5721 0
      vertex 19.4278 49.6495 12.9
      vertex 19.4278 49.6495 0
    endloop
  endfacet
  facet normal -0.927897 0.372837 0
    outer loop
      vertex 19.4278 49.6495 12.9
      vertex 19.3967 49.5721 0
      vertex 19.3967 49.5721 12.9
    endloop
  endfacet
  facet normal 0.0107907 -0.999942 0
    outer loop
      vertex 18.1741 51.3594 0
      vertex 18.2575 51.3603 12.9
      vertex 18.1741 51.3594 12.9
    endloop
  endfacet
  facet normal 0.0107907 -0.999942 0
    outer loop
      vertex 18.2575 51.3603 12.9
      vertex 18.1741 51.3594 0
      vertex 18.2575 51.3603 0
    endloop
  endfacet
  facet normal 0.452956 -0.891533 0
    outer loop
      vertex 17.6164 51.2034 0
      vertex 17.6908 51.2412 12.9
      vertex 17.6164 51.2034 12.9
    endloop
  endfacet
  facet normal 0.452956 -0.891533 0
    outer loop
      vertex 17.6908 51.2412 12.9
      vertex 17.6164 51.2034 0
      vertex 17.6908 51.2412 0
    endloop
  endfacet
  facet normal -0.799568 0.600575 0
    outer loop
      vertex 19.224 49.2876 0
      vertex 19.2741 49.3543 12.9
      vertex 19.2741 49.3543 0
    endloop
  endfacet
  facet normal -0.799568 0.600575 0
    outer loop
      vertex 19.2741 49.3543 12.9
      vertex 19.224 49.2876 0
      vertex 19.224 49.2876 12.9
    endloop
  endfacet
  facet normal 0.546926 0.837181 -0
    outer loop
      vertex 17.5682 48.9956 0
      vertex 17.4984 49.0412 12.9
      vertex 17.5682 48.9956 12.9
    endloop
  endfacet
  facet normal 0.546926 0.837181 0
    outer loop
      vertex 17.4984 49.0412 12.9
      vertex 17.5682 48.9956 0
      vertex 17.4984 49.0412 0
    endloop
  endfacet
  facet normal -0.963225 -0.268695 0
    outer loop
      vertex 19.4681 50.3887 0
      vertex 19.4457 50.469 12.9
      vertex 19.4457 50.469 0
    endloop
  endfacet
  facet normal -0.963225 -0.268695 0
    outer loop
      vertex 19.4457 50.469 12.9
      vertex 19.4681 50.3887 0
      vertex 19.4681 50.3887 12.9
    endloop
  endfacet
  facet normal -0.56434 0.825542 0
    outer loop
      vertex 18.9836 49.0574 0
      vertex 18.9147 49.0103 12.9
      vertex 18.9836 49.0574 12.9
    endloop
  endfacet
  facet normal -0.56434 0.825542 0
    outer loop
      vertex 18.9147 49.0103 12.9
      vertex 18.9836 49.0574 0
      vertex 18.9147 49.0103 0
    endloop
  endfacet
  facet normal -0.0766965 0.997054 0
    outer loop
      vertex 18.3685 48.8182 0
      vertex 18.2853 48.8118 12.9
      vertex 18.3685 48.8182 12.9
    endloop
  endfacet
  facet normal -0.0766965 0.997054 0
    outer loop
      vertex 18.2853 48.8118 12.9
      vertex 18.3685 48.8182 0
      vertex 18.2853 48.8118 0
    endloop
  endfacet
  facet normal -0.393196 0.919455 0
    outer loop
      vertex 18.7685 48.9301 0
      vertex 18.6918 48.8973 12.9
      vertex 18.7685 48.9301 12.9
    endloop
  endfacet
  facet normal -0.393196 0.919455 0
    outer loop
      vertex 18.6918 48.8973 12.9
      vertex 18.7685 48.9301 0
      vertex 18.6918 48.8973 0
    endloop
  endfacet
  facet normal 0.978499 0.206252 0
    outer loop
      vertex 16.9912 49.7826 12.9
      vertex 16.974 49.8642 0
      vertex 16.974 49.8642 12.9
    endloop
  endfacet
  facet normal 0.978499 0.206252 0
    outer loop
      vertex 16.974 49.8642 0
      vertex 16.9912 49.7826 12.9
      vertex 16.9912 49.7826 0
    endloop
  endfacet
  facet normal -0.968789 0.247886 0
    outer loop
      vertex 19.4537 49.7288 0
      vertex 19.4744 49.8097 12.9
      vertex 19.4744 49.8097 0
    endloop
  endfacet
  facet normal -0.968789 0.247886 0
    outer loop
      vertex 19.4744 49.8097 12.9
      vertex 19.4537 49.7288 0
      vertex 19.4537 49.7288 12.9
    endloop
  endfacet
  facet normal -0.998479 0.0551381 0
    outer loop
      vertex 19.4998 49.9745 0
      vertex 19.5044 50.0578 12.9
      vertex 19.5044 50.0578 0
    endloop
  endfacet
  facet normal -0.998479 0.0551381 0
    outer loop
      vertex 19.5044 50.0578 12.9
      vertex 19.4998 49.9745 0
      vertex 19.4998 49.9745 12.9
    endloop
  endfacet
  facet normal 0.391749 -0.920072 0
    outer loop
      vertex 17.6908 51.2412 0
      vertex 17.7676 51.2739 12.9
      vertex 17.6908 51.2412 12.9
    endloop
  endfacet
  facet normal 0.391749 -0.920072 0
    outer loop
      vertex 17.7676 51.2739 12.9
      vertex 17.6908 51.2412 0
      vertex 17.7676 51.2739 0
    endloop
  endfacet
  facet normal -0.871544 0.490318 0
    outer loop
      vertex 19.3197 49.4242 0
      vertex 19.3606 49.4969 12.9
      vertex 19.3606 49.4969 0
    endloop
  endfacet
  facet normal -0.871544 0.490318 0
    outer loop
      vertex 19.3606 49.4969 12.9
      vertex 19.3197 49.4242 0
      vertex 19.3197 49.4242 12.9
    endloop
  endfacet
  facet normal 0.249298 0.968427 -0
    outer loop
      vertex 17.9537 48.8408 0
      vertex 17.8729 48.8616 12.9
      vertex 17.9537 48.8408 12.9
    endloop
  endfacet
  facet normal 0.249298 0.968427 0
    outer loop
      vertex 17.8729 48.8616 12.9
      vertex 17.9537 48.8408 0
      vertex 17.8729 48.8616 0
    endloop
  endfacet
  facet normal 0.837181 -0.546926 0
    outer loop
      vertex 17.1397 50.7471 12.9
      vertex 17.1853 50.8169 0
      vertex 17.1853 50.8169 12.9
    endloop
  endfacet
  facet normal 0.837181 -0.546926 0
    outer loop
      vertex 17.1853 50.8169 0
      vertex 17.1397 50.7471 12.9
      vertex 17.1397 50.7471 0
    endloop
  endfacet
  facet normal 0.800575 -0.599233 0
    outer loop
      vertex 17.1853 50.8169 12.9
      vertex 17.2353 50.8837 0
      vertex 17.2353 50.8837 12.9
    endloop
  endfacet
  facet normal 0.800575 -0.599233 0
    outer loop
      vertex 17.2353 50.8837 0
      vertex 17.1853 50.8169 12.9
      vertex 17.1853 50.8169 0
    endloop
  endfacet
  facet normal 0.87132 -0.490716 0
    outer loop
      vertex 17.0987 50.6743 12.9
      vertex 17.1397 50.7471 0
      vertex 17.1397 50.7471 12.9
    endloop
  endfacet
  facet normal 0.87132 -0.490716 0
    outer loop
      vertex 17.1397 50.7471 0
      vertex 17.0987 50.6743 12.9
      vertex 17.0987 50.6743 0
    endloop
  endfacet
  facet normal 0.825542 0.56434 0
    outer loop
      vertex 17.2015 49.3317 12.9
      vertex 17.1544 49.4006 0
      vertex 17.1544 49.4006 12.9
    endloop
  endfacet
  facet normal 0.825542 0.56434 0
    outer loop
      vertex 17.1544 49.4006 0
      vertex 17.2015 49.3317 12.9
      vertex 17.2015 49.3317 0
    endloop
  endfacet
  facet normal -0.787024 -0.616922 0
    outer loop
      vertex 19.2579 50.8395 0
      vertex 19.2064 50.9052 12.9
      vertex 19.2064 50.9052 0
    endloop
  endfacet
  facet normal -0.787024 -0.616922 0
    outer loop
      vertex 19.2064 50.9052 12.9
      vertex 19.2579 50.8395 0
      vertex 19.2579 50.8395 12.9
    endloop
  endfacet
  facet normal 0.6 0.8 -0
    outer loop
      vertex 17.4984 49.0412 0
      vertex 17.4316 49.0913 12.9
      vertex 17.4984 49.0412 12.9
    endloop
  endfacet
  facet normal 0.6 0.8 0
    outer loop
      vertex 17.4316 49.0913 12.9
      vertex 17.4984 49.0412 0
      vertex 17.4316 49.0913 0
    endloop
  endfacet
  facet normal 0.943278 0.332005 0
    outer loop
      vertex 17.0414 49.6235 12.9
      vertex 17.0137 49.7022 0
      vertex 17.0137 49.7022 12.9
    endloop
  endfacet
  facet normal 0.943278 0.332005 0
    outer loop
      vertex 17.0137 49.7022 0
      vertex 17.0414 49.6235 12.9
      vertex 17.0414 49.6235 0
    endloop
  endfacet
  facet normal 0.963001 0.269497 0
    outer loop
      vertex 17.0137 49.7022 12.9
      vertex 16.9912 49.7826 0
      vertex 16.9912 49.7826 12.9
    endloop
  endfacet
  facet normal 0.963001 0.269497 0
    outer loop
      vertex 16.9912 49.7826 0
      vertex 17.0137 49.7022 12.9
      vertex 17.0137 49.7022 0
    endloop
  endfacet
  facet normal -0.141421 0.989949 0
    outer loop
      vertex 18.4511 48.83 0
      vertex 18.3685 48.8182 12.9
      vertex 18.4511 48.83 12.9
    endloop
  endfacet
  facet normal -0.141421 0.989949 0
    outer loop
      vertex 18.3685 48.8182 12.9
      vertex 18.4511 48.83 0
      vertex 18.3685 48.8182 0
    endloop
  endfacet
  facet normal -0.837539 0.546377 0
    outer loop
      vertex 19.2741 49.3543 0
      vertex 19.3197 49.4242 12.9
      vertex 19.3197 49.4242 0
    endloop
  endfacet
  facet normal -0.837539 0.546377 0
    outer loop
      vertex 19.3197 49.4242 12.9
      vertex 19.2741 49.3543 0
      vertex 19.2741 49.3543 12.9
    endloop
  endfacet
  facet normal 0.990117 0.140247 0
    outer loop
      vertex 16.974 49.8642 12.9
      vertex 16.9623 49.9468 0
      vertex 16.9623 49.9468 12.9
    endloop
  endfacet
  facet normal 0.990117 0.140247 0
    outer loop
      vertex 16.9623 49.9468 0
      vertex 16.974 49.8642 12.9
      vertex 16.974 49.8642 0
    endloop
  endfacet
  facet normal -0.509375 0.860545 0
    outer loop
      vertex 18.9147 49.0103 0
      vertex 18.8429 48.9678 12.9
      vertex 18.9147 49.0103 12.9
    endloop
  endfacet
  facet normal -0.509375 0.860545 0
    outer loop
      vertex 18.8429 48.9678 12.9
      vertex 18.9147 49.0103 0
      vertex 18.8429 48.9678 0
    endloop
  endfacet
  facet normal -0.66711 0.744959 0
    outer loop
      vertex 19.1114 49.1646 0
      vertex 19.0492 49.1089 12.9
      vertex 19.1114 49.1646 12.9
    endloop
  endfacet
  facet normal -0.66711 0.744959 0
    outer loop
      vertex 19.0492 49.1089 12.9
      vertex 19.1114 49.1646 0
      vertex 19.0492 49.1089 0
    endloop
  endfacet
  facet normal 0.962958 0.269652 0
    outer loop
      vertex -53.7062 -9.63885 12.9
      vertex -53.7287 -9.5585 0
      vertex -53.7287 -9.5585 12.9
    endloop
  endfacet
  facet normal 0.962958 0.269652 0
    outer loop
      vertex -53.7287 -9.5585 0
      vertex -53.7062 -9.63885 12.9
      vertex -53.7062 -9.63885 0
    endloop
  endfacet
  facet normal 0.943666 0.3309 0
    outer loop
      vertex -53.6786 -9.71756 12.9
      vertex -53.7062 -9.63885 0
      vertex -53.7062 -9.63885 12.9
    endloop
  endfacet
  facet normal 0.943666 0.3309 0
    outer loop
      vertex -53.7062 -9.63885 0
      vertex -53.6786 -9.71756 12.9
      vertex -53.6786 -9.71756 0
    endloop
  endfacet
  facet normal 0.91951 0.393066 0
    outer loop
      vertex -53.6458 -9.79429 12.9
      vertex -53.6786 -9.71756 0
      vertex -53.6786 -9.71756 12.9
    endloop
  endfacet
  facet normal 0.91951 0.393066 0
    outer loop
      vertex -53.6786 -9.71756 0
      vertex -53.6458 -9.79429 12.9
      vertex -53.6458 -9.79429 0
    endloop
  endfacet
  facet normal 0.248173 0.968716 -0
    outer loop
      vertex -52.7662 -10.5002 0
      vertex -52.847 -10.4795 12.9
      vertex -52.7662 -10.5002 12.9
    endloop
  endfacet
  facet normal 0.248173 0.968716 0
    outer loop
      vertex -52.847 -10.4795 12.9
      vertex -52.7662 -10.5002 0
      vertex -52.847 -10.4795 0
    endloop
  endfacet
  facet normal -0.509375 0.860545 0
    outer loop
      vertex -51.8052 -10.3308 0
      vertex -51.877 -10.3733 12.9
      vertex -51.8052 -10.3308 12.9
    endloop
  endfacet
  facet normal -0.509375 0.860545 0
    outer loop
      vertex -51.877 -10.3733 12.9
      vertex -51.8052 -10.3308 0
      vertex -51.877 -10.3733 0
    endloop
  endfacet
  facet normal 0.825542 0.56434 0
    outer loop
      vertex -53.5185 -10.0094 12.9
      vertex -53.5656 -9.9405 0
      vertex -53.5656 -9.9405 12.9
    endloop
  endfacet
  facet normal 0.825542 0.56434 0
    outer loop
      vertex -53.5656 -9.9405 0
      vertex -53.5185 -10.0094 12.9
      vertex -53.5185 -10.0094 0
    endloop
  endfacet
  facet normal 0.184578 0.982818 -0
    outer loop
      vertex -52.6842 -10.5156 0
      vertex -52.7662 -10.5002 12.9
      vertex -52.6842 -10.5156 12.9
    endloop
  endfacet
  facet normal 0.184578 0.982818 0
    outer loop
      vertex -52.7662 -10.5002 12.9
      vertex -52.6842 -10.5156 0
      vertex -52.7662 -10.5002 0
    endloop
  endfacet
  facet normal 0.372423 0.928063 -0
    outer loop
      vertex -52.9263 -10.4536 0
      vertex -53.0038 -10.4225 12.9
      vertex -52.9263 -10.4536 12.9
    endloop
  endfacet
  facet normal 0.372423 0.928063 0
    outer loop
      vertex -53.0038 -10.4225 12.9
      vertex -52.9263 -10.4536 0
      vertex -53.0038 -10.4225 0
    endloop
  endfacet
  facet normal 0.978524 0.206131 0
    outer loop
      vertex -53.7287 -9.5585 12.9
      vertex -53.7459 -9.47685 0
      vertex -53.7459 -9.47685 12.9
    endloop
  endfacet
  facet normal 0.978524 0.206131 0
    outer loop
      vertex -53.7459 -9.47685 0
      vertex -53.7287 -9.5585 12.9
      vertex -53.7287 -9.5585 0
    endloop
  endfacet
  facet normal -0.82539 -0.564564 0
    outer loop
      vertex -51.4149 -8.57039 0
      vertex -51.462 -8.50153 12.9
      vertex -51.462 -8.50153 0
    endloop
  endfacet
  facet normal -0.82539 -0.564564 0
    outer loop
      vertex -51.462 -8.50153 12.9
      vertex -51.4149 -8.57039 0
      vertex -51.4149 -8.57039 12.9
    endloop
  endfacet
  facet normal 0.490318 0.871544 -0
    outer loop
      vertex -53.079 -10.3864 0
      vertex -53.1517 -10.3455 12.9
      vertex -53.079 -10.3864 12.9
    endloop
  endfacet
  facet normal 0.490318 0.871544 0
    outer loop
      vertex -53.1517 -10.3455 12.9
      vertex -53.079 -10.3864 0
      vertex -53.1517 -10.3455 0
    endloop
  endfacet
  facet normal 0.699281 0.714847 -0
    outer loop
      vertex -53.3516 -10.1955 0
      vertex -53.4113 -10.1371 12.9
      vertex -53.3516 -10.1955 12.9
    endloop
  endfacet
  facet normal 0.699281 0.714847 0
    outer loop
      vertex -53.4113 -10.1371 12.9
      vertex -53.3516 -10.1955 0
      vertex -53.4113 -10.1371 0
    endloop
  endfacet
  facet normal -0.119783 -0.9928 0
    outer loop
      vertex -52.3791 -7.9853 0
      vertex -52.2963 -7.99529 12.9
      vertex -52.3791 -7.9853 12.9
    endloop
  endfacet
  facet normal -0.119783 -0.9928 -0
    outer loop
      vertex -52.2963 -7.99529 12.9
      vertex -52.3791 -7.9853 0
      vertex -52.2963 -7.99529 0
    endloop
  endfacet
  facet normal -0.962958 -0.269652 0
    outer loop
      vertex -51.2518 -8.9524 0
      vertex -51.2743 -8.87205 12.9
      vertex -51.2743 -8.87205 0
    endloop
  endfacet
  facet normal -0.962958 -0.269652 0
    outer loop
      vertex -51.2743 -8.87205 12.9
      vertex -51.2518 -8.9524 0
      vertex -51.2518 -8.9524 12.9
    endloop
  endfacet
  facet normal -0.600345 -0.799741 0
    outer loop
      vertex -51.7589 -8.21103 0
      vertex -51.6922 -8.2611 12.9
      vertex -51.7589 -8.21103 12.9
    endloop
  endfacet
  facet normal -0.600345 -0.799741 -0
    outer loop
      vertex -51.6922 -8.2611 12.9
      vertex -51.7589 -8.21103 0
      vertex -51.6922 -8.2611 0
    endloop
  endfacet
  facet normal 0.392892 -0.919585 0
    outer loop
      vertex -53.0291 -8.09991 0
      vertex -52.9524 -8.06714 12.9
      vertex -53.0291 -8.09991 12.9
    endloop
  endfacet
  facet normal 0.392892 -0.919585 0
    outer loop
      vertex -52.9524 -8.06714 12.9
      vertex -53.0291 -8.09991 0
      vertex -52.9524 -8.06714 0
    endloop
  endfacet
  facet normal 0.546377 0.837539 -0
    outer loop
      vertex -53.1517 -10.3455 0
      vertex -53.2216 -10.2999 12.9
      vertex -53.1517 -10.3455 12.9
    endloop
  endfacet
  facet normal 0.546377 0.837539 0
    outer loop
      vertex -53.2216 -10.2999 12.9
      vertex -53.1517 -10.3455 0
      vertex -53.2216 -10.2999 0
    endloop
  endfacet
  facet normal 0.997145 0.075514 0
    outer loop
      vertex -53.7577 -9.39425 12.9
      vertex -53.764 -9.31106 0
      vertex -53.764 -9.31106 12.9
    endloop
  endfacet
  facet normal 0.997145 0.075514 0
    outer loop
      vertex -53.764 -9.31106 0
      vertex -53.7577 -9.39425 12.9
      vertex -53.7577 -9.39425 0
    endloop
  endfacet
  facet normal 0.600575 0.799568 -0
    outer loop
      vertex -53.2216 -10.2999 0
      vertex -53.2883 -10.2498 12.9
      vertex -53.2216 -10.2999 12.9
    endloop
  endfacet
  facet normal 0.600575 0.799568 0
    outer loop
      vertex -53.2883 -10.2498 12.9
      vertex -53.2216 -10.2999 0
      vertex -53.2883 -10.2498 0
    endloop
  endfacet
  facet normal -0.901572 0.43263 0
    outer loop
      vertex -51.3593 -9.84418 0
      vertex -51.3232 -9.76895 12.9
      vertex -51.3232 -9.76895 0
    endloop
  endfacet
  facet normal -0.901572 0.43263 0
    outer loop
      vertex -51.3232 -9.76895 12.9
      vertex -51.3593 -9.84418 0
      vertex -51.3593 -9.84418 12.9
    endloop
  endfacet
  facet normal 0.92793 -0.372754 0
    outer loop
      vertex -53.6884 -8.81937 12.9
      vertex -53.6573 -8.74195 0
      vertex -53.6573 -8.74195 12.9
    endloop
  endfacet
  facet normal 0.92793 -0.372754 0
    outer loop
      vertex -53.6573 -8.74195 0
      vertex -53.6884 -8.81937 12.9
      vertex -53.6884 -8.81937 0
    endloop
  endfacet
  facet normal -0.617504 0.786568 0
    outer loop
      vertex -51.6707 -10.2322 0
      vertex -51.7363 -10.2837 12.9
      vertex -51.6707 -10.2322 12.9
    endloop
  endfacet
  facet normal -0.617504 0.786568 0
    outer loop
      vertex -51.7363 -10.2837 12.9
      vertex -51.6707 -10.2322 0
      vertex -51.7363 -10.2837 0
    endloop
  endfacet
  facet normal -0.452003 0.892016 0
    outer loop
      vertex -51.877 -10.3733 0
      vertex -51.9514 -10.411 12.9
      vertex -51.877 -10.3733 12.9
    endloop
  endfacet
  facet normal -0.452003 0.892016 0
    outer loop
      vertex -51.9514 -10.411 12.9
      vertex -51.877 -10.3733 0
      vertex -51.9514 -10.411 0
    endloop
  endfacet
  facet normal -0.943666 -0.3309 0
    outer loop
      vertex -51.2743 -8.87205 0
      vertex -51.3019 -8.79334 12.9
      vertex -51.3019 -8.79334 0
    endloop
  endfacet
  facet normal -0.943666 -0.3309 0
    outer loop
      vertex -51.3019 -8.79334 12.9
      vertex -51.2743 -8.87205 0
      vertex -51.2743 -8.87205 12.9
    endloop
  endfacet
  facet normal -0.860545 -0.509375 0
    outer loop
      vertex -51.3724 -8.64219 0
      vertex -51.4149 -8.57039 12.9
      vertex -51.4149 -8.57039 0
    endloop
  endfacet
  facet normal -0.860545 -0.509375 0
    outer loop
      vertex -51.4149 -8.57039 12.9
      vertex -51.3724 -8.64219 0
      vertex -51.3724 -8.64219 12.9
    endloop
  endfacet
  facet normal -0.311118 -0.950371 0
    outer loop
      vertex -52.1335 -8.03138 0
      vertex -52.0542 -8.05734 12.9
      vertex -52.1335 -8.03138 12.9
    endloop
  endfacet
  facet normal -0.311118 -0.950371 -0
    outer loop
      vertex -52.0542 -8.05734 12.9
      vertex -52.1335 -8.03138 0
      vertex -52.0542 -8.05734 0
    endloop
  endfacet
  facet normal 0.564422 -0.825486 0
    outer loop
      vertex -53.2442 -8.22723 0
      vertex -53.1753 -8.18012 12.9
      vertex -53.2442 -8.22723 12.9
    endloop
  endfacet
  facet normal 0.564422 -0.825486 0
    outer loop
      vertex -53.1753 -8.18012 12.9
      vertex -53.2442 -8.22723 0
      vertex -53.1753 -8.18012 0
    endloop
  endfacet
  facet normal 0.0108976 -0.999941 0
    outer loop
      vertex -52.5459 -7.98166 0
      vertex -52.4624 -7.98075 12.9
      vertex -52.5459 -7.98166 12.9
    endloop
  endfacet
  facet normal 0.0108976 -0.999941 0
    outer loop
      vertex -52.4624 -7.98075 12.9
      vertex -52.5459 -7.98166 0
      vertex -52.4624 -7.98075 0
    endloop
  endfacet
  facet normal 0.119902 0.992786 -0
    outer loop
      vertex -52.6014 -10.5256 0
      vertex -52.6842 -10.5156 12.9
      vertex -52.6014 -10.5256 12.9
    endloop
  endfacet
  facet normal 0.119902 0.992786 0
    outer loop
      vertex -52.6842 -10.5156 12.9
      vertex -52.6014 -10.5256 0
      vertex -52.6842 -10.5156 0
    endloop
  endfacet
  facet normal -0.759003 0.651088 0
    outer loop
      vertex -51.5502 -10.1168 0
      vertex -51.4959 -10.0535 12.9
      vertex -51.4959 -10.0535 0
    endloop
  endfacet
  facet normal -0.759003 0.651088 0
    outer loop
      vertex -51.4959 -10.0535 12.9
      vertex -51.5502 -10.1168 0
      vertex -51.5502 -10.1168 12.9
    endloop
  endfacet
  facet normal 0.331792 -0.943353 0
    outer loop
      vertex -52.9524 -8.06714 0
      vertex -52.8737 -8.03946 12.9
      vertex -52.9524 -8.06714 12.9
    endloop
  endfacet
  facet normal 0.331792 -0.943353 0
    outer loop
      vertex -52.8737 -8.03946 12.9
      vertex -52.9524 -8.06714 0
      vertex -52.8737 -8.03946 0
    endloop
  endfacet
  facet normal -0.248286 -0.968687 0
    outer loop
      vertex -52.2143 -8.01067 0
      vertex -52.1335 -8.03138 12.9
      vertex -52.2143 -8.01067 12.9
    endloop
  endfacet
  facet normal -0.248286 -0.968687 -0
    outer loop
      vertex -52.1335 -8.03138 12.9
      vertex -52.2143 -8.01067 0
      vertex -52.1335 -8.03138 0
    endloop
  endfacet
  facet normal 0.053943 0.998544 -0
    outer loop
      vertex -52.5181 -10.5301 0
      vertex -52.6014 -10.5256 12.9
      vertex -52.5181 -10.5301 12.9
    endloop
  endfacet
  facet normal 0.053943 0.998544 0
    outer loop
      vertex -52.6014 -10.5256 12.9
      vertex -52.5181 -10.5301 0
      vertex -52.6014 -10.5256 0
    endloop
  endfacet
  facet normal 0.744426 0.667705 0
    outer loop
      vertex -53.4113 -10.1371 12.9
      vertex -53.467 -10.075 0
      vertex -53.467 -10.075 12.9
    endloop
  endfacet
  facet normal 0.744426 0.667705 0
    outer loop
      vertex -53.467 -10.075 0
      vertex -53.4113 -10.1371 12.9
      vertex -53.4113 -10.1371 0
    endloop
  endfacet
  facet normal -0.997145 -0.075514 0
    outer loop
      vertex -51.2165 -9.19983 0
      vertex -51.2228 -9.11664 12.9
      vertex -51.2228 -9.11664 0
    endloop
  endfacet
  facet normal -0.997145 -0.075514 0
    outer loop
      vertex -51.2228 -9.11664 12.9
      vertex -51.2165 -9.19983 0
      vertex -51.2165 -9.19983 12.9
    endloop
  endfacet
  facet normal 0.982818 -0.184578 0
    outer loop
      vertex -53.7504 -9.06149 12.9
      vertex -53.735 -8.97949 0
      vertex -53.735 -8.97949 12.9
    endloop
  endfacet
  facet normal 0.982818 -0.184578 0
    outer loop
      vertex -53.735 -8.97949 0
      vertex -53.7504 -9.06149 12.9
      vertex -53.7504 -9.06149 0
    endloop
  endfacet
  facet normal -0.330564 0.943784 0
    outer loop
      vertex -52.0281 -10.4438 0
      vertex -52.1069 -10.4714 12.9
      vertex -52.0281 -10.4438 12.9
    endloop
  endfacet
  facet normal -0.330564 0.943784 0
    outer loop
      vertex -52.1069 -10.4714 12.9
      vertex -52.0281 -10.4438 0
      vertex -52.1069 -10.4714 0
    endloop
  endfacet
  facet normal -0.927947 0.372713 0
    outer loop
      vertex -51.3232 -9.76895 0
      vertex -51.2921 -9.69152 12.9
      vertex -51.2921 -9.69152 0
    endloop
  endfacet
  facet normal -0.927947 0.372713 0
    outer loop
      vertex -51.2921 -9.69152 12.9
      vertex -51.3232 -9.76895 0
      vertex -51.3232 -9.76895 12.9
    endloop
  endfacet
  facet normal -0.982822 0.184556 0
    outer loop
      vertex -51.2455 -9.53141 0
      vertex -51.2301 -9.4494 12.9
      vertex -51.2301 -9.4494 0
    endloop
  endfacet
  facet normal -0.982822 0.184556 0
    outer loop
      vertex -51.2301 -9.4494 12.9
      vertex -51.2455 -9.53141 0
      vertex -51.2455 -9.53141 12.9
    endloop
  endfacet
  facet normal -0.989947 -0.141438 0
    outer loop
      vertex -51.2228 -9.11664 0
      vertex -51.2346 -9.03405 12.9
      vertex -51.2346 -9.03405 0
    endloop
  endfacet
  facet normal -0.989947 -0.141438 0
    outer loop
      vertex -51.2346 -9.03405 12.9
      vertex -51.2228 -9.11664 0
      vertex -51.2228 -9.11664 12.9
    endloop
  endfacet
  facet normal 0.999942 0.0107869 0
    outer loop
      vertex -53.764 -9.31106 12.9
      vertex -53.7649 -9.22763 0
      vertex -53.7649 -9.22763 12.9
    endloop
  endfacet
  facet normal 0.999942 0.0107869 0
    outer loop
      vertex -53.7649 -9.22763 0
      vertex -53.764 -9.31106 12.9
      vertex -53.764 -9.31106 0
    endloop
  endfacet
  facet normal -0.546377 -0.837539 0
    outer loop
      vertex -51.8288 -8.16543 0
      vertex -51.7589 -8.21103 12.9
      vertex -51.8288 -8.16543 12.9
    endloop
  endfacet
  facet normal -0.546377 -0.837539 -0
    outer loop
      vertex -51.7589 -8.21103 12.9
      vertex -51.8288 -8.16543 0
      vertex -51.7589 -8.21103 0
    endloop
  endfacet
  facet normal 0.205908 -0.978571 0
    outer loop
      vertex -52.7933 -8.01699 0
      vertex -52.7117 -7.99982 12.9
      vertex -52.7933 -8.01699 12.9
    endloop
  endfacet
  facet normal 0.205908 -0.978571 0
    outer loop
      vertex -52.7117 -7.99982 12.9
      vertex -52.7933 -8.01699 0
      vertex -52.7117 -7.99982 0
    endloop
  endfacet
  facet normal 0.269163 -0.963095 0
    outer loop
      vertex -52.8737 -8.03946 0
      vertex -52.7933 -8.01699 12.9
      vertex -52.8737 -8.03946 12.9
    endloop
  endfacet
  facet normal 0.269163 -0.963095 0
    outer loop
      vertex -52.7933 -8.01699 12.9
      vertex -52.8737 -8.03946 0
      vertex -52.7933 -8.01699 0
    endloop
  endfacet
  facet normal -0.698975 -0.715146 0
    outer loop
      vertex -51.6289 -8.31542 0
      vertex -51.5692 -8.37377 12.9
      vertex -51.6289 -8.31542 12.9
    endloop
  endfacet
  facet normal -0.698975 -0.715146 -0
    outer loop
      vertex -51.5692 -8.37377 12.9
      vertex -51.6289 -8.31542 0
      vertex -51.5692 -8.37377 0
    endloop
  endfacet
  facet normal 0.310468 0.950584 -0
    outer loop
      vertex -52.847 -10.4795 0
      vertex -52.9263 -10.4536 12.9
      vertex -52.847 -10.4795 12.9
    endloop
  endfacet
  facet normal 0.310468 0.950584 0
    outer loop
      vertex -52.9263 -10.4536 12.9
      vertex -52.847 -10.4795 0
      vertex -52.9263 -10.4536 0
    endloop
  endfacet
  facet normal 0.96873 -0.248116 0
    outer loop
      vertex -53.735 -8.97949 12.9
      vertex -53.7143 -8.89867 0
      vertex -53.7143 -8.89867 12.9
    endloop
  endfacet
  facet normal 0.96873 -0.248116 0
    outer loop
      vertex -53.7143 -8.89867 0
      vertex -53.735 -8.97949 12.9
      vertex -53.735 -8.97949 0
    endloop
  endfacet
  facet normal -0.56434 0.825542 0
    outer loop
      vertex -51.7363 -10.2837 0
      vertex -51.8052 -10.3308 12.9
      vertex -51.7363 -10.2837 12.9
    endloop
  endfacet
  facet normal -0.56434 0.825542 0
    outer loop
      vertex -51.8052 -10.3308 12.9
      vertex -51.7363 -10.2837 0
      vertex -51.8052 -10.3308 0
    endloop
  endfacet
  facet normal -0.075505 0.997145 0
    outer loop
      vertex -52.3514 -10.5229 0
      vertex -52.4346 -10.5292 12.9
      vertex -52.3514 -10.5229 12.9
    endloop
  endfacet
  facet normal -0.075505 0.997145 0
    outer loop
      vertex -52.4346 -10.5292 12.9
      vertex -52.3514 -10.5229 0
      vertex -52.4346 -10.5292 0
    endloop
  endfacet
  facet normal 0.509375 -0.860545 0
    outer loop
      vertex -53.1753 -8.18012 0
      vertex -53.1035 -8.13762 12.9
      vertex -53.1753 -8.18012 12.9
    endloop
  endfacet
  facet normal 0.509375 -0.860545 0
    outer loop
      vertex -53.1035 -8.13762 12.9
      vertex -53.1753 -8.18012 0
      vertex -53.1035 -8.13762 0
    endloop
  endfacet
  facet normal -0.998544 0.0539365 0
    outer loop
      vertex -51.2201 -9.36657 0
      vertex -51.2156 -9.28326 12.9
      vertex -51.2156 -9.28326 0
    endloop
  endfacet
  facet normal -0.998544 0.0539365 0
    outer loop
      vertex -51.2156 -9.28326 12.9
      vertex -51.2201 -9.36657 0
      vertex -51.2201 -9.36657 12.9
    endloop
  endfacet
  facet normal -0.744532 -0.667586 0
    outer loop
      vertex -51.5135 -8.43589 0
      vertex -51.5692 -8.37377 12.9
      vertex -51.5692 -8.37377 0
    endloop
  endfacet
  facet normal -0.744532 -0.667586 0
    outer loop
      vertex -51.5692 -8.37377 12.9
      vertex -51.5135 -8.43589 0
      vertex -51.5135 -8.43589 12.9
    endloop
  endfacet
  facet normal 0.799784 -0.600288 0
    outer loop
      vertex -53.5347 -8.52414 12.9
      vertex -53.4846 -8.45739 0
      vertex -53.4846 -8.45739 12.9
    endloop
  endfacet
  facet normal 0.799784 -0.600288 0
    outer loop
      vertex -53.4846 -8.45739 0
      vertex -53.5347 -8.52414 12.9
      vertex -53.5347 -8.52414 0
    endloop
  endfacet
  facet normal 0.901572 -0.43263 0
    outer loop
      vertex -53.6573 -8.74195 12.9
      vertex -53.6212 -8.66672 0
      vertex -53.6212 -8.66672 12.9
    endloop
  endfacet
  facet normal 0.901572 -0.43263 0
    outer loop
      vertex -53.6212 -8.66672 0
      vertex -53.6573 -8.74195 12.9
      vertex -53.6573 -8.74195 0
    endloop
  endfacet
  facet normal -0.269808 0.962914 0
    outer loop
      vertex -52.1069 -10.4714 0
      vertex -52.1872 -10.4939 12.9
      vertex -52.1069 -10.4714 12.9
    endloop
  endfacet
  facet normal -0.269808 0.962914 0
    outer loop
      vertex -52.1872 -10.4939 12.9
      vertex -52.1069 -10.4714 0
      vertex -52.1872 -10.4939 0
    endloop
  endfacet
  facet normal 0.860513 0.509428 0
    outer loop
      vertex -53.5656 -9.9405 12.9
      vertex -53.6081 -9.86871 0
      vertex -53.6081 -9.86871 12.9
    endloop
  endfacet
  facet normal 0.860513 0.509428 0
    outer loop
      vertex -53.6081 -9.86871 0
      vertex -53.5656 -9.9405 12.9
      vertex -53.5656 -9.9405 0
    endloop
  endfacet
  facet normal 0.989949 0.141421 0
    outer loop
      vertex -53.7459 -9.47685 12.9
      vertex -53.7577 -9.39425 0
      vertex -53.7577 -9.39425 12.9
    endloop
  endfacet
  facet normal 0.989949 0.141421 0
    outer loop
      vertex -53.7577 -9.39425 0
      vertex -53.7459 -9.47685 12.9
      vertex -53.7459 -9.47685 0
    endloop
  endfacet
  facet normal -0.950572 0.310503 0
    outer loop
      vertex -51.2921 -9.69152 0
      vertex -51.2662 -9.61223 12.9
      vertex -51.2662 -9.61223 0
    endloop
  endfacet
  facet normal -0.950572 0.310503 0
    outer loop
      vertex -51.2662 -9.61223 12.9
      vertex -51.2921 -9.69152 0
      vertex -51.2921 -9.69152 12.9
    endloop
  endfacet
  facet normal -0.141589 0.989925 0
    outer loop
      vertex -52.2689 -10.5111 0
      vertex -52.3514 -10.5229 12.9
      vertex -52.2689 -10.5111 12.9
    endloop
  endfacet
  facet normal -0.141589 0.989925 0
    outer loop
      vertex -52.3514 -10.5229 12.9
      vertex -52.2689 -10.5111 0
      vertex -52.3514 -10.5229 0
    endloop
  endfacet
  facet normal -0.992791 0.119859 0
    outer loop
      vertex -51.2301 -9.4494 0
      vertex -51.2201 -9.36657 12.9
      vertex -51.2201 -9.36657 0
    endloop
  endfacet
  facet normal -0.992791 0.119859 0
    outer loop
      vertex -51.2201 -9.36657 12.9
      vertex -51.2301 -9.4494 0
      vertex -51.2301 -9.4494 12.9
    endloop
  endfacet
  facet normal -0.651226 -0.758884 0
    outer loop
      vertex -51.6922 -8.2611 0
      vertex -51.6289 -8.31542 12.9
      vertex -51.6922 -8.2611 12.9
    endloop
  endfacet
  facet normal -0.651226 -0.758884 -0
    outer loop
      vertex -51.6289 -8.31542 12.9
      vertex -51.6922 -8.2611 0
      vertex -51.6289 -8.31542 0
    endloop
  endfacet
  facet normal 0.667639 -0.744485 0
    outer loop
      vertex -53.3719 -8.33443 0
      vertex -53.3098 -8.27874 12.9
      vertex -53.3719 -8.33443 12.9
    endloop
  endfacet
  facet normal 0.667639 -0.744485 0
    outer loop
      vertex -53.3098 -8.27874 12.9
      vertex -53.3719 -8.33443 0
      vertex -53.3098 -8.27874 0
    endloop
  endfacet
  facet normal 0.992791 -0.119859 0
    outer loop
      vertex -53.7604 -9.14432 12.9
      vertex -53.7504 -9.06149 0
      vertex -53.7504 -9.06149 12.9
    endloop
  endfacet
  facet normal 0.992791 -0.119859 0
    outer loop
      vertex -53.7504 -9.06149 0
      vertex -53.7604 -9.14432 12.9
      vertex -53.7604 -9.14432 0
    endloop
  endfacet
  facet normal -0.91951 -0.393066 0
    outer loop
      vertex -51.3019 -8.79334 0
      vertex -51.3347 -8.71661 12.9
      vertex -51.3347 -8.71661 0
    endloop
  endfacet
  facet normal -0.91951 -0.393066 0
    outer loop
      vertex -51.3347 -8.71661 12.9
      vertex -51.3019 -8.79334 0
      vertex -51.3019 -8.79334 12.9
    endloop
  endfacet
  facet normal 0.950584 -0.310468 0
    outer loop
      vertex -53.7143 -8.89867 12.9
      vertex -53.6884 -8.81937 0
      vertex -53.6884 -8.81937 12.9
    endloop
  endfacet
  facet normal 0.950584 -0.310468 0
    outer loop
      vertex -53.6884 -8.81937 0
      vertex -53.7143 -8.89867 12.9
      vertex -53.7143 -8.89867 0
    endloop
  endfacet
  facet normal -0.892065 -0.451906 0
    outer loop
      vertex -51.3347 -8.71661 0
      vertex -51.3724 -8.64219 12.9
      vertex -51.3724 -8.64219 0
    endloop
  endfacet
  facet normal -0.892065 -0.451906 0
    outer loop
      vertex -51.3724 -8.64219 12.9
      vertex -51.3347 -8.71661 0
      vertex -51.3347 -8.71661 12.9
    endloop
  endfacet
  facet normal 0.892065 0.451906 0
    outer loop
      vertex -53.6081 -9.86871 12.9
      vertex -53.6458 -9.79429 0
      vertex -53.6458 -9.79429 12.9
    endloop
  endfacet
  facet normal 0.892065 0.451906 0
    outer loop
      vertex -53.6458 -9.79429 0
      vertex -53.6081 -9.86871 12.9
      vertex -53.6081 -9.86871 0
    endloop
  endfacet
  facet normal -0.786751 -0.617271 0
    outer loop
      vertex -51.462 -8.50153 0
      vertex -51.5135 -8.43589 12.9
      vertex -51.5135 -8.43589 0
    endloop
  endfacet
  facet normal -0.786751 -0.617271 0
    outer loop
      vertex -51.5135 -8.43589 12.9
      vertex -51.462 -8.50153 0
      vertex -51.462 -8.50153 12.9
    endloop
  endfacet
  facet normal -0.184346 -0.982861 0
    outer loop
      vertex -52.2963 -7.99529 0
      vertex -52.2143 -8.01067 12.9
      vertex -52.2963 -7.99529 12.9
    endloop
  endfacet
  facet normal -0.184346 -0.982861 -0
    outer loop
      vertex -52.2143 -8.01067 12.9
      vertex -52.2963 -7.99529 0
      vertex -52.2143 -8.01067 0
    endloop
  endfacet
  facet normal 0.786568 0.617504 0
    outer loop
      vertex -53.467 -10.075 12.9
      vertex -53.5185 -10.0094 0
      vertex -53.5185 -10.0094 12.9
    endloop
  endfacet
  facet normal 0.786568 0.617504 0
    outer loop
      vertex -53.5185 -10.0094 0
      vertex -53.467 -10.075 12.9
      vertex -53.467 -10.075 0
    endloop
  endfacet
  facet normal 0.714495 -0.69964 0
    outer loop
      vertex -53.4303 -8.39407 12.9
      vertex -53.3719 -8.33443 0
      vertex -53.3719 -8.33443 12.9
    endloop
  endfacet
  facet normal 0.714495 -0.69964 0
    outer loop
      vertex -53.3719 -8.33443 0
      vertex -53.4303 -8.39407 12.9
      vertex -53.4303 -8.39407 0
    endloop
  endfacet
  facet normal 0.43277 0.901504 -0
    outer loop
      vertex -53.0038 -10.4225 0
      vertex -53.079 -10.3864 12.9
      vertex -53.0038 -10.4225 12.9
    endloop
  endfacet
  facet normal 0.43277 0.901504 0
    outer loop
      vertex -53.079 -10.3864 12.9
      vertex -53.0038 -10.4225 0
      vertex -53.079 -10.3864 0
    endloop
  endfacet
  facet normal 0.651088 0.759003 -0
    outer loop
      vertex -53.2883 -10.2498 0
      vertex -53.3516 -10.1955 12.9
      vertex -53.2883 -10.2498 12.9
    endloop
  endfacet
  facet normal 0.651088 0.759003 0
    outer loop
      vertex -53.3516 -10.1955 12.9
      vertex -53.2883 -10.2498 0
      vertex -53.3516 -10.1955 0
    endloop
  endfacet
  facet normal -0.799741 0.600345 0
    outer loop
      vertex -51.4959 -10.0535 0
      vertex -51.4458 -9.98676 12.9
      vertex -51.4458 -9.98676 0
    endloop
  endfacet
  facet normal -0.799741 0.600345 0
    outer loop
      vertex -51.4458 -9.98676 12.9
      vertex -51.4959 -10.0535 0
      vertex -51.4959 -10.0535 12.9
    endloop
  endfacet
  facet normal -0.837468 0.546487 0
    outer loop
      vertex -51.4458 -9.98676 0
      vertex -51.4002 -9.91688 12.9
      vertex -51.4002 -9.91688 0
    endloop
  endfacet
  facet normal -0.837468 0.546487 0
    outer loop
      vertex -51.4002 -9.91688 12.9
      vertex -51.4458 -9.98676 0
      vertex -51.4458 -9.98676 12.9
    endloop
  endfacet
  facet normal 0.617578 -0.78651 0
    outer loop
      vertex -53.3098 -8.27874 0
      vertex -53.2442 -8.22723 12.9
      vertex -53.3098 -8.27874 12.9
    endloop
  endfacet
  facet normal 0.617578 -0.78651 0
    outer loop
      vertex -53.2442 -8.22723 12.9
      vertex -53.3098 -8.27874 0
      vertex -53.2442 -8.22723 0
    endloop
  endfacet
  facet normal -0.714847 0.699281 0
    outer loop
      vertex -51.6086 -10.1765 0
      vertex -51.5502 -10.1168 12.9
      vertex -51.5502 -10.1168 0
    endloop
  endfacet
  facet normal -0.714847 0.699281 0
    outer loop
      vertex -51.5502 -10.1168 12.9
      vertex -51.6086 -10.1765 0
      vertex -51.6086 -10.1765 12.9
    endloop
  endfacet
  facet normal 0.837432 -0.546542 0
    outer loop
      vertex -53.5803 -8.59401 12.9
      vertex -53.5347 -8.52414 0
      vertex -53.5347 -8.52414 12.9
    endloop
  endfacet
  facet normal 0.837432 -0.546542 0
    outer loop
      vertex -53.5347 -8.52414 0
      vertex -53.5803 -8.59401 12.9
      vertex -53.5803 -8.59401 0
    endloop
  endfacet
  facet normal 0.998544 -0.0539365 0
    outer loop
      vertex -53.7649 -9.22763 12.9
      vertex -53.7604 -9.14432 0
      vertex -53.7604 -9.14432 12.9
    endloop
  endfacet
  facet normal 0.998544 -0.0539365 0
    outer loop
      vertex -53.7604 -9.14432 0
      vertex -53.7649 -9.22763 12.9
      vertex -53.7649 -9.22763 0
    endloop
  endfacet
  facet normal -0.393196 0.919455 0
    outer loop
      vertex -51.9514 -10.411 0
      vertex -52.0281 -10.4438 12.9
      vertex -51.9514 -10.411 12.9
    endloop
  endfacet
  facet normal -0.393196 0.919455 0
    outer loop
      vertex -52.0281 -10.4438 12.9
      vertex -51.9514 -10.411 0
      vertex -52.0281 -10.4438 0
    endloop
  endfacet
  facet normal -0.4905 -0.871441 0
    outer loop
      vertex -51.9015 -8.12451 0
      vertex -51.8288 -8.16543 12.9
      vertex -51.9015 -8.12451 12.9
    endloop
  endfacet
  facet normal -0.4905 -0.871441 -0
    outer loop
      vertex -51.8288 -8.16543 12.9
      vertex -51.9015 -8.12451 0
      vertex -51.8288 -8.16543 0
    endloop
  endfacet
  facet normal 0.0763391 -0.997082 0
    outer loop
      vertex -52.6291 -7.98803 0
      vertex -52.5459 -7.98166 12.9
      vertex -52.6291 -7.98803 12.9
    endloop
  endfacet
  facet normal 0.0763391 -0.997082 0
    outer loop
      vertex -52.5459 -7.98166 12.9
      vertex -52.6291 -7.98803 0
      vertex -52.5459 -7.98166 0
    endloop
  endfacet
  facet normal 0.141304 -0.989966 0
    outer loop
      vertex -52.7117 -7.99982 0
      vertex -52.6291 -7.98803 12.9
      vertex -52.7117 -7.99982 12.9
    endloop
  endfacet
  facet normal 0.141304 -0.989966 0
    outer loop
      vertex -52.6291 -7.98803 12.9
      vertex -52.7117 -7.99982 0
      vertex -52.6291 -7.98803 0
    endloop
  endfacet
  facet normal 0.759104 -0.650969 0
    outer loop
      vertex -53.4846 -8.45739 12.9
      vertex -53.4303 -8.39407 0
      vertex -53.4303 -8.39407 12.9
    endloop
  endfacet
  facet normal 0.759104 -0.650969 0
    outer loop
      vertex -53.4303 -8.39407 0
      vertex -53.4846 -8.45739 12.9
      vertex -53.4846 -8.45739 0
    endloop
  endfacet
  facet normal -0.432575 -0.901598 0
    outer loop
      vertex -51.9767 -8.08843 0
      vertex -51.9015 -8.12451 12.9
      vertex -51.9767 -8.08843 12.9
    endloop
  endfacet
  facet normal -0.432575 -0.901598 -0
    outer loop
      vertex -51.9015 -8.12451 12.9
      vertex -51.9767 -8.08843 0
      vertex -51.9015 -8.12451 0
    endloop
  endfacet
  facet normal -0.871544 0.490318 0
    outer loop
      vertex -51.4002 -9.91688 0
      vertex -51.3593 -9.84418 12.9
      vertex -51.3593 -9.84418 0
    endloop
  endfacet
  facet normal -0.871544 0.490318 0
    outer loop
      vertex -51.3593 -9.84418 12.9
      vertex -51.4002 -9.91688 0
      vertex -51.4002 -9.91688 12.9
    endloop
  endfacet
  facet normal -0.20601 0.97855 0
    outer loop
      vertex -52.1872 -10.4939 0
      vertex -52.2689 -10.5111 12.9
      vertex -52.1872 -10.4939 12.9
    endloop
  endfacet
  facet normal -0.20601 0.97855 0
    outer loop
      vertex -52.2689 -10.5111 12.9
      vertex -52.1872 -10.4939 0
      vertex -52.2689 -10.5111 0
    endloop
  endfacet
  facet normal -0.0545405 -0.998512 0
    outer loop
      vertex -52.4624 -7.98075 0
      vertex -52.3791 -7.9853 12.9
      vertex -52.4624 -7.98075 12.9
    endloop
  endfacet
  facet normal -0.0545405 -0.998512 -0
    outer loop
      vertex -52.3791 -7.9853 12.9
      vertex -52.4624 -7.98075 0
      vertex -52.3791 -7.9853 0
    endloop
  endfacet
  facet normal -0.978524 -0.206131 0
    outer loop
      vertex -51.2346 -9.03405 0
      vertex -51.2518 -8.9524 12.9
      vertex -51.2518 -8.9524 0
    endloop
  endfacet
  facet normal -0.978524 -0.206131 0
    outer loop
      vertex -51.2518 -8.9524 12.9
      vertex -51.2346 -9.03405 0
      vertex -51.2346 -9.03405 12.9
    endloop
  endfacet
  facet normal -0.999942 -0.0107869 0
    outer loop
      vertex -51.2156 -9.28326 0
      vertex -51.2165 -9.19983 12.9
      vertex -51.2165 -9.19983 0
    endloop
  endfacet
  facet normal -0.999942 -0.0107869 0
    outer loop
      vertex -51.2165 -9.19983 12.9
      vertex -51.2156 -9.28326 0
      vertex -51.2156 -9.28326 12.9
    endloop
  endfacet
  facet normal -0.667705 0.744426 0
    outer loop
      vertex -51.6086 -10.1765 0
      vertex -51.6707 -10.2322 12.9
      vertex -51.6086 -10.1765 12.9
    endloop
  endfacet
  facet normal -0.667705 0.744426 0
    outer loop
      vertex -51.6707 -10.2322 12.9
      vertex -51.6086 -10.1765 0
      vertex -51.6707 -10.2322 0
    endloop
  endfacet
  facet normal 0.871572 -0.490267 0
    outer loop
      vertex -53.6212 -8.66672 12.9
      vertex -53.5803 -8.59401 0
      vertex -53.5803 -8.59401 12.9
    endloop
  endfacet
  facet normal 0.871572 -0.490267 0
    outer loop
      vertex -53.5803 -8.59401 0
      vertex -53.6212 -8.66672 12.9
      vertex -53.6212 -8.66672 0
    endloop
  endfacet
  facet normal 0.452098 -0.891968 0
    outer loop
      vertex -53.1035 -8.13762 0
      vertex -53.0291 -8.09991 12.9
      vertex -53.1035 -8.13762 12.9
    endloop
  endfacet
  facet normal 0.452098 -0.891968 0
    outer loop
      vertex -53.0291 -8.09991 12.9
      vertex -53.1035 -8.13762 0
      vertex -53.0291 -8.09991 0
    endloop
  endfacet
  facet normal -0.96873 0.248116 0
    outer loop
      vertex -51.2662 -9.61223 0
      vertex -51.2455 -9.53141 12.9
      vertex -51.2455 -9.53141 0
    endloop
  endfacet
  facet normal -0.96873 0.248116 0
    outer loop
      vertex -51.2455 -9.53141 12.9
      vertex -51.2662 -9.61223 0
      vertex -51.2662 -9.61223 12.9
    endloop
  endfacet
  facet normal -0.0107778 0.999942 0
    outer loop
      vertex -52.4346 -10.5292 0
      vertex -52.5181 -10.5301 12.9
      vertex -52.4346 -10.5292 12.9
    endloop
  endfacet
  facet normal -0.0107778 0.999942 0
    outer loop
      vertex -52.5181 -10.5301 12.9
      vertex -52.4346 -10.5292 0
      vertex -52.5181 -10.5301 0
    endloop
  endfacet
  facet normal -0.37232 -0.928105 0
    outer loop
      vertex -52.0542 -8.05734 0
      vertex -51.9767 -8.08843 12.9
      vertex -52.0542 -8.05734 12.9
    endloop
  endfacet
  facet normal -0.37232 -0.928105 -0
    outer loop
      vertex -51.9767 -8.08843 12.9
      vertex -52.0542 -8.05734 0
      vertex -51.9767 -8.08843 0
    endloop
  endfacet
  facet normal 0 0 -1
    outer loop
      vertex -51.2201 -9.36657 12.9
      vertex -51.2165 -9.19983 12.9
      vertex -51.2156 -9.28326 12.9
    endloop
  endfacet
  facet normal 0 0 -1
    outer loop
      vertex -51.2201 -9.36657 12.9
      vertex -51.2228 -9.11664 12.9
      vertex -51.2165 -9.19983 12.9
    endloop
  endfacet
  facet normal 0 0 -1
    outer loop
      vertex -51.2301 -9.4494 12.9
      vertex -51.2228 -9.11664 12.9
      vertex -51.2201 -9.36657 12.9
    endloop
  endfacet
  facet normal 0 0 -1
    outer loop
      vertex -51.2301 -9.4494 12.9
      vertex -51.2346 -9.03405 12.9
      vertex -51.2228 -9.11664 12.9
    endloop
  endfacet
  facet normal 0 0 -1
    outer loop
      vertex -51.2455 -9.53141 12.9
      vertex -51.2346 -9.03405 12.9
      vertex -51.2301 -9.4494 12.9
    endloop
  endfacet
  facet normal 0 0 -1
    outer loop
      vertex -51.2455 -9.53141 12.9
      vertex -51.2518 -8.9524 12.9
      vertex -51.2346 -9.03405 12.9
    endloop
  endfacet
  facet normal 0 0 -1
    outer loop
      vertex -51.2662 -9.61223 12.9
      vertex -51.2518 -8.9524 12.9
      vertex -51.2455 -9.53141 12.9
    endloop
  endfacet
  facet normal 0 0 -1
    outer loop
      vertex -51.2662 -9.61223 12.9
      vertex -51.2743 -8.87205 12.9
      vertex -51.2518 -8.9524 12.9
    endloop
  endfacet
  facet normal 0 0 -1
    outer loop
      vertex -51.2921 -9.69152 12.9
      vertex -51.2743 -8.87205 12.9
      vertex -51.2662 -9.61223 12.9
    endloop
  endfacet
  facet normal 0 0 -1
    outer loop
      vertex -51.2921 -9.69152 12.9
      vertex -51.3019 -8.79334 12.9
      vertex -51.2743 -8.87205 12.9
    endloop
  endfacet
  facet normal 0 0 -1
    outer loop
      vertex -51.3232 -9.76895 12.9
      vertex -51.3019 -8.79334 12.9
      vertex -51.2921 -9.69152 12.9
    endloop
  endfacet
  facet normal 0 0 -1
    outer loop
      vertex -51.3232 -9.76895 12.9
      vertex -51.3347 -8.71661 12.9
      vertex -51.3019 -8.79334 12.9
    endloop
  endfacet
  facet normal 0 0 -1
    outer loop
      vertex -51.3593 -9.84418 12.9
      vertex -51.3347 -8.71661 12.9
      vertex -51.3232 -9.76895 12.9
    endloop
  endfacet
  facet normal 0 0 -1
    outer loop
      vertex -51.3593 -9.84418 12.9
      vertex -51.3724 -8.64219 12.9
      vertex -51.3347 -8.71661 12.9
    endloop
  endfacet
  facet normal 0 0 -1
    outer loop
      vertex -51.4002 -9.91688 12.9
      vertex -51.3724 -8.64219 12.9
      vertex -51.3593 -9.84418 12.9
    endloop
  endfacet
  facet normal 0 0 -1
    outer loop
      vertex -51.4002 -9.91688 12.9
      vertex -51.4149 -8.57039 12.9
      vertex -51.3724 -8.64219 12.9
    endloop
  endfacet
  facet normal 0 0 -1
    outer loop
      vertex -51.4458 -9.98676 12.9
      vertex -51.4149 -8.57039 12.9
      vertex -51.4002 -9.91688 12.9
    endloop
  endfacet
  facet normal 0 0 -1
    outer loop
      vertex -51.4458 -9.98676 12.9
      vertex -51.462 -8.50153 12.9
      vertex -51.4149 -8.57039 12.9
    endloop
  endfacet
  facet normal 0 0 -1
    outer loop
      vertex -51.4959 -10.0535 12.9
      vertex -51.462 -8.50153 12.9
      vertex -51.4458 -9.98676 12.9
    endloop
  endfacet
  facet normal 0 0 -1
    outer loop
      vertex -51.4959 -10.0535 12.9
      vertex -51.5135 -8.43589 12.9
      vertex -51.462 -8.50153 12.9
    endloop
  endfacet
  facet normal 0 0 -1
    outer loop
      vertex -51.5502 -10.1168 12.9
      vertex -51.5135 -8.43589 12.9
      vertex -51.4959 -10.0535 12.9
    endloop
  endfacet
  facet normal 0 0 -1
    outer loop
      vertex -51.5502 -10.1168 12.9
      vertex -51.5692 -8.37377 12.9
      vertex -51.5135 -8.43589 12.9
    endloop
  endfacet
  facet normal 0 0 -1
    outer loop
      vertex -51.6086 -10.1765 12.9
      vertex -51.5692 -8.37377 12.9
      vertex -51.5502 -10.1168 12.9
    endloop
  endfacet
  facet normal 0 0 -1
    outer loop
      vertex -51.6086 -10.1765 12.9
      vertex -51.6289 -8.31542 12.9
      vertex -51.5692 -8.37377 12.9
    endloop
  endfacet
  facet normal 0 0 -1
    outer loop
      vertex -51.6707 -10.2322 12.9
      vertex -51.6289 -8.31542 12.9
      vertex -51.6086 -10.1765 12.9
    endloop
  endfacet
  facet normal 0 0 -1
    outer loop
      vertex -51.6707 -10.2322 12.9
      vertex -51.6922 -8.2611 12.9
      vertex -51.6289 -8.31542 12.9
    endloop
  endfacet
  facet normal 0 0 -1
    outer loop
      vertex -51.7363 -10.2837 12.9
      vertex -51.6922 -8.2611 12.9
      vertex -51.6707 -10.2322 12.9
    endloop
  endfacet
  facet normal 0 0 -1
    outer loop
      vertex -51.7363 -10.2837 12.9
      vertex -51.7589 -8.21103 12.9
      vertex -51.6922 -8.2611 12.9
    endloop
  endfacet
  facet normal 0 0 -1
    outer loop
      vertex -51.8052 -10.3308 12.9
      vertex -51.7589 -8.21103 12.9
      vertex -51.7363 -10.2837 12.9
    endloop
  endfacet
  facet normal 0 0 -1
    outer loop
      vertex -51.8052 -10.3308 12.9
      vertex -51.8288 -8.16543 12.9
      vertex -51.7589 -8.21103 12.9
    endloop
  endfacet
  facet normal 0 0 -1
    outer loop
      vertex -51.877 -10.3733 12.9
      vertex -51.8288 -8.16543 12.9
      vertex -51.8052 -10.3308 12.9
    endloop
  endfacet
  facet normal 0 0 -1
    outer loop
      vertex -51.877 -10.3733 12.9
      vertex -51.9015 -8.12451 12.9
      vertex -51.8288 -8.16543 12.9
    endloop
  endfacet
  facet normal 0 0 -1
    outer loop
      vertex -51.9514 -10.411 12.9
      vertex -51.9015 -8.12451 12.9
      vertex -51.877 -10.3733 12.9
    endloop
  endfacet
  facet normal 0 0 -1
    outer loop
      vertex -51.9514 -10.411 12.9
      vertex -51.9767 -8.08843 12.9
      vertex -51.9015 -8.12451 12.9
    endloop
  endfacet
  facet normal 0 0 -1
    outer loop
      vertex -52.0281 -10.4438 12.9
      vertex -51.9767 -8.08843 12.9
      vertex -51.9514 -10.411 12.9
    endloop
  endfacet
  facet normal 0 0 -1
    outer loop
      vertex -52.0281 -10.4438 12.9
      vertex -52.0542 -8.05734 12.9
      vertex -51.9767 -8.08843 12.9
    endloop
  endfacet
  facet normal 0 0 -1
    outer loop
      vertex -52.1069 -10.4714 12.9
      vertex -52.0542 -8.05734 12.9
      vertex -52.0281 -10.4438 12.9
    endloop
  endfacet
  facet normal 0 0 -1
    outer loop
      vertex -52.1069 -10.4714 12.9
      vertex -52.1335 -8.03138 12.9
      vertex -52.0542 -8.05734 12.9
    endloop
  endfacet
  facet normal 0 0 -1
    outer loop
      vertex -52.1872 -10.4939 12.9
      vertex -52.1335 -8.03138 12.9
      vertex -52.1069 -10.4714 12.9
    endloop
  endfacet
  facet normal 0 0 -1
    outer loop
      vertex -52.1872 -10.4939 12.9
      vertex -52.2143 -8.01067 12.9
      vertex -52.1335 -8.03138 12.9
    endloop
  endfacet
  facet normal 0 0 -1
    outer loop
      vertex -52.2689 -10.5111 12.9
      vertex -52.2143 -8.01067 12.9
      vertex -52.1872 -10.4939 12.9
    endloop
  endfacet
  facet normal 0 0 -1
    outer loop
      vertex -52.2689 -10.5111 12.9
      vertex -52.2963 -7.99529 12.9
      vertex -52.2143 -8.01067 12.9
    endloop
  endfacet
  facet normal 0 0 -1
    outer loop
      vertex -52.3514 -10.5229 12.9
      vertex -52.2963 -7.99529 12.9
      vertex -52.2689 -10.5111 12.9
    endloop
  endfacet
  facet normal 0 0 -1
    outer loop
      vertex -52.3514 -10.5229 12.9
      vertex -52.3791 -7.9853 12.9
      vertex -52.2963 -7.99529 12.9
    endloop
  endfacet
  facet normal 0 0 -1
    outer loop
      vertex -52.4346 -10.5292 12.9
      vertex -52.3791 -7.9853 12.9
      vertex -52.3514 -10.5229 12.9
    endloop
  endfacet
  facet normal 0 0 -1
    outer loop
      vertex -52.4346 -10.5292 12.9
      vertex -52.4624 -7.98075 12.9
      vertex -52.3791 -7.9853 12.9
    endloop
  endfacet
  facet normal 0 0 -1
    outer loop
      vertex -52.5181 -10.5301 12.9
      vertex -52.4624 -7.98075 12.9
      vertex -52.4346 -10.5292 12.9
    endloop
  endfacet
  facet normal 0 0 -1
    outer loop
      vertex -52.5181 -10.5301 12.9
      vertex -52.5459 -7.98166 12.9
      vertex -52.4624 -7.98075 12.9
    endloop
  endfacet
  facet normal 0 0 -1
    outer loop
      vertex -52.6014 -10.5256 12.9
      vertex -52.5459 -7.98166 12.9
      vertex -52.5181 -10.5301 12.9
    endloop
  endfacet
  facet normal 0 0 -1
    outer loop
      vertex -52.6014 -10.5256 12.9
      vertex -52.6291 -7.98803 12.9
      vertex -52.5459 -7.98166 12.9
    endloop
  endfacet
  facet normal 0 0 -1
    outer loop
      vertex -52.6842 -10.5156 12.9
      vertex -52.6291 -7.98803 12.9
      vertex -52.6014 -10.5256 12.9
    endloop
  endfacet
  facet normal 0 0 -1
    outer loop
      vertex -52.6842 -10.5156 12.9
      vertex -52.7117 -7.99982 12.9
      vertex -52.6291 -7.98803 12.9
    endloop
  endfacet
  facet normal 0 0 -1
    outer loop
      vertex -52.7662 -10.5002 12.9
      vertex -52.7117 -7.99982 12.9
      vertex -52.6842 -10.5156 12.9
    endloop
  endfacet
  facet normal 0 0 -1
    outer loop
      vertex -52.7662 -10.5002 12.9
      vertex -52.7933 -8.01699 12.9
      vertex -52.7117 -7.99982 12.9
    endloop
  endfacet
  facet normal 0 0 -1
    outer loop
      vertex -52.847 -10.4795 12.9
      vertex -52.7933 -8.01699 12.9
      vertex -52.7662 -10.5002 12.9
    endloop
  endfacet
  facet normal 0 0 -1
    outer loop
      vertex -52.847 -10.4795 12.9
      vertex -52.8737 -8.03946 12.9
      vertex -52.7933 -8.01699 12.9
    endloop
  endfacet
  facet normal 0 0 -1
    outer loop
      vertex -52.9263 -10.4536 12.9
      vertex -52.8737 -8.03946 12.9
      vertex -52.847 -10.4795 12.9
    endloop
  endfacet
  facet normal 0 0 -1
    outer loop
      vertex -52.9263 -10.4536 12.9
      vertex -52.9524 -8.06714 12.9
      vertex -52.8737 -8.03946 12.9
    endloop
  endfacet
  facet normal 0 0 -1
    outer loop
      vertex -53.0038 -10.4225 12.9
      vertex -52.9524 -8.06714 12.9
      vertex -52.9263 -10.4536 12.9
    endloop
  endfacet
  facet normal 0 0 -1
    outer loop
      vertex -53.0038 -10.4225 12.9
      vertex -53.0291 -8.09991 12.9
      vertex -52.9524 -8.06714 12.9
    endloop
  endfacet
  facet normal 0 0 -1
    outer loop
      vertex -53.079 -10.3864 12.9
      vertex -53.0291 -8.09991 12.9
      vertex -53.0038 -10.4225 12.9
    endloop
  endfacet
  facet normal 0 0 -1
    outer loop
      vertex -53.079 -10.3864 12.9
      vertex -53.1035 -8.13762 12.9
      vertex -53.0291 -8.09991 12.9
    endloop
  endfacet
  facet normal 0 0 -1
    outer loop
      vertex -53.1517 -10.3455 12.9
      vertex -53.1035 -8.13762 12.9
      vertex -53.079 -10.3864 12.9
    endloop
  endfacet
  facet normal 0 0 -1
    outer loop
      vertex -53.1517 -10.3455 12.9
      vertex -53.1753 -8.18012 12.9
      vertex -53.1035 -8.13762 12.9
    endloop
  endfacet
  facet normal 0 0 -1
    outer loop
      vertex -53.2216 -10.2999 12.9
      vertex -53.1753 -8.18012 12.9
      vertex -53.1517 -10.3455 12.9
    endloop
  endfacet
  facet normal 0 0 -1
    outer loop
      vertex -53.2216 -10.2999 12.9
      vertex -53.2442 -8.22723 12.9
      vertex -53.1753 -8.18012 12.9
    endloop
  endfacet
  facet normal 0 0 -1
    outer loop
      vertex -53.2883 -10.2498 12.9
      vertex -53.2442 -8.22723 12.9
      vertex -53.2216 -10.2999 12.9
    endloop
  endfacet
  facet normal 0 0 -1
    outer loop
      vertex -53.2883 -10.2498 12.9
      vertex -53.3098 -8.27874 12.9
      vertex -53.2442 -8.22723 12.9
    endloop
  endfacet
  facet normal 0 0 -1
    outer loop
      vertex -53.3516 -10.1955 12.9
      vertex -53.3098 -8.27874 12.9
      vertex -53.2883 -10.2498 12.9
    endloop
  endfacet
  facet normal 0 0 -1
    outer loop
      vertex -53.3516 -10.1955 12.9
      vertex -53.3719 -8.33443 12.9
      vertex -53.3098 -8.27874 12.9
    endloop
  endfacet
  facet normal 0 0 -1
    outer loop
      vertex -53.4113 -10.1371 12.9
      vertex -53.3719 -8.33443 12.9
      vertex -53.3516 -10.1955 12.9
    endloop
  endfacet
  facet normal 0 0 -1
    outer loop
      vertex -53.4113 -10.1371 12.9
      vertex -53.4303 -8.39407 12.9
      vertex -53.3719 -8.33443 12.9
    endloop
  endfacet
  facet normal 0 0 -1
    outer loop
      vertex -53.467 -10.075 12.9
      vertex -53.4303 -8.39407 12.9
      vertex -53.4113 -10.1371 12.9
    endloop
  endfacet
  facet normal 0 0 -1
    outer loop
      vertex -53.467 -10.075 12.9
      vertex -53.4846 -8.45739 12.9
      vertex -53.4303 -8.39407 12.9
    endloop
  endfacet
  facet normal 0 0 -1
    outer loop
      vertex -53.5185 -10.0094 12.9
      vertex -53.4846 -8.45739 12.9
      vertex -53.467 -10.075 12.9
    endloop
  endfacet
  facet normal 0 0 -1
    outer loop
      vertex -53.5185 -10.0094 12.9
      vertex -53.5347 -8.52414 12.9
      vertex -53.4846 -8.45739 12.9
    endloop
  endfacet
  facet normal 0 0 -1
    outer loop
      vertex -53.5656 -9.9405 12.9
      vertex -53.5347 -8.52414 12.9
      vertex -53.5185 -10.0094 12.9
    endloop
  endfacet
  facet normal 0 0 -1
    outer loop
      vertex -53.5656 -9.9405 12.9
      vertex -53.5803 -8.59401 12.9
      vertex -53.5347 -8.52414 12.9
    endloop
  endfacet
  facet normal 0 0 -1
    outer loop
      vertex -53.6081 -9.86871 12.9
      vertex -53.5803 -8.59401 12.9
      vertex -53.5656 -9.9405 12.9
    endloop
  endfacet
  facet normal 0 0 -1
    outer loop
      vertex -53.6081 -9.86871 12.9
      vertex -53.6212 -8.66672 12.9
      vertex -53.5803 -8.59401 12.9
    endloop
  endfacet
  facet normal 0 0 -1
    outer loop
      vertex -53.6458 -9.79429 12.9
      vertex -53.6212 -8.66672 12.9
      vertex -53.6081 -9.86871 12.9
    endloop
  endfacet
  facet normal 0 0 -1
    outer loop
      vertex -53.6458 -9.79429 12.9
      vertex -53.6573 -8.74195 12.9
      vertex -53.6212 -8.66672 12.9
    endloop
  endfacet
  facet normal 0 0 -1
    outer loop
      vertex -53.6786 -9.71756 12.9
      vertex -53.6573 -8.74195 12.9
      vertex -53.6458 -9.79429 12.9
    endloop
  endfacet
  facet normal 0 0 -1
    outer loop
      vertex -53.6786 -9.71756 12.9
      vertex -53.6884 -8.81937 12.9
      vertex -53.6573 -8.74195 12.9
    endloop
  endfacet
  facet normal 0 0 -1
    outer loop
      vertex -53.7062 -9.63885 12.9
      vertex -53.6884 -8.81937 12.9
      vertex -53.6786 -9.71756 12.9
    endloop
  endfacet
  facet normal 0 0 -1
    outer loop
      vertex -53.7062 -9.63885 12.9
      vertex -53.7143 -8.89867 12.9
      vertex -53.6884 -8.81937 12.9
    endloop
  endfacet
  facet normal 0 0 -1
    outer loop
      vertex -53.7287 -9.5585 12.9
      vertex -53.7143 -8.89867 12.9
      vertex -53.7062 -9.63885 12.9
    endloop
  endfacet
  facet normal 0 0 -1
    outer loop
      vertex -53.7287 -9.5585 12.9
      vertex -53.735 -8.97949 12.9
      vertex -53.7143 -8.89867 12.9
    endloop
  endfacet
  facet normal 0 0 -1
    outer loop
      vertex -53.7459 -9.47685 12.9
      vertex -53.735 -8.97949 12.9
      vertex -53.7287 -9.5585 12.9
    endloop
  endfacet
  facet normal 0 0 -1
    outer loop
      vertex -53.7459 -9.47685 12.9
      vertex -53.7504 -9.06149 12.9
      vertex -53.735 -8.97949 12.9
    endloop
  endfacet
  facet normal 0 0 -1
    outer loop
      vertex -53.7577 -9.39425 12.9
      vertex -53.7504 -9.06149 12.9
      vertex -53.7459 -9.47685 12.9
    endloop
  endfacet
  facet normal 0 0 -1
    outer loop
      vertex -53.7577 -9.39425 12.9
      vertex -53.7604 -9.14432 12.9
      vertex -53.7504 -9.06149 12.9
    endloop
  endfacet
  facet normal 0 0 -1
    outer loop
      vertex -53.764 -9.31106 12.9
      vertex -53.7604 -9.14432 12.9
      vertex -53.7577 -9.39425 12.9
    endloop
  endfacet
  facet normal 0 0 -1
    outer loop
      vertex -53.7604 -9.14432 12.9
      vertex -53.764 -9.31106 12.9
      vertex -53.7649 -9.22763 12.9
    endloop
  endfacet
  facet normal 0.982818 -0.184578 0
    outer loop
      vertex 33.0004 -40.6362 12.9
      vertex 33.0158 -40.5542 0
      vertex 33.0158 -40.5542 12.9
    endloop
  endfacet
  facet normal 0.982818 -0.184578 0
    outer loop
      vertex 33.0158 -40.5542 0
      vertex 33.0004 -40.6362 12.9
      vertex 33.0004 -40.6362 0
    endloop
  endfacet
  facet normal -0.759003 0.651088 0
    outer loop
      vertex 35.2006 -41.6915 0
      vertex 35.2549 -41.6282 12.9
      vertex 35.2549 -41.6282 0
    endloop
  endfacet
  facet normal -0.759003 0.651088 0
    outer loop
      vertex 35.2549 -41.6282 12.9
      vertex 35.2006 -41.6915 0
      vertex 35.2006 -41.6915 12.9
    endloop
  endfacet
  facet normal -0.799568 0.600575 0
    outer loop
      vertex 35.2549 -41.6282 0
      vertex 35.305 -41.5615 12.9
      vertex 35.305 -41.5615 0
    endloop
  endfacet
  facet normal -0.799568 0.600575 0
    outer loop
      vertex 35.305 -41.5615 12.9
      vertex 35.2549 -41.6282 0
      vertex 35.2549 -41.6282 12.9
    endloop
  endfacet
  facet normal 0.565715 -0.824601 0
    outer loop
      vertex 33.5067 -39.802 0
      vertex 33.5755 -39.7548 12.9
      vertex 33.5067 -39.802 12.9
    endloop
  endfacet
  facet normal 0.565715 -0.824601 0
    outer loop
      vertex 33.5755 -39.7548 12.9
      vertex 33.5067 -39.802 0
      vertex 33.5755 -39.7548 0
    endloop
  endfacet
  facet normal -0.837539 0.546377 0
    outer loop
      vertex 35.305 -41.5615 0
      vertex 35.3506 -41.4916 12.9
      vertex 35.3506 -41.4916 0
    endloop
  endfacet
  facet normal -0.837539 0.546377 0
    outer loop
      vertex 35.3506 -41.4916 12.9
      vertex 35.305 -41.5615 0
      vertex 35.305 -41.5615 12.9
    endloop
  endfacet
  facet normal -0.66711 0.744959 0
    outer loop
      vertex 35.1423 -41.7512 0
      vertex 35.0801 -41.8069 12.9
      vertex 35.1423 -41.7512 12.9
    endloop
  endfacet
  facet normal -0.66711 0.744959 0
    outer loop
      vertex 35.0801 -41.8069 12.9
      vertex 35.1423 -41.7512 0
      vertex 35.0801 -41.8069 0
    endloop
  endfacet
  facet normal 0.184578 0.982818 -0
    outer loop
      vertex 34.0666 -42.0903 0
      vertex 33.9846 -42.0749 12.9
      vertex 34.0666 -42.0903 12.9
    endloop
  endfacet
  facet normal 0.184578 0.982818 0
    outer loop
      vertex 33.9846 -42.0749 12.9
      vertex 34.0666 -42.0903 0
      vertex 33.9846 -42.0749 0
    endloop
  endfacet
  facet normal 0.6 0.8 -0
    outer loop
      vertex 33.5293 -41.8746 0
      vertex 33.4625 -41.8245 12.9
      vertex 33.5293 -41.8746 12.9
    endloop
  endfacet
  facet normal 0.6 0.8 0
    outer loop
      vertex 33.4625 -41.8245 12.9
      vertex 33.5293 -41.8746 0
      vertex 33.4625 -41.8245 0
    endloop
  endfacet
  facet normal 0.998548 -0.0538785 0
    outer loop
      vertex 32.9859 -40.8024 12.9
      vertex 32.9904 -40.719 0
      vertex 32.9904 -40.719 12.9
    endloop
  endfacet
  facet normal 0.998548 -0.0538785 0
    outer loop
      vertex 32.9904 -40.719 0
      vertex 32.9859 -40.8024 12.9
      vertex 32.9859 -40.8024 0
    endloop
  endfacet
  facet normal 0.69988 0.714261 -0
    outer loop
      vertex 33.3992 -41.7702 0
      vertex 33.3396 -41.7118 12.9
      vertex 33.3992 -41.7702 12.9
    endloop
  endfacet
  facet normal 0.69988 0.714261 0
    outer loop
      vertex 33.3396 -41.7118 12.9
      vertex 33.3992 -41.7702 0
      vertex 33.3396 -41.7118 0
    endloop
  endfacet
  facet normal 0.119759 0.992803 -0
    outer loop
      vertex 34.1495 -42.1003 0
      vertex 34.0666 -42.0903 12.9
      vertex 34.1495 -42.1003 12.9
    endloop
  endfacet
  facet normal 0.119759 0.992803 0
    outer loop
      vertex 34.0666 -42.0903 12.9
      vertex 34.1495 -42.1003 0
      vertex 34.0666 -42.0903 0
    endloop
  endfacet
  facet normal -0.0766965 0.997054 0
    outer loop
      vertex 34.3994 -42.0976 0
      vertex 34.3162 -42.104 12.9
      vertex 34.3994 -42.0976 12.9
    endloop
  endfacet
  facet normal -0.0766965 0.997054 0
    outer loop
      vertex 34.3162 -42.104 12.9
      vertex 34.3994 -42.0976 0
      vertex 34.3162 -42.104 0
    endloop
  endfacet
  facet normal -0.393196 0.919455 0
    outer loop
      vertex 34.7994 -41.9857 0
      vertex 34.7227 -42.0185 12.9
      vertex 34.7994 -41.9857 12.9
    endloop
  endfacet
  facet normal -0.393196 0.919455 0
    outer loop
      vertex 34.7227 -42.0185 12.9
      vertex 34.7994 -41.9857 0
      vertex 34.7227 -42.0185 0
    endloop
  endfacet
  facet normal -0.332005 0.943278 0
    outer loop
      vertex 34.7227 -42.0185 0
      vertex 34.644 -42.0462 12.9
      vertex 34.7227 -42.0185 12.9
    endloop
  endfacet
  facet normal -0.332005 0.943278 0
    outer loop
      vertex 34.644 -42.0462 12.9
      vertex 34.7227 -42.0185 0
      vertex 34.644 -42.0462 0
    endloop
  endfacet
  facet normal 0.141421 -0.989949 0
    outer loop
      vertex 34.0392 -39.5745 0
      vertex 34.1218 -39.5627 12.9
      vertex 34.0392 -39.5745 12.9
    endloop
  endfacet
  facet normal 0.141421 -0.989949 0
    outer loop
      vertex 34.1218 -39.5627 12.9
      vertex 34.0392 -39.5745 0
      vertex 34.1218 -39.5627 0
    endloop
  endfacet
  facet normal -0.928063 0.372423 0
    outer loop
      vertex 35.4276 -41.3437 0
      vertex 35.4587 -41.2662 12.9
      vertex 35.4587 -41.2662 0
    endloop
  endfacet
  facet normal -0.928063 0.372423 0
    outer loop
      vertex 35.4587 -41.2662 12.9
      vertex 35.4276 -41.3437 0
      vertex 35.4276 -41.3437 12.9
    endloop
  endfacet
  facet normal -0.97855 -0.20601 0
    outer loop
      vertex 35.5162 -40.6088 0
      vertex 35.499 -40.5271 12.9
      vertex 35.499 -40.5271 0
    endloop
  endfacet
  facet normal -0.97855 -0.20601 0
    outer loop
      vertex 35.499 -40.5271 12.9
      vertex 35.5162 -40.6088 0
      vertex 35.5162 -40.6088 12.9
    endloop
  endfacet
  facet normal -0.206252 0.978499 0
    outer loop
      vertex 34.5636 -42.0686 0
      vertex 34.482 -42.0858 12.9
      vertex 34.5636 -42.0686 12.9
    endloop
  endfacet
  facet normal -0.206252 0.978499 0
    outer loop
      vertex 34.482 -42.0858 12.9
      vertex 34.5636 -42.0686 0
      vertex 34.482 -42.0858 0
    endloop
  endfacet
  facet normal 0.0107907 -0.999942 0
    outer loop
      vertex 34.205 -39.5564 0
      vertex 34.2884 -39.5555 12.9
      vertex 34.205 -39.5564 12.9
    endloop
  endfacet
  facet normal 0.0107907 -0.999942 0
    outer loop
      vertex 34.2884 -39.5555 12.9
      vertex 34.205 -39.5564 0
      vertex 34.2884 -39.5555 0
    endloop
  endfacet
  facet normal 0.800575 -0.599233 0
    outer loop
      vertex 33.2162 -40.0989 12.9
      vertex 33.2662 -40.0321 0
      vertex 33.2662 -40.0321 12.9
    endloop
  endfacet
  facet normal 0.800575 -0.599233 0
    outer loop
      vertex 33.2662 -40.0321 0
      vertex 33.2162 -40.0989 12.9
      vertex 33.2162 -40.0989 0
    endloop
  endfacet
  facet normal 0.759003 -0.651088 0
    outer loop
      vertex 33.2662 -40.0321 12.9
      vertex 33.3205 -39.9688 0
      vertex 33.3205 -39.9688 12.9
    endloop
  endfacet
  facet normal 0.759003 -0.651088 0
    outer loop
      vertex 33.3205 -39.9688 0
      vertex 33.2662 -40.0321 12.9
      vertex 33.2662 -40.0321 0
    endloop
  endfacet
  facet normal -0.943278 -0.332005 0
    outer loop
      vertex 35.4766 -40.4468 0
      vertex 35.4489 -40.3681 12.9
      vertex 35.4489 -40.3681 0
    endloop
  endfacet
  facet normal -0.943278 -0.332005 0
    outer loop
      vertex 35.4489 -40.3681 12.9
      vertex 35.4766 -40.4468 0
      vertex 35.4766 -40.4468 12.9
    endloop
  endfacet
  facet normal -0.950468 0.310822 0
    outer loop
      vertex 35.4587 -41.2662 0
      vertex 35.4846 -41.187 12.9
      vertex 35.4846 -41.187 0
    endloop
  endfacet
  facet normal -0.950468 0.310822 0
    outer loop
      vertex 35.4846 -41.187 12.9
      vertex 35.4587 -41.2662 0
      vertex 35.4587 -41.2662 12.9
    endloop
  endfacet
  facet normal -0.989949 -0.141421 0
    outer loop
      vertex 35.528 -40.6914 0
      vertex 35.5162 -40.6088 12.9
      vertex 35.5162 -40.6088 0
    endloop
  endfacet
  facet normal -0.989949 -0.141421 0
    outer loop
      vertex 35.5162 -40.6088 12.9
      vertex 35.528 -40.6914 0
      vertex 35.528 -40.6914 12.9
    endloop
  endfacet
  facet normal 0.432303 0.901729 -0
    outer loop
      vertex 33.7471 -41.9972 0
      vertex 33.6718 -41.9611 12.9
      vertex 33.7471 -41.9972 12.9
    endloop
  endfacet
  facet normal 0.432303 0.901729 0
    outer loop
      vertex 33.6718 -41.9611 12.9
      vertex 33.7471 -41.9972 0
      vertex 33.6718 -41.9611 0
    endloop
  endfacet
  facet normal -0.43277 -0.901504 0
    outer loop
      vertex 34.7741 -39.6631 0
      vertex 34.8493 -39.6992 12.9
      vertex 34.7741 -39.6631 12.9
    endloop
  endfacet
  facet normal -0.43277 -0.901504 -0
    outer loop
      vertex 34.8493 -39.6992 12.9
      vertex 34.7741 -39.6631 0
      vertex 34.8493 -39.6992 0
    endloop
  endfacet
  facet normal -0.968501 0.249009 0
    outer loop
      vertex 35.4846 -41.187 0
      vertex 35.5054 -41.1061 12.9
      vertex 35.5054 -41.1061 0
    endloop
  endfacet
  facet normal -0.968501 0.249009 0
    outer loop
      vertex 35.5054 -41.1061 12.9
      vertex 35.4846 -41.187 0
      vertex 35.4846 -41.187 12.9
    endloop
  endfacet
  facet normal -0.184578 -0.982818 0
    outer loop
      vertex 34.4545 -39.57 0
      vertex 34.5365 -39.5854 12.9
      vertex 34.4545 -39.57 12.9
    endloop
  endfacet
  facet normal -0.184578 -0.982818 -0
    outer loop
      vertex 34.5365 -39.5854 12.9
      vertex 34.4545 -39.57 0
      vertex 34.5365 -39.5854 0
    endloop
  endfacet
  facet normal 0.943278 0.332005 0
    outer loop
      vertex 33.0723 -41.2923 12.9
      vertex 33.0446 -41.2136 0
      vertex 33.0446 -41.2136 12.9
    endloop
  endfacet
  facet normal 0.943278 0.332005 0
    outer loop
      vertex 33.0446 -41.2136 0
      vertex 33.0723 -41.2923 12.9
      vertex 33.0723 -41.2923 0
    endloop
  endfacet
  facet normal -0.69988 -0.714261 0
    outer loop
      vertex 35.122 -39.8901 0
      vertex 35.1816 -39.9485 12.9
      vertex 35.122 -39.8901 12.9
    endloop
  endfacet
  facet normal -0.69988 -0.714261 -0
    outer loop
      vertex 35.1816 -39.9485 12.9
      vertex 35.122 -39.8901 0
      vertex 35.1816 -39.9485 0
    endloop
  endfacet
  facet normal 0.871031 -0.491228 0
    outer loop
      vertex 33.1296 -40.2414 12.9
      vertex 33.1706 -40.1687 0
      vertex 33.1706 -40.1687 12.9
    endloop
  endfacet
  facet normal 0.871031 -0.491228 0
    outer loop
      vertex 33.1706 -40.1687 0
      vertex 33.1296 -40.2414 12.9
      vertex 33.1296 -40.2414 0
    endloop
  endfacet
  facet normal -0.963225 -0.268695 0
    outer loop
      vertex 35.499 -40.5271 0
      vertex 35.4766 -40.4468 12.9
      vertex 35.4766 -40.4468 0
    endloop
  endfacet
  facet normal -0.963225 -0.268695 0
    outer loop
      vertex 35.4766 -40.4468 12.9
      vertex 35.499 -40.5271 0
      vertex 35.499 -40.5271 12.9
    endloop
  endfacet
  facet normal 0.999942 0.0107907 0
    outer loop
      vertex 32.9868 -40.8858 12.9
      vertex 32.9859 -40.8024 0
      vertex 32.9859 -40.8024 12.9
    endloop
  endfacet
  facet normal 0.999942 0.0107907 0
    outer loop
      vertex 32.9859 -40.8024 0
      vertex 32.9868 -40.8858 12.9
      vertex 32.9868 -40.8858 0
    endloop
  endfacet
  facet normal -0.119902 -0.992786 0
    outer loop
      vertex 34.3717 -39.56 0
      vertex 34.4545 -39.57 12.9
      vertex 34.3717 -39.56 12.9
    endloop
  endfacet
  facet normal -0.119902 -0.992786 -0
    outer loop
      vertex 34.4545 -39.57 12.9
      vertex 34.3717 -39.56 0
      vertex 34.4545 -39.57 0
    endloop
  endfacet
  facet normal -0.997054 -0.0766965 0
    outer loop
      vertex 35.5344 -40.7746 0
      vertex 35.528 -40.6914 12.9
      vertex 35.528 -40.6914 0
    endloop
  endfacet
  facet normal -0.997054 -0.0766965 0
    outer loop
      vertex 35.528 -40.6914 12.9
      vertex 35.5344 -40.7746 0
      vertex 35.5344 -40.7746 12.9
    endloop
  endfacet
  facet normal -0.0107907 0.999942 0
    outer loop
      vertex 34.3162 -42.104 0
      vertex 34.2328 -42.1049 12.9
      vertex 34.3162 -42.104 12.9
    endloop
  endfacet
  facet normal -0.0107907 0.999942 0
    outer loop
      vertex 34.2328 -42.1049 12.9
      vertex 34.3162 -42.104 0
      vertex 34.2328 -42.1049 0
    endloop
  endfacet
  facet normal 0.997054 0.0766965 0
    outer loop
      vertex 32.9932 -40.969 12.9
      vertex 32.9868 -40.8858 0
      vertex 32.9868 -40.8858 12.9
    endloop
  endfacet
  facet normal 0.997054 0.0766965 0
    outer loop
      vertex 32.9868 -40.8858 0
      vertex 32.9932 -40.969 12.9
      vertex 32.9932 -40.969 0
    endloop
  endfacet
  facet normal -0.268385 0.963312 0
    outer loop
      vertex 34.644 -42.0462 0
      vertex 34.5636 -42.0686 12.9
      vertex 34.644 -42.0462 12.9
    endloop
  endfacet
  facet normal -0.268385 0.963312 0
    outer loop
      vertex 34.5636 -42.0686 12.9
      vertex 34.644 -42.0462 0
      vertex 34.5636 -42.0686 0
    endloop
  endfacet
  facet normal -0.744426 -0.667705 0
    outer loop
      vertex 35.2373 -40.0106 0
      vertex 35.1816 -39.9485 12.9
      vertex 35.1816 -39.9485 0
    endloop
  endfacet
  facet normal -0.744426 -0.667705 0
    outer loop
      vertex 35.1816 -39.9485 12.9
      vertex 35.2373 -40.0106 0
      vertex 35.2373 -40.0106 12.9
    endloop
  endfacet
  facet normal -0.546377 -0.837539 0
    outer loop
      vertex 34.922 -39.7402 0
      vertex 34.9919 -39.7858 12.9
      vertex 34.922 -39.7402 12.9
    endloop
  endfacet
  facet normal -0.546377 -0.837539 -0
    outer loop
      vertex 34.9919 -39.7858 12.9
      vertex 34.922 -39.7402 0
      vertex 34.9919 -39.7858 0
    endloop
  endfacet
  facet normal 0.919888 0.392182 0
    outer loop
      vertex 33.105 -41.369 12.9
      vertex 33.0723 -41.2923 0
      vertex 33.0723 -41.2923 12.9
    endloop
  endfacet
  facet normal 0.919888 0.392182 0
    outer loop
      vertex 33.0723 -41.2923 0
      vertex 33.105 -41.369 12.9
      vertex 33.105 -41.369 0
    endloop
  endfacet
  facet normal -0.983035 0.18342 0
    outer loop
      vertex 35.5054 -41.1061 0
      vertex 35.5207 -41.0241 12.9
      vertex 35.5207 -41.0241 0
    endloop
  endfacet
  facet normal -0.983035 0.18342 0
    outer loop
      vertex 35.5207 -41.0241 12.9
      vertex 35.5054 -41.1061 0
      vertex 35.5054 -41.1061 12.9
    endloop
  endfacet
  facet normal -0.617504 0.786568 0
    outer loop
      vertex 35.0801 -41.8069 0
      vertex 35.0145 -41.8584 12.9
      vertex 35.0801 -41.8069 12.9
    endloop
  endfacet
  facet normal -0.617504 0.786568 0
    outer loop
      vertex 35.0145 -41.8584 12.9
      vertex 35.0801 -41.8069 0
      vertex 35.0145 -41.8584 0
    endloop
  endfacet
  facet normal -0.901504 0.43277 0
    outer loop
      vertex 35.3915 -41.4189 0
      vertex 35.4276 -41.3437 12.9
      vertex 35.4276 -41.3437 0
    endloop
  endfacet
  facet normal -0.901504 0.43277 0
    outer loop
      vertex 35.4276 -41.3437 12.9
      vertex 35.3915 -41.4189 0
      vertex 35.3915 -41.4189 12.9
    endloop
  endfacet
  facet normal -0.999942 -0.0107907 0
    outer loop
      vertex 35.5353 -40.858 0
      vertex 35.5344 -40.7746 12.9
      vertex 35.5344 -40.7746 0
    endloop
  endfacet
  facet normal -0.999942 -0.0107907 0
    outer loop
      vertex 35.5344 -40.7746 12.9
      vertex 35.5353 -40.858 0
      vertex 35.5353 -40.858 12.9
    endloop
  endfacet
  facet normal -0.491228 -0.871031 0
    outer loop
      vertex 34.8493 -39.6992 0
      vertex 34.922 -39.7402 12.9
      vertex 34.8493 -39.6992 12.9
    endloop
  endfacet
  facet normal -0.491228 -0.871031 -0
    outer loop
      vertex 34.922 -39.7402 12.9
      vertex 34.8493 -39.6992 0
      vertex 34.922 -39.7402 0
    endloop
  endfacet
  facet normal -0.452003 0.892016 0
    outer loop
      vertex 34.8738 -41.948 0
      vertex 34.7994 -41.9857 12.9
      vertex 34.8738 -41.948 12.9
    endloop
  endfacet
  facet normal -0.452003 0.892016 0
    outer loop
      vertex 34.7994 -41.9857 12.9
      vertex 34.8738 -41.948 0
      vertex 34.7994 -41.9857 0
    endloop
  endfacet
  facet normal -0.599808 -0.800144 0
    outer loop
      vertex 34.9919 -39.7858 0
      vertex 35.0586 -39.8358 12.9
      vertex 34.9919 -39.7858 12.9
    endloop
  endfacet
  facet normal -0.599808 -0.800144 -0
    outer loop
      vertex 35.0586 -39.8358 12.9
      vertex 34.9919 -39.7858 0
      vertex 35.0586 -39.8358 0
    endloop
  endfacet
  facet normal -0.371804 -0.928311 0
    outer loop
      vertex 34.6967 -39.6321 0
      vertex 34.7741 -39.6631 12.9
      vertex 34.6967 -39.6321 12.9
    endloop
  endfacet
  facet normal -0.371804 -0.928311 -0
    outer loop
      vertex 34.7741 -39.6631 12.9
      vertex 34.6967 -39.6321 0
      vertex 34.7741 -39.6631 0
    endloop
  endfacet
  facet normal -0.715446 0.698668 0
    outer loop
      vertex 35.1423 -41.7512 0
      vertex 35.2006 -41.6915 12.9
      vertex 35.2006 -41.6915 0
    endloop
  endfacet
  facet normal -0.715446 0.698668 0
    outer loop
      vertex 35.2006 -41.6915 12.9
      vertex 35.1423 -41.7512 0
      vertex 35.1423 -41.7512 12.9
    endloop
  endfacet
  facet normal -0.247886 -0.968789 0
    outer loop
      vertex 34.5365 -39.5854 0
      vertex 34.6174 -39.6061 12.9
      vertex 34.5365 -39.5854 12.9
    endloop
  endfacet
  facet normal -0.247886 -0.968789 -0
    outer loop
      vertex 34.6174 -39.6061 12.9
      vertex 34.5365 -39.5854 0
      vertex 34.6174 -39.6061 0
    endloop
  endfacet
  facet normal -0.56434 0.825542 0
    outer loop
      vertex 35.0145 -41.8584 0
      vertex 34.9456 -41.9055 12.9
      vertex 35.0145 -41.8584 12.9
    endloop
  endfacet
  facet normal -0.56434 0.825542 0
    outer loop
      vertex 34.9456 -41.9055 12.9
      vertex 35.0145 -41.8584 0
      vertex 34.9456 -41.9055 0
    endloop
  endfacet
  facet normal 0.786568 0.617504 0
    outer loop
      vertex 33.2839 -41.6497 12.9
      vertex 33.2324 -41.5841 0
      vertex 33.2324 -41.5841 12.9
    endloop
  endfacet
  facet normal 0.786568 0.617504 0
    outer loop
      vertex 33.2324 -41.5841 0
      vertex 33.2839 -41.6497 12.9
      vertex 33.2839 -41.6497 0
    endloop
  endfacet
  facet normal -0.871544 0.490318 0
    outer loop
      vertex 35.3506 -41.4916 0
      vertex 35.3915 -41.4189 12.9
      vertex 35.3915 -41.4189 0
    endloop
  endfacet
  facet normal -0.871544 0.490318 0
    outer loop
      vertex 35.3915 -41.4189 12.9
      vertex 35.3506 -41.4916 0
      vertex 35.3506 -41.4916 12.9
    endloop
  endfacet
  facet normal 0.452003 -0.892016 0
    outer loop
      vertex 33.6473 -39.7123 0
      vertex 33.7217 -39.6746 12.9
      vertex 33.6473 -39.7123 12.9
    endloop
  endfacet
  facet normal 0.452003 -0.892016 0
    outer loop
      vertex 33.7217 -39.6746 12.9
      vertex 33.6473 -39.7123 0
      vertex 33.7217 -39.6746 0
    endloop
  endfacet
  facet normal 0.968716 -0.248173 0
    outer loop
      vertex 33.0158 -40.5542 12.9
      vertex 33.0365 -40.4734 0
      vertex 33.0365 -40.4734 12.9
    endloop
  endfacet
  facet normal 0.968716 -0.248173 0
    outer loop
      vertex 33.0365 -40.4734 0
      vertex 33.0158 -40.5542 12.9
      vertex 33.0158 -40.5542 0
    endloop
  endfacet
  facet normal 0.667705 -0.744426 0
    outer loop
      vertex 33.3789 -39.9092 0
      vertex 33.441 -39.8535 12.9
      vertex 33.3789 -39.9092 12.9
    endloop
  endfacet
  facet normal 0.667705 -0.744426 0
    outer loop
      vertex 33.441 -39.8535 12.9
      vertex 33.3789 -39.9092 0
      vertex 33.441 -39.8535 0
    endloop
  endfacet
  facet normal -0.91964 -0.392763 0
    outer loop
      vertex 35.4489 -40.3681 0
      vertex 35.4161 -40.2913 12.9
      vertex 35.4161 -40.2913 0
    endloop
  endfacet
  facet normal -0.91964 -0.392763 0
    outer loop
      vertex 35.4161 -40.2913 12.9
      vertex 35.4489 -40.3681 0
      vertex 35.4489 -40.3681 12.9
    endloop
  endfacet
  facet normal -0.998479 0.0551381 0
    outer loop
      vertex 35.5307 -40.9413 0
      vertex 35.5353 -40.858 12.9
      vertex 35.5353 -40.858 0
    endloop
  endfacet
  facet normal -0.998479 0.0551381 0
    outer loop
      vertex 35.5353 -40.858 12.9
      vertex 35.5307 -40.9413 0
      vertex 35.5307 -40.9413 12.9
    endloop
  endfacet
  facet normal 0.989949 0.141421 0
    outer loop
      vertex 33.005 -41.0516 12.9
      vertex 32.9932 -40.969 0
      vertex 32.9932 -40.969 12.9
    endloop
  endfacet
  facet normal 0.989949 0.141421 0
    outer loop
      vertex 32.9932 -40.969 0
      vertex 33.005 -41.0516 12.9
      vertex 33.005 -41.0516 0
    endloop
  endfacet
  facet normal 0.075505 -0.997145 0
    outer loop
      vertex 34.1218 -39.5627 0
      vertex 34.205 -39.5564 12.9
      vertex 34.1218 -39.5627 12.9
    endloop
  endfacet
  facet normal 0.075505 -0.997145 0
    outer loop
      vertex 34.205 -39.5564 12.9
      vertex 34.1218 -39.5627 0
      vertex 34.205 -39.5564 0
    endloop
  endfacet
  facet normal 0.546926 0.837181 -0
    outer loop
      vertex 33.5991 -41.9202 0
      vertex 33.5293 -41.8746 12.9
      vertex 33.5991 -41.9202 12.9
    endloop
  endfacet
  facet normal 0.546926 0.837181 0
    outer loop
      vertex 33.5293 -41.8746 12.9
      vertex 33.5991 -41.9202 0
      vertex 33.5293 -41.8746 0
    endloop
  endfacet
  facet normal 0.651088 0.759003 -0
    outer loop
      vertex 33.4625 -41.8245 0
      vertex 33.3992 -41.7702 12.9
      vertex 33.4625 -41.8245 12.9
    endloop
  endfacet
  facet normal 0.651088 0.759003 0
    outer loop
      vertex 33.3992 -41.7702 12.9
      vertex 33.4625 -41.8245 0
      vertex 33.3992 -41.7702 0
    endloop
  endfacet
  facet normal 0.490318 0.871544 -0
    outer loop
      vertex 33.6718 -41.9611 0
      vertex 33.5991 -41.9202 12.9
      vertex 33.6718 -41.9611 12.9
    endloop
  endfacet
  facet normal 0.490318 0.871544 0
    outer loop
      vertex 33.5991 -41.9202 12.9
      vertex 33.6718 -41.9611 0
      vertex 33.5991 -41.9202 0
    endloop
  endfacet
  facet normal -0.992786 0.119902 0
    outer loop
      vertex 35.5207 -41.0241 0
      vertex 35.5307 -40.9413 12.9
      vertex 35.5307 -40.9413 0
    endloop
  endfacet
  facet normal -0.992786 0.119902 0
    outer loop
      vertex 35.5307 -40.9413 12.9
      vertex 35.5207 -41.0241 0
      vertex 35.5207 -41.0241 12.9
    endloop
  endfacet
  facet normal 0.860545 0.509375 0
    outer loop
      vertex 33.1853 -41.5152 12.9
      vertex 33.1428 -41.4434 0
      vertex 33.1428 -41.4434 12.9
    endloop
  endfacet
  facet normal 0.860545 0.509375 0
    outer loop
      vertex 33.1428 -41.4434 0
      vertex 33.1853 -41.5152 12.9
      vertex 33.1853 -41.5152 0
    endloop
  endfacet
  facet normal 0.391749 -0.920072 0
    outer loop
      vertex 33.7217 -39.6746 0
      vertex 33.7985 -39.6419 12.9
      vertex 33.7217 -39.6746 12.9
    endloop
  endfacet
  facet normal 0.391749 -0.920072 0
    outer loop
      vertex 33.7985 -39.6419 12.9
      vertex 33.7217 -39.6746 0
      vertex 33.7985 -39.6419 0
    endloop
  endfacet
  facet normal -0.825542 -0.56434 0
    outer loop
      vertex 35.3359 -40.1451 0
      vertex 35.2888 -40.0762 12.9
      vertex 35.2888 -40.0762 0
    endloop
  endfacet
  facet normal -0.825542 -0.56434 0
    outer loop
      vertex 35.2888 -40.0762 12.9
      vertex 35.3359 -40.1451 0
      vertex 35.3359 -40.1451 12.9
    endloop
  endfacet
  facet normal 0.714261 -0.69988 0
    outer loop
      vertex 33.3205 -39.9688 12.9
      vertex 33.3789 -39.9092 0
      vertex 33.3789 -39.9092 12.9
    endloop
  endfacet
  facet normal 0.714261 -0.69988 0
    outer loop
      vertex 33.3789 -39.9092 0
      vertex 33.3205 -39.9688 12.9
      vertex 33.3205 -39.9688 0
    endloop
  endfacet
  facet normal -0.650495 -0.75951 0
    outer loop
      vertex 35.0586 -39.8358 0
      vertex 35.122 -39.8901 12.9
      vertex 35.0586 -39.8358 12.9
    endloop
  endfacet
  facet normal -0.650495 -0.75951 -0
    outer loop
      vertex 35.122 -39.8901 12.9
      vertex 35.0586 -39.8358 0
      vertex 35.122 -39.8901 0
    endloop
  endfacet
  facet normal 0.20601 -0.97855 0
    outer loop
      vertex 33.9575 -39.5917 0
      vertex 34.0392 -39.5745 12.9
      vertex 33.9575 -39.5917 12.9
    endloop
  endfacet
  facet normal 0.20601 -0.97855 0
    outer loop
      vertex 34.0392 -39.5745 12.9
      vertex 33.9575 -39.5917 0
      vertex 34.0392 -39.5745 0
    endloop
  endfacet
  facet normal -0.786568 -0.617504 0
    outer loop
      vertex 35.2888 -40.0762 0
      vertex 35.2373 -40.0106 12.9
      vertex 35.2373 -40.0106 0
    endloop
  endfacet
  facet normal -0.786568 -0.617504 0
    outer loop
      vertex 35.2373 -40.0106 12.9
      vertex 35.2888 -40.0762 0
      vertex 35.2888 -40.0762 12.9
    endloop
  endfacet
  facet normal -0.509375 0.860545 0
    outer loop
      vertex 34.9456 -41.9055 0
      vertex 34.8738 -41.948 12.9
      vertex 34.9456 -41.9055 12.9
    endloop
  endfacet
  facet normal -0.509375 0.860545 0
    outer loop
      vertex 34.8738 -41.948 12.9
      vertex 34.9456 -41.9055 0
      vertex 34.8738 -41.948 0
    endloop
  endfacet
  facet normal 0.744426 0.667705 0
    outer loop
      vertex 33.3396 -41.7118 12.9
      vertex 33.2839 -41.6497 0
      vertex 33.2839 -41.6497 12.9
    endloop
  endfacet
  facet normal 0.744426 0.667705 0
    outer loop
      vertex 33.2839 -41.6497 0
      vertex 33.3396 -41.7118 12.9
      vertex 33.3396 -41.7118 0
    endloop
  endfacet
  facet normal 0.902195 -0.431328 0
    outer loop
      vertex 33.0936 -40.3167 12.9
      vertex 33.1296 -40.2414 0
      vertex 33.1296 -40.2414 12.9
    endloop
  endfacet
  facet normal 0.902195 -0.431328 0
    outer loop
      vertex 33.1296 -40.2414 0
      vertex 33.0936 -40.3167 12.9
      vertex 33.0936 -40.3167 0
    endloop
  endfacet
  facet normal 0.616922 -0.787024 0
    outer loop
      vertex 33.441 -39.8535 0
      vertex 33.5067 -39.802 12.9
      vertex 33.441 -39.8535 12.9
    endloop
  endfacet
  facet normal 0.616922 -0.787024 0
    outer loop
      vertex 33.5067 -39.802 12.9
      vertex 33.441 -39.8535 0
      vertex 33.5067 -39.802 0
    endloop
  endfacet
  facet normal 0.992786 -0.119902 0
    outer loop
      vertex 32.9904 -40.719 12.9
      vertex 33.0004 -40.6362 0
      vertex 33.0004 -40.6362 12.9
    endloop
  endfacet
  facet normal 0.992786 -0.119902 0
    outer loop
      vertex 33.0004 -40.6362 0
      vertex 32.9904 -40.719 12.9
      vertex 32.9904 -40.719 0
    endloop
  endfacet
  facet normal -0.053943 -0.998544 0
    outer loop
      vertex 34.2884 -39.5555 0
      vertex 34.3717 -39.56 12.9
      vertex 34.2884 -39.5555 12.9
    endloop
  endfacet
  facet normal -0.053943 -0.998544 -0
    outer loop
      vertex 34.3717 -39.56 12.9
      vertex 34.2884 -39.5555 0
      vertex 34.3717 -39.56 0
    endloop
  endfacet
  facet normal 0.509375 -0.860545 0
    outer loop
      vertex 33.5755 -39.7548 0
      vertex 33.6473 -39.7123 12.9
      vertex 33.5755 -39.7548 12.9
    endloop
  endfacet
  facet normal 0.509375 -0.860545 0
    outer loop
      vertex 33.6473 -39.7123 12.9
      vertex 33.5755 -39.7548 0
      vertex 33.6473 -39.7123 0
    endloop
  endfacet
  facet normal 0.310468 0.950584 -0
    outer loop
      vertex 33.9038 -42.0542 0
      vertex 33.8245 -42.0283 12.9
      vertex 33.9038 -42.0542 12.9
    endloop
  endfacet
  facet normal 0.310468 0.950584 0
    outer loop
      vertex 33.8245 -42.0283 12.9
      vertex 33.9038 -42.0542 0
      vertex 33.8245 -42.0283 0
    endloop
  endfacet
  facet normal 0.837181 -0.546926 0
    outer loop
      vertex 33.1706 -40.1687 12.9
      vertex 33.2162 -40.0989 0
      vertex 33.2162 -40.0989 12.9
    endloop
  endfacet
  facet normal 0.837181 -0.546926 0
    outer loop
      vertex 33.2162 -40.0989 0
      vertex 33.1706 -40.1687 12.9
      vertex 33.1706 -40.1687 0
    endloop
  endfacet
  facet normal 0.372837 0.927897 -0
    outer loop
      vertex 33.8245 -42.0283 0
      vertex 33.7471 -41.9972 12.9
      vertex 33.8245 -42.0283 12.9
    endloop
  endfacet
  facet normal 0.372837 0.927897 0
    outer loop
      vertex 33.7471 -41.9972 12.9
      vertex 33.8245 -42.0283 0
      vertex 33.7471 -41.9972 0
    endloop
  endfacet
  facet normal 0.95023 -0.311551 0
    outer loop
      vertex 33.0365 -40.4734 12.9
      vertex 33.0625 -40.3941 0
      vertex 33.0625 -40.3941 12.9
    endloop
  endfacet
  facet normal 0.95023 -0.311551 0
    outer loop
      vertex 33.0625 -40.3941 0
      vertex 33.0365 -40.4734 12.9
      vertex 33.0365 -40.4734 0
    endloop
  endfacet
  facet normal 0.248173 0.968716 -0
    outer loop
      vertex 33.9846 -42.0749 0
      vertex 33.9038 -42.0542 12.9
      vertex 33.9846 -42.0749 12.9
    endloop
  endfacet
  facet normal 0.248173 0.968716 0
    outer loop
      vertex 33.9038 -42.0542 12.9
      vertex 33.9846 -42.0749 0
      vertex 33.9038 -42.0542 0
    endloop
  endfacet
  facet normal 0.0551381 0.998479 -0
    outer loop
      vertex 34.2328 -42.1049 0
      vertex 34.1495 -42.1003 12.9
      vertex 34.2328 -42.1049 12.9
    endloop
  endfacet
  facet normal 0.0551381 0.998479 0
    outer loop
      vertex 34.1495 -42.1003 12.9
      vertex 34.2328 -42.1049 0
      vertex 34.1495 -42.1003 0
    endloop
  endfacet
  facet normal -0.860545 -0.509375 0
    outer loop
      vertex 35.3784 -40.2169 0
      vertex 35.3359 -40.1451 12.9
      vertex 35.3359 -40.1451 0
    endloop
  endfacet
  facet normal -0.860545 -0.509375 0
    outer loop
      vertex 35.3359 -40.1451 12.9
      vertex 35.3784 -40.2169 0
      vertex 35.3784 -40.2169 12.9
    endloop
  endfacet
  facet normal 0.332005 -0.943278 0
    outer loop
      vertex 33.7985 -39.6419 0
      vertex 33.8772 -39.6142 12.9
      vertex 33.7985 -39.6419 12.9
    endloop
  endfacet
  facet normal 0.332005 -0.943278 0
    outer loop
      vertex 33.8772 -39.6142 12.9
      vertex 33.7985 -39.6419 0
      vertex 33.8772 -39.6142 0
    endloop
  endfacet
  facet normal 0.927897 -0.372837 0
    outer loop
      vertex 33.0625 -40.3941 12.9
      vertex 33.0936 -40.3167 0
      vertex 33.0936 -40.3167 12.9
    endloop
  endfacet
  facet normal 0.927897 -0.372837 0
    outer loop
      vertex 33.0936 -40.3167 0
      vertex 33.0625 -40.3941 12.9
      vertex 33.0625 -40.3941 0
    endloop
  endfacet
  facet normal 0.825542 0.56434 0
    outer loop
      vertex 33.2324 -41.5841 12.9
      vertex 33.1853 -41.5152 0
      vertex 33.1853 -41.5152 12.9
    endloop
  endfacet
  facet normal 0.825542 0.56434 0
    outer loop
      vertex 33.1853 -41.5152 0
      vertex 33.2324 -41.5841 12.9
      vertex 33.2324 -41.5841 0
    endloop
  endfacet
  facet normal 0.97874 0.205104 0
    outer loop
      vertex 33.0221 -41.1332 12.9
      vertex 33.005 -41.0516 0
      vertex 33.005 -41.0516 12.9
    endloop
  endfacet
  facet normal 0.97874 0.205104 0
    outer loop
      vertex 33.005 -41.0516 0
      vertex 33.0221 -41.1332 12.9
      vertex 33.0221 -41.1332 0
    endloop
  endfacet
  facet normal -0.311551 -0.95023 0
    outer loop
      vertex 34.6174 -39.6061 0
      vertex 34.6967 -39.6321 12.9
      vertex 34.6174 -39.6061 12.9
    endloop
  endfacet
  facet normal -0.311551 -0.95023 -0
    outer loop
      vertex 34.6967 -39.6321 12.9
      vertex 34.6174 -39.6061 0
      vertex 34.6967 -39.6321 0
    endloop
  endfacet
  facet normal 0.891533 0.452956 0
    outer loop
      vertex 33.1428 -41.4434 12.9
      vertex 33.105 -41.369 0
      vertex 33.105 -41.369 12.9
    endloop
  endfacet
  facet normal 0.891533 0.452956 0
    outer loop
      vertex 33.105 -41.369 0
      vertex 33.1428 -41.4434 12.9
      vertex 33.1428 -41.4434 0
    endloop
  endfacet
  facet normal -0.141421 0.989949 0
    outer loop
      vertex 34.482 -42.0858 0
      vertex 34.3994 -42.0976 12.9
      vertex 34.482 -42.0858 12.9
    endloop
  endfacet
  facet normal -0.141421 0.989949 0
    outer loop
      vertex 34.3994 -42.0976 12.9
      vertex 34.482 -42.0858 0
      vertex 34.3994 -42.0976 0
    endloop
  endfacet
  facet normal 0.269808 -0.962914 0
    outer loop
      vertex 33.8772 -39.6142 0
      vertex 33.9575 -39.5917 12.9
      vertex 33.8772 -39.6142 12.9
    endloop
  endfacet
  facet normal 0.269808 -0.962914 0
    outer loop
      vertex 33.9575 -39.5917 12.9
      vertex 33.8772 -39.6142 0
      vertex 33.9575 -39.5917 0
    endloop
  endfacet
  facet normal -0.892016 -0.452003 0
    outer loop
      vertex 35.4161 -40.2913 0
      vertex 35.3784 -40.2169 12.9
      vertex 35.3784 -40.2169 0
    endloop
  endfacet
  facet normal -0.892016 -0.452003 0
    outer loop
      vertex 35.3784 -40.2169 12.9
      vertex 35.4161 -40.2913 0
      vertex 35.4161 -40.2913 12.9
    endloop
  endfacet
  facet normal 0.963001 0.269497 0
    outer loop
      vertex 33.0446 -41.2136 12.9
      vertex 33.0221 -41.1332 0
      vertex 33.0221 -41.1332 12.9
    endloop
  endfacet
  facet normal 0.963001 0.269497 0
    outer loop
      vertex 33.0221 -41.1332 0
      vertex 33.0446 -41.2136 12.9
      vertex 33.0446 -41.2136 0
    endloop
  endfacet
  facet normal 0 0 -1
    outer loop
      vertex 35.5307 -40.9413 12.9
      vertex 35.5344 -40.7746 12.9
      vertex 35.5353 -40.858 12.9
    endloop
  endfacet
  facet normal 0 0 -1
    outer loop
      vertex 35.5307 -40.9413 12.9
      vertex 35.528 -40.6914 12.9
      vertex 35.5344 -40.7746 12.9
    endloop
  endfacet
  facet normal 0 0 -1
    outer loop
      vertex 35.5207 -41.0241 12.9
      vertex 35.528 -40.6914 12.9
      vertex 35.5307 -40.9413 12.9
    endloop
  endfacet
  facet normal 0 0 -1
    outer loop
      vertex 35.5207 -41.0241 12.9
      vertex 35.5162 -40.6088 12.9
      vertex 35.528 -40.6914 12.9
    endloop
  endfacet
  facet normal 0 0 -1
    outer loop
      vertex 35.5054 -41.1061 12.9
      vertex 35.5162 -40.6088 12.9
      vertex 35.5207 -41.0241 12.9
    endloop
  endfacet
  facet normal 0 0 -1
    outer loop
      vertex 35.5054 -41.1061 12.9
      vertex 35.499 -40.5271 12.9
      vertex 35.5162 -40.6088 12.9
    endloop
  endfacet
  facet normal 0 0 -1
    outer loop
      vertex 35.4846 -41.187 12.9
      vertex 35.499 -40.5271 12.9
      vertex 35.5054 -41.1061 12.9
    endloop
  endfacet
  facet normal 0 0 -1
    outer loop
      vertex 35.4846 -41.187 12.9
      vertex 35.4766 -40.4468 12.9
      vertex 35.499 -40.5271 12.9
    endloop
  endfacet
  facet normal 0 0 -1
    outer loop
      vertex 35.4587 -41.2662 12.9
      vertex 35.4766 -40.4468 12.9
      vertex 35.4846 -41.187 12.9
    endloop
  endfacet
  facet normal 0 0 -1
    outer loop
      vertex 35.4587 -41.2662 12.9
      vertex 35.4489 -40.3681 12.9
      vertex 35.4766 -40.4468 12.9
    endloop
  endfacet
  facet normal 0 0 -1
    outer loop
      vertex 35.4276 -41.3437 12.9
      vertex 35.4489 -40.3681 12.9
      vertex 35.4587 -41.2662 12.9
    endloop
  endfacet
  facet normal 0 0 -1
    outer loop
      vertex 35.4276 -41.3437 12.9
      vertex 35.4161 -40.2913 12.9
      vertex 35.4489 -40.3681 12.9
    endloop
  endfacet
  facet normal 0 0 -1
    outer loop
      vertex 35.3915 -41.4189 12.9
      vertex 35.4161 -40.2913 12.9
      vertex 35.4276 -41.3437 12.9
    endloop
  endfacet
  facet normal 0 0 -1
    outer loop
      vertex 35.3915 -41.4189 12.9
      vertex 35.3784 -40.2169 12.9
      vertex 35.4161 -40.2913 12.9
    endloop
  endfacet
  facet normal 0 0 -1
    outer loop
      vertex 35.3506 -41.4916 12.9
      vertex 35.3784 -40.2169 12.9
      vertex 35.3915 -41.4189 12.9
    endloop
  endfacet
  facet normal 0 0 -1
    outer loop
      vertex 35.3506 -41.4916 12.9
      vertex 35.3359 -40.1451 12.9
      vertex 35.3784 -40.2169 12.9
    endloop
  endfacet
  facet normal 0 0 -1
    outer loop
      vertex 35.305 -41.5615 12.9
      vertex 35.3359 -40.1451 12.9
      vertex 35.3506 -41.4916 12.9
    endloop
  endfacet
  facet normal 0 0 -1
    outer loop
      vertex 35.305 -41.5615 12.9
      vertex 35.2888 -40.0762 12.9
      vertex 35.3359 -40.1451 12.9
    endloop
  endfacet
  facet normal 0 0 -1
    outer loop
      vertex 35.2549 -41.6282 12.9
      vertex 35.2888 -40.0762 12.9
      vertex 35.305 -41.5615 12.9
    endloop
  endfacet
  facet normal 0 0 -1
    outer loop
      vertex 35.2549 -41.6282 12.9
      vertex 35.2373 -40.0106 12.9
      vertex 35.2888 -40.0762 12.9
    endloop
  endfacet
  facet normal 0 0 -1
    outer loop
      vertex 35.2006 -41.6915 12.9
      vertex 35.2373 -40.0106 12.9
      vertex 35.2549 -41.6282 12.9
    endloop
  endfacet
  facet normal 0 0 -1
    outer loop
      vertex 35.2006 -41.6915 12.9
      vertex 35.1816 -39.9485 12.9
      vertex 35.2373 -40.0106 12.9
    endloop
  endfacet
  facet normal 0 0 -1
    outer loop
      vertex 35.1423 -41.7512 12.9
      vertex 35.1816 -39.9485 12.9
      vertex 35.2006 -41.6915 12.9
    endloop
  endfacet
  facet normal 0 0 -1
    outer loop
      vertex 35.1423 -41.7512 12.9
      vertex 35.122 -39.8901 12.9
      vertex 35.1816 -39.9485 12.9
    endloop
  endfacet
  facet normal 0 0 -1
    outer loop
      vertex 35.0801 -41.8069 12.9
      vertex 35.122 -39.8901 12.9
      vertex 35.1423 -41.7512 12.9
    endloop
  endfacet
  facet normal 0 0 -1
    outer loop
      vertex 35.0801 -41.8069 12.9
      vertex 35.0586 -39.8358 12.9
      vertex 35.122 -39.8901 12.9
    endloop
  endfacet
  facet normal 0 0 -1
    outer loop
      vertex 35.0145 -41.8584 12.9
      vertex 35.0586 -39.8358 12.9
      vertex 35.0801 -41.8069 12.9
    endloop
  endfacet
  facet normal 0 0 -1
    outer loop
      vertex 35.0145 -41.8584 12.9
      vertex 34.9919 -39.7858 12.9
      vertex 35.0586 -39.8358 12.9
    endloop
  endfacet
  facet normal 0 0 -1
    outer loop
      vertex 34.9456 -41.9055 12.9
      vertex 34.9919 -39.7858 12.9
      vertex 35.0145 -41.8584 12.9
    endloop
  endfacet
  facet normal 0 0 -1
    outer loop
      vertex 34.9456 -41.9055 12.9
      vertex 34.922 -39.7402 12.9
      vertex 34.9919 -39.7858 12.9
    endloop
  endfacet
  facet normal 0 0 -1
    outer loop
      vertex 34.8738 -41.948 12.9
      vertex 34.922 -39.7402 12.9
      vertex 34.9456 -41.9055 12.9
    endloop
  endfacet
  facet normal 0 0 -1
    outer loop
      vertex 34.8738 -41.948 12.9
      vertex 34.8493 -39.6992 12.9
      vertex 34.922 -39.7402 12.9
    endloop
  endfacet
  facet normal 0 0 -1
    outer loop
      vertex 34.7994 -41.9857 12.9
      vertex 34.8493 -39.6992 12.9
      vertex 34.8738 -41.948 12.9
    endloop
  endfacet
  facet normal 0 0 -1
    outer loop
      vertex 34.7994 -41.9857 12.9
      vertex 34.7741 -39.6631 12.9
      vertex 34.8493 -39.6992 12.9
    endloop
  endfacet
  facet normal 0 0 -1
    outer loop
      vertex 34.7227 -42.0185 12.9
      vertex 34.7741 -39.6631 12.9
      vertex 34.7994 -41.9857 12.9
    endloop
  endfacet
  facet normal 0 0 -1
    outer loop
      vertex 34.7227 -42.0185 12.9
      vertex 34.6967 -39.6321 12.9
      vertex 34.7741 -39.6631 12.9
    endloop
  endfacet
  facet normal 0 0 -1
    outer loop
      vertex 34.644 -42.0462 12.9
      vertex 34.6967 -39.6321 12.9
      vertex 34.7227 -42.0185 12.9
    endloop
  endfacet
  facet normal 0 0 -1
    outer loop
      vertex 34.644 -42.0462 12.9
      vertex 34.6174 -39.6061 12.9
      vertex 34.6967 -39.6321 12.9
    endloop
  endfacet
  facet normal 0 0 -1
    outer loop
      vertex 34.5636 -42.0686 12.9
      vertex 34.6174 -39.6061 12.9
      vertex 34.644 -42.0462 12.9
    endloop
  endfacet
  facet normal 0 0 -1
    outer loop
      vertex 34.5636 -42.0686 12.9
      vertex 34.5365 -39.5854 12.9
      vertex 34.6174 -39.6061 12.9
    endloop
  endfacet
  facet normal 0 0 -1
    outer loop
      vertex 34.482 -42.0858 12.9
      vertex 34.5365 -39.5854 12.9
      vertex 34.5636 -42.0686 12.9
    endloop
  endfacet
  facet normal 0 0 -1
    outer loop
      vertex 34.482 -42.0858 12.9
      vertex 34.4545 -39.57 12.9
      vertex 34.5365 -39.5854 12.9
    endloop
  endfacet
  facet normal 0 0 -1
    outer loop
      vertex 34.3994 -42.0976 12.9
      vertex 34.4545 -39.57 12.9
      vertex 34.482 -42.0858 12.9
    endloop
  endfacet
  facet normal 0 0 -1
    outer loop
      vertex 34.3994 -42.0976 12.9
      vertex 34.3717 -39.56 12.9
      vertex 34.4545 -39.57 12.9
    endloop
  endfacet
  facet normal 0 0 -1
    outer loop
      vertex 34.3162 -42.104 12.9
      vertex 34.3717 -39.56 12.9
      vertex 34.3994 -42.0976 12.9
    endloop
  endfacet
  facet normal 0 0 -1
    outer loop
      vertex 34.3162 -42.104 12.9
      vertex 34.2884 -39.5555 12.9
      vertex 34.3717 -39.56 12.9
    endloop
  endfacet
  facet normal 0 0 -1
    outer loop
      vertex 34.2328 -42.1049 12.9
      vertex 34.2884 -39.5555 12.9
      vertex 34.3162 -42.104 12.9
    endloop
  endfacet
  facet normal 0 0 -1
    outer loop
      vertex 34.2328 -42.1049 12.9
      vertex 34.205 -39.5564 12.9
      vertex 34.2884 -39.5555 12.9
    endloop
  endfacet
  facet normal 0 0 -1
    outer loop
      vertex 34.1495 -42.1003 12.9
      vertex 34.205 -39.5564 12.9
      vertex 34.2328 -42.1049 12.9
    endloop
  endfacet
  facet normal 0 0 -1
    outer loop
      vertex 34.1495 -42.1003 12.9
      vertex 34.1218 -39.5627 12.9
      vertex 34.205 -39.5564 12.9
    endloop
  endfacet
  facet normal 0 0 -1
    outer loop
      vertex 34.0666 -42.0903 12.9
      vertex 34.1218 -39.5627 12.9
      vertex 34.1495 -42.1003 12.9
    endloop
  endfacet
  facet normal 0 0 -1
    outer loop
      vertex 34.0666 -42.0903 12.9
      vertex 34.0392 -39.5745 12.9
      vertex 34.1218 -39.5627 12.9
    endloop
  endfacet
  facet normal 0 0 -1
    outer loop
      vertex 33.9846 -42.0749 12.9
      vertex 34.0392 -39.5745 12.9
      vertex 34.0666 -42.0903 12.9
    endloop
  endfacet
  facet normal 0 0 -1
    outer loop
      vertex 33.9846 -42.0749 12.9
      vertex 33.9575 -39.5917 12.9
      vertex 34.0392 -39.5745 12.9
    endloop
  endfacet
  facet normal 0 0 -1
    outer loop
      vertex 33.9038 -42.0542 12.9
      vertex 33.9575 -39.5917 12.9
      vertex 33.9846 -42.0749 12.9
    endloop
  endfacet
  facet normal 0 0 -1
    outer loop
      vertex 33.9038 -42.0542 12.9
      vertex 33.8772 -39.6142 12.9
      vertex 33.9575 -39.5917 12.9
    endloop
  endfacet
  facet normal 0 0 -1
    outer loop
      vertex 33.8245 -42.0283 12.9
      vertex 33.8772 -39.6142 12.9
      vertex 33.9038 -42.0542 12.9
    endloop
  endfacet
  facet normal 0 0 -1
    outer loop
      vertex 33.8245 -42.0283 12.9
      vertex 33.7985 -39.6419 12.9
      vertex 33.8772 -39.6142 12.9
    endloop
  endfacet
  facet normal 0 0 -1
    outer loop
      vertex 33.7471 -41.9972 12.9
      vertex 33.7985 -39.6419 12.9
      vertex 33.8245 -42.0283 12.9
    endloop
  endfacet
  facet normal 0 0 -1
    outer loop
      vertex 33.7471 -41.9972 12.9
      vertex 33.7217 -39.6746 12.9
      vertex 33.7985 -39.6419 12.9
    endloop
  endfacet
  facet normal 0 0 -1
    outer loop
      vertex 33.6718 -41.9611 12.9
      vertex 33.7217 -39.6746 12.9
      vertex 33.7471 -41.9972 12.9
    endloop
  endfacet
  facet normal 0 0 -1
    outer loop
      vertex 33.6718 -41.9611 12.9
      vertex 33.6473 -39.7123 12.9
      vertex 33.7217 -39.6746 12.9
    endloop
  endfacet
  facet normal 0 0 -1
    outer loop
      vertex 33.5991 -41.9202 12.9
      vertex 33.6473 -39.7123 12.9
      vertex 33.6718 -41.9611 12.9
    endloop
  endfacet
  facet normal 0 0 -1
    outer loop
      vertex 33.5991 -41.9202 12.9
      vertex 33.5755 -39.7548 12.9
      vertex 33.6473 -39.7123 12.9
    endloop
  endfacet
  facet normal 0 0 -1
    outer loop
      vertex 33.5293 -41.8746 12.9
      vertex 33.5755 -39.7548 12.9
      vertex 33.5991 -41.9202 12.9
    endloop
  endfacet
  facet normal 0 0 -1
    outer loop
      vertex 33.5293 -41.8746 12.9
      vertex 33.5067 -39.802 12.9
      vertex 33.5755 -39.7548 12.9
    endloop
  endfacet
  facet normal 0 0 -1
    outer loop
      vertex 33.4625 -41.8245 12.9
      vertex 33.5067 -39.802 12.9
      vertex 33.5293 -41.8746 12.9
    endloop
  endfacet
  facet normal 0 0 -1
    outer loop
      vertex 33.4625 -41.8245 12.9
      vertex 33.441 -39.8535 12.9
      vertex 33.5067 -39.802 12.9
    endloop
  endfacet
  facet normal 0 0 -1
    outer loop
      vertex 33.3992 -41.7702 12.9
      vertex 33.441 -39.8535 12.9
      vertex 33.4625 -41.8245 12.9
    endloop
  endfacet
  facet normal 0 0 -1
    outer loop
      vertex 33.3992 -41.7702 12.9
      vertex 33.3789 -39.9092 12.9
      vertex 33.441 -39.8535 12.9
    endloop
  endfacet
  facet normal 0 0 -1
    outer loop
      vertex 33.3396 -41.7118 12.9
      vertex 33.3789 -39.9092 12.9
      vertex 33.3992 -41.7702 12.9
    endloop
  endfacet
  facet normal 0 0 -1
    outer loop
      vertex 33.3396 -41.7118 12.9
      vertex 33.3205 -39.9688 12.9
      vertex 33.3789 -39.9092 12.9
    endloop
  endfacet
  facet normal 0 0 -1
    outer loop
      vertex 33.2839 -41.6497 12.9
      vertex 33.3205 -39.9688 12.9
      vertex 33.3396 -41.7118 12.9
    endloop
  endfacet
  facet normal 0 0 -1
    outer loop
      vertex 33.2839 -41.6497 12.9
      vertex 33.2662 -40.0321 12.9
      vertex 33.3205 -39.9688 12.9
    endloop
  endfacet
  facet normal 0 0 -1
    outer loop
      vertex 33.2324 -41.5841 12.9
      vertex 33.2662 -40.0321 12.9
      vertex 33.2839 -41.6497 12.9
    endloop
  endfacet
  facet normal 0 0 -1
    outer loop
      vertex 33.2324 -41.5841 12.9
      vertex 33.2162 -40.0989 12.9
      vertex 33.2662 -40.0321 12.9
    endloop
  endfacet
  facet normal 0 0 -1
    outer loop
      vertex 33.1853 -41.5152 12.9
      vertex 33.2162 -40.0989 12.9
      vertex 33.2324 -41.5841 12.9
    endloop
  endfacet
  facet normal 0 0 -1
    outer loop
      vertex 33.1853 -41.5152 12.9
      vertex 33.1706 -40.1687 12.9
      vertex 33.2162 -40.0989 12.9
    endloop
  endfacet
  facet normal 0 0 -1
    outer loop
      vertex 33.1428 -41.4434 12.9
      vertex 33.1706 -40.1687 12.9
      vertex 33.1853 -41.5152 12.9
    endloop
  endfacet
  facet normal 0 0 -1
    outer loop
      vertex 33.1428 -41.4434 12.9
      vertex 33.1296 -40.2414 12.9
      vertex 33.1706 -40.1687 12.9
    endloop
  endfacet
  facet normal 0 0 -1
    outer loop
      vertex 33.105 -41.369 12.9
      vertex 33.1296 -40.2414 12.9
      vertex 33.1428 -41.4434 12.9
    endloop
  endfacet
  facet normal 0 0 -1
    outer loop
      vertex 33.105 -41.369 12.9
      vertex 33.0936 -40.3167 12.9
      vertex 33.1296 -40.2414 12.9
    endloop
  endfacet
  facet normal 0 0 -1
    outer loop
      vertex 33.0723 -41.2923 12.9
      vertex 33.0936 -40.3167 12.9
      vertex 33.105 -41.369 12.9
    endloop
  endfacet
  facet normal 0 0 -1
    outer loop
      vertex 33.0723 -41.2923 12.9
      vertex 33.0625 -40.3941 12.9
      vertex 33.0936 -40.3167 12.9
    endloop
  endfacet
  facet normal 0 0 -1
    outer loop
      vertex 33.0446 -41.2136 12.9
      vertex 33.0625 -40.3941 12.9
      vertex 33.0723 -41.2923 12.9
    endloop
  endfacet
  facet normal 0 0 -1
    outer loop
      vertex 33.0446 -41.2136 12.9
      vertex 33.0365 -40.4734 12.9
      vertex 33.0625 -40.3941 12.9
    endloop
  endfacet
  facet normal 0 0 -1
    outer loop
      vertex 33.0221 -41.1332 12.9
      vertex 33.0365 -40.4734 12.9
      vertex 33.0446 -41.2136 12.9
    endloop
  endfacet
  facet normal 0 0 -1
    outer loop
      vertex 33.0221 -41.1332 12.9
      vertex 33.0158 -40.5542 12.9
      vertex 33.0365 -40.4734 12.9
    endloop
  endfacet
  facet normal 0 0 -1
    outer loop
      vertex 33.005 -41.0516 12.9
      vertex 33.0158 -40.5542 12.9
      vertex 33.0221 -41.1332 12.9
    endloop
  endfacet
  facet normal 0 0 -1
    outer loop
      vertex 33.005 -41.0516 12.9
      vertex 33.0004 -40.6362 12.9
      vertex 33.0158 -40.5542 12.9
    endloop
  endfacet
  facet normal 0 0 -1
    outer loop
      vertex 32.9932 -40.969 12.9
      vertex 33.0004 -40.6362 12.9
      vertex 33.005 -41.0516 12.9
    endloop
  endfacet
  facet normal 0 0 -1
    outer loop
      vertex 32.9932 -40.969 12.9
      vertex 32.9904 -40.719 12.9
      vertex 33.0004 -40.6362 12.9
    endloop
  endfacet
  facet normal 0 0 -1
    outer loop
      vertex 32.9868 -40.8858 12.9
      vertex 32.9904 -40.719 12.9
      vertex 32.9932 -40.969 12.9
    endloop
  endfacet
  facet normal 0 0 -1
    outer loop
      vertex 32.9904 -40.719 12.9
      vertex 32.9868 -40.8858 12.9
      vertex 32.9859 -40.8024 12.9
    endloop
  endfacet
  facet normal 1 -0 0
    outer loop
      vertex -22.8 53 38
      vertex -22.8 55.4934 16
      vertex -22.8 55.4934 38
    endloop
  endfacet
  facet normal 1 0 0
    outer loop
      vertex -22.8 55.4934 16
      vertex -22.8 53 38
      vertex -22.8 53 16
    endloop
  endfacet
  facet normal -1 0 0
    outer loop
      vertex 22.8 53 16
      vertex 22.8 55.4934 38
      vertex 22.8 55.4934 16
    endloop
  endfacet
  facet normal -1 -0 0
    outer loop
      vertex 22.8 55.4934 38
      vertex 22.8 53 16
      vertex 22.8 53 38
    endloop
  endfacet
  facet normal 0 1 -0
    outer loop
      vertex -20.9126 53 16
      vertex -22.8 53 38
      vertex -20.9126 53 39.8874
    endloop
  endfacet
  facet normal 0 1 0
    outer loop
      vertex -22.8 53 38
      vertex -20.9126 53 16
      vertex -22.8 53 16
    endloop
  endfacet
  facet normal 0 1 0
    outer loop
      vertex 20.9126 53 16
      vertex 22.8 53 38
      vertex 22.8 53 16
    endloop
  endfacet
  facet normal 0 1 0
    outer loop
      vertex 22.8 53 38
      vertex 20.9126 53 16
      vertex 20.9126 53 39.8874
    endloop
  endfacet
  facet normal 0.707106 -2.42111e-06 -0.707108
    outer loop
      vertex -8.79999 56.2878 52
      vertex -11.4517 55.47 49.3483
      vertex -11.8 55.7462 49
    endloop
  endfacet
  facet normal 0.707106 -2.42095e-06 -0.707108
    outer loop
      vertex -8.79999 56.2878 52
      vertex -10.9554 55.0764 49.8446
      vertex -11.4517 55.47 49.3483
    endloop
  endfacet
  facet normal 0.707109 -1.38873e-05 -0.707105
    outer loop
      vertex -8.79999 56.2878 52
      vertex -9.65393 53.9729 51.1461
      vertex -10.9554 55.0764 49.8446
    endloop
  endfacet
  facet normal 0.70709 0 -0.707123
    outer loop
      vertex -9.65393 53.9729 51.1461
      vertex -8.79999 56.2878 52
      vertex -8.79999 53.2488 52
    endloop
  endfacet
  facet normal 0.707108 2.47493e-06 -0.707106
    outer loop
      vertex -3.72798 56.878 57.072
      vertex -3.92419 59.8715 56.8758
      vertex 0 60 60.8
    endloop
  endfacet
  facet normal 0.707108 2.58269e-06 -0.707105
    outer loop
      vertex -3.92419 59.8715 56.8758
      vertex -3.72798 56.878 57.072
      vertex -7.83157 59.4867 52.9684
    endloop
  endfacet
  facet normal 0.707107 -4.6536e-06 -0.707106
    outer loop
      vertex -8.79999 56.2878 52
      vertex -7.83157 59.4867 52.9684
      vertex -7.43999 56.5124 53.36
    endloop
  endfacet
  facet normal 0.707109 0 -0.707105
    outer loop
      vertex -3.72798 56.878 57.072
      vertex 0 60 60.8
      vertex 0 57 60.8
    endloop
  endfacet
  facet normal 0.707106 -4.9415e-06 -0.707107
    outer loop
      vertex -7.83157 59.4867 52.9684
      vertex -3.72798 56.878 57.072
      vertex -7.43999 56.5124 53.36
    endloop
  endfacet
  facet normal 0.707104 -2.90854e-06 -0.707109
    outer loop
      vertex -7.83157 59.4867 52.9684
      vertex -8.79999 56.2878 52
      vertex -11.7054 58.8471 49.0946
    endloop
  endfacet
  facet normal 0.707106 7.23044e-08 -0.707108
    outer loop
      vertex -11.8 55.7462 49
      vertex -11.7054 58.8471 49.0946
      vertex -8.79999 56.2878 52
    endloop
  endfacet
  facet normal 0.707116 -5.68197e-07 -0.707097
    outer loop
      vertex -11.7054 58.8471 49.0946
      vertex -11.8 55.7462 49
      vertex -15.5291 57.9556 45.2708
    endloop
  endfacet
  facet normal 0.707109 -2.29668e-05 -0.707104
    outer loop
      vertex -14.7527 55.0578 46.0473
      vertex -15.5291 57.9556 45.2708
      vertex -11.8 55.7462 49
    endloop
  endfacet
  facet normal 0.707102 -2.72308e-05 -0.707112
    outer loop
      vertex -15.5291 57.9556 45.2708
      vertex -14.7527 55.0578 46.0473
      vertex -19.2864 56.8158 41.5136
    endloop
  endfacet
  facet normal 0.707112 2.86642e-05 -0.707101
    outer loop
      vertex -18.322 53.975 42.4779
      vertex -19.2864 56.8158 41.5136
      vertex -14.7527 55.0578 46.0473
    endloop
  endfacet
  facet normal 0.707091 1.38551e-05 -0.707123
    outer loop
      vertex -20.9126 53 39.8874
      vertex -19.2864 56.8158 41.5136
      vertex -18.322 53.975 42.4779
    endloop
  endfacet
  facet normal 0.707107 -4.46338e-16 -0.707107
    outer loop
      vertex -19.2864 56.8158 41.5136
      vertex -20.9126 53 39.8874
      vertex -22.8 55.4934 38
    endloop
  endfacet
  facet normal 0.707107 0 -0.707107
    outer loop
      vertex -22.8 55.4934 38
      vertex -20.9126 53 39.8874
      vertex -22.8 53 38
    endloop
  endfacet
  facet normal -0.707108 2.58269e-06 -0.707105
    outer loop
      vertex 3.72798 56.878 57.072
      vertex 3.92419 59.8715 56.8758
      vertex 7.83157 59.4867 52.9684
    endloop
  endfacet
  facet normal -0.707104 -2.90854e-06 -0.707109
    outer loop
      vertex 8.79999 56.2878 52
      vertex 7.83157 59.4867 52.9684
      vertex 11.7054 58.8471 49.0946
    endloop
  endfacet
  facet normal -0.707116 -5.68197e-07 -0.707097
    outer loop
      vertex 11.8 55.7462 49
      vertex 11.7054 58.8471 49.0946
      vertex 15.5291 57.9556 45.2708
    endloop
  endfacet
  facet normal -0.707106 -4.9415e-06 -0.707107
    outer loop
      vertex 3.72798 56.878 57.072
      vertex 7.83157 59.4867 52.9684
      vertex 7.43999 56.5124 53.36
    endloop
  endfacet
  facet normal -0.707109 -0 -0.707105
    outer loop
      vertex 0 60 60.8
      vertex 3.72798 56.878 57.072
      vertex 0 57 60.8
    endloop
  endfacet
  facet normal -0.707102 -2.72308e-05 -0.707112
    outer loop
      vertex 14.7527 55.0578 46.0473
      vertex 15.5291 57.9556 45.2708
      vertex 19.2864 56.8158 41.5136
    endloop
  endfacet
  facet normal -0.707108 2.47493e-06 -0.707106
    outer loop
      vertex 3.92419 59.8715 56.8758
      vertex 3.72798 56.878 57.072
      vertex 0 60 60.8
    endloop
  endfacet
  facet normal -0.707107 -4.6536e-06 -0.707106
    outer loop
      vertex 7.83157 59.4867 52.9684
      vertex 8.79999 56.2878 52
      vertex 7.43999 56.5124 53.36
    endloop
  endfacet
  facet normal -0.707106 7.23044e-08 -0.707108
    outer loop
      vertex 11.7054 58.8471 49.0946
      vertex 11.8 55.7462 49
      vertex 8.79999 56.2878 52
    endloop
  endfacet
  facet normal -0.707107 -4.18442e-16 -0.707107
    outer loop
      vertex 20.9126 53 39.8874
      vertex 19.2864 56.8158 41.5136
      vertex 22.8 55.4934 38
    endloop
  endfacet
  facet normal -0.707109 -2.29668e-05 -0.707104
    outer loop
      vertex 15.5291 57.9556 45.2708
      vertex 14.7527 55.0578 46.0473
      vertex 11.8 55.7462 49
    endloop
  endfacet
  facet normal -0.707112 2.86642e-05 -0.707101
    outer loop
      vertex 19.2864 56.8158 41.5136
      vertex 18.322 53.975 42.4779
      vertex 14.7527 55.0578 46.0473
    endloop
  endfacet
  facet normal -0.707107 0 -0.707107
    outer loop
      vertex 20.9126 53 39.8874
      vertex 22.8 55.4934 38
      vertex 22.8 53 38
    endloop
  endfacet
  facet normal -0.707091 1.38551e-05 -0.707123
    outer loop
      vertex 19.2864 56.8158 41.5136
      vertex 20.9126 53 39.8874
      vertex 18.322 53.975 42.4779
    endloop
  endfacet
  facet normal -0.707106 -2.421e-06 -0.707108
    outer loop
      vertex 10.9554 55.0764 49.8446
      vertex 8.79999 56.2878 52
      vertex 11.8 55.7462 49
    endloop
  endfacet
  facet normal -0.707105 -0 -0.707108
    outer loop
      vertex 8.79999 56.2878 52
      vertex 10.9554 55.0764 49.8446
      vertex 8.79999 53.2488 52
    endloop
  endfacet
  facet normal 0 0 -1
    outer loop
      vertex 3.72798 56.878 10
      vertex 6 59.6671 10
      vertex 6 56.6542 10
    endloop
  endfacet
  facet normal -0 0 -1
    outer loop
      vertex 6 59.6671 10
      vertex 3.72798 56.878 10
      vertex 3.92419 59.8715 10
    endloop
  endfacet
  facet normal 0 0 -1
    outer loop
      vertex 0 57 10
      vertex 3.92419 59.8715 10
      vertex 3.72798 56.878 10
    endloop
  endfacet
  facet normal 0 0 -1
    outer loop
      vertex 0 57 10
      vertex 0 60 10
      vertex 3.92419 59.8715 10
    endloop
  endfacet
  facet normal 0 0 -1
    outer loop
      vertex -3.72798 56.878 10
      vertex 0 60 10
      vertex 0 57 10
    endloop
  endfacet
  facet normal 0 0 -1
    outer loop
      vertex -3.72798 56.878 10
      vertex -3.92419 59.8715 10
      vertex 0 60 10
    endloop
  endfacet
  facet normal 0 0 -1
    outer loop
      vertex -6 59.6671 10
      vertex -3.72798 56.878 10
      vertex -6 56.6542 10
    endloop
  endfacet
  facet normal 0 0 -1
    outer loop
      vertex -3.72798 56.878 10
      vertex -6 59.6671 10
      vertex -3.92419 59.8715 10
    endloop
  endfacet
  facet normal 1 -0 0
    outer loop
      vertex -6 56.6542 10
      vertex -6 59.6671 4
      vertex -6 59.6671 10
    endloop
  endfacet
  facet normal 1 0 0
    outer loop
      vertex -6 59.6671 4
      vertex -6 56.6542 10
      vertex -6 56.6542 4
    endloop
  endfacet
  facet normal -1 0 0
    outer loop
      vertex 6 56.6542 4
      vertex 6 59.6671 10
      vertex 6 59.6671 4
    endloop
  endfacet
  facet normal -1 -0 0
    outer loop
      vertex 6 59.6671 10
      vertex 6 56.6542 4
      vertex 6 56.6542 10
    endloop
  endfacet
  facet normal 0 0 1
    outer loop
      vertex 3.72798 56.878 4
      vertex 6 59.6671 4
      vertex 3.92419 59.8715 4
    endloop
  endfacet
  facet normal 0 0 1
    outer loop
      vertex 6 59.6671 4
      vertex 3.72798 56.878 4
      vertex 6 56.6542 4
    endloop
  endfacet
  facet normal 0 0 1
    outer loop
      vertex 0 60 4
      vertex 3.72798 56.878 4
      vertex 3.92419 59.8715 4
    endloop
  endfacet
  facet normal 0 0 1
    outer loop
      vertex 0 60 4
      vertex 0 57 4
      vertex 3.72798 56.878 4
    endloop
  endfacet
  facet normal 0 0 1
    outer loop
      vertex 0 60 4
      vertex -3.72798 56.878 4
      vertex 0 57 4
    endloop
  endfacet
  facet normal -0 0 1
    outer loop
      vertex -3.92419 59.8715 4
      vertex -3.72798 56.878 4
      vertex 0 60 4
    endloop
  endfacet
  facet normal -0 0 1
    outer loop
      vertex -6 59.6671 4
      vertex -3.72798 56.878 4
      vertex -3.92419 59.8715 4
    endloop
  endfacet
  facet normal 0 0 1
    outer loop
      vertex -3.72798 56.878 4
      vertex -6 59.6671 4
      vertex -6 56.6542 4
    endloop
  endfacet
endsolid OpenSCAD_Model
