solid OpenSCAD_Model
  facet normal 0.707107 0.707107 0
    outer loop
      vertex 34.6482 45.9619 4
      vertex 33.9411 46.669 0
      vertex 33.9411 46.669 4
    endloop
  endfacet
  facet normal 0.707107 0.707107 0
    outer loop
      vertex 33.9411 46.669 0
      vertex 34.6482 45.9619 4
      vertex 34.6482 45.9619 0
    endloop
  endfacet
  facet normal 0.707107 0.707107 0
    outer loop
      vertex 46.669 33.9411 4
      vertex 45.9619 34.6482 0
      vertex 45.9619 34.6482 4
    endloop
  endfacet
  facet normal 0.707107 0.707107 0
    outer loop
      vertex 45.9619 34.6482 0
      vertex 46.669 33.9411 4
      vertex 46.669 33.9411 0
    endloop
  endfacet
  facet normal 0 0 1
    outer loop
      vertex -45.8692 44.1942 4
      vertex -47.2333 44.3051 4
      vertex -45.8656 44.0846 4
    endloop
  endfacet
  facet normal 0 0 1
    outer loop
      vertex -45.837 43.8674 4
      vertex -46.3198 35.0303 4
      vertex -45.9619 34.6482 4
    endloop
  endfacet
  facet normal 0 0 1
    outer loop
      vertex -45.8656 44.0846 4
      vertex -47.2333 44.3051 4
      vertex -45.8548 43.9755 4
    endloop
  endfacet
  facet normal 0 0 1
    outer loop
      vertex -45.837 43.8674 4
      vertex -46.6519 35.435 4
      vertex -46.3198 35.0303 4
    endloop
  endfacet
  facet normal 0 0 1
    outer loop
      vertex -45.8548 43.9755 4
      vertex -47.2333 44.3051 4
      vertex -45.837 43.8674 4
    endloop
  endfacet
  facet normal 0 0 1
    outer loop
      vertex -45.837 43.8674 4
      vertex -46.9568 35.8605 4
      vertex -46.6519 35.435 4
    endloop
  endfacet
  facet normal 0 0 1
    outer loop
      vertex -47.4801 43.8434 4
      vertex -45.837 43.8674 4
      vertex -47.2333 44.3051 4
    endloop
  endfacet
  facet normal 0 0 1
    outer loop
      vertex -45.837 43.8674 4
      vertex -47.2333 36.3051 4
      vertex -46.9568 35.8605 4
    endloop
  endfacet
  facet normal 0 0 1
    outer loop
      vertex -47.6961 43.3666 4
      vertex -45.837 43.8674 4
      vertex -47.4801 43.8434 4
    endloop
  endfacet
  facet normal 0 0 1
    outer loop
      vertex -45.837 43.8674 4
      vertex -47.4801 36.7668 4
      vertex -47.2333 36.3051 4
    endloop
  endfacet
  facet normal 0 0 1
    outer loop
      vertex -47.8805 42.8766 4
      vertex -45.837 43.8674 4
      vertex -47.6961 43.3666 4
    endloop
  endfacet
  facet normal 0 0 1
    outer loop
      vertex -45.837 43.8674 4
      vertex -47.6961 37.2436 4
      vertex -47.4801 36.7668 4
    endloop
  endfacet
  facet normal 0 0 1
    outer loop
      vertex -48.0325 42.3756 4
      vertex -45.837 43.8674 4
      vertex -47.8805 42.8766 4
    endloop
  endfacet
  facet normal 0 0 1
    outer loop
      vertex -45.837 43.8674 4
      vertex -47.8805 37.7336 4
      vertex -47.6961 37.2436 4
    endloop
  endfacet
  facet normal 0 0 1
    outer loop
      vertex -48.1514 41.8658 4
      vertex -45.837 43.8674 4
      vertex -48.0325 42.3756 4
    endloop
  endfacet
  facet normal 0 0 1
    outer loop
      vertex -45.837 43.8674 4
      vertex -48.0325 38.2345 4
      vertex -47.8805 37.7336 4
    endloop
  endfacet
  facet normal 0 0 1
    outer loop
      vertex -48.2366 41.3493 4
      vertex -45.837 43.8674 4
      vertex -48.1514 41.8658 4
    endloop
  endfacet
  facet normal 0 0 1
    outer loop
      vertex -45.837 43.8674 4
      vertex -48.1514 38.7444 4
      vertex -48.0325 38.2345 4
    endloop
  endfacet
  facet normal 0 0 1
    outer loop
      vertex -48.288 40.8283 4
      vertex -45.837 43.8674 4
      vertex -48.2366 41.3493 4
    endloop
  endfacet
  facet normal 0 0 1
    outer loop
      vertex -45.837 43.8674 4
      vertex -48.2366 39.2609 4
      vertex -48.1514 38.7444 4
    endloop
  endfacet
  facet normal 0 0 1
    outer loop
      vertex -48.3051 40.3051 4
      vertex -45.837 43.8674 4
      vertex -48.288 40.8283 4
    endloop
  endfacet
  facet normal 0 0 1
    outer loop
      vertex -45.837 43.8674 4
      vertex -48.288 39.7819 4
      vertex -48.2366 39.2609 4
    endloop
  endfacet
  facet normal 0 0 1
    outer loop
      vertex -45.837 43.8674 4
      vertex -48.3051 40.3051 4
      vertex -48.288 39.7819 4
    endloop
  endfacet
  facet normal 0 0 1
    outer loop
      vertex -37.7336 47.8805 4
      vertex -42.5228 44.3037 4
      vertex -42.5192 44.1942 4
    endloop
  endfacet
  facet normal 0 0 1
    outer loop
      vertex -41.8658 48.1514 4
      vertex -42.5335 44.4128 4
      vertex -42.5228 44.3037 4
    endloop
  endfacet
  facet normal 0 0 1
    outer loop
      vertex -41.8658 48.1514 4
      vertex -42.5514 44.521 4
      vertex -42.5335 44.4128 4
    endloop
  endfacet
  facet normal 0 0 1
    outer loop
      vertex -41.8658 48.1514 4
      vertex -42.5762 44.6277 4
      vertex -42.5514 44.521 4
    endloop
  endfacet
  facet normal 0 0 1
    outer loop
      vertex -41.8658 48.1514 4
      vertex -42.6081 44.7326 4
      vertex -42.5762 44.6277 4
    endloop
  endfacet
  facet normal 0 0 1
    outer loop
      vertex -41.8658 48.1514 4
      vertex -42.6467 44.8352 4
      vertex -42.6081 44.7326 4
    endloop
  endfacet
  facet normal 0 0 1
    outer loop
      vertex -41.8658 48.1514 4
      vertex -42.6919 44.935 4
      vertex -42.6467 44.8352 4
    endloop
  endfacet
  facet normal 0 0 1
    outer loop
      vertex -41.8658 48.1514 4
      vertex -42.7436 45.0317 4
      vertex -42.6919 44.935 4
    endloop
  endfacet
  facet normal 0 0 1
    outer loop
      vertex -41.8658 48.1514 4
      vertex -42.8015 45.1248 4
      vertex -42.7436 45.0317 4
    endloop
  endfacet
  facet normal 0 0 1
    outer loop
      vertex -41.8658 48.1514 4
      vertex -42.8653 45.2138 4
      vertex -42.8015 45.1248 4
    endloop
  endfacet
  facet normal 0 0 1
    outer loop
      vertex -43.0898 45.4535 4
      vertex -42.3756 48.0325 4
      vertex -42.8766 47.8805 4
    endloop
  endfacet
  facet normal 0 0 1
    outer loop
      vertex -41.8658 48.1514 4
      vertex -42.9348 45.2986 4
      vertex -42.8653 45.2138 4
    endloop
  endfacet
  facet normal 0 0 1
    outer loop
      vertex -42.3756 48.0325 4
      vertex -43.0098 45.3786 4
      vertex -42.9348 45.2986 4
    endloop
  endfacet
  facet normal 0 0 1
    outer loop
      vertex -42.3756 48.0325 4
      vertex -43.0898 45.4535 4
      vertex -43.0098 45.3786 4
    endloop
  endfacet
  facet normal 0 0 1
    outer loop
      vertex -42.8766 47.8805 4
      vertex -43.1745 45.523 4
      vertex -43.0898 45.4535 4
    endloop
  endfacet
  facet normal 0 0 1
    outer loop
      vertex -42.8766 47.8805 4
      vertex -43.2636 45.5869 4
      vertex -43.1745 45.523 4
    endloop
  endfacet
  facet normal 0 0 1
    outer loop
      vertex -42.8766 47.8805 4
      vertex -43.3567 45.6448 4
      vertex -43.2636 45.5869 4
    endloop
  endfacet
  facet normal -0 0 1
    outer loop
      vertex -43.3666 47.6961 4
      vertex -43.3567 45.6448 4
      vertex -42.8766 47.8805 4
    endloop
  endfacet
  facet normal 0 0 1
    outer loop
      vertex -43.3666 47.6961 4
      vertex -43.4533 45.6964 4
      vertex -43.3567 45.6448 4
    endloop
  endfacet
  facet normal 0 0 1
    outer loop
      vertex -43.3666 47.6961 4
      vertex -43.5532 45.7417 4
      vertex -43.4533 45.6964 4
    endloop
  endfacet
  facet normal -0 0 1
    outer loop
      vertex -43.8434 47.4801 4
      vertex -43.5532 45.7417 4
      vertex -43.3666 47.6961 4
    endloop
  endfacet
  facet normal 0 0 1
    outer loop
      vertex -43.5532 45.7417 4
      vertex -43.8434 47.4801 4
      vertex -43.6558 45.7803 4
    endloop
  endfacet
  facet normal 0 0 1
    outer loop
      vertex -43.6558 45.7803 4
      vertex -43.8434 47.4801 4
      vertex -43.7607 45.8121 4
    endloop
  endfacet
  facet normal 0 0 1
    outer loop
      vertex -43.8434 47.4801 4
      vertex -43.8674 45.837 4
      vertex -43.7607 45.8121 4
    endloop
  endfacet
  facet normal -0 0 1
    outer loop
      vertex -44.3051 47.2333 4
      vertex -43.8674 45.837 4
      vertex -43.8434 47.4801 4
    endloop
  endfacet
  facet normal 0 0 1
    outer loop
      vertex -43.8674 45.837 4
      vertex -44.3051 47.2333 4
      vertex -43.9755 45.8548 4
    endloop
  endfacet
  facet normal 0 0 1
    outer loop
      vertex -43.9755 45.8548 4
      vertex -44.3051 47.2333 4
      vertex -44.0846 45.8656 4
    endloop
  endfacet
  facet normal 0 0 1
    outer loop
      vertex -44.0846 45.8656 4
      vertex -44.3051 47.2333 4
      vertex -44.1942 45.8692 4
    endloop
  endfacet
  facet normal -0 0 1
    outer loop
      vertex -44.7496 46.9568 4
      vertex -44.1942 45.8692 4
      vertex -44.3051 47.2333 4
    endloop
  endfacet
  facet normal 0 0 1
    outer loop
      vertex -44.1942 45.8692 4
      vertex -44.7496 46.9568 4
      vertex -44.3037 45.8656 4
    endloop
  endfacet
  facet normal 0 0 1
    outer loop
      vertex -44.3037 45.8656 4
      vertex -44.7496 46.9568 4
      vertex -44.4128 45.8548 4
    endloop
  endfacet
  facet normal 0 0 1
    outer loop
      vertex -44.4128 45.8548 4
      vertex -44.7496 46.9568 4
      vertex -44.521 45.837 4
    endloop
  endfacet
  facet normal -0 0 1
    outer loop
      vertex -45.1752 46.6519 4
      vertex -44.521 45.837 4
      vertex -44.7496 46.9568 4
    endloop
  endfacet
  facet normal 0 0 1
    outer loop
      vertex -44.521 45.837 4
      vertex -45.1752 46.6519 4
      vertex -44.6277 45.8121 4
    endloop
  endfacet
  facet normal 0 0 1
    outer loop
      vertex -44.6277 45.8121 4
      vertex -45.1752 46.6519 4
      vertex -44.7326 45.7803 4
    endloop
  endfacet
  facet normal 0 0 1
    outer loop
      vertex -44.7326 45.7803 4
      vertex -45.1752 46.6519 4
      vertex -44.8352 45.7417 4
    endloop
  endfacet
  facet normal 0 0 1
    outer loop
      vertex -44.8352 45.7417 4
      vertex -45.1752 46.6519 4
      vertex -44.935 45.6964 4
    endloop
  endfacet
  facet normal -0 0 1
    outer loop
      vertex -45.5799 46.3198 4
      vertex -44.935 45.6964 4
      vertex -45.1752 46.6519 4
    endloop
  endfacet
  facet normal 0 0 1
    outer loop
      vertex -44.935 45.6964 4
      vertex -45.5799 46.3198 4
      vertex -45.0317 45.6448 4
    endloop
  endfacet
  facet normal 0 0 1
    outer loop
      vertex -45.0317 45.6448 4
      vertex -45.5799 46.3198 4
      vertex -45.1248 45.5869 4
    endloop
  endfacet
  facet normal 0 0 1
    outer loop
      vertex -45.1248 45.5869 4
      vertex -45.5799 46.3198 4
      vertex -45.2138 45.523 4
    endloop
  endfacet
  facet normal -0 0 1
    outer loop
      vertex -45.9619 45.9619 4
      vertex -45.2138 45.523 4
      vertex -45.5799 46.3198 4
    endloop
  endfacet
  facet normal 0 0 1
    outer loop
      vertex -45.2138 45.523 4
      vertex -45.9619 45.9619 4
      vertex -45.2986 45.4535 4
    endloop
  endfacet
  facet normal 0 0 1
    outer loop
      vertex -45.2986 45.4535 4
      vertex -45.9619 45.9619 4
      vertex -45.3786 45.3786 4
    endloop
  endfacet
  facet normal 0 0 1
    outer loop
      vertex -45.3786 45.3786 4
      vertex -45.9619 45.9619 4
      vertex -45.4535 45.2986 4
    endloop
  endfacet
  facet normal 0 0 1
    outer loop
      vertex -45.4535 45.2986 4
      vertex -45.9619 45.9619 4
      vertex -45.523 45.2138 4
    endloop
  endfacet
  facet normal -0 0 1
    outer loop
      vertex -46.3198 45.5799 4
      vertex -45.523 45.2138 4
      vertex -45.9619 45.9619 4
    endloop
  endfacet
  facet normal 0 0 1
    outer loop
      vertex -45.523 45.2138 4
      vertex -46.3198 45.5799 4
      vertex -45.5869 45.1248 4
    endloop
  endfacet
  facet normal 0 0 1
    outer loop
      vertex -45.5869 45.1248 4
      vertex -46.3198 45.5799 4
      vertex -45.6448 45.0317 4
    endloop
  endfacet
  facet normal 0 0 1
    outer loop
      vertex -45.6448 45.0317 4
      vertex -46.3198 45.5799 4
      vertex -45.6964 44.935 4
    endloop
  endfacet
  facet normal -0 0 1
    outer loop
      vertex -46.6519 45.1752 4
      vertex -45.6964 44.935 4
      vertex -46.3198 45.5799 4
    endloop
  endfacet
  facet normal 0 0 1
    outer loop
      vertex -45.6964 44.935 4
      vertex -46.6519 45.1752 4
      vertex -45.7417 44.8352 4
    endloop
  endfacet
  facet normal 0 0 1
    outer loop
      vertex -45.7417 44.8352 4
      vertex -46.6519 45.1752 4
      vertex -45.7803 44.7326 4
    endloop
  endfacet
  facet normal -0 0 1
    outer loop
      vertex -46.9568 44.7496 4
      vertex -45.837 44.521 4
      vertex -46.6519 45.1752 4
    endloop
  endfacet
  facet normal 0 0 1
    outer loop
      vertex -45.8121 44.6277 4
      vertex -46.6519 45.1752 4
      vertex -45.837 44.521 4
    endloop
  endfacet
  facet normal 0 0 1
    outer loop
      vertex -45.7803 44.7326 4
      vertex -46.6519 45.1752 4
      vertex -45.8121 44.6277 4
    endloop
  endfacet
  facet normal 0 0 1
    outer loop
      vertex -9.24016 0.150105 4
      vertex -19.9572 1.30806 4
      vertex -9.24754 0.0752134 4
    endloop
  endfacet
  facet normal 0 0 1
    outer loop
      vertex -9.24754 -0.0752134 4
      vertex -19.3185 -5.17638 4
      vertex -18.9894 -6.26144 4
    endloop
  endfacet
  facet normal 0 0 1
    outer loop
      vertex -20 0 4
      vertex -9.24754 0.0752134 4
      vertex -19.9572 1.30806 4
    endloop
  endfacet
  facet normal 0 0 1
    outer loop
      vertex -9.24754 -0.0752134 4
      vertex -19.6157 -3.90181 4
      vertex -19.3185 -5.17638 4
    endloop
  endfacet
  facet normal 0 0 1
    outer loop
      vertex -9.24754 0.0752134 4
      vertex -20 0 4
      vertex -9.25 0 4
    endloop
  endfacet
  facet normal 0 0 1
    outer loop
      vertex -9.24754 -0.0752134 4
      vertex -19.8289 -2.61052 4
      vertex -19.6157 -3.90181 4
    endloop
  endfacet
  facet normal 0 0 1
    outer loop
      vertex -9.25 0 4
      vertex -20 0 4
      vertex -9.24754 -0.0752134 4
    endloop
  endfacet
  facet normal 0 0 1
    outer loop
      vertex -9.24754 -0.0752134 4
      vertex -19.9572 -1.30806 4
      vertex -19.8289 -2.61052 4
    endloop
  endfacet
  facet normal 0 0 1
    outer loop
      vertex -9.24754 -0.0752134 4
      vertex -20 0 4
      vertex -19.9572 -1.30806 4
    endloop
  endfacet
  facet normal -0 0 1
    outer loop
      vertex -6.95984 -0.150105 4
      vertex -6.075 -6.275 4
      vertex -6.95246 -0.0752134 4
    endloop
  endfacet
  facet normal -0 0 1
    outer loop
      vertex -6.9721 -0.224354 4
      vertex -6.075 -6.275 4
      vertex -6.95984 -0.150105 4
    endloop
  endfacet
  facet normal -0 0 1
    outer loop
      vertex -6.98918 -0.297642 4
      vertex -6.075 -6.275 4
      vertex -6.9721 -0.224354 4
    endloop
  endfacet
  facet normal -0 0 1
    outer loop
      vertex -7.01103 -0.369655 4
      vertex -6.075 -6.275 4
      vertex -6.98918 -0.297642 4
    endloop
  endfacet
  facet normal -0 0 1
    outer loop
      vertex -7.03754 -0.440085 4
      vertex -6.075 -6.275 4
      vertex -7.01103 -0.369655 4
    endloop
  endfacet
  facet normal -0 0 1
    outer loop
      vertex -7.0686 -0.508632 4
      vertex -6.075 -6.275 4
      vertex -7.03754 -0.440085 4
    endloop
  endfacet
  facet normal -0 0 1
    outer loop
      vertex -7.10407 -0.575 4
      vertex -6.075 -6.275 4
      vertex -7.0686 -0.508632 4
    endloop
  endfacet
  facet normal -0 0 1
    outer loop
      vertex -7.14381 -0.638906 4
      vertex -6.075 -6.275 4
      vertex -7.10407 -0.575 4
    endloop
  endfacet
  facet normal -0 0 1
    outer loop
      vertex -7.18764 -0.700075 4
      vertex -6.075 -6.275 4
      vertex -7.14381 -0.638906 4
    endloop
  endfacet
  facet normal -0 0 1
    outer loop
      vertex -7.23538 -0.758247 4
      vertex -6.075 -6.275 4
      vertex -7.18764 -0.700075 4
    endloop
  endfacet
  facet normal -0 0 1
    outer loop
      vertex -7.28683 -0.813172 4
      vertex -6.075 -6.275 4
      vertex -7.23538 -0.758247 4
    endloop
  endfacet
  facet normal -0 0 1
    outer loop
      vertex -7.34175 -0.864615 4
      vertex -6.075 -6.275 4
      vertex -7.28683 -0.813172 4
    endloop
  endfacet
  facet normal -0 0 1
    outer loop
      vertex -7.39992 -0.912355 4
      vertex -6.075 -6.275 4
      vertex -7.34175 -0.864615 4
    endloop
  endfacet
  facet normal -0 0 1
    outer loop
      vertex -7.46109 -0.956189 4
      vertex -6.075 -6.275 4
      vertex -7.39992 -0.912355 4
    endloop
  endfacet
  facet normal -0 0 1
    outer loop
      vertex -7.525 -0.995929 4
      vertex -6.075 -6.275 4
      vertex -7.46109 -0.956189 4
    endloop
  endfacet
  facet normal -0 0 1
    outer loop
      vertex -7.59137 -1.0314 4
      vertex -6.075 -6.275 4
      vertex -7.525 -0.995929 4
    endloop
  endfacet
  facet normal -0 0 1
    outer loop
      vertex -7.65991 -1.06246 4
      vertex -6.075 -6.275 4
      vertex -7.59137 -1.0314 4
    endloop
  endfacet
  facet normal -0 0 1
    outer loop
      vertex -7.73034 -1.08897 4
      vertex -6.075 -6.275 4
      vertex -7.65991 -1.06246 4
    endloop
  endfacet
  facet normal -0 0 1
    outer loop
      vertex -7.80236 -1.11081 4
      vertex -6.075 -6.275 4
      vertex -7.73034 -1.08897 4
    endloop
  endfacet
  facet normal -0 0 1
    outer loop
      vertex -7.87565 -1.1279 4
      vertex -6.075 -6.275 4
      vertex -7.80236 -1.11081 4
    endloop
  endfacet
  facet normal -0 0 1
    outer loop
      vertex -7.94989 -1.14016 4
      vertex -6.075 -6.275 4
      vertex -7.87565 -1.1279 4
    endloop
  endfacet
  facet normal -0 0 1
    outer loop
      vertex -8.02479 -1.14754 4
      vertex -6.075 -6.275 4
      vertex -7.94989 -1.14016 4
    endloop
  endfacet
  facet normal -0 0 1
    outer loop
      vertex -8.1 -1.15 4
      vertex -6.075 -6.275 4
      vertex -8.02479 -1.14754 4
    endloop
  endfacet
  facet normal 0 0 1
    outer loop
      vertex -8.17521 -1.14754 4
      vertex -6.075 -6.275 4
      vertex -8.1 -1.15 4
    endloop
  endfacet
  facet normal 0 0 1
    outer loop
      vertex -8.2501 -1.14016 4
      vertex -6.075 -6.275 4
      vertex -8.17521 -1.14754 4
    endloop
  endfacet
  facet normal 0 0 1
    outer loop
      vertex -8.32435 -1.1279 4
      vertex -6.075 -6.275 4
      vertex -8.2501 -1.14016 4
    endloop
  endfacet
  facet normal 0 0 1
    outer loop
      vertex -8.39764 -1.11081 4
      vertex -6.075 -6.275 4
      vertex -8.32435 -1.1279 4
    endloop
  endfacet
  facet normal 0 0 1
    outer loop
      vertex -8.46966 -1.08897 4
      vertex -6.075 -6.275 4
      vertex -8.39764 -1.11081 4
    endloop
  endfacet
  facet normal 0 0 1
    outer loop
      vertex -8.54009 -1.06246 4
      vertex -6.075 -6.275 4
      vertex -8.46966 -1.08897 4
    endloop
  endfacet
  facet normal 0 0 1
    outer loop
      vertex -8.60863 -1.0314 4
      vertex -6.075 -6.275 4
      vertex -8.54009 -1.06246 4
    endloop
  endfacet
  facet normal 0 0 1
    outer loop
      vertex -8.675 -0.995929 4
      vertex -6.075 -6.275 4
      vertex -8.60863 -1.0314 4
    endloop
  endfacet
  facet normal 0 0 1
    outer loop
      vertex -8.7389 -0.956189 4
      vertex -6.075 -6.275 4
      vertex -8.675 -0.995929 4
    endloop
  endfacet
  facet normal 0 0 1
    outer loop
      vertex -6.075 -6.275 4
      vertex -8.7389 -0.956189 4
      vertex -18.9894 -6.26144 4
    endloop
  endfacet
  facet normal 0 0 1
    outer loop
      vertex -18.9894 -6.26144 4
      vertex -8.7389 -0.956189 4
      vertex -8.80008 -0.912355 4
    endloop
  endfacet
  facet normal 0 0 1
    outer loop
      vertex -18.9894 -6.26144 4
      vertex -8.80008 -0.912355 4
      vertex -8.85825 -0.864615 4
    endloop
  endfacet
  facet normal 0 0 1
    outer loop
      vertex -18.9894 -6.26144 4
      vertex -8.85825 -0.864615 4
      vertex -8.91317 -0.813172 4
    endloop
  endfacet
  facet normal 0 0 1
    outer loop
      vertex -18.9894 -6.26144 4
      vertex -8.91317 -0.813172 4
      vertex -8.96461 -0.758247 4
    endloop
  endfacet
  facet normal 0 0 1
    outer loop
      vertex -18.9894 -6.26144 4
      vertex -8.96461 -0.758247 4
      vertex -9.01236 -0.700075 4
    endloop
  endfacet
  facet normal 0 0 1
    outer loop
      vertex -18.9894 -6.26144 4
      vertex -9.01236 -0.700075 4
      vertex -9.05619 -0.638906 4
    endloop
  endfacet
  facet normal 0 0 1
    outer loop
      vertex -18.9894 -6.26144 4
      vertex -9.05619 -0.638906 4
      vertex -9.09593 -0.575 4
    endloop
  endfacet
  facet normal 0 0 1
    outer loop
      vertex -18.9894 -6.26144 4
      vertex -9.09593 -0.575 4
      vertex -9.1314 -0.508632 4
    endloop
  endfacet
  facet normal 0 0 1
    outer loop
      vertex -18.9894 -6.26144 4
      vertex -9.1314 -0.508632 4
      vertex -9.16246 -0.440085 4
    endloop
  endfacet
  facet normal 0 0 1
    outer loop
      vertex -18.9894 -6.26144 4
      vertex -9.16246 -0.440085 4
      vertex -9.18897 -0.369655 4
    endloop
  endfacet
  facet normal 0 0 1
    outer loop
      vertex -18.9894 -6.26144 4
      vertex -9.18897 -0.369655 4
      vertex -9.21081 -0.297642 4
    endloop
  endfacet
  facet normal 0 0 1
    outer loop
      vertex -18.9894 -6.26144 4
      vertex -9.21081 -0.297642 4
      vertex -9.2279 -0.224354 4
    endloop
  endfacet
  facet normal 0 0 1
    outer loop
      vertex -18.9894 -6.26144 4
      vertex -9.2279 -0.224354 4
      vertex -9.24016 -0.150105 4
    endloop
  endfacet
  facet normal -0 0 1
    outer loop
      vertex -19.9572 1.30806 4
      vertex -9.2279 0.224354 4
      vertex -19.8289 2.61052 4
    endloop
  endfacet
  facet normal 0 0 1
    outer loop
      vertex -9.2279 0.224354 4
      vertex -19.9572 1.30806 4
      vertex -9.24016 0.150105 4
    endloop
  endfacet
  facet normal 0 0 1
    outer loop
      vertex -9.24754 -0.0752134 4
      vertex -18.9894 -6.26144 4
      vertex -9.24016 -0.150105 4
    endloop
  endfacet
  facet normal 0 0 1
    outer loop
      vertex -6.075 -6.275 4
      vertex -18.9894 -6.26144 4
      vertex -6.26144 -18.9894 4
    endloop
  endfacet
  facet normal 0 0 1
    outer loop
      vertex -34.6482 -45.9619 4
      vertex -6.26144 -18.9894 4
      vertex -18.9894 -6.26144 4
    endloop
  endfacet
  facet normal 0 0 1
    outer loop
      vertex -6.26144 -18.9894 4
      vertex -34.6482 -45.9619 4
      vertex -33.9411 -46.669 4
    endloop
  endfacet
  facet normal -0 0 1
    outer loop
      vertex -45.9619 -34.6482 4
      vertex -34.6482 -45.9619 4
      vertex -18.9894 -6.26144 4
    endloop
  endfacet
  facet normal -0 -0 1
    outer loop
      vertex -43.0098 -43.0098 4
      vertex -34.6482 -45.9619 4
      vertex -45.9619 -34.6482 4
    endloop
  endfacet
  facet normal -0 -0 1
    outer loop
      vertex -42.9348 -43.0898 4
      vertex -34.6482 -45.9619 4
      vertex -43.0098 -43.0098 4
    endloop
  endfacet
  facet normal -0 -0 1
    outer loop
      vertex -42.8015 -43.2636 4
      vertex -34.6482 -45.9619 4
      vertex -42.8653 -43.1745 4
    endloop
  endfacet
  facet normal -0 -0 1
    outer loop
      vertex -42.7436 -43.3567 4
      vertex -34.6482 -45.9619 4
      vertex -42.8015 -43.2636 4
    endloop
  endfacet
  facet normal -0 -0 1
    outer loop
      vertex -42.6919 -43.4533 4
      vertex -34.6482 -45.9619 4
      vertex -42.7436 -43.3567 4
    endloop
  endfacet
  facet normal -0 -0 1
    outer loop
      vertex -42.6081 -43.6558 4
      vertex -34.6482 -45.9619 4
      vertex -42.6467 -43.5532 4
    endloop
  endfacet
  facet normal -0 -0 1
    outer loop
      vertex -42.5762 -43.7607 4
      vertex -34.6482 -45.9619 4
      vertex -42.6081 -43.6558 4
    endloop
  endfacet
  facet normal -0 -0 1
    outer loop
      vertex -42.5514 -43.8674 4
      vertex -35.0303 -46.3198 4
      vertex -42.5762 -43.7607 4
    endloop
  endfacet
  facet normal 0 0 1
    outer loop
      vertex -35.0303 -46.3198 4
      vertex -42.5514 -43.8674 4
      vertex -35.435 -46.6519 4
    endloop
  endfacet
  facet normal 0 0 1
    outer loop
      vertex -35.8605 -46.9568 4
      vertex -42.5335 -43.9755 4
      vertex -36.3051 -47.2333 4
    endloop
  endfacet
  facet normal 0 0 1
    outer loop
      vertex -36.3051 -47.2333 4
      vertex -42.5228 -44.0846 4
      vertex -36.7668 -47.4801 4
    endloop
  endfacet
  facet normal 0 0 1
    outer loop
      vertex -37.2436 -47.6961 4
      vertex -42.5192 -44.1942 4
      vertex -37.7336 -47.8805 4
    endloop
  endfacet
  facet normal 0 0 1
    outer loop
      vertex -37.7336 -47.8805 4
      vertex -42.5228 -44.3037 4
      vertex -38.2345 -48.0325 4
    endloop
  endfacet
  facet normal 0 0 1
    outer loop
      vertex -38.2345 -48.0325 4
      vertex -42.5335 -44.4128 4
      vertex -38.7444 -48.1514 4
    endloop
  endfacet
  facet normal -0 0 1
    outer loop
      vertex -42.5762 -44.6277 4
      vertex -39.2609 -48.2366 4
      vertex -42.5514 -44.521 4
    endloop
  endfacet
  facet normal -0 0 1
    outer loop
      vertex -42.6081 -44.7326 4
      vertex -39.7819 -48.288 4
      vertex -42.5762 -44.6277 4
    endloop
  endfacet
  facet normal 0 0 1
    outer loop
      vertex -39.2609 -48.2366 4
      vertex -42.5762 -44.6277 4
      vertex -39.7819 -48.288 4
    endloop
  endfacet
  facet normal 0 0 1
    outer loop
      vertex -38.7444 -48.1514 4
      vertex -42.5514 -44.521 4
      vertex -39.2609 -48.2366 4
    endloop
  endfacet
  facet normal -0 0 1
    outer loop
      vertex -42.5514 -44.521 4
      vertex -38.7444 -48.1514 4
      vertex -42.5335 -44.4128 4
    endloop
  endfacet
  facet normal -0 0 1
    outer loop
      vertex -42.5335 -44.4128 4
      vertex -38.2345 -48.0325 4
      vertex -42.5228 -44.3037 4
    endloop
  endfacet
  facet normal -0 0 1
    outer loop
      vertex -42.5228 -44.3037 4
      vertex -37.7336 -47.8805 4
      vertex -42.5192 -44.1942 4
    endloop
  endfacet
  facet normal -0 -0 1
    outer loop
      vertex -42.5192 -44.1942 4
      vertex -37.2436 -47.6961 4
      vertex -42.5228 -44.0846 4
    endloop
  endfacet
  facet normal 0 0 1
    outer loop
      vertex -36.7668 -47.4801 4
      vertex -42.5228 -44.0846 4
      vertex -37.2436 -47.6961 4
    endloop
  endfacet
  facet normal -0 -0 1
    outer loop
      vertex -42.5228 -44.0846 4
      vertex -36.3051 -47.2333 4
      vertex -42.5335 -43.9755 4
    endloop
  endfacet
  facet normal -0 -0 1
    outer loop
      vertex -42.5335 -43.9755 4
      vertex -35.8605 -46.9568 4
      vertex -42.5514 -43.8674 4
    endloop
  endfacet
  facet normal 0 0 1
    outer loop
      vertex -35.435 -46.6519 4
      vertex -42.5514 -43.8674 4
      vertex -35.8605 -46.9568 4
    endloop
  endfacet
  facet normal 0 0 1
    outer loop
      vertex -34.6482 -45.9619 4
      vertex -42.5762 -43.7607 4
      vertex -35.0303 -46.3198 4
    endloop
  endfacet
  facet normal -0 -0 1
    outer loop
      vertex -42.6467 -43.5532 4
      vertex -34.6482 -45.9619 4
      vertex -42.6919 -43.4533 4
    endloop
  endfacet
  facet normal -0 -0 1
    outer loop
      vertex -42.8653 -43.1745 4
      vertex -34.6482 -45.9619 4
      vertex -42.9348 -43.0898 4
    endloop
  endfacet
  facet normal 0 0 1
    outer loop
      vertex -43.0098 -43.0098 4
      vertex -45.9619 -34.6482 4
      vertex -43.0898 -42.9348 4
    endloop
  endfacet
  facet normal 0 0 1
    outer loop
      vertex -43.0898 -42.9348 4
      vertex -45.9619 -34.6482 4
      vertex -43.1745 -42.8653 4
    endloop
  endfacet
  facet normal 0 0 1
    outer loop
      vertex -43.1745 -42.8653 4
      vertex -45.9619 -34.6482 4
      vertex -43.2636 -42.8015 4
    endloop
  endfacet
  facet normal 0 0 1
    outer loop
      vertex -43.2636 -42.8015 4
      vertex -45.9619 -34.6482 4
      vertex -43.3567 -42.7436 4
    endloop
  endfacet
  facet normal 0 0 1
    outer loop
      vertex -43.3567 -42.7436 4
      vertex -45.9619 -34.6482 4
      vertex -43.4533 -42.6919 4
    endloop
  endfacet
  facet normal 0 0 1
    outer loop
      vertex -43.4533 -42.6919 4
      vertex -45.9619 -34.6482 4
      vertex -43.5532 -42.6467 4
    endloop
  endfacet
  facet normal 0 0 1
    outer loop
      vertex -43.5532 -42.6467 4
      vertex -45.9619 -34.6482 4
      vertex -43.6558 -42.6081 4
    endloop
  endfacet
  facet normal 0 0 1
    outer loop
      vertex -43.6558 -42.6081 4
      vertex -45.9619 -34.6482 4
      vertex -43.7607 -42.5762 4
    endloop
  endfacet
  facet normal 0 0 1
    outer loop
      vertex -43.7607 -42.5762 4
      vertex -45.9619 -34.6482 4
      vertex -43.8674 -42.5514 4
    endloop
  endfacet
  facet normal -0 0 1
    outer loop
      vertex -46.3198 -35.0303 4
      vertex -43.8674 -42.5514 4
      vertex -45.9619 -34.6482 4
    endloop
  endfacet
  facet normal -0 0 1
    outer loop
      vertex -46.6519 -35.435 4
      vertex -43.8674 -42.5514 4
      vertex -46.3198 -35.0303 4
    endloop
  endfacet
  facet normal 0 0 1
    outer loop
      vertex -43.8674 -42.5514 4
      vertex -46.6519 -35.435 4
      vertex -43.9755 -42.5335 4
    endloop
  endfacet
  facet normal -0 0 1
    outer loop
      vertex -46.9568 -35.8605 4
      vertex -43.9755 -42.5335 4
      vertex -46.6519 -35.435 4
    endloop
  endfacet
  facet normal -0 0 1
    outer loop
      vertex -47.2333 -36.3051 4
      vertex -43.9755 -42.5335 4
      vertex -46.9568 -35.8605 4
    endloop
  endfacet
  facet normal 0 0 1
    outer loop
      vertex -43.9755 -42.5335 4
      vertex -47.2333 -36.3051 4
      vertex -44.0846 -42.5228 4
    endloop
  endfacet
  facet normal -0 0 1
    outer loop
      vertex -47.4801 -36.7668 4
      vertex -44.0846 -42.5228 4
      vertex -47.2333 -36.3051 4
    endloop
  endfacet
  facet normal 0 0 1
    outer loop
      vertex -44.0846 -42.5228 4
      vertex -47.4801 -36.7668 4
      vertex -44.1942 -42.5192 4
    endloop
  endfacet
  facet normal -0 0 1
    outer loop
      vertex -47.6961 -37.2436 4
      vertex -44.1942 -42.5192 4
      vertex -47.4801 -36.7668 4
    endloop
  endfacet
  facet normal -0 0 1
    outer loop
      vertex -47.8805 -37.7336 4
      vertex -44.1942 -42.5192 4
      vertex -47.6961 -37.2436 4
    endloop
  endfacet
  facet normal 0 0 1
    outer loop
      vertex -44.1942 -42.5192 4
      vertex -47.8805 -37.7336 4
      vertex -44.3037 -42.5228 4
    endloop
  endfacet
  facet normal -0 0 1
    outer loop
      vertex -48.0325 -38.2345 4
      vertex -44.3037 -42.5228 4
      vertex -47.8805 -37.7336 4
    endloop
  endfacet
  facet normal 0 0 1
    outer loop
      vertex -44.3037 -42.5228 4
      vertex -48.0325 -38.2345 4
      vertex -44.4128 -42.5335 4
    endloop
  endfacet
  facet normal -0 0 1
    outer loop
      vertex -48.1514 -38.7444 4
      vertex -44.4128 -42.5335 4
      vertex -48.0325 -38.2345 4
    endloop
  endfacet
  facet normal 0 0 1
    outer loop
      vertex -44.4128 -42.5335 4
      vertex -48.1514 -38.7444 4
      vertex -44.521 -42.5514 4
    endloop
  endfacet
  facet normal -0 0 1
    outer loop
      vertex -48.2366 -39.2609 4
      vertex -44.521 -42.5514 4
      vertex -48.1514 -38.7444 4
    endloop
  endfacet
  facet normal 0 0 1
    outer loop
      vertex -45.1248 -42.8015 4
      vertex -48.2366 -41.3493 4
      vertex -45.2138 -42.8653 4
    endloop
  endfacet
  facet normal 0 0 1
    outer loop
      vertex -45.0317 -42.7436 4
      vertex -48.2366 -41.3493 4
      vertex -45.1248 -42.8015 4
    endloop
  endfacet
  facet normal -0 -0 1
    outer loop
      vertex -48.2366 -41.3493 4
      vertex -45.0317 -42.7436 4
      vertex -48.288 -40.8283 4
    endloop
  endfacet
  facet normal 0 0 1
    outer loop
      vertex -44.935 -42.6919 4
      vertex -48.288 -40.8283 4
      vertex -45.0317 -42.7436 4
    endloop
  endfacet
  facet normal -0 -0 1
    outer loop
      vertex -48.288 -40.8283 4
      vertex -44.935 -42.6919 4
      vertex -48.3051 -40.3051 4
    endloop
  endfacet
  facet normal 0 0 1
    outer loop
      vertex -44.8352 -42.6467 4
      vertex -48.3051 -40.3051 4
      vertex -44.935 -42.6919 4
    endloop
  endfacet
  facet normal 0 0 1
    outer loop
      vertex -44.7326 -42.6081 4
      vertex -48.3051 -40.3051 4
      vertex -44.8352 -42.6467 4
    endloop
  endfacet
  facet normal -0 0 1
    outer loop
      vertex -48.3051 -40.3051 4
      vertex -44.7326 -42.6081 4
      vertex -48.288 -39.7819 4
    endloop
  endfacet
  facet normal 0 0 1
    outer loop
      vertex -44.6277 -42.5762 4
      vertex -48.288 -39.7819 4
      vertex -44.7326 -42.6081 4
    endloop
  endfacet
  facet normal -0 0 1
    outer loop
      vertex -48.288 -39.7819 4
      vertex -44.6277 -42.5762 4
      vertex -48.2366 -39.2609 4
    endloop
  endfacet
  facet normal 0 0 1
    outer loop
      vertex -44.521 -42.5514 4
      vertex -48.2366 -39.2609 4
      vertex -44.6277 -42.5762 4
    endloop
  endfacet
  facet normal 0 -0 1
    outer loop
      vertex -45.9619 -34.6482 4
      vertex -18.9894 -6.26144 4
      vertex -46.669 -33.9411 4
    endloop
  endfacet
  facet normal 0 0 1
    outer loop
      vertex -39.7819 -48.288 4
      vertex -42.6081 -44.7326 4
      vertex -40.3051 -48.3051 4
    endloop
  endfacet
  facet normal -0 0 1
    outer loop
      vertex -42.6467 -44.8352 4
      vertex -40.3051 -48.3051 4
      vertex -42.6081 -44.7326 4
    endloop
  endfacet
  facet normal -0 0 1
    outer loop
      vertex -42.6919 -44.935 4
      vertex -40.3051 -48.3051 4
      vertex -42.6467 -44.8352 4
    endloop
  endfacet
  facet normal 0 0 1
    outer loop
      vertex -40.3051 -48.3051 4
      vertex -42.6919 -44.935 4
      vertex -40.8283 -48.288 4
    endloop
  endfacet
  facet normal -0 0 1
    outer loop
      vertex -42.7436 -45.0317 4
      vertex -40.8283 -48.288 4
      vertex -42.6919 -44.935 4
    endloop
  endfacet
  facet normal 0 0 1
    outer loop
      vertex -40.8283 -48.288 4
      vertex -42.7436 -45.0317 4
      vertex -41.3493 -48.2366 4
    endloop
  endfacet
  facet normal -0 0 1
    outer loop
      vertex -42.8015 -45.1248 4
      vertex -41.3493 -48.2366 4
      vertex -42.7436 -45.0317 4
    endloop
  endfacet
  facet normal -0 0 1
    outer loop
      vertex -42.8653 -45.2138 4
      vertex -41.3493 -48.2366 4
      vertex -42.8015 -45.1248 4
    endloop
  endfacet
  facet normal 0 0 1
    outer loop
      vertex -41.3493 -48.2366 4
      vertex -42.8653 -45.2138 4
      vertex -41.8658 -48.1514 4
    endloop
  endfacet
  facet normal -0 0 1
    outer loop
      vertex -42.9348 -45.2986 4
      vertex -41.8658 -48.1514 4
      vertex -42.8653 -45.2138 4
    endloop
  endfacet
  facet normal 0 0 1
    outer loop
      vertex -41.8658 -48.1514 4
      vertex -42.9348 -45.2986 4
      vertex -42.3756 -48.0325 4
    endloop
  endfacet
  facet normal -0 0 1
    outer loop
      vertex -43.0098 -45.3786 4
      vertex -42.3756 -48.0325 4
      vertex -42.9348 -45.2986 4
    endloop
  endfacet
  facet normal -0 0 1
    outer loop
      vertex -43.0898 -45.4535 4
      vertex -42.3756 -48.0325 4
      vertex -43.0098 -45.3786 4
    endloop
  endfacet
  facet normal 0 0 1
    outer loop
      vertex -42.3756 -48.0325 4
      vertex -43.0898 -45.4535 4
      vertex -42.8766 -47.8805 4
    endloop
  endfacet
  facet normal -0 0 1
    outer loop
      vertex -43.1745 -45.523 4
      vertex -42.8766 -47.8805 4
      vertex -43.0898 -45.4535 4
    endloop
  endfacet
  facet normal -0 0 1
    outer loop
      vertex -43.2636 -45.5869 4
      vertex -42.8766 -47.8805 4
      vertex -43.1745 -45.523 4
    endloop
  endfacet
  facet normal -0 0 1
    outer loop
      vertex -43.3567 -45.6448 4
      vertex -42.8766 -47.8805 4
      vertex -43.2636 -45.5869 4
    endloop
  endfacet
  facet normal 0 0 1
    outer loop
      vertex -43.3567 -45.6448 4
      vertex -43.3666 -47.6961 4
      vertex -42.8766 -47.8805 4
    endloop
  endfacet
  facet normal -0 0 1
    outer loop
      vertex -43.4533 -45.6964 4
      vertex -43.3666 -47.6961 4
      vertex -43.3567 -45.6448 4
    endloop
  endfacet
  facet normal -0 0 1
    outer loop
      vertex -43.5532 -45.7417 4
      vertex -43.3666 -47.6961 4
      vertex -43.4533 -45.6964 4
    endloop
  endfacet
  facet normal 0 0 1
    outer loop
      vertex -43.8434 -47.4801 4
      vertex -43.5532 -45.7417 4
      vertex -43.6558 -45.7803 4
    endloop
  endfacet
  facet normal 0 0 1
    outer loop
      vertex -43.8434 -47.4801 4
      vertex -43.6558 -45.7803 4
      vertex -43.7607 -45.8121 4
    endloop
  endfacet
  facet normal 0 0 1
    outer loop
      vertex -43.5532 -45.7417 4
      vertex -43.8434 -47.4801 4
      vertex -43.3666 -47.6961 4
    endloop
  endfacet
  facet normal -0 0 1
    outer loop
      vertex -43.8674 -45.837 4
      vertex -43.8434 -47.4801 4
      vertex -43.7607 -45.8121 4
    endloop
  endfacet
  facet normal 0 0 1
    outer loop
      vertex -44.3051 -47.2333 4
      vertex -43.8674 -45.837 4
      vertex -43.9755 -45.8548 4
    endloop
  endfacet
  facet normal 0 0 1
    outer loop
      vertex -44.3051 -47.2333 4
      vertex -43.9755 -45.8548 4
      vertex -44.0846 -45.8656 4
    endloop
  endfacet
  facet normal 0 0 1
    outer loop
      vertex -44.3051 -47.2333 4
      vertex -44.0846 -45.8656 4
      vertex -44.1942 -45.8692 4
    endloop
  endfacet
  facet normal 0 0 1
    outer loop
      vertex -44.7496 -46.9568 4
      vertex -44.1942 -45.8692 4
      vertex -44.3037 -45.8656 4
    endloop
  endfacet
  facet normal 0 0 1
    outer loop
      vertex -43.8674 -45.837 4
      vertex -44.3051 -47.2333 4
      vertex -43.8434 -47.4801 4
    endloop
  endfacet
  facet normal 0 0 1
    outer loop
      vertex -44.7496 -46.9568 4
      vertex -44.3037 -45.8656 4
      vertex -44.4128 -45.8548 4
    endloop
  endfacet
  facet normal 0 0 1
    outer loop
      vertex -44.7496 -46.9568 4
      vertex -44.4128 -45.8548 4
      vertex -44.521 -45.837 4
    endloop
  endfacet
  facet normal 0 0 1
    outer loop
      vertex -45.1752 -46.6519 4
      vertex -44.521 -45.837 4
      vertex -44.6277 -45.8121 4
    endloop
  endfacet
  facet normal 0 0 1
    outer loop
      vertex -45.1752 -46.6519 4
      vertex -44.6277 -45.8121 4
      vertex -44.7326 -45.7803 4
    endloop
  endfacet
  facet normal 0 0 1
    outer loop
      vertex -44.1942 -45.8692 4
      vertex -44.7496 -46.9568 4
      vertex -44.3051 -47.2333 4
    endloop
  endfacet
  facet normal 0 0 1
    outer loop
      vertex -45.1752 -46.6519 4
      vertex -44.7326 -45.7803 4
      vertex -44.8352 -45.7417 4
    endloop
  endfacet
  facet normal 0 0 1
    outer loop
      vertex -45.1752 -46.6519 4
      vertex -44.8352 -45.7417 4
      vertex -44.935 -45.6964 4
    endloop
  endfacet
  facet normal 0 0 1
    outer loop
      vertex -45.5799 -46.3198 4
      vertex -44.935 -45.6964 4
      vertex -45.0317 -45.6448 4
    endloop
  endfacet
  facet normal 0 0 1
    outer loop
      vertex -45.5799 -46.3198 4
      vertex -45.0317 -45.6448 4
      vertex -45.1248 -45.5869 4
    endloop
  endfacet
  facet normal 0 0 1
    outer loop
      vertex -44.521 -45.837 4
      vertex -45.1752 -46.6519 4
      vertex -44.7496 -46.9568 4
    endloop
  endfacet
  facet normal 0 0 1
    outer loop
      vertex -45.5799 -46.3198 4
      vertex -45.1248 -45.5869 4
      vertex -45.2138 -45.523 4
    endloop
  endfacet
  facet normal 0 0 1
    outer loop
      vertex -45.9619 -45.9619 4
      vertex -45.2138 -45.523 4
      vertex -45.2986 -45.4535 4
    endloop
  endfacet
  facet normal 0 0 1
    outer loop
      vertex -45.9619 -45.9619 4
      vertex -45.2986 -45.4535 4
      vertex -45.3786 -45.3786 4
    endloop
  endfacet
  facet normal 0 0 1
    outer loop
      vertex -45.9619 -45.9619 4
      vertex -45.3786 -45.3786 4
      vertex -45.4535 -45.2986 4
    endloop
  endfacet
  facet normal 0 0 1
    outer loop
      vertex -45.9619 -45.9619 4
      vertex -45.4535 -45.2986 4
      vertex -45.523 -45.2138 4
    endloop
  endfacet
  facet normal 0 0 1
    outer loop
      vertex -44.935 -45.6964 4
      vertex -45.5799 -46.3198 4
      vertex -45.1752 -46.6519 4
    endloop
  endfacet
  facet normal 0 0 1
    outer loop
      vertex -46.3198 -45.5799 4
      vertex -45.523 -45.2138 4
      vertex -45.5869 -45.1248 4
    endloop
  endfacet
  facet normal 0 0 1
    outer loop
      vertex -46.3198 -45.5799 4
      vertex -45.5869 -45.1248 4
      vertex -45.6448 -45.0317 4
    endloop
  endfacet
  facet normal 0 0 1
    outer loop
      vertex -46.3198 -45.5799 4
      vertex -45.6448 -45.0317 4
      vertex -45.6964 -44.935 4
    endloop
  endfacet
  facet normal 0 0 1
    outer loop
      vertex -46.6519 -45.1752 4
      vertex -45.6964 -44.935 4
      vertex -45.7417 -44.8352 4
    endloop
  endfacet
  facet normal 0 0 1
    outer loop
      vertex -46.6519 -45.1752 4
      vertex -45.7417 -44.8352 4
      vertex -45.7803 -44.7326 4
    endloop
  endfacet
  facet normal 0 0 1
    outer loop
      vertex -46.6519 -45.1752 4
      vertex -45.7803 -44.7326 4
      vertex -45.8121 -44.6277 4
    endloop
  endfacet
  facet normal 0 0 1
    outer loop
      vertex -46.6519 -45.1752 4
      vertex -45.8121 -44.6277 4
      vertex -45.837 -44.521 4
    endloop
  endfacet
  facet normal 0 0 1
    outer loop
      vertex -46.9568 -44.7496 4
      vertex -45.837 -44.521 4
      vertex -45.8548 -44.4128 4
    endloop
  endfacet
  facet normal 0 0 1
    outer loop
      vertex -45.2138 -45.523 4
      vertex -45.9619 -45.9619 4
      vertex -45.5799 -46.3198 4
    endloop
  endfacet
  facet normal 0 0 1
    outer loop
      vertex -46.9568 -44.7496 4
      vertex -45.8548 -44.4128 4
      vertex -45.8656 -44.3037 4
    endloop
  endfacet
  facet normal 0 0 1
    outer loop
      vertex -46.9568 -44.7496 4
      vertex -45.8656 -44.3037 4
      vertex -45.8692 -44.1942 4
    endloop
  endfacet
  facet normal -0 -0 1
    outer loop
      vertex -48.1514 -41.8658 4
      vertex -45.2138 -42.8653 4
      vertex -48.2366 -41.3493 4
    endloop
  endfacet
  facet normal 0 0 1
    outer loop
      vertex -45.2138 -42.8653 4
      vertex -48.1514 -41.8658 4
      vertex -45.2986 -42.9348 4
    endloop
  endfacet
  facet normal 0 0 1
    outer loop
      vertex -45.523 -45.2138 4
      vertex -46.3198 -45.5799 4
      vertex -45.9619 -45.9619 4
    endloop
  endfacet
  facet normal 0 0 1
    outer loop
      vertex -45.2986 -42.9348 4
      vertex -48.1514 -41.8658 4
      vertex -45.3786 -43.0098 4
    endloop
  endfacet
  facet normal 0 0 1
    outer loop
      vertex -45.6964 -44.935 4
      vertex -46.6519 -45.1752 4
      vertex -46.3198 -45.5799 4
    endloop
  endfacet
  facet normal -0 -0 1
    outer loop
      vertex -48.0325 -42.3756 4
      vertex -45.3786 -43.0098 4
      vertex -48.1514 -41.8658 4
    endloop
  endfacet
  facet normal 0 0 1
    outer loop
      vertex -45.837 -44.521 4
      vertex -46.9568 -44.7496 4
      vertex -46.6519 -45.1752 4
    endloop
  endfacet
  facet normal 0 0 1
    outer loop
      vertex -45.3786 -43.0098 4
      vertex -48.0325 -42.3756 4
      vertex -45.4535 -43.0898 4
    endloop
  endfacet
  facet normal 0 0 1
    outer loop
      vertex -45.8692 -44.1942 4
      vertex -47.2333 -44.3051 4
      vertex -46.9568 -44.7496 4
    endloop
  endfacet
  facet normal 0 0 1
    outer loop
      vertex -45.4535 -43.0898 4
      vertex -48.0325 -42.3756 4
      vertex -45.523 -43.1745 4
    endloop
  endfacet
  facet normal 0 0 1
    outer loop
      vertex -45.8656 -44.0846 4
      vertex -47.2333 -44.3051 4
      vertex -45.8692 -44.1942 4
    endloop
  endfacet
  facet normal -0 -0 1
    outer loop
      vertex -47.8805 -42.8766 4
      vertex -45.523 -43.1745 4
      vertex -48.0325 -42.3756 4
    endloop
  endfacet
  facet normal 0 0 1
    outer loop
      vertex -45.8548 -43.9755 4
      vertex -47.2333 -44.3051 4
      vertex -45.8656 -44.0846 4
    endloop
  endfacet
  facet normal 0 0 1
    outer loop
      vertex -45.523 -43.1745 4
      vertex -47.8805 -42.8766 4
      vertex -45.5869 -43.2636 4
    endloop
  endfacet
  facet normal 0 0 1
    outer loop
      vertex -45.837 -43.8674 4
      vertex -47.2333 -44.3051 4
      vertex -45.8548 -43.9755 4
    endloop
  endfacet
  facet normal 0 0 1
    outer loop
      vertex -45.5869 -43.2636 4
      vertex -47.8805 -42.8766 4
      vertex -45.6448 -43.3567 4
    endloop
  endfacet
  facet normal 0 -0 1
    outer loop
      vertex -47.2333 -44.3051 4
      vertex -45.837 -43.8674 4
      vertex -47.4801 -43.8434 4
    endloop
  endfacet
  facet normal 0 -0 1
    outer loop
      vertex -47.6961 -43.3666 4
      vertex -45.6448 -43.3567 4
      vertex -47.8805 -42.8766 4
    endloop
  endfacet
  facet normal 0 0 1
    outer loop
      vertex -45.8121 -43.7607 4
      vertex -47.4801 -43.8434 4
      vertex -45.837 -43.8674 4
    endloop
  endfacet
  facet normal 0 0 1
    outer loop
      vertex -45.6448 -43.3567 4
      vertex -47.6961 -43.3666 4
      vertex -45.6964 -43.4533 4
    endloop
  endfacet
  facet normal 0 0 1
    outer loop
      vertex -45.7803 -43.6558 4
      vertex -47.4801 -43.8434 4
      vertex -45.8121 -43.7607 4
    endloop
  endfacet
  facet normal 0 0 1
    outer loop
      vertex -45.6964 -43.4533 4
      vertex -47.6961 -43.3666 4
      vertex -45.7417 -43.5532 4
    endloop
  endfacet
  facet normal 0 0 1
    outer loop
      vertex -45.7417 -43.5532 4
      vertex -47.4801 -43.8434 4
      vertex -45.7803 -43.6558 4
    endloop
  endfacet
  facet normal 0 -0 1
    outer loop
      vertex -47.4801 -43.8434 4
      vertex -45.7417 -43.5532 4
      vertex -47.6961 -43.3666 4
    endloop
  endfacet
  facet normal 0 0 1
    outer loop
      vertex 19.9572 1.30806 4
      vertex 19.9646 0.758247 4
      vertex 19.9756 0.744842 4
    endloop
  endfacet
  facet normal 0 0 1
    outer loop
      vertex 19.9572 1.30806 4
      vertex 19.9132 0.813172 4
      vertex 19.9646 0.758247 4
    endloop
  endfacet
  facet normal 0 0 1
    outer loop
      vertex 19.9572 1.30806 4
      vertex 19.8582 0.864615 4
      vertex 19.9132 0.813172 4
    endloop
  endfacet
  facet normal 0 0 1
    outer loop
      vertex 19.3244 1.1279 4
      vertex 19.9572 1.30806 4
      vertex 19.8289 2.61052 4
    endloop
  endfacet
  facet normal 0 0 1
    outer loop
      vertex 19.9572 1.30806 4
      vertex 19.8001 0.912355 4
      vertex 19.8582 0.864615 4
    endloop
  endfacet
  facet normal 0 0 1
    outer loop
      vertex 19.9572 1.30806 4
      vertex 19.7389 0.956189 4
      vertex 19.8001 0.912355 4
    endloop
  endfacet
  facet normal 0 0 1
    outer loop
      vertex 19.9572 1.30806 4
      vertex 19.675 0.995929 4
      vertex 19.7389 0.956189 4
    endloop
  endfacet
  facet normal 0 0 1
    outer loop
      vertex 18.6599 1.06246 4
      vertex 19.8289 2.61052 4
      vertex 19.6157 3.90181 4
    endloop
  endfacet
  facet normal 0 0 1
    outer loop
      vertex 19.9572 1.30806 4
      vertex 19.6086 1.0314 4
      vertex 19.675 0.995929 4
    endloop
  endfacet
  facet normal 0 0 1
    outer loop
      vertex 19.9572 1.30806 4
      vertex 19.5401 1.06246 4
      vertex 19.6086 1.0314 4
    endloop
  endfacet
  facet normal 0 0 1
    outer loop
      vertex 19.9572 1.30806 4
      vertex 19.4697 1.08897 4
      vertex 19.5401 1.06246 4
    endloop
  endfacet
  facet normal 0 0 1
    outer loop
      vertex 19.9572 1.30806 4
      vertex 19.3976 1.11081 4
      vertex 19.4697 1.08897 4
    endloop
  endfacet
  facet normal 0 0 1
    outer loop
      vertex 19.9572 1.30806 4
      vertex 19.3244 1.1279 4
      vertex 19.3976 1.11081 4
    endloop
  endfacet
  facet normal 0 0 1
    outer loop
      vertex 17.075 6.275 4
      vertex 19.6157 3.90181 4
      vertex 19.3185 5.17638 4
    endloop
  endfacet
  facet normal 0 0 1
    outer loop
      vertex 19.8289 2.61052 4
      vertex 19.2501 1.14016 4
      vertex 19.3244 1.1279 4
    endloop
  endfacet
  facet normal 0 0 1
    outer loop
      vertex 19.8289 2.61052 4
      vertex 19.1752 1.14754 4
      vertex 19.2501 1.14016 4
    endloop
  endfacet
  facet normal 0 0 1
    outer loop
      vertex 19.8289 2.61052 4
      vertex 19.1 1.15 4
      vertex 19.1752 1.14754 4
    endloop
  endfacet
  facet normal 0 0 1
    outer loop
      vertex 19.8289 2.61052 4
      vertex 19.0248 1.14754 4
      vertex 19.1 1.15 4
    endloop
  endfacet
  facet normal 0 0 1
    outer loop
      vertex 17.075 6.275 4
      vertex 19.3185 5.17638 4
      vertex 18.9894 6.26144 4
    endloop
  endfacet
  facet normal 0 0 1
    outer loop
      vertex 19.8289 2.61052 4
      vertex 18.9499 1.14016 4
      vertex 19.0248 1.14754 4
    endloop
  endfacet
  facet normal -0 0 1
    outer loop
      vertex 19.9646 -0.758247 4
      vertex 19.9572 -1.30806 4
      vertex 19.9756 -0.744842 4
    endloop
  endfacet
  facet normal -0 0 1
    outer loop
      vertex 19.9132 -0.813172 4
      vertex 19.9572 -1.30806 4
      vertex 19.9646 -0.758247 4
    endloop
  endfacet
  facet normal -0 0 1
    outer loop
      vertex 19.8582 -0.864615 4
      vertex 19.9572 -1.30806 4
      vertex 19.9132 -0.813172 4
    endloop
  endfacet
  facet normal -0 0 1
    outer loop
      vertex 19.8001 -0.912355 4
      vertex 19.9572 -1.30806 4
      vertex 19.8582 -0.864615 4
    endloop
  endfacet
  facet normal -0 0 1
    outer loop
      vertex 19.7389 -0.956189 4
      vertex 19.9572 -1.30806 4
      vertex 19.8001 -0.912355 4
    endloop
  endfacet
  facet normal -0 0 1
    outer loop
      vertex 19.675 -0.995929 4
      vertex 19.9572 -1.30806 4
      vertex 19.7389 -0.956189 4
    endloop
  endfacet
  facet normal -0 0 1
    outer loop
      vertex 19.6086 -1.0314 4
      vertex 19.9572 -1.30806 4
      vertex 19.675 -0.995929 4
    endloop
  endfacet
  facet normal -0 0 1
    outer loop
      vertex 19.5401 -1.06246 4
      vertex 19.9572 -1.30806 4
      vertex 19.6086 -1.0314 4
    endloop
  endfacet
  facet normal -0 0 1
    outer loop
      vertex 19.4697 -1.08897 4
      vertex 19.9572 -1.30806 4
      vertex 19.5401 -1.06246 4
    endloop
  endfacet
  facet normal -0 0 1
    outer loop
      vertex 19.3976 -1.11081 4
      vertex 19.9572 -1.30806 4
      vertex 19.4697 -1.08897 4
    endloop
  endfacet
  facet normal -0 0 1
    outer loop
      vertex 19.3244 -1.1279 4
      vertex 19.9572 -1.30806 4
      vertex 19.3976 -1.11081 4
    endloop
  endfacet
  facet normal 0 0 1
    outer loop
      vertex 19.9572 -1.30806 4
      vertex 19.3244 -1.1279 4
      vertex 19.8289 -2.61052 4
    endloop
  endfacet
  facet normal -0 0 1
    outer loop
      vertex 19.2501 -1.14016 4
      vertex 19.8289 -2.61052 4
      vertex 19.3244 -1.1279 4
    endloop
  endfacet
  facet normal -0 0 1
    outer loop
      vertex 19.1752 -1.14754 4
      vertex 19.8289 -2.61052 4
      vertex 19.2501 -1.14016 4
    endloop
  endfacet
  facet normal -0 0 1
    outer loop
      vertex 19.1 -1.15 4
      vertex 19.8289 -2.61052 4
      vertex 19.1752 -1.14754 4
    endloop
  endfacet
  facet normal 0 0 1
    outer loop
      vertex 19.0248 -1.14754 4
      vertex 19.8289 -2.61052 4
      vertex 19.1 -1.15 4
    endloop
  endfacet
  facet normal 0 0 1
    outer loop
      vertex 18.9499 -1.14016 4
      vertex 19.8289 -2.61052 4
      vertex 19.0248 -1.14754 4
    endloop
  endfacet
  facet normal 0 0 1
    outer loop
      vertex 18.8756 -1.1279 4
      vertex 19.8289 -2.61052 4
      vertex 18.9499 -1.14016 4
    endloop
  endfacet
  facet normal 0 0 1
    outer loop
      vertex 18.8024 -1.11081 4
      vertex 19.8289 -2.61052 4
      vertex 18.8756 -1.1279 4
    endloop
  endfacet
  facet normal 0 0 1
    outer loop
      vertex 18.7303 -1.08897 4
      vertex 19.8289 -2.61052 4
      vertex 18.8024 -1.11081 4
    endloop
  endfacet
  facet normal -0 0 1
    outer loop
      vertex 45.837 -44.521 4
      vertex 46.9568 -44.7496 4
      vertex 45.8548 -44.4128 4
    endloop
  endfacet
  facet normal 0 0 1
    outer loop
      vertex 46.3198 -35.0303 4
      vertex 45.8656 -44.0846 4
      vertex 45.8692 -44.1942 4
    endloop
  endfacet
  facet normal 0 0 1
    outer loop
      vertex 46.3198 -35.0303 4
      vertex 45.8548 -43.9755 4
      vertex 45.8656 -44.0846 4
    endloop
  endfacet
  facet normal 0 0 1
    outer loop
      vertex 46.3198 -35.0303 4
      vertex 45.837 -43.8674 4
      vertex 45.8548 -43.9755 4
    endloop
  endfacet
  facet normal 0 0 1
    outer loop
      vertex 46.3198 -35.0303 4
      vertex 45.8121 -43.7607 4
      vertex 45.837 -43.8674 4
    endloop
  endfacet
  facet normal 0 0 1
    outer loop
      vertex 46.3198 -35.0303 4
      vertex 45.7803 -43.6558 4
      vertex 45.8121 -43.7607 4
    endloop
  endfacet
  facet normal 0 0 1
    outer loop
      vertex 46.3198 -35.0303 4
      vertex 45.7417 -43.5532 4
      vertex 45.7803 -43.6558 4
    endloop
  endfacet
  facet normal 0 0 1
    outer loop
      vertex 46.3198 -35.0303 4
      vertex 45.6964 -43.4533 4
      vertex 45.7417 -43.5532 4
    endloop
  endfacet
  facet normal 0 0 1
    outer loop
      vertex 46.3198 -35.0303 4
      vertex 45.6448 -43.3567 4
      vertex 45.6964 -43.4533 4
    endloop
  endfacet
  facet normal 0 0 1
    outer loop
      vertex 46.3198 -35.0303 4
      vertex 45.5869 -43.2636 4
      vertex 45.6448 -43.3567 4
    endloop
  endfacet
  facet normal 0 0 1
    outer loop
      vertex 46.3198 -35.0303 4
      vertex 45.523 -43.1745 4
      vertex 45.5869 -43.2636 4
    endloop
  endfacet
  facet normal 0 0 1
    outer loop
      vertex 46.3198 -35.0303 4
      vertex 45.4535 -43.0898 4
      vertex 45.523 -43.1745 4
    endloop
  endfacet
  facet normal 0 0 1
    outer loop
      vertex 46.3198 -35.0303 4
      vertex 45.3786 -43.0098 4
      vertex 45.4535 -43.0898 4
    endloop
  endfacet
  facet normal 0 0 1
    outer loop
      vertex 46.3198 -35.0303 4
      vertex 45.2986 -42.9348 4
      vertex 45.3786 -43.0098 4
    endloop
  endfacet
  facet normal 0 0 1
    outer loop
      vertex 46.3198 -35.0303 4
      vertex 45.2138 -42.8653 4
      vertex 45.2986 -42.9348 4
    endloop
  endfacet
  facet normal 0 0 1
    outer loop
      vertex 46.3198 -35.0303 4
      vertex 45.1248 -42.8015 4
      vertex 45.2138 -42.8653 4
    endloop
  endfacet
  facet normal 0 0 1
    outer loop
      vertex 46.3198 -35.0303 4
      vertex 45.0317 -42.7436 4
      vertex 45.1248 -42.8015 4
    endloop
  endfacet
  facet normal 0 0 1
    outer loop
      vertex 46.3198 -35.0303 4
      vertex 44.935 -42.6919 4
      vertex 45.0317 -42.7436 4
    endloop
  endfacet
  facet normal 0 0 1
    outer loop
      vertex 46.3198 -35.0303 4
      vertex 44.8352 -42.6467 4
      vertex 44.935 -42.6919 4
    endloop
  endfacet
  facet normal 0 0 1
    outer loop
      vertex 46.3198 -35.0303 4
      vertex 44.7326 -42.6081 4
      vertex 44.8352 -42.6467 4
    endloop
  endfacet
  facet normal 0 0 1
    outer loop
      vertex 46.3198 -35.0303 4
      vertex 44.6277 -42.5762 4
      vertex 44.7326 -42.6081 4
    endloop
  endfacet
  facet normal 0 0 1
    outer loop
      vertex 46.3198 -35.0303 4
      vertex 44.521 -42.5514 4
      vertex 44.6277 -42.5762 4
    endloop
  endfacet
  facet normal 0 0 1
    outer loop
      vertex 46.3198 -35.0303 4
      vertex 44.4128 -42.5335 4
      vertex 44.521 -42.5514 4
    endloop
  endfacet
  facet normal 0 0 1
    outer loop
      vertex 46.3198 -35.0303 4
      vertex 44.3037 -42.5228 4
      vertex 44.4128 -42.5335 4
    endloop
  endfacet
  facet normal 0 0 1
    outer loop
      vertex 46.3198 -35.0303 4
      vertex 44.1942 -42.5192 4
      vertex 44.3037 -42.5228 4
    endloop
  endfacet
  facet normal 0 0 1
    outer loop
      vertex 46.3198 -35.0303 4
      vertex 44.0846 -42.5228 4
      vertex 44.1942 -42.5192 4
    endloop
  endfacet
  facet normal 0 0 1
    outer loop
      vertex 46.3198 -35.0303 4
      vertex 43.9755 -42.5335 4
      vertex 44.0846 -42.5228 4
    endloop
  endfacet
  facet normal 0 0 1
    outer loop
      vertex 46.3198 -35.0303 4
      vertex 43.8674 -42.5514 4
      vertex 43.9755 -42.5335 4
    endloop
  endfacet
  facet normal 0 0 1
    outer loop
      vertex 45.9619 -34.6482 4
      vertex 43.7607 -42.5762 4
      vertex 43.8674 -42.5514 4
    endloop
  endfacet
  facet normal 0 0 1
    outer loop
      vertex 45.9619 -34.6482 4
      vertex 43.6558 -42.6081 4
      vertex 43.7607 -42.5762 4
    endloop
  endfacet
  facet normal 0 0 1
    outer loop
      vertex 45.9619 -34.6482 4
      vertex 43.5532 -42.6467 4
      vertex 43.6558 -42.6081 4
    endloop
  endfacet
  facet normal 0 0 1
    outer loop
      vertex 45.9619 -34.6482 4
      vertex 43.4533 -42.6919 4
      vertex 43.5532 -42.6467 4
    endloop
  endfacet
  facet normal 0 0 1
    outer loop
      vertex 45.9619 -34.6482 4
      vertex 43.3567 -42.7436 4
      vertex 43.4533 -42.6919 4
    endloop
  endfacet
  facet normal 0 0 1
    outer loop
      vertex 45.9619 -34.6482 4
      vertex 43.2636 -42.8015 4
      vertex 43.3567 -42.7436 4
    endloop
  endfacet
  facet normal 0 0 1
    outer loop
      vertex 45.9619 -34.6482 4
      vertex 43.1745 -42.8653 4
      vertex 43.2636 -42.8015 4
    endloop
  endfacet
  facet normal 0 0 1
    outer loop
      vertex 45.9619 -34.6482 4
      vertex 43.0898 -42.9348 4
      vertex 43.1745 -42.8653 4
    endloop
  endfacet
  facet normal 0 0 1
    outer loop
      vertex 45.9619 -34.6482 4
      vertex 43.0098 -43.0098 4
      vertex 43.0898 -42.9348 4
    endloop
  endfacet
  facet normal 0 0 1
    outer loop
      vertex 34.6482 -45.9619 4
      vertex 43.0098 -43.0098 4
      vertex 45.9619 -34.6482 4
    endloop
  endfacet
  facet normal 0 0 1
    outer loop
      vertex 43.0098 -43.0098 4
      vertex 34.6482 -45.9619 4
      vertex 42.9348 -43.0898 4
    endloop
  endfacet
  facet normal 0 0 1
    outer loop
      vertex 42.9348 -43.0898 4
      vertex 34.6482 -45.9619 4
      vertex 42.8653 -43.1745 4
    endloop
  endfacet
  facet normal 0 0 1
    outer loop
      vertex 42.8653 -43.1745 4
      vertex 34.6482 -45.9619 4
      vertex 42.8015 -43.2636 4
    endloop
  endfacet
  facet normal 0 0 1
    outer loop
      vertex 42.8015 -43.2636 4
      vertex 34.6482 -45.9619 4
      vertex 42.7436 -43.3567 4
    endloop
  endfacet
  facet normal 0 0 1
    outer loop
      vertex 42.7436 -43.3567 4
      vertex 34.6482 -45.9619 4
      vertex 42.6919 -43.4533 4
    endloop
  endfacet
  facet normal 0 0 1
    outer loop
      vertex 42.6919 -43.4533 4
      vertex 34.6482 -45.9619 4
      vertex 42.6467 -43.5532 4
    endloop
  endfacet
  facet normal 0 0 1
    outer loop
      vertex 37.2436 -47.6961 4
      vertex 42.5192 -44.1942 4
      vertex 42.5228 -44.0846 4
    endloop
  endfacet
  facet normal 0 0 1
    outer loop
      vertex 42.5192 -44.1942 4
      vertex 41.8658 -48.1514 4
      vertex 42.3756 -48.0325 4
    endloop
  endfacet
  facet normal 0 0 1
    outer loop
      vertex 36.3051 -47.2333 4
      vertex 42.5228 -44.0846 4
      vertex 42.5335 -43.9755 4
    endloop
  endfacet
  facet normal 0 0 1
    outer loop
      vertex 42.5192 -44.1942 4
      vertex 41.3493 -48.2366 4
      vertex 41.8658 -48.1514 4
    endloop
  endfacet
  facet normal 0 0 1
    outer loop
      vertex 35.8605 -46.9568 4
      vertex 42.5335 -43.9755 4
      vertex 42.5514 -43.8674 4
    endloop
  endfacet
  facet normal 0 0 1
    outer loop
      vertex 35.0303 -46.3198 4
      vertex 42.5514 -43.8674 4
      vertex 42.5762 -43.7607 4
    endloop
  endfacet
  facet normal 0 0 1
    outer loop
      vertex 42.5192 -44.1942 4
      vertex 40.8283 -48.288 4
      vertex 41.3493 -48.2366 4
    endloop
  endfacet
  facet normal 0 0 1
    outer loop
      vertex 34.6482 -45.9619 4
      vertex 42.5762 -43.7607 4
      vertex 42.6081 -43.6558 4
    endloop
  endfacet
  facet normal 0 0 1
    outer loop
      vertex 42.6467 -43.5532 4
      vertex 34.6482 -45.9619 4
      vertex 42.6081 -43.6558 4
    endloop
  endfacet
  facet normal 0 0 1
    outer loop
      vertex 42.5192 -44.1942 4
      vertex 40.3051 -48.3051 4
      vertex 40.8283 -48.288 4
    endloop
  endfacet
  facet normal 0 0 1
    outer loop
      vertex 42.5192 -44.1942 4
      vertex 39.7819 -48.288 4
      vertex 40.3051 -48.3051 4
    endloop
  endfacet
  facet normal 0 0 1
    outer loop
      vertex 42.5192 -44.1942 4
      vertex 39.2609 -48.2366 4
      vertex 39.7819 -48.288 4
    endloop
  endfacet
  facet normal 0 0 1
    outer loop
      vertex 42.5192 -44.1942 4
      vertex 38.7444 -48.1514 4
      vertex 39.2609 -48.2366 4
    endloop
  endfacet
  facet normal 0 0 1
    outer loop
      vertex 42.5192 -44.1942 4
      vertex 38.2345 -48.0325 4
      vertex 38.7444 -48.1514 4
    endloop
  endfacet
  facet normal 0 0 1
    outer loop
      vertex 42.5192 -44.1942 4
      vertex 37.7336 -47.8805 4
      vertex 38.2345 -48.0325 4
    endloop
  endfacet
  facet normal 0 0 1
    outer loop
      vertex 42.5192 -44.1942 4
      vertex 37.2436 -47.6961 4
      vertex 37.7336 -47.8805 4
    endloop
  endfacet
  facet normal 0 0 1
    outer loop
      vertex 42.5228 -44.0846 4
      vertex 36.7668 -47.4801 4
      vertex 37.2436 -47.6961 4
    endloop
  endfacet
  facet normal 0 0 1
    outer loop
      vertex 42.5228 -44.0846 4
      vertex 36.3051 -47.2333 4
      vertex 36.7668 -47.4801 4
    endloop
  endfacet
  facet normal 0 0 1
    outer loop
      vertex 42.5335 -43.9755 4
      vertex 35.8605 -46.9568 4
      vertex 36.3051 -47.2333 4
    endloop
  endfacet
  facet normal 0 0 1
    outer loop
      vertex 42.5514 -43.8674 4
      vertex 35.435 -46.6519 4
      vertex 35.8605 -46.9568 4
    endloop
  endfacet
  facet normal 0 0 1
    outer loop
      vertex 42.5514 -43.8674 4
      vertex 35.0303 -46.3198 4
      vertex 35.435 -46.6519 4
    endloop
  endfacet
  facet normal 0 0 1
    outer loop
      vertex 42.5762 -43.7607 4
      vertex 34.6482 -45.9619 4
      vertex 35.0303 -46.3198 4
    endloop
  endfacet
  facet normal 0 0 1
    outer loop
      vertex 18.9894 -6.26144 4
      vertex 45.9619 -34.6482 4
      vertex 46.669 -33.9411 4
    endloop
  endfacet
  facet normal 0 0 1
    outer loop
      vertex 45.9619 -34.6482 4
      vertex 18.9894 -6.26144 4
      vertex 34.6482 -45.9619 4
    endloop
  endfacet
  facet normal -0 0 1
    outer loop
      vertex 6.26144 -18.9894 4
      vertex 34.6482 -45.9619 4
      vertex 18.9894 -6.26144 4
    endloop
  endfacet
  facet normal 0 0 1
    outer loop
      vertex 18.6599 -1.06246 4
      vertex 19.8289 -2.61052 4
      vertex 18.7303 -1.08897 4
    endloop
  endfacet
  facet normal 0 0 1
    outer loop
      vertex 19.8289 -2.61052 4
      vertex 18.6599 -1.06246 4
      vertex 19.6157 -3.90181 4
    endloop
  endfacet
  facet normal 0 0 1
    outer loop
      vertex 18.5914 -1.0314 4
      vertex 19.6157 -3.90181 4
      vertex 18.6599 -1.06246 4
    endloop
  endfacet
  facet normal 0 0 1
    outer loop
      vertex 18.525 -0.995929 4
      vertex 19.6157 -3.90181 4
      vertex 18.5914 -1.0314 4
    endloop
  endfacet
  facet normal 0 0 1
    outer loop
      vertex 18.4611 -0.956189 4
      vertex 19.6157 -3.90181 4
      vertex 18.525 -0.995929 4
    endloop
  endfacet
  facet normal 0 0 1
    outer loop
      vertex 19.6157 -3.90181 4
      vertex 17.075 -6.275 4
      vertex 19.3185 -5.17638 4
    endloop
  endfacet
  facet normal 0 0 1
    outer loop
      vertex 19.6157 -3.90181 4
      vertex 18.4611 -0.956189 4
      vertex 17.075 -6.275 4
    endloop
  endfacet
  facet normal 0 0 1
    outer loop
      vertex 17.075 -6.275 4
      vertex 18.4611 -0.956189 4
      vertex 18.3999 -0.912355 4
    endloop
  endfacet
  facet normal 0 0 1
    outer loop
      vertex 17.075 -6.275 4
      vertex 18.3999 -0.912355 4
      vertex 18.3418 -0.864615 4
    endloop
  endfacet
  facet normal 0 0 1
    outer loop
      vertex 17.075 -6.275 4
      vertex 18.3418 -0.864615 4
      vertex 18.2868 -0.813172 4
    endloop
  endfacet
  facet normal 0 0 1
    outer loop
      vertex 17.075 -6.275 4
      vertex 18.2868 -0.813172 4
      vertex 18.2354 -0.758247 4
    endloop
  endfacet
  facet normal 0 0 1
    outer loop
      vertex 17.075 -6.275 4
      vertex 18.2354 -0.758247 4
      vertex 18.1876 -0.700075 4
    endloop
  endfacet
  facet normal 0 0 1
    outer loop
      vertex 17.075 -6.275 4
      vertex 18.1876 -0.700075 4
      vertex 18.1438 -0.638906 4
    endloop
  endfacet
  facet normal 0 0 1
    outer loop
      vertex 17.075 -6.275 4
      vertex 18.1438 -0.638906 4
      vertex 18.1041 -0.575 4
    endloop
  endfacet
  facet normal 0 0 1
    outer loop
      vertex 17.075 -6.275 4
      vertex 18.1041 -0.575 4
      vertex 18.0686 -0.508632 4
    endloop
  endfacet
  facet normal 0 0 1
    outer loop
      vertex 17.075 -6.275 4
      vertex 18.0686 -0.508632 4
      vertex 18.0375 -0.440085 4
    endloop
  endfacet
  facet normal 0 0 1
    outer loop
      vertex 17.075 -6.275 4
      vertex 18.0375 -0.440085 4
      vertex 18.011 -0.369655 4
    endloop
  endfacet
  facet normal 0 0 1
    outer loop
      vertex 17.075 -6.275 4
      vertex 18.011 -0.369655 4
      vertex 17.9892 -0.297642 4
    endloop
  endfacet
  facet normal 0 0 1
    outer loop
      vertex 17.075 -6.275 4
      vertex 17.9892 -0.297642 4
      vertex 17.9721 -0.224354 4
    endloop
  endfacet
  facet normal 0 0 1
    outer loop
      vertex 17.075 -6.275 4
      vertex 17.95 0 4
      vertex 17.075 6.275 4
    endloop
  endfacet
  facet normal 0 0 1
    outer loop
      vertex 17.95 0 4
      vertex 17.075 -6.275 4
      vertex 17.9525 -0.0752134 4
    endloop
  endfacet
  facet normal 0 0 1
    outer loop
      vertex 17.9525 -0.0752134 4
      vertex 17.075 -6.275 4
      vertex 17.9598 -0.150105 4
    endloop
  endfacet
  facet normal 0 0 1
    outer loop
      vertex 17.075 -6.275 4
      vertex 17.9721 -0.224354 4
      vertex 17.9598 -0.150105 4
    endloop
  endfacet
  facet normal 0 0 1
    outer loop
      vertex 19.3185 -5.17638 4
      vertex 17.075 -6.275 4
      vertex 18.9894 -6.26144 4
    endloop
  endfacet
  facet normal 0 0 1
    outer loop
      vertex 6.26144 -18.9894 4
      vertex 18.9894 -6.26144 4
      vertex 17.075 -6.275 4
    endloop
  endfacet
  facet normal 0 0 1
    outer loop
      vertex 34.6482 -45.9619 4
      vertex 6.26144 -18.9894 4
      vertex 33.9411 -46.669 4
    endloop
  endfacet
  facet normal -0 0 1
    outer loop
      vertex -6.075 -6.275 4
      vertex 6.26144 -18.9894 4
      vertex 17.075 -6.275 4
    endloop
  endfacet
  facet normal 0 0 1
    outer loop
      vertex 6.26144 -18.9894 4
      vertex -6.075 -6.275 4
      vertex 5.17638 -19.3185 4
    endloop
  endfacet
  facet normal 0 0 1
    outer loop
      vertex 5.17638 -19.3185 4
      vertex -6.075 -6.275 4
      vertex 3.90181 -19.6157 4
    endloop
  endfacet
  facet normal 0 0 1
    outer loop
      vertex 3.90181 -19.6157 4
      vertex -6.075 -6.275 4
      vertex 2.61052 -19.8289 4
    endloop
  endfacet
  facet normal 0 0 1
    outer loop
      vertex 2.61052 -19.8289 4
      vertex -6.075 -6.275 4
      vertex 1.30806 -19.9572 4
    endloop
  endfacet
  facet normal 0 0 1
    outer loop
      vertex 1.30806 -19.9572 4
      vertex -6.075 -6.275 4
      vertex 0 -20 4
    endloop
  endfacet
  facet normal 0 0 1
    outer loop
      vertex 0 -20 4
      vertex -6.075 -6.275 4
      vertex -1.30806 -19.9572 4
    endloop
  endfacet
  facet normal 0 0 1
    outer loop
      vertex -1.30806 -19.9572 4
      vertex -6.075 -6.275 4
      vertex -2.61052 -19.8289 4
    endloop
  endfacet
  facet normal 0 0 1
    outer loop
      vertex -2.61052 -19.8289 4
      vertex -6.075 -6.275 4
      vertex -3.90181 -19.6157 4
    endloop
  endfacet
  facet normal 0 0 1
    outer loop
      vertex -3.90181 -19.6157 4
      vertex -6.075 -6.275 4
      vertex -5.17638 -19.3185 4
    endloop
  endfacet
  facet normal 0 0 1
    outer loop
      vertex -6.075 -6.275 4
      vertex -6.26144 -18.9894 4
      vertex -5.17638 -19.3185 4
    endloop
  endfacet
  facet normal 0 -0 1
    outer loop
      vertex -6.95 0 4
      vertex -6.075 6.275 4
      vertex -6.95246 0.0752134 4
    endloop
  endfacet
  facet normal -0 0 1
    outer loop
      vertex -6.95246 -0.0752134 4
      vertex -6.075 -6.275 4
      vertex -6.95 0 4
    endloop
  endfacet
  facet normal 0 0 1
    outer loop
      vertex -6.075 6.275 4
      vertex -6.95 0 4
      vertex -6.075 -6.275 4
    endloop
  endfacet
  facet normal 0 0 1
    outer loop
      vertex -6.26144 18.9894 4
      vertex -6.95984 0.150105 4
      vertex -6.95246 0.0752134 4
    endloop
  endfacet
  facet normal 0 0 1
    outer loop
      vertex -6.26144 18.9894 4
      vertex -6.9721 0.224354 4
      vertex -6.95984 0.150105 4
    endloop
  endfacet
  facet normal 0 0 1
    outer loop
      vertex -6.26144 18.9894 4
      vertex -6.98918 0.297642 4
      vertex -6.9721 0.224354 4
    endloop
  endfacet
  facet normal 0 0 1
    outer loop
      vertex -6.26144 18.9894 4
      vertex -7.01103 0.369655 4
      vertex -6.98918 0.297642 4
    endloop
  endfacet
  facet normal 0 0 1
    outer loop
      vertex -6.26144 18.9894 4
      vertex -7.03754 0.440085 4
      vertex -7.01103 0.369655 4
    endloop
  endfacet
  facet normal 0 0 1
    outer loop
      vertex -6.26144 18.9894 4
      vertex -7.0686 0.508632 4
      vertex -7.03754 0.440085 4
    endloop
  endfacet
  facet normal 0 0 1
    outer loop
      vertex -6.26144 18.9894 4
      vertex -7.10407 0.575 4
      vertex -7.0686 0.508632 4
    endloop
  endfacet
  facet normal 0 0 1
    outer loop
      vertex -6.26144 18.9894 4
      vertex -7.14381 0.638906 4
      vertex -7.10407 0.575 4
    endloop
  endfacet
  facet normal 0 0 1
    outer loop
      vertex -6.26144 18.9894 4
      vertex -7.18764 0.700075 4
      vertex -7.14381 0.638906 4
    endloop
  endfacet
  facet normal 0 0 1
    outer loop
      vertex -6.26144 18.9894 4
      vertex -7.23538 0.758247 4
      vertex -7.18764 0.700075 4
    endloop
  endfacet
  facet normal 0 0 1
    outer loop
      vertex -6.26144 18.9894 4
      vertex -7.28683 0.813172 4
      vertex -7.23538 0.758247 4
    endloop
  endfacet
  facet normal 0 0 1
    outer loop
      vertex -6.26144 18.9894 4
      vertex -7.34175 0.864615 4
      vertex -7.28683 0.813172 4
    endloop
  endfacet
  facet normal 0 0 1
    outer loop
      vertex -6.26144 18.9894 4
      vertex -7.39992 0.912355 4
      vertex -7.34175 0.864615 4
    endloop
  endfacet
  facet normal 0 0 1
    outer loop
      vertex -6.26144 18.9894 4
      vertex -7.46109 0.956189 4
      vertex -7.39992 0.912355 4
    endloop
  endfacet
  facet normal 0 0 1
    outer loop
      vertex -6.26144 18.9894 4
      vertex -7.525 0.995929 4
      vertex -7.46109 0.956189 4
    endloop
  endfacet
  facet normal 0 0 1
    outer loop
      vertex -6.26144 18.9894 4
      vertex -7.59137 1.0314 4
      vertex -7.525 0.995929 4
    endloop
  endfacet
  facet normal 0 0 1
    outer loop
      vertex -6.26144 18.9894 4
      vertex -7.65991 1.06246 4
      vertex -7.59137 1.0314 4
    endloop
  endfacet
  facet normal 0 0 1
    outer loop
      vertex -6.26144 18.9894 4
      vertex -7.73034 1.08897 4
      vertex -7.65991 1.06246 4
    endloop
  endfacet
  facet normal 0 0 1
    outer loop
      vertex -6.26144 18.9894 4
      vertex -7.80236 1.11081 4
      vertex -7.73034 1.08897 4
    endloop
  endfacet
  facet normal 0 0 1
    outer loop
      vertex -6.26144 18.9894 4
      vertex -7.87565 1.1279 4
      vertex -7.80236 1.11081 4
    endloop
  endfacet
  facet normal 0 0 1
    outer loop
      vertex -6.26144 18.9894 4
      vertex -7.94989 1.14016 4
      vertex -7.87565 1.1279 4
    endloop
  endfacet
  facet normal 0 0 1
    outer loop
      vertex -6.26144 18.9894 4
      vertex -8.02479 1.14754 4
      vertex -7.94989 1.14016 4
    endloop
  endfacet
  facet normal 0 0 1
    outer loop
      vertex -6.26144 18.9894 4
      vertex -8.1 1.15 4
      vertex -8.02479 1.14754 4
    endloop
  endfacet
  facet normal 0 0 1
    outer loop
      vertex -6.26144 18.9894 4
      vertex -8.17521 1.14754 4
      vertex -8.1 1.15 4
    endloop
  endfacet
  facet normal 0 0 1
    outer loop
      vertex -6.26144 18.9894 4
      vertex -8.2501 1.14016 4
      vertex -8.17521 1.14754 4
    endloop
  endfacet
  facet normal 0 0 1
    outer loop
      vertex -6.26144 18.9894 4
      vertex -8.32435 1.1279 4
      vertex -8.2501 1.14016 4
    endloop
  endfacet
  facet normal -0 0 1
    outer loop
      vertex -18.9894 6.26144 4
      vertex -8.32435 1.1279 4
      vertex -6.26144 18.9894 4
    endloop
  endfacet
  facet normal 0 0 1
    outer loop
      vertex -8.32435 1.1279 4
      vertex -18.9894 6.26144 4
      vertex -8.39764 1.11081 4
    endloop
  endfacet
  facet normal 0 0 1
    outer loop
      vertex -8.39764 1.11081 4
      vertex -18.9894 6.26144 4
      vertex -8.46966 1.08897 4
    endloop
  endfacet
  facet normal 0 0 1
    outer loop
      vertex -8.46966 1.08897 4
      vertex -18.9894 6.26144 4
      vertex -8.54009 1.06246 4
    endloop
  endfacet
  facet normal 0 0 1
    outer loop
      vertex -8.54009 1.06246 4
      vertex -18.9894 6.26144 4
      vertex -8.60863 1.0314 4
    endloop
  endfacet
  facet normal 0 0 1
    outer loop
      vertex -8.60863 1.0314 4
      vertex -18.9894 6.26144 4
      vertex -8.675 0.995929 4
    endloop
  endfacet
  facet normal 0 0 1
    outer loop
      vertex -8.675 0.995929 4
      vertex -18.9894 6.26144 4
      vertex -8.7389 0.956189 4
    endloop
  endfacet
  facet normal 0 0 1
    outer loop
      vertex -8.7389 0.956189 4
      vertex -18.9894 6.26144 4
      vertex -8.80008 0.912355 4
    endloop
  endfacet
  facet normal 0 0 1
    outer loop
      vertex -8.80008 0.912355 4
      vertex -18.9894 6.26144 4
      vertex -8.85825 0.864615 4
    endloop
  endfacet
  facet normal 0 0 1
    outer loop
      vertex -8.85825 0.864615 4
      vertex -18.9894 6.26144 4
      vertex -8.91317 0.813172 4
    endloop
  endfacet
  facet normal 0 0 1
    outer loop
      vertex -8.91317 0.813172 4
      vertex -18.9894 6.26144 4
      vertex -8.96461 0.758247 4
    endloop
  endfacet
  facet normal 0 0 1
    outer loop
      vertex -8.96461 0.758247 4
      vertex -18.9894 6.26144 4
      vertex -9.01236 0.700075 4
    endloop
  endfacet
  facet normal 0 0 1
    outer loop
      vertex -9.01236 0.700075 4
      vertex -18.9894 6.26144 4
      vertex -9.05619 0.638906 4
    endloop
  endfacet
  facet normal -0 0 1
    outer loop
      vertex -19.3185 5.17638 4
      vertex -9.05619 0.638906 4
      vertex -18.9894 6.26144 4
    endloop
  endfacet
  facet normal 0 0 1
    outer loop
      vertex -9.05619 0.638906 4
      vertex -19.3185 5.17638 4
      vertex -9.09593 0.575 4
    endloop
  endfacet
  facet normal -0 0 1
    outer loop
      vertex -19.6157 3.90181 4
      vertex -9.09593 0.575 4
      vertex -19.3185 5.17638 4
    endloop
  endfacet
  facet normal 0 0 1
    outer loop
      vertex -9.09593 0.575 4
      vertex -19.6157 3.90181 4
      vertex -9.1314 0.508632 4
    endloop
  endfacet
  facet normal 0 0 1
    outer loop
      vertex -9.1314 0.508632 4
      vertex -19.6157 3.90181 4
      vertex -9.16246 0.440085 4
    endloop
  endfacet
  facet normal 0 0 1
    outer loop
      vertex -9.16246 0.440085 4
      vertex -19.6157 3.90181 4
      vertex -9.18897 0.369655 4
    endloop
  endfacet
  facet normal 0 0 1
    outer loop
      vertex -9.21081 0.297642 4
      vertex -19.8289 2.61052 4
      vertex -9.2279 0.224354 4
    endloop
  endfacet
  facet normal 0 0 1
    outer loop
      vertex -9.18897 0.369655 4
      vertex -19.8289 2.61052 4
      vertex -9.21081 0.297642 4
    endloop
  endfacet
  facet normal -0 0 1
    outer loop
      vertex -19.8289 2.61052 4
      vertex -9.18897 0.369655 4
      vertex -19.6157 3.90181 4
    endloop
  endfacet
  facet normal -0 0 1
    outer loop
      vertex -34.6482 45.9619 4
      vertex -6.26144 18.9894 4
      vertex -33.9411 46.669 4
    endloop
  endfacet
  facet normal 0 0 1
    outer loop
      vertex -6.26144 18.9894 4
      vertex -34.6482 45.9619 4
      vertex -18.9894 6.26144 4
    endloop
  endfacet
  facet normal 0 0 1
    outer loop
      vertex -42.5762 43.7607 4
      vertex -34.6482 45.9619 4
      vertex -35.0303 46.3198 4
    endloop
  endfacet
  facet normal 0 0 1
    outer loop
      vertex -42.5514 43.8674 4
      vertex -35.0303 46.3198 4
      vertex -35.435 46.6519 4
    endloop
  endfacet
  facet normal 0 0 1
    outer loop
      vertex -42.5514 43.8674 4
      vertex -35.435 46.6519 4
      vertex -35.8605 46.9568 4
    endloop
  endfacet
  facet normal 0 0 1
    outer loop
      vertex -42.5335 43.9755 4
      vertex -35.8605 46.9568 4
      vertex -36.3051 47.2333 4
    endloop
  endfacet
  facet normal 0 0 1
    outer loop
      vertex -42.5228 44.0846 4
      vertex -36.3051 47.2333 4
      vertex -36.7668 47.4801 4
    endloop
  endfacet
  facet normal 0 0 1
    outer loop
      vertex -42.5228 44.0846 4
      vertex -36.7668 47.4801 4
      vertex -37.2436 47.6961 4
    endloop
  endfacet
  facet normal 0 0 1
    outer loop
      vertex -42.5192 44.1942 4
      vertex -37.2436 47.6961 4
      vertex -37.7336 47.8805 4
    endloop
  endfacet
  facet normal 0 0 1
    outer loop
      vertex -42.5228 44.3037 4
      vertex -37.7336 47.8805 4
      vertex -38.2345 48.0325 4
    endloop
  endfacet
  facet normal 0 0 1
    outer loop
      vertex -42.5228 44.3037 4
      vertex -38.2345 48.0325 4
      vertex -38.7444 48.1514 4
    endloop
  endfacet
  facet normal 0 0 1
    outer loop
      vertex -42.5228 44.3037 4
      vertex -38.7444 48.1514 4
      vertex -39.2609 48.2366 4
    endloop
  endfacet
  facet normal 0 0 1
    outer loop
      vertex -42.5228 44.3037 4
      vertex -39.2609 48.2366 4
      vertex -39.7819 48.288 4
    endloop
  endfacet
  facet normal 0 0 1
    outer loop
      vertex -42.5228 44.3037 4
      vertex -39.7819 48.288 4
      vertex -40.3051 48.3051 4
    endloop
  endfacet
  facet normal 0 0 1
    outer loop
      vertex -42.5228 44.3037 4
      vertex -40.3051 48.3051 4
      vertex -40.8283 48.288 4
    endloop
  endfacet
  facet normal 0 0 1
    outer loop
      vertex -42.5228 44.3037 4
      vertex -40.8283 48.288 4
      vertex -41.3493 48.2366 4
    endloop
  endfacet
  facet normal 0 0 1
    outer loop
      vertex -42.5228 44.3037 4
      vertex -41.3493 48.2366 4
      vertex -41.8658 48.1514 4
    endloop
  endfacet
  facet normal 0 0 1
    outer loop
      vertex -42.9348 45.2986 4
      vertex -41.8658 48.1514 4
      vertex -42.3756 48.0325 4
    endloop
  endfacet
  facet normal 0 0 1
    outer loop
      vertex -37.2436 47.6961 4
      vertex -42.5192 44.1942 4
      vertex -42.5228 44.0846 4
    endloop
  endfacet
  facet normal 0 0 1
    outer loop
      vertex -36.3051 47.2333 4
      vertex -42.5228 44.0846 4
      vertex -42.5335 43.9755 4
    endloop
  endfacet
  facet normal 0 0 1
    outer loop
      vertex -35.8605 46.9568 4
      vertex -42.5335 43.9755 4
      vertex -42.5514 43.8674 4
    endloop
  endfacet
  facet normal 0 0 1
    outer loop
      vertex -35.0303 46.3198 4
      vertex -42.5514 43.8674 4
      vertex -42.5762 43.7607 4
    endloop
  endfacet
  facet normal 0 0 1
    outer loop
      vertex -34.6482 45.9619 4
      vertex -42.5762 43.7607 4
      vertex -42.6081 43.6558 4
    endloop
  endfacet
  facet normal 0 0 1
    outer loop
      vertex -34.6482 45.9619 4
      vertex -42.6081 43.6558 4
      vertex -42.6467 43.5532 4
    endloop
  endfacet
  facet normal 0 0 1
    outer loop
      vertex -34.6482 45.9619 4
      vertex -42.6467 43.5532 4
      vertex -42.6919 43.4533 4
    endloop
  endfacet
  facet normal 0 0 1
    outer loop
      vertex -34.6482 45.9619 4
      vertex -42.6919 43.4533 4
      vertex -42.7436 43.3567 4
    endloop
  endfacet
  facet normal 0 0 1
    outer loop
      vertex -34.6482 45.9619 4
      vertex -42.7436 43.3567 4
      vertex -42.8015 43.2636 4
    endloop
  endfacet
  facet normal 0 0 1
    outer loop
      vertex -34.6482 45.9619 4
      vertex -42.8015 43.2636 4
      vertex -42.8653 43.1745 4
    endloop
  endfacet
  facet normal 0 0 1
    outer loop
      vertex -34.6482 45.9619 4
      vertex -42.8653 43.1745 4
      vertex -42.9348 43.0898 4
    endloop
  endfacet
  facet normal 0 0 1
    outer loop
      vertex -34.6482 45.9619 4
      vertex -42.9348 43.0898 4
      vertex -43.0098 43.0098 4
    endloop
  endfacet
  facet normal 0 0 1
    outer loop
      vertex -34.6482 45.9619 4
      vertex -43.0098 43.0098 4
      vertex -45.9619 34.6482 4
    endloop
  endfacet
  facet normal 0 0 1
    outer loop
      vertex -45.9619 34.6482 4
      vertex -43.0098 43.0098 4
      vertex -43.0898 42.9348 4
    endloop
  endfacet
  facet normal 0 0 1
    outer loop
      vertex -45.9619 34.6482 4
      vertex -43.0898 42.9348 4
      vertex -43.1745 42.8653 4
    endloop
  endfacet
  facet normal 0 0 1
    outer loop
      vertex -45.9619 34.6482 4
      vertex -43.1745 42.8653 4
      vertex -43.2636 42.8015 4
    endloop
  endfacet
  facet normal 0 0 1
    outer loop
      vertex -45.9619 34.6482 4
      vertex -43.2636 42.8015 4
      vertex -43.3567 42.7436 4
    endloop
  endfacet
  facet normal 0 0 1
    outer loop
      vertex -45.9619 34.6482 4
      vertex -43.3567 42.7436 4
      vertex -43.4533 42.6919 4
    endloop
  endfacet
  facet normal 0 0 1
    outer loop
      vertex -45.9619 34.6482 4
      vertex -43.4533 42.6919 4
      vertex -43.5532 42.6467 4
    endloop
  endfacet
  facet normal 0 0 1
    outer loop
      vertex -45.9619 34.6482 4
      vertex -43.5532 42.6467 4
      vertex -43.6558 42.6081 4
    endloop
  endfacet
  facet normal 0 0 1
    outer loop
      vertex -45.9619 34.6482 4
      vertex -43.6558 42.6081 4
      vertex -43.7607 42.5762 4
    endloop
  endfacet
  facet normal 0 0 1
    outer loop
      vertex -45.9619 34.6482 4
      vertex -43.7607 42.5762 4
      vertex -43.8674 42.5514 4
    endloop
  endfacet
  facet normal 0 0 1
    outer loop
      vertex -45.9619 34.6482 4
      vertex -43.8674 42.5514 4
      vertex -43.9755 42.5335 4
    endloop
  endfacet
  facet normal 0 0 1
    outer loop
      vertex -45.9619 34.6482 4
      vertex -43.9755 42.5335 4
      vertex -44.0846 42.5228 4
    endloop
  endfacet
  facet normal 0 0 1
    outer loop
      vertex -45.9619 34.6482 4
      vertex -44.0846 42.5228 4
      vertex -44.1942 42.5192 4
    endloop
  endfacet
  facet normal 0 0 1
    outer loop
      vertex -45.9619 34.6482 4
      vertex -44.1942 42.5192 4
      vertex -44.3037 42.5228 4
    endloop
  endfacet
  facet normal 0 0 1
    outer loop
      vertex -45.9619 34.6482 4
      vertex -44.3037 42.5228 4
      vertex -44.4128 42.5335 4
    endloop
  endfacet
  facet normal 0 0 1
    outer loop
      vertex -45.9619 34.6482 4
      vertex -44.4128 42.5335 4
      vertex -44.521 42.5514 4
    endloop
  endfacet
  facet normal 0 0 1
    outer loop
      vertex -45.9619 34.6482 4
      vertex -44.521 42.5514 4
      vertex -44.6277 42.5762 4
    endloop
  endfacet
  facet normal 0 0 1
    outer loop
      vertex -45.9619 34.6482 4
      vertex -44.6277 42.5762 4
      vertex -44.7326 42.6081 4
    endloop
  endfacet
  facet normal 0 0 1
    outer loop
      vertex -45.9619 34.6482 4
      vertex -44.7326 42.6081 4
      vertex -44.8352 42.6467 4
    endloop
  endfacet
  facet normal 0 0 1
    outer loop
      vertex -45.9619 34.6482 4
      vertex -44.8352 42.6467 4
      vertex -44.935 42.6919 4
    endloop
  endfacet
  facet normal 0 0 1
    outer loop
      vertex -45.9619 34.6482 4
      vertex -44.935 42.6919 4
      vertex -45.0317 42.7436 4
    endloop
  endfacet
  facet normal 0 0 1
    outer loop
      vertex -45.9619 34.6482 4
      vertex -45.0317 42.7436 4
      vertex -45.1248 42.8015 4
    endloop
  endfacet
  facet normal 0 0 1
    outer loop
      vertex -45.9619 34.6482 4
      vertex -45.1248 42.8015 4
      vertex -45.2138 42.8653 4
    endloop
  endfacet
  facet normal 0 0 1
    outer loop
      vertex -45.9619 34.6482 4
      vertex -45.2138 42.8653 4
      vertex -45.2986 42.9348 4
    endloop
  endfacet
  facet normal 0 0 1
    outer loop
      vertex -45.9619 34.6482 4
      vertex -45.2986 42.9348 4
      vertex -45.3786 43.0098 4
    endloop
  endfacet
  facet normal 0 0 1
    outer loop
      vertex -45.9619 34.6482 4
      vertex -45.3786 43.0098 4
      vertex -45.4535 43.0898 4
    endloop
  endfacet
  facet normal 0 0 1
    outer loop
      vertex -45.9619 34.6482 4
      vertex -45.4535 43.0898 4
      vertex -45.523 43.1745 4
    endloop
  endfacet
  facet normal 0 0 1
    outer loop
      vertex -45.837 44.521 4
      vertex -46.9568 44.7496 4
      vertex -45.8548 44.4128 4
    endloop
  endfacet
  facet normal 0 0 1
    outer loop
      vertex -45.8548 44.4128 4
      vertex -46.9568 44.7496 4
      vertex -45.8656 44.3037 4
    endloop
  endfacet
  facet normal 0 0 1
    outer loop
      vertex -45.8656 44.3037 4
      vertex -46.9568 44.7496 4
      vertex -45.8692 44.1942 4
    endloop
  endfacet
  facet normal -0 0 1
    outer loop
      vertex -47.2333 44.3051 4
      vertex -45.8692 44.1942 4
      vertex -46.9568 44.7496 4
    endloop
  endfacet
  facet normal 0 0 1
    outer loop
      vertex -45.9619 34.6482 4
      vertex -45.8121 43.7607 4
      vertex -45.837 43.8674 4
    endloop
  endfacet
  facet normal 0 0 1
    outer loop
      vertex -45.9619 34.6482 4
      vertex -45.7803 43.6558 4
      vertex -45.8121 43.7607 4
    endloop
  endfacet
  facet normal 0 0 1
    outer loop
      vertex -45.9619 34.6482 4
      vertex -45.7417 43.5532 4
      vertex -45.7803 43.6558 4
    endloop
  endfacet
  facet normal 0 0 1
    outer loop
      vertex -45.9619 34.6482 4
      vertex -45.6964 43.4533 4
      vertex -45.7417 43.5532 4
    endloop
  endfacet
  facet normal 0 0 1
    outer loop
      vertex -45.9619 34.6482 4
      vertex -45.6448 43.3567 4
      vertex -45.6964 43.4533 4
    endloop
  endfacet
  facet normal 0 0 1
    outer loop
      vertex -45.9619 34.6482 4
      vertex -45.5869 43.2636 4
      vertex -45.6448 43.3567 4
    endloop
  endfacet
  facet normal 0 0 1
    outer loop
      vertex -45.9619 34.6482 4
      vertex -45.523 43.1745 4
      vertex -45.5869 43.2636 4
    endloop
  endfacet
  facet normal 0 0 1
    outer loop
      vertex -34.6482 45.9619 4
      vertex -45.9619 34.6482 4
      vertex -18.9894 6.26144 4
    endloop
  endfacet
  facet normal 0 0 1
    outer loop
      vertex -18.9894 6.26144 4
      vertex -45.9619 34.6482 4
      vertex -46.669 33.9411 4
    endloop
  endfacet
  facet normal 0 0 1
    outer loop
      vertex 45.8692 -44.1942 4
      vertex 48.3051 -40.3051 4
      vertex 48.288 -39.7819 4
    endloop
  endfacet
  facet normal 0 0 1
    outer loop
      vertex 45.8692 -44.1942 4
      vertex 48.288 -39.7819 4
      vertex 48.2366 -39.2609 4
    endloop
  endfacet
  facet normal 0 0 1
    outer loop
      vertex 48.3051 -40.3051 4
      vertex 45.8692 -44.1942 4
      vertex 48.288 -40.8283 4
    endloop
  endfacet
  facet normal 0 0 1
    outer loop
      vertex 45.8692 -44.1942 4
      vertex 48.2366 -39.2609 4
      vertex 48.1514 -38.7444 4
    endloop
  endfacet
  facet normal 0 0 1
    outer loop
      vertex 48.288 -40.8283 4
      vertex 45.8692 -44.1942 4
      vertex 48.2366 -41.3493 4
    endloop
  endfacet
  facet normal 0 0 1
    outer loop
      vertex 45.8692 -44.1942 4
      vertex 48.1514 -38.7444 4
      vertex 48.0325 -38.2345 4
    endloop
  endfacet
  facet normal 0 0 1
    outer loop
      vertex 48.2366 -41.3493 4
      vertex 45.8692 -44.1942 4
      vertex 48.1514 -41.8658 4
    endloop
  endfacet
  facet normal 0 0 1
    outer loop
      vertex 45.8692 -44.1942 4
      vertex 48.0325 -38.2345 4
      vertex 47.8805 -37.7336 4
    endloop
  endfacet
  facet normal 0 0 1
    outer loop
      vertex 48.1514 -41.8658 4
      vertex 45.8692 -44.1942 4
      vertex 48.0325 -42.3756 4
    endloop
  endfacet
  facet normal 0 0 1
    outer loop
      vertex 45.8692 -44.1942 4
      vertex 47.8805 -37.7336 4
      vertex 47.6961 -37.2436 4
    endloop
  endfacet
  facet normal 0 0 1
    outer loop
      vertex 48.0325 -42.3756 4
      vertex 45.8692 -44.1942 4
      vertex 47.8805 -42.8766 4
    endloop
  endfacet
  facet normal 0 0 1
    outer loop
      vertex 45.8692 -44.1942 4
      vertex 47.6961 -37.2436 4
      vertex 47.4801 -36.7668 4
    endloop
  endfacet
  facet normal 0 0 1
    outer loop
      vertex 47.8805 -42.8766 4
      vertex 45.8692 -44.1942 4
      vertex 47.6961 -43.3666 4
    endloop
  endfacet
  facet normal 0 0 1
    outer loop
      vertex 45.8692 -44.1942 4
      vertex 47.4801 -36.7668 4
      vertex 47.2333 -36.3051 4
    endloop
  endfacet
  facet normal 0 0 1
    outer loop
      vertex 47.6961 -43.3666 4
      vertex 45.8692 -44.1942 4
      vertex 47.4801 -43.8434 4
    endloop
  endfacet
  facet normal 0 0 1
    outer loop
      vertex 45.8692 -44.1942 4
      vertex 47.2333 -36.3051 4
      vertex 46.9568 -35.8605 4
    endloop
  endfacet
  facet normal 0 0 1
    outer loop
      vertex 47.4801 -43.8434 4
      vertex 45.8692 -44.1942 4
      vertex 47.2333 -44.3051 4
    endloop
  endfacet
  facet normal 0 0 1
    outer loop
      vertex 45.8692 -44.1942 4
      vertex 46.9568 -35.8605 4
      vertex 46.6519 -35.435 4
    endloop
  endfacet
  facet normal 0 0 1
    outer loop
      vertex 47.2333 -44.3051 4
      vertex 45.8692 -44.1942 4
      vertex 46.9568 -44.7496 4
    endloop
  endfacet
  facet normal 0 0 1
    outer loop
      vertex 45.8692 -44.1942 4
      vertex 46.6519 -35.435 4
      vertex 46.3198 -35.0303 4
    endloop
  endfacet
  facet normal -0 0 1
    outer loop
      vertex 45.8656 -44.3037 4
      vertex 46.9568 -44.7496 4
      vertex 45.8692 -44.1942 4
    endloop
  endfacet
  facet normal 0 0 1
    outer loop
      vertex 43.8674 -42.5514 4
      vertex 46.3198 -35.0303 4
      vertex 45.9619 -34.6482 4
    endloop
  endfacet
  facet normal -0 0 1
    outer loop
      vertex 45.8548 -44.4128 4
      vertex 46.9568 -44.7496 4
      vertex 45.8656 -44.3037 4
    endloop
  endfacet
  facet normal 0 0 1
    outer loop
      vertex 46.9568 -44.7496 4
      vertex 45.837 -44.521 4
      vertex 46.6519 -45.1752 4
    endloop
  endfacet
  facet normal -0 0 1
    outer loop
      vertex 45.8121 -44.6277 4
      vertex 46.6519 -45.1752 4
      vertex 45.837 -44.521 4
    endloop
  endfacet
  facet normal -0 0 1
    outer loop
      vertex 45.7803 -44.7326 4
      vertex 46.6519 -45.1752 4
      vertex 45.8121 -44.6277 4
    endloop
  endfacet
  facet normal -0 0 1
    outer loop
      vertex 45.7417 -44.8352 4
      vertex 46.6519 -45.1752 4
      vertex 45.7803 -44.7326 4
    endloop
  endfacet
  facet normal -0 0 1
    outer loop
      vertex 45.6964 -44.935 4
      vertex 46.6519 -45.1752 4
      vertex 45.7417 -44.8352 4
    endloop
  endfacet
  facet normal 0 0 1
    outer loop
      vertex 46.6519 -45.1752 4
      vertex 45.6964 -44.935 4
      vertex 46.3198 -45.5799 4
    endloop
  endfacet
  facet normal -0 0 1
    outer loop
      vertex 45.6448 -45.0317 4
      vertex 46.3198 -45.5799 4
      vertex 45.6964 -44.935 4
    endloop
  endfacet
  facet normal -0 0 1
    outer loop
      vertex 45.5869 -45.1248 4
      vertex 46.3198 -45.5799 4
      vertex 45.6448 -45.0317 4
    endloop
  endfacet
  facet normal -0 0 1
    outer loop
      vertex 45.523 -45.2138 4
      vertex 46.3198 -45.5799 4
      vertex 45.5869 -45.1248 4
    endloop
  endfacet
  facet normal 0 0 1
    outer loop
      vertex 46.3198 -45.5799 4
      vertex 45.523 -45.2138 4
      vertex 45.9619 -45.9619 4
    endloop
  endfacet
  facet normal -0 0 1
    outer loop
      vertex 45.4535 -45.2986 4
      vertex 45.9619 -45.9619 4
      vertex 45.523 -45.2138 4
    endloop
  endfacet
  facet normal -0 0 1
    outer loop
      vertex 45.3786 -45.3786 4
      vertex 45.9619 -45.9619 4
      vertex 45.4535 -45.2986 4
    endloop
  endfacet
  facet normal -0 0 1
    outer loop
      vertex 45.2986 -45.4535 4
      vertex 45.9619 -45.9619 4
      vertex 45.3786 -45.3786 4
    endloop
  endfacet
  facet normal -0 0 1
    outer loop
      vertex 45.2138 -45.523 4
      vertex 45.9619 -45.9619 4
      vertex 45.2986 -45.4535 4
    endloop
  endfacet
  facet normal 0 0 1
    outer loop
      vertex 45.9619 -45.9619 4
      vertex 45.2138 -45.523 4
      vertex 45.5799 -46.3198 4
    endloop
  endfacet
  facet normal -0 0 1
    outer loop
      vertex 45.1248 -45.5869 4
      vertex 45.5799 -46.3198 4
      vertex 45.2138 -45.523 4
    endloop
  endfacet
  facet normal -0 0 1
    outer loop
      vertex 45.0317 -45.6448 4
      vertex 45.5799 -46.3198 4
      vertex 45.1248 -45.5869 4
    endloop
  endfacet
  facet normal -0 0 1
    outer loop
      vertex 44.935 -45.6964 4
      vertex 45.5799 -46.3198 4
      vertex 45.0317 -45.6448 4
    endloop
  endfacet
  facet normal 0 0 1
    outer loop
      vertex 45.5799 -46.3198 4
      vertex 44.935 -45.6964 4
      vertex 45.1752 -46.6519 4
    endloop
  endfacet
  facet normal -0 0 1
    outer loop
      vertex 44.8352 -45.7417 4
      vertex 45.1752 -46.6519 4
      vertex 44.935 -45.6964 4
    endloop
  endfacet
  facet normal -0 0 1
    outer loop
      vertex 44.7326 -45.7803 4
      vertex 45.1752 -46.6519 4
      vertex 44.8352 -45.7417 4
    endloop
  endfacet
  facet normal -0 0 1
    outer loop
      vertex 44.6277 -45.8121 4
      vertex 45.1752 -46.6519 4
      vertex 44.7326 -45.7803 4
    endloop
  endfacet
  facet normal -0 0 1
    outer loop
      vertex 44.521 -45.837 4
      vertex 45.1752 -46.6519 4
      vertex 44.6277 -45.8121 4
    endloop
  endfacet
  facet normal 0 0 1
    outer loop
      vertex 45.1752 -46.6519 4
      vertex 44.521 -45.837 4
      vertex 44.7496 -46.9568 4
    endloop
  endfacet
  facet normal -0 0 1
    outer loop
      vertex 44.4128 -45.8548 4
      vertex 44.7496 -46.9568 4
      vertex 44.521 -45.837 4
    endloop
  endfacet
  facet normal -0 0 1
    outer loop
      vertex 44.3037 -45.8656 4
      vertex 44.7496 -46.9568 4
      vertex 44.4128 -45.8548 4
    endloop
  endfacet
  facet normal -0 0 1
    outer loop
      vertex 44.1942 -45.8692 4
      vertex 44.7496 -46.9568 4
      vertex 44.3037 -45.8656 4
    endloop
  endfacet
  facet normal 0 0 1
    outer loop
      vertex 44.7496 -46.9568 4
      vertex 44.1942 -45.8692 4
      vertex 44.3051 -47.2333 4
    endloop
  endfacet
  facet normal 0 0 1
    outer loop
      vertex 44.0846 -45.8656 4
      vertex 44.3051 -47.2333 4
      vertex 44.1942 -45.8692 4
    endloop
  endfacet
  facet normal 0 0 1
    outer loop
      vertex 43.9755 -45.8548 4
      vertex 44.3051 -47.2333 4
      vertex 44.0846 -45.8656 4
    endloop
  endfacet
  facet normal 0 0 1
    outer loop
      vertex 43.8674 -45.837 4
      vertex 44.3051 -47.2333 4
      vertex 43.9755 -45.8548 4
    endloop
  endfacet
  facet normal 0 0 1
    outer loop
      vertex 43.8674 -45.837 4
      vertex 43.8434 -47.4801 4
      vertex 44.3051 -47.2333 4
    endloop
  endfacet
  facet normal 0 0 1
    outer loop
      vertex 43.7607 -45.8121 4
      vertex 43.8434 -47.4801 4
      vertex 43.8674 -45.837 4
    endloop
  endfacet
  facet normal 0 0 1
    outer loop
      vertex 43.6558 -45.7803 4
      vertex 43.8434 -47.4801 4
      vertex 43.7607 -45.8121 4
    endloop
  endfacet
  facet normal 0 0 1
    outer loop
      vertex 43.5532 -45.7417 4
      vertex 43.8434 -47.4801 4
      vertex 43.6558 -45.7803 4
    endloop
  endfacet
  facet normal 0 0 1
    outer loop
      vertex 43.3666 -47.6961 4
      vertex 43.5532 -45.7417 4
      vertex 43.4533 -45.6964 4
    endloop
  endfacet
  facet normal 0 0 1
    outer loop
      vertex 43.5532 -45.7417 4
      vertex 43.3666 -47.6961 4
      vertex 43.8434 -47.4801 4
    endloop
  endfacet
  facet normal 0 0 1
    outer loop
      vertex 43.3567 -45.6448 4
      vertex 43.3666 -47.6961 4
      vertex 43.4533 -45.6964 4
    endloop
  endfacet
  facet normal 0 0 1
    outer loop
      vertex 42.8766 -47.8805 4
      vertex 43.3567 -45.6448 4
      vertex 43.2636 -45.5869 4
    endloop
  endfacet
  facet normal 0 0 1
    outer loop
      vertex 42.8766 -47.8805 4
      vertex 43.2636 -45.5869 4
      vertex 43.1745 -45.523 4
    endloop
  endfacet
  facet normal 0 0 1
    outer loop
      vertex 42.8766 -47.8805 4
      vertex 43.1745 -45.523 4
      vertex 43.0898 -45.4535 4
    endloop
  endfacet
  facet normal 0 0 1
    outer loop
      vertex 42.3756 -48.0325 4
      vertex 43.0898 -45.4535 4
      vertex 43.0098 -45.3786 4
    endloop
  endfacet
  facet normal 0 0 1
    outer loop
      vertex 42.3756 -48.0325 4
      vertex 43.0098 -45.3786 4
      vertex 42.9348 -45.2986 4
    endloop
  endfacet
  facet normal 0 0 1
    outer loop
      vertex 43.3567 -45.6448 4
      vertex 42.8766 -47.8805 4
      vertex 43.3666 -47.6961 4
    endloop
  endfacet
  facet normal 0 0 1
    outer loop
      vertex 42.3756 -48.0325 4
      vertex 42.9348 -45.2986 4
      vertex 42.8653 -45.2138 4
    endloop
  endfacet
  facet normal 0 0 1
    outer loop
      vertex 42.3756 -48.0325 4
      vertex 42.8653 -45.2138 4
      vertex 42.8015 -45.1248 4
    endloop
  endfacet
  facet normal 0 0 1
    outer loop
      vertex 42.3756 -48.0325 4
      vertex 42.8015 -45.1248 4
      vertex 42.7436 -45.0317 4
    endloop
  endfacet
  facet normal 0 0 1
    outer loop
      vertex 42.3756 -48.0325 4
      vertex 42.7436 -45.0317 4
      vertex 42.6919 -44.935 4
    endloop
  endfacet
  facet normal 0 0 1
    outer loop
      vertex 42.3756 -48.0325 4
      vertex 42.6919 -44.935 4
      vertex 42.6467 -44.8352 4
    endloop
  endfacet
  facet normal 0 0 1
    outer loop
      vertex 42.3756 -48.0325 4
      vertex 42.6467 -44.8352 4
      vertex 42.6081 -44.7326 4
    endloop
  endfacet
  facet normal 0 0 1
    outer loop
      vertex 42.3756 -48.0325 4
      vertex 42.6081 -44.7326 4
      vertex 42.5762 -44.6277 4
    endloop
  endfacet
  facet normal 0 0 1
    outer loop
      vertex 42.3756 -48.0325 4
      vertex 42.5762 -44.6277 4
      vertex 42.5514 -44.521 4
    endloop
  endfacet
  facet normal 0 0 1
    outer loop
      vertex 42.3756 -48.0325 4
      vertex 42.5514 -44.521 4
      vertex 42.5335 -44.4128 4
    endloop
  endfacet
  facet normal 0 0 1
    outer loop
      vertex 43.0898 -45.4535 4
      vertex 42.3756 -48.0325 4
      vertex 42.8766 -47.8805 4
    endloop
  endfacet
  facet normal 0 0 1
    outer loop
      vertex 42.5228 -44.3037 4
      vertex 42.3756 -48.0325 4
      vertex 42.5335 -44.4128 4
    endloop
  endfacet
  facet normal 0 0 1
    outer loop
      vertex 42.3756 -48.0325 4
      vertex 42.5228 -44.3037 4
      vertex 42.5192 -44.1942 4
    endloop
  endfacet
  facet normal 0 0 1
    outer loop
      vertex 44.935 42.6919 4
      vertex 48.3051 40.3051 4
      vertex 48.288 40.8283 4
    endloop
  endfacet
  facet normal 0 0 1
    outer loop
      vertex 45.0317 42.7436 4
      vertex 48.288 40.8283 4
      vertex 48.2366 41.3493 4
    endloop
  endfacet
  facet normal 0 0 1
    outer loop
      vertex 48.3051 40.3051 4
      vertex 44.935 42.6919 4
      vertex 44.8352 42.6467 4
    endloop
  endfacet
  facet normal 0 0 1
    outer loop
      vertex 45.2138 42.8653 4
      vertex 48.2366 41.3493 4
      vertex 48.1514 41.8658 4
    endloop
  endfacet
  facet normal -0 0 1
    outer loop
      vertex 44.7326 42.6081 4
      vertex 48.3051 40.3051 4
      vertex 44.8352 42.6467 4
    endloop
  endfacet
  facet normal 0 0 1
    outer loop
      vertex 45.2986 42.9348 4
      vertex 48.1514 41.8658 4
      vertex 48.0325 42.3756 4
    endloop
  endfacet
  facet normal 0 0 1
    outer loop
      vertex 48.288 40.8283 4
      vertex 45.0317 42.7436 4
      vertex 44.935 42.6919 4
    endloop
  endfacet
  facet normal 0 0 1
    outer loop
      vertex 45.4535 43.0898 4
      vertex 48.0325 42.3756 4
      vertex 47.8805 42.8766 4
    endloop
  endfacet
  facet normal 0 0 1
    outer loop
      vertex 48.2366 41.3493 4
      vertex 45.1248 42.8015 4
      vertex 45.0317 42.7436 4
    endloop
  endfacet
  facet normal -0 0 1
    outer loop
      vertex 45.6448 43.3567 4
      vertex 47.8805 42.8766 4
      vertex 47.6961 43.3666 4
    endloop
  endfacet
  facet normal 0 0 1
    outer loop
      vertex 48.2366 41.3493 4
      vertex 45.2138 42.8653 4
      vertex 45.1248 42.8015 4
    endloop
  endfacet
  facet normal -0 0 1
    outer loop
      vertex 45.7417 43.5532 4
      vertex 47.6961 43.3666 4
      vertex 47.4801 43.8434 4
    endloop
  endfacet
  facet normal 0 0 1
    outer loop
      vertex 48.1514 41.8658 4
      vertex 45.2986 42.9348 4
      vertex 45.2138 42.8653 4
    endloop
  endfacet
  facet normal -0 0 1
    outer loop
      vertex 45.837 43.8674 4
      vertex 47.4801 43.8434 4
      vertex 47.2333 44.3051 4
    endloop
  endfacet
  facet normal 0 0 1
    outer loop
      vertex 48.0325 42.3756 4
      vertex 45.4535 43.0898 4
      vertex 45.3786 43.0098 4
    endloop
  endfacet
  facet normal 0 0 1
    outer loop
      vertex 45.8692 44.1942 4
      vertex 47.2333 44.3051 4
      vertex 46.9568 44.7496 4
    endloop
  endfacet
  facet normal 0 0 1
    outer loop
      vertex 47.8805 42.8766 4
      vertex 45.5869 43.2636 4
      vertex 45.523 43.1745 4
    endloop
  endfacet
  facet normal 0 0 1
    outer loop
      vertex 45.837 44.521 4
      vertex 46.9568 44.7496 4
      vertex 46.6519 45.1752 4
    endloop
  endfacet
  facet normal 0 0 1
    outer loop
      vertex 47.6961 43.3666 4
      vertex 45.7417 43.5532 4
      vertex 45.6964 43.4533 4
    endloop
  endfacet
  facet normal 0 0 1
    outer loop
      vertex 45.6964 44.935 4
      vertex 46.6519 45.1752 4
      vertex 46.3198 45.5799 4
    endloop
  endfacet
  facet normal 0 0 1
    outer loop
      vertex 47.4801 43.8434 4
      vertex 45.837 43.8674 4
      vertex 45.8121 43.7607 4
    endloop
  endfacet
  facet normal 0 0 1
    outer loop
      vertex 45.523 45.2138 4
      vertex 46.3198 45.5799 4
      vertex 45.9619 45.9619 4
    endloop
  endfacet
  facet normal 0 0 1
    outer loop
      vertex 47.2333 44.3051 4
      vertex 45.8692 44.1942 4
      vertex 45.8656 44.0846 4
    endloop
  endfacet
  facet normal 0 0 1
    outer loop
      vertex 47.2333 44.3051 4
      vertex 45.8656 44.0846 4
      vertex 45.8548 43.9755 4
    endloop
  endfacet
  facet normal 0 0 1
    outer loop
      vertex 46.9568 44.7496 4
      vertex 45.8656 44.3037 4
      vertex 45.8692 44.1942 4
    endloop
  endfacet
  facet normal 0 0 1
    outer loop
      vertex 46.9568 44.7496 4
      vertex 45.8548 44.4128 4
      vertex 45.8656 44.3037 4
    endloop
  endfacet
  facet normal 0 0 1
    outer loop
      vertex 46.9568 44.7496 4
      vertex 45.837 44.521 4
      vertex 45.8548 44.4128 4
    endloop
  endfacet
  facet normal 0 0 1
    outer loop
      vertex 46.6519 45.1752 4
      vertex 45.8121 44.6277 4
      vertex 45.837 44.521 4
    endloop
  endfacet
  facet normal 0 0 1
    outer loop
      vertex 46.6519 45.1752 4
      vertex 45.7803 44.7326 4
      vertex 45.8121 44.6277 4
    endloop
  endfacet
  facet normal 0 0 1
    outer loop
      vertex 46.6519 45.1752 4
      vertex 45.7417 44.8352 4
      vertex 45.7803 44.7326 4
    endloop
  endfacet
  facet normal 0 0 1
    outer loop
      vertex 46.6519 45.1752 4
      vertex 45.6964 44.935 4
      vertex 45.7417 44.8352 4
    endloop
  endfacet
  facet normal 0 0 1
    outer loop
      vertex 46.3198 45.5799 4
      vertex 45.6448 45.0317 4
      vertex 45.6964 44.935 4
    endloop
  endfacet
  facet normal 0 0 1
    outer loop
      vertex 46.3198 45.5799 4
      vertex 45.5869 45.1248 4
      vertex 45.6448 45.0317 4
    endloop
  endfacet
  facet normal 0 0 1
    outer loop
      vertex 45.2138 45.523 4
      vertex 45.9619 45.9619 4
      vertex 45.5799 46.3198 4
    endloop
  endfacet
  facet normal 0 0 1
    outer loop
      vertex 46.3198 45.5799 4
      vertex 45.523 45.2138 4
      vertex 45.5869 45.1248 4
    endloop
  endfacet
  facet normal 0 0 1
    outer loop
      vertex 45.9619 45.9619 4
      vertex 45.4535 45.2986 4
      vertex 45.523 45.2138 4
    endloop
  endfacet
  facet normal 0 0 1
    outer loop
      vertex 45.9619 45.9619 4
      vertex 45.3786 45.3786 4
      vertex 45.4535 45.2986 4
    endloop
  endfacet
  facet normal 0 0 1
    outer loop
      vertex 45.9619 45.9619 4
      vertex 45.2986 45.4535 4
      vertex 45.3786 45.3786 4
    endloop
  endfacet
  facet normal 0 0 1
    outer loop
      vertex 45.9619 45.9619 4
      vertex 45.2138 45.523 4
      vertex 45.2986 45.4535 4
    endloop
  endfacet
  facet normal 0 0 1
    outer loop
      vertex 44.935 45.6964 4
      vertex 45.5799 46.3198 4
      vertex 45.1752 46.6519 4
    endloop
  endfacet
  facet normal 0 0 1
    outer loop
      vertex 45.5799 46.3198 4
      vertex 45.1248 45.5869 4
      vertex 45.2138 45.523 4
    endloop
  endfacet
  facet normal 0 0 1
    outer loop
      vertex 45.5799 46.3198 4
      vertex 45.0317 45.6448 4
      vertex 45.1248 45.5869 4
    endloop
  endfacet
  facet normal 0 0 1
    outer loop
      vertex 45.5799 46.3198 4
      vertex 44.935 45.6964 4
      vertex 45.0317 45.6448 4
    endloop
  endfacet
  facet normal 0 0 1
    outer loop
      vertex 45.1752 46.6519 4
      vertex 44.8352 45.7417 4
      vertex 44.935 45.6964 4
    endloop
  endfacet
  facet normal 0 0 1
    outer loop
      vertex 44.521 45.837 4
      vertex 45.1752 46.6519 4
      vertex 44.7496 46.9568 4
    endloop
  endfacet
  facet normal 0 0 1
    outer loop
      vertex 45.1752 46.6519 4
      vertex 44.7326 45.7803 4
      vertex 44.8352 45.7417 4
    endloop
  endfacet
  facet normal 0 0 1
    outer loop
      vertex 45.1752 46.6519 4
      vertex 44.6277 45.8121 4
      vertex 44.7326 45.7803 4
    endloop
  endfacet
  facet normal 0 0 1
    outer loop
      vertex 45.1752 46.6519 4
      vertex 44.521 45.837 4
      vertex 44.6277 45.8121 4
    endloop
  endfacet
  facet normal 0 0 1
    outer loop
      vertex 44.7496 46.9568 4
      vertex 44.4128 45.8548 4
      vertex 44.521 45.837 4
    endloop
  endfacet
  facet normal 0 0 1
    outer loop
      vertex 44.1942 45.8692 4
      vertex 44.7496 46.9568 4
      vertex 44.3051 47.2333 4
    endloop
  endfacet
  facet normal 0 0 1
    outer loop
      vertex 44.7496 46.9568 4
      vertex 44.3037 45.8656 4
      vertex 44.4128 45.8548 4
    endloop
  endfacet
  facet normal 0 0 1
    outer loop
      vertex 44.7496 46.9568 4
      vertex 44.1942 45.8692 4
      vertex 44.3037 45.8656 4
    endloop
  endfacet
  facet normal 0 0 1
    outer loop
      vertex 44.3051 47.2333 4
      vertex 44.0846 45.8656 4
      vertex 44.1942 45.8692 4
    endloop
  endfacet
  facet normal 0 0 1
    outer loop
      vertex 44.3051 47.2333 4
      vertex 43.9755 45.8548 4
      vertex 44.0846 45.8656 4
    endloop
  endfacet
  facet normal 0 0 1
    outer loop
      vertex 44.3051 47.2333 4
      vertex 43.8674 45.837 4
      vertex 43.9755 45.8548 4
    endloop
  endfacet
  facet normal 0 0 1
    outer loop
      vertex 43.8434 47.4801 4
      vertex 43.8674 45.837 4
      vertex 44.3051 47.2333 4
    endloop
  endfacet
  facet normal 0 0 1
    outer loop
      vertex 43.8434 47.4801 4
      vertex 43.7607 45.8121 4
      vertex 43.8674 45.837 4
    endloop
  endfacet
  facet normal 0 0 1
    outer loop
      vertex 43.8434 47.4801 4
      vertex 43.6558 45.7803 4
      vertex 43.7607 45.8121 4
    endloop
  endfacet
  facet normal 0 0 1
    outer loop
      vertex 43.8434 47.4801 4
      vertex 43.5532 45.7417 4
      vertex 43.6558 45.7803 4
    endloop
  endfacet
  facet normal 0 0 1
    outer loop
      vertex 43.3666 47.6961 4
      vertex 43.5532 45.7417 4
      vertex 43.8434 47.4801 4
    endloop
  endfacet
  facet normal 0 0 1
    outer loop
      vertex 43.5532 45.7417 4
      vertex 43.3666 47.6961 4
      vertex 43.4533 45.6964 4
    endloop
  endfacet
  facet normal 0 0 1
    outer loop
      vertex 43.3666 47.6961 4
      vertex 43.3567 45.6448 4
      vertex 43.4533 45.6964 4
    endloop
  endfacet
  facet normal 0 0 1
    outer loop
      vertex 42.8766 47.8805 4
      vertex 43.3567 45.6448 4
      vertex 43.3666 47.6961 4
    endloop
  endfacet
  facet normal 0 0 1
    outer loop
      vertex 43.3567 45.6448 4
      vertex 42.8766 47.8805 4
      vertex 43.2636 45.5869 4
    endloop
  endfacet
  facet normal 0 0 1
    outer loop
      vertex 43.2636 45.5869 4
      vertex 42.8766 47.8805 4
      vertex 43.1745 45.523 4
    endloop
  endfacet
  facet normal 0 0 1
    outer loop
      vertex 43.1745 45.523 4
      vertex 42.8766 47.8805 4
      vertex 43.0898 45.4535 4
    endloop
  endfacet
  facet normal 0 0 1
    outer loop
      vertex 42.3756 48.0325 4
      vertex 43.0898 45.4535 4
      vertex 42.8766 47.8805 4
    endloop
  endfacet
  facet normal 0 0 1
    outer loop
      vertex 43.0898 45.4535 4
      vertex 42.3756 48.0325 4
      vertex 43.0098 45.3786 4
    endloop
  endfacet
  facet normal 0 0 1
    outer loop
      vertex 43.0098 45.3786 4
      vertex 42.3756 48.0325 4
      vertex 42.9348 45.2986 4
    endloop
  endfacet
  facet normal 0 0 1
    outer loop
      vertex 41.8658 48.1514 4
      vertex 42.9348 45.2986 4
      vertex 42.3756 48.0325 4
    endloop
  endfacet
  facet normal 0 0 1
    outer loop
      vertex 42.9348 45.2986 4
      vertex 41.8658 48.1514 4
      vertex 42.8653 45.2138 4
    endloop
  endfacet
  facet normal 0 0 1
    outer loop
      vertex 41.3493 48.2366 4
      vertex 42.8653 45.2138 4
      vertex 41.8658 48.1514 4
    endloop
  endfacet
  facet normal 0 0 1
    outer loop
      vertex 42.8653 45.2138 4
      vertex 41.3493 48.2366 4
      vertex 42.8015 45.1248 4
    endloop
  endfacet
  facet normal 0 0 1
    outer loop
      vertex 42.8015 45.1248 4
      vertex 41.3493 48.2366 4
      vertex 42.7436 45.0317 4
    endloop
  endfacet
  facet normal 0 0 1
    outer loop
      vertex 40.8283 48.288 4
      vertex 42.7436 45.0317 4
      vertex 41.3493 48.2366 4
    endloop
  endfacet
  facet normal 0 0 1
    outer loop
      vertex 42.7436 45.0317 4
      vertex 40.8283 48.288 4
      vertex 42.6919 44.935 4
    endloop
  endfacet
  facet normal 0 0 1
    outer loop
      vertex 40.3051 48.3051 4
      vertex 42.6919 44.935 4
      vertex 40.8283 48.288 4
    endloop
  endfacet
  facet normal -0 0 1
    outer loop
      vertex 39.7819 48.288 4
      vertex 42.6081 44.7326 4
      vertex 40.3051 48.3051 4
    endloop
  endfacet
  facet normal 0 0 1
    outer loop
      vertex 42.6467 44.8352 4
      vertex 40.3051 48.3051 4
      vertex 42.6081 44.7326 4
    endloop
  endfacet
  facet normal 0 0 1
    outer loop
      vertex 42.6919 44.935 4
      vertex 40.3051 48.3051 4
      vertex 42.6467 44.8352 4
    endloop
  endfacet
  facet normal 0 0 1
    outer loop
      vertex 47.2333 44.3051 4
      vertex 45.8548 43.9755 4
      vertex 45.837 43.8674 4
    endloop
  endfacet
  facet normal 0 0 1
    outer loop
      vertex 47.4801 43.8434 4
      vertex 45.8121 43.7607 4
      vertex 45.7803 43.6558 4
    endloop
  endfacet
  facet normal 0 0 1
    outer loop
      vertex 47.4801 43.8434 4
      vertex 45.7803 43.6558 4
      vertex 45.7417 43.5532 4
    endloop
  endfacet
  facet normal 0 0 1
    outer loop
      vertex 47.6961 43.3666 4
      vertex 45.6964 43.4533 4
      vertex 45.6448 43.3567 4
    endloop
  endfacet
  facet normal 0 0 1
    outer loop
      vertex 47.8805 42.8766 4
      vertex 45.6448 43.3567 4
      vertex 45.5869 43.2636 4
    endloop
  endfacet
  facet normal 0 0 1
    outer loop
      vertex 47.8805 42.8766 4
      vertex 45.523 43.1745 4
      vertex 45.4535 43.0898 4
    endloop
  endfacet
  facet normal 0 0 1
    outer loop
      vertex 48.0325 42.3756 4
      vertex 45.3786 43.0098 4
      vertex 45.2986 42.9348 4
    endloop
  endfacet
  facet normal 0 0 1
    outer loop
      vertex 48.3051 40.3051 4
      vertex 44.7326 42.6081 4
      vertex 48.288 39.7819 4
    endloop
  endfacet
  facet normal -0 0 1
    outer loop
      vertex 44.6277 42.5762 4
      vertex 48.288 39.7819 4
      vertex 44.7326 42.6081 4
    endloop
  endfacet
  facet normal 0 0 1
    outer loop
      vertex 48.288 39.7819 4
      vertex 44.6277 42.5762 4
      vertex 48.2366 39.2609 4
    endloop
  endfacet
  facet normal -0 0 1
    outer loop
      vertex 44.521 42.5514 4
      vertex 48.2366 39.2609 4
      vertex 44.6277 42.5762 4
    endloop
  endfacet
  facet normal 0 0 1
    outer loop
      vertex 48.2366 39.2609 4
      vertex 44.521 42.5514 4
      vertex 48.1514 38.7444 4
    endloop
  endfacet
  facet normal -0 0 1
    outer loop
      vertex 44.4128 42.5335 4
      vertex 48.1514 38.7444 4
      vertex 44.521 42.5514 4
    endloop
  endfacet
  facet normal 0 0 1
    outer loop
      vertex 48.1514 38.7444 4
      vertex 44.4128 42.5335 4
      vertex 48.0325 38.2345 4
    endloop
  endfacet
  facet normal -0 0 1
    outer loop
      vertex 44.3037 42.5228 4
      vertex 48.0325 38.2345 4
      vertex 44.4128 42.5335 4
    endloop
  endfacet
  facet normal 0 0 1
    outer loop
      vertex 48.0325 38.2345 4
      vertex 44.3037 42.5228 4
      vertex 47.8805 37.7336 4
    endloop
  endfacet
  facet normal -0 0 1
    outer loop
      vertex 44.1942 42.5192 4
      vertex 47.8805 37.7336 4
      vertex 44.3037 42.5228 4
    endloop
  endfacet
  facet normal 0 0 1
    outer loop
      vertex 47.8805 37.7336 4
      vertex 44.1942 42.5192 4
      vertex 47.6961 37.2436 4
    endloop
  endfacet
  facet normal 0 0 1
    outer loop
      vertex 47.6961 37.2436 4
      vertex 44.1942 42.5192 4
      vertex 47.4801 36.7668 4
    endloop
  endfacet
  facet normal 0 0 1
    outer loop
      vertex 44.0846 42.5228 4
      vertex 47.4801 36.7668 4
      vertex 44.1942 42.5192 4
    endloop
  endfacet
  facet normal 0 0 1
    outer loop
      vertex 47.4801 36.7668 4
      vertex 44.0846 42.5228 4
      vertex 47.2333 36.3051 4
    endloop
  endfacet
  facet normal 0 0 1
    outer loop
      vertex 43.9755 42.5335 4
      vertex 47.2333 36.3051 4
      vertex 44.0846 42.5228 4
    endloop
  endfacet
  facet normal 0 0 1
    outer loop
      vertex 47.2333 36.3051 4
      vertex 43.9755 42.5335 4
      vertex 46.9568 35.8605 4
    endloop
  endfacet
  facet normal 0 0 1
    outer loop
      vertex 46.9568 35.8605 4
      vertex 43.9755 42.5335 4
      vertex 46.6519 35.435 4
    endloop
  endfacet
  facet normal 0 0 1
    outer loop
      vertex 43.8674 42.5514 4
      vertex 46.6519 35.435 4
      vertex 43.9755 42.5335 4
    endloop
  endfacet
  facet normal 0 0 1
    outer loop
      vertex 46.6519 35.435 4
      vertex 43.8674 42.5514 4
      vertex 46.3198 35.0303 4
    endloop
  endfacet
  facet normal 0 0 1
    outer loop
      vertex 46.3198 35.0303 4
      vertex 43.8674 42.5514 4
      vertex 45.9619 34.6482 4
    endloop
  endfacet
  facet normal 0 0 1
    outer loop
      vertex 43.7607 42.5762 4
      vertex 45.9619 34.6482 4
      vertex 43.8674 42.5514 4
    endloop
  endfacet
  facet normal 0 0 1
    outer loop
      vertex 43.6558 42.6081 4
      vertex 45.9619 34.6482 4
      vertex 43.7607 42.5762 4
    endloop
  endfacet
  facet normal 0 0 1
    outer loop
      vertex 43.5532 42.6467 4
      vertex 45.9619 34.6482 4
      vertex 43.6558 42.6081 4
    endloop
  endfacet
  facet normal 0 0 1
    outer loop
      vertex 43.4533 42.6919 4
      vertex 45.9619 34.6482 4
      vertex 43.5532 42.6467 4
    endloop
  endfacet
  facet normal 0 0 1
    outer loop
      vertex 43.3567 42.7436 4
      vertex 45.9619 34.6482 4
      vertex 43.4533 42.6919 4
    endloop
  endfacet
  facet normal 0 0 1
    outer loop
      vertex 43.2636 42.8015 4
      vertex 45.9619 34.6482 4
      vertex 43.3567 42.7436 4
    endloop
  endfacet
  facet normal 0 0 1
    outer loop
      vertex 43.1745 42.8653 4
      vertex 45.9619 34.6482 4
      vertex 43.2636 42.8015 4
    endloop
  endfacet
  facet normal 0 0 1
    outer loop
      vertex 43.0898 42.9348 4
      vertex 45.9619 34.6482 4
      vertex 43.1745 42.8653 4
    endloop
  endfacet
  facet normal 0 0 1
    outer loop
      vertex 43.0098 43.0098 4
      vertex 45.9619 34.6482 4
      vertex 43.0898 42.9348 4
    endloop
  endfacet
  facet normal 0 0 1
    outer loop
      vertex 34.6482 45.9619 4
      vertex 43.0098 43.0098 4
      vertex 42.9348 43.0898 4
    endloop
  endfacet
  facet normal 0 0 1
    outer loop
      vertex 34.6482 45.9619 4
      vertex 42.9348 43.0898 4
      vertex 42.8653 43.1745 4
    endloop
  endfacet
  facet normal 0 0 1
    outer loop
      vertex 34.6482 45.9619 4
      vertex 42.8653 43.1745 4
      vertex 42.8015 43.2636 4
    endloop
  endfacet
  facet normal 0 0 1
    outer loop
      vertex 34.6482 45.9619 4
      vertex 42.8015 43.2636 4
      vertex 42.7436 43.3567 4
    endloop
  endfacet
  facet normal 0 0 1
    outer loop
      vertex 34.6482 45.9619 4
      vertex 42.7436 43.3567 4
      vertex 42.6919 43.4533 4
    endloop
  endfacet
  facet normal 0 0 1
    outer loop
      vertex 34.6482 45.9619 4
      vertex 42.6919 43.4533 4
      vertex 42.6467 43.5532 4
    endloop
  endfacet
  facet normal 0 0 1
    outer loop
      vertex 34.6482 45.9619 4
      vertex 42.6467 43.5532 4
      vertex 42.6081 43.6558 4
    endloop
  endfacet
  facet normal 0 0 1
    outer loop
      vertex 42.6081 44.7326 4
      vertex 39.7819 48.288 4
      vertex 42.5762 44.6277 4
    endloop
  endfacet
  facet normal -0 0 1
    outer loop
      vertex 39.2609 48.2366 4
      vertex 42.5762 44.6277 4
      vertex 39.7819 48.288 4
    endloop
  endfacet
  facet normal 0 0 1
    outer loop
      vertex 42.5762 44.6277 4
      vertex 39.2609 48.2366 4
      vertex 42.5514 44.521 4
    endloop
  endfacet
  facet normal -0 0 1
    outer loop
      vertex 38.7444 48.1514 4
      vertex 42.5514 44.521 4
      vertex 39.2609 48.2366 4
    endloop
  endfacet
  facet normal 0 0 1
    outer loop
      vertex 42.5514 44.521 4
      vertex 38.7444 48.1514 4
      vertex 42.5335 44.4128 4
    endloop
  endfacet
  facet normal -0 0 1
    outer loop
      vertex 38.2345 48.0325 4
      vertex 42.5335 44.4128 4
      vertex 38.7444 48.1514 4
    endloop
  endfacet
  facet normal 0 0 1
    outer loop
      vertex 42.5335 44.4128 4
      vertex 38.2345 48.0325 4
      vertex 42.5228 44.3037 4
    endloop
  endfacet
  facet normal -0 0 1
    outer loop
      vertex 37.7336 47.8805 4
      vertex 42.5228 44.3037 4
      vertex 38.2345 48.0325 4
    endloop
  endfacet
  facet normal 0 0 1
    outer loop
      vertex 42.5228 44.3037 4
      vertex 37.7336 47.8805 4
      vertex 42.5192 44.1942 4
    endloop
  endfacet
  facet normal -0 0 1
    outer loop
      vertex 37.2436 47.6961 4
      vertex 42.5192 44.1942 4
      vertex 37.7336 47.8805 4
    endloop
  endfacet
  facet normal 0 0 1
    outer loop
      vertex 42.5192 44.1942 4
      vertex 37.2436 47.6961 4
      vertex 42.5228 44.0846 4
    endloop
  endfacet
  facet normal -0 0 1
    outer loop
      vertex 36.7668 47.4801 4
      vertex 42.5228 44.0846 4
      vertex 37.2436 47.6961 4
    endloop
  endfacet
  facet normal -0 0 1
    outer loop
      vertex 36.3051 47.2333 4
      vertex 42.5228 44.0846 4
      vertex 36.7668 47.4801 4
    endloop
  endfacet
  facet normal 0 0 1
    outer loop
      vertex 42.5228 44.0846 4
      vertex 36.3051 47.2333 4
      vertex 42.5335 43.9755 4
    endloop
  endfacet
  facet normal -0 0 1
    outer loop
      vertex 35.8605 46.9568 4
      vertex 42.5335 43.9755 4
      vertex 36.3051 47.2333 4
    endloop
  endfacet
  facet normal 0 0 1
    outer loop
      vertex 42.5335 43.9755 4
      vertex 35.8605 46.9568 4
      vertex 42.5514 43.8674 4
    endloop
  endfacet
  facet normal -0 0 1
    outer loop
      vertex 35.435 46.6519 4
      vertex 42.5514 43.8674 4
      vertex 35.8605 46.9568 4
    endloop
  endfacet
  facet normal -0 0 1
    outer loop
      vertex 35.0303 46.3198 4
      vertex 42.5514 43.8674 4
      vertex 35.435 46.6519 4
    endloop
  endfacet
  facet normal 0 0 1
    outer loop
      vertex 42.5514 43.8674 4
      vertex 35.0303 46.3198 4
      vertex 42.5762 43.7607 4
    endloop
  endfacet
  facet normal -0 0 1
    outer loop
      vertex 34.6482 45.9619 4
      vertex 42.5762 43.7607 4
      vertex 35.0303 46.3198 4
    endloop
  endfacet
  facet normal 0 0 1
    outer loop
      vertex 42.5762 43.7607 4
      vertex 34.6482 45.9619 4
      vertex 42.6081 43.6558 4
    endloop
  endfacet
  facet normal 0 0 1
    outer loop
      vertex 43.0098 43.0098 4
      vertex 34.6482 45.9619 4
      vertex 45.9619 34.6482 4
    endloop
  endfacet
  facet normal 0 0 1
    outer loop
      vertex 18.9894 6.26144 4
      vertex 45.9619 34.6482 4
      vertex 34.6482 45.9619 4
    endloop
  endfacet
  facet normal 0 0 1
    outer loop
      vertex 6.26144 18.9894 4
      vertex 34.6482 45.9619 4
      vertex 33.9411 46.669 4
    endloop
  endfacet
  facet normal 0 0 1
    outer loop
      vertex 45.9619 34.6482 4
      vertex 18.9894 6.26144 4
      vertex 46.669 33.9411 4
    endloop
  endfacet
  facet normal 0 0 1
    outer loop
      vertex 19.8289 2.61052 4
      vertex 18.8756 1.1279 4
      vertex 18.9499 1.14016 4
    endloop
  endfacet
  facet normal 0 0 1
    outer loop
      vertex 19.8289 2.61052 4
      vertex 18.8024 1.11081 4
      vertex 18.8756 1.1279 4
    endloop
  endfacet
  facet normal 0 -0 1
    outer loop
      vertex 18.4611 0.956189 4
      vertex 19.6157 3.90181 4
      vertex 17.075 6.275 4
    endloop
  endfacet
  facet normal 0 0 1
    outer loop
      vertex 19.8289 2.61052 4
      vertex 18.7303 1.08897 4
      vertex 18.8024 1.11081 4
    endloop
  endfacet
  facet normal 0 0 1
    outer loop
      vertex 19.8289 2.61052 4
      vertex 18.6599 1.06246 4
      vertex 18.7303 1.08897 4
    endloop
  endfacet
  facet normal 0 0 1
    outer loop
      vertex 19.6157 3.90181 4
      vertex 18.5914 1.0314 4
      vertex 18.6599 1.06246 4
    endloop
  endfacet
  facet normal 0 0 1
    outer loop
      vertex 19.6157 3.90181 4
      vertex 18.525 0.995929 4
      vertex 18.5914 1.0314 4
    endloop
  endfacet
  facet normal 0 0 1
    outer loop
      vertex 19.6157 3.90181 4
      vertex 18.4611 0.956189 4
      vertex 18.525 0.995929 4
    endloop
  endfacet
  facet normal 0 0 1
    outer loop
      vertex 18.4611 0.956189 4
      vertex 17.075 6.275 4
      vertex 18.3999 0.912355 4
    endloop
  endfacet
  facet normal 0 0 1
    outer loop
      vertex 18.3999 0.912355 4
      vertex 17.075 6.275 4
      vertex 18.3418 0.864615 4
    endloop
  endfacet
  facet normal 0 0 1
    outer loop
      vertex 18.3418 0.864615 4
      vertex 17.075 6.275 4
      vertex 18.2868 0.813172 4
    endloop
  endfacet
  facet normal 0 0 1
    outer loop
      vertex 18.2868 0.813172 4
      vertex 17.075 6.275 4
      vertex 18.2354 0.758247 4
    endloop
  endfacet
  facet normal 0 0 1
    outer loop
      vertex 18.2354 0.758247 4
      vertex 17.075 6.275 4
      vertex 18.1876 0.700075 4
    endloop
  endfacet
  facet normal 0 0 1
    outer loop
      vertex 18.1876 0.700075 4
      vertex 17.075 6.275 4
      vertex 18.1438 0.638906 4
    endloop
  endfacet
  facet normal 0 0 1
    outer loop
      vertex 18.1438 0.638906 4
      vertex 17.075 6.275 4
      vertex 18.1041 0.575 4
    endloop
  endfacet
  facet normal 0 0 1
    outer loop
      vertex 18.1041 0.575 4
      vertex 17.075 6.275 4
      vertex 18.0686 0.508632 4
    endloop
  endfacet
  facet normal 0 0 1
    outer loop
      vertex 18.0686 0.508632 4
      vertex 17.075 6.275 4
      vertex 18.0375 0.440085 4
    endloop
  endfacet
  facet normal 0 0 1
    outer loop
      vertex 18.0375 0.440085 4
      vertex 17.075 6.275 4
      vertex 18.011 0.369655 4
    endloop
  endfacet
  facet normal 0 0 1
    outer loop
      vertex 18.011 0.369655 4
      vertex 17.075 6.275 4
      vertex 17.9892 0.297642 4
    endloop
  endfacet
  facet normal 0 0 1
    outer loop
      vertex 17.9525 0.0752134 4
      vertex 17.075 6.275 4
      vertex 17.95 0 4
    endloop
  endfacet
  facet normal 0 0 1
    outer loop
      vertex 17.9598 0.150105 4
      vertex 17.075 6.275 4
      vertex 17.9525 0.0752134 4
    endloop
  endfacet
  facet normal 0 0 1
    outer loop
      vertex 17.9721 0.224354 4
      vertex 17.075 6.275 4
      vertex 17.9598 0.150105 4
    endloop
  endfacet
  facet normal 0 0 1
    outer loop
      vertex 17.9892 0.297642 4
      vertex 17.075 6.275 4
      vertex 17.9721 0.224354 4
    endloop
  endfacet
  facet normal 0 0 1
    outer loop
      vertex 34.6482 45.9619 4
      vertex 6.26144 18.9894 4
      vertex 18.9894 6.26144 4
    endloop
  endfacet
  facet normal 0 0 1
    outer loop
      vertex 18.9894 6.26144 4
      vertex 6.26144 18.9894 4
      vertex 17.075 6.275 4
    endloop
  endfacet
  facet normal 0 0 1
    outer loop
      vertex -6.075 6.275 4
      vertex 6.26144 18.9894 4
      vertex 5.17638 19.3185 4
    endloop
  endfacet
  facet normal 0 0 1
    outer loop
      vertex -6.075 6.275 4
      vertex 5.17638 19.3185 4
      vertex 3.90181 19.6157 4
    endloop
  endfacet
  facet normal 0 0 1
    outer loop
      vertex -6.075 6.275 4
      vertex 3.90181 19.6157 4
      vertex 2.61052 19.8289 4
    endloop
  endfacet
  facet normal 0 0 1
    outer loop
      vertex -6.075 6.275 4
      vertex 2.61052 19.8289 4
      vertex 1.30806 19.9572 4
    endloop
  endfacet
  facet normal 0 0 1
    outer loop
      vertex -6.075 6.275 4
      vertex 1.30806 19.9572 4
      vertex 0 20 4
    endloop
  endfacet
  facet normal 0 0 1
    outer loop
      vertex -6.075 6.275 4
      vertex 0 20 4
      vertex -1.30806 19.9572 4
    endloop
  endfacet
  facet normal 0 0 1
    outer loop
      vertex -6.075 6.275 4
      vertex -1.30806 19.9572 4
      vertex -2.61052 19.8289 4
    endloop
  endfacet
  facet normal 0 0 1
    outer loop
      vertex -6.075 6.275 4
      vertex -2.61052 19.8289 4
      vertex -3.90181 19.6157 4
    endloop
  endfacet
  facet normal 0 0 1
    outer loop
      vertex -6.075 6.275 4
      vertex -3.90181 19.6157 4
      vertex -5.17638 19.3185 4
    endloop
  endfacet
  facet normal 0 0 1
    outer loop
      vertex 6.26144 18.9894 4
      vertex -6.075 6.275 4
      vertex 17.075 6.275 4
    endloop
  endfacet
  facet normal 0 0 1
    outer loop
      vertex -6.95246 0.0752134 4
      vertex -6.075 6.275 4
      vertex -6.26144 18.9894 4
    endloop
  endfacet
  facet normal -0 0 1
    outer loop
      vertex -6.26144 18.9894 4
      vertex -6.075 6.275 4
      vertex -5.17638 19.3185 4
    endloop
  endfacet
  facet normal -0 0 -1
    outer loop
      vertex -45.8692 -44.1942 0
      vertex -47.2333 -44.3051 0
      vertex -45.8656 -44.0846 0
    endloop
  endfacet
  facet normal 0 0 -1
    outer loop
      vertex -45.837 -43.8674 0
      vertex -46.3198 -35.0303 0
      vertex -45.9619 -34.6482 0
    endloop
  endfacet
  facet normal -0 0 -1
    outer loop
      vertex -45.8656 -44.0846 0
      vertex -47.2333 -44.3051 0
      vertex -45.8548 -43.9755 0
    endloop
  endfacet
  facet normal 0 0 -1
    outer loop
      vertex -45.837 -43.8674 0
      vertex -46.6519 -35.435 0
      vertex -46.3198 -35.0303 0
    endloop
  endfacet
  facet normal -0 0 -1
    outer loop
      vertex -45.8548 -43.9755 0
      vertex -47.2333 -44.3051 0
      vertex -45.837 -43.8674 0
    endloop
  endfacet
  facet normal 0 0 -1
    outer loop
      vertex -45.837 -43.8674 0
      vertex -46.9568 -35.8605 0
      vertex -46.6519 -35.435 0
    endloop
  endfacet
  facet normal 0 0 -1
    outer loop
      vertex -47.4801 -43.8434 0
      vertex -45.837 -43.8674 0
      vertex -47.2333 -44.3051 0
    endloop
  endfacet
  facet normal 0 0 -1
    outer loop
      vertex -45.837 -43.8674 0
      vertex -47.2333 -36.3051 0
      vertex -46.9568 -35.8605 0
    endloop
  endfacet
  facet normal 0 0 -1
    outer loop
      vertex -47.6961 -43.3666 0
      vertex -45.837 -43.8674 0
      vertex -47.4801 -43.8434 0
    endloop
  endfacet
  facet normal 0 0 -1
    outer loop
      vertex -45.837 -43.8674 0
      vertex -47.4801 -36.7668 0
      vertex -47.2333 -36.3051 0
    endloop
  endfacet
  facet normal 0 0 -1
    outer loop
      vertex -47.8805 -42.8766 0
      vertex -45.837 -43.8674 0
      vertex -47.6961 -43.3666 0
    endloop
  endfacet
  facet normal 0 0 -1
    outer loop
      vertex -45.837 -43.8674 0
      vertex -47.6961 -37.2436 0
      vertex -47.4801 -36.7668 0
    endloop
  endfacet
  facet normal 0 0 -1
    outer loop
      vertex -48.0325 -42.3756 0
      vertex -45.837 -43.8674 0
      vertex -47.8805 -42.8766 0
    endloop
  endfacet
  facet normal 0 0 -1
    outer loop
      vertex -45.837 -43.8674 0
      vertex -47.8805 -37.7336 0
      vertex -47.6961 -37.2436 0
    endloop
  endfacet
  facet normal 0 0 -1
    outer loop
      vertex -48.1514 -41.8658 0
      vertex -45.837 -43.8674 0
      vertex -48.0325 -42.3756 0
    endloop
  endfacet
  facet normal 0 0 -1
    outer loop
      vertex -45.837 -43.8674 0
      vertex -48.0325 -38.2345 0
      vertex -47.8805 -37.7336 0
    endloop
  endfacet
  facet normal 0 0 -1
    outer loop
      vertex -48.2366 -41.3493 0
      vertex -45.837 -43.8674 0
      vertex -48.1514 -41.8658 0
    endloop
  endfacet
  facet normal 0 0 -1
    outer loop
      vertex -45.837 -43.8674 0
      vertex -48.1514 -38.7444 0
      vertex -48.0325 -38.2345 0
    endloop
  endfacet
  facet normal 0 0 -1
    outer loop
      vertex -48.288 -40.8283 0
      vertex -45.837 -43.8674 0
      vertex -48.2366 -41.3493 0
    endloop
  endfacet
  facet normal 0 0 -1
    outer loop
      vertex -45.837 -43.8674 0
      vertex -48.2366 -39.2609 0
      vertex -48.1514 -38.7444 0
    endloop
  endfacet
  facet normal 0 0 -1
    outer loop
      vertex -48.3051 -40.3051 0
      vertex -45.837 -43.8674 0
      vertex -48.288 -40.8283 0
    endloop
  endfacet
  facet normal 0 0 -1
    outer loop
      vertex -45.837 -43.8674 0
      vertex -48.288 -39.7819 0
      vertex -48.2366 -39.2609 0
    endloop
  endfacet
  facet normal 0 0 -1
    outer loop
      vertex -45.837 -43.8674 0
      vertex -48.3051 -40.3051 0
      vertex -48.288 -39.7819 0
    endloop
  endfacet
  facet normal 0 0 -1
    outer loop
      vertex -37.7336 -47.8805 0
      vertex -42.5228 -44.3037 0
      vertex -42.5192 -44.1942 0
    endloop
  endfacet
  facet normal 0 0 -1
    outer loop
      vertex -41.8658 -48.1514 0
      vertex -42.5335 -44.4128 0
      vertex -42.5228 -44.3037 0
    endloop
  endfacet
  facet normal 0 0 -1
    outer loop
      vertex -41.8658 -48.1514 0
      vertex -42.5514 -44.521 0
      vertex -42.5335 -44.4128 0
    endloop
  endfacet
  facet normal 0 0 -1
    outer loop
      vertex -41.8658 -48.1514 0
      vertex -42.5762 -44.6277 0
      vertex -42.5514 -44.521 0
    endloop
  endfacet
  facet normal 0 0 -1
    outer loop
      vertex -41.8658 -48.1514 0
      vertex -42.6081 -44.7326 0
      vertex -42.5762 -44.6277 0
    endloop
  endfacet
  facet normal 0 0 -1
    outer loop
      vertex -41.8658 -48.1514 0
      vertex -42.6467 -44.8352 0
      vertex -42.6081 -44.7326 0
    endloop
  endfacet
  facet normal 0 0 -1
    outer loop
      vertex -41.8658 -48.1514 0
      vertex -42.6919 -44.935 0
      vertex -42.6467 -44.8352 0
    endloop
  endfacet
  facet normal 0 0 -1
    outer loop
      vertex -41.8658 -48.1514 0
      vertex -42.7436 -45.0317 0
      vertex -42.6919 -44.935 0
    endloop
  endfacet
  facet normal 0 0 -1
    outer loop
      vertex -41.8658 -48.1514 0
      vertex -42.8015 -45.1248 0
      vertex -42.7436 -45.0317 0
    endloop
  endfacet
  facet normal 0 0 -1
    outer loop
      vertex -41.8658 -48.1514 0
      vertex -42.8653 -45.2138 0
      vertex -42.8015 -45.1248 0
    endloop
  endfacet
  facet normal 0 0 -1
    outer loop
      vertex -43.0898 -45.4535 0
      vertex -42.3756 -48.0325 0
      vertex -42.8766 -47.8805 0
    endloop
  endfacet
  facet normal 0 0 -1
    outer loop
      vertex -41.8658 -48.1514 0
      vertex -42.9348 -45.2986 0
      vertex -42.8653 -45.2138 0
    endloop
  endfacet
  facet normal 0 0 -1
    outer loop
      vertex -42.3756 -48.0325 0
      vertex -43.0098 -45.3786 0
      vertex -42.9348 -45.2986 0
    endloop
  endfacet
  facet normal 0 0 -1
    outer loop
      vertex -42.3756 -48.0325 0
      vertex -43.0898 -45.4535 0
      vertex -43.0098 -45.3786 0
    endloop
  endfacet
  facet normal 0 0 -1
    outer loop
      vertex -42.8766 -47.8805 0
      vertex -43.1745 -45.523 0
      vertex -43.0898 -45.4535 0
    endloop
  endfacet
  facet normal 0 0 -1
    outer loop
      vertex -42.8766 -47.8805 0
      vertex -43.2636 -45.5869 0
      vertex -43.1745 -45.523 0
    endloop
  endfacet
  facet normal 0 0 -1
    outer loop
      vertex -42.8766 -47.8805 0
      vertex -43.3567 -45.6448 0
      vertex -43.2636 -45.5869 0
    endloop
  endfacet
  facet normal 0 0 -1
    outer loop
      vertex -43.3666 -47.6961 0
      vertex -43.3567 -45.6448 0
      vertex -42.8766 -47.8805 0
    endloop
  endfacet
  facet normal 0 0 -1
    outer loop
      vertex -43.3666 -47.6961 0
      vertex -43.4533 -45.6964 0
      vertex -43.3567 -45.6448 0
    endloop
  endfacet
  facet normal 0 0 -1
    outer loop
      vertex -43.3666 -47.6961 0
      vertex -43.5532 -45.7417 0
      vertex -43.4533 -45.6964 0
    endloop
  endfacet
  facet normal 0 0 -1
    outer loop
      vertex -43.8434 -47.4801 0
      vertex -43.5532 -45.7417 0
      vertex -43.3666 -47.6961 0
    endloop
  endfacet
  facet normal 0 0 -1
    outer loop
      vertex -43.5532 -45.7417 0
      vertex -43.8434 -47.4801 0
      vertex -43.6558 -45.7803 0
    endloop
  endfacet
  facet normal 0 0 -1
    outer loop
      vertex -43.6558 -45.7803 0
      vertex -43.8434 -47.4801 0
      vertex -43.7607 -45.8121 0
    endloop
  endfacet
  facet normal 0 0 -1
    outer loop
      vertex -43.8434 -47.4801 0
      vertex -43.8674 -45.837 0
      vertex -43.7607 -45.8121 0
    endloop
  endfacet
  facet normal 0 0 -1
    outer loop
      vertex -44.3051 -47.2333 0
      vertex -43.8674 -45.837 0
      vertex -43.8434 -47.4801 0
    endloop
  endfacet
  facet normal 0 0 -1
    outer loop
      vertex -43.8674 -45.837 0
      vertex -44.3051 -47.2333 0
      vertex -43.9755 -45.8548 0
    endloop
  endfacet
  facet normal 0 0 -1
    outer loop
      vertex -43.9755 -45.8548 0
      vertex -44.3051 -47.2333 0
      vertex -44.0846 -45.8656 0
    endloop
  endfacet
  facet normal 0 0 -1
    outer loop
      vertex -44.0846 -45.8656 0
      vertex -44.3051 -47.2333 0
      vertex -44.1942 -45.8692 0
    endloop
  endfacet
  facet normal 0 0 -1
    outer loop
      vertex -44.7496 -46.9568 0
      vertex -44.1942 -45.8692 0
      vertex -44.3051 -47.2333 0
    endloop
  endfacet
  facet normal -0 0 -1
    outer loop
      vertex -44.1942 -45.8692 0
      vertex -44.7496 -46.9568 0
      vertex -44.3037 -45.8656 0
    endloop
  endfacet
  facet normal -0 0 -1
    outer loop
      vertex -44.3037 -45.8656 0
      vertex -44.7496 -46.9568 0
      vertex -44.4128 -45.8548 0
    endloop
  endfacet
  facet normal -0 0 -1
    outer loop
      vertex -44.4128 -45.8548 0
      vertex -44.7496 -46.9568 0
      vertex -44.521 -45.837 0
    endloop
  endfacet
  facet normal 0 0 -1
    outer loop
      vertex -45.1752 -46.6519 0
      vertex -44.521 -45.837 0
      vertex -44.7496 -46.9568 0
    endloop
  endfacet
  facet normal -0 0 -1
    outer loop
      vertex -44.521 -45.837 0
      vertex -45.1752 -46.6519 0
      vertex -44.6277 -45.8121 0
    endloop
  endfacet
  facet normal -0 0 -1
    outer loop
      vertex -44.6277 -45.8121 0
      vertex -45.1752 -46.6519 0
      vertex -44.7326 -45.7803 0
    endloop
  endfacet
  facet normal -0 0 -1
    outer loop
      vertex -44.7326 -45.7803 0
      vertex -45.1752 -46.6519 0
      vertex -44.8352 -45.7417 0
    endloop
  endfacet
  facet normal -0 0 -1
    outer loop
      vertex -44.8352 -45.7417 0
      vertex -45.1752 -46.6519 0
      vertex -44.935 -45.6964 0
    endloop
  endfacet
  facet normal 0 0 -1
    outer loop
      vertex -45.5799 -46.3198 0
      vertex -44.935 -45.6964 0
      vertex -45.1752 -46.6519 0
    endloop
  endfacet
  facet normal -0 0 -1
    outer loop
      vertex -44.935 -45.6964 0
      vertex -45.5799 -46.3198 0
      vertex -45.0317 -45.6448 0
    endloop
  endfacet
  facet normal -0 0 -1
    outer loop
      vertex -45.0317 -45.6448 0
      vertex -45.5799 -46.3198 0
      vertex -45.1248 -45.5869 0
    endloop
  endfacet
  facet normal -0 0 -1
    outer loop
      vertex -45.1248 -45.5869 0
      vertex -45.5799 -46.3198 0
      vertex -45.2138 -45.523 0
    endloop
  endfacet
  facet normal 0 0 -1
    outer loop
      vertex -45.9619 -45.9619 0
      vertex -45.2138 -45.523 0
      vertex -45.5799 -46.3198 0
    endloop
  endfacet
  facet normal -0 0 -1
    outer loop
      vertex -45.2138 -45.523 0
      vertex -45.9619 -45.9619 0
      vertex -45.2986 -45.4535 0
    endloop
  endfacet
  facet normal -0 0 -1
    outer loop
      vertex -45.2986 -45.4535 0
      vertex -45.9619 -45.9619 0
      vertex -45.3786 -45.3786 0
    endloop
  endfacet
  facet normal -0 0 -1
    outer loop
      vertex -45.3786 -45.3786 0
      vertex -45.9619 -45.9619 0
      vertex -45.4535 -45.2986 0
    endloop
  endfacet
  facet normal -0 0 -1
    outer loop
      vertex -45.4535 -45.2986 0
      vertex -45.9619 -45.9619 0
      vertex -45.523 -45.2138 0
    endloop
  endfacet
  facet normal 0 0 -1
    outer loop
      vertex -46.3198 -45.5799 0
      vertex -45.523 -45.2138 0
      vertex -45.9619 -45.9619 0
    endloop
  endfacet
  facet normal -0 0 -1
    outer loop
      vertex -45.523 -45.2138 0
      vertex -46.3198 -45.5799 0
      vertex -45.5869 -45.1248 0
    endloop
  endfacet
  facet normal -0 0 -1
    outer loop
      vertex -45.5869 -45.1248 0
      vertex -46.3198 -45.5799 0
      vertex -45.6448 -45.0317 0
    endloop
  endfacet
  facet normal -0 0 -1
    outer loop
      vertex -45.6448 -45.0317 0
      vertex -46.3198 -45.5799 0
      vertex -45.6964 -44.935 0
    endloop
  endfacet
  facet normal 0 0 -1
    outer loop
      vertex -46.6519 -45.1752 0
      vertex -45.6964 -44.935 0
      vertex -46.3198 -45.5799 0
    endloop
  endfacet
  facet normal -0 0 -1
    outer loop
      vertex -45.6964 -44.935 0
      vertex -46.6519 -45.1752 0
      vertex -45.7417 -44.8352 0
    endloop
  endfacet
  facet normal -0 0 -1
    outer loop
      vertex -45.7417 -44.8352 0
      vertex -46.6519 -45.1752 0
      vertex -45.7803 -44.7326 0
    endloop
  endfacet
  facet normal 0 0 -1
    outer loop
      vertex -46.9568 -44.7496 0
      vertex -45.837 -44.521 0
      vertex -46.6519 -45.1752 0
    endloop
  endfacet
  facet normal -0 0 -1
    outer loop
      vertex -45.8121 -44.6277 0
      vertex -46.6519 -45.1752 0
      vertex -45.837 -44.521 0
    endloop
  endfacet
  facet normal -0 0 -1
    outer loop
      vertex -45.7803 -44.7326 0
      vertex -46.6519 -45.1752 0
      vertex -45.8121 -44.6277 0
    endloop
  endfacet
  facet normal -0 0 -1
    outer loop
      vertex -9.24016 -0.150105 0
      vertex -19.9572 -1.30806 0
      vertex -9.24754 -0.0752134 0
    endloop
  endfacet
  facet normal 0 0 -1
    outer loop
      vertex -9.24754 0.0752134 0
      vertex -19.3185 5.17638 0
      vertex -18.9894 6.26144 0
    endloop
  endfacet
  facet normal 0 0 -1
    outer loop
      vertex -20 0 0
      vertex -9.24754 -0.0752134 0
      vertex -19.9572 -1.30806 0
    endloop
  endfacet
  facet normal 0 0 -1
    outer loop
      vertex -9.24754 0.0752134 0
      vertex -19.6157 3.90181 0
      vertex -19.3185 5.17638 0
    endloop
  endfacet
  facet normal 0 0 -1
    outer loop
      vertex -9.24754 -0.0752134 0
      vertex -20 0 0
      vertex -9.25 0 0
    endloop
  endfacet
  facet normal 0 0 -1
    outer loop
      vertex -9.24754 0.0752134 0
      vertex -19.8289 2.61052 0
      vertex -19.6157 3.90181 0
    endloop
  endfacet
  facet normal 0 0 -1
    outer loop
      vertex -9.25 0 0
      vertex -20 0 0
      vertex -9.24754 0.0752134 0
    endloop
  endfacet
  facet normal 0 0 -1
    outer loop
      vertex -9.24754 0.0752134 0
      vertex -19.9572 1.30806 0
      vertex -19.8289 2.61052 0
    endloop
  endfacet
  facet normal -0 0 -1
    outer loop
      vertex -9.24754 0.0752134 0
      vertex -20 0 0
      vertex -19.9572 1.30806 0
    endloop
  endfacet
  facet normal 0 0 -1
    outer loop
      vertex -6.95984 0.150105 0
      vertex -6.075 6.275 0
      vertex -6.95246 0.0752134 0
    endloop
  endfacet
  facet normal 0 0 -1
    outer loop
      vertex -6.9721 0.224354 0
      vertex -6.075 6.275 0
      vertex -6.95984 0.150105 0
    endloop
  endfacet
  facet normal 0 0 -1
    outer loop
      vertex -6.98918 0.297642 0
      vertex -6.075 6.275 0
      vertex -6.9721 0.224354 0
    endloop
  endfacet
  facet normal 0 0 -1
    outer loop
      vertex -7.01103 0.369655 0
      vertex -6.075 6.275 0
      vertex -6.98918 0.297642 0
    endloop
  endfacet
  facet normal 0 0 -1
    outer loop
      vertex -7.03754 0.440085 0
      vertex -6.075 6.275 0
      vertex -7.01103 0.369655 0
    endloop
  endfacet
  facet normal 0 0 -1
    outer loop
      vertex -7.0686 0.508632 0
      vertex -6.075 6.275 0
      vertex -7.03754 0.440085 0
    endloop
  endfacet
  facet normal 0 0 -1
    outer loop
      vertex -7.10407 0.575 0
      vertex -6.075 6.275 0
      vertex -7.0686 0.508632 0
    endloop
  endfacet
  facet normal 0 0 -1
    outer loop
      vertex -7.14381 0.638906 0
      vertex -6.075 6.275 0
      vertex -7.10407 0.575 0
    endloop
  endfacet
  facet normal 0 0 -1
    outer loop
      vertex -7.18764 0.700075 0
      vertex -6.075 6.275 0
      vertex -7.14381 0.638906 0
    endloop
  endfacet
  facet normal 0 0 -1
    outer loop
      vertex -7.23538 0.758247 0
      vertex -6.075 6.275 0
      vertex -7.18764 0.700075 0
    endloop
  endfacet
  facet normal 0 0 -1
    outer loop
      vertex -7.28683 0.813172 0
      vertex -6.075 6.275 0
      vertex -7.23538 0.758247 0
    endloop
  endfacet
  facet normal 0 0 -1
    outer loop
      vertex -7.34175 0.864615 0
      vertex -6.075 6.275 0
      vertex -7.28683 0.813172 0
    endloop
  endfacet
  facet normal 0 0 -1
    outer loop
      vertex -7.39992 0.912355 0
      vertex -6.075 6.275 0
      vertex -7.34175 0.864615 0
    endloop
  endfacet
  facet normal 0 0 -1
    outer loop
      vertex -7.46109 0.956189 0
      vertex -6.075 6.275 0
      vertex -7.39992 0.912355 0
    endloop
  endfacet
  facet normal 0 0 -1
    outer loop
      vertex -7.525 0.995929 0
      vertex -6.075 6.275 0
      vertex -7.46109 0.956189 0
    endloop
  endfacet
  facet normal 0 0 -1
    outer loop
      vertex -7.59137 1.0314 0
      vertex -6.075 6.275 0
      vertex -7.525 0.995929 0
    endloop
  endfacet
  facet normal 0 0 -1
    outer loop
      vertex -7.65991 1.06246 0
      vertex -6.075 6.275 0
      vertex -7.59137 1.0314 0
    endloop
  endfacet
  facet normal 0 0 -1
    outer loop
      vertex -7.73034 1.08897 0
      vertex -6.075 6.275 0
      vertex -7.65991 1.06246 0
    endloop
  endfacet
  facet normal 0 0 -1
    outer loop
      vertex -7.80236 1.11081 0
      vertex -6.075 6.275 0
      vertex -7.73034 1.08897 0
    endloop
  endfacet
  facet normal 0 0 -1
    outer loop
      vertex -7.87565 1.1279 0
      vertex -6.075 6.275 0
      vertex -7.80236 1.11081 0
    endloop
  endfacet
  facet normal 0 0 -1
    outer loop
      vertex -7.94989 1.14016 0
      vertex -6.075 6.275 0
      vertex -7.87565 1.1279 0
    endloop
  endfacet
  facet normal 0 0 -1
    outer loop
      vertex -8.02479 1.14754 0
      vertex -6.075 6.275 0
      vertex -7.94989 1.14016 0
    endloop
  endfacet
  facet normal 0 0 -1
    outer loop
      vertex -8.1 1.15 0
      vertex -6.075 6.275 0
      vertex -8.02479 1.14754 0
    endloop
  endfacet
  facet normal 0 0 -1
    outer loop
      vertex -8.17521 1.14754 0
      vertex -6.075 6.275 0
      vertex -8.1 1.15 0
    endloop
  endfacet
  facet normal 0 0 -1
    outer loop
      vertex -8.2501 1.14016 0
      vertex -6.075 6.275 0
      vertex -8.17521 1.14754 0
    endloop
  endfacet
  facet normal 0 0 -1
    outer loop
      vertex -8.32435 1.1279 0
      vertex -6.075 6.275 0
      vertex -8.2501 1.14016 0
    endloop
  endfacet
  facet normal 0 0 -1
    outer loop
      vertex -8.39764 1.11081 0
      vertex -6.075 6.275 0
      vertex -8.32435 1.1279 0
    endloop
  endfacet
  facet normal 0 0 -1
    outer loop
      vertex -8.46966 1.08897 0
      vertex -6.075 6.275 0
      vertex -8.39764 1.11081 0
    endloop
  endfacet
  facet normal 0 0 -1
    outer loop
      vertex -8.54009 1.06246 0
      vertex -6.075 6.275 0
      vertex -8.46966 1.08897 0
    endloop
  endfacet
  facet normal 0 0 -1
    outer loop
      vertex -8.60863 1.0314 0
      vertex -6.075 6.275 0
      vertex -8.54009 1.06246 0
    endloop
  endfacet
  facet normal 0 0 -1
    outer loop
      vertex -8.675 0.995929 0
      vertex -6.075 6.275 0
      vertex -8.60863 1.0314 0
    endloop
  endfacet
  facet normal 0 0 -1
    outer loop
      vertex -8.7389 0.956189 0
      vertex -6.075 6.275 0
      vertex -8.675 0.995929 0
    endloop
  endfacet
  facet normal 0 0 -1
    outer loop
      vertex -6.075 6.275 0
      vertex -8.7389 0.956189 0
      vertex -18.9894 6.26144 0
    endloop
  endfacet
  facet normal 0 0 -1
    outer loop
      vertex -18.9894 6.26144 0
      vertex -8.7389 0.956189 0
      vertex -8.80008 0.912355 0
    endloop
  endfacet
  facet normal 0 0 -1
    outer loop
      vertex -18.9894 6.26144 0
      vertex -8.80008 0.912355 0
      vertex -8.85825 0.864615 0
    endloop
  endfacet
  facet normal 0 0 -1
    outer loop
      vertex -18.9894 6.26144 0
      vertex -8.85825 0.864615 0
      vertex -8.91317 0.813172 0
    endloop
  endfacet
  facet normal 0 0 -1
    outer loop
      vertex -18.9894 6.26144 0
      vertex -8.91317 0.813172 0
      vertex -8.96461 0.758247 0
    endloop
  endfacet
  facet normal 0 0 -1
    outer loop
      vertex -18.9894 6.26144 0
      vertex -8.96461 0.758247 0
      vertex -9.01236 0.700075 0
    endloop
  endfacet
  facet normal 0 0 -1
    outer loop
      vertex -18.9894 6.26144 0
      vertex -9.01236 0.700075 0
      vertex -9.05619 0.638906 0
    endloop
  endfacet
  facet normal 0 0 -1
    outer loop
      vertex -18.9894 6.26144 0
      vertex -9.05619 0.638906 0
      vertex -9.09593 0.575 0
    endloop
  endfacet
  facet normal 0 0 -1
    outer loop
      vertex -18.9894 6.26144 0
      vertex -9.09593 0.575 0
      vertex -9.1314 0.508632 0
    endloop
  endfacet
  facet normal 0 0 -1
    outer loop
      vertex -18.9894 6.26144 0
      vertex -9.1314 0.508632 0
      vertex -9.16246 0.440085 0
    endloop
  endfacet
  facet normal 0 0 -1
    outer loop
      vertex -18.9894 6.26144 0
      vertex -9.16246 0.440085 0
      vertex -9.18897 0.369655 0
    endloop
  endfacet
  facet normal 0 0 -1
    outer loop
      vertex -18.9894 6.26144 0
      vertex -9.18897 0.369655 0
      vertex -9.21081 0.297642 0
    endloop
  endfacet
  facet normal 0 0 -1
    outer loop
      vertex -18.9894 6.26144 0
      vertex -9.21081 0.297642 0
      vertex -9.2279 0.224354 0
    endloop
  endfacet
  facet normal 0 0 -1
    outer loop
      vertex -18.9894 6.26144 0
      vertex -9.2279 0.224354 0
      vertex -9.24016 0.150105 0
    endloop
  endfacet
  facet normal 0 0 -1
    outer loop
      vertex -19.9572 -1.30806 0
      vertex -9.2279 -0.224354 0
      vertex -19.8289 -2.61052 0
    endloop
  endfacet
  facet normal -0 0 -1
    outer loop
      vertex -9.2279 -0.224354 0
      vertex -19.9572 -1.30806 0
      vertex -9.24016 -0.150105 0
    endloop
  endfacet
  facet normal 0 0 -1
    outer loop
      vertex -9.24754 0.0752134 0
      vertex -18.9894 6.26144 0
      vertex -9.24016 0.150105 0
    endloop
  endfacet
  facet normal -0 0 -1
    outer loop
      vertex -6.075 6.275 0
      vertex -18.9894 6.26144 0
      vertex -6.26144 18.9894 0
    endloop
  endfacet
  facet normal 0 0 -1
    outer loop
      vertex -34.6482 45.9619 0
      vertex -6.26144 18.9894 0
      vertex -18.9894 6.26144 0
    endloop
  endfacet
  facet normal 0 0 -1
    outer loop
      vertex -6.26144 18.9894 0
      vertex -34.6482 45.9619 0
      vertex -33.9411 46.669 0
    endloop
  endfacet
  facet normal 0 0 -1
    outer loop
      vertex -45.9619 34.6482 0
      vertex -34.6482 45.9619 0
      vertex -18.9894 6.26144 0
    endloop
  endfacet
  facet normal 0 -0 -1
    outer loop
      vertex -43.0098 43.0098 0
      vertex -34.6482 45.9619 0
      vertex -45.9619 34.6482 0
    endloop
  endfacet
  facet normal 0 -0 -1
    outer loop
      vertex -42.9348 43.0898 0
      vertex -34.6482 45.9619 0
      vertex -43.0098 43.0098 0
    endloop
  endfacet
  facet normal 0 -0 -1
    outer loop
      vertex -42.8015 43.2636 0
      vertex -34.6482 45.9619 0
      vertex -42.8653 43.1745 0
    endloop
  endfacet
  facet normal 0 -0 -1
    outer loop
      vertex -42.7436 43.3567 0
      vertex -34.6482 45.9619 0
      vertex -42.8015 43.2636 0
    endloop
  endfacet
  facet normal 0 -0 -1
    outer loop
      vertex -42.6919 43.4533 0
      vertex -34.6482 45.9619 0
      vertex -42.7436 43.3567 0
    endloop
  endfacet
  facet normal 0 -0 -1
    outer loop
      vertex -42.6081 43.6558 0
      vertex -34.6482 45.9619 0
      vertex -42.6467 43.5532 0
    endloop
  endfacet
  facet normal 0 -0 -1
    outer loop
      vertex -42.5762 43.7607 0
      vertex -34.6482 45.9619 0
      vertex -42.6081 43.6558 0
    endloop
  endfacet
  facet normal 0 -0 -1
    outer loop
      vertex -42.5514 43.8674 0
      vertex -35.0303 46.3198 0
      vertex -42.5762 43.7607 0
    endloop
  endfacet
  facet normal -0 0 -1
    outer loop
      vertex -35.0303 46.3198 0
      vertex -42.5514 43.8674 0
      vertex -35.435 46.6519 0
    endloop
  endfacet
  facet normal -0 0 -1
    outer loop
      vertex -35.8605 46.9568 0
      vertex -42.5335 43.9755 0
      vertex -36.3051 47.2333 0
    endloop
  endfacet
  facet normal -0 0 -1
    outer loop
      vertex -36.3051 47.2333 0
      vertex -42.5228 44.0846 0
      vertex -36.7668 47.4801 0
    endloop
  endfacet
  facet normal -0 0 -1
    outer loop
      vertex -37.2436 47.6961 0
      vertex -42.5192 44.1942 0
      vertex -37.7336 47.8805 0
    endloop
  endfacet
  facet normal -0 0 -1
    outer loop
      vertex -37.7336 47.8805 0
      vertex -42.5228 44.3037 0
      vertex -38.2345 48.0325 0
    endloop
  endfacet
  facet normal -0 0 -1
    outer loop
      vertex -38.2345 48.0325 0
      vertex -42.5335 44.4128 0
      vertex -38.7444 48.1514 0
    endloop
  endfacet
  facet normal 0 0 -1
    outer loop
      vertex -42.5762 44.6277 0
      vertex -39.2609 48.2366 0
      vertex -42.5514 44.521 0
    endloop
  endfacet
  facet normal 0 0 -1
    outer loop
      vertex -42.6081 44.7326 0
      vertex -39.7819 48.288 0
      vertex -42.5762 44.6277 0
    endloop
  endfacet
  facet normal -0 0 -1
    outer loop
      vertex -39.2609 48.2366 0
      vertex -42.5762 44.6277 0
      vertex -39.7819 48.288 0
    endloop
  endfacet
  facet normal -0 0 -1
    outer loop
      vertex -38.7444 48.1514 0
      vertex -42.5514 44.521 0
      vertex -39.2609 48.2366 0
    endloop
  endfacet
  facet normal 0 0 -1
    outer loop
      vertex -42.5514 44.521 0
      vertex -38.7444 48.1514 0
      vertex -42.5335 44.4128 0
    endloop
  endfacet
  facet normal 0 0 -1
    outer loop
      vertex -42.5335 44.4128 0
      vertex -38.2345 48.0325 0
      vertex -42.5228 44.3037 0
    endloop
  endfacet
  facet normal 0 0 -1
    outer loop
      vertex -42.5228 44.3037 0
      vertex -37.7336 47.8805 0
      vertex -42.5192 44.1942 0
    endloop
  endfacet
  facet normal 0 -0 -1
    outer loop
      vertex -42.5192 44.1942 0
      vertex -37.2436 47.6961 0
      vertex -42.5228 44.0846 0
    endloop
  endfacet
  facet normal -0 0 -1
    outer loop
      vertex -36.7668 47.4801 0
      vertex -42.5228 44.0846 0
      vertex -37.2436 47.6961 0
    endloop
  endfacet
  facet normal 0 -0 -1
    outer loop
      vertex -42.5228 44.0846 0
      vertex -36.3051 47.2333 0
      vertex -42.5335 43.9755 0
    endloop
  endfacet
  facet normal 0 -0 -1
    outer loop
      vertex -42.5335 43.9755 0
      vertex -35.8605 46.9568 0
      vertex -42.5514 43.8674 0
    endloop
  endfacet
  facet normal -0 0 -1
    outer loop
      vertex -35.435 46.6519 0
      vertex -42.5514 43.8674 0
      vertex -35.8605 46.9568 0
    endloop
  endfacet
  facet normal -0 0 -1
    outer loop
      vertex -34.6482 45.9619 0
      vertex -42.5762 43.7607 0
      vertex -35.0303 46.3198 0
    endloop
  endfacet
  facet normal 0 -0 -1
    outer loop
      vertex -42.6467 43.5532 0
      vertex -34.6482 45.9619 0
      vertex -42.6919 43.4533 0
    endloop
  endfacet
  facet normal 0 -0 -1
    outer loop
      vertex -42.8653 43.1745 0
      vertex -34.6482 45.9619 0
      vertex -42.9348 43.0898 0
    endloop
  endfacet
  facet normal 0 0 -1
    outer loop
      vertex -43.0098 43.0098 0
      vertex -45.9619 34.6482 0
      vertex -43.0898 42.9348 0
    endloop
  endfacet
  facet normal 0 0 -1
    outer loop
      vertex -43.0898 42.9348 0
      vertex -45.9619 34.6482 0
      vertex -43.1745 42.8653 0
    endloop
  endfacet
  facet normal 0 0 -1
    outer loop
      vertex -43.1745 42.8653 0
      vertex -45.9619 34.6482 0
      vertex -43.2636 42.8015 0
    endloop
  endfacet
  facet normal 0 0 -1
    outer loop
      vertex -43.2636 42.8015 0
      vertex -45.9619 34.6482 0
      vertex -43.3567 42.7436 0
    endloop
  endfacet
  facet normal 0 0 -1
    outer loop
      vertex -43.3567 42.7436 0
      vertex -45.9619 34.6482 0
      vertex -43.4533 42.6919 0
    endloop
  endfacet
  facet normal 0 0 -1
    outer loop
      vertex -43.4533 42.6919 0
      vertex -45.9619 34.6482 0
      vertex -43.5532 42.6467 0
    endloop
  endfacet
  facet normal 0 0 -1
    outer loop
      vertex -43.5532 42.6467 0
      vertex -45.9619 34.6482 0
      vertex -43.6558 42.6081 0
    endloop
  endfacet
  facet normal 0 0 -1
    outer loop
      vertex -43.6558 42.6081 0
      vertex -45.9619 34.6482 0
      vertex -43.7607 42.5762 0
    endloop
  endfacet
  facet normal 0 0 -1
    outer loop
      vertex -43.7607 42.5762 0
      vertex -45.9619 34.6482 0
      vertex -43.8674 42.5514 0
    endloop
  endfacet
  facet normal 0 0 -1
    outer loop
      vertex -46.3198 35.0303 0
      vertex -43.8674 42.5514 0
      vertex -45.9619 34.6482 0
    endloop
  endfacet
  facet normal 0 0 -1
    outer loop
      vertex -46.6519 35.435 0
      vertex -43.8674 42.5514 0
      vertex -46.3198 35.0303 0
    endloop
  endfacet
  facet normal 0 0 -1
    outer loop
      vertex -43.8674 42.5514 0
      vertex -46.6519 35.435 0
      vertex -43.9755 42.5335 0
    endloop
  endfacet
  facet normal 0 0 -1
    outer loop
      vertex -46.9568 35.8605 0
      vertex -43.9755 42.5335 0
      vertex -46.6519 35.435 0
    endloop
  endfacet
  facet normal 0 0 -1
    outer loop
      vertex -47.2333 36.3051 0
      vertex -43.9755 42.5335 0
      vertex -46.9568 35.8605 0
    endloop
  endfacet
  facet normal 0 0 -1
    outer loop
      vertex -43.9755 42.5335 0
      vertex -47.2333 36.3051 0
      vertex -44.0846 42.5228 0
    endloop
  endfacet
  facet normal 0 0 -1
    outer loop
      vertex -47.4801 36.7668 0
      vertex -44.0846 42.5228 0
      vertex -47.2333 36.3051 0
    endloop
  endfacet
  facet normal 0 0 -1
    outer loop
      vertex -44.0846 42.5228 0
      vertex -47.4801 36.7668 0
      vertex -44.1942 42.5192 0
    endloop
  endfacet
  facet normal 0 0 -1
    outer loop
      vertex -47.6961 37.2436 0
      vertex -44.1942 42.5192 0
      vertex -47.4801 36.7668 0
    endloop
  endfacet
  facet normal 0 0 -1
    outer loop
      vertex -47.8805 37.7336 0
      vertex -44.1942 42.5192 0
      vertex -47.6961 37.2436 0
    endloop
  endfacet
  facet normal -0 0 -1
    outer loop
      vertex -44.1942 42.5192 0
      vertex -47.8805 37.7336 0
      vertex -44.3037 42.5228 0
    endloop
  endfacet
  facet normal 0 0 -1
    outer loop
      vertex -48.0325 38.2345 0
      vertex -44.3037 42.5228 0
      vertex -47.8805 37.7336 0
    endloop
  endfacet
  facet normal -0 0 -1
    outer loop
      vertex -44.3037 42.5228 0
      vertex -48.0325 38.2345 0
      vertex -44.4128 42.5335 0
    endloop
  endfacet
  facet normal 0 0 -1
    outer loop
      vertex -48.1514 38.7444 0
      vertex -44.4128 42.5335 0
      vertex -48.0325 38.2345 0
    endloop
  endfacet
  facet normal -0 0 -1
    outer loop
      vertex -44.4128 42.5335 0
      vertex -48.1514 38.7444 0
      vertex -44.521 42.5514 0
    endloop
  endfacet
  facet normal 0 0 -1
    outer loop
      vertex -48.2366 39.2609 0
      vertex -44.521 42.5514 0
      vertex -48.1514 38.7444 0
    endloop
  endfacet
  facet normal -0 0 -1
    outer loop
      vertex -45.1248 42.8015 0
      vertex -48.2366 41.3493 0
      vertex -45.2138 42.8653 0
    endloop
  endfacet
  facet normal -0 0 -1
    outer loop
      vertex -45.0317 42.7436 0
      vertex -48.2366 41.3493 0
      vertex -45.1248 42.8015 0
    endloop
  endfacet
  facet normal 0 -0 -1
    outer loop
      vertex -48.2366 41.3493 0
      vertex -45.0317 42.7436 0
      vertex -48.288 40.8283 0
    endloop
  endfacet
  facet normal -0 0 -1
    outer loop
      vertex -44.935 42.6919 0
      vertex -48.288 40.8283 0
      vertex -45.0317 42.7436 0
    endloop
  endfacet
  facet normal 0 -0 -1
    outer loop
      vertex -48.288 40.8283 0
      vertex -44.935 42.6919 0
      vertex -48.3051 40.3051 0
    endloop
  endfacet
  facet normal -0 0 -1
    outer loop
      vertex -44.8352 42.6467 0
      vertex -48.3051 40.3051 0
      vertex -44.935 42.6919 0
    endloop
  endfacet
  facet normal -0 0 -1
    outer loop
      vertex -44.7326 42.6081 0
      vertex -48.3051 40.3051 0
      vertex -44.8352 42.6467 0
    endloop
  endfacet
  facet normal 0 0 -1
    outer loop
      vertex -48.3051 40.3051 0
      vertex -44.7326 42.6081 0
      vertex -48.288 39.7819 0
    endloop
  endfacet
  facet normal -0 0 -1
    outer loop
      vertex -44.6277 42.5762 0
      vertex -48.288 39.7819 0
      vertex -44.7326 42.6081 0
    endloop
  endfacet
  facet normal 0 0 -1
    outer loop
      vertex -48.288 39.7819 0
      vertex -44.6277 42.5762 0
      vertex -48.2366 39.2609 0
    endloop
  endfacet
  facet normal -0 0 -1
    outer loop
      vertex -44.521 42.5514 0
      vertex -48.2366 39.2609 0
      vertex -44.6277 42.5762 0
    endloop
  endfacet
  facet normal 0 -0 -1
    outer loop
      vertex -45.9619 34.6482 0
      vertex -18.9894 6.26144 0
      vertex -46.669 33.9411 0
    endloop
  endfacet
  facet normal -0 0 -1
    outer loop
      vertex -39.7819 48.288 0
      vertex -42.6081 44.7326 0
      vertex -40.3051 48.3051 0
    endloop
  endfacet
  facet normal 0 0 -1
    outer loop
      vertex -42.6467 44.8352 0
      vertex -40.3051 48.3051 0
      vertex -42.6081 44.7326 0
    endloop
  endfacet
  facet normal 0 0 -1
    outer loop
      vertex -42.6919 44.935 0
      vertex -40.3051 48.3051 0
      vertex -42.6467 44.8352 0
    endloop
  endfacet
  facet normal 0 0 -1
    outer loop
      vertex -40.3051 48.3051 0
      vertex -42.6919 44.935 0
      vertex -40.8283 48.288 0
    endloop
  endfacet
  facet normal 0 0 -1
    outer loop
      vertex -42.7436 45.0317 0
      vertex -40.8283 48.288 0
      vertex -42.6919 44.935 0
    endloop
  endfacet
  facet normal 0 0 -1
    outer loop
      vertex -40.8283 48.288 0
      vertex -42.7436 45.0317 0
      vertex -41.3493 48.2366 0
    endloop
  endfacet
  facet normal 0 0 -1
    outer loop
      vertex -42.8015 45.1248 0
      vertex -41.3493 48.2366 0
      vertex -42.7436 45.0317 0
    endloop
  endfacet
  facet normal 0 0 -1
    outer loop
      vertex -42.8653 45.2138 0
      vertex -41.3493 48.2366 0
      vertex -42.8015 45.1248 0
    endloop
  endfacet
  facet normal 0 0 -1
    outer loop
      vertex -41.3493 48.2366 0
      vertex -42.8653 45.2138 0
      vertex -41.8658 48.1514 0
    endloop
  endfacet
  facet normal 0 0 -1
    outer loop
      vertex -42.9348 45.2986 0
      vertex -41.8658 48.1514 0
      vertex -42.8653 45.2138 0
    endloop
  endfacet
  facet normal 0 0 -1
    outer loop
      vertex -41.8658 48.1514 0
      vertex -42.9348 45.2986 0
      vertex -42.3756 48.0325 0
    endloop
  endfacet
  facet normal 0 0 -1
    outer loop
      vertex -43.0098 45.3786 0
      vertex -42.3756 48.0325 0
      vertex -42.9348 45.2986 0
    endloop
  endfacet
  facet normal 0 0 -1
    outer loop
      vertex -43.0898 45.4535 0
      vertex -42.3756 48.0325 0
      vertex -43.0098 45.3786 0
    endloop
  endfacet
  facet normal 0 0 -1
    outer loop
      vertex -42.3756 48.0325 0
      vertex -43.0898 45.4535 0
      vertex -42.8766 47.8805 0
    endloop
  endfacet
  facet normal 0 0 -1
    outer loop
      vertex -43.1745 45.523 0
      vertex -42.8766 47.8805 0
      vertex -43.0898 45.4535 0
    endloop
  endfacet
  facet normal 0 0 -1
    outer loop
      vertex -43.2636 45.5869 0
      vertex -42.8766 47.8805 0
      vertex -43.1745 45.523 0
    endloop
  endfacet
  facet normal 0 0 -1
    outer loop
      vertex -43.3567 45.6448 0
      vertex -42.8766 47.8805 0
      vertex -43.2636 45.5869 0
    endloop
  endfacet
  facet normal 0 0 -1
    outer loop
      vertex -43.3567 45.6448 0
      vertex -43.3666 47.6961 0
      vertex -42.8766 47.8805 0
    endloop
  endfacet
  facet normal 0 0 -1
    outer loop
      vertex -43.4533 45.6964 0
      vertex -43.3666 47.6961 0
      vertex -43.3567 45.6448 0
    endloop
  endfacet
  facet normal 0 0 -1
    outer loop
      vertex -43.5532 45.7417 0
      vertex -43.3666 47.6961 0
      vertex -43.4533 45.6964 0
    endloop
  endfacet
  facet normal 0 0 -1
    outer loop
      vertex -43.8434 47.4801 0
      vertex -43.5532 45.7417 0
      vertex -43.6558 45.7803 0
    endloop
  endfacet
  facet normal 0 0 -1
    outer loop
      vertex -43.8434 47.4801 0
      vertex -43.6558 45.7803 0
      vertex -43.7607 45.8121 0
    endloop
  endfacet
  facet normal 0 0 -1
    outer loop
      vertex -43.5532 45.7417 0
      vertex -43.8434 47.4801 0
      vertex -43.3666 47.6961 0
    endloop
  endfacet
  facet normal 0 0 -1
    outer loop
      vertex -43.8674 45.837 0
      vertex -43.8434 47.4801 0
      vertex -43.7607 45.8121 0
    endloop
  endfacet
  facet normal 0 0 -1
    outer loop
      vertex -44.3051 47.2333 0
      vertex -43.8674 45.837 0
      vertex -43.9755 45.8548 0
    endloop
  endfacet
  facet normal 0 0 -1
    outer loop
      vertex -44.3051 47.2333 0
      vertex -43.9755 45.8548 0
      vertex -44.0846 45.8656 0
    endloop
  endfacet
  facet normal 0 0 -1
    outer loop
      vertex -44.3051 47.2333 0
      vertex -44.0846 45.8656 0
      vertex -44.1942 45.8692 0
    endloop
  endfacet
  facet normal 0 0 -1
    outer loop
      vertex -44.7496 46.9568 0
      vertex -44.1942 45.8692 0
      vertex -44.3037 45.8656 0
    endloop
  endfacet
  facet normal 0 0 -1
    outer loop
      vertex -43.8674 45.837 0
      vertex -44.3051 47.2333 0
      vertex -43.8434 47.4801 0
    endloop
  endfacet
  facet normal 0 0 -1
    outer loop
      vertex -44.7496 46.9568 0
      vertex -44.3037 45.8656 0
      vertex -44.4128 45.8548 0
    endloop
  endfacet
  facet normal 0 0 -1
    outer loop
      vertex -44.7496 46.9568 0
      vertex -44.4128 45.8548 0
      vertex -44.521 45.837 0
    endloop
  endfacet
  facet normal 0 0 -1
    outer loop
      vertex -45.1752 46.6519 0
      vertex -44.521 45.837 0
      vertex -44.6277 45.8121 0
    endloop
  endfacet
  facet normal 0 0 -1
    outer loop
      vertex -45.1752 46.6519 0
      vertex -44.6277 45.8121 0
      vertex -44.7326 45.7803 0
    endloop
  endfacet
  facet normal 0 0 -1
    outer loop
      vertex -44.1942 45.8692 0
      vertex -44.7496 46.9568 0
      vertex -44.3051 47.2333 0
    endloop
  endfacet
  facet normal 0 0 -1
    outer loop
      vertex -45.1752 46.6519 0
      vertex -44.7326 45.7803 0
      vertex -44.8352 45.7417 0
    endloop
  endfacet
  facet normal 0 0 -1
    outer loop
      vertex -45.1752 46.6519 0
      vertex -44.8352 45.7417 0
      vertex -44.935 45.6964 0
    endloop
  endfacet
  facet normal 0 0 -1
    outer loop
      vertex -45.5799 46.3198 0
      vertex -44.935 45.6964 0
      vertex -45.0317 45.6448 0
    endloop
  endfacet
  facet normal 0 0 -1
    outer loop
      vertex -45.5799 46.3198 0
      vertex -45.0317 45.6448 0
      vertex -45.1248 45.5869 0
    endloop
  endfacet
  facet normal 0 0 -1
    outer loop
      vertex -44.521 45.837 0
      vertex -45.1752 46.6519 0
      vertex -44.7496 46.9568 0
    endloop
  endfacet
  facet normal 0 0 -1
    outer loop
      vertex -45.5799 46.3198 0
      vertex -45.1248 45.5869 0
      vertex -45.2138 45.523 0
    endloop
  endfacet
  facet normal 0 0 -1
    outer loop
      vertex -45.9619 45.9619 0
      vertex -45.2138 45.523 0
      vertex -45.2986 45.4535 0
    endloop
  endfacet
  facet normal 0 0 -1
    outer loop
      vertex -45.9619 45.9619 0
      vertex -45.2986 45.4535 0
      vertex -45.3786 45.3786 0
    endloop
  endfacet
  facet normal 0 0 -1
    outer loop
      vertex -45.9619 45.9619 0
      vertex -45.3786 45.3786 0
      vertex -45.4535 45.2986 0
    endloop
  endfacet
  facet normal 0 0 -1
    outer loop
      vertex -45.9619 45.9619 0
      vertex -45.4535 45.2986 0
      vertex -45.523 45.2138 0
    endloop
  endfacet
  facet normal 0 0 -1
    outer loop
      vertex -44.935 45.6964 0
      vertex -45.5799 46.3198 0
      vertex -45.1752 46.6519 0
    endloop
  endfacet
  facet normal 0 0 -1
    outer loop
      vertex -46.3198 45.5799 0
      vertex -45.523 45.2138 0
      vertex -45.5869 45.1248 0
    endloop
  endfacet
  facet normal 0 0 -1
    outer loop
      vertex -46.3198 45.5799 0
      vertex -45.5869 45.1248 0
      vertex -45.6448 45.0317 0
    endloop
  endfacet
  facet normal 0 0 -1
    outer loop
      vertex -46.3198 45.5799 0
      vertex -45.6448 45.0317 0
      vertex -45.6964 44.935 0
    endloop
  endfacet
  facet normal 0 0 -1
    outer loop
      vertex -46.6519 45.1752 0
      vertex -45.6964 44.935 0
      vertex -45.7417 44.8352 0
    endloop
  endfacet
  facet normal 0 0 -1
    outer loop
      vertex -46.6519 45.1752 0
      vertex -45.7417 44.8352 0
      vertex -45.7803 44.7326 0
    endloop
  endfacet
  facet normal 0 0 -1
    outer loop
      vertex -46.6519 45.1752 0
      vertex -45.7803 44.7326 0
      vertex -45.8121 44.6277 0
    endloop
  endfacet
  facet normal 0 0 -1
    outer loop
      vertex -46.6519 45.1752 0
      vertex -45.8121 44.6277 0
      vertex -45.837 44.521 0
    endloop
  endfacet
  facet normal 0 0 -1
    outer loop
      vertex -46.9568 44.7496 0
      vertex -45.837 44.521 0
      vertex -45.8548 44.4128 0
    endloop
  endfacet
  facet normal 0 0 -1
    outer loop
      vertex -45.2138 45.523 0
      vertex -45.9619 45.9619 0
      vertex -45.5799 46.3198 0
    endloop
  endfacet
  facet normal 0 0 -1
    outer loop
      vertex -46.9568 44.7496 0
      vertex -45.8548 44.4128 0
      vertex -45.8656 44.3037 0
    endloop
  endfacet
  facet normal 0 0 -1
    outer loop
      vertex -46.9568 44.7496 0
      vertex -45.8656 44.3037 0
      vertex -45.8692 44.1942 0
    endloop
  endfacet
  facet normal 0 -0 -1
    outer loop
      vertex -48.1514 41.8658 0
      vertex -45.2138 42.8653 0
      vertex -48.2366 41.3493 0
    endloop
  endfacet
  facet normal -0 0 -1
    outer loop
      vertex -45.2138 42.8653 0
      vertex -48.1514 41.8658 0
      vertex -45.2986 42.9348 0
    endloop
  endfacet
  facet normal 0 0 -1
    outer loop
      vertex -45.523 45.2138 0
      vertex -46.3198 45.5799 0
      vertex -45.9619 45.9619 0
    endloop
  endfacet
  facet normal -0 0 -1
    outer loop
      vertex -45.2986 42.9348 0
      vertex -48.1514 41.8658 0
      vertex -45.3786 43.0098 0
    endloop
  endfacet
  facet normal 0 0 -1
    outer loop
      vertex -45.6964 44.935 0
      vertex -46.6519 45.1752 0
      vertex -46.3198 45.5799 0
    endloop
  endfacet
  facet normal 0 -0 -1
    outer loop
      vertex -48.0325 42.3756 0
      vertex -45.3786 43.0098 0
      vertex -48.1514 41.8658 0
    endloop
  endfacet
  facet normal 0 0 -1
    outer loop
      vertex -45.837 44.521 0
      vertex -46.9568 44.7496 0
      vertex -46.6519 45.1752 0
    endloop
  endfacet
  facet normal -0 0 -1
    outer loop
      vertex -45.3786 43.0098 0
      vertex -48.0325 42.3756 0
      vertex -45.4535 43.0898 0
    endloop
  endfacet
  facet normal 0 0 -1
    outer loop
      vertex -45.8692 44.1942 0
      vertex -47.2333 44.3051 0
      vertex -46.9568 44.7496 0
    endloop
  endfacet
  facet normal -0 0 -1
    outer loop
      vertex -45.4535 43.0898 0
      vertex -48.0325 42.3756 0
      vertex -45.523 43.1745 0
    endloop
  endfacet
  facet normal 0 0 -1
    outer loop
      vertex -45.8656 44.0846 0
      vertex -47.2333 44.3051 0
      vertex -45.8692 44.1942 0
    endloop
  endfacet
  facet normal 0 -0 -1
    outer loop
      vertex -47.8805 42.8766 0
      vertex -45.523 43.1745 0
      vertex -48.0325 42.3756 0
    endloop
  endfacet
  facet normal 0 0 -1
    outer loop
      vertex -45.8548 43.9755 0
      vertex -47.2333 44.3051 0
      vertex -45.8656 44.0846 0
    endloop
  endfacet
  facet normal -0 0 -1
    outer loop
      vertex -45.523 43.1745 0
      vertex -47.8805 42.8766 0
      vertex -45.5869 43.2636 0
    endloop
  endfacet
  facet normal 0 0 -1
    outer loop
      vertex -45.837 43.8674 0
      vertex -47.2333 44.3051 0
      vertex -45.8548 43.9755 0
    endloop
  endfacet
  facet normal -0 0 -1
    outer loop
      vertex -45.5869 43.2636 0
      vertex -47.8805 42.8766 0
      vertex -45.6448 43.3567 0
    endloop
  endfacet
  facet normal 0 -0 -1
    outer loop
      vertex -47.2333 44.3051 0
      vertex -45.837 43.8674 0
      vertex -47.4801 43.8434 0
    endloop
  endfacet
  facet normal 0 -0 -1
    outer loop
      vertex -47.6961 43.3666 0
      vertex -45.6448 43.3567 0
      vertex -47.8805 42.8766 0
    endloop
  endfacet
  facet normal 0 0 -1
    outer loop
      vertex -45.8121 43.7607 0
      vertex -47.4801 43.8434 0
      vertex -45.837 43.8674 0
    endloop
  endfacet
  facet normal 0 0 -1
    outer loop
      vertex -45.6448 43.3567 0
      vertex -47.6961 43.3666 0
      vertex -45.6964 43.4533 0
    endloop
  endfacet
  facet normal 0 0 -1
    outer loop
      vertex -45.7803 43.6558 0
      vertex -47.4801 43.8434 0
      vertex -45.8121 43.7607 0
    endloop
  endfacet
  facet normal -0 0 -1
    outer loop
      vertex -45.6964 43.4533 0
      vertex -47.6961 43.3666 0
      vertex -45.7417 43.5532 0
    endloop
  endfacet
  facet normal 0 0 -1
    outer loop
      vertex -45.7417 43.5532 0
      vertex -47.4801 43.8434 0
      vertex -45.7803 43.6558 0
    endloop
  endfacet
  facet normal 0 -0 -1
    outer loop
      vertex -47.4801 43.8434 0
      vertex -45.7417 43.5532 0
      vertex -47.6961 43.3666 0
    endloop
  endfacet
  facet normal 0 0 -1
    outer loop
      vertex 19.9572 -1.30806 0
      vertex 19.9646 -0.758247 0
      vertex 19.9756 -0.744842 0
    endloop
  endfacet
  facet normal 0 0 -1
    outer loop
      vertex 19.9572 -1.30806 0
      vertex 19.9132 -0.813172 0
      vertex 19.9646 -0.758247 0
    endloop
  endfacet
  facet normal 0 0 -1
    outer loop
      vertex 19.9572 -1.30806 0
      vertex 19.8582 -0.864615 0
      vertex 19.9132 -0.813172 0
    endloop
  endfacet
  facet normal 0 0 -1
    outer loop
      vertex 19.3244 -1.1279 0
      vertex 19.9572 -1.30806 0
      vertex 19.8289 -2.61052 0
    endloop
  endfacet
  facet normal 0 0 -1
    outer loop
      vertex 19.9572 -1.30806 0
      vertex 19.8001 -0.912355 0
      vertex 19.8582 -0.864615 0
    endloop
  endfacet
  facet normal 0 0 -1
    outer loop
      vertex 19.9572 -1.30806 0
      vertex 19.7389 -0.956189 0
      vertex 19.8001 -0.912355 0
    endloop
  endfacet
  facet normal 0 0 -1
    outer loop
      vertex 19.9572 -1.30806 0
      vertex 19.675 -0.995929 0
      vertex 19.7389 -0.956189 0
    endloop
  endfacet
  facet normal 0 0 -1
    outer loop
      vertex 18.6599 -1.06246 0
      vertex 19.8289 -2.61052 0
      vertex 19.6157 -3.90181 0
    endloop
  endfacet
  facet normal 0 0 -1
    outer loop
      vertex 19.9572 -1.30806 0
      vertex 19.6086 -1.0314 0
      vertex 19.675 -0.995929 0
    endloop
  endfacet
  facet normal 0 0 -1
    outer loop
      vertex 19.9572 -1.30806 0
      vertex 19.5401 -1.06246 0
      vertex 19.6086 -1.0314 0
    endloop
  endfacet
  facet normal 0 0 -1
    outer loop
      vertex 19.9572 -1.30806 0
      vertex 19.4697 -1.08897 0
      vertex 19.5401 -1.06246 0
    endloop
  endfacet
  facet normal 0 0 -1
    outer loop
      vertex 19.9572 -1.30806 0
      vertex 19.3976 -1.11081 0
      vertex 19.4697 -1.08897 0
    endloop
  endfacet
  facet normal 0 0 -1
    outer loop
      vertex 19.9572 -1.30806 0
      vertex 19.3244 -1.1279 0
      vertex 19.3976 -1.11081 0
    endloop
  endfacet
  facet normal 0 0 -1
    outer loop
      vertex 17.075 -6.275 0
      vertex 19.6157 -3.90181 0
      vertex 19.3185 -5.17638 0
    endloop
  endfacet
  facet normal 0 0 -1
    outer loop
      vertex 19.8289 -2.61052 0
      vertex 19.2501 -1.14016 0
      vertex 19.3244 -1.1279 0
    endloop
  endfacet
  facet normal 0 0 -1
    outer loop
      vertex 19.8289 -2.61052 0
      vertex 19.1752 -1.14754 0
      vertex 19.2501 -1.14016 0
    endloop
  endfacet
  facet normal 0 0 -1
    outer loop
      vertex 19.8289 -2.61052 0
      vertex 19.1 -1.15 0
      vertex 19.1752 -1.14754 0
    endloop
  endfacet
  facet normal 0 0 -1
    outer loop
      vertex 19.8289 -2.61052 0
      vertex 19.0248 -1.14754 0
      vertex 19.1 -1.15 0
    endloop
  endfacet
  facet normal 0 0 -1
    outer loop
      vertex 17.075 -6.275 0
      vertex 19.3185 -5.17638 0
      vertex 18.9894 -6.26144 0
    endloop
  endfacet
  facet normal 0 0 -1
    outer loop
      vertex 19.8289 -2.61052 0
      vertex 18.9499 -1.14016 0
      vertex 19.0248 -1.14754 0
    endloop
  endfacet
  facet normal 0 0 -1
    outer loop
      vertex 19.9646 0.758247 0
      vertex 19.9572 1.30806 0
      vertex 19.9756 0.744842 0
    endloop
  endfacet
  facet normal 0 0 -1
    outer loop
      vertex 19.9132 0.813172 0
      vertex 19.9572 1.30806 0
      vertex 19.9646 0.758247 0
    endloop
  endfacet
  facet normal 0 0 -1
    outer loop
      vertex 19.8582 0.864615 0
      vertex 19.9572 1.30806 0
      vertex 19.9132 0.813172 0
    endloop
  endfacet
  facet normal 0 0 -1
    outer loop
      vertex 19.8001 0.912355 0
      vertex 19.9572 1.30806 0
      vertex 19.8582 0.864615 0
    endloop
  endfacet
  facet normal 0 0 -1
    outer loop
      vertex 19.7389 0.956189 0
      vertex 19.9572 1.30806 0
      vertex 19.8001 0.912355 0
    endloop
  endfacet
  facet normal 0 0 -1
    outer loop
      vertex 19.675 0.995929 0
      vertex 19.9572 1.30806 0
      vertex 19.7389 0.956189 0
    endloop
  endfacet
  facet normal 0 0 -1
    outer loop
      vertex 19.6086 1.0314 0
      vertex 19.9572 1.30806 0
      vertex 19.675 0.995929 0
    endloop
  endfacet
  facet normal 0 0 -1
    outer loop
      vertex 19.5401 1.06246 0
      vertex 19.9572 1.30806 0
      vertex 19.6086 1.0314 0
    endloop
  endfacet
  facet normal 0 0 -1
    outer loop
      vertex 19.4697 1.08897 0
      vertex 19.9572 1.30806 0
      vertex 19.5401 1.06246 0
    endloop
  endfacet
  facet normal 0 0 -1
    outer loop
      vertex 19.3976 1.11081 0
      vertex 19.9572 1.30806 0
      vertex 19.4697 1.08897 0
    endloop
  endfacet
  facet normal 0 0 -1
    outer loop
      vertex 19.3244 1.1279 0
      vertex 19.9572 1.30806 0
      vertex 19.3976 1.11081 0
    endloop
  endfacet
  facet normal -0 0 -1
    outer loop
      vertex 19.9572 1.30806 0
      vertex 19.3244 1.1279 0
      vertex 19.8289 2.61052 0
    endloop
  endfacet
  facet normal 0 0 -1
    outer loop
      vertex 19.2501 1.14016 0
      vertex 19.8289 2.61052 0
      vertex 19.3244 1.1279 0
    endloop
  endfacet
  facet normal 0 0 -1
    outer loop
      vertex 19.1752 1.14754 0
      vertex 19.8289 2.61052 0
      vertex 19.2501 1.14016 0
    endloop
  endfacet
  facet normal 0 0 -1
    outer loop
      vertex 19.1 1.15 0
      vertex 19.8289 2.61052 0
      vertex 19.1752 1.14754 0
    endloop
  endfacet
  facet normal 0 0 -1
    outer loop
      vertex 19.0248 1.14754 0
      vertex 19.8289 2.61052 0
      vertex 19.1 1.15 0
    endloop
  endfacet
  facet normal 0 0 -1
    outer loop
      vertex 18.9499 1.14016 0
      vertex 19.8289 2.61052 0
      vertex 19.0248 1.14754 0
    endloop
  endfacet
  facet normal 0 0 -1
    outer loop
      vertex 18.8756 1.1279 0
      vertex 19.8289 2.61052 0
      vertex 18.9499 1.14016 0
    endloop
  endfacet
  facet normal 0 0 -1
    outer loop
      vertex 18.8024 1.11081 0
      vertex 19.8289 2.61052 0
      vertex 18.8756 1.1279 0
    endloop
  endfacet
  facet normal 0 0 -1
    outer loop
      vertex 18.7303 1.08897 0
      vertex 19.8289 2.61052 0
      vertex 18.8024 1.11081 0
    endloop
  endfacet
  facet normal 0 0 -1
    outer loop
      vertex 45.837 44.521 0
      vertex 46.9568 44.7496 0
      vertex 45.8548 44.4128 0
    endloop
  endfacet
  facet normal 0 0 -1
    outer loop
      vertex 46.3198 35.0303 0
      vertex 45.8656 44.0846 0
      vertex 45.8692 44.1942 0
    endloop
  endfacet
  facet normal 0 0 -1
    outer loop
      vertex 46.3198 35.0303 0
      vertex 45.8548 43.9755 0
      vertex 45.8656 44.0846 0
    endloop
  endfacet
  facet normal 0 0 -1
    outer loop
      vertex 46.3198 35.0303 0
      vertex 45.837 43.8674 0
      vertex 45.8548 43.9755 0
    endloop
  endfacet
  facet normal 0 0 -1
    outer loop
      vertex 46.3198 35.0303 0
      vertex 45.8121 43.7607 0
      vertex 45.837 43.8674 0
    endloop
  endfacet
  facet normal 0 0 -1
    outer loop
      vertex 46.3198 35.0303 0
      vertex 45.7803 43.6558 0
      vertex 45.8121 43.7607 0
    endloop
  endfacet
  facet normal 0 0 -1
    outer loop
      vertex 46.3198 35.0303 0
      vertex 45.7417 43.5532 0
      vertex 45.7803 43.6558 0
    endloop
  endfacet
  facet normal 0 0 -1
    outer loop
      vertex 46.3198 35.0303 0
      vertex 45.6964 43.4533 0
      vertex 45.7417 43.5532 0
    endloop
  endfacet
  facet normal 0 0 -1
    outer loop
      vertex 46.3198 35.0303 0
      vertex 45.6448 43.3567 0
      vertex 45.6964 43.4533 0
    endloop
  endfacet
  facet normal 0 0 -1
    outer loop
      vertex 46.3198 35.0303 0
      vertex 45.5869 43.2636 0
      vertex 45.6448 43.3567 0
    endloop
  endfacet
  facet normal 0 0 -1
    outer loop
      vertex 46.3198 35.0303 0
      vertex 45.523 43.1745 0
      vertex 45.5869 43.2636 0
    endloop
  endfacet
  facet normal 0 0 -1
    outer loop
      vertex 46.3198 35.0303 0
      vertex 45.4535 43.0898 0
      vertex 45.523 43.1745 0
    endloop
  endfacet
  facet normal 0 0 -1
    outer loop
      vertex 46.3198 35.0303 0
      vertex 45.3786 43.0098 0
      vertex 45.4535 43.0898 0
    endloop
  endfacet
  facet normal 0 0 -1
    outer loop
      vertex 46.3198 35.0303 0
      vertex 45.2986 42.9348 0
      vertex 45.3786 43.0098 0
    endloop
  endfacet
  facet normal 0 0 -1
    outer loop
      vertex 46.3198 35.0303 0
      vertex 45.2138 42.8653 0
      vertex 45.2986 42.9348 0
    endloop
  endfacet
  facet normal 0 0 -1
    outer loop
      vertex 46.3198 35.0303 0
      vertex 45.1248 42.8015 0
      vertex 45.2138 42.8653 0
    endloop
  endfacet
  facet normal 0 0 -1
    outer loop
      vertex 46.3198 35.0303 0
      vertex 45.0317 42.7436 0
      vertex 45.1248 42.8015 0
    endloop
  endfacet
  facet normal 0 0 -1
    outer loop
      vertex 46.3198 35.0303 0
      vertex 44.935 42.6919 0
      vertex 45.0317 42.7436 0
    endloop
  endfacet
  facet normal 0 0 -1
    outer loop
      vertex 46.3198 35.0303 0
      vertex 44.8352 42.6467 0
      vertex 44.935 42.6919 0
    endloop
  endfacet
  facet normal 0 0 -1
    outer loop
      vertex 46.3198 35.0303 0
      vertex 44.7326 42.6081 0
      vertex 44.8352 42.6467 0
    endloop
  endfacet
  facet normal 0 0 -1
    outer loop
      vertex 46.3198 35.0303 0
      vertex 44.6277 42.5762 0
      vertex 44.7326 42.6081 0
    endloop
  endfacet
  facet normal 0 0 -1
    outer loop
      vertex 46.3198 35.0303 0
      vertex 44.521 42.5514 0
      vertex 44.6277 42.5762 0
    endloop
  endfacet
  facet normal 0 0 -1
    outer loop
      vertex 46.3198 35.0303 0
      vertex 44.4128 42.5335 0
      vertex 44.521 42.5514 0
    endloop
  endfacet
  facet normal 0 0 -1
    outer loop
      vertex 46.3198 35.0303 0
      vertex 44.3037 42.5228 0
      vertex 44.4128 42.5335 0
    endloop
  endfacet
  facet normal 0 0 -1
    outer loop
      vertex 46.3198 35.0303 0
      vertex 44.1942 42.5192 0
      vertex 44.3037 42.5228 0
    endloop
  endfacet
  facet normal 0 0 -1
    outer loop
      vertex 46.3198 35.0303 0
      vertex 44.0846 42.5228 0
      vertex 44.1942 42.5192 0
    endloop
  endfacet
  facet normal 0 0 -1
    outer loop
      vertex 46.3198 35.0303 0
      vertex 43.9755 42.5335 0
      vertex 44.0846 42.5228 0
    endloop
  endfacet
  facet normal 0 0 -1
    outer loop
      vertex 46.3198 35.0303 0
      vertex 43.8674 42.5514 0
      vertex 43.9755 42.5335 0
    endloop
  endfacet
  facet normal 0 0 -1
    outer loop
      vertex 45.9619 34.6482 0
      vertex 43.7607 42.5762 0
      vertex 43.8674 42.5514 0
    endloop
  endfacet
  facet normal 0 0 -1
    outer loop
      vertex 45.9619 34.6482 0
      vertex 43.6558 42.6081 0
      vertex 43.7607 42.5762 0
    endloop
  endfacet
  facet normal 0 0 -1
    outer loop
      vertex 45.9619 34.6482 0
      vertex 43.5532 42.6467 0
      vertex 43.6558 42.6081 0
    endloop
  endfacet
  facet normal 0 0 -1
    outer loop
      vertex 45.9619 34.6482 0
      vertex 43.4533 42.6919 0
      vertex 43.5532 42.6467 0
    endloop
  endfacet
  facet normal 0 0 -1
    outer loop
      vertex 45.9619 34.6482 0
      vertex 43.3567 42.7436 0
      vertex 43.4533 42.6919 0
    endloop
  endfacet
  facet normal 0 0 -1
    outer loop
      vertex 45.9619 34.6482 0
      vertex 43.2636 42.8015 0
      vertex 43.3567 42.7436 0
    endloop
  endfacet
  facet normal 0 0 -1
    outer loop
      vertex 45.9619 34.6482 0
      vertex 43.1745 42.8653 0
      vertex 43.2636 42.8015 0
    endloop
  endfacet
  facet normal 0 0 -1
    outer loop
      vertex 45.9619 34.6482 0
      vertex 43.0898 42.9348 0
      vertex 43.1745 42.8653 0
    endloop
  endfacet
  facet normal 0 0 -1
    outer loop
      vertex 45.9619 34.6482 0
      vertex 43.0098 43.0098 0
      vertex 43.0898 42.9348 0
    endloop
  endfacet
  facet normal 0 0 -1
    outer loop
      vertex 34.6482 45.9619 0
      vertex 43.0098 43.0098 0
      vertex 45.9619 34.6482 0
    endloop
  endfacet
  facet normal 0 0 -1
    outer loop
      vertex 43.0098 43.0098 0
      vertex 34.6482 45.9619 0
      vertex 42.9348 43.0898 0
    endloop
  endfacet
  facet normal 0 0 -1
    outer loop
      vertex 42.9348 43.0898 0
      vertex 34.6482 45.9619 0
      vertex 42.8653 43.1745 0
    endloop
  endfacet
  facet normal 0 0 -1
    outer loop
      vertex 42.8653 43.1745 0
      vertex 34.6482 45.9619 0
      vertex 42.8015 43.2636 0
    endloop
  endfacet
  facet normal 0 0 -1
    outer loop
      vertex 42.8015 43.2636 0
      vertex 34.6482 45.9619 0
      vertex 42.7436 43.3567 0
    endloop
  endfacet
  facet normal 0 0 -1
    outer loop
      vertex 42.7436 43.3567 0
      vertex 34.6482 45.9619 0
      vertex 42.6919 43.4533 0
    endloop
  endfacet
  facet normal 0 0 -1
    outer loop
      vertex 42.6919 43.4533 0
      vertex 34.6482 45.9619 0
      vertex 42.6467 43.5532 0
    endloop
  endfacet
  facet normal 0 0 -1
    outer loop
      vertex 37.2436 47.6961 0
      vertex 42.5192 44.1942 0
      vertex 42.5228 44.0846 0
    endloop
  endfacet
  facet normal 0 0 -1
    outer loop
      vertex 42.5192 44.1942 0
      vertex 41.8658 48.1514 0
      vertex 42.3756 48.0325 0
    endloop
  endfacet
  facet normal 0 0 -1
    outer loop
      vertex 36.3051 47.2333 0
      vertex 42.5228 44.0846 0
      vertex 42.5335 43.9755 0
    endloop
  endfacet
  facet normal 0 0 -1
    outer loop
      vertex 42.5192 44.1942 0
      vertex 41.3493 48.2366 0
      vertex 41.8658 48.1514 0
    endloop
  endfacet
  facet normal 0 0 -1
    outer loop
      vertex 35.8605 46.9568 0
      vertex 42.5335 43.9755 0
      vertex 42.5514 43.8674 0
    endloop
  endfacet
  facet normal 0 0 -1
    outer loop
      vertex 35.0303 46.3198 0
      vertex 42.5514 43.8674 0
      vertex 42.5762 43.7607 0
    endloop
  endfacet
  facet normal 0 0 -1
    outer loop
      vertex 42.5192 44.1942 0
      vertex 40.8283 48.288 0
      vertex 41.3493 48.2366 0
    endloop
  endfacet
  facet normal 0 0 -1
    outer loop
      vertex 34.6482 45.9619 0
      vertex 42.5762 43.7607 0
      vertex 42.6081 43.6558 0
    endloop
  endfacet
  facet normal 0 0 -1
    outer loop
      vertex 42.6467 43.5532 0
      vertex 34.6482 45.9619 0
      vertex 42.6081 43.6558 0
    endloop
  endfacet
  facet normal 0 0 -1
    outer loop
      vertex 42.5192 44.1942 0
      vertex 40.3051 48.3051 0
      vertex 40.8283 48.288 0
    endloop
  endfacet
  facet normal 0 0 -1
    outer loop
      vertex 42.5192 44.1942 0
      vertex 39.7819 48.288 0
      vertex 40.3051 48.3051 0
    endloop
  endfacet
  facet normal 0 0 -1
    outer loop
      vertex 42.5192 44.1942 0
      vertex 39.2609 48.2366 0
      vertex 39.7819 48.288 0
    endloop
  endfacet
  facet normal 0 0 -1
    outer loop
      vertex 42.5192 44.1942 0
      vertex 38.7444 48.1514 0
      vertex 39.2609 48.2366 0
    endloop
  endfacet
  facet normal 0 0 -1
    outer loop
      vertex 42.5192 44.1942 0
      vertex 38.2345 48.0325 0
      vertex 38.7444 48.1514 0
    endloop
  endfacet
  facet normal 0 0 -1
    outer loop
      vertex 42.5192 44.1942 0
      vertex 37.7336 47.8805 0
      vertex 38.2345 48.0325 0
    endloop
  endfacet
  facet normal 0 0 -1
    outer loop
      vertex 42.5192 44.1942 0
      vertex 37.2436 47.6961 0
      vertex 37.7336 47.8805 0
    endloop
  endfacet
  facet normal 0 0 -1
    outer loop
      vertex 42.5228 44.0846 0
      vertex 36.7668 47.4801 0
      vertex 37.2436 47.6961 0
    endloop
  endfacet
  facet normal 0 0 -1
    outer loop
      vertex 42.5228 44.0846 0
      vertex 36.3051 47.2333 0
      vertex 36.7668 47.4801 0
    endloop
  endfacet
  facet normal 0 0 -1
    outer loop
      vertex 42.5335 43.9755 0
      vertex 35.8605 46.9568 0
      vertex 36.3051 47.2333 0
    endloop
  endfacet
  facet normal 0 0 -1
    outer loop
      vertex 42.5514 43.8674 0
      vertex 35.435 46.6519 0
      vertex 35.8605 46.9568 0
    endloop
  endfacet
  facet normal 0 0 -1
    outer loop
      vertex 42.5514 43.8674 0
      vertex 35.0303 46.3198 0
      vertex 35.435 46.6519 0
    endloop
  endfacet
  facet normal 0 0 -1
    outer loop
      vertex 42.5762 43.7607 0
      vertex 34.6482 45.9619 0
      vertex 35.0303 46.3198 0
    endloop
  endfacet
  facet normal 0 0 -1
    outer loop
      vertex 18.9894 6.26144 0
      vertex 45.9619 34.6482 0
      vertex 46.669 33.9411 0
    endloop
  endfacet
  facet normal -0 0 -1
    outer loop
      vertex 45.9619 34.6482 0
      vertex 18.9894 6.26144 0
      vertex 34.6482 45.9619 0
    endloop
  endfacet
  facet normal 0 0 -1
    outer loop
      vertex 6.26144 18.9894 0
      vertex 34.6482 45.9619 0
      vertex 18.9894 6.26144 0
    endloop
  endfacet
  facet normal 0 0 -1
    outer loop
      vertex 18.6599 1.06246 0
      vertex 19.8289 2.61052 0
      vertex 18.7303 1.08897 0
    endloop
  endfacet
  facet normal -0 0 -1
    outer loop
      vertex 19.8289 2.61052 0
      vertex 18.6599 1.06246 0
      vertex 19.6157 3.90181 0
    endloop
  endfacet
  facet normal 0 0 -1
    outer loop
      vertex 18.5914 1.0314 0
      vertex 19.6157 3.90181 0
      vertex 18.6599 1.06246 0
    endloop
  endfacet
  facet normal 0 0 -1
    outer loop
      vertex 18.525 0.995929 0
      vertex 19.6157 3.90181 0
      vertex 18.5914 1.0314 0
    endloop
  endfacet
  facet normal 0 0 -1
    outer loop
      vertex 18.4611 0.956189 0
      vertex 19.6157 3.90181 0
      vertex 18.525 0.995929 0
    endloop
  endfacet
  facet normal 0 0 -1
    outer loop
      vertex 19.6157 3.90181 0
      vertex 17.075 6.275 0
      vertex 19.3185 5.17638 0
    endloop
  endfacet
  facet normal -0 0 -1
    outer loop
      vertex 19.6157 3.90181 0
      vertex 18.4611 0.956189 0
      vertex 17.075 6.275 0
    endloop
  endfacet
  facet normal 0 0 -1
    outer loop
      vertex 17.075 6.275 0
      vertex 18.4611 0.956189 0
      vertex 18.3999 0.912355 0
    endloop
  endfacet
  facet normal 0 0 -1
    outer loop
      vertex 17.075 6.275 0
      vertex 18.3999 0.912355 0
      vertex 18.3418 0.864615 0
    endloop
  endfacet
  facet normal 0 0 -1
    outer loop
      vertex 17.075 6.275 0
      vertex 18.3418 0.864615 0
      vertex 18.2868 0.813172 0
    endloop
  endfacet
  facet normal 0 0 -1
    outer loop
      vertex 17.075 6.275 0
      vertex 18.2868 0.813172 0
      vertex 18.2354 0.758247 0
    endloop
  endfacet
  facet normal 0 0 -1
    outer loop
      vertex 17.075 6.275 0
      vertex 18.2354 0.758247 0
      vertex 18.1876 0.700075 0
    endloop
  endfacet
  facet normal 0 0 -1
    outer loop
      vertex 17.075 6.275 0
      vertex 18.1876 0.700075 0
      vertex 18.1438 0.638906 0
    endloop
  endfacet
  facet normal 0 0 -1
    outer loop
      vertex 17.075 6.275 0
      vertex 18.1438 0.638906 0
      vertex 18.1041 0.575 0
    endloop
  endfacet
  facet normal 0 0 -1
    outer loop
      vertex 17.075 6.275 0
      vertex 18.1041 0.575 0
      vertex 18.0686 0.508632 0
    endloop
  endfacet
  facet normal 0 0 -1
    outer loop
      vertex 17.075 6.275 0
      vertex 18.0686 0.508632 0
      vertex 18.0375 0.440085 0
    endloop
  endfacet
  facet normal 0 0 -1
    outer loop
      vertex 17.075 6.275 0
      vertex 18.0375 0.440085 0
      vertex 18.011 0.369655 0
    endloop
  endfacet
  facet normal 0 0 -1
    outer loop
      vertex 17.075 6.275 0
      vertex 18.011 0.369655 0
      vertex 17.9892 0.297642 0
    endloop
  endfacet
  facet normal 0 0 -1
    outer loop
      vertex 17.075 6.275 0
      vertex 17.9892 0.297642 0
      vertex 17.9721 0.224354 0
    endloop
  endfacet
  facet normal 0 0 -1
    outer loop
      vertex 17.075 6.275 0
      vertex 17.95 0 0
      vertex 17.075 -6.275 0
    endloop
  endfacet
  facet normal 0 0 -1
    outer loop
      vertex 17.95 0 0
      vertex 17.075 6.275 0
      vertex 17.9525 0.0752134 0
    endloop
  endfacet
  facet normal 0 0 -1
    outer loop
      vertex 17.9525 0.0752134 0
      vertex 17.075 6.275 0
      vertex 17.9598 0.150105 0
    endloop
  endfacet
  facet normal 0 0 -1
    outer loop
      vertex 17.075 6.275 0
      vertex 17.9721 0.224354 0
      vertex 17.9598 0.150105 0
    endloop
  endfacet
  facet normal 0 0 -1
    outer loop
      vertex 19.3185 5.17638 0
      vertex 17.075 6.275 0
      vertex 18.9894 6.26144 0
    endloop
  endfacet
  facet normal 0 0 -1
    outer loop
      vertex 6.26144 18.9894 0
      vertex 18.9894 6.26144 0
      vertex 17.075 6.275 0
    endloop
  endfacet
  facet normal -0 0 -1
    outer loop
      vertex 34.6482 45.9619 0
      vertex 6.26144 18.9894 0
      vertex 33.9411 46.669 0
    endloop
  endfacet
  facet normal 0 0 -1
    outer loop
      vertex -6.075 6.275 0
      vertex 6.26144 18.9894 0
      vertex 17.075 6.275 0
    endloop
  endfacet
  facet normal -0 0 -1
    outer loop
      vertex 6.26144 18.9894 0
      vertex -6.075 6.275 0
      vertex 5.17638 19.3185 0
    endloop
  endfacet
  facet normal -0 0 -1
    outer loop
      vertex 5.17638 19.3185 0
      vertex -6.075 6.275 0
      vertex 3.90181 19.6157 0
    endloop
  endfacet
  facet normal -0 0 -1
    outer loop
      vertex 3.90181 19.6157 0
      vertex -6.075 6.275 0
      vertex 2.61052 19.8289 0
    endloop
  endfacet
  facet normal -0 0 -1
    outer loop
      vertex 2.61052 19.8289 0
      vertex -6.075 6.275 0
      vertex 1.30806 19.9572 0
    endloop
  endfacet
  facet normal -0 0 -1
    outer loop
      vertex 1.30806 19.9572 0
      vertex -6.075 6.275 0
      vertex 0 20 0
    endloop
  endfacet
  facet normal 0 0 -1
    outer loop
      vertex 0 20 0
      vertex -6.075 6.275 0
      vertex -1.30806 19.9572 0
    endloop
  endfacet
  facet normal 0 0 -1
    outer loop
      vertex -1.30806 19.9572 0
      vertex -6.075 6.275 0
      vertex -2.61052 19.8289 0
    endloop
  endfacet
  facet normal 0 0 -1
    outer loop
      vertex -2.61052 19.8289 0
      vertex -6.075 6.275 0
      vertex -3.90181 19.6157 0
    endloop
  endfacet
  facet normal 0 0 -1
    outer loop
      vertex -3.90181 19.6157 0
      vertex -6.075 6.275 0
      vertex -5.17638 19.3185 0
    endloop
  endfacet
  facet normal 0 0 -1
    outer loop
      vertex -6.075 6.275 0
      vertex -6.26144 18.9894 0
      vertex -5.17638 19.3185 0
    endloop
  endfacet
  facet normal 0 -0 -1
    outer loop
      vertex -6.95 0 0
      vertex -6.075 -6.275 0
      vertex -6.95246 -0.0752134 0
    endloop
  endfacet
  facet normal 0 0 -1
    outer loop
      vertex -6.95246 0.0752134 0
      vertex -6.075 6.275 0
      vertex -6.95 0 0
    endloop
  endfacet
  facet normal 0 0 -1
    outer loop
      vertex -6.075 -6.275 0
      vertex -6.95 0 0
      vertex -6.075 6.275 0
    endloop
  endfacet
  facet normal 0 0 -1
    outer loop
      vertex -6.26144 -18.9894 0
      vertex -6.95984 -0.150105 0
      vertex -6.95246 -0.0752134 0
    endloop
  endfacet
  facet normal 0 0 -1
    outer loop
      vertex -6.26144 -18.9894 0
      vertex -6.9721 -0.224354 0
      vertex -6.95984 -0.150105 0
    endloop
  endfacet
  facet normal 0 0 -1
    outer loop
      vertex -6.26144 -18.9894 0
      vertex -6.98918 -0.297642 0
      vertex -6.9721 -0.224354 0
    endloop
  endfacet
  facet normal 0 0 -1
    outer loop
      vertex -6.26144 -18.9894 0
      vertex -7.01103 -0.369655 0
      vertex -6.98918 -0.297642 0
    endloop
  endfacet
  facet normal 0 0 -1
    outer loop
      vertex -6.26144 -18.9894 0
      vertex -7.03754 -0.440085 0
      vertex -7.01103 -0.369655 0
    endloop
  endfacet
  facet normal 0 0 -1
    outer loop
      vertex -6.26144 -18.9894 0
      vertex -7.0686 -0.508632 0
      vertex -7.03754 -0.440085 0
    endloop
  endfacet
  facet normal 0 0 -1
    outer loop
      vertex -6.26144 -18.9894 0
      vertex -7.10407 -0.575 0
      vertex -7.0686 -0.508632 0
    endloop
  endfacet
  facet normal 0 0 -1
    outer loop
      vertex -6.26144 -18.9894 0
      vertex -7.14381 -0.638906 0
      vertex -7.10407 -0.575 0
    endloop
  endfacet
  facet normal 0 0 -1
    outer loop
      vertex -6.26144 -18.9894 0
      vertex -7.18764 -0.700075 0
      vertex -7.14381 -0.638906 0
    endloop
  endfacet
  facet normal 0 0 -1
    outer loop
      vertex -6.26144 -18.9894 0
      vertex -7.23538 -0.758247 0
      vertex -7.18764 -0.700075 0
    endloop
  endfacet
  facet normal 0 0 -1
    outer loop
      vertex -6.26144 -18.9894 0
      vertex -7.28683 -0.813172 0
      vertex -7.23538 -0.758247 0
    endloop
  endfacet
  facet normal 0 0 -1
    outer loop
      vertex -6.26144 -18.9894 0
      vertex -7.34175 -0.864615 0
      vertex -7.28683 -0.813172 0
    endloop
  endfacet
  facet normal 0 0 -1
    outer loop
      vertex -6.26144 -18.9894 0
      vertex -7.39992 -0.912355 0
      vertex -7.34175 -0.864615 0
    endloop
  endfacet
  facet normal 0 0 -1
    outer loop
      vertex -6.26144 -18.9894 0
      vertex -7.46109 -0.956189 0
      vertex -7.39992 -0.912355 0
    endloop
  endfacet
  facet normal 0 0 -1
    outer loop
      vertex -6.26144 -18.9894 0
      vertex -7.525 -0.995929 0
      vertex -7.46109 -0.956189 0
    endloop
  endfacet
  facet normal 0 0 -1
    outer loop
      vertex -6.26144 -18.9894 0
      vertex -7.59137 -1.0314 0
      vertex -7.525 -0.995929 0
    endloop
  endfacet
  facet normal 0 0 -1
    outer loop
      vertex -6.26144 -18.9894 0
      vertex -7.65991 -1.06246 0
      vertex -7.59137 -1.0314 0
    endloop
  endfacet
  facet normal 0 0 -1
    outer loop
      vertex -6.26144 -18.9894 0
      vertex -7.73034 -1.08897 0
      vertex -7.65991 -1.06246 0
    endloop
  endfacet
  facet normal 0 0 -1
    outer loop
      vertex -6.26144 -18.9894 0
      vertex -7.80236 -1.11081 0
      vertex -7.73034 -1.08897 0
    endloop
  endfacet
  facet normal 0 0 -1
    outer loop
      vertex -6.26144 -18.9894 0
      vertex -7.87565 -1.1279 0
      vertex -7.80236 -1.11081 0
    endloop
  endfacet
  facet normal 0 0 -1
    outer loop
      vertex -6.26144 -18.9894 0
      vertex -7.94989 -1.14016 0
      vertex -7.87565 -1.1279 0
    endloop
  endfacet
  facet normal 0 0 -1
    outer loop
      vertex -6.26144 -18.9894 0
      vertex -8.02479 -1.14754 0
      vertex -7.94989 -1.14016 0
    endloop
  endfacet
  facet normal 0 0 -1
    outer loop
      vertex -6.26144 -18.9894 0
      vertex -8.1 -1.15 0
      vertex -8.02479 -1.14754 0
    endloop
  endfacet
  facet normal 0 0 -1
    outer loop
      vertex -6.26144 -18.9894 0
      vertex -8.17521 -1.14754 0
      vertex -8.1 -1.15 0
    endloop
  endfacet
  facet normal 0 0 -1
    outer loop
      vertex -6.26144 -18.9894 0
      vertex -8.2501 -1.14016 0
      vertex -8.17521 -1.14754 0
    endloop
  endfacet
  facet normal 0 0 -1
    outer loop
      vertex -6.26144 -18.9894 0
      vertex -8.32435 -1.1279 0
      vertex -8.2501 -1.14016 0
    endloop
  endfacet
  facet normal 0 0 -1
    outer loop
      vertex -18.9894 -6.26144 0
      vertex -8.32435 -1.1279 0
      vertex -6.26144 -18.9894 0
    endloop
  endfacet
  facet normal -0 0 -1
    outer loop
      vertex -8.32435 -1.1279 0
      vertex -18.9894 -6.26144 0
      vertex -8.39764 -1.11081 0
    endloop
  endfacet
  facet normal -0 0 -1
    outer loop
      vertex -8.39764 -1.11081 0
      vertex -18.9894 -6.26144 0
      vertex -8.46966 -1.08897 0
    endloop
  endfacet
  facet normal -0 0 -1
    outer loop
      vertex -8.46966 -1.08897 0
      vertex -18.9894 -6.26144 0
      vertex -8.54009 -1.06246 0
    endloop
  endfacet
  facet normal -0 0 -1
    outer loop
      vertex -8.54009 -1.06246 0
      vertex -18.9894 -6.26144 0
      vertex -8.60863 -1.0314 0
    endloop
  endfacet
  facet normal -0 0 -1
    outer loop
      vertex -8.60863 -1.0314 0
      vertex -18.9894 -6.26144 0
      vertex -8.675 -0.995929 0
    endloop
  endfacet
  facet normal -0 0 -1
    outer loop
      vertex -8.675 -0.995929 0
      vertex -18.9894 -6.26144 0
      vertex -8.7389 -0.956189 0
    endloop
  endfacet
  facet normal -0 0 -1
    outer loop
      vertex -8.7389 -0.956189 0
      vertex -18.9894 -6.26144 0
      vertex -8.80008 -0.912355 0
    endloop
  endfacet
  facet normal -0 0 -1
    outer loop
      vertex -8.80008 -0.912355 0
      vertex -18.9894 -6.26144 0
      vertex -8.85825 -0.864615 0
    endloop
  endfacet
  facet normal -0 0 -1
    outer loop
      vertex -8.85825 -0.864615 0
      vertex -18.9894 -6.26144 0
      vertex -8.91317 -0.813172 0
    endloop
  endfacet
  facet normal -0 0 -1
    outer loop
      vertex -8.91317 -0.813172 0
      vertex -18.9894 -6.26144 0
      vertex -8.96461 -0.758247 0
    endloop
  endfacet
  facet normal -0 0 -1
    outer loop
      vertex -8.96461 -0.758247 0
      vertex -18.9894 -6.26144 0
      vertex -9.01236 -0.700075 0
    endloop
  endfacet
  facet normal -0 0 -1
    outer loop
      vertex -9.01236 -0.700075 0
      vertex -18.9894 -6.26144 0
      vertex -9.05619 -0.638906 0
    endloop
  endfacet
  facet normal 0 0 -1
    outer loop
      vertex -19.3185 -5.17638 0
      vertex -9.05619 -0.638906 0
      vertex -18.9894 -6.26144 0
    endloop
  endfacet
  facet normal -0 0 -1
    outer loop
      vertex -9.05619 -0.638906 0
      vertex -19.3185 -5.17638 0
      vertex -9.09593 -0.575 0
    endloop
  endfacet
  facet normal 0 0 -1
    outer loop
      vertex -19.6157 -3.90181 0
      vertex -9.09593 -0.575 0
      vertex -19.3185 -5.17638 0
    endloop
  endfacet
  facet normal -0 0 -1
    outer loop
      vertex -9.09593 -0.575 0
      vertex -19.6157 -3.90181 0
      vertex -9.1314 -0.508632 0
    endloop
  endfacet
  facet normal -0 0 -1
    outer loop
      vertex -9.1314 -0.508632 0
      vertex -19.6157 -3.90181 0
      vertex -9.16246 -0.440085 0
    endloop
  endfacet
  facet normal -0 0 -1
    outer loop
      vertex -9.16246 -0.440085 0
      vertex -19.6157 -3.90181 0
      vertex -9.18897 -0.369655 0
    endloop
  endfacet
  facet normal -0 0 -1
    outer loop
      vertex -9.21081 -0.297642 0
      vertex -19.8289 -2.61052 0
      vertex -9.2279 -0.224354 0
    endloop
  endfacet
  facet normal -0 0 -1
    outer loop
      vertex -9.18897 -0.369655 0
      vertex -19.8289 -2.61052 0
      vertex -9.21081 -0.297642 0
    endloop
  endfacet
  facet normal 0 0 -1
    outer loop
      vertex -19.8289 -2.61052 0
      vertex -9.18897 -0.369655 0
      vertex -19.6157 -3.90181 0
    endloop
  endfacet
  facet normal 0 0 -1
    outer loop
      vertex -34.6482 -45.9619 0
      vertex -6.26144 -18.9894 0
      vertex -33.9411 -46.669 0
    endloop
  endfacet
  facet normal -0 0 -1
    outer loop
      vertex -6.26144 -18.9894 0
      vertex -34.6482 -45.9619 0
      vertex -18.9894 -6.26144 0
    endloop
  endfacet
  facet normal 0 0 -1
    outer loop
      vertex -42.5762 -43.7607 0
      vertex -34.6482 -45.9619 0
      vertex -35.0303 -46.3198 0
    endloop
  endfacet
  facet normal 0 0 -1
    outer loop
      vertex -42.5514 -43.8674 0
      vertex -35.0303 -46.3198 0
      vertex -35.435 -46.6519 0
    endloop
  endfacet
  facet normal 0 0 -1
    outer loop
      vertex -42.5514 -43.8674 0
      vertex -35.435 -46.6519 0
      vertex -35.8605 -46.9568 0
    endloop
  endfacet
  facet normal 0 0 -1
    outer loop
      vertex -42.5335 -43.9755 0
      vertex -35.8605 -46.9568 0
      vertex -36.3051 -47.2333 0
    endloop
  endfacet
  facet normal 0 0 -1
    outer loop
      vertex -42.5228 -44.0846 0
      vertex -36.3051 -47.2333 0
      vertex -36.7668 -47.4801 0
    endloop
  endfacet
  facet normal 0 0 -1
    outer loop
      vertex -42.5228 -44.0846 0
      vertex -36.7668 -47.4801 0
      vertex -37.2436 -47.6961 0
    endloop
  endfacet
  facet normal 0 0 -1
    outer loop
      vertex -42.5192 -44.1942 0
      vertex -37.2436 -47.6961 0
      vertex -37.7336 -47.8805 0
    endloop
  endfacet
  facet normal 0 0 -1
    outer loop
      vertex -42.5228 -44.3037 0
      vertex -37.7336 -47.8805 0
      vertex -38.2345 -48.0325 0
    endloop
  endfacet
  facet normal 0 0 -1
    outer loop
      vertex -42.5228 -44.3037 0
      vertex -38.2345 -48.0325 0
      vertex -38.7444 -48.1514 0
    endloop
  endfacet
  facet normal 0 0 -1
    outer loop
      vertex -42.5228 -44.3037 0
      vertex -38.7444 -48.1514 0
      vertex -39.2609 -48.2366 0
    endloop
  endfacet
  facet normal 0 0 -1
    outer loop
      vertex -42.5228 -44.3037 0
      vertex -39.2609 -48.2366 0
      vertex -39.7819 -48.288 0
    endloop
  endfacet
  facet normal 0 0 -1
    outer loop
      vertex -42.5228 -44.3037 0
      vertex -39.7819 -48.288 0
      vertex -40.3051 -48.3051 0
    endloop
  endfacet
  facet normal 0 0 -1
    outer loop
      vertex -42.5228 -44.3037 0
      vertex -40.3051 -48.3051 0
      vertex -40.8283 -48.288 0
    endloop
  endfacet
  facet normal 0 0 -1
    outer loop
      vertex -42.5228 -44.3037 0
      vertex -40.8283 -48.288 0
      vertex -41.3493 -48.2366 0
    endloop
  endfacet
  facet normal 0 0 -1
    outer loop
      vertex -42.5228 -44.3037 0
      vertex -41.3493 -48.2366 0
      vertex -41.8658 -48.1514 0
    endloop
  endfacet
  facet normal 0 0 -1
    outer loop
      vertex -42.9348 -45.2986 0
      vertex -41.8658 -48.1514 0
      vertex -42.3756 -48.0325 0
    endloop
  endfacet
  facet normal 0 0 -1
    outer loop
      vertex -37.2436 -47.6961 0
      vertex -42.5192 -44.1942 0
      vertex -42.5228 -44.0846 0
    endloop
  endfacet
  facet normal 0 0 -1
    outer loop
      vertex -36.3051 -47.2333 0
      vertex -42.5228 -44.0846 0
      vertex -42.5335 -43.9755 0
    endloop
  endfacet
  facet normal 0 0 -1
    outer loop
      vertex -35.8605 -46.9568 0
      vertex -42.5335 -43.9755 0
      vertex -42.5514 -43.8674 0
    endloop
  endfacet
  facet normal 0 0 -1
    outer loop
      vertex -35.0303 -46.3198 0
      vertex -42.5514 -43.8674 0
      vertex -42.5762 -43.7607 0
    endloop
  endfacet
  facet normal 0 0 -1
    outer loop
      vertex -34.6482 -45.9619 0
      vertex -42.5762 -43.7607 0
      vertex -42.6081 -43.6558 0
    endloop
  endfacet
  facet normal 0 0 -1
    outer loop
      vertex -34.6482 -45.9619 0
      vertex -42.6081 -43.6558 0
      vertex -42.6467 -43.5532 0
    endloop
  endfacet
  facet normal 0 0 -1
    outer loop
      vertex -34.6482 -45.9619 0
      vertex -42.6467 -43.5532 0
      vertex -42.6919 -43.4533 0
    endloop
  endfacet
  facet normal 0 0 -1
    outer loop
      vertex -34.6482 -45.9619 0
      vertex -42.6919 -43.4533 0
      vertex -42.7436 -43.3567 0
    endloop
  endfacet
  facet normal 0 0 -1
    outer loop
      vertex -34.6482 -45.9619 0
      vertex -42.7436 -43.3567 0
      vertex -42.8015 -43.2636 0
    endloop
  endfacet
  facet normal 0 0 -1
    outer loop
      vertex -34.6482 -45.9619 0
      vertex -42.8015 -43.2636 0
      vertex -42.8653 -43.1745 0
    endloop
  endfacet
  facet normal 0 0 -1
    outer loop
      vertex -34.6482 -45.9619 0
      vertex -42.8653 -43.1745 0
      vertex -42.9348 -43.0898 0
    endloop
  endfacet
  facet normal 0 0 -1
    outer loop
      vertex -34.6482 -45.9619 0
      vertex -42.9348 -43.0898 0
      vertex -43.0098 -43.0098 0
    endloop
  endfacet
  facet normal 0 0 -1
    outer loop
      vertex -34.6482 -45.9619 0
      vertex -43.0098 -43.0098 0
      vertex -45.9619 -34.6482 0
    endloop
  endfacet
  facet normal 0 0 -1
    outer loop
      vertex -45.9619 -34.6482 0
      vertex -43.0098 -43.0098 0
      vertex -43.0898 -42.9348 0
    endloop
  endfacet
  facet normal 0 0 -1
    outer loop
      vertex -45.9619 -34.6482 0
      vertex -43.0898 -42.9348 0
      vertex -43.1745 -42.8653 0
    endloop
  endfacet
  facet normal 0 0 -1
    outer loop
      vertex -45.9619 -34.6482 0
      vertex -43.1745 -42.8653 0
      vertex -43.2636 -42.8015 0
    endloop
  endfacet
  facet normal 0 0 -1
    outer loop
      vertex -45.9619 -34.6482 0
      vertex -43.2636 -42.8015 0
      vertex -43.3567 -42.7436 0
    endloop
  endfacet
  facet normal 0 0 -1
    outer loop
      vertex -45.9619 -34.6482 0
      vertex -43.3567 -42.7436 0
      vertex -43.4533 -42.6919 0
    endloop
  endfacet
  facet normal 0 0 -1
    outer loop
      vertex -45.9619 -34.6482 0
      vertex -43.4533 -42.6919 0
      vertex -43.5532 -42.6467 0
    endloop
  endfacet
  facet normal 0 0 -1
    outer loop
      vertex -45.9619 -34.6482 0
      vertex -43.5532 -42.6467 0
      vertex -43.6558 -42.6081 0
    endloop
  endfacet
  facet normal 0 0 -1
    outer loop
      vertex -45.9619 -34.6482 0
      vertex -43.6558 -42.6081 0
      vertex -43.7607 -42.5762 0
    endloop
  endfacet
  facet normal 0 0 -1
    outer loop
      vertex -45.9619 -34.6482 0
      vertex -43.7607 -42.5762 0
      vertex -43.8674 -42.5514 0
    endloop
  endfacet
  facet normal 0 0 -1
    outer loop
      vertex -45.9619 -34.6482 0
      vertex -43.8674 -42.5514 0
      vertex -43.9755 -42.5335 0
    endloop
  endfacet
  facet normal 0 0 -1
    outer loop
      vertex -45.9619 -34.6482 0
      vertex -43.9755 -42.5335 0
      vertex -44.0846 -42.5228 0
    endloop
  endfacet
  facet normal 0 0 -1
    outer loop
      vertex -45.9619 -34.6482 0
      vertex -44.0846 -42.5228 0
      vertex -44.1942 -42.5192 0
    endloop
  endfacet
  facet normal 0 0 -1
    outer loop
      vertex -45.9619 -34.6482 0
      vertex -44.1942 -42.5192 0
      vertex -44.3037 -42.5228 0
    endloop
  endfacet
  facet normal 0 0 -1
    outer loop
      vertex -45.9619 -34.6482 0
      vertex -44.3037 -42.5228 0
      vertex -44.4128 -42.5335 0
    endloop
  endfacet
  facet normal 0 0 -1
    outer loop
      vertex -45.9619 -34.6482 0
      vertex -44.4128 -42.5335 0
      vertex -44.521 -42.5514 0
    endloop
  endfacet
  facet normal 0 0 -1
    outer loop
      vertex -45.9619 -34.6482 0
      vertex -44.521 -42.5514 0
      vertex -44.6277 -42.5762 0
    endloop
  endfacet
  facet normal 0 0 -1
    outer loop
      vertex -45.9619 -34.6482 0
      vertex -44.6277 -42.5762 0
      vertex -44.7326 -42.6081 0
    endloop
  endfacet
  facet normal 0 0 -1
    outer loop
      vertex -45.9619 -34.6482 0
      vertex -44.7326 -42.6081 0
      vertex -44.8352 -42.6467 0
    endloop
  endfacet
  facet normal 0 0 -1
    outer loop
      vertex -45.9619 -34.6482 0
      vertex -44.8352 -42.6467 0
      vertex -44.935 -42.6919 0
    endloop
  endfacet
  facet normal 0 0 -1
    outer loop
      vertex -45.9619 -34.6482 0
      vertex -44.935 -42.6919 0
      vertex -45.0317 -42.7436 0
    endloop
  endfacet
  facet normal 0 0 -1
    outer loop
      vertex -45.9619 -34.6482 0
      vertex -45.0317 -42.7436 0
      vertex -45.1248 -42.8015 0
    endloop
  endfacet
  facet normal 0 0 -1
    outer loop
      vertex -45.9619 -34.6482 0
      vertex -45.1248 -42.8015 0
      vertex -45.2138 -42.8653 0
    endloop
  endfacet
  facet normal 0 0 -1
    outer loop
      vertex -45.9619 -34.6482 0
      vertex -45.2138 -42.8653 0
      vertex -45.2986 -42.9348 0
    endloop
  endfacet
  facet normal 0 0 -1
    outer loop
      vertex -45.9619 -34.6482 0
      vertex -45.2986 -42.9348 0
      vertex -45.3786 -43.0098 0
    endloop
  endfacet
  facet normal 0 0 -1
    outer loop
      vertex -45.9619 -34.6482 0
      vertex -45.3786 -43.0098 0
      vertex -45.4535 -43.0898 0
    endloop
  endfacet
  facet normal 0 0 -1
    outer loop
      vertex -45.9619 -34.6482 0
      vertex -45.4535 -43.0898 0
      vertex -45.523 -43.1745 0
    endloop
  endfacet
  facet normal -0 0 -1
    outer loop
      vertex -45.837 -44.521 0
      vertex -46.9568 -44.7496 0
      vertex -45.8548 -44.4128 0
    endloop
  endfacet
  facet normal -0 0 -1
    outer loop
      vertex -45.8548 -44.4128 0
      vertex -46.9568 -44.7496 0
      vertex -45.8656 -44.3037 0
    endloop
  endfacet
  facet normal -0 0 -1
    outer loop
      vertex -45.8656 -44.3037 0
      vertex -46.9568 -44.7496 0
      vertex -45.8692 -44.1942 0
    endloop
  endfacet
  facet normal 0 0 -1
    outer loop
      vertex -47.2333 -44.3051 0
      vertex -45.8692 -44.1942 0
      vertex -46.9568 -44.7496 0
    endloop
  endfacet
  facet normal 0 0 -1
    outer loop
      vertex -45.9619 -34.6482 0
      vertex -45.8121 -43.7607 0
      vertex -45.837 -43.8674 0
    endloop
  endfacet
  facet normal 0 0 -1
    outer loop
      vertex -45.9619 -34.6482 0
      vertex -45.7803 -43.6558 0
      vertex -45.8121 -43.7607 0
    endloop
  endfacet
  facet normal 0 0 -1
    outer loop
      vertex -45.9619 -34.6482 0
      vertex -45.7417 -43.5532 0
      vertex -45.7803 -43.6558 0
    endloop
  endfacet
  facet normal 0 0 -1
    outer loop
      vertex -45.9619 -34.6482 0
      vertex -45.6964 -43.4533 0
      vertex -45.7417 -43.5532 0
    endloop
  endfacet
  facet normal 0 0 -1
    outer loop
      vertex -45.9619 -34.6482 0
      vertex -45.6448 -43.3567 0
      vertex -45.6964 -43.4533 0
    endloop
  endfacet
  facet normal 0 0 -1
    outer loop
      vertex -45.9619 -34.6482 0
      vertex -45.5869 -43.2636 0
      vertex -45.6448 -43.3567 0
    endloop
  endfacet
  facet normal 0 0 -1
    outer loop
      vertex -45.9619 -34.6482 0
      vertex -45.523 -43.1745 0
      vertex -45.5869 -43.2636 0
    endloop
  endfacet
  facet normal 0 0 -1
    outer loop
      vertex -34.6482 -45.9619 0
      vertex -45.9619 -34.6482 0
      vertex -18.9894 -6.26144 0
    endloop
  endfacet
  facet normal 0 0 -1
    outer loop
      vertex -18.9894 -6.26144 0
      vertex -45.9619 -34.6482 0
      vertex -46.669 -33.9411 0
    endloop
  endfacet
  facet normal 0 0 -1
    outer loop
      vertex 45.8692 44.1942 0
      vertex 48.3051 40.3051 0
      vertex 48.288 39.7819 0
    endloop
  endfacet
  facet normal 0 0 -1
    outer loop
      vertex 45.8692 44.1942 0
      vertex 48.288 39.7819 0
      vertex 48.2366 39.2609 0
    endloop
  endfacet
  facet normal 0 0 -1
    outer loop
      vertex 48.3051 40.3051 0
      vertex 45.8692 44.1942 0
      vertex 48.288 40.8283 0
    endloop
  endfacet
  facet normal 0 0 -1
    outer loop
      vertex 45.8692 44.1942 0
      vertex 48.2366 39.2609 0
      vertex 48.1514 38.7444 0
    endloop
  endfacet
  facet normal 0 0 -1
    outer loop
      vertex 48.288 40.8283 0
      vertex 45.8692 44.1942 0
      vertex 48.2366 41.3493 0
    endloop
  endfacet
  facet normal 0 0 -1
    outer loop
      vertex 45.8692 44.1942 0
      vertex 48.1514 38.7444 0
      vertex 48.0325 38.2345 0
    endloop
  endfacet
  facet normal 0 0 -1
    outer loop
      vertex 48.2366 41.3493 0
      vertex 45.8692 44.1942 0
      vertex 48.1514 41.8658 0
    endloop
  endfacet
  facet normal 0 0 -1
    outer loop
      vertex 45.8692 44.1942 0
      vertex 48.0325 38.2345 0
      vertex 47.8805 37.7336 0
    endloop
  endfacet
  facet normal 0 0 -1
    outer loop
      vertex 48.1514 41.8658 0
      vertex 45.8692 44.1942 0
      vertex 48.0325 42.3756 0
    endloop
  endfacet
  facet normal 0 0 -1
    outer loop
      vertex 45.8692 44.1942 0
      vertex 47.8805 37.7336 0
      vertex 47.6961 37.2436 0
    endloop
  endfacet
  facet normal 0 0 -1
    outer loop
      vertex 48.0325 42.3756 0
      vertex 45.8692 44.1942 0
      vertex 47.8805 42.8766 0
    endloop
  endfacet
  facet normal 0 0 -1
    outer loop
      vertex 45.8692 44.1942 0
      vertex 47.6961 37.2436 0
      vertex 47.4801 36.7668 0
    endloop
  endfacet
  facet normal 0 0 -1
    outer loop
      vertex 47.8805 42.8766 0
      vertex 45.8692 44.1942 0
      vertex 47.6961 43.3666 0
    endloop
  endfacet
  facet normal 0 0 -1
    outer loop
      vertex 45.8692 44.1942 0
      vertex 47.4801 36.7668 0
      vertex 47.2333 36.3051 0
    endloop
  endfacet
  facet normal 0 0 -1
    outer loop
      vertex 47.6961 43.3666 0
      vertex 45.8692 44.1942 0
      vertex 47.4801 43.8434 0
    endloop
  endfacet
  facet normal 0 0 -1
    outer loop
      vertex 45.8692 44.1942 0
      vertex 47.2333 36.3051 0
      vertex 46.9568 35.8605 0
    endloop
  endfacet
  facet normal 0 0 -1
    outer loop
      vertex 47.4801 43.8434 0
      vertex 45.8692 44.1942 0
      vertex 47.2333 44.3051 0
    endloop
  endfacet
  facet normal 0 0 -1
    outer loop
      vertex 45.8692 44.1942 0
      vertex 46.9568 35.8605 0
      vertex 46.6519 35.435 0
    endloop
  endfacet
  facet normal -0 0 -1
    outer loop
      vertex 47.2333 44.3051 0
      vertex 45.8692 44.1942 0
      vertex 46.9568 44.7496 0
    endloop
  endfacet
  facet normal 0 0 -1
    outer loop
      vertex 45.8692 44.1942 0
      vertex 46.6519 35.435 0
      vertex 46.3198 35.0303 0
    endloop
  endfacet
  facet normal 0 0 -1
    outer loop
      vertex 45.8656 44.3037 0
      vertex 46.9568 44.7496 0
      vertex 45.8692 44.1942 0
    endloop
  endfacet
  facet normal 0 0 -1
    outer loop
      vertex 43.8674 42.5514 0
      vertex 46.3198 35.0303 0
      vertex 45.9619 34.6482 0
    endloop
  endfacet
  facet normal 0 0 -1
    outer loop
      vertex 45.8548 44.4128 0
      vertex 46.9568 44.7496 0
      vertex 45.8656 44.3037 0
    endloop
  endfacet
  facet normal -0 0 -1
    outer loop
      vertex 46.9568 44.7496 0
      vertex 45.837 44.521 0
      vertex 46.6519 45.1752 0
    endloop
  endfacet
  facet normal 0 0 -1
    outer loop
      vertex 45.8121 44.6277 0
      vertex 46.6519 45.1752 0
      vertex 45.837 44.521 0
    endloop
  endfacet
  facet normal 0 0 -1
    outer loop
      vertex 45.7803 44.7326 0
      vertex 46.6519 45.1752 0
      vertex 45.8121 44.6277 0
    endloop
  endfacet
  facet normal 0 0 -1
    outer loop
      vertex 45.7417 44.8352 0
      vertex 46.6519 45.1752 0
      vertex 45.7803 44.7326 0
    endloop
  endfacet
  facet normal 0 0 -1
    outer loop
      vertex 45.6964 44.935 0
      vertex 46.6519 45.1752 0
      vertex 45.7417 44.8352 0
    endloop
  endfacet
  facet normal -0 0 -1
    outer loop
      vertex 46.6519 45.1752 0
      vertex 45.6964 44.935 0
      vertex 46.3198 45.5799 0
    endloop
  endfacet
  facet normal 0 0 -1
    outer loop
      vertex 45.6448 45.0317 0
      vertex 46.3198 45.5799 0
      vertex 45.6964 44.935 0
    endloop
  endfacet
  facet normal 0 0 -1
    outer loop
      vertex 45.5869 45.1248 0
      vertex 46.3198 45.5799 0
      vertex 45.6448 45.0317 0
    endloop
  endfacet
  facet normal 0 0 -1
    outer loop
      vertex 45.523 45.2138 0
      vertex 46.3198 45.5799 0
      vertex 45.5869 45.1248 0
    endloop
  endfacet
  facet normal -0 0 -1
    outer loop
      vertex 46.3198 45.5799 0
      vertex 45.523 45.2138 0
      vertex 45.9619 45.9619 0
    endloop
  endfacet
  facet normal 0 0 -1
    outer loop
      vertex 45.4535 45.2986 0
      vertex 45.9619 45.9619 0
      vertex 45.523 45.2138 0
    endloop
  endfacet
  facet normal 0 0 -1
    outer loop
      vertex 45.3786 45.3786 0
      vertex 45.9619 45.9619 0
      vertex 45.4535 45.2986 0
    endloop
  endfacet
  facet normal 0 0 -1
    outer loop
      vertex 45.2986 45.4535 0
      vertex 45.9619 45.9619 0
      vertex 45.3786 45.3786 0
    endloop
  endfacet
  facet normal 0 0 -1
    outer loop
      vertex 45.2138 45.523 0
      vertex 45.9619 45.9619 0
      vertex 45.2986 45.4535 0
    endloop
  endfacet
  facet normal -0 0 -1
    outer loop
      vertex 45.9619 45.9619 0
      vertex 45.2138 45.523 0
      vertex 45.5799 46.3198 0
    endloop
  endfacet
  facet normal 0 0 -1
    outer loop
      vertex 45.1248 45.5869 0
      vertex 45.5799 46.3198 0
      vertex 45.2138 45.523 0
    endloop
  endfacet
  facet normal 0 0 -1
    outer loop
      vertex 45.0317 45.6448 0
      vertex 45.5799 46.3198 0
      vertex 45.1248 45.5869 0
    endloop
  endfacet
  facet normal 0 0 -1
    outer loop
      vertex 44.935 45.6964 0
      vertex 45.5799 46.3198 0
      vertex 45.0317 45.6448 0
    endloop
  endfacet
  facet normal -0 0 -1
    outer loop
      vertex 45.5799 46.3198 0
      vertex 44.935 45.6964 0
      vertex 45.1752 46.6519 0
    endloop
  endfacet
  facet normal 0 0 -1
    outer loop
      vertex 44.8352 45.7417 0
      vertex 45.1752 46.6519 0
      vertex 44.935 45.6964 0
    endloop
  endfacet
  facet normal 0 0 -1
    outer loop
      vertex 44.7326 45.7803 0
      vertex 45.1752 46.6519 0
      vertex 44.8352 45.7417 0
    endloop
  endfacet
  facet normal 0 0 -1
    outer loop
      vertex 44.6277 45.8121 0
      vertex 45.1752 46.6519 0
      vertex 44.7326 45.7803 0
    endloop
  endfacet
  facet normal 0 0 -1
    outer loop
      vertex 44.521 45.837 0
      vertex 45.1752 46.6519 0
      vertex 44.6277 45.8121 0
    endloop
  endfacet
  facet normal -0 0 -1
    outer loop
      vertex 45.1752 46.6519 0
      vertex 44.521 45.837 0
      vertex 44.7496 46.9568 0
    endloop
  endfacet
  facet normal 0 0 -1
    outer loop
      vertex 44.4128 45.8548 0
      vertex 44.7496 46.9568 0
      vertex 44.521 45.837 0
    endloop
  endfacet
  facet normal 0 0 -1
    outer loop
      vertex 44.3037 45.8656 0
      vertex 44.7496 46.9568 0
      vertex 44.4128 45.8548 0
    endloop
  endfacet
  facet normal 0 0 -1
    outer loop
      vertex 44.1942 45.8692 0
      vertex 44.7496 46.9568 0
      vertex 44.3037 45.8656 0
    endloop
  endfacet
  facet normal -0 0 -1
    outer loop
      vertex 44.7496 46.9568 0
      vertex 44.1942 45.8692 0
      vertex 44.3051 47.2333 0
    endloop
  endfacet
  facet normal 0 0 -1
    outer loop
      vertex 44.0846 45.8656 0
      vertex 44.3051 47.2333 0
      vertex 44.1942 45.8692 0
    endloop
  endfacet
  facet normal 0 0 -1
    outer loop
      vertex 43.9755 45.8548 0
      vertex 44.3051 47.2333 0
      vertex 44.0846 45.8656 0
    endloop
  endfacet
  facet normal 0 0 -1
    outer loop
      vertex 43.8674 45.837 0
      vertex 44.3051 47.2333 0
      vertex 43.9755 45.8548 0
    endloop
  endfacet
  facet normal 0 0 -1
    outer loop
      vertex 43.8674 45.837 0
      vertex 43.8434 47.4801 0
      vertex 44.3051 47.2333 0
    endloop
  endfacet
  facet normal 0 0 -1
    outer loop
      vertex 43.7607 45.8121 0
      vertex 43.8434 47.4801 0
      vertex 43.8674 45.837 0
    endloop
  endfacet
  facet normal 0 0 -1
    outer loop
      vertex 43.6558 45.7803 0
      vertex 43.8434 47.4801 0
      vertex 43.7607 45.8121 0
    endloop
  endfacet
  facet normal 0 0 -1
    outer loop
      vertex 43.5532 45.7417 0
      vertex 43.8434 47.4801 0
      vertex 43.6558 45.7803 0
    endloop
  endfacet
  facet normal 0 0 -1
    outer loop
      vertex 43.3666 47.6961 0
      vertex 43.5532 45.7417 0
      vertex 43.4533 45.6964 0
    endloop
  endfacet
  facet normal 0 0 -1
    outer loop
      vertex 43.5532 45.7417 0
      vertex 43.3666 47.6961 0
      vertex 43.8434 47.4801 0
    endloop
  endfacet
  facet normal 0 0 -1
    outer loop
      vertex 43.3567 45.6448 0
      vertex 43.3666 47.6961 0
      vertex 43.4533 45.6964 0
    endloop
  endfacet
  facet normal 0 0 -1
    outer loop
      vertex 42.8766 47.8805 0
      vertex 43.3567 45.6448 0
      vertex 43.2636 45.5869 0
    endloop
  endfacet
  facet normal 0 0 -1
    outer loop
      vertex 42.8766 47.8805 0
      vertex 43.2636 45.5869 0
      vertex 43.1745 45.523 0
    endloop
  endfacet
  facet normal 0 0 -1
    outer loop
      vertex 42.8766 47.8805 0
      vertex 43.1745 45.523 0
      vertex 43.0898 45.4535 0
    endloop
  endfacet
  facet normal 0 0 -1
    outer loop
      vertex 42.3756 48.0325 0
      vertex 43.0898 45.4535 0
      vertex 43.0098 45.3786 0
    endloop
  endfacet
  facet normal 0 0 -1
    outer loop
      vertex 42.3756 48.0325 0
      vertex 43.0098 45.3786 0
      vertex 42.9348 45.2986 0
    endloop
  endfacet
  facet normal 0 0 -1
    outer loop
      vertex 43.3567 45.6448 0
      vertex 42.8766 47.8805 0
      vertex 43.3666 47.6961 0
    endloop
  endfacet
  facet normal 0 0 -1
    outer loop
      vertex 42.3756 48.0325 0
      vertex 42.9348 45.2986 0
      vertex 42.8653 45.2138 0
    endloop
  endfacet
  facet normal 0 0 -1
    outer loop
      vertex 42.3756 48.0325 0
      vertex 42.8653 45.2138 0
      vertex 42.8015 45.1248 0
    endloop
  endfacet
  facet normal 0 0 -1
    outer loop
      vertex 42.3756 48.0325 0
      vertex 42.8015 45.1248 0
      vertex 42.7436 45.0317 0
    endloop
  endfacet
  facet normal 0 0 -1
    outer loop
      vertex 42.3756 48.0325 0
      vertex 42.7436 45.0317 0
      vertex 42.6919 44.935 0
    endloop
  endfacet
  facet normal 0 0 -1
    outer loop
      vertex 42.3756 48.0325 0
      vertex 42.6919 44.935 0
      vertex 42.6467 44.8352 0
    endloop
  endfacet
  facet normal 0 0 -1
    outer loop
      vertex 42.3756 48.0325 0
      vertex 42.6467 44.8352 0
      vertex 42.6081 44.7326 0
    endloop
  endfacet
  facet normal 0 0 -1
    outer loop
      vertex 42.3756 48.0325 0
      vertex 42.6081 44.7326 0
      vertex 42.5762 44.6277 0
    endloop
  endfacet
  facet normal 0 0 -1
    outer loop
      vertex 42.3756 48.0325 0
      vertex 42.5762 44.6277 0
      vertex 42.5514 44.521 0
    endloop
  endfacet
  facet normal 0 0 -1
    outer loop
      vertex 42.3756 48.0325 0
      vertex 42.5514 44.521 0
      vertex 42.5335 44.4128 0
    endloop
  endfacet
  facet normal 0 0 -1
    outer loop
      vertex 43.0898 45.4535 0
      vertex 42.3756 48.0325 0
      vertex 42.8766 47.8805 0
    endloop
  endfacet
  facet normal 0 0 -1
    outer loop
      vertex 42.5228 44.3037 0
      vertex 42.3756 48.0325 0
      vertex 42.5335 44.4128 0
    endloop
  endfacet
  facet normal 0 0 -1
    outer loop
      vertex 42.3756 48.0325 0
      vertex 42.5228 44.3037 0
      vertex 42.5192 44.1942 0
    endloop
  endfacet
  facet normal 0 0 -1
    outer loop
      vertex 44.935 -42.6919 0
      vertex 48.3051 -40.3051 0
      vertex 48.288 -40.8283 0
    endloop
  endfacet
  facet normal 0 0 -1
    outer loop
      vertex 45.0317 -42.7436 0
      vertex 48.288 -40.8283 0
      vertex 48.2366 -41.3493 0
    endloop
  endfacet
  facet normal 0 0 -1
    outer loop
      vertex 48.3051 -40.3051 0
      vertex 44.935 -42.6919 0
      vertex 44.8352 -42.6467 0
    endloop
  endfacet
  facet normal 0 0 -1
    outer loop
      vertex 45.2138 -42.8653 0
      vertex 48.2366 -41.3493 0
      vertex 48.1514 -41.8658 0
    endloop
  endfacet
  facet normal 0 0 -1
    outer loop
      vertex 44.7326 -42.6081 0
      vertex 48.3051 -40.3051 0
      vertex 44.8352 -42.6467 0
    endloop
  endfacet
  facet normal 0 0 -1
    outer loop
      vertex 45.2986 -42.9348 0
      vertex 48.1514 -41.8658 0
      vertex 48.0325 -42.3756 0
    endloop
  endfacet
  facet normal 0 0 -1
    outer loop
      vertex 48.288 -40.8283 0
      vertex 45.0317 -42.7436 0
      vertex 44.935 -42.6919 0
    endloop
  endfacet
  facet normal 0 0 -1
    outer loop
      vertex 45.4535 -43.0898 0
      vertex 48.0325 -42.3756 0
      vertex 47.8805 -42.8766 0
    endloop
  endfacet
  facet normal 0 0 -1
    outer loop
      vertex 48.2366 -41.3493 0
      vertex 45.1248 -42.8015 0
      vertex 45.0317 -42.7436 0
    endloop
  endfacet
  facet normal 0 0 -1
    outer loop
      vertex 45.6448 -43.3567 0
      vertex 47.8805 -42.8766 0
      vertex 47.6961 -43.3666 0
    endloop
  endfacet
  facet normal 0 0 -1
    outer loop
      vertex 48.2366 -41.3493 0
      vertex 45.2138 -42.8653 0
      vertex 45.1248 -42.8015 0
    endloop
  endfacet
  facet normal 0 0 -1
    outer loop
      vertex 45.7417 -43.5532 0
      vertex 47.6961 -43.3666 0
      vertex 47.4801 -43.8434 0
    endloop
  endfacet
  facet normal 0 0 -1
    outer loop
      vertex 48.1514 -41.8658 0
      vertex 45.2986 -42.9348 0
      vertex 45.2138 -42.8653 0
    endloop
  endfacet
  facet normal 0 0 -1
    outer loop
      vertex 45.837 -43.8674 0
      vertex 47.4801 -43.8434 0
      vertex 47.2333 -44.3051 0
    endloop
  endfacet
  facet normal 0 0 -1
    outer loop
      vertex 48.0325 -42.3756 0
      vertex 45.4535 -43.0898 0
      vertex 45.3786 -43.0098 0
    endloop
  endfacet
  facet normal 0 0 -1
    outer loop
      vertex 45.8692 -44.1942 0
      vertex 47.2333 -44.3051 0
      vertex 46.9568 -44.7496 0
    endloop
  endfacet
  facet normal 0 0 -1
    outer loop
      vertex 47.8805 -42.8766 0
      vertex 45.5869 -43.2636 0
      vertex 45.523 -43.1745 0
    endloop
  endfacet
  facet normal 0 0 -1
    outer loop
      vertex 45.837 -44.521 0
      vertex 46.9568 -44.7496 0
      vertex 46.6519 -45.1752 0
    endloop
  endfacet
  facet normal 0 0 -1
    outer loop
      vertex 47.6961 -43.3666 0
      vertex 45.7417 -43.5532 0
      vertex 45.6964 -43.4533 0
    endloop
  endfacet
  facet normal 0 0 -1
    outer loop
      vertex 45.6964 -44.935 0
      vertex 46.6519 -45.1752 0
      vertex 46.3198 -45.5799 0
    endloop
  endfacet
  facet normal -0 0 -1
    outer loop
      vertex 47.4801 -43.8434 0
      vertex 45.837 -43.8674 0
      vertex 45.8121 -43.7607 0
    endloop
  endfacet
  facet normal 0 0 -1
    outer loop
      vertex 45.523 -45.2138 0
      vertex 46.3198 -45.5799 0
      vertex 45.9619 -45.9619 0
    endloop
  endfacet
  facet normal 0 0 -1
    outer loop
      vertex 47.2333 -44.3051 0
      vertex 45.8692 -44.1942 0
      vertex 45.8656 -44.0846 0
    endloop
  endfacet
  facet normal 0 0 -1
    outer loop
      vertex 47.2333 -44.3051 0
      vertex 45.8656 -44.0846 0
      vertex 45.8548 -43.9755 0
    endloop
  endfacet
  facet normal 0 0 -1
    outer loop
      vertex 46.9568 -44.7496 0
      vertex 45.8656 -44.3037 0
      vertex 45.8692 -44.1942 0
    endloop
  endfacet
  facet normal 0 0 -1
    outer loop
      vertex 46.9568 -44.7496 0
      vertex 45.8548 -44.4128 0
      vertex 45.8656 -44.3037 0
    endloop
  endfacet
  facet normal 0 0 -1
    outer loop
      vertex 46.9568 -44.7496 0
      vertex 45.837 -44.521 0
      vertex 45.8548 -44.4128 0
    endloop
  endfacet
  facet normal 0 0 -1
    outer loop
      vertex 46.6519 -45.1752 0
      vertex 45.8121 -44.6277 0
      vertex 45.837 -44.521 0
    endloop
  endfacet
  facet normal 0 0 -1
    outer loop
      vertex 46.6519 -45.1752 0
      vertex 45.7803 -44.7326 0
      vertex 45.8121 -44.6277 0
    endloop
  endfacet
  facet normal 0 0 -1
    outer loop
      vertex 46.6519 -45.1752 0
      vertex 45.7417 -44.8352 0
      vertex 45.7803 -44.7326 0
    endloop
  endfacet
  facet normal 0 0 -1
    outer loop
      vertex 46.6519 -45.1752 0
      vertex 45.6964 -44.935 0
      vertex 45.7417 -44.8352 0
    endloop
  endfacet
  facet normal 0 0 -1
    outer loop
      vertex 46.3198 -45.5799 0
      vertex 45.6448 -45.0317 0
      vertex 45.6964 -44.935 0
    endloop
  endfacet
  facet normal 0 0 -1
    outer loop
      vertex 46.3198 -45.5799 0
      vertex 45.5869 -45.1248 0
      vertex 45.6448 -45.0317 0
    endloop
  endfacet
  facet normal 0 0 -1
    outer loop
      vertex 45.2138 -45.523 0
      vertex 45.9619 -45.9619 0
      vertex 45.5799 -46.3198 0
    endloop
  endfacet
  facet normal 0 0 -1
    outer loop
      vertex 46.3198 -45.5799 0
      vertex 45.523 -45.2138 0
      vertex 45.5869 -45.1248 0
    endloop
  endfacet
  facet normal 0 0 -1
    outer loop
      vertex 45.9619 -45.9619 0
      vertex 45.4535 -45.2986 0
      vertex 45.523 -45.2138 0
    endloop
  endfacet
  facet normal 0 0 -1
    outer loop
      vertex 45.9619 -45.9619 0
      vertex 45.3786 -45.3786 0
      vertex 45.4535 -45.2986 0
    endloop
  endfacet
  facet normal 0 0 -1
    outer loop
      vertex 45.9619 -45.9619 0
      vertex 45.2986 -45.4535 0
      vertex 45.3786 -45.3786 0
    endloop
  endfacet
  facet normal 0 0 -1
    outer loop
      vertex 45.9619 -45.9619 0
      vertex 45.2138 -45.523 0
      vertex 45.2986 -45.4535 0
    endloop
  endfacet
  facet normal 0 0 -1
    outer loop
      vertex 44.935 -45.6964 0
      vertex 45.5799 -46.3198 0
      vertex 45.1752 -46.6519 0
    endloop
  endfacet
  facet normal 0 0 -1
    outer loop
      vertex 45.5799 -46.3198 0
      vertex 45.1248 -45.5869 0
      vertex 45.2138 -45.523 0
    endloop
  endfacet
  facet normal 0 0 -1
    outer loop
      vertex 45.5799 -46.3198 0
      vertex 45.0317 -45.6448 0
      vertex 45.1248 -45.5869 0
    endloop
  endfacet
  facet normal 0 0 -1
    outer loop
      vertex 45.5799 -46.3198 0
      vertex 44.935 -45.6964 0
      vertex 45.0317 -45.6448 0
    endloop
  endfacet
  facet normal 0 0 -1
    outer loop
      vertex 45.1752 -46.6519 0
      vertex 44.8352 -45.7417 0
      vertex 44.935 -45.6964 0
    endloop
  endfacet
  facet normal 0 0 -1
    outer loop
      vertex 44.521 -45.837 0
      vertex 45.1752 -46.6519 0
      vertex 44.7496 -46.9568 0
    endloop
  endfacet
  facet normal 0 0 -1
    outer loop
      vertex 45.1752 -46.6519 0
      vertex 44.7326 -45.7803 0
      vertex 44.8352 -45.7417 0
    endloop
  endfacet
  facet normal 0 0 -1
    outer loop
      vertex 45.1752 -46.6519 0
      vertex 44.6277 -45.8121 0
      vertex 44.7326 -45.7803 0
    endloop
  endfacet
  facet normal 0 0 -1
    outer loop
      vertex 45.1752 -46.6519 0
      vertex 44.521 -45.837 0
      vertex 44.6277 -45.8121 0
    endloop
  endfacet
  facet normal 0 0 -1
    outer loop
      vertex 44.7496 -46.9568 0
      vertex 44.4128 -45.8548 0
      vertex 44.521 -45.837 0
    endloop
  endfacet
  facet normal 0 0 -1
    outer loop
      vertex 44.1942 -45.8692 0
      vertex 44.7496 -46.9568 0
      vertex 44.3051 -47.2333 0
    endloop
  endfacet
  facet normal 0 0 -1
    outer loop
      vertex 44.7496 -46.9568 0
      vertex 44.3037 -45.8656 0
      vertex 44.4128 -45.8548 0
    endloop
  endfacet
  facet normal 0 0 -1
    outer loop
      vertex 44.7496 -46.9568 0
      vertex 44.1942 -45.8692 0
      vertex 44.3037 -45.8656 0
    endloop
  endfacet
  facet normal 0 0 -1
    outer loop
      vertex 44.3051 -47.2333 0
      vertex 44.0846 -45.8656 0
      vertex 44.1942 -45.8692 0
    endloop
  endfacet
  facet normal 0 0 -1
    outer loop
      vertex 44.3051 -47.2333 0
      vertex 43.9755 -45.8548 0
      vertex 44.0846 -45.8656 0
    endloop
  endfacet
  facet normal 0 0 -1
    outer loop
      vertex 44.3051 -47.2333 0
      vertex 43.8674 -45.837 0
      vertex 43.9755 -45.8548 0
    endloop
  endfacet
  facet normal 0 0 -1
    outer loop
      vertex 43.8434 -47.4801 0
      vertex 43.8674 -45.837 0
      vertex 44.3051 -47.2333 0
    endloop
  endfacet
  facet normal 0 0 -1
    outer loop
      vertex 43.8434 -47.4801 0
      vertex 43.7607 -45.8121 0
      vertex 43.8674 -45.837 0
    endloop
  endfacet
  facet normal 0 0 -1
    outer loop
      vertex 43.8434 -47.4801 0
      vertex 43.6558 -45.7803 0
      vertex 43.7607 -45.8121 0
    endloop
  endfacet
  facet normal 0 0 -1
    outer loop
      vertex 43.8434 -47.4801 0
      vertex 43.5532 -45.7417 0
      vertex 43.6558 -45.7803 0
    endloop
  endfacet
  facet normal 0 0 -1
    outer loop
      vertex 43.3666 -47.6961 0
      vertex 43.5532 -45.7417 0
      vertex 43.8434 -47.4801 0
    endloop
  endfacet
  facet normal -0 0 -1
    outer loop
      vertex 43.5532 -45.7417 0
      vertex 43.3666 -47.6961 0
      vertex 43.4533 -45.6964 0
    endloop
  endfacet
  facet normal 0 0 -1
    outer loop
      vertex 43.3666 -47.6961 0
      vertex 43.3567 -45.6448 0
      vertex 43.4533 -45.6964 0
    endloop
  endfacet
  facet normal 0 0 -1
    outer loop
      vertex 42.8766 -47.8805 0
      vertex 43.3567 -45.6448 0
      vertex 43.3666 -47.6961 0
    endloop
  endfacet
  facet normal -0 0 -1
    outer loop
      vertex 43.3567 -45.6448 0
      vertex 42.8766 -47.8805 0
      vertex 43.2636 -45.5869 0
    endloop
  endfacet
  facet normal -0 0 -1
    outer loop
      vertex 43.2636 -45.5869 0
      vertex 42.8766 -47.8805 0
      vertex 43.1745 -45.523 0
    endloop
  endfacet
  facet normal -0 0 -1
    outer loop
      vertex 43.1745 -45.523 0
      vertex 42.8766 -47.8805 0
      vertex 43.0898 -45.4535 0
    endloop
  endfacet
  facet normal 0 0 -1
    outer loop
      vertex 42.3756 -48.0325 0
      vertex 43.0898 -45.4535 0
      vertex 42.8766 -47.8805 0
    endloop
  endfacet
  facet normal -0 0 -1
    outer loop
      vertex 43.0898 -45.4535 0
      vertex 42.3756 -48.0325 0
      vertex 43.0098 -45.3786 0
    endloop
  endfacet
  facet normal -0 0 -1
    outer loop
      vertex 43.0098 -45.3786 0
      vertex 42.3756 -48.0325 0
      vertex 42.9348 -45.2986 0
    endloop
  endfacet
  facet normal 0 0 -1
    outer loop
      vertex 41.8658 -48.1514 0
      vertex 42.9348 -45.2986 0
      vertex 42.3756 -48.0325 0
    endloop
  endfacet
  facet normal -0 0 -1
    outer loop
      vertex 42.9348 -45.2986 0
      vertex 41.8658 -48.1514 0
      vertex 42.8653 -45.2138 0
    endloop
  endfacet
  facet normal 0 0 -1
    outer loop
      vertex 41.3493 -48.2366 0
      vertex 42.8653 -45.2138 0
      vertex 41.8658 -48.1514 0
    endloop
  endfacet
  facet normal -0 0 -1
    outer loop
      vertex 42.8653 -45.2138 0
      vertex 41.3493 -48.2366 0
      vertex 42.8015 -45.1248 0
    endloop
  endfacet
  facet normal -0 0 -1
    outer loop
      vertex 42.8015 -45.1248 0
      vertex 41.3493 -48.2366 0
      vertex 42.7436 -45.0317 0
    endloop
  endfacet
  facet normal 0 0 -1
    outer loop
      vertex 40.8283 -48.288 0
      vertex 42.7436 -45.0317 0
      vertex 41.3493 -48.2366 0
    endloop
  endfacet
  facet normal -0 0 -1
    outer loop
      vertex 42.7436 -45.0317 0
      vertex 40.8283 -48.288 0
      vertex 42.6919 -44.935 0
    endloop
  endfacet
  facet normal 0 0 -1
    outer loop
      vertex 40.3051 -48.3051 0
      vertex 42.6919 -44.935 0
      vertex 40.8283 -48.288 0
    endloop
  endfacet
  facet normal 0 0 -1
    outer loop
      vertex 39.7819 -48.288 0
      vertex 42.6081 -44.7326 0
      vertex 40.3051 -48.3051 0
    endloop
  endfacet
  facet normal -0 0 -1
    outer loop
      vertex 42.6467 -44.8352 0
      vertex 40.3051 -48.3051 0
      vertex 42.6081 -44.7326 0
    endloop
  endfacet
  facet normal -0 0 -1
    outer loop
      vertex 42.6919 -44.935 0
      vertex 40.3051 -48.3051 0
      vertex 42.6467 -44.8352 0
    endloop
  endfacet
  facet normal 0 0 -1
    outer loop
      vertex 47.2333 -44.3051 0
      vertex 45.8548 -43.9755 0
      vertex 45.837 -43.8674 0
    endloop
  endfacet
  facet normal 0 0 -1
    outer loop
      vertex 47.4801 -43.8434 0
      vertex 45.8121 -43.7607 0
      vertex 45.7803 -43.6558 0
    endloop
  endfacet
  facet normal 0 0 -1
    outer loop
      vertex 47.4801 -43.8434 0
      vertex 45.7803 -43.6558 0
      vertex 45.7417 -43.5532 0
    endloop
  endfacet
  facet normal -0 0 -1
    outer loop
      vertex 47.6961 -43.3666 0
      vertex 45.6964 -43.4533 0
      vertex 45.6448 -43.3567 0
    endloop
  endfacet
  facet normal 0 0 -1
    outer loop
      vertex 47.8805 -42.8766 0
      vertex 45.6448 -43.3567 0
      vertex 45.5869 -43.2636 0
    endloop
  endfacet
  facet normal 0 0 -1
    outer loop
      vertex 47.8805 -42.8766 0
      vertex 45.523 -43.1745 0
      vertex 45.4535 -43.0898 0
    endloop
  endfacet
  facet normal 0 0 -1
    outer loop
      vertex 48.0325 -42.3756 0
      vertex 45.3786 -43.0098 0
      vertex 45.2986 -42.9348 0
    endloop
  endfacet
  facet normal -0 0 -1
    outer loop
      vertex 48.3051 -40.3051 0
      vertex 44.7326 -42.6081 0
      vertex 48.288 -39.7819 0
    endloop
  endfacet
  facet normal 0 0 -1
    outer loop
      vertex 44.6277 -42.5762 0
      vertex 48.288 -39.7819 0
      vertex 44.7326 -42.6081 0
    endloop
  endfacet
  facet normal -0 0 -1
    outer loop
      vertex 48.288 -39.7819 0
      vertex 44.6277 -42.5762 0
      vertex 48.2366 -39.2609 0
    endloop
  endfacet
  facet normal 0 0 -1
    outer loop
      vertex 44.521 -42.5514 0
      vertex 48.2366 -39.2609 0
      vertex 44.6277 -42.5762 0
    endloop
  endfacet
  facet normal -0 0 -1
    outer loop
      vertex 48.2366 -39.2609 0
      vertex 44.521 -42.5514 0
      vertex 48.1514 -38.7444 0
    endloop
  endfacet
  facet normal 0 0 -1
    outer loop
      vertex 44.4128 -42.5335 0
      vertex 48.1514 -38.7444 0
      vertex 44.521 -42.5514 0
    endloop
  endfacet
  facet normal -0 0 -1
    outer loop
      vertex 48.1514 -38.7444 0
      vertex 44.4128 -42.5335 0
      vertex 48.0325 -38.2345 0
    endloop
  endfacet
  facet normal 0 0 -1
    outer loop
      vertex 44.3037 -42.5228 0
      vertex 48.0325 -38.2345 0
      vertex 44.4128 -42.5335 0
    endloop
  endfacet
  facet normal -0 0 -1
    outer loop
      vertex 48.0325 -38.2345 0
      vertex 44.3037 -42.5228 0
      vertex 47.8805 -37.7336 0
    endloop
  endfacet
  facet normal 0 0 -1
    outer loop
      vertex 44.1942 -42.5192 0
      vertex 47.8805 -37.7336 0
      vertex 44.3037 -42.5228 0
    endloop
  endfacet
  facet normal -0 0 -1
    outer loop
      vertex 47.8805 -37.7336 0
      vertex 44.1942 -42.5192 0
      vertex 47.6961 -37.2436 0
    endloop
  endfacet
  facet normal -0 0 -1
    outer loop
      vertex 47.6961 -37.2436 0
      vertex 44.1942 -42.5192 0
      vertex 47.4801 -36.7668 0
    endloop
  endfacet
  facet normal 0 0 -1
    outer loop
      vertex 44.0846 -42.5228 0
      vertex 47.4801 -36.7668 0
      vertex 44.1942 -42.5192 0
    endloop
  endfacet
  facet normal -0 0 -1
    outer loop
      vertex 47.4801 -36.7668 0
      vertex 44.0846 -42.5228 0
      vertex 47.2333 -36.3051 0
    endloop
  endfacet
  facet normal 0 0 -1
    outer loop
      vertex 43.9755 -42.5335 0
      vertex 47.2333 -36.3051 0
      vertex 44.0846 -42.5228 0
    endloop
  endfacet
  facet normal -0 0 -1
    outer loop
      vertex 47.2333 -36.3051 0
      vertex 43.9755 -42.5335 0
      vertex 46.9568 -35.8605 0
    endloop
  endfacet
  facet normal -0 0 -1
    outer loop
      vertex 46.9568 -35.8605 0
      vertex 43.9755 -42.5335 0
      vertex 46.6519 -35.435 0
    endloop
  endfacet
  facet normal 0 0 -1
    outer loop
      vertex 43.8674 -42.5514 0
      vertex 46.6519 -35.435 0
      vertex 43.9755 -42.5335 0
    endloop
  endfacet
  facet normal -0 0 -1
    outer loop
      vertex 46.6519 -35.435 0
      vertex 43.8674 -42.5514 0
      vertex 46.3198 -35.0303 0
    endloop
  endfacet
  facet normal -0 0 -1
    outer loop
      vertex 46.3198 -35.0303 0
      vertex 43.8674 -42.5514 0
      vertex 45.9619 -34.6482 0
    endloop
  endfacet
  facet normal 0 0 -1
    outer loop
      vertex 43.7607 -42.5762 0
      vertex 45.9619 -34.6482 0
      vertex 43.8674 -42.5514 0
    endloop
  endfacet
  facet normal 0 0 -1
    outer loop
      vertex 43.6558 -42.6081 0
      vertex 45.9619 -34.6482 0
      vertex 43.7607 -42.5762 0
    endloop
  endfacet
  facet normal 0 0 -1
    outer loop
      vertex 43.5532 -42.6467 0
      vertex 45.9619 -34.6482 0
      vertex 43.6558 -42.6081 0
    endloop
  endfacet
  facet normal 0 0 -1
    outer loop
      vertex 43.4533 -42.6919 0
      vertex 45.9619 -34.6482 0
      vertex 43.5532 -42.6467 0
    endloop
  endfacet
  facet normal 0 0 -1
    outer loop
      vertex 43.3567 -42.7436 0
      vertex 45.9619 -34.6482 0
      vertex 43.4533 -42.6919 0
    endloop
  endfacet
  facet normal 0 0 -1
    outer loop
      vertex 43.2636 -42.8015 0
      vertex 45.9619 -34.6482 0
      vertex 43.3567 -42.7436 0
    endloop
  endfacet
  facet normal 0 0 -1
    outer loop
      vertex 43.1745 -42.8653 0
      vertex 45.9619 -34.6482 0
      vertex 43.2636 -42.8015 0
    endloop
  endfacet
  facet normal 0 0 -1
    outer loop
      vertex 43.0898 -42.9348 0
      vertex 45.9619 -34.6482 0
      vertex 43.1745 -42.8653 0
    endloop
  endfacet
  facet normal 0 0 -1
    outer loop
      vertex 43.0098 -43.0098 0
      vertex 45.9619 -34.6482 0
      vertex 43.0898 -42.9348 0
    endloop
  endfacet
  facet normal 0 0 -1
    outer loop
      vertex 34.6482 -45.9619 0
      vertex 43.0098 -43.0098 0
      vertex 42.9348 -43.0898 0
    endloop
  endfacet
  facet normal 0 0 -1
    outer loop
      vertex 34.6482 -45.9619 0
      vertex 42.9348 -43.0898 0
      vertex 42.8653 -43.1745 0
    endloop
  endfacet
  facet normal 0 0 -1
    outer loop
      vertex 34.6482 -45.9619 0
      vertex 42.8653 -43.1745 0
      vertex 42.8015 -43.2636 0
    endloop
  endfacet
  facet normal 0 0 -1
    outer loop
      vertex 34.6482 -45.9619 0
      vertex 42.8015 -43.2636 0
      vertex 42.7436 -43.3567 0
    endloop
  endfacet
  facet normal 0 0 -1
    outer loop
      vertex 34.6482 -45.9619 0
      vertex 42.7436 -43.3567 0
      vertex 42.6919 -43.4533 0
    endloop
  endfacet
  facet normal 0 0 -1
    outer loop
      vertex 34.6482 -45.9619 0
      vertex 42.6919 -43.4533 0
      vertex 42.6467 -43.5532 0
    endloop
  endfacet
  facet normal 0 0 -1
    outer loop
      vertex 34.6482 -45.9619 0
      vertex 42.6467 -43.5532 0
      vertex 42.6081 -43.6558 0
    endloop
  endfacet
  facet normal -0 0 -1
    outer loop
      vertex 42.6081 -44.7326 0
      vertex 39.7819 -48.288 0
      vertex 42.5762 -44.6277 0
    endloop
  endfacet
  facet normal 0 0 -1
    outer loop
      vertex 39.2609 -48.2366 0
      vertex 42.5762 -44.6277 0
      vertex 39.7819 -48.288 0
    endloop
  endfacet
  facet normal -0 0 -1
    outer loop
      vertex 42.5762 -44.6277 0
      vertex 39.2609 -48.2366 0
      vertex 42.5514 -44.521 0
    endloop
  endfacet
  facet normal 0 0 -1
    outer loop
      vertex 38.7444 -48.1514 0
      vertex 42.5514 -44.521 0
      vertex 39.2609 -48.2366 0
    endloop
  endfacet
  facet normal -0 0 -1
    outer loop
      vertex 42.5514 -44.521 0
      vertex 38.7444 -48.1514 0
      vertex 42.5335 -44.4128 0
    endloop
  endfacet
  facet normal 0 0 -1
    outer loop
      vertex 38.2345 -48.0325 0
      vertex 42.5335 -44.4128 0
      vertex 38.7444 -48.1514 0
    endloop
  endfacet
  facet normal -0 0 -1
    outer loop
      vertex 42.5335 -44.4128 0
      vertex 38.2345 -48.0325 0
      vertex 42.5228 -44.3037 0
    endloop
  endfacet
  facet normal 0 0 -1
    outer loop
      vertex 37.7336 -47.8805 0
      vertex 42.5228 -44.3037 0
      vertex 38.2345 -48.0325 0
    endloop
  endfacet
  facet normal -0 0 -1
    outer loop
      vertex 42.5228 -44.3037 0
      vertex 37.7336 -47.8805 0
      vertex 42.5192 -44.1942 0
    endloop
  endfacet
  facet normal 0 0 -1
    outer loop
      vertex 37.2436 -47.6961 0
      vertex 42.5192 -44.1942 0
      vertex 37.7336 -47.8805 0
    endloop
  endfacet
  facet normal -0 0 -1
    outer loop
      vertex 42.5192 -44.1942 0
      vertex 37.2436 -47.6961 0
      vertex 42.5228 -44.0846 0
    endloop
  endfacet
  facet normal 0 0 -1
    outer loop
      vertex 36.7668 -47.4801 0
      vertex 42.5228 -44.0846 0
      vertex 37.2436 -47.6961 0
    endloop
  endfacet
  facet normal 0 0 -1
    outer loop
      vertex 36.3051 -47.2333 0
      vertex 42.5228 -44.0846 0
      vertex 36.7668 -47.4801 0
    endloop
  endfacet
  facet normal -0 0 -1
    outer loop
      vertex 42.5228 -44.0846 0
      vertex 36.3051 -47.2333 0
      vertex 42.5335 -43.9755 0
    endloop
  endfacet
  facet normal 0 0 -1
    outer loop
      vertex 35.8605 -46.9568 0
      vertex 42.5335 -43.9755 0
      vertex 36.3051 -47.2333 0
    endloop
  endfacet
  facet normal -0 0 -1
    outer loop
      vertex 42.5335 -43.9755 0
      vertex 35.8605 -46.9568 0
      vertex 42.5514 -43.8674 0
    endloop
  endfacet
  facet normal 0 0 -1
    outer loop
      vertex 35.435 -46.6519 0
      vertex 42.5514 -43.8674 0
      vertex 35.8605 -46.9568 0
    endloop
  endfacet
  facet normal 0 0 -1
    outer loop
      vertex 35.0303 -46.3198 0
      vertex 42.5514 -43.8674 0
      vertex 35.435 -46.6519 0
    endloop
  endfacet
  facet normal -0 0 -1
    outer loop
      vertex 42.5514 -43.8674 0
      vertex 35.0303 -46.3198 0
      vertex 42.5762 -43.7607 0
    endloop
  endfacet
  facet normal 0 0 -1
    outer loop
      vertex 34.6482 -45.9619 0
      vertex 42.5762 -43.7607 0
      vertex 35.0303 -46.3198 0
    endloop
  endfacet
  facet normal -0 0 -1
    outer loop
      vertex 42.5762 -43.7607 0
      vertex 34.6482 -45.9619 0
      vertex 42.6081 -43.6558 0
    endloop
  endfacet
  facet normal -0 0 -1
    outer loop
      vertex 43.0098 -43.0098 0
      vertex 34.6482 -45.9619 0
      vertex 45.9619 -34.6482 0
    endloop
  endfacet
  facet normal 0 0 -1
    outer loop
      vertex 18.9894 -6.26144 0
      vertex 45.9619 -34.6482 0
      vertex 34.6482 -45.9619 0
    endloop
  endfacet
  facet normal 0 0 -1
    outer loop
      vertex 6.26144 -18.9894 0
      vertex 34.6482 -45.9619 0
      vertex 33.9411 -46.669 0
    endloop
  endfacet
  facet normal 0 0 -1
    outer loop
      vertex 45.9619 -34.6482 0
      vertex 18.9894 -6.26144 0
      vertex 46.669 -33.9411 0
    endloop
  endfacet
  facet normal 0 0 -1
    outer loop
      vertex 19.8289 -2.61052 0
      vertex 18.8756 -1.1279 0
      vertex 18.9499 -1.14016 0
    endloop
  endfacet
  facet normal 0 0 -1
    outer loop
      vertex 19.8289 -2.61052 0
      vertex 18.8024 -1.11081 0
      vertex 18.8756 -1.1279 0
    endloop
  endfacet
  facet normal 0 -0 -1
    outer loop
      vertex 18.4611 -0.956189 0
      vertex 19.6157 -3.90181 0
      vertex 17.075 -6.275 0
    endloop
  endfacet
  facet normal 0 0 -1
    outer loop
      vertex 19.8289 -2.61052 0
      vertex 18.7303 -1.08897 0
      vertex 18.8024 -1.11081 0
    endloop
  endfacet
  facet normal 0 0 -1
    outer loop
      vertex 19.8289 -2.61052 0
      vertex 18.6599 -1.06246 0
      vertex 18.7303 -1.08897 0
    endloop
  endfacet
  facet normal 0 0 -1
    outer loop
      vertex 19.6157 -3.90181 0
      vertex 18.5914 -1.0314 0
      vertex 18.6599 -1.06246 0
    endloop
  endfacet
  facet normal 0 0 -1
    outer loop
      vertex 19.6157 -3.90181 0
      vertex 18.525 -0.995929 0
      vertex 18.5914 -1.0314 0
    endloop
  endfacet
  facet normal 0 0 -1
    outer loop
      vertex 19.6157 -3.90181 0
      vertex 18.4611 -0.956189 0
      vertex 18.525 -0.995929 0
    endloop
  endfacet
  facet normal -0 0 -1
    outer loop
      vertex 18.4611 -0.956189 0
      vertex 17.075 -6.275 0
      vertex 18.3999 -0.912355 0
    endloop
  endfacet
  facet normal -0 0 -1
    outer loop
      vertex 18.3999 -0.912355 0
      vertex 17.075 -6.275 0
      vertex 18.3418 -0.864615 0
    endloop
  endfacet
  facet normal -0 0 -1
    outer loop
      vertex 18.3418 -0.864615 0
      vertex 17.075 -6.275 0
      vertex 18.2868 -0.813172 0
    endloop
  endfacet
  facet normal -0 0 -1
    outer loop
      vertex 18.2868 -0.813172 0
      vertex 17.075 -6.275 0
      vertex 18.2354 -0.758247 0
    endloop
  endfacet
  facet normal -0 0 -1
    outer loop
      vertex 18.2354 -0.758247 0
      vertex 17.075 -6.275 0
      vertex 18.1876 -0.700075 0
    endloop
  endfacet
  facet normal -0 0 -1
    outer loop
      vertex 18.1876 -0.700075 0
      vertex 17.075 -6.275 0
      vertex 18.1438 -0.638906 0
    endloop
  endfacet
  facet normal -0 0 -1
    outer loop
      vertex 18.1438 -0.638906 0
      vertex 17.075 -6.275 0
      vertex 18.1041 -0.575 0
    endloop
  endfacet
  facet normal -0 0 -1
    outer loop
      vertex 18.1041 -0.575 0
      vertex 17.075 -6.275 0
      vertex 18.0686 -0.508632 0
    endloop
  endfacet
  facet normal -0 0 -1
    outer loop
      vertex 18.0686 -0.508632 0
      vertex 17.075 -6.275 0
      vertex 18.0375 -0.440085 0
    endloop
  endfacet
  facet normal -0 0 -1
    outer loop
      vertex 18.0375 -0.440085 0
      vertex 17.075 -6.275 0
      vertex 18.011 -0.369655 0
    endloop
  endfacet
  facet normal -0 0 -1
    outer loop
      vertex 18.011 -0.369655 0
      vertex 17.075 -6.275 0
      vertex 17.9892 -0.297642 0
    endloop
  endfacet
  facet normal -0 0 -1
    outer loop
      vertex 17.9525 -0.0752134 0
      vertex 17.075 -6.275 0
      vertex 17.95 0 0
    endloop
  endfacet
  facet normal -0 0 -1
    outer loop
      vertex 17.9598 -0.150105 0
      vertex 17.075 -6.275 0
      vertex 17.9525 -0.0752134 0
    endloop
  endfacet
  facet normal -0 0 -1
    outer loop
      vertex 17.9721 -0.224354 0
      vertex 17.075 -6.275 0
      vertex 17.9598 -0.150105 0
    endloop
  endfacet
  facet normal -0 0 -1
    outer loop
      vertex 17.9892 -0.297642 0
      vertex 17.075 -6.275 0
      vertex 17.9721 -0.224354 0
    endloop
  endfacet
  facet normal 0 0 -1
    outer loop
      vertex 34.6482 -45.9619 0
      vertex 6.26144 -18.9894 0
      vertex 18.9894 -6.26144 0
    endloop
  endfacet
  facet normal 0 0 -1
    outer loop
      vertex 18.9894 -6.26144 0
      vertex 6.26144 -18.9894 0
      vertex 17.075 -6.275 0
    endloop
  endfacet
  facet normal 0 0 -1
    outer loop
      vertex -6.075 -6.275 0
      vertex 6.26144 -18.9894 0
      vertex 5.17638 -19.3185 0
    endloop
  endfacet
  facet normal 0 0 -1
    outer loop
      vertex -6.075 -6.275 0
      vertex 5.17638 -19.3185 0
      vertex 3.90181 -19.6157 0
    endloop
  endfacet
  facet normal 0 0 -1
    outer loop
      vertex -6.075 -6.275 0
      vertex 3.90181 -19.6157 0
      vertex 2.61052 -19.8289 0
    endloop
  endfacet
  facet normal 0 0 -1
    outer loop
      vertex -6.075 -6.275 0
      vertex 2.61052 -19.8289 0
      vertex 1.30806 -19.9572 0
    endloop
  endfacet
  facet normal 0 0 -1
    outer loop
      vertex -6.075 -6.275 0
      vertex 1.30806 -19.9572 0
      vertex 0 -20 0
    endloop
  endfacet
  facet normal 0 0 -1
    outer loop
      vertex -6.075 -6.275 0
      vertex 0 -20 0
      vertex -1.30806 -19.9572 0
    endloop
  endfacet
  facet normal 0 0 -1
    outer loop
      vertex -6.075 -6.275 0
      vertex -1.30806 -19.9572 0
      vertex -2.61052 -19.8289 0
    endloop
  endfacet
  facet normal 0 0 -1
    outer loop
      vertex -6.075 -6.275 0
      vertex -2.61052 -19.8289 0
      vertex -3.90181 -19.6157 0
    endloop
  endfacet
  facet normal 0 0 -1
    outer loop
      vertex -6.075 -6.275 0
      vertex -3.90181 -19.6157 0
      vertex -5.17638 -19.3185 0
    endloop
  endfacet
  facet normal 0 0 -1
    outer loop
      vertex 6.26144 -18.9894 0
      vertex -6.075 -6.275 0
      vertex 17.075 -6.275 0
    endloop
  endfacet
  facet normal 0 0 -1
    outer loop
      vertex -6.95246 -0.0752134 0
      vertex -6.075 -6.275 0
      vertex -6.26144 -18.9894 0
    endloop
  endfacet
  facet normal 0 0 -1
    outer loop
      vertex -6.26144 -18.9894 0
      vertex -6.075 -6.275 0
      vertex -5.17638 -19.3185 0
    endloop
  endfacet
  facet normal -0.707106 0.707108 0
    outer loop
      vertex 6.26144 18.9894 0
      vertex 33.9411 46.669 4
      vertex 33.9411 46.669 0
    endloop
  endfacet
  facet normal -0.707106 0.707108 0
    outer loop
      vertex 33.9411 46.669 4
      vertex 6.26144 18.9894 0
      vertex 6.26144 18.9894 4
    endloop
  endfacet
  facet normal -0.707108 0.707106 0
    outer loop
      vertex -18.9894 -6.26144 0
      vertex -46.669 -33.9411 4
      vertex -18.9894 -6.26144 4
    endloop
  endfacet
  facet normal -0.707108 0.707106 0
    outer loop
      vertex -46.669 -33.9411 4
      vertex -18.9894 -6.26144 0
      vertex -46.669 -33.9411 0
    endloop
  endfacet
  facet normal 0.707108 -0.707106 0
    outer loop
      vertex 18.9894 6.26144 0
      vertex 46.669 33.9411 4
      vertex 18.9894 6.26144 4
    endloop
  endfacet
  facet normal 0.707108 -0.707106 0
    outer loop
      vertex 46.669 33.9411 4
      vertex 18.9894 6.26144 0
      vertex 46.669 33.9411 0
    endloop
  endfacet
  facet normal 0.707106 -0.707108 0
    outer loop
      vertex -33.9411 -46.669 4
      vertex -6.26144 -18.9894 0
      vertex -6.26144 -18.9894 4
    endloop
  endfacet
  facet normal 0.707106 -0.707108 0
    outer loop
      vertex -6.26144 -18.9894 0
      vertex -33.9411 -46.669 4
      vertex -33.9411 -46.669 0
    endloop
  endfacet
  facet normal -0.0981798 0.995169 0
    outer loop
      vertex 39.7819 48.288 0
      vertex 39.2609 48.2366 4
      vertex 39.7819 48.288 4
    endloop
  endfacet
  facet normal -0.0981798 0.995169 0
    outer loop
      vertex 39.2609 48.2366 4
      vertex 39.7819 48.288 0
      vertex 39.2609 48.2366 0
    endloop
  endfacet
  facet normal 0.634361 0.773037 -0
    outer loop
      vertex 45.5799 46.3198 0
      vertex 45.1752 46.6519 4
      vertex 45.5799 46.3198 4
    endloop
  endfacet
  facet normal 0.634361 0.773037 0
    outer loop
      vertex 45.1752 46.6519 4
      vertex 45.5799 46.3198 0
      vertex 45.1752 46.6519 0
    endloop
  endfacet
  facet normal 0.683712 0.729752 -0
    outer loop
      vertex 45.9619 45.9619 0
      vertex 45.5799 46.3198 4
      vertex 45.9619 45.9619 4
    endloop
  endfacet
  facet normal 0.683712 0.729752 0
    outer loop
      vertex 45.5799 46.3198 4
      vertex 45.9619 45.9619 0
      vertex 45.5799 46.3198 0
    endloop
  endfacet
  facet normal 0.773037 0.634361 0
    outer loop
      vertex 46.6519 45.1752 4
      vertex 46.3198 45.5799 0
      vertex 46.3198 45.5799 4
    endloop
  endfacet
  facet normal 0.773037 0.634361 0
    outer loop
      vertex 46.3198 45.5799 0
      vertex 46.6519 45.1752 4
      vertex 46.6519 45.1752 0
    endloop
  endfacet
  facet normal 0.995169 0.0981798 0
    outer loop
      vertex 48.288 40.8283 4
      vertex 48.2366 41.3493 0
      vertex 48.2366 41.3493 4
    endloop
  endfacet
  facet normal 0.995169 0.0981798 0
    outer loop
      vertex 48.2366 41.3493 0
      vertex 48.288 40.8283 4
      vertex 48.288 40.8283 0
    endloop
  endfacet
  facet normal -0.582466 0.812855 0
    outer loop
      vertex 35.8605 46.9568 0
      vertex 35.435 46.6519 4
      vertex 35.8605 46.9568 4
    endloop
  endfacet
  facet normal -0.582466 0.812855 0
    outer loop
      vertex 35.435 46.6519 4
      vertex 35.8605 46.9568 0
      vertex 35.435 46.6519 0
    endloop
  endfacet
  facet normal 0.999466 0.032666 0
    outer loop
      vertex 48.3051 40.3051 4
      vertex 48.288 40.8283 0
      vertex 48.288 40.8283 4
    endloop
  endfacet
  facet normal 0.999466 0.032666 0
    outer loop
      vertex 48.288 40.8283 0
      vertex 48.3051 40.3051 4
      vertex 48.3051 40.3051 0
    endloop
  endfacet
  facet normal 0.162757 0.986666 -0
    outer loop
      vertex 41.8658 48.1514 0
      vertex 41.3493 48.2366 4
      vertex 41.8658 48.1514 4
    endloop
  endfacet
  facet normal 0.162757 0.986666 0
    outer loop
      vertex 41.3493 48.2366 4
      vertex 41.8658 48.1514 0
      vertex 41.3493 48.2366 0
    endloop
  endfacet
  facet normal -0.412651 0.910889 0
    outer loop
      vertex 37.2436 47.6961 0
      vertex 36.7668 47.4801 4
      vertex 37.2436 47.6961 4
    endloop
  endfacet
  facet normal -0.412651 0.910889 0
    outer loop
      vertex 36.7668 47.4801 4
      vertex 37.2436 47.6961 0
      vertex 36.7668 47.4801 0
    endloop
  endfacet
  facet normal 0.471421 0.881908 -0
    outer loop
      vertex 44.3051 47.2333 0
      vertex 43.8434 47.4801 4
      vertex 44.3051 47.2333 4
    endloop
  endfacet
  facet normal 0.471421 0.881908 0
    outer loop
      vertex 43.8434 47.4801 4
      vertex 44.3051 47.2333 0
      vertex 43.8434 47.4801 0
    endloop
  endfacet
  facet normal 0.956912 -0.290379 0
    outer loop
      vertex 47.8805 37.7336 4
      vertex 48.0325 38.2345 0
      vertex 48.0325 38.2345 4
    endloop
  endfacet
  facet normal 0.956912 -0.290379 0
    outer loop
      vertex 48.0325 38.2345 0
      vertex 47.8805 37.7336 4
      vertex 47.8805 37.7336 0
    endloop
  endfacet
  facet normal 0.0981798 0.995169 -0
    outer loop
      vertex 41.3493 48.2366 0
      vertex 40.8283 48.288 4
      vertex 41.3493 48.2366 4
    endloop
  endfacet
  facet normal 0.0981798 0.995169 0
    outer loop
      vertex 40.8283 48.288 4
      vertex 41.3493 48.2366 0
      vertex 40.8283 48.288 0
    endloop
  endfacet
  facet normal 0.032666 0.999466 -0
    outer loop
      vertex 40.8283 48.288 0
      vertex 40.3051 48.3051 4
      vertex 40.8283 48.288 4
    endloop
  endfacet
  facet normal 0.032666 0.999466 0
    outer loop
      vertex 40.3051 48.3051 4
      vertex 40.8283 48.288 0
      vertex 40.3051 48.3051 0
    endloop
  endfacet
  facet normal 0.910889 0.412651 0
    outer loop
      vertex 47.6961 43.3666 4
      vertex 47.4801 43.8434 0
      vertex 47.4801 43.8434 4
    endloop
  endfacet
  facet normal 0.910889 0.412651 0
    outer loop
      vertex 47.4801 43.8434 0
      vertex 47.6961 43.3666 4
      vertex 47.6961 43.3666 0
    endloop
  endfacet
  facet normal 0.227133 0.973864 -0
    outer loop
      vertex 42.3756 48.0325 0
      vertex 41.8658 48.1514 4
      vertex 42.3756 48.0325 4
    endloop
  endfacet
  facet normal 0.227133 0.973864 0
    outer loop
      vertex 41.8658 48.1514 4
      vertex 42.3756 48.0325 0
      vertex 41.8658 48.1514 0
    endloop
  endfacet
  facet normal 0.729841 -0.683617 0
    outer loop
      vertex 45.9619 34.6482 4
      vertex 46.3198 35.0303 0
      vertex 46.3198 35.0303 4
    endloop
  endfacet
  facet normal 0.729841 -0.683617 0
    outer loop
      vertex 46.3198 35.0303 0
      vertex 45.9619 34.6482 4
      vertex 45.9619 34.6482 0
    endloop
  endfacet
  facet normal -0.227091 0.973874 0
    outer loop
      vertex 38.7444 48.1514 0
      vertex 38.2345 48.0325 4
      vertex 38.7444 48.1514 4
    endloop
  endfacet
  facet normal -0.227091 0.973874 0
    outer loop
      vertex 38.2345 48.0325 4
      vertex 38.7444 48.1514 0
      vertex 38.2345 48.0325 0
    endloop
  endfacet
  facet normal 0.352212 0.93592 -0
    outer loop
      vertex 43.3666 47.6961 0
      vertex 42.8766 47.8805 4
      vertex 43.3666 47.6961 4
    endloop
  endfacet
  facet normal 0.352212 0.93592 0
    outer loop
      vertex 42.8766 47.8805 4
      vertex 43.3666 47.6961 0
      vertex 42.8766 47.8805 0
    endloop
  endfacet
  facet normal -0.290379 0.956912 0
    outer loop
      vertex 38.2345 48.0325 0
      vertex 37.7336 47.8805 4
      vertex 38.2345 48.0325 4
    endloop
  endfacet
  facet normal -0.290379 0.956912 0
    outer loop
      vertex 37.7336 47.8805 4
      vertex 38.2345 48.0325 0
      vertex 37.7336 47.8805 0
    endloop
  endfacet
  facet normal 0.773037 -0.634361 0
    outer loop
      vertex 46.3198 35.0303 4
      vertex 46.6519 35.435 0
      vertex 46.6519 35.435 4
    endloop
  endfacet
  facet normal 0.773037 -0.634361 0
    outer loop
      vertex 46.6519 35.435 0
      vertex 46.3198 35.0303 4
      vertex 46.3198 35.0303 0
    endloop
  endfacet
  facet normal 0.93592 -0.352212 0
    outer loop
      vertex 47.6961 37.2436 4
      vertex 47.8805 37.7336 0
      vertex 47.8805 37.7336 4
    endloop
  endfacet
  facet normal 0.93592 -0.352212 0
    outer loop
      vertex 47.8805 37.7336 0
      vertex 47.6961 37.2436 4
      vertex 47.6961 37.2436 0
    endloop
  endfacet
  facet normal 0.729752 0.683712 0
    outer loop
      vertex 46.3198 45.5799 4
      vertex 45.9619 45.9619 0
      vertex 45.9619 45.9619 4
    endloop
  endfacet
  facet normal 0.729752 0.683712 0
    outer loop
      vertex 45.9619 45.9619 0
      vertex 46.3198 45.5799 4
      vertex 46.3198 45.5799 0
    endloop
  endfacet
  facet normal -0.162757 0.986666 0
    outer loop
      vertex 39.2609 48.2366 0
      vertex 38.7444 48.1514 4
      vertex 39.2609 48.2366 4
    endloop
  endfacet
  facet normal -0.162757 0.986666 0
    outer loop
      vertex 38.7444 48.1514 4
      vertex 39.2609 48.2366 0
      vertex 38.7444 48.1514 0
    endloop
  endfacet
  facet normal -0.032666 0.999466 0
    outer loop
      vertex 40.3051 48.3051 0
      vertex 39.7819 48.288 4
      vertex 40.3051 48.3051 4
    endloop
  endfacet
  facet normal -0.032666 0.999466 0
    outer loop
      vertex 39.7819 48.288 4
      vertex 40.3051 48.3051 0
      vertex 39.7819 48.288 0
    endloop
  endfacet
  facet normal 0.973874 -0.227091 0
    outer loop
      vertex 48.0325 38.2345 4
      vertex 48.1514 38.7444 0
      vertex 48.1514 38.7444 4
    endloop
  endfacet
  facet normal 0.973874 -0.227091 0
    outer loop
      vertex 48.1514 38.7444 0
      vertex 48.0325 38.2345 4
      vertex 48.0325 38.2345 0
    endloop
  endfacet
  facet normal 0.910889 -0.412651 0
    outer loop
      vertex 47.4801 36.7668 4
      vertex 47.6961 37.2436 0
      vertex 47.6961 37.2436 4
    endloop
  endfacet
  facet normal 0.910889 -0.412651 0
    outer loop
      vertex 47.6961 37.2436 0
      vertex 47.4801 36.7668 4
      vertex 47.4801 36.7668 0
    endloop
  endfacet
  facet normal 0.290325 0.956928 -0
    outer loop
      vertex 42.8766 47.8805 0
      vertex 42.3756 48.0325 4
      vertex 42.8766 47.8805 4
    endloop
  endfacet
  facet normal 0.290325 0.956928 0
    outer loop
      vertex 42.3756 48.0325 4
      vertex 42.8766 47.8805 0
      vertex 42.3756 48.0325 0
    endloop
  endfacet
  facet normal 0.881908 0.471421 0
    outer loop
      vertex 47.4801 43.8434 4
      vertex 47.2333 44.3051 0
      vertex 47.2333 44.3051 4
    endloop
  endfacet
  facet normal 0.881908 0.471421 0
    outer loop
      vertex 47.2333 44.3051 0
      vertex 47.4801 43.8434 4
      vertex 47.4801 43.8434 0
    endloop
  endfacet
  facet normal 0.93592 0.352212 0
    outer loop
      vertex 47.8805 42.8766 4
      vertex 47.6961 43.3666 0
      vertex 47.6961 43.3666 4
    endloop
  endfacet
  facet normal 0.93592 0.352212 0
    outer loop
      vertex 47.6961 43.3666 0
      vertex 47.8805 42.8766 4
      vertex 47.8805 42.8766 0
    endloop
  endfacet
  facet normal -0.471421 0.881908 0
    outer loop
      vertex 36.7668 47.4801 0
      vertex 36.3051 47.2333 4
      vertex 36.7668 47.4801 4
    endloop
  endfacet
  facet normal -0.471421 0.881908 0
    outer loop
      vertex 36.3051 47.2333 4
      vertex 36.7668 47.4801 0
      vertex 36.3051 47.2333 0
    endloop
  endfacet
  facet normal 0.956928 0.290325 0
    outer loop
      vertex 48.0325 42.3756 4
      vertex 47.8805 42.8766 0
      vertex 47.8805 42.8766 4
    endloop
  endfacet
  facet normal 0.956928 0.290325 0
    outer loop
      vertex 47.8805 42.8766 0
      vertex 48.0325 42.3756 4
      vertex 48.0325 42.3756 0
    endloop
  endfacet
  facet normal 0.528195 0.849123 -0
    outer loop
      vertex 44.7496 46.9568 0
      vertex 44.3051 47.2333 4
      vertex 44.7496 46.9568 4
    endloop
  endfacet
  facet normal 0.528195 0.849123 0
    outer loop
      vertex 44.3051 47.2333 4
      vertex 44.7496 46.9568 0
      vertex 44.3051 47.2333 0
    endloop
  endfacet
  facet normal 0.999466 -0.032666 0
    outer loop
      vertex 48.288 39.7819 4
      vertex 48.3051 40.3051 0
      vertex 48.3051 40.3051 4
    endloop
  endfacet
  facet normal 0.999466 -0.032666 0
    outer loop
      vertex 48.3051 40.3051 0
      vertex 48.288 39.7819 4
      vertex 48.288 39.7819 0
    endloop
  endfacet
  facet normal 0.81292 0.582376 0
    outer loop
      vertex 46.9568 44.7496 4
      vertex 46.6519 45.1752 0
      vertex 46.6519 45.1752 4
    endloop
  endfacet
  facet normal 0.81292 0.582376 0
    outer loop
      vertex 46.6519 45.1752 0
      vertex 46.9568 44.7496 4
      vertex 46.9568 44.7496 0
    endloop
  endfacet
  facet normal -0.528109 0.849177 0
    outer loop
      vertex 36.3051 47.2333 0
      vertex 35.8605 46.9568 4
      vertex 36.3051 47.2333 4
    endloop
  endfacet
  facet normal -0.528109 0.849177 0
    outer loop
      vertex 35.8605 46.9568 4
      vertex 36.3051 47.2333 0
      vertex 35.8605 46.9568 0
    endloop
  endfacet
  facet normal 0.849177 -0.528109 0
    outer loop
      vertex 46.9568 35.8605 4
      vertex 47.2333 36.3051 0
      vertex 47.2333 36.3051 4
    endloop
  endfacet
  facet normal 0.849177 -0.528109 0
    outer loop
      vertex 47.2333 36.3051 0
      vertex 46.9568 35.8605 4
      vertex 46.9568 35.8605 0
    endloop
  endfacet
  facet normal 0.881908 -0.471421 0
    outer loop
      vertex 47.2333 36.3051 4
      vertex 47.4801 36.7668 0
      vertex 47.4801 36.7668 4
    endloop
  endfacet
  facet normal 0.881908 -0.471421 0
    outer loop
      vertex 47.4801 36.7668 0
      vertex 47.2333 36.3051 4
      vertex 47.2333 36.3051 0
    endloop
  endfacet
  facet normal -0.683617 0.729841 0
    outer loop
      vertex 35.0303 46.3198 0
      vertex 34.6482 45.9619 4
      vertex 35.0303 46.3198 4
    endloop
  endfacet
  facet normal -0.683617 0.729841 0
    outer loop
      vertex 34.6482 45.9619 4
      vertex 35.0303 46.3198 0
      vertex 34.6482 45.9619 0
    endloop
  endfacet
  facet normal 0.973864 0.227133 0
    outer loop
      vertex 48.1514 41.8658 4
      vertex 48.0325 42.3756 0
      vertex 48.0325 42.3756 4
    endloop
  endfacet
  facet normal 0.973864 0.227133 0
    outer loop
      vertex 48.0325 42.3756 0
      vertex 48.1514 41.8658 4
      vertex 48.1514 41.8658 0
    endloop
  endfacet
  facet normal 0.812855 -0.582466 0
    outer loop
      vertex 46.6519 35.435 4
      vertex 46.9568 35.8605 0
      vertex 46.9568 35.8605 4
    endloop
  endfacet
  facet normal 0.812855 -0.582466 0
    outer loop
      vertex 46.9568 35.8605 0
      vertex 46.6519 35.435 4
      vertex 46.6519 35.435 0
    endloop
  endfacet
  facet normal 0.986666 -0.162757 0
    outer loop
      vertex 48.1514 38.7444 4
      vertex 48.2366 39.2609 0
      vertex 48.2366 39.2609 4
    endloop
  endfacet
  facet normal 0.986666 -0.162757 0
    outer loop
      vertex 48.2366 39.2609 0
      vertex 48.1514 38.7444 4
      vertex 48.1514 38.7444 0
    endloop
  endfacet
  facet normal 0.412651 0.910889 -0
    outer loop
      vertex 43.8434 47.4801 0
      vertex 43.3666 47.6961 4
      vertex 43.8434 47.4801 4
    endloop
  endfacet
  facet normal 0.412651 0.910889 0
    outer loop
      vertex 43.3666 47.6961 4
      vertex 43.8434 47.4801 0
      vertex 43.3666 47.6961 0
    endloop
  endfacet
  facet normal 0.582376 0.81292 -0
    outer loop
      vertex 45.1752 46.6519 0
      vertex 44.7496 46.9568 4
      vertex 45.1752 46.6519 4
    endloop
  endfacet
  facet normal 0.582376 0.81292 0
    outer loop
      vertex 44.7496 46.9568 4
      vertex 45.1752 46.6519 0
      vertex 44.7496 46.9568 0
    endloop
  endfacet
  facet normal -0.352212 0.93592 0
    outer loop
      vertex 37.7336 47.8805 0
      vertex 37.2436 47.6961 4
      vertex 37.7336 47.8805 4
    endloop
  endfacet
  facet normal -0.352212 0.93592 0
    outer loop
      vertex 37.2436 47.6961 4
      vertex 37.7336 47.8805 0
      vertex 37.2436 47.6961 0
    endloop
  endfacet
  facet normal 0.995169 -0.0981798 0
    outer loop
      vertex 48.2366 39.2609 4
      vertex 48.288 39.7819 0
      vertex 48.288 39.7819 4
    endloop
  endfacet
  facet normal 0.995169 -0.0981798 0
    outer loop
      vertex 48.288 39.7819 0
      vertex 48.2366 39.2609 4
      vertex 48.2366 39.2609 0
    endloop
  endfacet
  facet normal -0.634361 0.773037 0
    outer loop
      vertex 35.435 46.6519 0
      vertex 35.0303 46.3198 4
      vertex 35.435 46.6519 4
    endloop
  endfacet
  facet normal -0.634361 0.773037 0
    outer loop
      vertex 35.0303 46.3198 4
      vertex 35.435 46.6519 0
      vertex 35.0303 46.3198 0
    endloop
  endfacet
  facet normal 0.849123 0.528195 0
    outer loop
      vertex 47.2333 44.3051 4
      vertex 46.9568 44.7496 0
      vertex 46.9568 44.7496 4
    endloop
  endfacet
  facet normal 0.849123 0.528195 0
    outer loop
      vertex 46.9568 44.7496 0
      vertex 47.2333 44.3051 4
      vertex 47.2333 44.3051 0
    endloop
  endfacet
  facet normal 0.986666 0.162757 0
    outer loop
      vertex 48.2366 41.3493 4
      vertex 48.1514 41.8658 0
      vertex 48.1514 41.8658 4
    endloop
  endfacet
  facet normal 0.986666 0.162757 0
    outer loop
      vertex 48.1514 41.8658 0
      vertex 48.2366 41.3493 4
      vertex 48.2366 41.3493 0
    endloop
  endfacet
  facet normal -0.707107 0.707107 0
    outer loop
      vertex -46.669 33.9411 0
      vertex -45.9619 34.6482 4
      vertex -45.9619 34.6482 0
    endloop
  endfacet
  facet normal -0.707107 0.707107 0
    outer loop
      vertex -45.9619 34.6482 4
      vertex -46.669 33.9411 0
      vertex -46.669 33.9411 4
    endloop
  endfacet
  facet normal -0.707107 0.707107 0
    outer loop
      vertex -34.6482 45.9619 0
      vertex -33.9411 46.669 4
      vertex -33.9411 46.669 0
    endloop
  endfacet
  facet normal -0.707107 0.707107 0
    outer loop
      vertex -33.9411 46.669 4
      vertex -34.6482 45.9619 0
      vertex -34.6482 45.9619 4
    endloop
  endfacet
  facet normal -0.707108 -0.707106 0
    outer loop
      vertex -46.669 33.9411 0
      vertex -18.9894 6.26144 4
      vertex -46.669 33.9411 4
    endloop
  endfacet
  facet normal -0.707108 -0.707106 -0
    outer loop
      vertex -18.9894 6.26144 4
      vertex -46.669 33.9411 0
      vertex -18.9894 6.26144 0
    endloop
  endfacet
  facet normal -0.707106 -0.707108 0
    outer loop
      vertex 33.9411 -46.669 0
      vertex 6.26144 -18.9894 4
      vertex 6.26144 -18.9894 0
    endloop
  endfacet
  facet normal -0.707106 -0.707108 0
    outer loop
      vertex 6.26144 -18.9894 4
      vertex 33.9411 -46.669 0
      vertex 33.9411 -46.669 4
    endloop
  endfacet
  facet normal 0.707106 0.707108 0
    outer loop
      vertex -6.26144 18.9894 4
      vertex -33.9411 46.669 0
      vertex -33.9411 46.669 4
    endloop
  endfacet
  facet normal 0.707106 0.707108 0
    outer loop
      vertex -33.9411 46.669 0
      vertex -6.26144 18.9894 4
      vertex -6.26144 18.9894 0
    endloop
  endfacet
  facet normal 0.707108 0.707106 -0
    outer loop
      vertex 46.669 -33.9411 0
      vertex 18.9894 -6.26144 4
      vertex 46.669 -33.9411 4
    endloop
  endfacet
  facet normal 0.707108 0.707106 0
    outer loop
      vertex 18.9894 -6.26144 4
      vertex 46.669 -33.9411 0
      vertex 18.9894 -6.26144 0
    endloop
  endfacet
  facet normal 0.162757 0.986666 -0
    outer loop
      vertex -38.7444 48.1514 0
      vertex -39.2609 48.2366 4
      vertex -38.7444 48.1514 4
    endloop
  endfacet
  facet normal 0.162757 0.986666 0
    outer loop
      vertex -39.2609 48.2366 4
      vertex -38.7444 48.1514 0
      vertex -39.2609 48.2366 0
    endloop
  endfacet
  facet normal -0.910889 0.412651 0
    outer loop
      vertex -47.6961 43.3666 0
      vertex -47.4801 43.8434 4
      vertex -47.4801 43.8434 0
    endloop
  endfacet
  facet normal -0.910889 0.412651 0
    outer loop
      vertex -47.4801 43.8434 4
      vertex -47.6961 43.3666 0
      vertex -47.6961 43.3666 4
    endloop
  endfacet
  facet normal 0.032666 0.999466 -0
    outer loop
      vertex -39.7819 48.288 0
      vertex -40.3051 48.3051 4
      vertex -39.7819 48.288 4
    endloop
  endfacet
  facet normal 0.032666 0.999466 0
    outer loop
      vertex -40.3051 48.3051 4
      vertex -39.7819 48.288 0
      vertex -40.3051 48.3051 0
    endloop
  endfacet
  facet normal -0.999466 0.032666 0
    outer loop
      vertex -48.3051 40.3051 0
      vertex -48.288 40.8283 4
      vertex -48.288 40.8283 0
    endloop
  endfacet
  facet normal -0.999466 0.032666 0
    outer loop
      vertex -48.288 40.8283 4
      vertex -48.3051 40.3051 0
      vertex -48.3051 40.3051 4
    endloop
  endfacet
  facet normal -0.773037 0.634361 0
    outer loop
      vertex -46.6519 45.1752 0
      vertex -46.3198 45.5799 4
      vertex -46.3198 45.5799 0
    endloop
  endfacet
  facet normal -0.773037 0.634361 0
    outer loop
      vertex -46.3198 45.5799 4
      vertex -46.6519 45.1752 0
      vertex -46.6519 45.1752 4
    endloop
  endfacet
  facet normal -0.634361 0.773037 0
    outer loop
      vertex -45.1752 46.6519 0
      vertex -45.5799 46.3198 4
      vertex -45.1752 46.6519 4
    endloop
  endfacet
  facet normal -0.634361 0.773037 0
    outer loop
      vertex -45.5799 46.3198 4
      vertex -45.1752 46.6519 0
      vertex -45.5799 46.3198 0
    endloop
  endfacet
  facet normal -0.729752 0.683712 0
    outer loop
      vertex -46.3198 45.5799 0
      vertex -45.9619 45.9619 4
      vertex -45.9619 45.9619 0
    endloop
  endfacet
  facet normal -0.729752 0.683712 0
    outer loop
      vertex -45.9619 45.9619 4
      vertex -46.3198 45.5799 0
      vertex -46.3198 45.5799 4
    endloop
  endfacet
  facet normal 0.0981798 0.995169 -0
    outer loop
      vertex -39.2609 48.2366 0
      vertex -39.7819 48.288 4
      vertex -39.2609 48.2366 4
    endloop
  endfacet
  facet normal 0.0981798 0.995169 0
    outer loop
      vertex -39.7819 48.288 4
      vertex -39.2609 48.2366 0
      vertex -39.7819 48.288 0
    endloop
  endfacet
  facet normal 0.528109 0.849177 -0
    outer loop
      vertex -35.8605 46.9568 0
      vertex -36.3051 47.2333 4
      vertex -35.8605 46.9568 4
    endloop
  endfacet
  facet normal 0.528109 0.849177 0
    outer loop
      vertex -36.3051 47.2333 4
      vertex -35.8605 46.9568 0
      vertex -36.3051 47.2333 0
    endloop
  endfacet
  facet normal -0.528195 0.849123 0
    outer loop
      vertex -44.3051 47.2333 0
      vertex -44.7496 46.9568 4
      vertex -44.3051 47.2333 4
    endloop
  endfacet
  facet normal -0.528195 0.849123 0
    outer loop
      vertex -44.7496 46.9568 4
      vertex -44.3051 47.2333 0
      vertex -44.7496 46.9568 0
    endloop
  endfacet
  facet normal 0.412651 0.910889 -0
    outer loop
      vertex -36.7668 47.4801 0
      vertex -37.2436 47.6961 4
      vertex -36.7668 47.4801 4
    endloop
  endfacet
  facet normal 0.412651 0.910889 0
    outer loop
      vertex -37.2436 47.6961 4
      vertex -36.7668 47.4801 0
      vertex -37.2436 47.6961 0
    endloop
  endfacet
  facet normal 0.471421 0.881908 -0
    outer loop
      vertex -36.3051 47.2333 0
      vertex -36.7668 47.4801 4
      vertex -36.3051 47.2333 4
    endloop
  endfacet
  facet normal 0.471421 0.881908 0
    outer loop
      vertex -36.7668 47.4801 4
      vertex -36.3051 47.2333 0
      vertex -36.7668 47.4801 0
    endloop
  endfacet
  facet normal -0.910889 -0.412651 0
    outer loop
      vertex -47.4801 36.7668 0
      vertex -47.6961 37.2436 4
      vertex -47.6961 37.2436 0
    endloop
  endfacet
  facet normal -0.910889 -0.412651 0
    outer loop
      vertex -47.6961 37.2436 4
      vertex -47.4801 36.7668 0
      vertex -47.4801 36.7668 4
    endloop
  endfacet
  facet normal -0.412651 0.910889 0
    outer loop
      vertex -43.3666 47.6961 0
      vertex -43.8434 47.4801 4
      vertex -43.3666 47.6961 4
    endloop
  endfacet
  facet normal -0.412651 0.910889 0
    outer loop
      vertex -43.8434 47.4801 4
      vertex -43.3666 47.6961 0
      vertex -43.8434 47.4801 0
    endloop
  endfacet
  facet normal 0.352212 0.93592 -0
    outer loop
      vertex -37.2436 47.6961 0
      vertex -37.7336 47.8805 4
      vertex -37.2436 47.6961 4
    endloop
  endfacet
  facet normal 0.352212 0.93592 0
    outer loop
      vertex -37.7336 47.8805 4
      vertex -37.2436 47.6961 0
      vertex -37.7336 47.8805 0
    endloop
  endfacet
  facet normal -0.0981798 0.995169 0
    outer loop
      vertex -40.8283 48.288 0
      vertex -41.3493 48.2366 4
      vertex -40.8283 48.288 4
    endloop
  endfacet
  facet normal -0.0981798 0.995169 0
    outer loop
      vertex -41.3493 48.2366 4
      vertex -40.8283 48.288 0
      vertex -41.3493 48.2366 0
    endloop
  endfacet
  facet normal 0.634361 0.773037 -0
    outer loop
      vertex -35.0303 46.3198 0
      vertex -35.435 46.6519 4
      vertex -35.0303 46.3198 4
    endloop
  endfacet
  facet normal 0.634361 0.773037 0
    outer loop
      vertex -35.435 46.6519 4
      vertex -35.0303 46.3198 0
      vertex -35.435 46.6519 0
    endloop
  endfacet
  facet normal -0.93592 -0.352212 0
    outer loop
      vertex -47.6961 37.2436 0
      vertex -47.8805 37.7336 4
      vertex -47.8805 37.7336 0
    endloop
  endfacet
  facet normal -0.93592 -0.352212 0
    outer loop
      vertex -47.8805 37.7336 4
      vertex -47.6961 37.2436 0
      vertex -47.6961 37.2436 4
    endloop
  endfacet
  facet normal -0.032666 0.999466 0
    outer loop
      vertex -40.3051 48.3051 0
      vertex -40.8283 48.288 4
      vertex -40.3051 48.3051 4
    endloop
  endfacet
  facet normal -0.032666 0.999466 0
    outer loop
      vertex -40.8283 48.288 4
      vertex -40.3051 48.3051 0
      vertex -40.8283 48.288 0
    endloop
  endfacet
  facet normal -0.956928 0.290325 0
    outer loop
      vertex -48.0325 42.3756 0
      vertex -47.8805 42.8766 4
      vertex -47.8805 42.8766 0
    endloop
  endfacet
  facet normal -0.956928 0.290325 0
    outer loop
      vertex -47.8805 42.8766 4
      vertex -48.0325 42.3756 0
      vertex -48.0325 42.3756 4
    endloop
  endfacet
  facet normal -0.582376 0.81292 0
    outer loop
      vertex -44.7496 46.9568 0
      vertex -45.1752 46.6519 4
      vertex -44.7496 46.9568 4
    endloop
  endfacet
  facet normal -0.582376 0.81292 0
    outer loop
      vertex -45.1752 46.6519 4
      vertex -44.7496 46.9568 0
      vertex -45.1752 46.6519 0
    endloop
  endfacet
  facet normal -0.956912 -0.290379 0
    outer loop
      vertex -47.8805 37.7336 0
      vertex -48.0325 38.2345 4
      vertex -48.0325 38.2345 0
    endloop
  endfacet
  facet normal -0.956912 -0.290379 0
    outer loop
      vertex -48.0325 38.2345 4
      vertex -47.8805 37.7336 0
      vertex -47.8805 37.7336 4
    endloop
  endfacet
  facet normal -0.881908 0.471421 0
    outer loop
      vertex -47.4801 43.8434 0
      vertex -47.2333 44.3051 4
      vertex -47.2333 44.3051 0
    endloop
  endfacet
  facet normal -0.881908 0.471421 0
    outer loop
      vertex -47.2333 44.3051 4
      vertex -47.4801 43.8434 0
      vertex -47.4801 43.8434 4
    endloop
  endfacet
  facet normal -0.849123 0.528195 0
    outer loop
      vertex -47.2333 44.3051 0
      vertex -46.9568 44.7496 4
      vertex -46.9568 44.7496 0
    endloop
  endfacet
  facet normal -0.849123 0.528195 0
    outer loop
      vertex -46.9568 44.7496 4
      vertex -47.2333 44.3051 0
      vertex -47.2333 44.3051 4
    endloop
  endfacet
  facet normal -0.986666 -0.162757 0
    outer loop
      vertex -48.1514 38.7444 0
      vertex -48.2366 39.2609 4
      vertex -48.2366 39.2609 0
    endloop
  endfacet
  facet normal -0.986666 -0.162757 0
    outer loop
      vertex -48.2366 39.2609 4
      vertex -48.1514 38.7444 0
      vertex -48.1514 38.7444 4
    endloop
  endfacet
  facet normal -0.93592 0.352212 0
    outer loop
      vertex -47.8805 42.8766 0
      vertex -47.6961 43.3666 4
      vertex -47.6961 43.3666 0
    endloop
  endfacet
  facet normal -0.93592 0.352212 0
    outer loop
      vertex -47.6961 43.3666 4
      vertex -47.8805 42.8766 0
      vertex -47.8805 42.8766 4
    endloop
  endfacet
  facet normal -0.881908 -0.471421 0
    outer loop
      vertex -47.2333 36.3051 0
      vertex -47.4801 36.7668 4
      vertex -47.4801 36.7668 0
    endloop
  endfacet
  facet normal -0.881908 -0.471421 0
    outer loop
      vertex -47.4801 36.7668 4
      vertex -47.2333 36.3051 0
      vertex -47.2333 36.3051 4
    endloop
  endfacet
  facet normal 0.290379 0.956912 -0
    outer loop
      vertex -37.7336 47.8805 0
      vertex -38.2345 48.0325 4
      vertex -37.7336 47.8805 4
    endloop
  endfacet
  facet normal 0.290379 0.956912 0
    outer loop
      vertex -38.2345 48.0325 4
      vertex -37.7336 47.8805 0
      vertex -38.2345 48.0325 0
    endloop
  endfacet
  facet normal -0.995169 -0.0981798 0
    outer loop
      vertex -48.2366 39.2609 0
      vertex -48.288 39.7819 4
      vertex -48.288 39.7819 0
    endloop
  endfacet
  facet normal -0.995169 -0.0981798 0
    outer loop
      vertex -48.288 39.7819 4
      vertex -48.2366 39.2609 0
      vertex -48.2366 39.2609 4
    endloop
  endfacet
  facet normal -0.973864 0.227133 0
    outer loop
      vertex -48.1514 41.8658 0
      vertex -48.0325 42.3756 4
      vertex -48.0325 42.3756 0
    endloop
  endfacet
  facet normal -0.973864 0.227133 0
    outer loop
      vertex -48.0325 42.3756 4
      vertex -48.1514 41.8658 0
      vertex -48.1514 41.8658 4
    endloop
  endfacet
  facet normal -0.81292 0.582376 0
    outer loop
      vertex -46.9568 44.7496 0
      vertex -46.6519 45.1752 4
      vertex -46.6519 45.1752 0
    endloop
  endfacet
  facet normal -0.81292 0.582376 0
    outer loop
      vertex -46.6519 45.1752 4
      vertex -46.9568 44.7496 0
      vertex -46.9568 44.7496 4
    endloop
  endfacet
  facet normal -0.986666 0.162757 0
    outer loop
      vertex -48.2366 41.3493 0
      vertex -48.1514 41.8658 4
      vertex -48.1514 41.8658 0
    endloop
  endfacet
  facet normal -0.986666 0.162757 0
    outer loop
      vertex -48.1514 41.8658 4
      vertex -48.2366 41.3493 0
      vertex -48.2366 41.3493 4
    endloop
  endfacet
  facet normal -0.773037 -0.634361 0
    outer loop
      vertex -46.3198 35.0303 0
      vertex -46.6519 35.435 4
      vertex -46.6519 35.435 0
    endloop
  endfacet
  facet normal -0.773037 -0.634361 0
    outer loop
      vertex -46.6519 35.435 4
      vertex -46.3198 35.0303 0
      vertex -46.3198 35.0303 4
    endloop
  endfacet
  facet normal -0.471421 0.881908 0
    outer loop
      vertex -43.8434 47.4801 0
      vertex -44.3051 47.2333 4
      vertex -43.8434 47.4801 4
    endloop
  endfacet
  facet normal -0.471421 0.881908 0
    outer loop
      vertex -44.3051 47.2333 4
      vertex -43.8434 47.4801 0
      vertex -44.3051 47.2333 0
    endloop
  endfacet
  facet normal -0.683712 0.729752 0
    outer loop
      vertex -45.5799 46.3198 0
      vertex -45.9619 45.9619 4
      vertex -45.5799 46.3198 4
    endloop
  endfacet
  facet normal -0.683712 0.729752 0
    outer loop
      vertex -45.9619 45.9619 4
      vertex -45.5799 46.3198 0
      vertex -45.9619 45.9619 0
    endloop
  endfacet
  facet normal 0.683617 0.729841 -0
    outer loop
      vertex -34.6482 45.9619 0
      vertex -35.0303 46.3198 4
      vertex -34.6482 45.9619 4
    endloop
  endfacet
  facet normal 0.683617 0.729841 0
    outer loop
      vertex -35.0303 46.3198 4
      vertex -34.6482 45.9619 0
      vertex -35.0303 46.3198 0
    endloop
  endfacet
  facet normal -0.227133 0.973864 0
    outer loop
      vertex -41.8658 48.1514 0
      vertex -42.3756 48.0325 4
      vertex -41.8658 48.1514 4
    endloop
  endfacet
  facet normal -0.227133 0.973864 0
    outer loop
      vertex -42.3756 48.0325 4
      vertex -41.8658 48.1514 0
      vertex -42.3756 48.0325 0
    endloop
  endfacet
  facet normal 0.582466 0.812855 -0
    outer loop
      vertex -35.435 46.6519 0
      vertex -35.8605 46.9568 4
      vertex -35.435 46.6519 4
    endloop
  endfacet
  facet normal 0.582466 0.812855 0
    outer loop
      vertex -35.8605 46.9568 4
      vertex -35.435 46.6519 0
      vertex -35.8605 46.9568 0
    endloop
  endfacet
  facet normal -0.973874 -0.227091 0
    outer loop
      vertex -48.0325 38.2345 0
      vertex -48.1514 38.7444 4
      vertex -48.1514 38.7444 0
    endloop
  endfacet
  facet normal -0.973874 -0.227091 0
    outer loop
      vertex -48.1514 38.7444 4
      vertex -48.0325 38.2345 0
      vertex -48.0325 38.2345 4
    endloop
  endfacet
  facet normal -0.995169 0.0981798 0
    outer loop
      vertex -48.288 40.8283 0
      vertex -48.2366 41.3493 4
      vertex -48.2366 41.3493 0
    endloop
  endfacet
  facet normal -0.995169 0.0981798 0
    outer loop
      vertex -48.2366 41.3493 4
      vertex -48.288 40.8283 0
      vertex -48.288 40.8283 4
    endloop
  endfacet
  facet normal -0.999466 -0.032666 0
    outer loop
      vertex -48.288 39.7819 0
      vertex -48.3051 40.3051 4
      vertex -48.3051 40.3051 0
    endloop
  endfacet
  facet normal -0.999466 -0.032666 0
    outer loop
      vertex -48.3051 40.3051 4
      vertex -48.288 39.7819 0
      vertex -48.288 39.7819 4
    endloop
  endfacet
  facet normal -0.290325 0.956928 0
    outer loop
      vertex -42.3756 48.0325 0
      vertex -42.8766 47.8805 4
      vertex -42.3756 48.0325 4
    endloop
  endfacet
  facet normal -0.290325 0.956928 0
    outer loop
      vertex -42.8766 47.8805 4
      vertex -42.3756 48.0325 0
      vertex -42.8766 47.8805 0
    endloop
  endfacet
  facet normal -0.352212 0.93592 0
    outer loop
      vertex -42.8766 47.8805 0
      vertex -43.3666 47.6961 4
      vertex -42.8766 47.8805 4
    endloop
  endfacet
  facet normal -0.352212 0.93592 0
    outer loop
      vertex -43.3666 47.6961 4
      vertex -42.8766 47.8805 0
      vertex -43.3666 47.6961 0
    endloop
  endfacet
  facet normal -0.729841 -0.683617 0
    outer loop
      vertex -45.9619 34.6482 0
      vertex -46.3198 35.0303 4
      vertex -46.3198 35.0303 0
    endloop
  endfacet
  facet normal -0.729841 -0.683617 0
    outer loop
      vertex -46.3198 35.0303 4
      vertex -45.9619 34.6482 0
      vertex -45.9619 34.6482 4
    endloop
  endfacet
  facet normal 0.227091 0.973874 -0
    outer loop
      vertex -38.2345 48.0325 0
      vertex -38.7444 48.1514 4
      vertex -38.2345 48.0325 4
    endloop
  endfacet
  facet normal 0.227091 0.973874 0
    outer loop
      vertex -38.7444 48.1514 4
      vertex -38.2345 48.0325 0
      vertex -38.7444 48.1514 0
    endloop
  endfacet
  facet normal -0.162757 0.986666 0
    outer loop
      vertex -41.3493 48.2366 0
      vertex -41.8658 48.1514 4
      vertex -41.3493 48.2366 4
    endloop
  endfacet
  facet normal -0.162757 0.986666 0
    outer loop
      vertex -41.8658 48.1514 4
      vertex -41.3493 48.2366 0
      vertex -41.8658 48.1514 0
    endloop
  endfacet
  facet normal -0.812855 -0.582466 0
    outer loop
      vertex -46.6519 35.435 0
      vertex -46.9568 35.8605 4
      vertex -46.9568 35.8605 0
    endloop
  endfacet
  facet normal -0.812855 -0.582466 0
    outer loop
      vertex -46.9568 35.8605 4
      vertex -46.6519 35.435 0
      vertex -46.6519 35.435 4
    endloop
  endfacet
  facet normal -0.849177 -0.528109 0
    outer loop
      vertex -46.9568 35.8605 0
      vertex -47.2333 36.3051 4
      vertex -47.2333 36.3051 0
    endloop
  endfacet
  facet normal -0.849177 -0.528109 0
    outer loop
      vertex -47.2333 36.3051 4
      vertex -46.9568 35.8605 0
      vertex -46.9568 35.8605 4
    endloop
  endfacet
  facet normal -0.707107 -0.707107 0
    outer loop
      vertex -33.9411 -46.669 0
      vertex -34.6482 -45.9619 4
      vertex -34.6482 -45.9619 0
    endloop
  endfacet
  facet normal -0.707107 -0.707107 0
    outer loop
      vertex -34.6482 -45.9619 4
      vertex -33.9411 -46.669 0
      vertex -33.9411 -46.669 4
    endloop
  endfacet
  facet normal -0.707107 -0.707107 0
    outer loop
      vertex -45.9619 -34.6482 0
      vertex -46.669 -33.9411 4
      vertex -46.669 -33.9411 0
    endloop
  endfacet
  facet normal -0.707107 -0.707107 0
    outer loop
      vertex -46.669 -33.9411 4
      vertex -45.9619 -34.6482 0
      vertex -45.9619 -34.6482 4
    endloop
  endfacet
  facet normal 0.0981798 -0.995169 0
    outer loop
      vertex -39.7819 -48.288 0
      vertex -39.2609 -48.2366 4
      vertex -39.7819 -48.288 4
    endloop
  endfacet
  facet normal 0.0981798 -0.995169 0
    outer loop
      vertex -39.2609 -48.2366 4
      vertex -39.7819 -48.288 0
      vertex -39.2609 -48.2366 0
    endloop
  endfacet
  facet normal -0.634361 -0.773037 0
    outer loop
      vertex -45.5799 -46.3198 0
      vertex -45.1752 -46.6519 4
      vertex -45.5799 -46.3198 4
    endloop
  endfacet
  facet normal -0.634361 -0.773037 -0
    outer loop
      vertex -45.1752 -46.6519 4
      vertex -45.5799 -46.3198 0
      vertex -45.1752 -46.6519 0
    endloop
  endfacet
  facet normal -0.683712 -0.729752 0
    outer loop
      vertex -45.9619 -45.9619 0
      vertex -45.5799 -46.3198 4
      vertex -45.9619 -45.9619 4
    endloop
  endfacet
  facet normal -0.683712 -0.729752 -0
    outer loop
      vertex -45.5799 -46.3198 4
      vertex -45.9619 -45.9619 0
      vertex -45.5799 -46.3198 0
    endloop
  endfacet
  facet normal -0.773037 -0.634361 0
    outer loop
      vertex -46.3198 -45.5799 0
      vertex -46.6519 -45.1752 4
      vertex -46.6519 -45.1752 0
    endloop
  endfacet
  facet normal -0.773037 -0.634361 0
    outer loop
      vertex -46.6519 -45.1752 4
      vertex -46.3198 -45.5799 0
      vertex -46.3198 -45.5799 4
    endloop
  endfacet
  facet normal -0.995169 -0.0981798 0
    outer loop
      vertex -48.2366 -41.3493 0
      vertex -48.288 -40.8283 4
      vertex -48.288 -40.8283 0
    endloop
  endfacet
  facet normal -0.995169 -0.0981798 0
    outer loop
      vertex -48.288 -40.8283 4
      vertex -48.2366 -41.3493 0
      vertex -48.2366 -41.3493 4
    endloop
  endfacet
  facet normal 0.582466 -0.812855 0
    outer loop
      vertex -35.8605 -46.9568 0
      vertex -35.435 -46.6519 4
      vertex -35.8605 -46.9568 4
    endloop
  endfacet
  facet normal 0.582466 -0.812855 0
    outer loop
      vertex -35.435 -46.6519 4
      vertex -35.8605 -46.9568 0
      vertex -35.435 -46.6519 0
    endloop
  endfacet
  facet normal -0.999466 -0.032666 0
    outer loop
      vertex -48.288 -40.8283 0
      vertex -48.3051 -40.3051 4
      vertex -48.3051 -40.3051 0
    endloop
  endfacet
  facet normal -0.999466 -0.032666 0
    outer loop
      vertex -48.3051 -40.3051 4
      vertex -48.288 -40.8283 0
      vertex -48.288 -40.8283 4
    endloop
  endfacet
  facet normal -0.162757 -0.986666 0
    outer loop
      vertex -41.8658 -48.1514 0
      vertex -41.3493 -48.2366 4
      vertex -41.8658 -48.1514 4
    endloop
  endfacet
  facet normal -0.162757 -0.986666 -0
    outer loop
      vertex -41.3493 -48.2366 4
      vertex -41.8658 -48.1514 0
      vertex -41.3493 -48.2366 0
    endloop
  endfacet
  facet normal 0.412651 -0.910889 0
    outer loop
      vertex -37.2436 -47.6961 0
      vertex -36.7668 -47.4801 4
      vertex -37.2436 -47.6961 4
    endloop
  endfacet
  facet normal 0.412651 -0.910889 0
    outer loop
      vertex -36.7668 -47.4801 4
      vertex -37.2436 -47.6961 0
      vertex -36.7668 -47.4801 0
    endloop
  endfacet
  facet normal -0.471421 -0.881908 0
    outer loop
      vertex -44.3051 -47.2333 0
      vertex -43.8434 -47.4801 4
      vertex -44.3051 -47.2333 4
    endloop
  endfacet
  facet normal -0.471421 -0.881908 -0
    outer loop
      vertex -43.8434 -47.4801 4
      vertex -44.3051 -47.2333 0
      vertex -43.8434 -47.4801 0
    endloop
  endfacet
  facet normal -0.956912 0.290379 0
    outer loop
      vertex -48.0325 -38.2345 0
      vertex -47.8805 -37.7336 4
      vertex -47.8805 -37.7336 0
    endloop
  endfacet
  facet normal -0.956912 0.290379 0
    outer loop
      vertex -47.8805 -37.7336 4
      vertex -48.0325 -38.2345 0
      vertex -48.0325 -38.2345 4
    endloop
  endfacet
  facet normal -0.0981798 -0.995169 0
    outer loop
      vertex -41.3493 -48.2366 0
      vertex -40.8283 -48.288 4
      vertex -41.3493 -48.2366 4
    endloop
  endfacet
  facet normal -0.0981798 -0.995169 -0
    outer loop
      vertex -40.8283 -48.288 4
      vertex -41.3493 -48.2366 0
      vertex -40.8283 -48.288 0
    endloop
  endfacet
  facet normal -0.032666 -0.999466 0
    outer loop
      vertex -40.8283 -48.288 0
      vertex -40.3051 -48.3051 4
      vertex -40.8283 -48.288 4
    endloop
  endfacet
  facet normal -0.032666 -0.999466 -0
    outer loop
      vertex -40.3051 -48.3051 4
      vertex -40.8283 -48.288 0
      vertex -40.3051 -48.3051 0
    endloop
  endfacet
  facet normal -0.910889 -0.412651 0
    outer loop
      vertex -47.4801 -43.8434 0
      vertex -47.6961 -43.3666 4
      vertex -47.6961 -43.3666 0
    endloop
  endfacet
  facet normal -0.910889 -0.412651 0
    outer loop
      vertex -47.6961 -43.3666 4
      vertex -47.4801 -43.8434 0
      vertex -47.4801 -43.8434 4
    endloop
  endfacet
  facet normal -0.227133 -0.973864 0
    outer loop
      vertex -42.3756 -48.0325 0
      vertex -41.8658 -48.1514 4
      vertex -42.3756 -48.0325 4
    endloop
  endfacet
  facet normal -0.227133 -0.973864 -0
    outer loop
      vertex -41.8658 -48.1514 4
      vertex -42.3756 -48.0325 0
      vertex -41.8658 -48.1514 0
    endloop
  endfacet
  facet normal -0.729841 0.683617 0
    outer loop
      vertex -46.3198 -35.0303 0
      vertex -45.9619 -34.6482 4
      vertex -45.9619 -34.6482 0
    endloop
  endfacet
  facet normal -0.729841 0.683617 0
    outer loop
      vertex -45.9619 -34.6482 4
      vertex -46.3198 -35.0303 0
      vertex -46.3198 -35.0303 4
    endloop
  endfacet
  facet normal 0.227091 -0.973874 0
    outer loop
      vertex -38.7444 -48.1514 0
      vertex -38.2345 -48.0325 4
      vertex -38.7444 -48.1514 4
    endloop
  endfacet
  facet normal 0.227091 -0.973874 0
    outer loop
      vertex -38.2345 -48.0325 4
      vertex -38.7444 -48.1514 0
      vertex -38.2345 -48.0325 0
    endloop
  endfacet
  facet normal -0.352212 -0.93592 0
    outer loop
      vertex -43.3666 -47.6961 0
      vertex -42.8766 -47.8805 4
      vertex -43.3666 -47.6961 4
    endloop
  endfacet
  facet normal -0.352212 -0.93592 -0
    outer loop
      vertex -42.8766 -47.8805 4
      vertex -43.3666 -47.6961 0
      vertex -42.8766 -47.8805 0
    endloop
  endfacet
  facet normal 0.290379 -0.956912 0
    outer loop
      vertex -38.2345 -48.0325 0
      vertex -37.7336 -47.8805 4
      vertex -38.2345 -48.0325 4
    endloop
  endfacet
  facet normal 0.290379 -0.956912 0
    outer loop
      vertex -37.7336 -47.8805 4
      vertex -38.2345 -48.0325 0
      vertex -37.7336 -47.8805 0
    endloop
  endfacet
  facet normal -0.773037 0.634361 0
    outer loop
      vertex -46.6519 -35.435 0
      vertex -46.3198 -35.0303 4
      vertex -46.3198 -35.0303 0
    endloop
  endfacet
  facet normal -0.773037 0.634361 0
    outer loop
      vertex -46.3198 -35.0303 4
      vertex -46.6519 -35.435 0
      vertex -46.6519 -35.435 4
    endloop
  endfacet
  facet normal -0.93592 0.352212 0
    outer loop
      vertex -47.8805 -37.7336 0
      vertex -47.6961 -37.2436 4
      vertex -47.6961 -37.2436 0
    endloop
  endfacet
  facet normal -0.93592 0.352212 0
    outer loop
      vertex -47.6961 -37.2436 4
      vertex -47.8805 -37.7336 0
      vertex -47.8805 -37.7336 4
    endloop
  endfacet
  facet normal -0.729752 -0.683712 0
    outer loop
      vertex -45.9619 -45.9619 0
      vertex -46.3198 -45.5799 4
      vertex -46.3198 -45.5799 0
    endloop
  endfacet
  facet normal -0.729752 -0.683712 0
    outer loop
      vertex -46.3198 -45.5799 4
      vertex -45.9619 -45.9619 0
      vertex -45.9619 -45.9619 4
    endloop
  endfacet
  facet normal 0.162757 -0.986666 0
    outer loop
      vertex -39.2609 -48.2366 0
      vertex -38.7444 -48.1514 4
      vertex -39.2609 -48.2366 4
    endloop
  endfacet
  facet normal 0.162757 -0.986666 0
    outer loop
      vertex -38.7444 -48.1514 4
      vertex -39.2609 -48.2366 0
      vertex -38.7444 -48.1514 0
    endloop
  endfacet
  facet normal 0.032666 -0.999466 0
    outer loop
      vertex -40.3051 -48.3051 0
      vertex -39.7819 -48.288 4
      vertex -40.3051 -48.3051 4
    endloop
  endfacet
  facet normal 0.032666 -0.999466 0
    outer loop
      vertex -39.7819 -48.288 4
      vertex -40.3051 -48.3051 0
      vertex -39.7819 -48.288 0
    endloop
  endfacet
  facet normal -0.973874 0.227091 0
    outer loop
      vertex -48.1514 -38.7444 0
      vertex -48.0325 -38.2345 4
      vertex -48.0325 -38.2345 0
    endloop
  endfacet
  facet normal -0.973874 0.227091 0
    outer loop
      vertex -48.0325 -38.2345 4
      vertex -48.1514 -38.7444 0
      vertex -48.1514 -38.7444 4
    endloop
  endfacet
  facet normal -0.910889 0.412651 0
    outer loop
      vertex -47.6961 -37.2436 0
      vertex -47.4801 -36.7668 4
      vertex -47.4801 -36.7668 0
    endloop
  endfacet
  facet normal -0.910889 0.412651 0
    outer loop
      vertex -47.4801 -36.7668 4
      vertex -47.6961 -37.2436 0
      vertex -47.6961 -37.2436 4
    endloop
  endfacet
  facet normal -0.290325 -0.956928 0
    outer loop
      vertex -42.8766 -47.8805 0
      vertex -42.3756 -48.0325 4
      vertex -42.8766 -47.8805 4
    endloop
  endfacet
  facet normal -0.290325 -0.956928 -0
    outer loop
      vertex -42.3756 -48.0325 4
      vertex -42.8766 -47.8805 0
      vertex -42.3756 -48.0325 0
    endloop
  endfacet
  facet normal -0.881908 -0.471421 0
    outer loop
      vertex -47.2333 -44.3051 0
      vertex -47.4801 -43.8434 4
      vertex -47.4801 -43.8434 0
    endloop
  endfacet
  facet normal -0.881908 -0.471421 0
    outer loop
      vertex -47.4801 -43.8434 4
      vertex -47.2333 -44.3051 0
      vertex -47.2333 -44.3051 4
    endloop
  endfacet
  facet normal 0.471421 -0.881908 0
    outer loop
      vertex -36.7668 -47.4801 0
      vertex -36.3051 -47.2333 4
      vertex -36.7668 -47.4801 4
    endloop
  endfacet
  facet normal 0.471421 -0.881908 0
    outer loop
      vertex -36.3051 -47.2333 4
      vertex -36.7668 -47.4801 0
      vertex -36.3051 -47.2333 0
    endloop
  endfacet
  facet normal -0.956928 -0.290325 0
    outer loop
      vertex -47.8805 -42.8766 0
      vertex -48.0325 -42.3756 4
      vertex -48.0325 -42.3756 0
    endloop
  endfacet
  facet normal -0.956928 -0.290325 0
    outer loop
      vertex -48.0325 -42.3756 4
      vertex -47.8805 -42.8766 0
      vertex -47.8805 -42.8766 4
    endloop
  endfacet
  facet normal -0.528195 -0.849123 0
    outer loop
      vertex -44.7496 -46.9568 0
      vertex -44.3051 -47.2333 4
      vertex -44.7496 -46.9568 4
    endloop
  endfacet
  facet normal -0.528195 -0.849123 -0
    outer loop
      vertex -44.3051 -47.2333 4
      vertex -44.7496 -46.9568 0
      vertex -44.3051 -47.2333 0
    endloop
  endfacet
  facet normal -0.999466 0.032666 0
    outer loop
      vertex -48.3051 -40.3051 0
      vertex -48.288 -39.7819 4
      vertex -48.288 -39.7819 0
    endloop
  endfacet
  facet normal -0.999466 0.032666 0
    outer loop
      vertex -48.288 -39.7819 4
      vertex -48.3051 -40.3051 0
      vertex -48.3051 -40.3051 4
    endloop
  endfacet
  facet normal -0.81292 -0.582376 0
    outer loop
      vertex -46.6519 -45.1752 0
      vertex -46.9568 -44.7496 4
      vertex -46.9568 -44.7496 0
    endloop
  endfacet
  facet normal -0.81292 -0.582376 0
    outer loop
      vertex -46.9568 -44.7496 4
      vertex -46.6519 -45.1752 0
      vertex -46.6519 -45.1752 4
    endloop
  endfacet
  facet normal 0.528109 -0.849177 0
    outer loop
      vertex -36.3051 -47.2333 0
      vertex -35.8605 -46.9568 4
      vertex -36.3051 -47.2333 4
    endloop
  endfacet
  facet normal 0.528109 -0.849177 0
    outer loop
      vertex -35.8605 -46.9568 4
      vertex -36.3051 -47.2333 0
      vertex -35.8605 -46.9568 0
    endloop
  endfacet
  facet normal -0.849177 0.528109 0
    outer loop
      vertex -47.2333 -36.3051 0
      vertex -46.9568 -35.8605 4
      vertex -46.9568 -35.8605 0
    endloop
  endfacet
  facet normal -0.849177 0.528109 0
    outer loop
      vertex -46.9568 -35.8605 4
      vertex -47.2333 -36.3051 0
      vertex -47.2333 -36.3051 4
    endloop
  endfacet
  facet normal -0.881908 0.471421 0
    outer loop
      vertex -47.4801 -36.7668 0
      vertex -47.2333 -36.3051 4
      vertex -47.2333 -36.3051 0
    endloop
  endfacet
  facet normal -0.881908 0.471421 0
    outer loop
      vertex -47.2333 -36.3051 4
      vertex -47.4801 -36.7668 0
      vertex -47.4801 -36.7668 4
    endloop
  endfacet
  facet normal 0.683617 -0.729841 0
    outer loop
      vertex -35.0303 -46.3198 0
      vertex -34.6482 -45.9619 4
      vertex -35.0303 -46.3198 4
    endloop
  endfacet
  facet normal 0.683617 -0.729841 0
    outer loop
      vertex -34.6482 -45.9619 4
      vertex -35.0303 -46.3198 0
      vertex -34.6482 -45.9619 0
    endloop
  endfacet
  facet normal -0.973864 -0.227133 0
    outer loop
      vertex -48.0325 -42.3756 0
      vertex -48.1514 -41.8658 4
      vertex -48.1514 -41.8658 0
    endloop
  endfacet
  facet normal -0.973864 -0.227133 0
    outer loop
      vertex -48.1514 -41.8658 4
      vertex -48.0325 -42.3756 0
      vertex -48.0325 -42.3756 4
    endloop
  endfacet
  facet normal -0.812855 0.582466 0
    outer loop
      vertex -46.9568 -35.8605 0
      vertex -46.6519 -35.435 4
      vertex -46.6519 -35.435 0
    endloop
  endfacet
  facet normal -0.812855 0.582466 0
    outer loop
      vertex -46.6519 -35.435 4
      vertex -46.9568 -35.8605 0
      vertex -46.9568 -35.8605 4
    endloop
  endfacet
  facet normal -0.986666 0.162757 0
    outer loop
      vertex -48.2366 -39.2609 0
      vertex -48.1514 -38.7444 4
      vertex -48.1514 -38.7444 0
    endloop
  endfacet
  facet normal -0.986666 0.162757 0
    outer loop
      vertex -48.1514 -38.7444 4
      vertex -48.2366 -39.2609 0
      vertex -48.2366 -39.2609 4
    endloop
  endfacet
  facet normal -0.412651 -0.910889 0
    outer loop
      vertex -43.8434 -47.4801 0
      vertex -43.3666 -47.6961 4
      vertex -43.8434 -47.4801 4
    endloop
  endfacet
  facet normal -0.412651 -0.910889 -0
    outer loop
      vertex -43.3666 -47.6961 4
      vertex -43.8434 -47.4801 0
      vertex -43.3666 -47.6961 0
    endloop
  endfacet
  facet normal -0.582376 -0.81292 0
    outer loop
      vertex -45.1752 -46.6519 0
      vertex -44.7496 -46.9568 4
      vertex -45.1752 -46.6519 4
    endloop
  endfacet
  facet normal -0.582376 -0.81292 -0
    outer loop
      vertex -44.7496 -46.9568 4
      vertex -45.1752 -46.6519 0
      vertex -44.7496 -46.9568 0
    endloop
  endfacet
  facet normal 0.352212 -0.93592 0
    outer loop
      vertex -37.7336 -47.8805 0
      vertex -37.2436 -47.6961 4
      vertex -37.7336 -47.8805 4
    endloop
  endfacet
  facet normal 0.352212 -0.93592 0
    outer loop
      vertex -37.2436 -47.6961 4
      vertex -37.7336 -47.8805 0
      vertex -37.2436 -47.6961 0
    endloop
  endfacet
  facet normal -0.995169 0.0981798 0
    outer loop
      vertex -48.288 -39.7819 0
      vertex -48.2366 -39.2609 4
      vertex -48.2366 -39.2609 0
    endloop
  endfacet
  facet normal -0.995169 0.0981798 0
    outer loop
      vertex -48.2366 -39.2609 4
      vertex -48.288 -39.7819 0
      vertex -48.288 -39.7819 4
    endloop
  endfacet
  facet normal 0.634361 -0.773037 0
    outer loop
      vertex -35.435 -46.6519 0
      vertex -35.0303 -46.3198 4
      vertex -35.435 -46.6519 4
    endloop
  endfacet
  facet normal 0.634361 -0.773037 0
    outer loop
      vertex -35.0303 -46.3198 4
      vertex -35.435 -46.6519 0
      vertex -35.0303 -46.3198 0
    endloop
  endfacet
  facet normal -0.849123 -0.528195 0
    outer loop
      vertex -46.9568 -44.7496 0
      vertex -47.2333 -44.3051 4
      vertex -47.2333 -44.3051 0
    endloop
  endfacet
  facet normal -0.849123 -0.528195 0
    outer loop
      vertex -47.2333 -44.3051 4
      vertex -46.9568 -44.7496 0
      vertex -46.9568 -44.7496 4
    endloop
  endfacet
  facet normal -0.93592 -0.352212 0
    outer loop
      vertex -47.6961 -43.3666 0
      vertex -47.8805 -42.8766 4
      vertex -47.8805 -42.8766 0
    endloop
  endfacet
  facet normal -0.93592 -0.352212 0
    outer loop
      vertex -47.8805 -42.8766 4
      vertex -47.6961 -43.3666 0
      vertex -47.6961 -43.3666 4
    endloop
  endfacet
  facet normal -0.986666 -0.162757 0
    outer loop
      vertex -48.1514 -41.8658 0
      vertex -48.2366 -41.3493 4
      vertex -48.2366 -41.3493 0
    endloop
  endfacet
  facet normal -0.986666 -0.162757 0
    outer loop
      vertex -48.2366 -41.3493 4
      vertex -48.1514 -41.8658 0
      vertex -48.1514 -41.8658 4
    endloop
  endfacet
  facet normal 0.707107 -0.707107 0
    outer loop
      vertex 45.9619 -34.6482 4
      vertex 46.669 -33.9411 0
      vertex 46.669 -33.9411 4
    endloop
  endfacet
  facet normal 0.707107 -0.707107 0
    outer loop
      vertex 46.669 -33.9411 0
      vertex 45.9619 -34.6482 4
      vertex 45.9619 -34.6482 0
    endloop
  endfacet
  facet normal 0.707107 -0.707107 0
    outer loop
      vertex 33.9411 -46.669 4
      vertex 34.6482 -45.9619 0
      vertex 34.6482 -45.9619 4
    endloop
  endfacet
  facet normal 0.707107 -0.707107 0
    outer loop
      vertex 34.6482 -45.9619 0
      vertex 33.9411 -46.669 4
      vertex 33.9411 -46.669 0
    endloop
  endfacet
  facet normal 0.412651 -0.910889 0
    outer loop
      vertex 43.3666 -47.6961 0
      vertex 43.8434 -47.4801 4
      vertex 43.3666 -47.6961 4
    endloop
  endfacet
  facet normal 0.412651 -0.910889 0
    outer loop
      vertex 43.8434 -47.4801 4
      vertex 43.3666 -47.6961 0
      vertex 43.8434 -47.4801 0
    endloop
  endfacet
  facet normal 0.729752 -0.683712 0
    outer loop
      vertex 45.9619 -45.9619 4
      vertex 46.3198 -45.5799 0
      vertex 46.3198 -45.5799 4
    endloop
  endfacet
  facet normal 0.729752 -0.683712 0
    outer loop
      vertex 46.3198 -45.5799 0
      vertex 45.9619 -45.9619 4
      vertex 45.9619 -45.9619 0
    endloop
  endfacet
  facet normal -0.032666 -0.999466 0
    outer loop
      vertex 39.7819 -48.288 0
      vertex 40.3051 -48.3051 4
      vertex 39.7819 -48.288 4
    endloop
  endfacet
  facet normal -0.032666 -0.999466 -0
    outer loop
      vertex 40.3051 -48.3051 4
      vertex 39.7819 -48.288 0
      vertex 40.3051 -48.3051 0
    endloop
  endfacet
  facet normal -0.528109 -0.849177 0
    outer loop
      vertex 35.8605 -46.9568 0
      vertex 36.3051 -47.2333 4
      vertex 35.8605 -46.9568 4
    endloop
  endfacet
  facet normal -0.528109 -0.849177 -0
    outer loop
      vertex 36.3051 -47.2333 4
      vertex 35.8605 -46.9568 0
      vertex 36.3051 -47.2333 0
    endloop
  endfacet
  facet normal -0.352212 -0.93592 0
    outer loop
      vertex 37.2436 -47.6961 0
      vertex 37.7336 -47.8805 4
      vertex 37.2436 -47.6961 4
    endloop
  endfacet
  facet normal -0.352212 -0.93592 -0
    outer loop
      vertex 37.7336 -47.8805 4
      vertex 37.2436 -47.6961 0
      vertex 37.7336 -47.8805 0
    endloop
  endfacet
  facet normal 0.93592 0.352212 0
    outer loop
      vertex 47.8805 -37.7336 4
      vertex 47.6961 -37.2436 0
      vertex 47.6961 -37.2436 4
    endloop
  endfacet
  facet normal 0.93592 0.352212 0
    outer loop
      vertex 47.6961 -37.2436 0
      vertex 47.8805 -37.7336 4
      vertex 47.8805 -37.7336 0
    endloop
  endfacet
  facet normal 0.582376 -0.81292 0
    outer loop
      vertex 44.7496 -46.9568 0
      vertex 45.1752 -46.6519 4
      vertex 44.7496 -46.9568 4
    endloop
  endfacet
  facet normal 0.582376 -0.81292 0
    outer loop
      vertex 45.1752 -46.6519 4
      vertex 44.7496 -46.9568 0
      vertex 45.1752 -46.6519 0
    endloop
  endfacet
  facet normal -0.412651 -0.910889 0
    outer loop
      vertex 36.7668 -47.4801 0
      vertex 37.2436 -47.6961 4
      vertex 36.7668 -47.4801 4
    endloop
  endfacet
  facet normal -0.412651 -0.910889 -0
    outer loop
      vertex 37.2436 -47.6961 4
      vertex 36.7668 -47.4801 0
      vertex 37.2436 -47.6961 0
    endloop
  endfacet
  facet normal 0.773037 -0.634361 0
    outer loop
      vertex 46.3198 -45.5799 4
      vertex 46.6519 -45.1752 0
      vertex 46.6519 -45.1752 4
    endloop
  endfacet
  facet normal 0.773037 -0.634361 0
    outer loop
      vertex 46.6519 -45.1752 0
      vertex 46.3198 -45.5799 4
      vertex 46.3198 -45.5799 0
    endloop
  endfacet
  facet normal 0.910889 -0.412651 0
    outer loop
      vertex 47.4801 -43.8434 4
      vertex 47.6961 -43.3666 0
      vertex 47.6961 -43.3666 4
    endloop
  endfacet
  facet normal 0.910889 -0.412651 0
    outer loop
      vertex 47.6961 -43.3666 0
      vertex 47.4801 -43.8434 4
      vertex 47.4801 -43.8434 0
    endloop
  endfacet
  facet normal 0.634361 -0.773037 0
    outer loop
      vertex 45.1752 -46.6519 0
      vertex 45.5799 -46.3198 4
      vertex 45.1752 -46.6519 4
    endloop
  endfacet
  facet normal 0.634361 -0.773037 0
    outer loop
      vertex 45.5799 -46.3198 4
      vertex 45.1752 -46.6519 0
      vertex 45.5799 -46.3198 0
    endloop
  endfacet
  facet normal 0.956912 0.290379 0
    outer loop
      vertex 48.0325 -38.2345 4
      vertex 47.8805 -37.7336 0
      vertex 47.8805 -37.7336 4
    endloop
  endfacet
  facet normal 0.956912 0.290379 0
    outer loop
      vertex 47.8805 -37.7336 0
      vertex 48.0325 -38.2345 4
      vertex 48.0325 -38.2345 0
    endloop
  endfacet
  facet normal -0.0981798 -0.995169 0
    outer loop
      vertex 39.2609 -48.2366 0
      vertex 39.7819 -48.288 4
      vertex 39.2609 -48.2366 4
    endloop
  endfacet
  facet normal -0.0981798 -0.995169 -0
    outer loop
      vertex 39.7819 -48.288 4
      vertex 39.2609 -48.2366 0
      vertex 39.7819 -48.288 0
    endloop
  endfacet
  facet normal 0.773037 0.634361 0
    outer loop
      vertex 46.6519 -35.435 4
      vertex 46.3198 -35.0303 0
      vertex 46.3198 -35.0303 4
    endloop
  endfacet
  facet normal 0.773037 0.634361 0
    outer loop
      vertex 46.3198 -35.0303 0
      vertex 46.6519 -35.435 4
      vertex 46.6519 -35.435 0
    endloop
  endfacet
  facet normal 0.290325 -0.956928 0
    outer loop
      vertex 42.3756 -48.0325 0
      vertex 42.8766 -47.8805 4
      vertex 42.3756 -48.0325 4
    endloop
  endfacet
  facet normal 0.290325 -0.956928 0
    outer loop
      vertex 42.8766 -47.8805 4
      vertex 42.3756 -48.0325 0
      vertex 42.8766 -47.8805 0
    endloop
  endfacet
  facet normal 0.683712 -0.729752 0
    outer loop
      vertex 45.5799 -46.3198 0
      vertex 45.9619 -45.9619 4
      vertex 45.5799 -46.3198 4
    endloop
  endfacet
  facet normal 0.683712 -0.729752 0
    outer loop
      vertex 45.9619 -45.9619 4
      vertex 45.5799 -46.3198 0
      vertex 45.9619 -45.9619 0
    endloop
  endfacet
  facet normal 0.910889 0.412651 0
    outer loop
      vertex 47.6961 -37.2436 4
      vertex 47.4801 -36.7668 0
      vertex 47.4801 -36.7668 4
    endloop
  endfacet
  facet normal 0.910889 0.412651 0
    outer loop
      vertex 47.4801 -36.7668 0
      vertex 47.6961 -37.2436 4
      vertex 47.6961 -37.2436 0
    endloop
  endfacet
  facet normal -0.634361 -0.773037 0
    outer loop
      vertex 35.0303 -46.3198 0
      vertex 35.435 -46.6519 4
      vertex 35.0303 -46.3198 4
    endloop
  endfacet
  facet normal -0.634361 -0.773037 -0
    outer loop
      vertex 35.435 -46.6519 4
      vertex 35.0303 -46.3198 0
      vertex 35.435 -46.6519 0
    endloop
  endfacet
  facet normal 0.956928 -0.290325 0
    outer loop
      vertex 47.8805 -42.8766 4
      vertex 48.0325 -42.3756 0
      vertex 48.0325 -42.3756 4
    endloop
  endfacet
  facet normal 0.956928 -0.290325 0
    outer loop
      vertex 48.0325 -42.3756 0
      vertex 47.8805 -42.8766 4
      vertex 47.8805 -42.8766 0
    endloop
  endfacet
  facet normal -0.471421 -0.881908 0
    outer loop
      vertex 36.3051 -47.2333 0
      vertex 36.7668 -47.4801 4
      vertex 36.3051 -47.2333 4
    endloop
  endfacet
  facet normal -0.471421 -0.881908 -0
    outer loop
      vertex 36.7668 -47.4801 4
      vertex 36.3051 -47.2333 0
      vertex 36.7668 -47.4801 0
    endloop
  endfacet
  facet normal 0.528195 -0.849123 0
    outer loop
      vertex 44.3051 -47.2333 0
      vertex 44.7496 -46.9568 4
      vertex 44.3051 -47.2333 4
    endloop
  endfacet
  facet normal 0.528195 -0.849123 0
    outer loop
      vertex 44.7496 -46.9568 4
      vertex 44.3051 -47.2333 0
      vertex 44.7496 -46.9568 0
    endloop
  endfacet
  facet normal 0.881908 -0.471421 0
    outer loop
      vertex 47.2333 -44.3051 4
      vertex 47.4801 -43.8434 0
      vertex 47.4801 -43.8434 4
    endloop
  endfacet
  facet normal 0.881908 -0.471421 0
    outer loop
      vertex 47.4801 -43.8434 0
      vertex 47.2333 -44.3051 4
      vertex 47.2333 -44.3051 0
    endloop
  endfacet
  facet normal 0.849123 -0.528195 0
    outer loop
      vertex 46.9568 -44.7496 4
      vertex 47.2333 -44.3051 0
      vertex 47.2333 -44.3051 4
    endloop
  endfacet
  facet normal 0.849123 -0.528195 0
    outer loop
      vertex 47.2333 -44.3051 0
      vertex 46.9568 -44.7496 4
      vertex 46.9568 -44.7496 0
    endloop
  endfacet
  facet normal 0.986666 0.162757 0
    outer loop
      vertex 48.2366 -39.2609 4
      vertex 48.1514 -38.7444 0
      vertex 48.1514 -38.7444 4
    endloop
  endfacet
  facet normal 0.986666 0.162757 0
    outer loop
      vertex 48.1514 -38.7444 0
      vertex 48.2366 -39.2609 4
      vertex 48.2366 -39.2609 0
    endloop
  endfacet
  facet normal 0.93592 -0.352212 0
    outer loop
      vertex 47.6961 -43.3666 4
      vertex 47.8805 -42.8766 0
      vertex 47.8805 -42.8766 4
    endloop
  endfacet
  facet normal 0.93592 -0.352212 0
    outer loop
      vertex 47.8805 -42.8766 0
      vertex 47.6961 -43.3666 4
      vertex 47.6961 -43.3666 0
    endloop
  endfacet
  facet normal 0.999466 -0.032666 0
    outer loop
      vertex 48.288 -40.8283 4
      vertex 48.3051 -40.3051 0
      vertex 48.3051 -40.3051 4
    endloop
  endfacet
  facet normal 0.999466 -0.032666 0
    outer loop
      vertex 48.3051 -40.3051 0
      vertex 48.288 -40.8283 4
      vertex 48.288 -40.8283 0
    endloop
  endfacet
  facet normal -0.162757 -0.986666 0
    outer loop
      vertex 38.7444 -48.1514 0
      vertex 39.2609 -48.2366 4
      vertex 38.7444 -48.1514 4
    endloop
  endfacet
  facet normal -0.162757 -0.986666 -0
    outer loop
      vertex 39.2609 -48.2366 4
      vertex 38.7444 -48.1514 0
      vertex 39.2609 -48.2366 0
    endloop
  endfacet
  facet normal 0.995169 0.0981798 0
    outer loop
      vertex 48.288 -39.7819 4
      vertex 48.2366 -39.2609 0
      vertex 48.2366 -39.2609 4
    endloop
  endfacet
  facet normal 0.995169 0.0981798 0
    outer loop
      vertex 48.2366 -39.2609 0
      vertex 48.288 -39.7819 4
      vertex 48.288 -39.7819 0
    endloop
  endfacet
  facet normal 0.973864 -0.227133 0
    outer loop
      vertex 48.0325 -42.3756 4
      vertex 48.1514 -41.8658 0
      vertex 48.1514 -41.8658 4
    endloop
  endfacet
  facet normal 0.973864 -0.227133 0
    outer loop
      vertex 48.1514 -41.8658 0
      vertex 48.0325 -42.3756 4
      vertex 48.0325 -42.3756 0
    endloop
  endfacet
  facet normal 0.227133 -0.973864 0
    outer loop
      vertex 41.8658 -48.1514 0
      vertex 42.3756 -48.0325 4
      vertex 41.8658 -48.1514 4
    endloop
  endfacet
  facet normal 0.227133 -0.973864 0
    outer loop
      vertex 42.3756 -48.0325 4
      vertex 41.8658 -48.1514 0
      vertex 42.3756 -48.0325 0
    endloop
  endfacet
  facet normal 0.81292 -0.582376 0
    outer loop
      vertex 46.6519 -45.1752 4
      vertex 46.9568 -44.7496 0
      vertex 46.9568 -44.7496 4
    endloop
  endfacet
  facet normal 0.81292 -0.582376 0
    outer loop
      vertex 46.9568 -44.7496 0
      vertex 46.6519 -45.1752 4
      vertex 46.6519 -45.1752 0
    endloop
  endfacet
  facet normal 0.986666 -0.162757 0
    outer loop
      vertex 48.1514 -41.8658 4
      vertex 48.2366 -41.3493 0
      vertex 48.2366 -41.3493 4
    endloop
  endfacet
  facet normal 0.986666 -0.162757 0
    outer loop
      vertex 48.2366 -41.3493 0
      vertex 48.1514 -41.8658 4
      vertex 48.1514 -41.8658 0
    endloop
  endfacet
  facet normal 0.0981798 -0.995169 0
    outer loop
      vertex 40.8283 -48.288 0
      vertex 41.3493 -48.2366 4
      vertex 40.8283 -48.288 4
    endloop
  endfacet
  facet normal 0.0981798 -0.995169 0
    outer loop
      vertex 41.3493 -48.2366 4
      vertex 40.8283 -48.288 0
      vertex 41.3493 -48.2366 0
    endloop
  endfacet
  facet normal 0.471421 -0.881908 0
    outer loop
      vertex 43.8434 -47.4801 0
      vertex 44.3051 -47.2333 4
      vertex 43.8434 -47.4801 4
    endloop
  endfacet
  facet normal 0.471421 -0.881908 0
    outer loop
      vertex 44.3051 -47.2333 4
      vertex 43.8434 -47.4801 0
      vertex 44.3051 -47.2333 0
    endloop
  endfacet
  facet normal -0.683617 -0.729841 0
    outer loop
      vertex 34.6482 -45.9619 0
      vertex 35.0303 -46.3198 4
      vertex 34.6482 -45.9619 4
    endloop
  endfacet
  facet normal -0.683617 -0.729841 -0
    outer loop
      vertex 35.0303 -46.3198 4
      vertex 34.6482 -45.9619 0
      vertex 35.0303 -46.3198 0
    endloop
  endfacet
  facet normal -0.582466 -0.812855 0
    outer loop
      vertex 35.435 -46.6519 0
      vertex 35.8605 -46.9568 4
      vertex 35.435 -46.6519 4
    endloop
  endfacet
  facet normal -0.582466 -0.812855 -0
    outer loop
      vertex 35.8605 -46.9568 4
      vertex 35.435 -46.6519 0
      vertex 35.8605 -46.9568 0
    endloop
  endfacet
  facet normal -0.290379 -0.956912 0
    outer loop
      vertex 37.7336 -47.8805 0
      vertex 38.2345 -48.0325 4
      vertex 37.7336 -47.8805 4
    endloop
  endfacet
  facet normal -0.290379 -0.956912 -0
    outer loop
      vertex 38.2345 -48.0325 4
      vertex 37.7336 -47.8805 0
      vertex 38.2345 -48.0325 0
    endloop
  endfacet
  facet normal 0.973874 0.227091 0
    outer loop
      vertex 48.1514 -38.7444 4
      vertex 48.0325 -38.2345 0
      vertex 48.0325 -38.2345 4
    endloop
  endfacet
  facet normal 0.973874 0.227091 0
    outer loop
      vertex 48.0325 -38.2345 0
      vertex 48.1514 -38.7444 4
      vertex 48.1514 -38.7444 0
    endloop
  endfacet
  facet normal 0.995169 -0.0981798 0
    outer loop
      vertex 48.2366 -41.3493 4
      vertex 48.288 -40.8283 0
      vertex 48.288 -40.8283 4
    endloop
  endfacet
  facet normal 0.995169 -0.0981798 0
    outer loop
      vertex 48.288 -40.8283 0
      vertex 48.2366 -41.3493 4
      vertex 48.2366 -41.3493 0
    endloop
  endfacet
  facet normal 0.999466 0.032666 0
    outer loop
      vertex 48.3051 -40.3051 4
      vertex 48.288 -39.7819 0
      vertex 48.288 -39.7819 4
    endloop
  endfacet
  facet normal 0.999466 0.032666 0
    outer loop
      vertex 48.288 -39.7819 0
      vertex 48.3051 -40.3051 4
      vertex 48.3051 -40.3051 0
    endloop
  endfacet
  facet normal 0.352212 -0.93592 0
    outer loop
      vertex 42.8766 -47.8805 0
      vertex 43.3666 -47.6961 4
      vertex 42.8766 -47.8805 4
    endloop
  endfacet
  facet normal 0.352212 -0.93592 0
    outer loop
      vertex 43.3666 -47.6961 4
      vertex 42.8766 -47.8805 0
      vertex 43.3666 -47.6961 0
    endloop
  endfacet
  facet normal 0.881908 0.471421 0
    outer loop
      vertex 47.4801 -36.7668 4
      vertex 47.2333 -36.3051 0
      vertex 47.2333 -36.3051 4
    endloop
  endfacet
  facet normal 0.881908 0.471421 0
    outer loop
      vertex 47.2333 -36.3051 0
      vertex 47.4801 -36.7668 4
      vertex 47.4801 -36.7668 0
    endloop
  endfacet
  facet normal 0.729841 0.683617 0
    outer loop
      vertex 46.3198 -35.0303 4
      vertex 45.9619 -34.6482 0
      vertex 45.9619 -34.6482 4
    endloop
  endfacet
  facet normal 0.729841 0.683617 0
    outer loop
      vertex 45.9619 -34.6482 0
      vertex 46.3198 -35.0303 4
      vertex 46.3198 -35.0303 0
    endloop
  endfacet
  facet normal 0.032666 -0.999466 0
    outer loop
      vertex 40.3051 -48.3051 0
      vertex 40.8283 -48.288 4
      vertex 40.3051 -48.3051 4
    endloop
  endfacet
  facet normal 0.032666 -0.999466 0
    outer loop
      vertex 40.8283 -48.288 4
      vertex 40.3051 -48.3051 0
      vertex 40.8283 -48.288 0
    endloop
  endfacet
  facet normal -0.227091 -0.973874 0
    outer loop
      vertex 38.2345 -48.0325 0
      vertex 38.7444 -48.1514 4
      vertex 38.2345 -48.0325 4
    endloop
  endfacet
  facet normal -0.227091 -0.973874 -0
    outer loop
      vertex 38.7444 -48.1514 4
      vertex 38.2345 -48.0325 0
      vertex 38.7444 -48.1514 0
    endloop
  endfacet
  facet normal 0.162757 -0.986666 0
    outer loop
      vertex 41.3493 -48.2366 0
      vertex 41.8658 -48.1514 4
      vertex 41.3493 -48.2366 4
    endloop
  endfacet
  facet normal 0.162757 -0.986666 0
    outer loop
      vertex 41.8658 -48.1514 4
      vertex 41.3493 -48.2366 0
      vertex 41.8658 -48.1514 0
    endloop
  endfacet
  facet normal 0.812855 0.582466 0
    outer loop
      vertex 46.9568 -35.8605 4
      vertex 46.6519 -35.435 0
      vertex 46.6519 -35.435 4
    endloop
  endfacet
  facet normal 0.812855 0.582466 0
    outer loop
      vertex 46.6519 -35.435 0
      vertex 46.9568 -35.8605 4
      vertex 46.9568 -35.8605 0
    endloop
  endfacet
  facet normal 0.849177 0.528109 0
    outer loop
      vertex 47.2333 -36.3051 4
      vertex 46.9568 -35.8605 0
      vertex 46.9568 -35.8605 4
    endloop
  endfacet
  facet normal 0.849177 0.528109 0
    outer loop
      vertex 46.9568 -35.8605 0
      vertex 47.2333 -36.3051 4
      vertex 47.2333 -36.3051 0
    endloop
  endfacet
  facet normal 0.995183 -0.0980314 0
    outer loop
      vertex 19.8289 -2.61052 4
      vertex 19.9572 -1.30806 0
      vertex 19.9572 -1.30806 4
    endloop
  endfacet
  facet normal 0.995183 -0.0980314 0
    outer loop
      vertex 19.9572 -1.30806 0
      vertex 19.8289 -2.61052 4
      vertex 19.8289 -2.61052 0
    endloop
  endfacet
  facet normal 0.999467 0.032652 0
    outer loop
      vertex 19.9756 0.744842 4
      vertex 19.9572 1.30806 0
      vertex 19.9572 1.30806 4
    endloop
  endfacet
  facet normal 0.999467 0.032652 0
    outer loop
      vertex 19.9572 1.30806 0
      vertex 19.9756 0.744842 4
      vertex 19.9756 0.744842 0
    endloop
  endfacet
  facet normal 0.995183 0.0980314 0
    outer loop
      vertex 19.9572 1.30806 4
      vertex 19.8289 2.61052 0
      vertex 19.8289 2.61052 4
    endloop
  endfacet
  facet normal 0.995183 0.0980314 0
    outer loop
      vertex 19.8289 2.61052 0
      vertex 19.9572 1.30806 4
      vertex 19.9572 1.30806 0
    endloop
  endfacet
  facet normal -0.0980314 0.995183 0
    outer loop
      vertex -1.30806 19.9572 0
      vertex -2.61052 19.8289 4
      vertex -1.30806 19.9572 4
    endloop
  endfacet
  facet normal -0.0980314 0.995183 0
    outer loop
      vertex -2.61052 19.8289 4
      vertex -1.30806 19.9572 0
      vertex -2.61052 19.8289 0
    endloop
  endfacet
  facet normal -0.162901 0.986642 0
    outer loop
      vertex -2.61052 19.8289 0
      vertex -3.90181 19.6157 4
      vertex -2.61052 19.8289 4
    endloop
  endfacet
  facet normal -0.162901 0.986642 0
    outer loop
      vertex -3.90181 19.6157 4
      vertex -2.61052 19.8289 0
      vertex -3.90181 19.6157 0
    endloop
  endfacet
  facet normal -0.290245 0.956952 0
    outer loop
      vertex -5.17638 19.3185 0
      vertex -6.26144 18.9894 4
      vertex -5.17638 19.3185 4
    endloop
  endfacet
  facet normal -0.290245 0.956952 0
    outer loop
      vertex -6.26144 18.9894 4
      vertex -5.17638 19.3185 0
      vertex -6.26144 18.9894 0
    endloop
  endfacet
  facet normal -0.0327027 -0.999465 0
    outer loop
      vertex -1.30806 -19.9572 0
      vertex 0 -20 4
      vertex -1.30806 -19.9572 4
    endloop
  endfacet
  facet normal -0.0327027 -0.999465 -0
    outer loop
      vertex 0 -20 4
      vertex -1.30806 -19.9572 0
      vertex 0 -20 0
    endloop
  endfacet
  facet normal -0.973875 -0.227085 0
    outer loop
      vertex -19.3185 -5.17638 0
      vertex -19.6157 -3.90181 4
      vertex -19.6157 -3.90181 0
    endloop
  endfacet
  facet normal -0.973875 -0.227085 0
    outer loop
      vertex -19.6157 -3.90181 4
      vertex -19.3185 -5.17638 0
      vertex -19.3185 -5.17638 4
    endloop
  endfacet
  facet normal 0.0327027 0.999465 -0
    outer loop
      vertex 1.30806 19.9572 0
      vertex 0 20 4
      vertex 1.30806 19.9572 4
    endloop
  endfacet
  facet normal 0.0327027 0.999465 0
    outer loop
      vertex 0 20 4
      vertex 1.30806 19.9572 0
      vertex 0 20 0
    endloop
  endfacet
  facet normal 0.986642 0.162901 0
    outer loop
      vertex 19.8289 2.61052 4
      vertex 19.6157 3.90181 0
      vertex 19.6157 3.90181 4
    endloop
  endfacet
  facet normal 0.986642 0.162901 0
    outer loop
      vertex 19.6157 3.90181 0
      vertex 19.8289 2.61052 4
      vertex 19.8289 2.61052 0
    endloop
  endfacet
  facet normal -0.986642 0.162901 0
    outer loop
      vertex -19.8289 2.61052 0
      vertex -19.6157 3.90181 4
      vertex -19.6157 3.90181 0
    endloop
  endfacet
  facet normal -0.986642 0.162901 0
    outer loop
      vertex -19.6157 3.90181 4
      vertex -19.8289 2.61052 0
      vertex -19.8289 2.61052 4
    endloop
  endfacet
  facet normal -0.999465 0.0327027 0
    outer loop
      vertex -20 0 0
      vertex -19.9572 1.30806 4
      vertex -19.9572 1.30806 0
    endloop
  endfacet
  facet normal -0.999465 0.0327027 0
    outer loop
      vertex -19.9572 1.30806 4
      vertex -20 0 0
      vertex -20 0 4
    endloop
  endfacet
  facet normal 0.290245 -0.956952 0
    outer loop
      vertex 5.17638 -19.3185 0
      vertex 6.26144 -18.9894 4
      vertex 5.17638 -19.3185 4
    endloop
  endfacet
  facet normal 0.290245 -0.956952 0
    outer loop
      vertex 6.26144 -18.9894 4
      vertex 5.17638 -19.3185 0
      vertex 6.26144 -18.9894 0
    endloop
  endfacet
  facet normal -0.0327027 0.999465 0
    outer loop
      vertex 0 20 0
      vertex -1.30806 19.9572 4
      vertex 0 20 4
    endloop
  endfacet
  facet normal -0.0327027 0.999465 0
    outer loop
      vertex -1.30806 19.9572 4
      vertex 0 20 0
      vertex -1.30806 19.9572 0
    endloop
  endfacet
  facet normal -0.986642 -0.162901 0
    outer loop
      vertex -19.6157 -3.90181 0
      vertex -19.8289 -2.61052 4
      vertex -19.8289 -2.61052 0
    endloop
  endfacet
  facet normal -0.986642 -0.162901 0
    outer loop
      vertex -19.8289 -2.61052 4
      vertex -19.6157 -3.90181 0
      vertex -19.6157 -3.90181 4
    endloop
  endfacet
  facet normal 0.0980314 -0.995183 0
    outer loop
      vertex 1.30806 -19.9572 0
      vertex 2.61052 -19.8289 4
      vertex 1.30806 -19.9572 4
    endloop
  endfacet
  facet normal 0.0980314 -0.995183 0
    outer loop
      vertex 2.61052 -19.8289 4
      vertex 1.30806 -19.9572 0
      vertex 2.61052 -19.8289 0
    endloop
  endfacet
  facet normal 0.973875 -0.227085 0
    outer loop
      vertex 19.3185 -5.17638 4
      vertex 19.6157 -3.90181 0
      vertex 19.6157 -3.90181 4
    endloop
  endfacet
  facet normal 0.973875 -0.227085 0
    outer loop
      vertex 19.6157 -3.90181 0
      vertex 19.3185 -5.17638 4
      vertex 19.3185 -5.17638 0
    endloop
  endfacet
  facet normal -0.0980314 -0.995183 0
    outer loop
      vertex -2.61052 -19.8289 0
      vertex -1.30806 -19.9572 4
      vertex -2.61052 -19.8289 4
    endloop
  endfacet
  facet normal -0.0980314 -0.995183 -0
    outer loop
      vertex -1.30806 -19.9572 4
      vertex -2.61052 -19.8289 0
      vertex -1.30806 -19.9572 0
    endloop
  endfacet
  facet normal 0.162901 0.986642 -0
    outer loop
      vertex 3.90181 19.6157 0
      vertex 2.61052 19.8289 4
      vertex 3.90181 19.6157 4
    endloop
  endfacet
  facet normal 0.162901 0.986642 0
    outer loop
      vertex 2.61052 19.8289 4
      vertex 3.90181 19.6157 0
      vertex 2.61052 19.8289 0
    endloop
  endfacet
  facet normal 0.227085 -0.973875 0
    outer loop
      vertex 3.90181 -19.6157 0
      vertex 5.17638 -19.3185 4
      vertex 3.90181 -19.6157 4
    endloop
  endfacet
  facet normal 0.227085 -0.973875 0
    outer loop
      vertex 5.17638 -19.3185 4
      vertex 3.90181 -19.6157 0
      vertex 5.17638 -19.3185 0
    endloop
  endfacet
  facet normal 0.290245 0.956952 -0
    outer loop
      vertex 6.26144 18.9894 0
      vertex 5.17638 19.3185 4
      vertex 6.26144 18.9894 4
    endloop
  endfacet
  facet normal 0.290245 0.956952 0
    outer loop
      vertex 5.17638 19.3185 4
      vertex 6.26144 18.9894 0
      vertex 5.17638 19.3185 0
    endloop
  endfacet
  facet normal -0.999465 -0.0327027 0
    outer loop
      vertex -19.9572 -1.30806 0
      vertex -20 0 4
      vertex -20 0 0
    endloop
  endfacet
  facet normal -0.999465 -0.0327027 0
    outer loop
      vertex -20 0 4
      vertex -19.9572 -1.30806 0
      vertex -19.9572 -1.30806 4
    endloop
  endfacet
  facet normal 0.973875 0.227085 0
    outer loop
      vertex 19.6157 3.90181 4
      vertex 19.3185 5.17638 0
      vertex 19.3185 5.17638 4
    endloop
  endfacet
  facet normal 0.973875 0.227085 0
    outer loop
      vertex 19.3185 5.17638 0
      vertex 19.6157 3.90181 4
      vertex 19.6157 3.90181 0
    endloop
  endfacet
  facet normal 0.956952 0.290245 0
    outer loop
      vertex 19.3185 5.17638 4
      vertex 18.9894 6.26144 0
      vertex 18.9894 6.26144 4
    endloop
  endfacet
  facet normal 0.956952 0.290245 0
    outer loop
      vertex 18.9894 6.26144 0
      vertex 19.3185 5.17638 4
      vertex 19.3185 5.17638 0
    endloop
  endfacet
  facet normal 0.162901 -0.986642 0
    outer loop
      vertex 2.61052 -19.8289 0
      vertex 3.90181 -19.6157 4
      vertex 2.61052 -19.8289 4
    endloop
  endfacet
  facet normal 0.162901 -0.986642 0
    outer loop
      vertex 3.90181 -19.6157 4
      vertex 2.61052 -19.8289 0
      vertex 3.90181 -19.6157 0
    endloop
  endfacet
  facet normal 0.0327027 -0.999465 0
    outer loop
      vertex 0 -20 0
      vertex 1.30806 -19.9572 4
      vertex 0 -20 4
    endloop
  endfacet
  facet normal 0.0327027 -0.999465 0
    outer loop
      vertex 1.30806 -19.9572 4
      vertex 0 -20 0
      vertex 1.30806 -19.9572 0
    endloop
  endfacet
  facet normal -0.956952 0.290245 0
    outer loop
      vertex -19.3185 5.17638 0
      vertex -18.9894 6.26144 4
      vertex -18.9894 6.26144 0
    endloop
  endfacet
  facet normal -0.956952 0.290245 0
    outer loop
      vertex -18.9894 6.26144 4
      vertex -19.3185 5.17638 0
      vertex -19.3185 5.17638 4
    endloop
  endfacet
  facet normal 0.986642 -0.162901 0
    outer loop
      vertex 19.6157 -3.90181 4
      vertex 19.8289 -2.61052 0
      vertex 19.8289 -2.61052 4
    endloop
  endfacet
  facet normal 0.986642 -0.162901 0
    outer loop
      vertex 19.8289 -2.61052 0
      vertex 19.6157 -3.90181 4
      vertex 19.6157 -3.90181 0
    endloop
  endfacet
  facet normal -0.162901 -0.986642 0
    outer loop
      vertex -3.90181 -19.6157 0
      vertex -2.61052 -19.8289 4
      vertex -3.90181 -19.6157 4
    endloop
  endfacet
  facet normal -0.162901 -0.986642 -0
    outer loop
      vertex -2.61052 -19.8289 4
      vertex -3.90181 -19.6157 0
      vertex -2.61052 -19.8289 0
    endloop
  endfacet
  facet normal -0.973875 0.227085 0
    outer loop
      vertex -19.6157 3.90181 0
      vertex -19.3185 5.17638 4
      vertex -19.3185 5.17638 0
    endloop
  endfacet
  facet normal -0.973875 0.227085 0
    outer loop
      vertex -19.3185 5.17638 4
      vertex -19.6157 3.90181 0
      vertex -19.6157 3.90181 4
    endloop
  endfacet
  facet normal -0.995183 -0.0980314 0
    outer loop
      vertex -19.8289 -2.61052 0
      vertex -19.9572 -1.30806 4
      vertex -19.9572 -1.30806 0
    endloop
  endfacet
  facet normal -0.995183 -0.0980314 0
    outer loop
      vertex -19.9572 -1.30806 4
      vertex -19.8289 -2.61052 0
      vertex -19.8289 -2.61052 4
    endloop
  endfacet
  facet normal -0.227085 -0.973875 0
    outer loop
      vertex -5.17638 -19.3185 0
      vertex -3.90181 -19.6157 4
      vertex -5.17638 -19.3185 4
    endloop
  endfacet
  facet normal -0.227085 -0.973875 -0
    outer loop
      vertex -3.90181 -19.6157 4
      vertex -5.17638 -19.3185 0
      vertex -3.90181 -19.6157 0
    endloop
  endfacet
  facet normal 0.999467 -0.032652 0
    outer loop
      vertex 19.9572 -1.30806 4
      vertex 19.9756 -0.744842 0
      vertex 19.9756 -0.744842 4
    endloop
  endfacet
  facet normal 0.999467 -0.032652 0
    outer loop
      vertex 19.9756 -0.744842 0
      vertex 19.9572 -1.30806 4
      vertex 19.9572 -1.30806 0
    endloop
  endfacet
  facet normal -0.995183 0.0980314 0
    outer loop
      vertex -19.9572 1.30806 0
      vertex -19.8289 2.61052 4
      vertex -19.8289 2.61052 0
    endloop
  endfacet
  facet normal -0.995183 0.0980314 0
    outer loop
      vertex -19.8289 2.61052 4
      vertex -19.9572 1.30806 0
      vertex -19.9572 1.30806 4
    endloop
  endfacet
  facet normal -0.227085 0.973875 0
    outer loop
      vertex -3.90181 19.6157 0
      vertex -5.17638 19.3185 4
      vertex -3.90181 19.6157 4
    endloop
  endfacet
  facet normal -0.227085 0.973875 0
    outer loop
      vertex -5.17638 19.3185 4
      vertex -3.90181 19.6157 0
      vertex -5.17638 19.3185 0
    endloop
  endfacet
  facet normal 0.0980314 0.995183 -0
    outer loop
      vertex 2.61052 19.8289 0
      vertex 1.30806 19.9572 4
      vertex 2.61052 19.8289 4
    endloop
  endfacet
  facet normal 0.0980314 0.995183 0
    outer loop
      vertex 1.30806 19.9572 4
      vertex 2.61052 19.8289 0
      vertex 1.30806 19.9572 0
    endloop
  endfacet
  facet normal 0.956952 -0.290245 0
    outer loop
      vertex 18.9894 -6.26144 4
      vertex 19.3185 -5.17638 0
      vertex 19.3185 -5.17638 4
    endloop
  endfacet
  facet normal 0.956952 -0.290245 0
    outer loop
      vertex 19.3185 -5.17638 0
      vertex 18.9894 -6.26144 4
      vertex 18.9894 -6.26144 0
    endloop
  endfacet
  facet normal 0.227085 0.973875 -0
    outer loop
      vertex 5.17638 19.3185 0
      vertex 3.90181 19.6157 4
      vertex 5.17638 19.3185 4
    endloop
  endfacet
  facet normal 0.227085 0.973875 0
    outer loop
      vertex 3.90181 19.6157 4
      vertex 5.17638 19.3185 0
      vertex 3.90181 19.6157 0
    endloop
  endfacet
  facet normal -0.290245 -0.956952 0
    outer loop
      vertex -6.26144 -18.9894 0
      vertex -5.17638 -19.3185 4
      vertex -6.26144 -18.9894 4
    endloop
  endfacet
  facet normal -0.290245 -0.956952 -0
    outer loop
      vertex -5.17638 -19.3185 4
      vertex -6.26144 -18.9894 0
      vertex -5.17638 -19.3185 0
    endloop
  endfacet
  facet normal -0.956952 -0.290245 0
    outer loop
      vertex -18.9894 -6.26144 0
      vertex -19.3185 -5.17638 4
      vertex -19.3185 -5.17638 0
    endloop
  endfacet
  facet normal -0.956952 -0.290245 0
    outer loop
      vertex -19.3185 -5.17638 4
      vertex -18.9894 -6.26144 0
      vertex -18.9894 -6.26144 4
    endloop
  endfacet
  facet normal -0.999466 0.0326895 0
    outer loop
      vertex -6.95246 -0.0752134 0
      vertex -6.95 0 4
      vertex -6.95 0 0
    endloop
  endfacet
  facet normal -0.999466 0.0326895 0
    outer loop
      vertex -6.95 0 4
      vertex -6.95246 -0.0752134 0
      vertex -6.95246 -0.0752134 4
    endloop
  endfacet
  facet normal -0.99518 -0.0980674 0
    outer loop
      vertex -6.95246 0.0752134 0
      vertex -6.95984 0.150105 4
      vertex -6.95984 0.150105 0
    endloop
  endfacet
  facet normal -0.99518 -0.0980674 0
    outer loop
      vertex -6.95984 0.150105 4
      vertex -6.95246 0.0752134 0
      vertex -6.95246 0.0752134 4
    endloop
  endfacet
  facet normal -0.999466 -0.0326895 0
    outer loop
      vertex -6.95 0 0
      vertex -6.95246 0.0752134 4
      vertex -6.95246 0.0752134 0
    endloop
  endfacet
  facet normal -0.999466 -0.0326895 0
    outer loop
      vertex -6.95246 0.0752134 4
      vertex -6.95 0 0
      vertex -6.95 0 4
    endloop
  endfacet
  facet normal 0.47135 -0.881946 0
    outer loop
      vertex -8.675 0.995929 0
      vertex -8.60863 1.0314 4
      vertex -8.675 0.995929 4
    endloop
  endfacet
  facet normal 0.47135 -0.881946 0
    outer loop
      vertex -8.60863 1.0314 4
      vertex -8.675 0.995929 0
      vertex -8.60863 1.0314 0
    endloop
  endfacet
  facet normal 0.973872 0.227097 0
    outer loop
      vertex -9.21081 -0.297642 4
      vertex -9.2279 -0.224354 0
      vertex -9.2279 -0.224354 4
    endloop
  endfacet
  facet normal 0.973872 0.227097 0
    outer loop
      vertex -9.2279 -0.224354 0
      vertex -9.21081 -0.297642 4
      vertex -9.21081 -0.297642 0
    endloop
  endfacet
  facet normal 0.227091 0.973874 -0
    outer loop
      vertex -8.32435 -1.1279 0
      vertex -8.39764 -1.11081 4
      vertex -8.32435 -1.1279 4
    endloop
  endfacet
  facet normal 0.227091 0.973874 0
    outer loop
      vertex -8.39764 -1.11081 4
      vertex -8.32435 -1.1279 0
      vertex -8.39764 -1.11081 0
    endloop
  endfacet
  facet normal -0.773014 -0.634389 0
    outer loop
      vertex -7.18764 0.700075 0
      vertex -7.23538 0.758247 4
      vertex -7.23538 0.758247 0
    endloop
  endfacet
  facet normal -0.773014 -0.634389 0
    outer loop
      vertex -7.23538 0.758247 4
      vertex -7.18764 0.700075 0
      vertex -7.18764 0.700075 4
    endloop
  endfacet
  facet normal 0.582417 0.812891 -0
    outer loop
      vertex -8.7389 -0.956189 0
      vertex -8.80008 -0.912355 4
      vertex -8.7389 -0.956189 4
    endloop
  endfacet
  facet normal 0.582417 0.812891 0
    outer loop
      vertex -8.80008 -0.912355 4
      vertex -8.7389 -0.956189 0
      vertex -8.80008 -0.912355 0
    endloop
  endfacet
  facet normal -0.290199 -0.956966 0
    outer loop
      vertex -7.80236 1.11081 0
      vertex -7.73034 1.08897 4
      vertex -7.80236 1.11081 4
    endloop
  endfacet
  facet normal -0.290199 -0.956966 -0
    outer loop
      vertex -7.73034 1.08897 4
      vertex -7.80236 1.11081 0
      vertex -7.73034 1.08897 0
    endloop
  endfacet
  facet normal -0.683626 0.729832 0
    outer loop
      vertex -7.28683 -0.813172 0
      vertex -7.34175 -0.864615 4
      vertex -7.28683 -0.813172 4
    endloop
  endfacet
  facet normal -0.683626 0.729832 0
    outer loop
      vertex -7.34175 -0.864615 4
      vertex -7.28683 -0.813172 0
      vertex -7.34175 -0.864615 0
    endloop
  endfacet
  facet normal 0.910855 -0.412726 0
    outer loop
      vertex -9.16246 0.440085 4
      vertex -9.1314 0.508632 0
      vertex -9.1314 0.508632 4
    endloop
  endfacet
  facet normal 0.910855 -0.412726 0
    outer loop
      vertex -9.1314 0.508632 0
      vertex -9.16246 0.440085 4
      vertex -9.16246 0.440085 0
    endloop
  endfacet
  facet normal -0.0980565 0.995181 0
    outer loop
      vertex -7.94989 -1.14016 0
      vertex -8.02479 -1.14754 4
      vertex -7.94989 -1.14016 4
    endloop
  endfacet
  facet normal -0.0980565 0.995181 0
    outer loop
      vertex -8.02479 -1.14754 4
      vertex -7.94989 -1.14016 0
      vertex -8.02479 -1.14754 0
    endloop
  endfacet
  facet normal -0.162933 0.986637 0
    outer loop
      vertex -7.87565 -1.1279 0
      vertex -7.94989 -1.14016 4
      vertex -7.87565 -1.1279 4
    endloop
  endfacet
  facet normal -0.162933 0.986637 0
    outer loop
      vertex -7.94989 -1.14016 4
      vertex -7.87565 -1.1279 0
      vertex -7.94989 -1.14016 0
    endloop
  endfacet
  facet normal 0.227091 -0.973874 0
    outer loop
      vertex -8.39764 1.11081 0
      vertex -8.32435 1.1279 4
      vertex -8.39764 1.11081 4
    endloop
  endfacet
  facet normal 0.227091 -0.973874 0
    outer loop
      vertex -8.32435 1.1279 4
      vertex -8.39764 1.11081 0
      vertex -8.32435 1.1279 0
    endloop
  endfacet
  facet normal -0.352274 0.935897 0
    outer loop
      vertex -7.65991 -1.06246 0
      vertex -7.73034 -1.08897 4
      vertex -7.65991 -1.06246 4
    endloop
  endfacet
  facet normal -0.352274 0.935897 0
    outer loop
      vertex -7.73034 -1.08897 4
      vertex -7.65991 -1.06246 0
      vertex -7.73034 -1.08897 0
    endloop
  endfacet
  facet normal 0.582417 -0.812891 0
    outer loop
      vertex -8.80008 0.912355 0
      vertex -8.7389 0.956189 4
      vertex -8.80008 0.912355 4
    endloop
  endfacet
  facet normal 0.582417 -0.812891 0
    outer loop
      vertex -8.7389 0.956189 4
      vertex -8.80008 0.912355 0
      vertex -8.7389 0.956189 0
    endloop
  endfacet
  facet normal -0.729817 0.683643 0
    outer loop
      vertex -7.28683 -0.813172 0
      vertex -7.23538 -0.758247 4
      vertex -7.23538 -0.758247 0
    endloop
  endfacet
  facet normal -0.729817 0.683643 0
    outer loop
      vertex -7.23538 -0.758247 4
      vertex -7.28683 -0.813172 0
      vertex -7.28683 -0.813172 4
    endloop
  endfacet
  facet normal -0.812866 0.582451 0
    outer loop
      vertex -7.18764 -0.700075 0
      vertex -7.14381 -0.638906 4
      vertex -7.14381 -0.638906 0
    endloop
  endfacet
  facet normal -0.812866 0.582451 0
    outer loop
      vertex -7.14381 -0.638906 4
      vertex -7.18764 -0.700075 0
      vertex -7.18764 -0.700075 4
    endloop
  endfacet
  facet normal -0.98664 0.162914 0
    outer loop
      vertex -6.9721 -0.224354 0
      vertex -6.95984 -0.150105 4
      vertex -6.95984 -0.150105 0
    endloop
  endfacet
  facet normal -0.98664 0.162914 0
    outer loop
      vertex -6.95984 -0.150105 4
      vertex -6.9721 -0.224354 0
      vertex -6.9721 -0.224354 4
    endloop
  endfacet
  facet normal -0.849198 -0.528075 0
    outer loop
      vertex -7.10407 0.575 0
      vertex -7.14381 0.638906 4
      vertex -7.14381 0.638906 0
    endloop
  endfacet
  facet normal -0.849198 -0.528075 0
    outer loop
      vertex -7.14381 0.638906 4
      vertex -7.10407 0.575 0
      vertex -7.10407 0.575 4
    endloop
  endfacet
  facet normal 0.412761 0.910839 -0
    outer loop
      vertex -8.54009 -1.06246 0
      vertex -8.60863 -1.0314 4
      vertex -8.54009 -1.06246 4
    endloop
  endfacet
  facet normal 0.412761 0.910839 0
    outer loop
      vertex -8.60863 -1.0314 4
      vertex -8.54009 -1.06246 0
      vertex -8.60863 -1.0314 0
    endloop
  endfacet
  facet normal 0.812866 -0.582451 0
    outer loop
      vertex -9.05619 0.638906 4
      vertex -9.01236 0.700075 0
      vertex -9.01236 0.700075 4
    endloop
  endfacet
  facet normal 0.812866 -0.582451 0
    outer loop
      vertex -9.01236 0.700075 0
      vertex -9.05619 0.638906 4
      vertex -9.05619 0.638906 0
    endloop
  endfacet
  facet normal 0.935897 0.352274 0
    outer loop
      vertex -9.16246 -0.440085 4
      vertex -9.18897 -0.369655 0
      vertex -9.18897 -0.369655 4
    endloop
  endfacet
  facet normal 0.935897 0.352274 0
    outer loop
      vertex -9.18897 -0.369655 0
      vertex -9.16246 -0.440085 4
      vertex -9.16246 -0.440085 0
    endloop
  endfacet
  facet normal -0.528051 -0.849213 0
    outer loop
      vertex -7.525 0.995929 0
      vertex -7.46109 0.956189 4
      vertex -7.525 0.995929 4
    endloop
  endfacet
  facet normal -0.528051 -0.849213 -0
    outer loop
      vertex -7.46109 0.956189 4
      vertex -7.525 0.995929 0
      vertex -7.46109 0.956189 0
    endloop
  endfacet
  facet normal 0.634402 0.773003 -0
    outer loop
      vertex -8.80008 -0.912355 0
      vertex -8.85825 -0.864615 4
      vertex -8.80008 -0.912355 4
    endloop
  endfacet
  facet normal 0.634402 0.773003 0
    outer loop
      vertex -8.85825 -0.864615 4
      vertex -8.80008 -0.912355 0
      vertex -8.85825 -0.864615 0
    endloop
  endfacet
  facet normal 0.352274 -0.935897 0
    outer loop
      vertex -8.54009 1.06246 0
      vertex -8.46966 1.08897 4
      vertex -8.54009 1.06246 4
    endloop
  endfacet
  facet normal 0.352274 -0.935897 0
    outer loop
      vertex -8.46966 1.08897 4
      vertex -8.54009 1.06246 0
      vertex -8.46966 1.08897 0
    endloop
  endfacet
  facet normal 0.973872 -0.227097 0
    outer loop
      vertex -9.2279 0.224354 4
      vertex -9.21081 0.297642 0
      vertex -9.21081 0.297642 4
    endloop
  endfacet
  facet normal 0.973872 -0.227097 0
    outer loop
      vertex -9.21081 0.297642 0
      vertex -9.2279 0.224354 4
      vertex -9.2279 0.224354 0
    endloop
  endfacet
  facet normal -0.634402 -0.773003 0
    outer loop
      vertex -7.39992 0.912355 0
      vertex -7.34175 0.864615 4
      vertex -7.39992 0.912355 4
    endloop
  endfacet
  facet normal -0.634402 -0.773003 -0
    outer loop
      vertex -7.34175 0.864615 4
      vertex -7.39992 0.912355 0
      vertex -7.34175 0.864615 0
    endloop
  endfacet
  facet normal -0.582479 -0.812845 0
    outer loop
      vertex -7.46109 0.956189 0
      vertex -7.39992 0.912355 4
      vertex -7.46109 0.956189 4
    endloop
  endfacet
  facet normal -0.582479 -0.812845 -0
    outer loop
      vertex -7.39992 0.912355 4
      vertex -7.46109 0.956189 0
      vertex -7.39992 0.912355 0
    endloop
  endfacet
  facet normal -0.956922 -0.290347 0
    outer loop
      vertex -6.98918 0.297642 0
      vertex -7.01103 0.369655 4
      vertex -7.01103 0.369655 0
    endloop
  endfacet
  facet normal -0.956922 -0.290347 0
    outer loop
      vertex -7.01103 0.369655 4
      vertex -6.98918 0.297642 0
      vertex -6.98918 0.297642 4
    endloop
  endfacet
  facet normal 0.52811 -0.849176 0
    outer loop
      vertex -8.7389 0.956189 0
      vertex -8.675 0.995929 4
      vertex -8.7389 0.956189 4
    endloop
  endfacet
  facet normal 0.52811 -0.849176 0
    outer loop
      vertex -8.675 0.995929 4
      vertex -8.7389 0.956189 0
      vertex -8.675 0.995929 0
    endloop
  endfacet
  facet normal 0.162912 0.986641 -0
    outer loop
      vertex -8.2501 -1.14016 0
      vertex -8.32435 -1.1279 4
      vertex -8.2501 -1.14016 4
    endloop
  endfacet
  facet normal 0.162912 0.986641 0
    outer loop
      vertex -8.32435 -1.1279 4
      vertex -8.2501 -1.14016 0
      vertex -8.32435 -1.1279 0
    endloop
  endfacet
  facet normal -0.910855 -0.412726 0
    outer loop
      vertex -7.03754 0.440085 0
      vertex -7.0686 0.508632 4
      vertex -7.0686 0.508632 0
    endloop
  endfacet
  facet normal -0.910855 -0.412726 0
    outer loop
      vertex -7.0686 0.508632 4
      vertex -7.03754 0.440085 0
      vertex -7.03754 0.440085 4
    endloop
  endfacet
  facet normal 0.849198 0.528075 0
    outer loop
      vertex -9.05619 -0.638906 4
      vertex -9.09593 -0.575 0
      vertex -9.09593 -0.575 4
    endloop
  endfacet
  facet normal 0.849198 0.528075 0
    outer loop
      vertex -9.09593 -0.575 0
      vertex -9.05619 -0.638906 4
      vertex -9.05619 -0.638906 0
    endloop
  endfacet
  facet normal -0.47135 0.881946 0
    outer loop
      vertex -7.525 -0.995929 0
      vertex -7.59137 -1.0314 4
      vertex -7.525 -0.995929 4
    endloop
  endfacet
  facet normal -0.47135 0.881946 0
    outer loop
      vertex -7.59137 -1.0314 4
      vertex -7.525 -0.995929 0
      vertex -7.59137 -1.0314 0
    endloop
  endfacet
  facet normal 0.0980695 -0.99518 0
    outer loop
      vertex -8.2501 1.14016 0
      vertex -8.17521 1.14754 4
      vertex -8.2501 1.14016 4
    endloop
  endfacet
  facet normal 0.0980695 -0.99518 0
    outer loop
      vertex -8.17521 1.14754 4
      vertex -8.2501 1.14016 0
      vertex -8.17521 1.14754 0
    endloop
  endfacet
  facet normal 0.47135 0.881946 -0
    outer loop
      vertex -8.60863 -1.0314 0
      vertex -8.675 -0.995929 4
      vertex -8.60863 -1.0314 4
    endloop
  endfacet
  facet normal 0.47135 0.881946 0
    outer loop
      vertex -8.675 -0.995929 4
      vertex -8.60863 -1.0314 0
      vertex -8.675 -0.995929 0
    endloop
  endfacet
  facet normal -0.956922 0.290347 0
    outer loop
      vertex -7.01103 -0.369655 0
      vertex -6.98918 -0.297642 4
      vertex -6.98918 -0.297642 0
    endloop
  endfacet
  facet normal -0.956922 0.290347 0
    outer loop
      vertex -6.98918 -0.297642 4
      vertex -7.01103 -0.369655 0
      vertex -7.01103 -0.369655 4
    endloop
  endfacet
  facet normal 0.956958 -0.290225 0
    outer loop
      vertex -9.21081 0.297642 4
      vertex -9.18897 0.369655 0
      vertex -9.18897 0.369655 4
    endloop
  endfacet
  facet normal 0.956958 -0.290225 0
    outer loop
      vertex -9.18897 0.369655 0
      vertex -9.21081 0.297642 4
      vertex -9.21081 0.297642 0
    endloop
  endfacet
  facet normal -0.99518 0.0980674 0
    outer loop
      vertex -6.95984 -0.150105 0
      vertex -6.95246 -0.0752134 4
      vertex -6.95246 -0.0752134 0
    endloop
  endfacet
  facet normal -0.99518 0.0980674 0
    outer loop
      vertex -6.95246 -0.0752134 4
      vertex -6.95984 -0.150105 0
      vertex -6.95984 -0.150105 4
    endloop
  endfacet
  facet normal 0.412761 -0.910839 0
    outer loop
      vertex -8.60863 1.0314 0
      vertex -8.54009 1.06246 4
      vertex -8.60863 1.0314 4
    endloop
  endfacet
  facet normal 0.412761 -0.910839 0
    outer loop
      vertex -8.54009 1.06246 4
      vertex -8.60863 1.0314 0
      vertex -8.54009 1.06246 0
    endloop
  endfacet
  facet normal -0.849198 0.528075 0
    outer loop
      vertex -7.14381 -0.638906 0
      vertex -7.10407 -0.575 4
      vertex -7.10407 -0.575 0
    endloop
  endfacet
  facet normal -0.849198 0.528075 0
    outer loop
      vertex -7.10407 -0.575 4
      vertex -7.14381 -0.638906 0
      vertex -7.14381 -0.638906 4
    endloop
  endfacet
  facet normal 0.99518 -0.0980674 0
    outer loop
      vertex -9.24754 0.0752134 4
      vertex -9.24016 0.150105 0
      vertex -9.24016 0.150105 4
    endloop
  endfacet
  facet normal 0.99518 -0.0980674 0
    outer loop
      vertex -9.24016 0.150105 0
      vertex -9.24754 0.0752134 4
      vertex -9.24754 0.0752134 0
    endloop
  endfacet
  facet normal -0.973902 0.226971 0
    outer loop
      vertex -6.98918 -0.297642 0
      vertex -6.9721 -0.224354 4
      vertex -6.9721 -0.224354 0
    endloop
  endfacet
  facet normal -0.973902 0.226971 0
    outer loop
      vertex -6.9721 -0.224354 4
      vertex -6.98918 -0.297642 0
      vertex -6.98918 -0.297642 4
    endloop
  endfacet
  facet normal -0.47135 -0.881946 0
    outer loop
      vertex -7.59137 1.0314 0
      vertex -7.525 0.995929 4
      vertex -7.59137 1.0314 4
    endloop
  endfacet
  facet normal -0.47135 -0.881946 -0
    outer loop
      vertex -7.525 0.995929 4
      vertex -7.59137 1.0314 0
      vertex -7.525 0.995929 0
    endloop
  endfacet
  facet normal -0.812866 -0.582451 0
    outer loop
      vertex -7.14381 0.638906 0
      vertex -7.18764 0.700075 4
      vertex -7.18764 0.700075 0
    endloop
  endfacet
  facet normal -0.812866 -0.582451 0
    outer loop
      vertex -7.18764 0.700075 4
      vertex -7.14381 0.638906 0
      vertex -7.14381 0.638906 4
    endloop
  endfacet
  facet normal 0.290199 -0.956966 0
    outer loop
      vertex -8.46966 1.08897 0
      vertex -8.39764 1.11081 4
      vertex -8.46966 1.08897 4
    endloop
  endfacet
  facet normal 0.290199 -0.956966 0
    outer loop
      vertex -8.39764 1.11081 4
      vertex -8.46966 1.08897 0
      vertex -8.39764 1.11081 0
    endloop
  endfacet
  facet normal -0.683626 -0.729832 0
    outer loop
      vertex -7.34175 0.864615 0
      vertex -7.28683 0.813172 4
      vertex -7.34175 0.864615 4
    endloop
  endfacet
  facet normal -0.683626 -0.729832 -0
    outer loop
      vertex -7.28683 0.813172 4
      vertex -7.34175 0.864615 0
      vertex -7.28683 0.813172 0
    endloop
  endfacet
  facet normal 0.729883 -0.683572 0
    outer loop
      vertex -8.96461 0.758247 4
      vertex -8.91317 0.813172 0
      vertex -8.91317 0.813172 4
    endloop
  endfacet
  facet normal 0.729883 -0.683572 0
    outer loop
      vertex -8.91317 0.813172 0
      vertex -8.96461 0.758247 4
      vertex -8.96461 0.758247 0
    endloop
  endfacet
  facet normal -0.910855 0.412726 0
    outer loop
      vertex -7.0686 -0.508632 0
      vertex -7.03754 -0.440085 4
      vertex -7.03754 -0.440085 0
    endloop
  endfacet
  facet normal -0.910855 0.412726 0
    outer loop
      vertex -7.03754 -0.440085 4
      vertex -7.0686 -0.508632 0
      vertex -7.0686 -0.508632 4
    endloop
  endfacet
  facet normal -0.935897 0.352274 0
    outer loop
      vertex -7.03754 -0.440085 0
      vertex -7.01103 -0.369655 4
      vertex -7.01103 -0.369655 0
    endloop
  endfacet
  facet normal -0.935897 0.352274 0
    outer loop
      vertex -7.01103 -0.369655 4
      vertex -7.03754 -0.440085 0
      vertex -7.03754 -0.440085 4
    endloop
  endfacet
  facet normal -0.412761 -0.910839 0
    outer loop
      vertex -7.65991 1.06246 0
      vertex -7.59137 1.0314 4
      vertex -7.65991 1.06246 4
    endloop
  endfacet
  facet normal -0.412761 -0.910839 -0
    outer loop
      vertex -7.59137 1.0314 4
      vertex -7.65991 1.06246 0
      vertex -7.59137 1.0314 0
    endloop
  endfacet
  facet normal -0.773014 0.634389 0
    outer loop
      vertex -7.23538 -0.758247 0
      vertex -7.18764 -0.700075 4
      vertex -7.18764 -0.700075 0
    endloop
  endfacet
  facet normal -0.773014 0.634389 0
    outer loop
      vertex -7.18764 -0.700075 4
      vertex -7.23538 -0.758247 0
      vertex -7.23538 -0.758247 4
    endloop
  endfacet
  facet normal 0.0326909 0.999466 -0
    outer loop
      vertex -8.1 -1.15 0
      vertex -8.17521 -1.14754 4
      vertex -8.1 -1.15 4
    endloop
  endfacet
  facet normal 0.0326909 0.999466 0
    outer loop
      vertex -8.17521 -1.14754 4
      vertex -8.1 -1.15 0
      vertex -8.17521 -1.14754 0
    endloop
  endfacet
  facet normal 0.812866 0.582451 0
    outer loop
      vertex -9.01236 -0.700075 4
      vertex -9.05619 -0.638906 0
      vertex -9.05619 -0.638906 4
    endloop
  endfacet
  facet normal 0.812866 0.582451 0
    outer loop
      vertex -9.05619 -0.638906 0
      vertex -9.01236 -0.700075 4
      vertex -9.01236 -0.700075 0
    endloop
  endfacet
  facet normal -0.412761 0.910839 0
    outer loop
      vertex -7.59137 -1.0314 0
      vertex -7.65991 -1.06246 4
      vertex -7.59137 -1.0314 4
    endloop
  endfacet
  facet normal -0.412761 0.910839 0
    outer loop
      vertex -7.65991 -1.06246 4
      vertex -7.59137 -1.0314 0
      vertex -7.65991 -1.06246 0
    endloop
  endfacet
  facet normal 0.935897 -0.352274 0
    outer loop
      vertex -9.18897 0.369655 4
      vertex -9.16246 0.440085 0
      vertex -9.16246 0.440085 4
    endloop
  endfacet
  facet normal 0.935897 -0.352274 0
    outer loop
      vertex -9.16246 0.440085 0
      vertex -9.18897 0.369655 4
      vertex -9.18897 0.369655 0
    endloop
  endfacet
  facet normal -0.0326909 0.999466 0
    outer loop
      vertex -8.02479 -1.14754 0
      vertex -8.1 -1.15 4
      vertex -8.02479 -1.14754 4
    endloop
  endfacet
  facet normal -0.0326909 0.999466 0
    outer loop
      vertex -8.1 -1.15 4
      vertex -8.02479 -1.14754 0
      vertex -8.1 -1.15 0
    endloop
  endfacet
  facet normal -0.0980565 -0.995181 0
    outer loop
      vertex -8.02479 1.14754 0
      vertex -7.94989 1.14016 4
      vertex -8.02479 1.14754 4
    endloop
  endfacet
  facet normal -0.0980565 -0.995181 -0
    outer loop
      vertex -7.94989 1.14016 4
      vertex -8.02479 1.14754 0
      vertex -7.94989 1.14016 0
    endloop
  endfacet
  facet normal -0.0326909 -0.999466 0
    outer loop
      vertex -8.1 1.15 0
      vertex -8.02479 1.14754 4
      vertex -8.1 1.15 4
    endloop
  endfacet
  facet normal -0.0326909 -0.999466 -0
    outer loop
      vertex -8.02479 1.14754 4
      vertex -8.1 1.15 0
      vertex -8.02479 1.14754 0
    endloop
  endfacet
  facet normal 0.999466 0.0326895 0
    outer loop
      vertex -9.24754 -0.0752134 4
      vertex -9.25 0 0
      vertex -9.25 0 4
    endloop
  endfacet
  facet normal 0.999466 0.0326895 0
    outer loop
      vertex -9.25 0 0
      vertex -9.24754 -0.0752134 4
      vertex -9.24754 -0.0752134 0
    endloop
  endfacet
  facet normal 0.162912 -0.986641 0
    outer loop
      vertex -8.32435 1.1279 0
      vertex -8.2501 1.14016 4
      vertex -8.32435 1.1279 4
    endloop
  endfacet
  facet normal 0.162912 -0.986641 0
    outer loop
      vertex -8.2501 1.14016 4
      vertex -8.32435 1.1279 0
      vertex -8.2501 1.14016 0
    endloop
  endfacet
  facet normal 0.683626 0.729832 -0
    outer loop
      vertex -8.85825 -0.864615 0
      vertex -8.91317 -0.813172 4
      vertex -8.85825 -0.864615 4
    endloop
  endfacet
  facet normal 0.683626 0.729832 0
    outer loop
      vertex -8.91317 -0.813172 4
      vertex -8.85825 -0.864615 0
      vertex -8.91317 -0.813172 0
    endloop
  endfacet
  facet normal 0.634402 -0.773003 0
    outer loop
      vertex -8.85825 0.864615 0
      vertex -8.80008 0.912355 4
      vertex -8.85825 0.864615 4
    endloop
  endfacet
  facet normal 0.634402 -0.773003 0
    outer loop
      vertex -8.80008 0.912355 4
      vertex -8.85825 0.864615 0
      vertex -8.80008 0.912355 0
    endloop
  endfacet
  facet normal 0.729883 0.683572 0
    outer loop
      vertex -8.91317 -0.813172 4
      vertex -8.96461 -0.758247 0
      vertex -8.96461 -0.758247 4
    endloop
  endfacet
  facet normal 0.729883 0.683572 0
    outer loop
      vertex -8.96461 -0.758247 0
      vertex -8.91317 -0.813172 4
      vertex -8.91317 -0.813172 0
    endloop
  endfacet
  facet normal 0.683626 -0.729832 0
    outer loop
      vertex -8.91317 0.813172 0
      vertex -8.85825 0.864615 4
      vertex -8.91317 0.813172 4
    endloop
  endfacet
  facet normal 0.683626 -0.729832 0
    outer loop
      vertex -8.85825 0.864615 4
      vertex -8.91317 0.813172 0
      vertex -8.85825 0.864615 0
    endloop
  endfacet
  facet normal 0.98664 0.162914 0
    outer loop
      vertex -9.2279 -0.224354 4
      vertex -9.24016 -0.150105 0
      vertex -9.24016 -0.150105 4
    endloop
  endfacet
  facet normal 0.98664 0.162914 0
    outer loop
      vertex -9.24016 -0.150105 0
      vertex -9.2279 -0.224354 4
      vertex -9.2279 -0.224354 0
    endloop
  endfacet
  facet normal 0.99518 0.0980674 0
    outer loop
      vertex -9.24016 -0.150105 4
      vertex -9.24754 -0.0752134 0
      vertex -9.24754 -0.0752134 4
    endloop
  endfacet
  facet normal 0.99518 0.0980674 0
    outer loop
      vertex -9.24754 -0.0752134 0
      vertex -9.24016 -0.150105 4
      vertex -9.24016 -0.150105 0
    endloop
  endfacet
  facet normal -0.881946 0.471351 0
    outer loop
      vertex -7.10407 -0.575 0
      vertex -7.0686 -0.508632 4
      vertex -7.0686 -0.508632 0
    endloop
  endfacet
  facet normal -0.881946 0.471351 0
    outer loop
      vertex -7.0686 -0.508632 4
      vertex -7.10407 -0.575 0
      vertex -7.10407 -0.575 4
    endloop
  endfacet
  facet normal -0.881946 -0.471351 0
    outer loop
      vertex -7.0686 0.508632 0
      vertex -7.10407 0.575 4
      vertex -7.10407 0.575 0
    endloop
  endfacet
  facet normal -0.881946 -0.471351 0
    outer loop
      vertex -7.10407 0.575 4
      vertex -7.0686 0.508632 0
      vertex -7.0686 0.508632 4
    endloop
  endfacet
  facet normal -0.290199 0.956966 0
    outer loop
      vertex -7.73034 -1.08897 0
      vertex -7.80236 -1.11081 4
      vertex -7.73034 -1.08897 4
    endloop
  endfacet
  facet normal -0.290199 0.956966 0
    outer loop
      vertex -7.80236 -1.11081 4
      vertex -7.73034 -1.08897 0
      vertex -7.80236 -1.11081 0
    endloop
  endfacet
  facet normal 0.881946 0.471351 0
    outer loop
      vertex -9.09593 -0.575 4
      vertex -9.1314 -0.508632 0
      vertex -9.1314 -0.508632 4
    endloop
  endfacet
  facet normal 0.881946 0.471351 0
    outer loop
      vertex -9.1314 -0.508632 0
      vertex -9.09593 -0.575 4
      vertex -9.09593 -0.575 0
    endloop
  endfacet
  facet normal -0.227091 -0.973874 0
    outer loop
      vertex -7.87565 1.1279 0
      vertex -7.80236 1.11081 4
      vertex -7.87565 1.1279 4
    endloop
  endfacet
  facet normal -0.227091 -0.973874 -0
    outer loop
      vertex -7.80236 1.11081 4
      vertex -7.87565 1.1279 0
      vertex -7.80236 1.11081 0
    endloop
  endfacet
  facet normal -0.729817 -0.683643 0
    outer loop
      vertex -7.23538 0.758247 0
      vertex -7.28683 0.813172 4
      vertex -7.28683 0.813172 0
    endloop
  endfacet
  facet normal -0.729817 -0.683643 0
    outer loop
      vertex -7.28683 0.813172 4
      vertex -7.23538 0.758247 0
      vertex -7.23538 0.758247 4
    endloop
  endfacet
  facet normal 0.0980695 0.99518 -0
    outer loop
      vertex -8.17521 -1.14754 0
      vertex -8.2501 -1.14016 4
      vertex -8.17521 -1.14754 4
    endloop
  endfacet
  facet normal 0.0980695 0.99518 0
    outer loop
      vertex -8.2501 -1.14016 4
      vertex -8.17521 -1.14754 0
      vertex -8.2501 -1.14016 0
    endloop
  endfacet
  facet normal -0.973902 -0.226971 0
    outer loop
      vertex -6.9721 0.224354 0
      vertex -6.98918 0.297642 4
      vertex -6.98918 0.297642 0
    endloop
  endfacet
  facet normal -0.973902 -0.226971 0
    outer loop
      vertex -6.98918 0.297642 4
      vertex -6.9721 0.224354 0
      vertex -6.9721 0.224354 4
    endloop
  endfacet
  facet normal 0.352274 0.935897 -0
    outer loop
      vertex -8.46966 -1.08897 0
      vertex -8.54009 -1.06246 4
      vertex -8.46966 -1.08897 4
    endloop
  endfacet
  facet normal 0.352274 0.935897 0
    outer loop
      vertex -8.54009 -1.06246 4
      vertex -8.46966 -1.08897 0
      vertex -8.54009 -1.06246 0
    endloop
  endfacet
  facet normal -0.935897 -0.352274 0
    outer loop
      vertex -7.01103 0.369655 0
      vertex -7.03754 0.440085 4
      vertex -7.03754 0.440085 0
    endloop
  endfacet
  facet normal -0.935897 -0.352274 0
    outer loop
      vertex -7.03754 0.440085 4
      vertex -7.01103 0.369655 0
      vertex -7.01103 0.369655 4
    endloop
  endfacet
  facet normal -0.98664 -0.162914 0
    outer loop
      vertex -6.95984 0.150105 0
      vertex -6.9721 0.224354 4
      vertex -6.9721 0.224354 0
    endloop
  endfacet
  facet normal -0.98664 -0.162914 0
    outer loop
      vertex -6.9721 0.224354 4
      vertex -6.95984 0.150105 0
      vertex -6.95984 0.150105 4
    endloop
  endfacet
  facet normal -0.352274 -0.935897 0
    outer loop
      vertex -7.73034 1.08897 0
      vertex -7.65991 1.06246 4
      vertex -7.73034 1.08897 4
    endloop
  endfacet
  facet normal -0.352274 -0.935897 -0
    outer loop
      vertex -7.65991 1.06246 4
      vertex -7.73034 1.08897 0
      vertex -7.65991 1.06246 0
    endloop
  endfacet
  facet normal 0.290199 0.956966 -0
    outer loop
      vertex -8.39764 -1.11081 0
      vertex -8.46966 -1.08897 4
      vertex -8.39764 -1.11081 4
    endloop
  endfacet
  facet normal 0.290199 0.956966 0
    outer loop
      vertex -8.46966 -1.08897 4
      vertex -8.39764 -1.11081 0
      vertex -8.46966 -1.08897 0
    endloop
  endfacet
  facet normal -0.227091 0.973874 0
    outer loop
      vertex -7.80236 -1.11081 0
      vertex -7.87565 -1.1279 4
      vertex -7.80236 -1.11081 4
    endloop
  endfacet
  facet normal -0.227091 0.973874 0
    outer loop
      vertex -7.87565 -1.1279 4
      vertex -7.80236 -1.11081 0
      vertex -7.87565 -1.1279 0
    endloop
  endfacet
  facet normal 0.999466 -0.0326895 0
    outer loop
      vertex -9.25 0 4
      vertex -9.24754 0.0752134 0
      vertex -9.24754 0.0752134 4
    endloop
  endfacet
  facet normal 0.999466 -0.0326895 0
    outer loop
      vertex -9.24754 0.0752134 0
      vertex -9.25 0 4
      vertex -9.25 0 0
    endloop
  endfacet
  facet normal 0.956958 0.290225 0
    outer loop
      vertex -9.18897 -0.369655 4
      vertex -9.21081 -0.297642 0
      vertex -9.21081 -0.297642 4
    endloop
  endfacet
  facet normal 0.956958 0.290225 0
    outer loop
      vertex -9.21081 -0.297642 0
      vertex -9.18897 -0.369655 4
      vertex -9.18897 -0.369655 0
    endloop
  endfacet
  facet normal 0.0326909 -0.999466 0
    outer loop
      vertex -8.17521 1.14754 0
      vertex -8.1 1.15 4
      vertex -8.17521 1.14754 4
    endloop
  endfacet
  facet normal 0.0326909 -0.999466 0
    outer loop
      vertex -8.1 1.15 4
      vertex -8.17521 1.14754 0
      vertex -8.1 1.15 0
    endloop
  endfacet
  facet normal 0.881946 -0.471351 0
    outer loop
      vertex -9.1314 0.508632 4
      vertex -9.09593 0.575 0
      vertex -9.09593 0.575 4
    endloop
  endfacet
  facet normal 0.881946 -0.471351 0
    outer loop
      vertex -9.09593 0.575 0
      vertex -9.1314 0.508632 4
      vertex -9.1314 0.508632 0
    endloop
  endfacet
  facet normal 0.772949 0.634468 0
    outer loop
      vertex -8.96461 -0.758247 4
      vertex -9.01236 -0.700075 0
      vertex -9.01236 -0.700075 4
    endloop
  endfacet
  facet normal 0.772949 0.634468 0
    outer loop
      vertex -9.01236 -0.700075 0
      vertex -8.96461 -0.758247 4
      vertex -8.96461 -0.758247 0
    endloop
  endfacet
  facet normal 0.772949 -0.634468 0
    outer loop
      vertex -9.01236 0.700075 4
      vertex -8.96461 0.758247 0
      vertex -8.96461 0.758247 4
    endloop
  endfacet
  facet normal 0.772949 -0.634468 0
    outer loop
      vertex -8.96461 0.758247 0
      vertex -9.01236 0.700075 4
      vertex -9.01236 0.700075 0
    endloop
  endfacet
  facet normal 0.98664 -0.162914 0
    outer loop
      vertex -9.24016 0.150105 4
      vertex -9.2279 0.224354 0
      vertex -9.2279 0.224354 4
    endloop
  endfacet
  facet normal 0.98664 -0.162914 0
    outer loop
      vertex -9.2279 0.224354 0
      vertex -9.24016 0.150105 4
      vertex -9.24016 0.150105 0
    endloop
  endfacet
  facet normal 0.52811 0.849176 -0
    outer loop
      vertex -8.675 -0.995929 0
      vertex -8.7389 -0.956189 4
      vertex -8.675 -0.995929 4
    endloop
  endfacet
  facet normal 0.52811 0.849176 0
    outer loop
      vertex -8.7389 -0.956189 4
      vertex -8.675 -0.995929 0
      vertex -8.7389 -0.956189 0
    endloop
  endfacet
  facet normal -0.634402 0.773003 0
    outer loop
      vertex -7.34175 -0.864615 0
      vertex -7.39992 -0.912355 4
      vertex -7.34175 -0.864615 4
    endloop
  endfacet
  facet normal -0.634402 0.773003 0
    outer loop
      vertex -7.39992 -0.912355 4
      vertex -7.34175 -0.864615 0
      vertex -7.39992 -0.912355 0
    endloop
  endfacet
  facet normal -0.528051 0.849213 0
    outer loop
      vertex -7.46109 -0.956189 0
      vertex -7.525 -0.995929 4
      vertex -7.46109 -0.956189 4
    endloop
  endfacet
  facet normal -0.528051 0.849213 0
    outer loop
      vertex -7.525 -0.995929 4
      vertex -7.46109 -0.956189 0
      vertex -7.525 -0.995929 0
    endloop
  endfacet
  facet normal -0.582479 0.812845 0
    outer loop
      vertex -7.39992 -0.912355 0
      vertex -7.46109 -0.956189 4
      vertex -7.39992 -0.912355 4
    endloop
  endfacet
  facet normal -0.582479 0.812845 0
    outer loop
      vertex -7.46109 -0.956189 4
      vertex -7.39992 -0.912355 0
      vertex -7.46109 -0.956189 0
    endloop
  endfacet
  facet normal -0.162933 -0.986637 0
    outer loop
      vertex -7.94989 1.14016 0
      vertex -7.87565 1.1279 4
      vertex -7.94989 1.14016 4
    endloop
  endfacet
  facet normal -0.162933 -0.986637 -0
    outer loop
      vertex -7.87565 1.1279 4
      vertex -7.94989 1.14016 0
      vertex -7.87565 1.1279 0
    endloop
  endfacet
  facet normal 0.849198 -0.528075 0
    outer loop
      vertex -9.09593 0.575 4
      vertex -9.05619 0.638906 0
      vertex -9.05619 0.638906 4
    endloop
  endfacet
  facet normal 0.849198 -0.528075 0
    outer loop
      vertex -9.05619 0.638906 0
      vertex -9.09593 0.575 4
      vertex -9.09593 0.575 0
    endloop
  endfacet
  facet normal 0.910855 0.412726 0
    outer loop
      vertex -9.1314 -0.508632 4
      vertex -9.16246 -0.440085 0
      vertex -9.16246 -0.440085 4
    endloop
  endfacet
  facet normal 0.910855 0.412726 0
    outer loop
      vertex -9.16246 -0.440085 0
      vertex -9.1314 -0.508632 4
      vertex -9.1314 -0.508632 0
    endloop
  endfacet
  facet normal -0.0326953 0.999465 0
    outer loop
      vertex 19.1752 -1.14754 0
      vertex 19.1 -1.15 4
      vertex 19.1752 -1.14754 4
    endloop
  endfacet
  facet normal -0.0326953 0.999465 0
    outer loop
      vertex 19.1 -1.15 4
      vertex 19.1752 -1.14754 0
      vertex 19.1 -1.15 0
    endloop
  endfacet
  facet normal -0.162805 -0.986658 0
    outer loop
      vertex 19.2501 1.14016 0
      vertex 19.3244 1.1279 4
      vertex 19.2501 1.14016 4
    endloop
  endfacet
  facet normal -0.162805 -0.986658 -0
    outer loop
      vertex 19.3244 1.1279 4
      vertex 19.2501 1.14016 0
      vertex 19.3244 1.1279 0
    endloop
  endfacet
  facet normal -0.412961 0.910749 0
    outer loop
      vertex 19.6086 -1.0314 0
      vertex 19.5401 -1.06246 4
      vertex 19.6086 -1.0314 4
    endloop
  endfacet
  facet normal -0.412961 0.910749 0
    outer loop
      vertex 19.5401 -1.06246 4
      vertex 19.6086 -1.0314 0
      vertex 19.5401 -1.06246 0
    endloop
  endfacet
  facet normal 0.352405 0.935848 -0
    outer loop
      vertex 18.7303 -1.08897 0
      vertex 18.6599 -1.06246 4
      vertex 18.7303 -1.08897 4
    endloop
  endfacet
  facet normal 0.352405 0.935848 0
    outer loop
      vertex 18.6599 -1.06246 4
      vertex 18.7303 -1.08897 0
      vertex 18.6599 -1.06246 0
    endloop
  endfacet
  facet normal 0.683096 -0.730328 0
    outer loop
      vertex 18.2868 0.813172 0
      vertex 18.3418 0.864615 4
      vertex 18.2868 0.813172 4
    endloop
  endfacet
  facet normal 0.683096 -0.730328 0
    outer loop
      vertex 18.3418 0.864615 4
      vertex 18.2868 0.813172 0
      vertex 18.3418 0.864615 0
    endloop
  endfacet
  facet normal -0.730148 0.683289 0
    outer loop
      vertex 19.9132 -0.813172 0
      vertex 19.9646 -0.758247 4
      vertex 19.9646 -0.758247 0
    endloop
  endfacet
  facet normal -0.730148 0.683289 0
    outer loop
      vertex 19.9646 -0.758247 4
      vertex 19.9132 -0.813172 0
      vertex 19.9132 -0.813172 4
    endloop
  endfacet
  facet normal -0.0980565 0.995181 0
    outer loop
      vertex 19.2501 -1.14016 0
      vertex 19.1752 -1.14754 4
      vertex 19.2501 -1.14016 4
    endloop
  endfacet
  facet normal -0.0980565 0.995181 0
    outer loop
      vertex 19.1752 -1.14754 4
      vertex 19.2501 -1.14016 0
      vertex 19.1752 -1.14754 0
    endloop
  endfacet
  facet normal 0.0326953 0.999465 -0
    outer loop
      vertex 19.1 -1.15 0
      vertex 19.0248 -1.14754 4
      vertex 19.1 -1.15 4
    endloop
  endfacet
  facet normal 0.0326953 0.999465 0
    outer loop
      vertex 19.0248 -1.14754 4
      vertex 19.1 -1.15 0
      vertex 19.0248 -1.14754 0
    endloop
  endfacet
  facet normal -0.773044 0.634352 0
    outer loop
      vertex 19.9646 -0.758247 0
      vertex 19.9756 -0.744842 4
      vertex 19.9756 -0.744842 0
    endloop
  endfacet
  facet normal -0.773044 0.634352 0
    outer loop
      vertex 19.9756 -0.744842 4
      vertex 19.9646 -0.758247 0
      vertex 19.9646 -0.758247 4
    endloop
  endfacet
  facet normal 0.582291 0.812981 -0
    outer loop
      vertex 18.4611 -0.956189 0
      vertex 18.3999 -0.912355 4
      vertex 18.4611 -0.956189 4
    endloop
  endfacet
  facet normal 0.582291 0.812981 0
    outer loop
      vertex 18.3999 -0.912355 4
      vertex 18.4611 -0.956189 0
      vertex 18.3999 -0.912355 0
    endloop
  endfacet
  facet normal -0.773044 -0.634352 0
    outer loop
      vertex 19.9756 0.744842 0
      vertex 19.9646 0.758247 4
      vertex 19.9646 0.758247 0
    endloop
  endfacet
  facet normal -0.773044 -0.634352 0
    outer loop
      vertex 19.9646 0.758247 4
      vertex 19.9756 0.744842 0
      vertex 19.9756 0.744842 4
    endloop
  endfacet
  facet normal 0.995283 -0.0970144 0
    outer loop
      vertex 17.9525 0.0752134 4
      vertex 17.9598 0.150105 0
      vertex 17.9598 0.150105 4
    endloop
  endfacet
  facet normal 0.995283 -0.0970144 0
    outer loop
      vertex 17.9598 0.150105 0
      vertex 17.9525 0.0752134 4
      vertex 17.9525 0.0752134 0
    endloop
  endfacet
  facet normal -0.730148 -0.683289 0
    outer loop
      vertex 19.9646 0.758247 0
      vertex 19.9132 0.813172 4
      vertex 19.9132 0.813172 0
    endloop
  endfacet
  facet normal -0.730148 -0.683289 0
    outer loop
      vertex 19.9132 0.813172 4
      vertex 19.9646 0.758247 0
      vertex 19.9646 0.758247 4
    endloop
  endfacet
  facet normal 0.227356 0.973812 -0
    outer loop
      vertex 18.8756 -1.1279 0
      vertex 18.8024 -1.11081 4
      vertex 18.8756 -1.1279 4
    endloop
  endfacet
  facet normal 0.227356 0.973812 0
    outer loop
      vertex 18.8024 -1.11081 4
      vertex 18.8756 -1.1279 0
      vertex 18.8024 -1.11081 0
    endloop
  endfacet
  facet normal 0.471185 -0.882035 0
    outer loop
      vertex 18.525 0.995929 0
      vertex 18.5914 1.0314 4
      vertex 18.525 0.995929 4
    endloop
  endfacet
  facet normal 0.471185 -0.882035 0
    outer loop
      vertex 18.5914 1.0314 4
      vertex 18.525 0.995929 0
      vertex 18.5914 1.0314 0
    endloop
  endfacet
  facet normal -0.412961 -0.910749 0
    outer loop
      vertex 19.5401 1.06246 0
      vertex 19.6086 1.0314 4
      vertex 19.5401 1.06246 4
    endloop
  endfacet
  facet normal -0.412961 -0.910749 -0
    outer loop
      vertex 19.6086 1.0314 4
      vertex 19.5401 1.06246 0
      vertex 19.6086 1.0314 0
    endloop
  endfacet
  facet normal 0.849436 0.527691 0
    outer loop
      vertex 18.1438 -0.638906 4
      vertex 18.1041 -0.575 0
      vertex 18.1041 -0.575 4
    endloop
  endfacet
  facet normal 0.849436 0.527691 0
    outer loop
      vertex 18.1041 -0.575 0
      vertex 18.1438 -0.638906 4
      vertex 18.1438 -0.638906 0
    endloop
  endfacet
  facet normal 0.999448 0.0332204 0
    outer loop
      vertex 17.9525 -0.0752134 4
      vertex 17.95 0 0
      vertex 17.95 0 4
    endloop
  endfacet
  facet normal 0.999448 0.0332204 0
    outer loop
      vertex 17.95 0 0
      vertex 17.9525 -0.0752134 4
      vertex 17.9525 -0.0752134 0
    endloop
  endfacet
  facet normal 0.0980565 -0.995181 0
    outer loop
      vertex 18.9499 1.14016 0
      vertex 19.0248 1.14754 4
      vertex 18.9499 1.14016 4
    endloop
  endfacet
  facet normal 0.0980565 -0.995181 0
    outer loop
      vertex 19.0248 1.14754 4
      vertex 18.9499 1.14016 0
      vertex 19.0248 1.14754 0
    endloop
  endfacet
  facet normal -0.582291 -0.812981 0
    outer loop
      vertex 19.7389 0.956189 0
      vertex 19.8001 0.912355 4
      vertex 19.7389 0.956189 4
    endloop
  endfacet
  facet normal -0.582291 -0.812981 -0
    outer loop
      vertex 19.8001 0.912355 4
      vertex 19.7389 0.956189 0
      vertex 19.8001 0.912355 0
    endloop
  endfacet
  facet normal -0.352405 0.935848 0
    outer loop
      vertex 19.5401 -1.06246 0
      vertex 19.4697 -1.08897 4
      vertex 19.5401 -1.06246 4
    endloop
  endfacet
  facet normal -0.352405 0.935848 0
    outer loop
      vertex 19.4697 -1.08897 4
      vertex 19.5401 -1.06246 0
      vertex 19.4697 -1.08897 0
    endloop
  endfacet
  facet normal 0.995283 0.0970144 0
    outer loop
      vertex 17.9598 -0.150105 4
      vertex 17.9525 -0.0752134 0
      vertex 17.9525 -0.0752134 4
    endloop
  endfacet
  facet normal 0.995283 0.0970144 0
    outer loop
      vertex 17.9525 -0.0752134 0
      vertex 17.9598 -0.150105 4
      vertex 17.9598 -0.150105 0
    endloop
  endfacet
  facet normal -0.471185 -0.882035 0
    outer loop
      vertex 19.6086 1.0314 0
      vertex 19.675 0.995929 4
      vertex 19.6086 1.0314 4
    endloop
  endfacet
  facet normal -0.471185 -0.882035 -0
    outer loop
      vertex 19.675 0.995929 4
      vertex 19.6086 1.0314 0
      vertex 19.675 0.995929 0
    endloop
  endfacet
  facet normal 0.772623 -0.634865 0
    outer loop
      vertex 18.1876 0.700075 4
      vertex 18.2354 0.758247 0
      vertex 18.2354 0.758247 4
    endloop
  endfacet
  facet normal 0.772623 -0.634865 0
    outer loop
      vertex 18.2354 0.758247 0
      vertex 18.1876 0.700075 4
      vertex 18.1876 0.700075 0
    endloop
  endfacet
  facet normal 0.412961 0.910749 -0
    outer loop
      vertex 18.6599 -1.06246 0
      vertex 18.5914 -1.0314 4
      vertex 18.6599 -1.06246 4
    endloop
  endfacet
  facet normal 0.412961 0.910749 0
    outer loop
      vertex 18.5914 -1.0314 4
      vertex 18.6599 -1.06246 0
      vertex 18.5914 -1.0314 0
    endloop
  endfacet
  facet normal 0.957106 0.289738 0
    outer loop
      vertex 18.011 -0.369655 4
      vertex 17.9892 -0.297642 0
      vertex 17.9892 -0.297642 4
    endloop
  endfacet
  facet normal 0.957106 0.289738 0
    outer loop
      vertex 17.9892 -0.297642 0
      vertex 18.011 -0.369655 4
      vertex 18.011 -0.369655 0
    endloop
  endfacet
  facet normal 0.957106 -0.289738 0
    outer loop
      vertex 17.9892 0.297642 4
      vertex 18.011 0.369655 0
      vertex 18.011 0.369655 4
    endloop
  endfacet
  facet normal 0.957106 -0.289738 0
    outer loop
      vertex 18.011 0.369655 0
      vertex 17.9892 0.297642 4
      vertex 17.9892 0.297642 0
    endloop
  endfacet
  facet normal 0.352405 -0.935848 0
    outer loop
      vertex 18.6599 1.06246 0
      vertex 18.7303 1.08897 4
      vertex 18.6599 1.06246 4
    endloop
  endfacet
  facet normal 0.352405 -0.935848 0
    outer loop
      vertex 18.7303 1.08897 4
      vertex 18.6599 1.06246 0
      vertex 18.7303 1.08897 0
    endloop
  endfacet
  facet normal -0.162805 0.986658 0
    outer loop
      vertex 19.3244 -1.1279 0
      vertex 19.2501 -1.14016 4
      vertex 19.3244 -1.1279 4
    endloop
  endfacet
  facet normal -0.162805 0.986658 0
    outer loop
      vertex 19.2501 -1.14016 4
      vertex 19.3244 -1.1279 0
      vertex 19.2501 -1.14016 0
    endloop
  endfacet
  facet normal 0.289904 -0.957056 0
    outer loop
      vertex 18.7303 1.08897 0
      vertex 18.8024 1.11081 4
      vertex 18.7303 1.08897 4
    endloop
  endfacet
  facet normal 0.289904 -0.957056 0
    outer loop
      vertex 18.8024 1.11081 4
      vertex 18.7303 1.08897 0
      vertex 18.8024 1.11081 0
    endloop
  endfacet
  facet normal 0.52811 -0.849176 0
    outer loop
      vertex 18.4611 0.956189 0
      vertex 18.525 0.995929 4
      vertex 18.4611 0.956189 4
    endloop
  endfacet
  facet normal 0.52811 -0.849176 0
    outer loop
      vertex 18.525 0.995929 4
      vertex 18.4611 0.956189 0
      vertex 18.525 0.995929 0
    endloop
  endfacet
  facet normal -0.289904 0.957056 0
    outer loop
      vertex 19.4697 -1.08897 0
      vertex 19.3976 -1.11081 4
      vertex 19.4697 -1.08897 4
    endloop
  endfacet
  facet normal -0.289904 0.957056 0
    outer loop
      vertex 19.3976 -1.11081 4
      vertex 19.4697 -1.08897 0
      vertex 19.3976 -1.11081 0
    endloop
  endfacet
  facet normal 0.730148 0.683289 0
    outer loop
      vertex 18.2868 -0.813172 4
      vertex 18.2354 -0.758247 0
      vertex 18.2354 -0.758247 4
    endloop
  endfacet
  facet normal 0.730148 0.683289 0
    outer loop
      vertex 18.2354 -0.758247 0
      vertex 18.2868 -0.813172 4
      vertex 18.2868 -0.813172 0
    endloop
  endfacet
  facet normal 0.910655 0.413167 0
    outer loop
      vertex 18.0686 -0.508632 4
      vertex 18.0375 -0.440085 0
      vertex 18.0375 -0.440085 4
    endloop
  endfacet
  facet normal 0.910655 0.413167 0
    outer loop
      vertex 18.0375 -0.440085 0
      vertex 18.0686 -0.508632 4
      vertex 18.0686 -0.508632 0
    endloop
  endfacet
  facet normal 0.162805 -0.986658 0
    outer loop
      vertex 18.8756 1.1279 0
      vertex 18.9499 1.14016 4
      vertex 18.8756 1.1279 4
    endloop
  endfacet
  facet normal 0.162805 -0.986658 0
    outer loop
      vertex 18.9499 1.14016 4
      vertex 18.8756 1.1279 0
      vertex 18.9499 1.14016 0
    endloop
  endfacet
  facet normal 0.986555 0.163431 0
    outer loop
      vertex 17.9721 -0.224354 4
      vertex 17.9598 -0.150105 0
      vertex 17.9598 -0.150105 4
    endloop
  endfacet
  facet normal 0.986555 0.163431 0
    outer loop
      vertex 17.9598 -0.150105 0
      vertex 17.9721 -0.224354 4
      vertex 17.9721 -0.224354 0
    endloop
  endfacet
  facet normal 0.973843 0.227223 0
    outer loop
      vertex 17.9892 -0.297642 4
      vertex 17.9721 -0.224354 0
      vertex 17.9721 -0.224354 4
    endloop
  endfacet
  facet normal 0.973843 0.227223 0
    outer loop
      vertex 17.9721 -0.224354 0
      vertex 17.9892 -0.297642 4
      vertex 17.9892 -0.297642 0
    endloop
  endfacet
  facet normal 0.935941 -0.352157 0
    outer loop
      vertex 18.011 0.369655 4
      vertex 18.0375 0.440085 0
      vertex 18.0375 0.440085 4
    endloop
  endfacet
  facet normal 0.935941 -0.352157 0
    outer loop
      vertex 18.0375 0.440085 0
      vertex 18.011 0.369655 4
      vertex 18.011 0.369655 0
    endloop
  endfacet
  facet normal 0.683096 0.730328 -0
    outer loop
      vertex 18.3418 -0.864615 0
      vertex 18.2868 -0.813172 4
      vertex 18.3418 -0.864615 4
    endloop
  endfacet
  facet normal 0.683096 0.730328 0
    outer loop
      vertex 18.2868 -0.813172 4
      vertex 18.3418 -0.864615 0
      vertex 18.2868 -0.813172 0
    endloop
  endfacet
  facet normal -0.634859 0.772628 0
    outer loop
      vertex 19.8582 -0.864615 0
      vertex 19.8001 -0.912355 4
      vertex 19.8582 -0.864615 4
    endloop
  endfacet
  facet normal -0.634859 0.772628 0
    outer loop
      vertex 19.8001 -0.912355 4
      vertex 19.8582 -0.864615 0
      vertex 19.8001 -0.912355 0
    endloop
  endfacet
  facet normal 0.813055 0.582187 0
    outer loop
      vertex 18.1876 -0.700075 4
      vertex 18.1438 -0.638906 0
      vertex 18.1438 -0.638906 4
    endloop
  endfacet
  facet normal 0.813055 0.582187 0
    outer loop
      vertex 18.1438 -0.638906 0
      vertex 18.1876 -0.700075 4
      vertex 18.1876 -0.700075 0
    endloop
  endfacet
  facet normal 0.973843 -0.227223 0
    outer loop
      vertex 17.9721 0.224354 4
      vertex 17.9892 0.297642 0
      vertex 17.9892 0.297642 4
    endloop
  endfacet
  facet normal 0.973843 -0.227223 0
    outer loop
      vertex 17.9892 0.297642 0
      vertex 17.9721 0.224354 4
      vertex 17.9721 0.224354 0
    endloop
  endfacet
  facet normal 0.88178 -0.471661 0
    outer loop
      vertex 18.0686 0.508632 4
      vertex 18.1041 0.575 0
      vertex 18.1041 0.575 4
    endloop
  endfacet
  facet normal 0.88178 -0.471661 0
    outer loop
      vertex 18.1041 0.575 0
      vertex 18.0686 0.508632 4
      vertex 18.0686 0.508632 0
    endloop
  endfacet
  facet normal -0.289904 -0.957056 0
    outer loop
      vertex 19.3976 1.11081 0
      vertex 19.4697 1.08897 4
      vertex 19.3976 1.11081 4
    endloop
  endfacet
  facet normal -0.289904 -0.957056 -0
    outer loop
      vertex 19.4697 1.08897 4
      vertex 19.3976 1.11081 0
      vertex 19.4697 1.08897 0
    endloop
  endfacet
  facet normal -0.683096 -0.730328 0
    outer loop
      vertex 19.8582 0.864615 0
      vertex 19.9132 0.813172 4
      vertex 19.8582 0.864615 4
    endloop
  endfacet
  facet normal -0.683096 -0.730328 -0
    outer loop
      vertex 19.9132 0.813172 4
      vertex 19.8582 0.864615 0
      vertex 19.9132 0.813172 0
    endloop
  endfacet
  facet normal -0.471185 0.882035 0
    outer loop
      vertex 19.675 -0.995929 0
      vertex 19.6086 -1.0314 4
      vertex 19.675 -0.995929 4
    endloop
  endfacet
  facet normal -0.471185 0.882035 0
    outer loop
      vertex 19.6086 -1.0314 4
      vertex 19.675 -0.995929 0
      vertex 19.6086 -1.0314 0
    endloop
  endfacet
  facet normal -0.634859 -0.772628 0
    outer loop
      vertex 19.8001 0.912355 0
      vertex 19.8582 0.864615 4
      vertex 19.8001 0.912355 4
    endloop
  endfacet
  facet normal -0.634859 -0.772628 -0
    outer loop
      vertex 19.8582 0.864615 4
      vertex 19.8001 0.912355 0
      vertex 19.8582 0.864615 0
    endloop
  endfacet
  facet normal 0.986555 -0.163431 0
    outer loop
      vertex 17.9598 0.150105 4
      vertex 17.9721 0.224354 0
      vertex 17.9721 0.224354 4
    endloop
  endfacet
  facet normal 0.986555 -0.163431 0
    outer loop
      vertex 17.9721 0.224354 0
      vertex 17.9598 0.150105 4
      vertex 17.9598 0.150105 0
    endloop
  endfacet
  facet normal 0.730148 -0.683289 0
    outer loop
      vertex 18.2354 0.758247 4
      vertex 18.2868 0.813172 0
      vertex 18.2868 0.813172 4
    endloop
  endfacet
  facet normal 0.730148 -0.683289 0
    outer loop
      vertex 18.2868 0.813172 0
      vertex 18.2354 0.758247 4
      vertex 18.2354 0.758247 0
    endloop
  endfacet
  facet normal 0.162805 0.986658 -0
    outer loop
      vertex 18.9499 -1.14016 0
      vertex 18.8756 -1.1279 4
      vertex 18.9499 -1.14016 4
    endloop
  endfacet
  facet normal 0.162805 0.986658 0
    outer loop
      vertex 18.8756 -1.1279 4
      vertex 18.9499 -1.14016 0
      vertex 18.8756 -1.1279 0
    endloop
  endfacet
  facet normal -0.227356 -0.973812 0
    outer loop
      vertex 19.3244 1.1279 0
      vertex 19.3976 1.11081 4
      vertex 19.3244 1.1279 4
    endloop
  endfacet
  facet normal -0.227356 -0.973812 -0
    outer loop
      vertex 19.3976 1.11081 4
      vertex 19.3244 1.1279 0
      vertex 19.3976 1.11081 0
    endloop
  endfacet
  facet normal 0.52811 0.849176 -0
    outer loop
      vertex 18.525 -0.995929 0
      vertex 18.4611 -0.956189 4
      vertex 18.525 -0.995929 4
    endloop
  endfacet
  facet normal 0.52811 0.849176 0
    outer loop
      vertex 18.4611 -0.956189 4
      vertex 18.525 -0.995929 0
      vertex 18.4611 -0.956189 0
    endloop
  endfacet
  facet normal 0.412961 -0.910749 0
    outer loop
      vertex 18.5914 1.0314 0
      vertex 18.6599 1.06246 4
      vertex 18.5914 1.0314 4
    endloop
  endfacet
  facet normal 0.412961 -0.910749 0
    outer loop
      vertex 18.6599 1.06246 4
      vertex 18.5914 1.0314 0
      vertex 18.6599 1.06246 0
    endloop
  endfacet
  facet normal 0.935941 0.352157 0
    outer loop
      vertex 18.0375 -0.440085 4
      vertex 18.011 -0.369655 0
      vertex 18.011 -0.369655 4
    endloop
  endfacet
  facet normal 0.935941 0.352157 0
    outer loop
      vertex 18.011 -0.369655 0
      vertex 18.0375 -0.440085 4
      vertex 18.0375 -0.440085 0
    endloop
  endfacet
  facet normal 0.999448 -0.0332204 0
    outer loop
      vertex 17.95 0 4
      vertex 17.9525 0.0752134 0
      vertex 17.9525 0.0752134 4
    endloop
  endfacet
  facet normal 0.999448 -0.0332204 0
    outer loop
      vertex 17.9525 0.0752134 0
      vertex 17.95 0 4
      vertex 17.95 0 0
    endloop
  endfacet
  facet normal 0.772623 0.634865 0
    outer loop
      vertex 18.2354 -0.758247 4
      vertex 18.1876 -0.700075 0
      vertex 18.1876 -0.700075 4
    endloop
  endfacet
  facet normal 0.772623 0.634865 0
    outer loop
      vertex 18.1876 -0.700075 0
      vertex 18.2354 -0.758247 4
      vertex 18.2354 -0.758247 0
    endloop
  endfacet
  facet normal 0.0980565 0.995181 -0
    outer loop
      vertex 19.0248 -1.14754 0
      vertex 18.9499 -1.14016 4
      vertex 19.0248 -1.14754 4
    endloop
  endfacet
  facet normal 0.0980565 0.995181 0
    outer loop
      vertex 18.9499 -1.14016 4
      vertex 19.0248 -1.14754 0
      vertex 18.9499 -1.14016 0
    endloop
  endfacet
  facet normal 0.0326953 -0.999465 0
    outer loop
      vertex 19.0248 1.14754 0
      vertex 19.1 1.15 4
      vertex 19.0248 1.14754 4
    endloop
  endfacet
  facet normal 0.0326953 -0.999465 0
    outer loop
      vertex 19.1 1.15 4
      vertex 19.0248 1.14754 0
      vertex 19.1 1.15 0
    endloop
  endfacet
  facet normal 0.634859 0.772628 -0
    outer loop
      vertex 18.3999 -0.912355 0
      vertex 18.3418 -0.864615 4
      vertex 18.3999 -0.912355 4
    endloop
  endfacet
  facet normal 0.634859 0.772628 0
    outer loop
      vertex 18.3418 -0.864615 4
      vertex 18.3999 -0.912355 0
      vertex 18.3418 -0.864615 0
    endloop
  endfacet
  facet normal -0.227356 0.973812 0
    outer loop
      vertex 19.3976 -1.11081 0
      vertex 19.3244 -1.1279 4
      vertex 19.3976 -1.11081 4
    endloop
  endfacet
  facet normal -0.227356 0.973812 0
    outer loop
      vertex 19.3244 -1.1279 4
      vertex 19.3976 -1.11081 0
      vertex 19.3244 -1.1279 0
    endloop
  endfacet
  facet normal -0.0326953 -0.999465 0
    outer loop
      vertex 19.1 1.15 0
      vertex 19.1752 1.14754 4
      vertex 19.1 1.15 4
    endloop
  endfacet
  facet normal -0.0326953 -0.999465 -0
    outer loop
      vertex 19.1752 1.14754 4
      vertex 19.1 1.15 0
      vertex 19.1752 1.14754 0
    endloop
  endfacet
  facet normal 0.634859 -0.772628 0
    outer loop
      vertex 18.3418 0.864615 0
      vertex 18.3999 0.912355 4
      vertex 18.3418 0.864615 4
    endloop
  endfacet
  facet normal 0.634859 -0.772628 0
    outer loop
      vertex 18.3999 0.912355 4
      vertex 18.3418 0.864615 0
      vertex 18.3999 0.912355 0
    endloop
  endfacet
  facet normal -0.582291 0.812981 0
    outer loop
      vertex 19.8001 -0.912355 0
      vertex 19.7389 -0.956189 4
      vertex 19.8001 -0.912355 4
    endloop
  endfacet
  facet normal -0.582291 0.812981 0
    outer loop
      vertex 19.7389 -0.956189 4
      vertex 19.8001 -0.912355 0
      vertex 19.7389 -0.956189 0
    endloop
  endfacet
  facet normal -0.0980565 -0.995181 0
    outer loop
      vertex 19.1752 1.14754 0
      vertex 19.2501 1.14016 4
      vertex 19.1752 1.14754 4
    endloop
  endfacet
  facet normal -0.0980565 -0.995181 -0
    outer loop
      vertex 19.2501 1.14016 4
      vertex 19.1752 1.14754 0
      vertex 19.2501 1.14016 0
    endloop
  endfacet
  facet normal -0.352405 -0.935848 0
    outer loop
      vertex 19.4697 1.08897 0
      vertex 19.5401 1.06246 4
      vertex 19.4697 1.08897 4
    endloop
  endfacet
  facet normal -0.352405 -0.935848 -0
    outer loop
      vertex 19.5401 1.06246 4
      vertex 19.4697 1.08897 0
      vertex 19.5401 1.06246 0
    endloop
  endfacet
  facet normal -0.52811 0.849176 0
    outer loop
      vertex 19.7389 -0.956189 0
      vertex 19.675 -0.995929 4
      vertex 19.7389 -0.956189 4
    endloop
  endfacet
  facet normal -0.52811 0.849176 0
    outer loop
      vertex 19.675 -0.995929 4
      vertex 19.7389 -0.956189 0
      vertex 19.675 -0.995929 0
    endloop
  endfacet
  facet normal 0.849436 -0.527691 0
    outer loop
      vertex 18.1041 0.575 4
      vertex 18.1438 0.638906 0
      vertex 18.1438 0.638906 4
    endloop
  endfacet
  facet normal 0.849436 -0.527691 0
    outer loop
      vertex 18.1438 0.638906 0
      vertex 18.1041 0.575 4
      vertex 18.1041 0.575 0
    endloop
  endfacet
  facet normal -0.52811 -0.849176 0
    outer loop
      vertex 19.675 0.995929 0
      vertex 19.7389 0.956189 4
      vertex 19.675 0.995929 4
    endloop
  endfacet
  facet normal -0.52811 -0.849176 -0
    outer loop
      vertex 19.7389 0.956189 4
      vertex 19.675 0.995929 0
      vertex 19.7389 0.956189 0
    endloop
  endfacet
  facet normal 0.227356 -0.973812 0
    outer loop
      vertex 18.8024 1.11081 0
      vertex 18.8756 1.1279 4
      vertex 18.8024 1.11081 4
    endloop
  endfacet
  facet normal 0.227356 -0.973812 0
    outer loop
      vertex 18.8756 1.1279 4
      vertex 18.8024 1.11081 0
      vertex 18.8756 1.1279 0
    endloop
  endfacet
  facet normal 0.813055 -0.582187 0
    outer loop
      vertex 18.1438 0.638906 4
      vertex 18.1876 0.700075 0
      vertex 18.1876 0.700075 4
    endloop
  endfacet
  facet normal 0.813055 -0.582187 0
    outer loop
      vertex 18.1876 0.700075 0
      vertex 18.1438 0.638906 4
      vertex 18.1438 0.638906 0
    endloop
  endfacet
  facet normal 0.88178 0.471661 0
    outer loop
      vertex 18.1041 -0.575 4
      vertex 18.0686 -0.508632 0
      vertex 18.0686 -0.508632 4
    endloop
  endfacet
  facet normal 0.88178 0.471661 0
    outer loop
      vertex 18.0686 -0.508632 0
      vertex 18.1041 -0.575 4
      vertex 18.1041 -0.575 0
    endloop
  endfacet
  facet normal 0.471185 0.882035 -0
    outer loop
      vertex 18.5914 -1.0314 0
      vertex 18.525 -0.995929 4
      vertex 18.5914 -1.0314 4
    endloop
  endfacet
  facet normal 0.471185 0.882035 0
    outer loop
      vertex 18.525 -0.995929 4
      vertex 18.5914 -1.0314 0
      vertex 18.525 -0.995929 0
    endloop
  endfacet
  facet normal 0.582291 -0.812981 0
    outer loop
      vertex 18.3999 0.912355 0
      vertex 18.4611 0.956189 4
      vertex 18.3999 0.912355 4
    endloop
  endfacet
  facet normal 0.582291 -0.812981 0
    outer loop
      vertex 18.4611 0.956189 4
      vertex 18.3999 0.912355 0
      vertex 18.4611 0.956189 0
    endloop
  endfacet
  facet normal 0.910655 -0.413167 0
    outer loop
      vertex 18.0375 0.440085 4
      vertex 18.0686 0.508632 0
      vertex 18.0686 0.508632 4
    endloop
  endfacet
  facet normal 0.910655 -0.413167 0
    outer loop
      vertex 18.0686 0.508632 0
      vertex 18.0375 0.440085 4
      vertex 18.0375 0.440085 0
    endloop
  endfacet
  facet normal 0.289904 0.957056 -0
    outer loop
      vertex 18.8024 -1.11081 0
      vertex 18.7303 -1.08897 4
      vertex 18.8024 -1.11081 4
    endloop
  endfacet
  facet normal 0.289904 0.957056 0
    outer loop
      vertex 18.7303 -1.08897 4
      vertex 18.8024 -1.11081 0
      vertex 18.7303 -1.08897 0
    endloop
  endfacet
  facet normal -0.683096 0.730328 0
    outer loop
      vertex 19.9132 -0.813172 0
      vertex 19.8582 -0.864615 4
      vertex 19.9132 -0.813172 4
    endloop
  endfacet
  facet normal -0.683096 0.730328 0
    outer loop
      vertex 19.8582 -0.864615 4
      vertex 19.9132 -0.813172 0
      vertex 19.8582 -0.864615 0
    endloop
  endfacet
  facet normal -0.633883 -0.773429 0
    outer loop
      vertex 45.2138 45.523 0
      vertex 45.2986 45.4535 4
      vertex 45.2138 45.523 4
    endloop
  endfacet
  facet normal -0.633883 -0.773429 -0
    outer loop
      vertex 45.2986 45.4535 4
      vertex 45.2138 45.523 0
      vertex 45.2986 45.4535 0
    endloop
  endfacet
  facet normal -0.683455 -0.729992 0
    outer loop
      vertex 45.2986 45.4535 0
      vertex 45.3786 45.3786 4
      vertex 45.2986 45.4535 4
    endloop
  endfacet
  facet normal -0.683455 -0.729992 -0
    outer loop
      vertex 45.3786 45.3786 4
      vertex 45.2986 45.4535 0
      vertex 45.3786 45.3786 0
    endloop
  endfacet
  facet normal -0.986737 -0.162328 0
    outer loop
      vertex 45.8548 44.4128 0
      vertex 45.837 44.521 4
      vertex 45.837 44.521 0
    endloop
  endfacet
  facet normal -0.986737 -0.162328 0
    outer loop
      vertex 45.837 44.521 4
      vertex 45.8548 44.4128 0
      vertex 45.8548 44.4128 4
    endloop
  endfacet
  facet normal -0.227258 -0.973834 0
    outer loop
      vertex 44.521 45.837 0
      vertex 44.6277 45.8121 4
      vertex 44.521 45.837 4
    endloop
  endfacet
  facet normal -0.227258 -0.973834 -0
    outer loop
      vertex 44.6277 45.8121 4
      vertex 44.521 45.837 0
      vertex 44.6277 45.8121 0
    endloop
  endfacet
  facet normal 0.911083 0.412222 0
    outer loop
      vertex 42.6919 43.4533 4
      vertex 42.6467 43.5532 0
      vertex 42.6467 43.5532 4
    endloop
  endfacet
  facet normal 0.911083 0.412222 0
    outer loop
      vertex 42.6467 43.5532 0
      vertex 42.6919 43.4533 4
      vertex 42.6919 43.4533 0
    endloop
  endfacet
  facet normal 0.634331 -0.773062 0
    outer loop
      vertex 43.0898 45.4535 0
      vertex 43.1745 45.523 4
      vertex 43.0898 45.4535 4
    endloop
  endfacet
  facet normal 0.634331 -0.773062 0
    outer loop
      vertex 43.1745 45.523 4
      vertex 43.0898 45.4535 0
      vertex 43.1745 45.523 0
    endloop
  endfacet
  facet normal 0.0985103 -0.995136 0
    outer loop
      vertex 43.9755 45.8548 0
      vertex 44.0846 45.8656 4
      vertex 43.9755 45.8548 4
    endloop
  endfacet
  facet normal 0.0985103 -0.995136 0
    outer loop
      vertex 44.0846 45.8656 4
      vertex 43.9755 45.8548 0
      vertex 44.0846 45.8656 0
    endloop
  endfacet
  facet normal -0.973834 0.227258 0
    outer loop
      vertex 45.8121 43.7607 0
      vertex 45.837 43.8674 4
      vertex 45.837 43.8674 0
    endloop
  endfacet
  facet normal -0.973834 0.227258 0
    outer loop
      vertex 45.837 43.8674 4
      vertex 45.8121 43.7607 0
      vertex 45.8121 43.7607 4
    endloop
  endfacet
  facet normal 0.683455 -0.729992 0
    outer loop
      vertex 43.0098 45.3786 0
      vertex 43.0898 45.4535 4
      vertex 43.0098 45.3786 4
    endloop
  endfacet
  facet normal 0.683455 -0.729992 0
    outer loop
      vertex 43.0898 45.4535 4
      vertex 43.0098 45.3786 0
      vertex 43.0898 45.4535 0
    endloop
  endfacet
  facet normal -0.412565 0.910928 0
    outer loop
      vertex 44.935 42.6919 0
      vertex 44.8352 42.6467 4
      vertex 44.935 42.6919 4
    endloop
  endfacet
  facet normal -0.412565 0.910928 0
    outer loop
      vertex 44.8352 42.6467 4
      vertex 44.935 42.6919 0
      vertex 44.8352 42.6467 0
    endloop
  endfacet
  facet normal -0.162328 -0.986737 0
    outer loop
      vertex 44.4128 45.8548 0
      vertex 44.521 45.837 4
      vertex 44.4128 45.8548 4
    endloop
  endfacet
  facet normal -0.162328 -0.986737 -0
    outer loop
      vertex 44.521 45.837 4
      vertex 44.4128 45.8548 0
      vertex 44.521 45.837 0
    endloop
  endfacet
  facet normal -0.812623 0.58279 0
    outer loop
      vertex 45.523 43.1745 0
      vertex 45.5869 43.2636 4
      vertex 45.5869 43.2636 0
    endloop
  endfacet
  facet normal -0.812623 0.58279 0
    outer loop
      vertex 45.5869 43.2636 4
      vertex 45.523 43.1745 0
      vertex 45.523 43.1745 4
    endloop
  endfacet
  facet normal -0.528112 -0.849175 0
    outer loop
      vertex 45.0317 45.6448 0
      vertex 45.1248 45.5869 4
      vertex 45.0317 45.6448 4
    endloop
  endfacet
  facet normal -0.528112 -0.849175 -0
    outer loop
      vertex 45.1248 45.5869 4
      vertex 45.0317 45.6448 0
      vertex 45.1248 45.5869 0
    endloop
  endfacet
  facet normal -0.956994 -0.290109 0
    outer loop
      vertex 45.8121 44.6277 0
      vertex 45.7803 44.7326 4
      vertex 45.7803 44.7326 0
    endloop
  endfacet
  facet normal -0.956994 -0.290109 0
    outer loop
      vertex 45.7803 44.7326 4
      vertex 45.8121 44.6277 0
      vertex 45.8121 44.6277 4
    endloop
  endfacet
  facet normal 0.227258 -0.973834 0
    outer loop
      vertex 43.7607 45.8121 0
      vertex 43.8674 45.837 4
      vertex 43.7607 45.8121 4
    endloop
  endfacet
  facet normal 0.227258 -0.973834 0
    outer loop
      vertex 43.8674 45.837 4
      vertex 43.7607 45.8121 0
      vertex 43.8674 45.837 0
    endloop
  endfacet
  facet normal -0.956994 0.290109 0
    outer loop
      vertex 45.7803 43.6558 0
      vertex 45.8121 43.7607 4
      vertex 45.8121 43.7607 0
    endloop
  endfacet
  facet normal -0.956994 0.290109 0
    outer loop
      vertex 45.8121 43.7607 4
      vertex 45.7803 43.6558 0
      vertex 45.7803 43.6558 4
    endloop
  endfacet
  facet normal 0.032829 0.999461 -0
    outer loop
      vertex 44.1942 42.5192 0
      vertex 44.0846 42.5228 4
      vertex 44.1942 42.5192 4
    endloop
  endfacet
  facet normal 0.032829 0.999461 0
    outer loop
      vertex 44.0846 42.5228 4
      vertex 44.1942 42.5192 0
      vertex 44.0846 42.5228 0
    endloop
  endfacet
  facet normal -0.226393 0.974036 0
    outer loop
      vertex 44.6277 42.5762 0
      vertex 44.521 42.5514 4
      vertex 44.6277 42.5762 4
    endloop
  endfacet
  facet normal -0.226393 0.974036 0
    outer loop
      vertex 44.521 42.5514 4
      vertex 44.6277 42.5762 0
      vertex 44.521 42.5514 0
    endloop
  endfacet
  facet normal -0.032859 -0.99946 0
    outer loop
      vertex 44.1942 45.8692 0
      vertex 44.3037 45.8656 4
      vertex 44.1942 45.8692 4
    endloop
  endfacet
  facet normal -0.032859 -0.99946 -0
    outer loop
      vertex 44.3037 45.8656 4
      vertex 44.1942 45.8692 0
      vertex 44.3037 45.8656 0
    endloop
  endfacet
  facet normal -0.528112 0.849175 0
    outer loop
      vertex 45.1248 42.8015 0
      vertex 45.0317 42.7436 4
      vertex 45.1248 42.8015 4
    endloop
  endfacet
  facet normal -0.528112 0.849175 0
    outer loop
      vertex 45.0317 42.7436 4
      vertex 45.1248 42.8015 0
      vertex 45.0317 42.7436 0
    endloop
  endfacet
  facet normal 0.352123 -0.935954 0
    outer loop
      vertex 43.5532 45.7417 0
      vertex 43.6558 45.7803 4
      vertex 43.5532 45.7417 4
    endloop
  endfacet
  facet normal 0.352123 -0.935954 0
    outer loop
      vertex 43.6558 45.7803 4
      vertex 43.5532 45.7417 0
      vertex 43.6558 45.7803 0
    endloop
  endfacet
  facet normal -0.773062 0.634331 0
    outer loop
      vertex 45.4535 43.0898 0
      vertex 45.523 43.1745 4
      vertex 45.523 43.1745 0
    endloop
  endfacet
  facet normal -0.773062 0.634331 0
    outer loop
      vertex 45.523 43.1745 4
      vertex 45.4535 43.0898 0
      vertex 45.4535 43.0898 4
    endloop
  endfacet
  facet normal 0.999461 0.032829 0
    outer loop
      vertex 42.5228 44.0846 4
      vertex 42.5192 44.1942 0
      vertex 42.5192 44.1942 4
    endloop
  endfacet
  facet normal 0.999461 0.032829 0
    outer loop
      vertex 42.5192 44.1942 0
      vertex 42.5228 44.0846 4
      vertex 42.5228 44.0846 0
    endloop
  endfacet
  facet normal -0.999461 0.032829 0
    outer loop
      vertex 45.8656 44.0846 0
      vertex 45.8692 44.1942 4
      vertex 45.8692 44.1942 0
    endloop
  endfacet
  facet normal -0.999461 0.032829 0
    outer loop
      vertex 45.8692 44.1942 4
      vertex 45.8656 44.0846 0
      vertex 45.8656 44.0846 4
    endloop
  endfacet
  facet normal 0.290109 -0.956994 0
    outer loop
      vertex 43.6558 45.7803 0
      vertex 43.7607 45.8121 4
      vertex 43.6558 45.7803 4
    endloop
  endfacet
  facet normal 0.290109 -0.956994 0
    outer loop
      vertex 43.7607 45.8121 4
      vertex 43.6558 45.7803 0
      vertex 43.7607 45.8121 0
    endloop
  endfacet
  facet normal 0.032829 -0.999461 0
    outer loop
      vertex 44.0846 45.8656 0
      vertex 44.1942 45.8692 4
      vertex 44.0846 45.8656 4
    endloop
  endfacet
  facet normal 0.032829 -0.999461 0
    outer loop
      vertex 44.1942 45.8692 4
      vertex 44.0846 45.8656 0
      vertex 44.1942 45.8692 0
    endloop
  endfacet
  facet normal -0.882252 -0.470778 0
    outer loop
      vertex 45.6964 44.935 0
      vertex 45.6448 45.0317 4
      vertex 45.6448 45.0317 0
    endloop
  endfacet
  facet normal -0.882252 -0.470778 0
    outer loop
      vertex 45.6448 45.0317 4
      vertex 45.6964 44.935 0
      vertex 45.6964 44.935 4
    endloop
  endfacet
  facet normal 0.729537 -0.683941 0
    outer loop
      vertex 42.9348 45.2986 4
      vertex 43.0098 45.3786 0
      vertex 43.0098 45.3786 4
    endloop
  endfacet
  facet normal 0.729537 -0.683941 0
    outer loop
      vertex 43.0098 45.3786 0
      vertex 42.9348 45.2986 4
      vertex 42.9348 45.2986 0
    endloop
  endfacet
  facet normal 0.99946 -0.032859 0
    outer loop
      vertex 42.5192 44.1942 4
      vertex 42.5228 44.3037 0
      vertex 42.5228 44.3037 4
    endloop
  endfacet
  facet normal 0.99946 -0.032859 0
    outer loop
      vertex 42.5228 44.3037 0
      vertex 42.5192 44.1942 4
      vertex 42.5192 44.1942 0
    endloop
  endfacet
  facet normal 0.849175 0.528112 0
    outer loop
      vertex 42.8015 43.2636 4
      vertex 42.7436 43.3567 0
      vertex 42.7436 43.3567 4
    endloop
  endfacet
  facet normal 0.849175 0.528112 0
    outer loop
      vertex 42.7436 43.3567 0
      vertex 42.8015 43.2636 4
      vertex 42.8015 43.2636 0
    endloop
  endfacet
  facet normal 0.910928 -0.412565 0
    outer loop
      vertex 42.6467 44.8352 4
      vertex 42.6919 44.935 0
      vertex 42.6919 44.935 4
    endloop
  endfacet
  facet normal 0.910928 -0.412565 0
    outer loop
      vertex 42.6919 44.935 0
      vertex 42.6467 44.8352 4
      vertex 42.6467 44.8352 0
    endloop
  endfacet
  facet normal -0.729992 0.683455 0
    outer loop
      vertex 45.3786 43.0098 0
      vertex 45.4535 43.0898 4
      vertex 45.4535 43.0898 0
    endloop
  endfacet
  facet normal -0.729992 0.683455 0
    outer loop
      vertex 45.4535 43.0898 4
      vertex 45.3786 43.0098 0
      vertex 45.3786 43.0098 4
    endloop
  endfacet
  facet normal 0.162474 -0.986713 0
    outer loop
      vertex 43.8674 45.837 0
      vertex 43.9755 45.8548 4
      vertex 43.8674 45.837 4
    endloop
  endfacet
  facet normal 0.162474 -0.986713 0
    outer loop
      vertex 43.9755 45.8548 4
      vertex 43.8674 45.837 0
      vertex 43.9755 45.8548 0
    endloop
  endfacet
  facet normal -0.882049 0.471157 0
    outer loop
      vertex 45.6448 43.3567 0
      vertex 45.6964 43.4533 4
      vertex 45.6964 43.4533 0
    endloop
  endfacet
  facet normal -0.882049 0.471157 0
    outer loop
      vertex 45.6964 43.4533 4
      vertex 45.6448 43.3567 0
      vertex 45.6448 43.3567 4
    endloop
  endfacet
  facet normal -0.290944 0.95674 0
    outer loop
      vertex 44.7326 42.6081 0
      vertex 44.6277 42.5762 4
      vertex 44.7326 42.6081 4
    endloop
  endfacet
  facet normal -0.290944 0.95674 0
    outer loop
      vertex 44.6277 42.5762 4
      vertex 44.7326 42.6081 0
      vertex 44.6277 42.5762 0
    endloop
  endfacet
  facet normal 0.352123 0.935954 -0
    outer loop
      vertex 43.6558 42.6081 0
      vertex 43.5532 42.6467 4
      vertex 43.6558 42.6081 4
    endloop
  endfacet
  facet normal 0.352123 0.935954 0
    outer loop
      vertex 43.5532 42.6467 4
      vertex 43.6558 42.6081 0
      vertex 43.5532 42.6467 0
    endloop
  endfacet
  facet normal 0.812745 -0.582619 0
    outer loop
      vertex 42.8015 45.1248 4
      vertex 42.8653 45.2138 0
      vertex 42.8653 45.2138 4
    endloop
  endfacet
  facet normal 0.812745 -0.582619 0
    outer loop
      vertex 42.8653 45.2138 0
      vertex 42.8015 45.1248 4
      vertex 42.8015 45.1248 0
    endloop
  endfacet
  facet normal -0.995136 -0.0985103 0
    outer loop
      vertex 45.8656 44.3037 0
      vertex 45.8548 44.4128 4
      vertex 45.8548 44.4128 0
    endloop
  endfacet
  facet normal -0.995136 -0.0985103 0
    outer loop
      vertex 45.8548 44.4128 4
      vertex 45.8656 44.3037 0
      vertex 45.8656 44.3037 4
    endloop
  endfacet
  facet normal 0.813055 0.582187 0
    outer loop
      vertex 42.8653 43.1745 4
      vertex 42.8015 43.2636 0
      vertex 42.8015 43.2636 4
    endloop
  endfacet
  facet normal 0.813055 0.582187 0
    outer loop
      vertex 42.8015 43.2636 0
      vertex 42.8653 43.1745 4
      vertex 42.8653 43.1745 0
    endloop
  endfacet
  facet normal -0.973834 -0.227258 0
    outer loop
      vertex 45.837 44.521 0
      vertex 45.8121 44.6277 4
      vertex 45.8121 44.6277 0
    endloop
  endfacet
  facet normal -0.973834 -0.227258 0
    outer loop
      vertex 45.8121 44.6277 4
      vertex 45.837 44.521 0
      vertex 45.837 44.521 4
    endloop
  endfacet
  facet normal 0.412222 0.911083 -0
    outer loop
      vertex 43.5532 42.6467 0
      vertex 43.4533 42.6919 4
      vertex 43.5532 42.6467 4
    endloop
  endfacet
  facet normal 0.412222 0.911083 0
    outer loop
      vertex 43.4533 42.6919 4
      vertex 43.5532 42.6467 0
      vertex 43.4533 42.6919 0
    endloop
  endfacet
  facet normal 0.986566 0.163363 0
    outer loop
      vertex 42.5514 43.8674 4
      vertex 42.5335 43.9755 0
      vertex 42.5335 43.9755 4
    endloop
  endfacet
  facet normal 0.986566 0.163363 0
    outer loop
      vertex 42.5335 43.9755 0
      vertex 42.5514 43.8674 4
      vertex 42.5514 43.8674 0
    endloop
  endfacet
  facet normal -0.773429 -0.633883 0
    outer loop
      vertex 45.523 45.2138 0
      vertex 45.4535 45.2986 4
      vertex 45.4535 45.2986 0
    endloop
  endfacet
  facet normal -0.773429 -0.633883 0
    outer loop
      vertex 45.4535 45.2986 4
      vertex 45.523 45.2138 0
      vertex 45.523 45.2138 4
    endloop
  endfacet
  facet normal 0.58279 -0.812623 0
    outer loop
      vertex 43.1745 45.523 0
      vertex 43.2636 45.5869 4
      vertex 43.1745 45.523 4
    endloop
  endfacet
  facet normal 0.58279 -0.812623 0
    outer loop
      vertex 43.2636 45.5869 4
      vertex 43.1745 45.523 0
      vertex 43.2636 45.5869 0
    endloop
  endfacet
  facet normal -0.910741 0.412979 0
    outer loop
      vertex 45.6964 43.4533 0
      vertex 45.7417 43.5532 4
      vertex 45.7417 43.5532 0
    endloop
  endfacet
  facet normal -0.910741 0.412979 0
    outer loop
      vertex 45.7417 43.5532 4
      vertex 45.6964 43.4533 0
      vertex 45.6964 43.4533 4
    endloop
  endfacet
  facet normal -0.995136 0.0985103 0
    outer loop
      vertex 45.8548 43.9755 0
      vertex 45.8656 44.0846 4
      vertex 45.8656 44.0846 0
    endloop
  endfacet
  facet normal -0.995136 0.0985103 0
    outer loop
      vertex 45.8656 44.0846 4
      vertex 45.8548 43.9755 0
      vertex 45.8548 43.9755 4
    endloop
  endfacet
  facet normal -0.352123 -0.935954 0
    outer loop
      vertex 44.7326 45.7803 0
      vertex 44.8352 45.7417 4
      vertex 44.7326 45.7803 4
    endloop
  endfacet
  facet normal -0.352123 -0.935954 -0
    outer loop
      vertex 44.8352 45.7417 4
      vertex 44.7326 45.7803 0
      vertex 44.8352 45.7417 0
    endloop
  endfacet
  facet normal -0.935954 0.352123 0
    outer loop
      vertex 45.7417 43.5532 0
      vertex 45.7803 43.6558 4
      vertex 45.7803 43.6558 0
    endloop
  endfacet
  facet normal -0.935954 0.352123 0
    outer loop
      vertex 45.7803 43.6558 4
      vertex 45.7417 43.5532 0
      vertex 45.7417 43.5532 4
    endloop
  endfacet
  facet normal -0.849175 0.528112 0
    outer loop
      vertex 45.5869 43.2636 0
      vertex 45.6448 43.3567 4
      vertex 45.6448 43.3567 0
    endloop
  endfacet
  facet normal -0.849175 0.528112 0
    outer loop
      vertex 45.6448 43.3567 4
      vertex 45.5869 43.2636 0
      vertex 45.5869 43.2636 4
    endloop
  endfacet
  facet normal -0.470778 -0.882252 0
    outer loop
      vertex 44.935 45.6964 0
      vertex 45.0317 45.6448 4
      vertex 44.935 45.6964 4
    endloop
  endfacet
  facet normal -0.470778 -0.882252 -0
    outer loop
      vertex 45.0317 45.6448 4
      vertex 44.935 45.6964 0
      vertex 45.0317 45.6448 0
    endloop
  endfacet
  facet normal 0.582187 0.813055 -0
    outer loop
      vertex 43.2636 42.8015 0
      vertex 43.1745 42.8653 4
      vertex 43.2636 42.8015 4
    endloop
  endfacet
  facet normal 0.582187 0.813055 0
    outer loop
      vertex 43.1745 42.8653 4
      vertex 43.2636 42.8015 0
      vertex 43.1745 42.8653 0
    endloop
  endfacet
  facet normal -0.290109 -0.956994 0
    outer loop
      vertex 44.6277 45.8121 0
      vertex 44.7326 45.7803 4
      vertex 44.6277 45.8121 4
    endloop
  endfacet
  facet normal -0.290109 -0.956994 -0
    outer loop
      vertex 44.7326 45.7803 4
      vertex 44.6277 45.8121 0
      vertex 44.7326 45.7803 0
    endloop
  endfacet
  facet normal -0.986713 0.162474 0
    outer loop
      vertex 45.837 43.8674 0
      vertex 45.8548 43.9755 4
      vertex 45.8548 43.9755 0
    endloop
  endfacet
  facet normal -0.986713 0.162474 0
    outer loop
      vertex 45.8548 43.9755 4
      vertex 45.837 43.8674 0
      vertex 45.837 43.8674 4
    endloop
  endfacet
  facet normal -0.0985103 -0.995136 0
    outer loop
      vertex 44.3037 45.8656 0
      vertex 44.4128 45.8548 4
      vertex 44.3037 45.8656 4
    endloop
  endfacet
  facet normal -0.0985103 -0.995136 -0
    outer loop
      vertex 44.4128 45.8548 4
      vertex 44.3037 45.8656 0
      vertex 44.4128 45.8548 0
    endloop
  endfacet
  facet normal 0.974036 -0.226393 0
    outer loop
      vertex 42.5514 44.521 4
      vertex 42.5762 44.6277 0
      vertex 42.5762 44.6277 4
    endloop
  endfacet
  facet normal 0.974036 -0.226393 0
    outer loop
      vertex 42.5762 44.6277 0
      vertex 42.5514 44.521 4
      vertex 42.5514 44.521 0
    endloop
  endfacet
  facet normal 0.528112 -0.849175 0
    outer loop
      vertex 43.2636 45.5869 0
      vertex 43.3567 45.6448 4
      vertex 43.2636 45.5869 4
    endloop
  endfacet
  facet normal 0.528112 -0.849175 0
    outer loop
      vertex 43.3567 45.6448 4
      vertex 43.2636 45.5869 0
      vertex 43.3567 45.6448 0
    endloop
  endfacet
  facet normal 0.290944 0.95674 -0
    outer loop
      vertex 43.7607 42.5762 0
      vertex 43.6558 42.6081 4
      vertex 43.7607 42.5762 4
    endloop
  endfacet
  facet normal 0.290944 0.95674 0
    outer loop
      vertex 43.6558 42.6081 4
      vertex 43.7607 42.5762 0
      vertex 43.6558 42.6081 0
    endloop
  endfacet
  facet normal -0.849175 -0.528112 0
    outer loop
      vertex 45.6448 45.0317 0
      vertex 45.5869 45.1248 4
      vertex 45.5869 45.1248 0
    endloop
  endfacet
  facet normal -0.849175 -0.528112 0
    outer loop
      vertex 45.5869 45.1248 4
      vertex 45.6448 45.0317 0
      vertex 45.6448 45.0317 4
    endloop
  endfacet
  facet normal 0.226393 0.974036 -0
    outer loop
      vertex 43.8674 42.5514 0
      vertex 43.7607 42.5762 4
      vertex 43.8674 42.5514 4
    endloop
  endfacet
  facet normal 0.226393 0.974036 0
    outer loop
      vertex 43.7607 42.5762 4
      vertex 43.8674 42.5514 0
      vertex 43.7607 42.5762 0
    endloop
  endfacet
  facet normal 0.773429 -0.633883 0
    outer loop
      vertex 42.8653 45.2138 4
      vertex 42.9348 45.2986 0
      vertex 42.9348 45.2986 4
    endloop
  endfacet
  facet normal 0.773429 -0.633883 0
    outer loop
      vertex 42.9348 45.2986 0
      vertex 42.8653 45.2138 4
      vertex 42.8653 45.2138 0
    endloop
  endfacet
  facet normal 0.163363 0.986566 -0
    outer loop
      vertex 43.9755 42.5335 0
      vertex 43.8674 42.5514 4
      vertex 43.9755 42.5335 4
    endloop
  endfacet
  facet normal 0.163363 0.986566 0
    outer loop
      vertex 43.8674 42.5514 4
      vertex 43.9755 42.5335 0
      vertex 43.8674 42.5514 0
    endloop
  endfacet
  facet normal 0.849175 -0.528112 0
    outer loop
      vertex 42.7436 45.0317 4
      vertex 42.8015 45.1248 0
      vertex 42.8015 45.1248 4
    endloop
  endfacet
  facet normal 0.849175 -0.528112 0
    outer loop
      vertex 42.8015 45.1248 0
      vertex 42.7436 45.0317 4
      vertex 42.7436 45.0317 0
    endloop
  endfacet
  facet normal 0.412979 -0.910741 0
    outer loop
      vertex 43.4533 45.6964 0
      vertex 43.5532 45.7417 4
      vertex 43.4533 45.6964 4
    endloop
  endfacet
  facet normal 0.412979 -0.910741 0
    outer loop
      vertex 43.5532 45.7417 4
      vertex 43.4533 45.6964 0
      vertex 43.5532 45.7417 0
    endloop
  endfacet
  facet normal 0.995225 0.0976069 0
    outer loop
      vertex 42.5335 43.9755 4
      vertex 42.5228 44.0846 0
      vertex 42.5228 44.0846 4
    endloop
  endfacet
  facet normal 0.995225 0.0976069 0
    outer loop
      vertex 42.5228 44.0846 0
      vertex 42.5335 43.9755 4
      vertex 42.5335 43.9755 0
    endloop
  endfacet
  facet normal -0.812313 -0.583222 0
    outer loop
      vertex 45.5869 45.1248 0
      vertex 45.523 45.2138 4
      vertex 45.523 45.2138 0
    endloop
  endfacet
  facet normal -0.812313 -0.583222 0
    outer loop
      vertex 45.523 45.2138 4
      vertex 45.5869 45.1248 0
      vertex 45.5869 45.1248 4
    endloop
  endfacet
  facet normal 0.528112 0.849175 -0
    outer loop
      vertex 43.3567 42.7436 0
      vertex 43.2636 42.8015 4
      vertex 43.3567 42.7436 4
    endloop
  endfacet
  facet normal 0.528112 0.849175 0
    outer loop
      vertex 43.2636 42.8015 4
      vertex 43.3567 42.7436 0
      vertex 43.2636 42.8015 0
    endloop
  endfacet
  facet normal 0.935954 -0.352123 0
    outer loop
      vertex 42.6081 44.7326 4
      vertex 42.6467 44.8352 0
      vertex 42.6467 44.8352 4
    endloop
  endfacet
  facet normal 0.935954 -0.352123 0
    outer loop
      vertex 42.6467 44.8352 0
      vertex 42.6081 44.7326 4
      vertex 42.6081 44.7326 0
    endloop
  endfacet
  facet normal 0.0976069 0.995225 -0
    outer loop
      vertex 44.0846 42.5228 0
      vertex 43.9755 42.5335 4
      vertex 44.0846 42.5228 4
    endloop
  endfacet
  facet normal 0.0976069 0.995225 0
    outer loop
      vertex 43.9755 42.5335 4
      vertex 44.0846 42.5228 0
      vertex 43.9755 42.5335 0
    endloop
  endfacet
  facet normal 0.471867 0.88167 -0
    outer loop
      vertex 43.4533 42.6919 0
      vertex 43.3567 42.7436 4
      vertex 43.4533 42.6919 4
    endloop
  endfacet
  facet normal 0.471867 0.88167 0
    outer loop
      vertex 43.3567 42.7436 4
      vertex 43.4533 42.6919 0
      vertex 43.3567 42.7436 0
    endloop
  endfacet
  facet normal 0.935954 0.352123 0
    outer loop
      vertex 42.6467 43.5532 4
      vertex 42.6081 43.6558 0
      vertex 42.6081 43.6558 4
    endloop
  endfacet
  facet normal 0.935954 0.352123 0
    outer loop
      vertex 42.6081 43.6558 0
      vertex 42.6467 43.5532 4
      vertex 42.6467 43.5532 0
    endloop
  endfacet
  facet normal 0.881873 -0.471487 0
    outer loop
      vertex 42.6919 44.935 4
      vertex 42.7436 45.0317 0
      vertex 42.7436 45.0317 4
    endloop
  endfacet
  facet normal 0.881873 -0.471487 0
    outer loop
      vertex 42.7436 45.0317 0
      vertex 42.6919 44.935 4
      vertex 42.6919 44.935 0
    endloop
  endfacet
  facet normal 0.98659 -0.163216 0
    outer loop
      vertex 42.5335 44.4128 4
      vertex 42.5514 44.521 0
      vertex 42.5514 44.521 4
    endloop
  endfacet
  facet normal 0.98659 -0.163216 0
    outer loop
      vertex 42.5514 44.521 0
      vertex 42.5335 44.4128 4
      vertex 42.5335 44.4128 0
    endloop
  endfacet
  facet normal -0.910585 -0.413322 0
    outer loop
      vertex 45.7417 44.8352 0
      vertex 45.6964 44.935 4
      vertex 45.6964 44.935 0
    endloop
  endfacet
  facet normal -0.910585 -0.413322 0
    outer loop
      vertex 45.6964 44.935 4
      vertex 45.7417 44.8352 0
      vertex 45.7417 44.8352 4
    endloop
  endfacet
  facet normal -0.352123 0.935954 0
    outer loop
      vertex 44.8352 42.6467 0
      vertex 44.7326 42.6081 4
      vertex 44.8352 42.6467 4
    endloop
  endfacet
  facet normal -0.352123 0.935954 0
    outer loop
      vertex 44.7326 42.6081 4
      vertex 44.8352 42.6467 0
      vertex 44.7326 42.6081 0
    endloop
  endfacet
  facet normal 0.995225 -0.0976069 0
    outer loop
      vertex 42.5228 44.3037 4
      vertex 42.5335 44.4128 0
      vertex 42.5335 44.4128 4
    endloop
  endfacet
  facet normal 0.995225 -0.0976069 0
    outer loop
      vertex 42.5335 44.4128 0
      vertex 42.5228 44.3037 4
      vertex 42.5228 44.3037 0
    endloop
  endfacet
  facet normal -0.413322 -0.910585 0
    outer loop
      vertex 44.8352 45.7417 0
      vertex 44.935 45.6964 4
      vertex 44.8352 45.7417 4
    endloop
  endfacet
  facet normal -0.413322 -0.910585 -0
    outer loop
      vertex 44.935 45.6964 4
      vertex 44.8352 45.7417 0
      vertex 44.935 45.6964 0
    endloop
  endfacet
  facet normal -0.729992 -0.683455 0
    outer loop
      vertex 45.4535 45.2986 0
      vertex 45.3786 45.3786 4
      vertex 45.3786 45.3786 0
    endloop
  endfacet
  facet normal -0.729992 -0.683455 0
    outer loop
      vertex 45.3786 45.3786 4
      vertex 45.4535 45.2986 0
      vertex 45.4535 45.2986 4
    endloop
  endfacet
  facet normal -0.583222 -0.812313 0
    outer loop
      vertex 45.1248 45.5869 0
      vertex 45.2138 45.523 4
      vertex 45.1248 45.5869 4
    endloop
  endfacet
  facet normal -0.583222 -0.812313 -0
    outer loop
      vertex 45.2138 45.523 4
      vertex 45.1248 45.5869 0
      vertex 45.2138 45.523 0
    endloop
  endfacet
  facet normal 0.88167 0.471867 0
    outer loop
      vertex 42.7436 43.3567 4
      vertex 42.6919 43.4533 0
      vertex 42.6919 43.4533 4
    endloop
  endfacet
  facet normal 0.88167 0.471867 0
    outer loop
      vertex 42.6919 43.4533 0
      vertex 42.7436 43.3567 4
      vertex 42.7436 43.3567 0
    endloop
  endfacet
  facet normal 0.773062 0.634331 0
    outer loop
      vertex 42.9348 43.0898 4
      vertex 42.8653 43.1745 0
      vertex 42.8653 43.1745 4
    endloop
  endfacet
  facet normal 0.773062 0.634331 0
    outer loop
      vertex 42.8653 43.1745 0
      vertex 42.9348 43.0898 4
      vertex 42.9348 43.0898 0
    endloop
  endfacet
  facet normal 0.634331 0.773062 -0
    outer loop
      vertex 43.1745 42.8653 0
      vertex 43.0898 42.9348 4
      vertex 43.1745 42.8653 4
    endloop
  endfacet
  facet normal 0.634331 0.773062 0
    outer loop
      vertex 43.0898 42.9348 4
      vertex 43.1745 42.8653 0
      vertex 43.0898 42.9348 0
    endloop
  endfacet
  facet normal -0.471487 0.881873 0
    outer loop
      vertex 45.0317 42.7436 0
      vertex 44.935 42.6919 4
      vertex 45.0317 42.7436 4
    endloop
  endfacet
  facet normal -0.471487 0.881873 0
    outer loop
      vertex 44.935 42.6919 4
      vertex 45.0317 42.7436 0
      vertex 44.935 42.6919 0
    endloop
  endfacet
  facet normal -0.032859 0.99946 0
    outer loop
      vertex 44.3037 42.5228 0
      vertex 44.1942 42.5192 4
      vertex 44.3037 42.5228 4
    endloop
  endfacet
  facet normal -0.032859 0.99946 0
    outer loop
      vertex 44.1942 42.5192 4
      vertex 44.3037 42.5228 0
      vertex 44.1942 42.5192 0
    endloop
  endfacet
  facet normal -0.935954 -0.352123 0
    outer loop
      vertex 45.7803 44.7326 0
      vertex 45.7417 44.8352 4
      vertex 45.7417 44.8352 0
    endloop
  endfacet
  facet normal -0.935954 -0.352123 0
    outer loop
      vertex 45.7417 44.8352 4
      vertex 45.7803 44.7326 0
      vertex 45.7803 44.7326 4
    endloop
  endfacet
  facet normal 0.683941 0.729537 -0
    outer loop
      vertex 43.0898 42.9348 0
      vertex 43.0098 43.0098 4
      vertex 43.0898 42.9348 4
    endloop
  endfacet
  facet normal 0.683941 0.729537 0
    outer loop
      vertex 43.0098 43.0098 4
      vertex 43.0898 42.9348 0
      vertex 43.0098 43.0098 0
    endloop
  endfacet
  facet normal -0.582619 0.812745 0
    outer loop
      vertex 45.2138 42.8653 0
      vertex 45.1248 42.8015 4
      vertex 45.2138 42.8653 4
    endloop
  endfacet
  facet normal -0.582619 0.812745 0
    outer loop
      vertex 45.1248 42.8015 4
      vertex 45.2138 42.8653 0
      vertex 45.1248 42.8015 0
    endloop
  endfacet
  facet normal 0.974036 0.226393 0
    outer loop
      vertex 42.5762 43.7607 4
      vertex 42.5514 43.8674 0
      vertex 42.5514 43.8674 4
    endloop
  endfacet
  facet normal 0.974036 0.226393 0
    outer loop
      vertex 42.5514 43.8674 0
      vertex 42.5762 43.7607 4
      vertex 42.5762 43.7607 0
    endloop
  endfacet
  facet normal -0.633883 0.773429 0
    outer loop
      vertex 45.2986 42.9348 0
      vertex 45.2138 42.8653 4
      vertex 45.2986 42.9348 4
    endloop
  endfacet
  facet normal -0.633883 0.773429 0
    outer loop
      vertex 45.2138 42.8653 4
      vertex 45.2986 42.9348 0
      vertex 45.2138 42.8653 0
    endloop
  endfacet
  facet normal 0.95674 -0.290944 0
    outer loop
      vertex 42.5762 44.6277 4
      vertex 42.6081 44.7326 0
      vertex 42.6081 44.7326 4
    endloop
  endfacet
  facet normal 0.95674 -0.290944 0
    outer loop
      vertex 42.6081 44.7326 0
      vertex 42.5762 44.6277 4
      vertex 42.5762 44.6277 0
    endloop
  endfacet
  facet normal 0.471157 -0.882049 0
    outer loop
      vertex 43.3567 45.6448 0
      vertex 43.4533 45.6964 4
      vertex 43.3567 45.6448 4
    endloop
  endfacet
  facet normal 0.471157 -0.882049 0
    outer loop
      vertex 43.4533 45.6964 4
      vertex 43.3567 45.6448 0
      vertex 43.4533 45.6964 0
    endloop
  endfacet
  facet normal -0.683941 0.729537 0
    outer loop
      vertex 45.3786 43.0098 0
      vertex 45.2986 42.9348 4
      vertex 45.3786 43.0098 4
    endloop
  endfacet
  facet normal -0.683941 0.729537 0
    outer loop
      vertex 45.2986 42.9348 4
      vertex 45.3786 43.0098 0
      vertex 45.2986 42.9348 0
    endloop
  endfacet
  facet normal 0.95674 0.290944 0
    outer loop
      vertex 42.6081 43.6558 4
      vertex 42.5762 43.7607 0
      vertex 42.5762 43.7607 4
    endloop
  endfacet
  facet normal 0.95674 0.290944 0
    outer loop
      vertex 42.5762 43.7607 0
      vertex 42.6081 43.6558 4
      vertex 42.6081 43.6558 0
    endloop
  endfacet
  facet normal -0.0976069 0.995225 0
    outer loop
      vertex 44.4128 42.5335 0
      vertex 44.3037 42.5228 4
      vertex 44.4128 42.5335 4
    endloop
  endfacet
  facet normal -0.0976069 0.995225 0
    outer loop
      vertex 44.3037 42.5228 4
      vertex 44.4128 42.5335 0
      vertex 44.3037 42.5228 0
    endloop
  endfacet
  facet normal 0.729537 0.683941 0
    outer loop
      vertex 43.0098 43.0098 4
      vertex 42.9348 43.0898 0
      vertex 42.9348 43.0898 4
    endloop
  endfacet
  facet normal 0.729537 0.683941 0
    outer loop
      vertex 42.9348 43.0898 0
      vertex 43.0098 43.0098 4
      vertex 43.0098 43.0098 0
    endloop
  endfacet
  facet normal -0.99946 -0.032859 0
    outer loop
      vertex 45.8692 44.1942 0
      vertex 45.8656 44.3037 4
      vertex 45.8656 44.3037 0
    endloop
  endfacet
  facet normal -0.99946 -0.032859 0
    outer loop
      vertex 45.8656 44.3037 4
      vertex 45.8692 44.1942 0
      vertex 45.8692 44.1942 4
    endloop
  endfacet
  facet normal -0.163216 0.98659 0
    outer loop
      vertex 44.521 42.5514 0
      vertex 44.4128 42.5335 4
      vertex 44.521 42.5514 4
    endloop
  endfacet
  facet normal -0.163216 0.98659 0
    outer loop
      vertex 44.4128 42.5335 4
      vertex 44.521 42.5514 0
      vertex 44.4128 42.5335 0
    endloop
  endfacet
  facet normal -0.974036 -0.226393 0
    outer loop
      vertex -42.5514 44.521 0
      vertex -42.5762 44.6277 4
      vertex -42.5762 44.6277 0
    endloop
  endfacet
  facet normal -0.974036 -0.226393 0
    outer loop
      vertex -42.5762 44.6277 4
      vertex -42.5514 44.521 0
      vertex -42.5514 44.521 4
    endloop
  endfacet
  facet normal 0.773429 -0.633883 0
    outer loop
      vertex -45.523 45.2138 4
      vertex -45.4535 45.2986 0
      vertex -45.4535 45.2986 4
    endloop
  endfacet
  facet normal 0.773429 -0.633883 0
    outer loop
      vertex -45.4535 45.2986 0
      vertex -45.523 45.2138 4
      vertex -45.523 45.2138 0
    endloop
  endfacet
  facet normal 0.729992 -0.683455 0
    outer loop
      vertex -45.4535 45.2986 4
      vertex -45.3786 45.3786 0
      vertex -45.3786 45.3786 4
    endloop
  endfacet
  facet normal 0.729992 -0.683455 0
    outer loop
      vertex -45.3786 45.3786 0
      vertex -45.4535 45.2986 4
      vertex -45.4535 45.2986 0
    endloop
  endfacet
  facet normal 0.162328 -0.986737 0
    outer loop
      vertex -44.521 45.837 0
      vertex -44.4128 45.8548 4
      vertex -44.521 45.837 4
    endloop
  endfacet
  facet normal 0.162328 -0.986737 0
    outer loop
      vertex -44.4128 45.8548 4
      vertex -44.521 45.837 0
      vertex -44.4128 45.8548 0
    endloop
  endfacet
  facet normal 0.973834 -0.227258 0
    outer loop
      vertex -45.837 44.521 4
      vertex -45.8121 44.6277 0
      vertex -45.8121 44.6277 4
    endloop
  endfacet
  facet normal 0.973834 -0.227258 0
    outer loop
      vertex -45.8121 44.6277 0
      vertex -45.837 44.521 4
      vertex -45.837 44.521 0
    endloop
  endfacet
  facet normal -0.412222 0.911083 0
    outer loop
      vertex -43.4533 42.6919 0
      vertex -43.5532 42.6467 4
      vertex -43.4533 42.6919 4
    endloop
  endfacet
  facet normal -0.412222 0.911083 0
    outer loop
      vertex -43.5532 42.6467 4
      vertex -43.4533 42.6919 0
      vertex -43.5532 42.6467 0
    endloop
  endfacet
  facet normal 0.973834 0.227258 0
    outer loop
      vertex -45.8121 43.7607 4
      vertex -45.837 43.8674 0
      vertex -45.837 43.8674 4
    endloop
  endfacet
  facet normal 0.973834 0.227258 0
    outer loop
      vertex -45.837 43.8674 0
      vertex -45.8121 43.7607 4
      vertex -45.8121 43.7607 0
    endloop
  endfacet
  facet normal 0.729992 0.683455 0
    outer loop
      vertex -45.3786 43.0098 4
      vertex -45.4535 43.0898 0
      vertex -45.4535 43.0898 4
    endloop
  endfacet
  facet normal 0.729992 0.683455 0
    outer loop
      vertex -45.4535 43.0898 0
      vertex -45.3786 43.0098 4
      vertex -45.3786 43.0098 0
    endloop
  endfacet
  facet normal -0.290109 -0.956994 0
    outer loop
      vertex -43.7607 45.8121 0
      vertex -43.6558 45.7803 4
      vertex -43.7607 45.8121 4
    endloop
  endfacet
  facet normal -0.290109 -0.956994 -0
    outer loop
      vertex -43.6558 45.7803 4
      vertex -43.7607 45.8121 0
      vertex -43.6558 45.7803 0
    endloop
  endfacet
  facet normal 0.986737 -0.162328 0
    outer loop
      vertex -45.8548 44.4128 4
      vertex -45.837 44.521 0
      vertex -45.837 44.521 4
    endloop
  endfacet
  facet normal 0.986737 -0.162328 0
    outer loop
      vertex -45.837 44.521 0
      vertex -45.8548 44.4128 4
      vertex -45.8548 44.4128 0
    endloop
  endfacet
  facet normal -0.58279 -0.812623 0
    outer loop
      vertex -43.2636 45.5869 0
      vertex -43.1745 45.523 4
      vertex -43.2636 45.5869 4
    endloop
  endfacet
  facet normal -0.58279 -0.812623 -0
    outer loop
      vertex -43.1745 45.523 4
      vertex -43.2636 45.5869 0
      vertex -43.1745 45.523 0
    endloop
  endfacet
  facet normal 0.849175 -0.528112 0
    outer loop
      vertex -45.6448 45.0317 4
      vertex -45.5869 45.1248 0
      vertex -45.5869 45.1248 4
    endloop
  endfacet
  facet normal 0.849175 -0.528112 0
    outer loop
      vertex -45.5869 45.1248 0
      vertex -45.6448 45.0317 4
      vertex -45.6448 45.0317 0
    endloop
  endfacet
  facet normal 0.290109 -0.956994 0
    outer loop
      vertex -44.7326 45.7803 0
      vertex -44.6277 45.8121 4
      vertex -44.7326 45.7803 4
    endloop
  endfacet
  facet normal 0.290109 -0.956994 0
    outer loop
      vertex -44.6277 45.8121 4
      vertex -44.7326 45.7803 0
      vertex -44.6277 45.8121 0
    endloop
  endfacet
  facet normal 0.812623 0.58279 0
    outer loop
      vertex -45.523 43.1745 4
      vertex -45.5869 43.2636 0
      vertex -45.5869 43.2636 4
    endloop
  endfacet
  facet normal 0.812623 0.58279 0
    outer loop
      vertex -45.5869 43.2636 0
      vertex -45.523 43.1745 4
      vertex -45.523 43.1745 0
    endloop
  endfacet
  facet normal -0.227258 -0.973834 0
    outer loop
      vertex -43.8674 45.837 0
      vertex -43.7607 45.8121 4
      vertex -43.8674 45.837 4
    endloop
  endfacet
  facet normal -0.227258 -0.973834 -0
    outer loop
      vertex -43.7607 45.8121 4
      vertex -43.8674 45.837 0
      vertex -43.7607 45.8121 0
    endloop
  endfacet
  facet normal -0.999461 0.032829 0
    outer loop
      vertex -42.5228 44.0846 0
      vertex -42.5192 44.1942 4
      vertex -42.5192 44.1942 0
    endloop
  endfacet
  facet normal -0.999461 0.032829 0
    outer loop
      vertex -42.5192 44.1942 4
      vertex -42.5228 44.0846 0
      vertex -42.5228 44.0846 4
    endloop
  endfacet
  facet normal 0.032859 0.99946 -0
    outer loop
      vertex -44.1942 42.5192 0
      vertex -44.3037 42.5228 4
      vertex -44.1942 42.5192 4
    endloop
  endfacet
  facet normal 0.032859 0.99946 0
    outer loop
      vertex -44.3037 42.5228 4
      vertex -44.1942 42.5192 0
      vertex -44.3037 42.5228 0
    endloop
  endfacet
  facet normal 0.99946 -0.032859 0
    outer loop
      vertex -45.8692 44.1942 4
      vertex -45.8656 44.3037 0
      vertex -45.8656 44.3037 4
    endloop
  endfacet
  facet normal 0.99946 -0.032859 0
    outer loop
      vertex -45.8656 44.3037 0
      vertex -45.8692 44.1942 4
      vertex -45.8692 44.1942 0
    endloop
  endfacet
  facet normal -0.849175 -0.528112 0
    outer loop
      vertex -42.7436 45.0317 0
      vertex -42.8015 45.1248 4
      vertex -42.8015 45.1248 0
    endloop
  endfacet
  facet normal -0.849175 -0.528112 0
    outer loop
      vertex -42.8015 45.1248 4
      vertex -42.7436 45.0317 0
      vertex -42.7436 45.0317 4
    endloop
  endfacet
  facet normal -0.634331 -0.773062 0
    outer loop
      vertex -43.1745 45.523 0
      vertex -43.0898 45.4535 4
      vertex -43.1745 45.523 4
    endloop
  endfacet
  facet normal -0.634331 -0.773062 -0
    outer loop
      vertex -43.0898 45.4535 4
      vertex -43.1745 45.523 0
      vertex -43.0898 45.4535 0
    endloop
  endfacet
  facet normal -0.032829 0.999461 0
    outer loop
      vertex -44.0846 42.5228 0
      vertex -44.1942 42.5192 4
      vertex -44.0846 42.5228 4
    endloop
  endfacet
  facet normal -0.032829 0.999461 0
    outer loop
      vertex -44.1942 42.5192 4
      vertex -44.0846 42.5228 0
      vertex -44.1942 42.5192 0
    endloop
  endfacet
  facet normal 0.956994 0.290109 0
    outer loop
      vertex -45.7803 43.6558 4
      vertex -45.8121 43.7607 0
      vertex -45.8121 43.7607 4
    endloop
  endfacet
  facet normal 0.956994 0.290109 0
    outer loop
      vertex -45.8121 43.7607 0
      vertex -45.7803 43.6558 4
      vertex -45.7803 43.6558 0
    endloop
  endfacet
  facet normal 0.999461 0.032829 0
    outer loop
      vertex -45.8656 44.0846 4
      vertex -45.8692 44.1942 0
      vertex -45.8692 44.1942 4
    endloop
  endfacet
  facet normal 0.999461 0.032829 0
    outer loop
      vertex -45.8692 44.1942 0
      vertex -45.8656 44.0846 4
      vertex -45.8656 44.0846 0
    endloop
  endfacet
  facet normal 0.470778 -0.882252 0
    outer loop
      vertex -45.0317 45.6448 0
      vertex -44.935 45.6964 4
      vertex -45.0317 45.6448 4
    endloop
  endfacet
  facet normal 0.470778 -0.882252 0
    outer loop
      vertex -44.935 45.6964 4
      vertex -45.0317 45.6448 0
      vertex -44.935 45.6964 0
    endloop
  endfacet
  facet normal 0.683941 0.729537 -0
    outer loop
      vertex -45.2986 42.9348 0
      vertex -45.3786 43.0098 4
      vertex -45.2986 42.9348 4
    endloop
  endfacet
  facet normal 0.683941 0.729537 0
    outer loop
      vertex -45.3786 43.0098 4
      vertex -45.2986 42.9348 0
      vertex -45.3786 43.0098 0
    endloop
  endfacet
  facet normal -0.528112 0.849175 0
    outer loop
      vertex -43.2636 42.8015 0
      vertex -43.3567 42.7436 4
      vertex -43.2636 42.8015 4
    endloop
  endfacet
  facet normal -0.528112 0.849175 0
    outer loop
      vertex -43.3567 42.7436 4
      vertex -43.2636 42.8015 0
      vertex -43.3567 42.7436 0
    endloop
  endfacet
  facet normal -0.471157 -0.882049 0
    outer loop
      vertex -43.4533 45.6964 0
      vertex -43.3567 45.6448 4
      vertex -43.4533 45.6964 4
    endloop
  endfacet
  facet normal -0.471157 -0.882049 -0
    outer loop
      vertex -43.3567 45.6448 4
      vertex -43.4533 45.6964 0
      vertex -43.3567 45.6448 0
    endloop
  endfacet
  facet normal 0.935954 0.352123 0
    outer loop
      vertex -45.7417 43.5532 4
      vertex -45.7803 43.6558 0
      vertex -45.7803 43.6558 4
    endloop
  endfacet
  facet normal 0.935954 0.352123 0
    outer loop
      vertex -45.7803 43.6558 0
      vertex -45.7417 43.5532 4
      vertex -45.7417 43.5532 0
    endloop
  endfacet
  facet normal -0.935954 0.352123 0
    outer loop
      vertex -42.6467 43.5532 0
      vertex -42.6081 43.6558 4
      vertex -42.6081 43.6558 0
    endloop
  endfacet
  facet normal -0.935954 0.352123 0
    outer loop
      vertex -42.6081 43.6558 4
      vertex -42.6467 43.5532 0
      vertex -42.6467 43.5532 4
    endloop
  endfacet
  facet normal 0.773062 0.634331 0
    outer loop
      vertex -45.4535 43.0898 4
      vertex -45.523 43.1745 0
      vertex -45.523 43.1745 4
    endloop
  endfacet
  facet normal 0.773062 0.634331 0
    outer loop
      vertex -45.523 43.1745 0
      vertex -45.4535 43.0898 4
      vertex -45.4535 43.0898 0
    endloop
  endfacet
  facet normal 0.0985103 -0.995136 0
    outer loop
      vertex -44.4128 45.8548 0
      vertex -44.3037 45.8656 4
      vertex -44.4128 45.8548 4
    endloop
  endfacet
  facet normal 0.0985103 -0.995136 0
    outer loop
      vertex -44.3037 45.8656 4
      vertex -44.4128 45.8548 0
      vertex -44.3037 45.8656 0
    endloop
  endfacet
  facet normal 0.849175 0.528112 0
    outer loop
      vertex -45.5869 43.2636 4
      vertex -45.6448 43.3567 0
      vertex -45.6448 43.3567 4
    endloop
  endfacet
  facet normal 0.849175 0.528112 0
    outer loop
      vertex -45.6448 43.3567 0
      vertex -45.5869 43.2636 4
      vertex -45.5869 43.2636 0
    endloop
  endfacet
  facet normal 0.227258 -0.973834 0
    outer loop
      vertex -44.6277 45.8121 0
      vertex -44.521 45.837 4
      vertex -44.6277 45.8121 4
    endloop
  endfacet
  facet normal 0.227258 -0.973834 0
    outer loop
      vertex -44.521 45.837 4
      vertex -44.6277 45.8121 0
      vertex -44.521 45.837 0
    endloop
  endfacet
  facet normal -0.683455 -0.729992 0
    outer loop
      vertex -43.0898 45.4535 0
      vertex -43.0098 45.3786 4
      vertex -43.0898 45.4535 4
    endloop
  endfacet
  facet normal -0.683455 -0.729992 -0
    outer loop
      vertex -43.0098 45.3786 4
      vertex -43.0898 45.4535 0
      vertex -43.0098 45.3786 0
    endloop
  endfacet
  facet normal -0.911083 0.412222 0
    outer loop
      vertex -42.6919 43.4533 0
      vertex -42.6467 43.5532 4
      vertex -42.6467 43.5532 0
    endloop
  endfacet
  facet normal -0.911083 0.412222 0
    outer loop
      vertex -42.6467 43.5532 4
      vertex -42.6919 43.4533 0
      vertex -42.6919 43.4533 4
    endloop
  endfacet
  facet normal -0.163363 0.986566 0
    outer loop
      vertex -43.8674 42.5514 0
      vertex -43.9755 42.5335 4
      vertex -43.8674 42.5514 4
    endloop
  endfacet
  facet normal -0.163363 0.986566 0
    outer loop
      vertex -43.9755 42.5335 4
      vertex -43.8674 42.5514 0
      vertex -43.9755 42.5335 0
    endloop
  endfacet
  facet normal 0.633883 -0.773429 0
    outer loop
      vertex -45.2986 45.4535 0
      vertex -45.2138 45.523 4
      vertex -45.2986 45.4535 4
    endloop
  endfacet
  facet normal 0.633883 -0.773429 0
    outer loop
      vertex -45.2138 45.523 4
      vertex -45.2986 45.4535 0
      vertex -45.2138 45.523 0
    endloop
  endfacet
  facet normal -0.412979 -0.910741 0
    outer loop
      vertex -43.5532 45.7417 0
      vertex -43.4533 45.6964 4
      vertex -43.5532 45.7417 4
    endloop
  endfacet
  facet normal -0.412979 -0.910741 -0
    outer loop
      vertex -43.4533 45.6964 4
      vertex -43.5532 45.7417 0
      vertex -43.4533 45.6964 0
    endloop
  endfacet
  facet normal 0.935954 -0.352123 0
    outer loop
      vertex -45.7803 44.7326 4
      vertex -45.7417 44.8352 0
      vertex -45.7417 44.8352 4
    endloop
  endfacet
  facet normal 0.935954 -0.352123 0
    outer loop
      vertex -45.7417 44.8352 0
      vertex -45.7803 44.7326 4
      vertex -45.7803 44.7326 0
    endloop
  endfacet
  facet normal -0.352123 -0.935954 0
    outer loop
      vertex -43.6558 45.7803 0
      vertex -43.5532 45.7417 4
      vertex -43.6558 45.7803 4
    endloop
  endfacet
  facet normal -0.352123 -0.935954 -0
    outer loop
      vertex -43.5532 45.7417 4
      vertex -43.6558 45.7803 0
      vertex -43.5532 45.7417 0
    endloop
  endfacet
  facet normal -0.528112 -0.849175 0
    outer loop
      vertex -43.3567 45.6448 0
      vertex -43.2636 45.5869 4
      vertex -43.3567 45.6448 4
    endloop
  endfacet
  facet normal -0.528112 -0.849175 -0
    outer loop
      vertex -43.2636 45.5869 4
      vertex -43.3567 45.6448 0
      vertex -43.2636 45.5869 0
    endloop
  endfacet
  facet normal 0.882252 -0.470778 0
    outer loop
      vertex -45.6964 44.935 4
      vertex -45.6448 45.0317 0
      vertex -45.6448 45.0317 4
    endloop
  endfacet
  facet normal 0.882252 -0.470778 0
    outer loop
      vertex -45.6448 45.0317 0
      vertex -45.6964 44.935 4
      vertex -45.6964 44.935 0
    endloop
  endfacet
  facet normal -0.813055 0.582187 0
    outer loop
      vertex -42.8653 43.1745 0
      vertex -42.8015 43.2636 4
      vertex -42.8015 43.2636 0
    endloop
  endfacet
  facet normal -0.813055 0.582187 0
    outer loop
      vertex -42.8015 43.2636 4
      vertex -42.8653 43.1745 0
      vertex -42.8653 43.1745 4
    endloop
  endfacet
  facet normal 0.956994 -0.290109 0
    outer loop
      vertex -45.8121 44.6277 4
      vertex -45.7803 44.7326 0
      vertex -45.7803 44.7326 4
    endloop
  endfacet
  facet normal 0.956994 -0.290109 0
    outer loop
      vertex -45.7803 44.7326 0
      vertex -45.8121 44.6277 4
      vertex -45.8121 44.6277 0
    endloop
  endfacet
  facet normal -0.162474 -0.986713 0
    outer loop
      vertex -43.9755 45.8548 0
      vertex -43.8674 45.837 4
      vertex -43.9755 45.8548 4
    endloop
  endfacet
  facet normal -0.162474 -0.986713 -0
    outer loop
      vertex -43.8674 45.837 4
      vertex -43.9755 45.8548 0
      vertex -43.8674 45.837 0
    endloop
  endfacet
  facet normal 0.995136 -0.0985103 0
    outer loop
      vertex -45.8656 44.3037 4
      vertex -45.8548 44.4128 0
      vertex -45.8548 44.4128 4
    endloop
  endfacet
  facet normal 0.995136 -0.0985103 0
    outer loop
      vertex -45.8548 44.4128 0
      vertex -45.8656 44.3037 4
      vertex -45.8656 44.3037 0
    endloop
  endfacet
  facet normal 0.226393 0.974036 -0
    outer loop
      vertex -44.521 42.5514 0
      vertex -44.6277 42.5762 4
      vertex -44.521 42.5514 4
    endloop
  endfacet
  facet normal 0.226393 0.974036 0
    outer loop
      vertex -44.6277 42.5762 4
      vertex -44.521 42.5514 0
      vertex -44.6277 42.5762 0
    endloop
  endfacet
  facet normal -0.95674 0.290944 0
    outer loop
      vertex -42.6081 43.6558 0
      vertex -42.5762 43.7607 4
      vertex -42.5762 43.7607 0
    endloop
  endfacet
  facet normal -0.95674 0.290944 0
    outer loop
      vertex -42.5762 43.7607 4
      vertex -42.6081 43.6558 0
      vertex -42.6081 43.6558 4
    endloop
  endfacet
  facet normal 0.528112 -0.849175 0
    outer loop
      vertex -45.1248 45.5869 0
      vertex -45.0317 45.6448 4
      vertex -45.1248 45.5869 4
    endloop
  endfacet
  facet normal 0.528112 -0.849175 0
    outer loop
      vertex -45.0317 45.6448 4
      vertex -45.1248 45.5869 0
      vertex -45.0317 45.6448 0
    endloop
  endfacet
  facet normal -0.729537 -0.683941 0
    outer loop
      vertex -42.9348 45.2986 0
      vertex -43.0098 45.3786 4
      vertex -43.0098 45.3786 0
    endloop
  endfacet
  facet normal -0.729537 -0.683941 0
    outer loop
      vertex -43.0098 45.3786 4
      vertex -42.9348 45.2986 0
      vertex -42.9348 45.2986 4
    endloop
  endfacet
  facet normal -0.974036 0.226393 0
    outer loop
      vertex -42.5762 43.7607 0
      vertex -42.5514 43.8674 4
      vertex -42.5514 43.8674 0
    endloop
  endfacet
  facet normal -0.974036 0.226393 0
    outer loop
      vertex -42.5514 43.8674 4
      vertex -42.5762 43.7607 0
      vertex -42.5762 43.7607 4
    endloop
  endfacet
  facet normal 0.582619 0.812745 -0
    outer loop
      vertex -45.1248 42.8015 0
      vertex -45.2138 42.8653 4
      vertex -45.1248 42.8015 4
    endloop
  endfacet
  facet normal 0.582619 0.812745 0
    outer loop
      vertex -45.2138 42.8653 4
      vertex -45.1248 42.8015 0
      vertex -45.2138 42.8653 0
    endloop
  endfacet
  facet normal -0.812745 -0.582619 0
    outer loop
      vertex -42.8015 45.1248 0
      vertex -42.8653 45.2138 4
      vertex -42.8653 45.2138 0
    endloop
  endfacet
  facet normal -0.812745 -0.582619 0
    outer loop
      vertex -42.8653 45.2138 4
      vertex -42.8015 45.1248 0
      vertex -42.8015 45.1248 4
    endloop
  endfacet
  facet normal 0.528112 0.849175 -0
    outer loop
      vertex -45.0317 42.7436 0
      vertex -45.1248 42.8015 4
      vertex -45.0317 42.7436 4
    endloop
  endfacet
  facet normal 0.528112 0.849175 0
    outer loop
      vertex -45.1248 42.8015 4
      vertex -45.0317 42.7436 0
      vertex -45.1248 42.8015 0
    endloop
  endfacet
  facet normal 0.910741 0.412979 0
    outer loop
      vertex -45.6964 43.4533 4
      vertex -45.7417 43.5532 0
      vertex -45.7417 43.5532 4
    endloop
  endfacet
  facet normal 0.910741 0.412979 0
    outer loop
      vertex -45.7417 43.5532 0
      vertex -45.6964 43.4533 4
      vertex -45.6964 43.4533 0
    endloop
  endfacet
  facet normal -0.0976069 0.995225 0
    outer loop
      vertex -43.9755 42.5335 0
      vertex -44.0846 42.5228 4
      vertex -43.9755 42.5335 4
    endloop
  endfacet
  facet normal -0.0976069 0.995225 0
    outer loop
      vertex -44.0846 42.5228 4
      vertex -43.9755 42.5335 0
      vertex -44.0846 42.5228 0
    endloop
  endfacet
  facet normal 0.583222 -0.812313 0
    outer loop
      vertex -45.2138 45.523 0
      vertex -45.1248 45.5869 4
      vertex -45.2138 45.523 4
    endloop
  endfacet
  facet normal 0.583222 -0.812313 0
    outer loop
      vertex -45.1248 45.5869 4
      vertex -45.2138 45.523 0
      vertex -45.1248 45.5869 0
    endloop
  endfacet
  facet normal -0.849175 0.528112 0
    outer loop
      vertex -42.8015 43.2636 0
      vertex -42.7436 43.3567 4
      vertex -42.7436 43.3567 0
    endloop
  endfacet
  facet normal -0.849175 0.528112 0
    outer loop
      vertex -42.7436 43.3567 4
      vertex -42.8015 43.2636 0
      vertex -42.8015 43.2636 4
    endloop
  endfacet
  facet normal 0.352123 0.935954 -0
    outer loop
      vertex -44.7326 42.6081 0
      vertex -44.8352 42.6467 4
      vertex -44.7326 42.6081 4
    endloop
  endfacet
  facet normal 0.352123 0.935954 0
    outer loop
      vertex -44.8352 42.6467 4
      vertex -44.7326 42.6081 0
      vertex -44.8352 42.6467 0
    endloop
  endfacet
  facet normal -0.995225 0.0976069 0
    outer loop
      vertex -42.5335 43.9755 0
      vertex -42.5228 44.0846 4
      vertex -42.5228 44.0846 0
    endloop
  endfacet
  facet normal -0.995225 0.0976069 0
    outer loop
      vertex -42.5228 44.0846 4
      vertex -42.5335 43.9755 0
      vertex -42.5335 43.9755 4
    endloop
  endfacet
  facet normal -0.88167 0.471867 0
    outer loop
      vertex -42.7436 43.3567 0
      vertex -42.6919 43.4533 4
      vertex -42.6919 43.4533 0
    endloop
  endfacet
  facet normal -0.88167 0.471867 0
    outer loop
      vertex -42.6919 43.4533 4
      vertex -42.7436 43.3567 0
      vertex -42.7436 43.3567 4
    endloop
  endfacet
  facet normal -0.352123 0.935954 0
    outer loop
      vertex -43.5532 42.6467 0
      vertex -43.6558 42.6081 4
      vertex -43.5532 42.6467 4
    endloop
  endfacet
  facet normal -0.352123 0.935954 0
    outer loop
      vertex -43.6558 42.6081 4
      vertex -43.5532 42.6467 0
      vertex -43.6558 42.6081 0
    endloop
  endfacet
  facet normal 0.412565 0.910928 -0
    outer loop
      vertex -44.8352 42.6467 0
      vertex -44.935 42.6919 4
      vertex -44.8352 42.6467 4
    endloop
  endfacet
  facet normal 0.412565 0.910928 0
    outer loop
      vertex -44.935 42.6919 4
      vertex -44.8352 42.6467 0
      vertex -44.935 42.6919 0
    endloop
  endfacet
  facet normal 0.471487 0.881873 -0
    outer loop
      vertex -44.935 42.6919 0
      vertex -45.0317 42.7436 4
      vertex -44.935 42.6919 4
    endloop
  endfacet
  facet normal 0.471487 0.881873 0
    outer loop
      vertex -45.0317 42.7436 4
      vertex -44.935 42.6919 0
      vertex -45.0317 42.7436 0
    endloop
  endfacet
  facet normal 0.986713 0.162474 0
    outer loop
      vertex -45.837 43.8674 4
      vertex -45.8548 43.9755 0
      vertex -45.8548 43.9755 4
    endloop
  endfacet
  facet normal 0.986713 0.162474 0
    outer loop
      vertex -45.8548 43.9755 0
      vertex -45.837 43.8674 4
      vertex -45.837 43.8674 0
    endloop
  endfacet
  facet normal 0.995136 0.0985103 0
    outer loop
      vertex -45.8548 43.9755 4
      vertex -45.8656 44.0846 0
      vertex -45.8656 44.0846 4
    endloop
  endfacet
  facet normal 0.995136 0.0985103 0
    outer loop
      vertex -45.8656 44.0846 0
      vertex -45.8548 43.9755 4
      vertex -45.8548 43.9755 0
    endloop
  endfacet
  facet normal 0.413322 -0.910585 0
    outer loop
      vertex -44.935 45.6964 0
      vertex -44.8352 45.7417 4
      vertex -44.935 45.6964 4
    endloop
  endfacet
  facet normal 0.413322 -0.910585 0
    outer loop
      vertex -44.8352 45.7417 4
      vertex -44.935 45.6964 0
      vertex -44.8352 45.7417 0
    endloop
  endfacet
  facet normal -0.935954 -0.352123 0
    outer loop
      vertex -42.6081 44.7326 0
      vertex -42.6467 44.8352 4
      vertex -42.6467 44.8352 0
    endloop
  endfacet
  facet normal -0.935954 -0.352123 0
    outer loop
      vertex -42.6467 44.8352 4
      vertex -42.6081 44.7326 0
      vertex -42.6081 44.7326 4
    endloop
  endfacet
  facet normal 0.0976069 0.995225 -0
    outer loop
      vertex -44.3037 42.5228 0
      vertex -44.4128 42.5335 4
      vertex -44.3037 42.5228 4
    endloop
  endfacet
  facet normal 0.0976069 0.995225 0
    outer loop
      vertex -44.4128 42.5335 4
      vertex -44.3037 42.5228 0
      vertex -44.4128 42.5335 0
    endloop
  endfacet
  facet normal 0.910585 -0.413322 0
    outer loop
      vertex -45.7417 44.8352 4
      vertex -45.6964 44.935 0
      vertex -45.6964 44.935 4
    endloop
  endfacet
  facet normal 0.910585 -0.413322 0
    outer loop
      vertex -45.6964 44.935 0
      vertex -45.7417 44.8352 4
      vertex -45.7417 44.8352 0
    endloop
  endfacet
  facet normal 0.683455 -0.729992 0
    outer loop
      vertex -45.3786 45.3786 0
      vertex -45.2986 45.4535 4
      vertex -45.3786 45.3786 4
    endloop
  endfacet
  facet normal 0.683455 -0.729992 0
    outer loop
      vertex -45.2986 45.4535 4
      vertex -45.3786 45.3786 0
      vertex -45.2986 45.4535 0
    endloop
  endfacet
  facet normal -0.0985103 -0.995136 0
    outer loop
      vertex -44.0846 45.8656 0
      vertex -43.9755 45.8548 4
      vertex -44.0846 45.8656 4
    endloop
  endfacet
  facet normal -0.0985103 -0.995136 -0
    outer loop
      vertex -43.9755 45.8548 4
      vertex -44.0846 45.8656 0
      vertex -43.9755 45.8548 0
    endloop
  endfacet
  facet normal 0.812313 -0.583222 0
    outer loop
      vertex -45.5869 45.1248 4
      vertex -45.523 45.2138 0
      vertex -45.523 45.2138 4
    endloop
  endfacet
  facet normal 0.812313 -0.583222 0
    outer loop
      vertex -45.523 45.2138 0
      vertex -45.5869 45.1248 4
      vertex -45.5869 45.1248 0
    endloop
  endfacet
  facet normal 0.633883 0.773429 -0
    outer loop
      vertex -45.2138 42.8653 0
      vertex -45.2986 42.9348 4
      vertex -45.2138 42.8653 4
    endloop
  endfacet
  facet normal 0.633883 0.773429 0
    outer loop
      vertex -45.2986 42.9348 4
      vertex -45.2138 42.8653 0
      vertex -45.2986 42.9348 0
    endloop
  endfacet
  facet normal -0.471867 0.88167 0
    outer loop
      vertex -43.3567 42.7436 0
      vertex -43.4533 42.6919 4
      vertex -43.3567 42.7436 4
    endloop
  endfacet
  facet normal -0.471867 0.88167 0
    outer loop
      vertex -43.4533 42.6919 4
      vertex -43.3567 42.7436 0
      vertex -43.4533 42.6919 0
    endloop
  endfacet
  facet normal -0.582187 0.813055 0
    outer loop
      vertex -43.1745 42.8653 0
      vertex -43.2636 42.8015 4
      vertex -43.1745 42.8653 4
    endloop
  endfacet
  facet normal -0.582187 0.813055 0
    outer loop
      vertex -43.2636 42.8015 4
      vertex -43.1745 42.8653 0
      vertex -43.2636 42.8015 0
    endloop
  endfacet
  facet normal -0.634331 0.773062 0
    outer loop
      vertex -43.0898 42.9348 0
      vertex -43.1745 42.8653 4
      vertex -43.0898 42.9348 4
    endloop
  endfacet
  facet normal -0.634331 0.773062 0
    outer loop
      vertex -43.1745 42.8653 4
      vertex -43.0898 42.9348 0
      vertex -43.1745 42.8653 0
    endloop
  endfacet
  facet normal -0.95674 -0.290944 0
    outer loop
      vertex -42.5762 44.6277 0
      vertex -42.6081 44.7326 4
      vertex -42.6081 44.7326 0
    endloop
  endfacet
  facet normal -0.95674 -0.290944 0
    outer loop
      vertex -42.6081 44.7326 4
      vertex -42.5762 44.6277 0
      vertex -42.5762 44.6277 4
    endloop
  endfacet
  facet normal -0.773062 0.634331 0
    outer loop
      vertex -42.9348 43.0898 0
      vertex -42.8653 43.1745 4
      vertex -42.8653 43.1745 0
    endloop
  endfacet
  facet normal -0.773062 0.634331 0
    outer loop
      vertex -42.8653 43.1745 4
      vertex -42.9348 43.0898 0
      vertex -42.9348 43.0898 4
    endloop
  endfacet
  facet normal -0.881873 -0.471487 0
    outer loop
      vertex -42.6919 44.935 0
      vertex -42.7436 45.0317 4
      vertex -42.7436 45.0317 0
    endloop
  endfacet
  facet normal -0.881873 -0.471487 0
    outer loop
      vertex -42.7436 45.0317 4
      vertex -42.6919 44.935 0
      vertex -42.6919 44.935 4
    endloop
  endfacet
  facet normal -0.99946 -0.032859 0
    outer loop
      vertex -42.5192 44.1942 0
      vertex -42.5228 44.3037 4
      vertex -42.5228 44.3037 0
    endloop
  endfacet
  facet normal -0.99946 -0.032859 0
    outer loop
      vertex -42.5228 44.3037 4
      vertex -42.5192 44.1942 0
      vertex -42.5192 44.1942 4
    endloop
  endfacet
  facet normal 0.882049 0.471157 0
    outer loop
      vertex -45.6448 43.3567 4
      vertex -45.6964 43.4533 0
      vertex -45.6964 43.4533 4
    endloop
  endfacet
  facet normal 0.882049 0.471157 0
    outer loop
      vertex -45.6964 43.4533 0
      vertex -45.6448 43.3567 4
      vertex -45.6448 43.3567 0
    endloop
  endfacet
  facet normal 0.352123 -0.935954 0
    outer loop
      vertex -44.8352 45.7417 0
      vertex -44.7326 45.7803 4
      vertex -44.8352 45.7417 4
    endloop
  endfacet
  facet normal 0.352123 -0.935954 0
    outer loop
      vertex -44.7326 45.7803 4
      vertex -44.8352 45.7417 0
      vertex -44.7326 45.7803 0
    endloop
  endfacet
  facet normal -0.729537 0.683941 0
    outer loop
      vertex -43.0098 43.0098 0
      vertex -42.9348 43.0898 4
      vertex -42.9348 43.0898 0
    endloop
  endfacet
  facet normal -0.729537 0.683941 0
    outer loop
      vertex -42.9348 43.0898 4
      vertex -43.0098 43.0098 0
      vertex -43.0098 43.0098 4
    endloop
  endfacet
  facet normal 0.163216 0.98659 -0
    outer loop
      vertex -44.4128 42.5335 0
      vertex -44.521 42.5514 4
      vertex -44.4128 42.5335 4
    endloop
  endfacet
  facet normal 0.163216 0.98659 0
    outer loop
      vertex -44.521 42.5514 4
      vertex -44.4128 42.5335 0
      vertex -44.521 42.5514 0
    endloop
  endfacet
  facet normal 0.290944 0.95674 -0
    outer loop
      vertex -44.6277 42.5762 0
      vertex -44.7326 42.6081 4
      vertex -44.6277 42.5762 4
    endloop
  endfacet
  facet normal 0.290944 0.95674 0
    outer loop
      vertex -44.7326 42.6081 4
      vertex -44.6277 42.5762 0
      vertex -44.7326 42.6081 0
    endloop
  endfacet
  facet normal -0.226393 0.974036 0
    outer loop
      vertex -43.7607 42.5762 0
      vertex -43.8674 42.5514 4
      vertex -43.7607 42.5762 4
    endloop
  endfacet
  facet normal -0.226393 0.974036 0
    outer loop
      vertex -43.8674 42.5514 4
      vertex -43.7607 42.5762 0
      vertex -43.8674 42.5514 0
    endloop
  endfacet
  facet normal -0.773429 -0.633883 0
    outer loop
      vertex -42.8653 45.2138 0
      vertex -42.9348 45.2986 4
      vertex -42.9348 45.2986 0
    endloop
  endfacet
  facet normal -0.773429 -0.633883 0
    outer loop
      vertex -42.9348 45.2986 4
      vertex -42.8653 45.2138 0
      vertex -42.8653 45.2138 4
    endloop
  endfacet
  facet normal -0.290944 0.95674 0
    outer loop
      vertex -43.6558 42.6081 0
      vertex -43.7607 42.5762 4
      vertex -43.6558 42.6081 4
    endloop
  endfacet
  facet normal -0.290944 0.95674 0
    outer loop
      vertex -43.7607 42.5762 4
      vertex -43.6558 42.6081 0
      vertex -43.7607 42.5762 0
    endloop
  endfacet
  facet normal -0.995225 -0.0976069 0
    outer loop
      vertex -42.5228 44.3037 0
      vertex -42.5335 44.4128 4
      vertex -42.5335 44.4128 0
    endloop
  endfacet
  facet normal -0.995225 -0.0976069 0
    outer loop
      vertex -42.5335 44.4128 4
      vertex -42.5228 44.3037 0
      vertex -42.5228 44.3037 4
    endloop
  endfacet
  facet normal -0.986566 0.163363 0
    outer loop
      vertex -42.5514 43.8674 0
      vertex -42.5335 43.9755 4
      vertex -42.5335 43.9755 0
    endloop
  endfacet
  facet normal -0.986566 0.163363 0
    outer loop
      vertex -42.5335 43.9755 4
      vertex -42.5514 43.8674 0
      vertex -42.5514 43.8674 4
    endloop
  endfacet
  facet normal -0.032829 -0.999461 0
    outer loop
      vertex -44.1942 45.8692 0
      vertex -44.0846 45.8656 4
      vertex -44.1942 45.8692 4
    endloop
  endfacet
  facet normal -0.032829 -0.999461 -0
    outer loop
      vertex -44.0846 45.8656 4
      vertex -44.1942 45.8692 0
      vertex -44.0846 45.8656 0
    endloop
  endfacet
  facet normal -0.683941 0.729537 0
    outer loop
      vertex -43.0098 43.0098 0
      vertex -43.0898 42.9348 4
      vertex -43.0098 43.0098 4
    endloop
  endfacet
  facet normal -0.683941 0.729537 0
    outer loop
      vertex -43.0898 42.9348 4
      vertex -43.0098 43.0098 0
      vertex -43.0898 42.9348 0
    endloop
  endfacet
  facet normal -0.910928 -0.412565 0
    outer loop
      vertex -42.6467 44.8352 0
      vertex -42.6919 44.935 4
      vertex -42.6919 44.935 0
    endloop
  endfacet
  facet normal -0.910928 -0.412565 0
    outer loop
      vertex -42.6919 44.935 4
      vertex -42.6467 44.8352 0
      vertex -42.6467 44.8352 4
    endloop
  endfacet
  facet normal 0.032859 -0.99946 0
    outer loop
      vertex -44.3037 45.8656 0
      vertex -44.1942 45.8692 4
      vertex -44.3037 45.8656 4
    endloop
  endfacet
  facet normal 0.032859 -0.99946 0
    outer loop
      vertex -44.1942 45.8692 4
      vertex -44.3037 45.8656 0
      vertex -44.1942 45.8692 0
    endloop
  endfacet
  facet normal -0.98659 -0.163216 0
    outer loop
      vertex -42.5335 44.4128 0
      vertex -42.5514 44.521 4
      vertex -42.5514 44.521 0
    endloop
  endfacet
  facet normal -0.98659 -0.163216 0
    outer loop
      vertex -42.5514 44.521 4
      vertex -42.5335 44.4128 0
      vertex -42.5335 44.4128 4
    endloop
  endfacet
  facet normal 0.226393 -0.974036 0
    outer loop
      vertex -44.6277 -42.5762 0
      vertex -44.521 -42.5514 4
      vertex -44.6277 -42.5762 4
    endloop
  endfacet
  facet normal 0.226393 -0.974036 0
    outer loop
      vertex -44.521 -42.5514 4
      vertex -44.6277 -42.5762 0
      vertex -44.521 -42.5514 0
    endloop
  endfacet
  facet normal 0.986737 0.162328 0
    outer loop
      vertex -45.837 -44.521 4
      vertex -45.8548 -44.4128 0
      vertex -45.8548 -44.4128 4
    endloop
  endfacet
  facet normal 0.986737 0.162328 0
    outer loop
      vertex -45.8548 -44.4128 0
      vertex -45.837 -44.521 4
      vertex -45.837 -44.521 0
    endloop
  endfacet
  facet normal 0.227258 0.973834 -0
    outer loop
      vertex -44.521 -45.837 0
      vertex -44.6277 -45.8121 4
      vertex -44.521 -45.837 4
    endloop
  endfacet
  facet normal 0.227258 0.973834 0
    outer loop
      vertex -44.6277 -45.8121 4
      vertex -44.521 -45.837 0
      vertex -44.6277 -45.8121 0
    endloop
  endfacet
  facet normal 0.413322 0.910585 -0
    outer loop
      vertex -44.8352 -45.7417 0
      vertex -44.935 -45.6964 4
      vertex -44.8352 -45.7417 4
    endloop
  endfacet
  facet normal 0.413322 0.910585 0
    outer loop
      vertex -44.935 -45.6964 4
      vertex -44.8352 -45.7417 0
      vertex -44.935 -45.6964 0
    endloop
  endfacet
  facet normal -0.227258 0.973834 0
    outer loop
      vertex -43.7607 -45.8121 0
      vertex -43.8674 -45.837 4
      vertex -43.7607 -45.8121 4
    endloop
  endfacet
  facet normal -0.227258 0.973834 0
    outer loop
      vertex -43.8674 -45.837 4
      vertex -43.7607 -45.8121 0
      vertex -43.8674 -45.837 0
    endloop
  endfacet
  facet normal 0.683455 0.729992 -0
    outer loop
      vertex -45.2986 -45.4535 0
      vertex -45.3786 -45.3786 4
      vertex -45.2986 -45.4535 4
    endloop
  endfacet
  facet normal 0.683455 0.729992 0
    outer loop
      vertex -45.3786 -45.3786 4
      vertex -45.2986 -45.4535 0
      vertex -45.3786 -45.3786 0
    endloop
  endfacet
  facet normal -0.683455 0.729992 0
    outer loop
      vertex -43.0098 -45.3786 0
      vertex -43.0898 -45.4535 4
      vertex -43.0098 -45.3786 4
    endloop
  endfacet
  facet normal -0.683455 0.729992 0
    outer loop
      vertex -43.0898 -45.4535 4
      vertex -43.0098 -45.3786 0
      vertex -43.0898 -45.4535 0
    endloop
  endfacet
  facet normal 0.032859 0.99946 -0
    outer loop
      vertex -44.1942 -45.8692 0
      vertex -44.3037 -45.8656 4
      vertex -44.1942 -45.8692 4
    endloop
  endfacet
  facet normal 0.032859 0.99946 0
    outer loop
      vertex -44.3037 -45.8656 4
      vertex -44.1942 -45.8692 0
      vertex -44.3037 -45.8656 0
    endloop
  endfacet
  facet normal 0.956994 -0.290109 0
    outer loop
      vertex -45.8121 -43.7607 4
      vertex -45.7803 -43.6558 0
      vertex -45.7803 -43.6558 4
    endloop
  endfacet
  facet normal 0.956994 -0.290109 0
    outer loop
      vertex -45.7803 -43.6558 0
      vertex -45.8121 -43.7607 4
      vertex -45.8121 -43.7607 0
    endloop
  endfacet
  facet normal -0.032829 -0.999461 0
    outer loop
      vertex -44.1942 -42.5192 0
      vertex -44.0846 -42.5228 4
      vertex -44.1942 -42.5192 4
    endloop
  endfacet
  facet normal -0.032829 -0.999461 -0
    outer loop
      vertex -44.0846 -42.5228 4
      vertex -44.1942 -42.5192 0
      vertex -44.0846 -42.5228 0
    endloop
  endfacet
  facet normal 0.0976069 -0.995225 0
    outer loop
      vertex -44.4128 -42.5335 0
      vertex -44.3037 -42.5228 4
      vertex -44.4128 -42.5335 4
    endloop
  endfacet
  facet normal 0.0976069 -0.995225 0
    outer loop
      vertex -44.3037 -42.5228 4
      vertex -44.4128 -42.5335 0
      vertex -44.3037 -42.5228 0
    endloop
  endfacet
  facet normal 0.812623 -0.58279 0
    outer loop
      vertex -45.5869 -43.2636 4
      vertex -45.523 -43.1745 0
      vertex -45.523 -43.1745 4
    endloop
  endfacet
  facet normal 0.812623 -0.58279 0
    outer loop
      vertex -45.523 -43.1745 0
      vertex -45.5869 -43.2636 4
      vertex -45.5869 -43.2636 0
    endloop
  endfacet
  facet normal -0.412222 -0.911083 0
    outer loop
      vertex -43.5532 -42.6467 0
      vertex -43.4533 -42.6919 4
      vertex -43.5532 -42.6467 4
    endloop
  endfacet
  facet normal -0.412222 -0.911083 -0
    outer loop
      vertex -43.4533 -42.6919 4
      vertex -43.5532 -42.6467 0
      vertex -43.4533 -42.6919 0
    endloop
  endfacet
  facet normal 0.956994 0.290109 0
    outer loop
      vertex -45.7803 -44.7326 4
      vertex -45.8121 -44.6277 0
      vertex -45.8121 -44.6277 4
    endloop
  endfacet
  facet normal 0.956994 0.290109 0
    outer loop
      vertex -45.8121 -44.6277 0
      vertex -45.7803 -44.7326 4
      vertex -45.7803 -44.7326 0
    endloop
  endfacet
  facet normal -0.58279 0.812623 0
    outer loop
      vertex -43.1745 -45.523 0
      vertex -43.2636 -45.5869 4
      vertex -43.1745 -45.523 4
    endloop
  endfacet
  facet normal -0.58279 0.812623 0
    outer loop
      vertex -43.2636 -45.5869 4
      vertex -43.1745 -45.523 0
      vertex -43.2636 -45.5869 0
    endloop
  endfacet
  facet normal 0.973834 -0.227258 0
    outer loop
      vertex -45.837 -43.8674 4
      vertex -45.8121 -43.7607 0
      vertex -45.8121 -43.7607 4
    endloop
  endfacet
  facet normal 0.973834 -0.227258 0
    outer loop
      vertex -45.8121 -43.7607 0
      vertex -45.837 -43.8674 4
      vertex -45.837 -43.8674 0
    endloop
  endfacet
  facet normal -0.99946 0.032859 0
    outer loop
      vertex -42.5228 -44.3037 0
      vertex -42.5192 -44.1942 4
      vertex -42.5192 -44.1942 0
    endloop
  endfacet
  facet normal -0.99946 0.032859 0
    outer loop
      vertex -42.5192 -44.1942 4
      vertex -42.5228 -44.3037 0
      vertex -42.5228 -44.3037 4
    endloop
  endfacet
  facet normal 0.528112 -0.849175 0
    outer loop
      vertex -45.1248 -42.8015 0
      vertex -45.0317 -42.7436 4
      vertex -45.1248 -42.8015 4
    endloop
  endfacet
  facet normal 0.528112 -0.849175 0
    outer loop
      vertex -45.0317 -42.7436 4
      vertex -45.1248 -42.8015 0
      vertex -45.0317 -42.7436 0
    endloop
  endfacet
  facet normal 0.773062 -0.634331 0
    outer loop
      vertex -45.523 -43.1745 4
      vertex -45.4535 -43.0898 0
      vertex -45.4535 -43.0898 4
    endloop
  endfacet
  facet normal 0.773062 -0.634331 0
    outer loop
      vertex -45.4535 -43.0898 0
      vertex -45.523 -43.1745 4
      vertex -45.523 -43.1745 0
    endloop
  endfacet
  facet normal -0.999461 -0.032829 0
    outer loop
      vertex -42.5192 -44.1942 0
      vertex -42.5228 -44.0846 4
      vertex -42.5228 -44.0846 0
    endloop
  endfacet
  facet normal -0.999461 -0.032829 0
    outer loop
      vertex -42.5228 -44.0846 4
      vertex -42.5192 -44.1942 0
      vertex -42.5192 -44.1942 4
    endloop
  endfacet
  facet normal -0.290109 0.956994 0
    outer loop
      vertex -43.6558 -45.7803 0
      vertex -43.7607 -45.8121 4
      vertex -43.6558 -45.7803 4
    endloop
  endfacet
  facet normal -0.290109 0.956994 0
    outer loop
      vertex -43.7607 -45.8121 4
      vertex -43.6558 -45.7803 0
      vertex -43.7607 -45.8121 0
    endloop
  endfacet
  facet normal -0.032829 0.999461 0
    outer loop
      vertex -44.0846 -45.8656 0
      vertex -44.1942 -45.8692 4
      vertex -44.0846 -45.8656 4
    endloop
  endfacet
  facet normal -0.032829 0.999461 0
    outer loop
      vertex -44.1942 -45.8692 4
      vertex -44.0846 -45.8656 0
      vertex -44.1942 -45.8692 0
    endloop
  endfacet
  facet normal 0.882252 0.470778 0
    outer loop
      vertex -45.6448 -45.0317 4
      vertex -45.6964 -44.935 0
      vertex -45.6964 -44.935 4
    endloop
  endfacet
  facet normal 0.882252 0.470778 0
    outer loop
      vertex -45.6964 -44.935 0
      vertex -45.6448 -45.0317 4
      vertex -45.6448 -45.0317 0
    endloop
  endfacet
  facet normal -0.729537 0.683941 0
    outer loop
      vertex -43.0098 -45.3786 0
      vertex -42.9348 -45.2986 4
      vertex -42.9348 -45.2986 0
    endloop
  endfacet
  facet normal -0.729537 0.683941 0
    outer loop
      vertex -42.9348 -45.2986 4
      vertex -43.0098 -45.3786 0
      vertex -43.0098 -45.3786 4
    endloop
  endfacet
  facet normal -0.849175 -0.528112 0
    outer loop
      vertex -42.7436 -43.3567 0
      vertex -42.8015 -43.2636 4
      vertex -42.8015 -43.2636 0
    endloop
  endfacet
  facet normal -0.849175 -0.528112 0
    outer loop
      vertex -42.8015 -43.2636 4
      vertex -42.7436 -43.3567 0
      vertex -42.7436 -43.3567 4
    endloop
  endfacet
  facet normal 0.633883 0.773429 -0
    outer loop
      vertex -45.2138 -45.523 0
      vertex -45.2986 -45.4535 4
      vertex -45.2138 -45.523 4
    endloop
  endfacet
  facet normal 0.633883 0.773429 0
    outer loop
      vertex -45.2986 -45.4535 4
      vertex -45.2138 -45.523 0
      vertex -45.2986 -45.4535 0
    endloop
  endfacet
  facet normal 0.882049 -0.471157 0
    outer loop
      vertex -45.6964 -43.4533 4
      vertex -45.6448 -43.3567 0
      vertex -45.6448 -43.3567 4
    endloop
  endfacet
  facet normal 0.882049 -0.471157 0
    outer loop
      vertex -45.6448 -43.3567 0
      vertex -45.6964 -43.4533 4
      vertex -45.6964 -43.4533 0
    endloop
  endfacet
  facet normal 0.162328 0.986737 -0
    outer loop
      vertex -44.4128 -45.8548 0
      vertex -44.521 -45.837 4
      vertex -44.4128 -45.8548 4
    endloop
  endfacet
  facet normal 0.162328 0.986737 0
    outer loop
      vertex -44.521 -45.837 4
      vertex -44.4128 -45.8548 0
      vertex -44.521 -45.837 0
    endloop
  endfacet
  facet normal -0.352123 0.935954 0
    outer loop
      vertex -43.5532 -45.7417 0
      vertex -43.6558 -45.7803 4
      vertex -43.5532 -45.7417 4
    endloop
  endfacet
  facet normal -0.352123 0.935954 0
    outer loop
      vertex -43.6558 -45.7803 4
      vertex -43.5532 -45.7417 0
      vertex -43.6558 -45.7803 0
    endloop
  endfacet
  facet normal 0.528112 0.849175 -0
    outer loop
      vertex -45.0317 -45.6448 0
      vertex -45.1248 -45.5869 4
      vertex -45.0317 -45.6448 4
    endloop
  endfacet
  facet normal 0.528112 0.849175 0
    outer loop
      vertex -45.1248 -45.5869 4
      vertex -45.0317 -45.6448 0
      vertex -45.1248 -45.5869 0
    endloop
  endfacet
  facet normal -0.634331 0.773062 0
    outer loop
      vertex -43.0898 -45.4535 0
      vertex -43.1745 -45.523 4
      vertex -43.0898 -45.4535 4
    endloop
  endfacet
  facet normal -0.634331 0.773062 0
    outer loop
      vertex -43.1745 -45.523 4
      vertex -43.0898 -45.4535 0
      vertex -43.1745 -45.523 0
    endloop
  endfacet
  facet normal 0.0985103 0.995136 -0
    outer loop
      vertex -44.3037 -45.8656 0
      vertex -44.4128 -45.8548 4
      vertex -44.3037 -45.8656 4
    endloop
  endfacet
  facet normal 0.0985103 0.995136 0
    outer loop
      vertex -44.4128 -45.8548 4
      vertex -44.3037 -45.8656 0
      vertex -44.4128 -45.8548 0
    endloop
  endfacet
  facet normal -0.582187 -0.813055 0
    outer loop
      vertex -43.2636 -42.8015 0
      vertex -43.1745 -42.8653 4
      vertex -43.2636 -42.8015 4
    endloop
  endfacet
  facet normal -0.582187 -0.813055 -0
    outer loop
      vertex -43.1745 -42.8653 4
      vertex -43.2636 -42.8015 0
      vertex -43.1745 -42.8653 0
    endloop
  endfacet
  facet normal -0.528112 0.849175 0
    outer loop
      vertex -43.2636 -45.5869 0
      vertex -43.3567 -45.6448 4
      vertex -43.2636 -45.5869 4
    endloop
  endfacet
  facet normal -0.528112 0.849175 0
    outer loop
      vertex -43.3567 -45.6448 4
      vertex -43.2636 -45.5869 0
      vertex -43.3567 -45.6448 0
    endloop
  endfacet
  facet normal 0.973834 0.227258 0
    outer loop
      vertex -45.8121 -44.6277 4
      vertex -45.837 -44.521 0
      vertex -45.837 -44.521 4
    endloop
  endfacet
  facet normal 0.973834 0.227258 0
    outer loop
      vertex -45.837 -44.521 0
      vertex -45.8121 -44.6277 4
      vertex -45.8121 -44.6277 0
    endloop
  endfacet
  facet normal 0.729992 -0.683455 0
    outer loop
      vertex -45.4535 -43.0898 4
      vertex -45.3786 -43.0098 0
      vertex -45.3786 -43.0098 4
    endloop
  endfacet
  facet normal 0.729992 -0.683455 0
    outer loop
      vertex -45.3786 -43.0098 0
      vertex -45.4535 -43.0898 4
      vertex -45.4535 -43.0898 0
    endloop
  endfacet
  facet normal 0.729992 0.683455 0
    outer loop
      vertex -45.3786 -45.3786 4
      vertex -45.4535 -45.2986 0
      vertex -45.4535 -45.2986 4
    endloop
  endfacet
  facet normal 0.729992 0.683455 0
    outer loop
      vertex -45.4535 -45.2986 0
      vertex -45.3786 -45.3786 4
      vertex -45.3786 -45.3786 0
    endloop
  endfacet
  facet normal 0.910741 -0.412979 0
    outer loop
      vertex -45.7417 -43.5532 4
      vertex -45.6964 -43.4533 0
      vertex -45.6964 -43.4533 4
    endloop
  endfacet
  facet normal 0.910741 -0.412979 0
    outer loop
      vertex -45.6964 -43.4533 0
      vertex -45.7417 -43.5532 4
      vertex -45.7417 -43.5532 0
    endloop
  endfacet
  facet normal 0.352123 0.935954 -0
    outer loop
      vertex -44.7326 -45.7803 0
      vertex -44.8352 -45.7417 4
      vertex -44.7326 -45.7803 4
    endloop
  endfacet
  facet normal 0.352123 0.935954 0
    outer loop
      vertex -44.8352 -45.7417 4
      vertex -44.7326 -45.7803 0
      vertex -44.8352 -45.7417 0
    endloop
  endfacet
  facet normal 0.935954 -0.352123 0
    outer loop
      vertex -45.7803 -43.6558 4
      vertex -45.7417 -43.5532 0
      vertex -45.7417 -43.5532 4
    endloop
  endfacet
  facet normal 0.935954 -0.352123 0
    outer loop
      vertex -45.7417 -43.5532 0
      vertex -45.7803 -43.6558 4
      vertex -45.7803 -43.6558 0
    endloop
  endfacet
  facet normal 0.849175 -0.528112 0
    outer loop
      vertex -45.6448 -43.3567 4
      vertex -45.5869 -43.2636 0
      vertex -45.5869 -43.2636 4
    endloop
  endfacet
  facet normal 0.849175 -0.528112 0
    outer loop
      vertex -45.5869 -43.2636 0
      vertex -45.6448 -43.3567 4
      vertex -45.6448 -43.3567 0
    endloop
  endfacet
  facet normal 0.470778 0.882252 -0
    outer loop
      vertex -44.935 -45.6964 0
      vertex -45.0317 -45.6448 4
      vertex -44.935 -45.6964 4
    endloop
  endfacet
  facet normal 0.470778 0.882252 0
    outer loop
      vertex -45.0317 -45.6448 4
      vertex -44.935 -45.6964 0
      vertex -45.0317 -45.6448 0
    endloop
  endfacet
  facet normal 0.290109 0.956994 -0
    outer loop
      vertex -44.6277 -45.8121 0
      vertex -44.7326 -45.7803 4
      vertex -44.6277 -45.8121 4
    endloop
  endfacet
  facet normal 0.290109 0.956994 0
    outer loop
      vertex -44.7326 -45.7803 4
      vertex -44.6277 -45.8121 0
      vertex -44.7326 -45.7803 0
    endloop
  endfacet
  facet normal 0.986713 -0.162474 0
    outer loop
      vertex -45.8548 -43.9755 4
      vertex -45.837 -43.8674 0
      vertex -45.837 -43.8674 4
    endloop
  endfacet
  facet normal 0.986713 -0.162474 0
    outer loop
      vertex -45.837 -43.8674 0
      vertex -45.8548 -43.9755 4
      vertex -45.8548 -43.9755 0
    endloop
  endfacet
  facet normal -0.974036 0.226393 0
    outer loop
      vertex -42.5762 -44.6277 0
      vertex -42.5514 -44.521 4
      vertex -42.5514 -44.521 0
    endloop
  endfacet
  facet normal -0.974036 0.226393 0
    outer loop
      vertex -42.5514 -44.521 4
      vertex -42.5762 -44.6277 0
      vertex -42.5762 -44.6277 4
    endloop
  endfacet
  facet normal -0.290944 -0.95674 0
    outer loop
      vertex -43.7607 -42.5762 0
      vertex -43.6558 -42.6081 4
      vertex -43.7607 -42.5762 4
    endloop
  endfacet
  facet normal -0.290944 -0.95674 -0
    outer loop
      vertex -43.6558 -42.6081 4
      vertex -43.7607 -42.5762 0
      vertex -43.6558 -42.6081 0
    endloop
  endfacet
  facet normal 0.849175 0.528112 0
    outer loop
      vertex -45.5869 -45.1248 4
      vertex -45.6448 -45.0317 0
      vertex -45.6448 -45.0317 4
    endloop
  endfacet
  facet normal 0.849175 0.528112 0
    outer loop
      vertex -45.6448 -45.0317 0
      vertex -45.5869 -45.1248 4
      vertex -45.5869 -45.1248 0
    endloop
  endfacet
  facet normal 0.683941 -0.729537 0
    outer loop
      vertex -45.3786 -43.0098 0
      vertex -45.2986 -42.9348 4
      vertex -45.3786 -43.0098 4
    endloop
  endfacet
  facet normal 0.683941 -0.729537 0
    outer loop
      vertex -45.2986 -42.9348 4
      vertex -45.3786 -43.0098 0
      vertex -45.2986 -42.9348 0
    endloop
  endfacet
  facet normal -0.226393 -0.974036 0
    outer loop
      vertex -43.8674 -42.5514 0
      vertex -43.7607 -42.5762 4
      vertex -43.8674 -42.5514 4
    endloop
  endfacet
  facet normal -0.226393 -0.974036 -0
    outer loop
      vertex -43.7607 -42.5762 4
      vertex -43.8674 -42.5514 0
      vertex -43.7607 -42.5762 0
    endloop
  endfacet
  facet normal -0.812745 0.582619 0
    outer loop
      vertex -42.8653 -45.2138 0
      vertex -42.8015 -45.1248 4
      vertex -42.8015 -45.1248 0
    endloop
  endfacet
  facet normal -0.812745 0.582619 0
    outer loop
      vertex -42.8015 -45.1248 4
      vertex -42.8653 -45.2138 0
      vertex -42.8653 -45.2138 4
    endloop
  endfacet
  facet normal 0.582619 -0.812745 0
    outer loop
      vertex -45.2138 -42.8653 0
      vertex -45.1248 -42.8015 4
      vertex -45.2138 -42.8653 4
    endloop
  endfacet
  facet normal 0.582619 -0.812745 0
    outer loop
      vertex -45.1248 -42.8015 4
      vertex -45.2138 -42.8653 0
      vertex -45.1248 -42.8015 0
    endloop
  endfacet
  facet normal -0.849175 0.528112 0
    outer loop
      vertex -42.8015 -45.1248 0
      vertex -42.7436 -45.0317 4
      vertex -42.7436 -45.0317 0
    endloop
  endfacet
  facet normal -0.849175 0.528112 0
    outer loop
      vertex -42.7436 -45.0317 4
      vertex -42.8015 -45.1248 0
      vertex -42.8015 -45.1248 4
    endloop
  endfacet
  facet normal -0.412979 0.910741 0
    outer loop
      vertex -43.4533 -45.6964 0
      vertex -43.5532 -45.7417 4
      vertex -43.4533 -45.6964 4
    endloop
  endfacet
  facet normal -0.412979 0.910741 0
    outer loop
      vertex -43.5532 -45.7417 4
      vertex -43.4533 -45.6964 0
      vertex -43.5532 -45.7417 0
    endloop
  endfacet
  facet normal -0.773062 -0.634331 0
    outer loop
      vertex -42.8653 -43.1745 0
      vertex -42.9348 -43.0898 4
      vertex -42.9348 -43.0898 0
    endloop
  endfacet
  facet normal -0.773062 -0.634331 0
    outer loop
      vertex -42.9348 -43.0898 4
      vertex -42.8653 -43.1745 0
      vertex -42.8653 -43.1745 4
    endloop
  endfacet
  facet normal -0.911083 -0.412222 0
    outer loop
      vertex -42.6467 -43.5532 0
      vertex -42.6919 -43.4533 4
      vertex -42.6919 -43.4533 0
    endloop
  endfacet
  facet normal -0.911083 -0.412222 0
    outer loop
      vertex -42.6919 -43.4533 4
      vertex -42.6467 -43.5532 0
      vertex -42.6467 -43.5532 4
    endloop
  endfacet
  facet normal -0.995225 -0.0976069 0
    outer loop
      vertex -42.5228 -44.0846 0
      vertex -42.5335 -43.9755 4
      vertex -42.5335 -43.9755 0
    endloop
  endfacet
  facet normal -0.995225 -0.0976069 0
    outer loop
      vertex -42.5335 -43.9755 4
      vertex -42.5228 -44.0846 0
      vertex -42.5228 -44.0846 4
    endloop
  endfacet
  facet normal -0.986566 -0.163363 0
    outer loop
      vertex -42.5335 -43.9755 0
      vertex -42.5514 -43.8674 4
      vertex -42.5514 -43.8674 0
    endloop
  endfacet
  facet normal -0.986566 -0.163363 0
    outer loop
      vertex -42.5514 -43.8674 4
      vertex -42.5335 -43.9755 0
      vertex -42.5335 -43.9755 4
    endloop
  endfacet
  facet normal -0.528112 -0.849175 0
    outer loop
      vertex -43.3567 -42.7436 0
      vertex -43.2636 -42.8015 4
      vertex -43.3567 -42.7436 4
    endloop
  endfacet
  facet normal -0.528112 -0.849175 -0
    outer loop
      vertex -43.2636 -42.8015 4
      vertex -43.3567 -42.7436 0
      vertex -43.2636 -42.8015 0
    endloop
  endfacet
  facet normal -0.935954 0.352123 0
    outer loop
      vertex -42.6467 -44.8352 0
      vertex -42.6081 -44.7326 4
      vertex -42.6081 -44.7326 0
    endloop
  endfacet
  facet normal -0.935954 0.352123 0
    outer loop
      vertex -42.6081 -44.7326 4
      vertex -42.6467 -44.8352 0
      vertex -42.6467 -44.8352 4
    endloop
  endfacet
  facet normal -0.0976069 -0.995225 0
    outer loop
      vertex -44.0846 -42.5228 0
      vertex -43.9755 -42.5335 4
      vertex -44.0846 -42.5228 4
    endloop
  endfacet
  facet normal -0.0976069 -0.995225 -0
    outer loop
      vertex -43.9755 -42.5335 4
      vertex -44.0846 -42.5228 0
      vertex -43.9755 -42.5335 0
    endloop
  endfacet
  facet normal 0.773429 0.633883 0
    outer loop
      vertex -45.4535 -45.2986 4
      vertex -45.523 -45.2138 0
      vertex -45.523 -45.2138 4
    endloop
  endfacet
  facet normal 0.773429 0.633883 0
    outer loop
      vertex -45.523 -45.2138 0
      vertex -45.4535 -45.2986 4
      vertex -45.4535 -45.2986 0
    endloop
  endfacet
  facet normal -0.471867 -0.88167 0
    outer loop
      vertex -43.4533 -42.6919 0
      vertex -43.3567 -42.7436 4
      vertex -43.4533 -42.6919 4
    endloop
  endfacet
  facet normal -0.471867 -0.88167 -0
    outer loop
      vertex -43.3567 -42.7436 4
      vertex -43.4533 -42.6919 0
      vertex -43.3567 -42.7436 0
    endloop
  endfacet
  facet normal -0.935954 -0.352123 0
    outer loop
      vertex -42.6081 -43.6558 0
      vertex -42.6467 -43.5532 4
      vertex -42.6467 -43.5532 0
    endloop
  endfacet
  facet normal -0.935954 -0.352123 0
    outer loop
      vertex -42.6467 -43.5532 4
      vertex -42.6081 -43.6558 0
      vertex -42.6081 -43.6558 4
    endloop
  endfacet
  facet normal -0.910928 0.412565 0
    outer loop
      vertex -42.6919 -44.935 0
      vertex -42.6467 -44.8352 4
      vertex -42.6467 -44.8352 0
    endloop
  endfacet
  facet normal -0.910928 0.412565 0
    outer loop
      vertex -42.6467 -44.8352 4
      vertex -42.6919 -44.935 0
      vertex -42.6919 -44.935 4
    endloop
  endfacet
  facet normal -0.881873 0.471487 0
    outer loop
      vertex -42.7436 -45.0317 0
      vertex -42.6919 -44.935 4
      vertex -42.6919 -44.935 0
    endloop
  endfacet
  facet normal -0.881873 0.471487 0
    outer loop
      vertex -42.6919 -44.935 4
      vertex -42.7436 -45.0317 0
      vertex -42.7436 -45.0317 4
    endloop
  endfacet
  facet normal 0.995136 0.0985103 0
    outer loop
      vertex -45.8548 -44.4128 4
      vertex -45.8656 -44.3037 0
      vertex -45.8656 -44.3037 4
    endloop
  endfacet
  facet normal 0.995136 0.0985103 0
    outer loop
      vertex -45.8656 -44.3037 0
      vertex -45.8548 -44.4128 4
      vertex -45.8548 -44.4128 0
    endloop
  endfacet
  facet normal -0.162474 0.986713 0
    outer loop
      vertex -43.8674 -45.837 0
      vertex -43.9755 -45.8548 4
      vertex -43.8674 -45.837 4
    endloop
  endfacet
  facet normal -0.162474 0.986713 0
    outer loop
      vertex -43.9755 -45.8548 4
      vertex -43.8674 -45.837 0
      vertex -43.9755 -45.8548 0
    endloop
  endfacet
  facet normal 0.910585 0.413322 0
    outer loop
      vertex -45.6964 -44.935 4
      vertex -45.7417 -44.8352 0
      vertex -45.7417 -44.8352 4
    endloop
  endfacet
  facet normal 0.910585 0.413322 0
    outer loop
      vertex -45.7417 -44.8352 0
      vertex -45.6964 -44.935 4
      vertex -45.6964 -44.935 0
    endloop
  endfacet
  facet normal -0.0985103 0.995136 0
    outer loop
      vertex -43.9755 -45.8548 0
      vertex -44.0846 -45.8656 4
      vertex -43.9755 -45.8548 4
    endloop
  endfacet
  facet normal -0.0985103 0.995136 0
    outer loop
      vertex -44.0846 -45.8656 4
      vertex -43.9755 -45.8548 0
      vertex -44.0846 -45.8656 0
    endloop
  endfacet
  facet normal 0.352123 -0.935954 0
    outer loop
      vertex -44.8352 -42.6467 0
      vertex -44.7326 -42.6081 4
      vertex -44.8352 -42.6467 4
    endloop
  endfacet
  facet normal 0.352123 -0.935954 0
    outer loop
      vertex -44.7326 -42.6081 4
      vertex -44.8352 -42.6467 0
      vertex -44.7326 -42.6081 0
    endloop
  endfacet
  facet normal -0.995225 0.0976069 0
    outer loop
      vertex -42.5335 -44.4128 0
      vertex -42.5228 -44.3037 4
      vertex -42.5228 -44.3037 0
    endloop
  endfacet
  facet normal -0.995225 0.0976069 0
    outer loop
      vertex -42.5228 -44.3037 4
      vertex -42.5335 -44.4128 0
      vertex -42.5335 -44.4128 4
    endloop
  endfacet
  facet normal 0.995136 -0.0985103 0
    outer loop
      vertex -45.8656 -44.0846 4
      vertex -45.8548 -43.9755 0
      vertex -45.8548 -43.9755 4
    endloop
  endfacet
  facet normal 0.995136 -0.0985103 0
    outer loop
      vertex -45.8548 -43.9755 0
      vertex -45.8656 -44.0846 4
      vertex -45.8656 -44.0846 0
    endloop
  endfacet
  facet normal 0.583222 0.812313 -0
    outer loop
      vertex -45.1248 -45.5869 0
      vertex -45.2138 -45.523 4
      vertex -45.1248 -45.5869 4
    endloop
  endfacet
  facet normal 0.583222 0.812313 0
    outer loop
      vertex -45.2138 -45.523 4
      vertex -45.1248 -45.5869 0
      vertex -45.2138 -45.523 0
    endloop
  endfacet
  facet normal -0.773429 0.633883 0
    outer loop
      vertex -42.9348 -45.2986 0
      vertex -42.8653 -45.2138 4
      vertex -42.8653 -45.2138 0
    endloop
  endfacet
  facet normal -0.773429 0.633883 0
    outer loop
      vertex -42.8653 -45.2138 4
      vertex -42.9348 -45.2986 0
      vertex -42.9348 -45.2986 4
    endloop
  endfacet
  facet normal -0.88167 -0.471867 0
    outer loop
      vertex -42.6919 -43.4533 0
      vertex -42.7436 -43.3567 4
      vertex -42.7436 -43.3567 0
    endloop
  endfacet
  facet normal -0.88167 -0.471867 0
    outer loop
      vertex -42.7436 -43.3567 4
      vertex -42.6919 -43.4533 0
      vertex -42.6919 -43.4533 4
    endloop
  endfacet
  facet normal -0.813055 -0.582187 0
    outer loop
      vertex -42.8015 -43.2636 0
      vertex -42.8653 -43.1745 4
      vertex -42.8653 -43.1745 0
    endloop
  endfacet
  facet normal -0.813055 -0.582187 0
    outer loop
      vertex -42.8653 -43.1745 4
      vertex -42.8015 -43.2636 0
      vertex -42.8015 -43.2636 4
    endloop
  endfacet
  facet normal 0.290944 -0.95674 0
    outer loop
      vertex -44.7326 -42.6081 0
      vertex -44.6277 -42.5762 4
      vertex -44.7326 -42.6081 4
    endloop
  endfacet
  facet normal 0.290944 -0.95674 0
    outer loop
      vertex -44.6277 -42.5762 4
      vertex -44.7326 -42.6081 0
      vertex -44.6277 -42.5762 0
    endloop
  endfacet
  facet normal -0.634331 -0.773062 0
    outer loop
      vertex -43.1745 -42.8653 0
      vertex -43.0898 -42.9348 4
      vertex -43.1745 -42.8653 4
    endloop
  endfacet
  facet normal -0.634331 -0.773062 -0
    outer loop
      vertex -43.0898 -42.9348 4
      vertex -43.1745 -42.8653 0
      vertex -43.0898 -42.9348 0
    endloop
  endfacet
  facet normal 0.471487 -0.881873 0
    outer loop
      vertex -45.0317 -42.7436 0
      vertex -44.935 -42.6919 4
      vertex -45.0317 -42.7436 4
    endloop
  endfacet
  facet normal 0.471487 -0.881873 0
    outer loop
      vertex -44.935 -42.6919 4
      vertex -45.0317 -42.7436 0
      vertex -44.935 -42.6919 0
    endloop
  endfacet
  facet normal 0.032859 -0.99946 0
    outer loop
      vertex -44.3037 -42.5228 0
      vertex -44.1942 -42.5192 4
      vertex -44.3037 -42.5228 4
    endloop
  endfacet
  facet normal 0.032859 -0.99946 0
    outer loop
      vertex -44.1942 -42.5192 4
      vertex -44.3037 -42.5228 0
      vertex -44.1942 -42.5192 0
    endloop
  endfacet
  facet normal -0.471157 0.882049 0
    outer loop
      vertex -43.3567 -45.6448 0
      vertex -43.4533 -45.6964 4
      vertex -43.3567 -45.6448 4
    endloop
  endfacet
  facet normal -0.471157 0.882049 0
    outer loop
      vertex -43.4533 -45.6964 4
      vertex -43.3567 -45.6448 0
      vertex -43.4533 -45.6964 0
    endloop
  endfacet
  facet normal -0.683941 -0.729537 0
    outer loop
      vertex -43.0898 -42.9348 0
      vertex -43.0098 -43.0098 4
      vertex -43.0898 -42.9348 4
    endloop
  endfacet
  facet normal -0.683941 -0.729537 -0
    outer loop
      vertex -43.0098 -43.0098 4
      vertex -43.0898 -42.9348 0
      vertex -43.0098 -43.0098 0
    endloop
  endfacet
  facet normal -0.98659 0.163216 0
    outer loop
      vertex -42.5514 -44.521 0
      vertex -42.5335 -44.4128 4
      vertex -42.5335 -44.4128 0
    endloop
  endfacet
  facet normal -0.98659 0.163216 0
    outer loop
      vertex -42.5335 -44.4128 4
      vertex -42.5514 -44.521 0
      vertex -42.5514 -44.521 4
    endloop
  endfacet
  facet normal -0.95674 0.290944 0
    outer loop
      vertex -42.6081 -44.7326 0
      vertex -42.5762 -44.6277 4
      vertex -42.5762 -44.6277 0
    endloop
  endfacet
  facet normal -0.95674 0.290944 0
    outer loop
      vertex -42.5762 -44.6277 4
      vertex -42.6081 -44.7326 0
      vertex -42.6081 -44.7326 4
    endloop
  endfacet
  facet normal 0.812313 0.583222 0
    outer loop
      vertex -45.523 -45.2138 4
      vertex -45.5869 -45.1248 0
      vertex -45.5869 -45.1248 4
    endloop
  endfacet
  facet normal 0.812313 0.583222 0
    outer loop
      vertex -45.5869 -45.1248 0
      vertex -45.523 -45.2138 4
      vertex -45.523 -45.2138 0
    endloop
  endfacet
  facet normal 0.633883 -0.773429 0
    outer loop
      vertex -45.2986 -42.9348 0
      vertex -45.2138 -42.8653 4
      vertex -45.2986 -42.9348 4
    endloop
  endfacet
  facet normal 0.633883 -0.773429 0
    outer loop
      vertex -45.2138 -42.8653 4
      vertex -45.2986 -42.9348 0
      vertex -45.2138 -42.8653 0
    endloop
  endfacet
  facet normal -0.95674 -0.290944 0
    outer loop
      vertex -42.5762 -43.7607 0
      vertex -42.6081 -43.6558 4
      vertex -42.6081 -43.6558 0
    endloop
  endfacet
  facet normal -0.95674 -0.290944 0
    outer loop
      vertex -42.6081 -43.6558 4
      vertex -42.5762 -43.7607 0
      vertex -42.5762 -43.7607 4
    endloop
  endfacet
  facet normal 0.935954 0.352123 0
    outer loop
      vertex -45.7417 -44.8352 4
      vertex -45.7803 -44.7326 0
      vertex -45.7803 -44.7326 4
    endloop
  endfacet
  facet normal 0.935954 0.352123 0
    outer loop
      vertex -45.7803 -44.7326 0
      vertex -45.7417 -44.8352 4
      vertex -45.7417 -44.8352 0
    endloop
  endfacet
  facet normal -0.163363 -0.986566 0
    outer loop
      vertex -43.9755 -42.5335 0
      vertex -43.8674 -42.5514 4
      vertex -43.9755 -42.5335 4
    endloop
  endfacet
  facet normal -0.163363 -0.986566 -0
    outer loop
      vertex -43.8674 -42.5514 4
      vertex -43.9755 -42.5335 0
      vertex -43.8674 -42.5514 0
    endloop
  endfacet
  facet normal -0.974036 -0.226393 0
    outer loop
      vertex -42.5514 -43.8674 0
      vertex -42.5762 -43.7607 4
      vertex -42.5762 -43.7607 0
    endloop
  endfacet
  facet normal -0.974036 -0.226393 0
    outer loop
      vertex -42.5762 -43.7607 4
      vertex -42.5514 -43.8674 0
      vertex -42.5514 -43.8674 4
    endloop
  endfacet
  facet normal 0.999461 -0.032829 0
    outer loop
      vertex -45.8692 -44.1942 4
      vertex -45.8656 -44.0846 0
      vertex -45.8656 -44.0846 4
    endloop
  endfacet
  facet normal 0.999461 -0.032829 0
    outer loop
      vertex -45.8656 -44.0846 0
      vertex -45.8692 -44.1942 4
      vertex -45.8692 -44.1942 0
    endloop
  endfacet
  facet normal -0.729537 -0.683941 0
    outer loop
      vertex -42.9348 -43.0898 0
      vertex -43.0098 -43.0098 4
      vertex -43.0098 -43.0098 0
    endloop
  endfacet
  facet normal -0.729537 -0.683941 0
    outer loop
      vertex -43.0098 -43.0098 4
      vertex -42.9348 -43.0898 0
      vertex -42.9348 -43.0898 4
    endloop
  endfacet
  facet normal 0.412565 -0.910928 0
    outer loop
      vertex -44.935 -42.6919 0
      vertex -44.8352 -42.6467 4
      vertex -44.935 -42.6919 4
    endloop
  endfacet
  facet normal 0.412565 -0.910928 0
    outer loop
      vertex -44.8352 -42.6467 4
      vertex -44.935 -42.6919 0
      vertex -44.8352 -42.6467 0
    endloop
  endfacet
  facet normal 0.99946 0.032859 0
    outer loop
      vertex -45.8656 -44.3037 4
      vertex -45.8692 -44.1942 0
      vertex -45.8692 -44.1942 4
    endloop
  endfacet
  facet normal 0.99946 0.032859 0
    outer loop
      vertex -45.8692 -44.1942 0
      vertex -45.8656 -44.3037 4
      vertex -45.8656 -44.3037 0
    endloop
  endfacet
  facet normal -0.352123 -0.935954 0
    outer loop
      vertex -43.6558 -42.6081 0
      vertex -43.5532 -42.6467 4
      vertex -43.6558 -42.6081 4
    endloop
  endfacet
  facet normal -0.352123 -0.935954 -0
    outer loop
      vertex -43.5532 -42.6467 4
      vertex -43.6558 -42.6081 0
      vertex -43.5532 -42.6467 0
    endloop
  endfacet
  facet normal 0.163216 -0.98659 0
    outer loop
      vertex -44.521 -42.5514 0
      vertex -44.4128 -42.5335 4
      vertex -44.521 -42.5514 4
    endloop
  endfacet
  facet normal 0.163216 -0.98659 0
    outer loop
      vertex -44.4128 -42.5335 4
      vertex -44.521 -42.5514 0
      vertex -44.4128 -42.5335 0
    endloop
  endfacet
  facet normal -0.162328 0.986737 0
    outer loop
      vertex 44.521 -45.837 0
      vertex 44.4128 -45.8548 4
      vertex 44.521 -45.837 4
    endloop
  endfacet
  facet normal -0.162328 0.986737 0
    outer loop
      vertex 44.4128 -45.8548 4
      vertex 44.521 -45.837 0
      vertex 44.4128 -45.8548 0
    endloop
  endfacet
  facet normal -0.973834 0.227258 0
    outer loop
      vertex 45.8121 -44.6277 0
      vertex 45.837 -44.521 4
      vertex 45.837 -44.521 0
    endloop
  endfacet
  facet normal -0.973834 0.227258 0
    outer loop
      vertex 45.837 -44.521 4
      vertex 45.8121 -44.6277 0
      vertex 45.8121 -44.6277 4
    endloop
  endfacet
  facet normal -0.910585 0.413322 0
    outer loop
      vertex 45.6964 -44.935 0
      vertex 45.7417 -44.8352 4
      vertex 45.7417 -44.8352 0
    endloop
  endfacet
  facet normal -0.910585 0.413322 0
    outer loop
      vertex 45.7417 -44.8352 4
      vertex 45.6964 -44.935 0
      vertex 45.6964 -44.935 4
    endloop
  endfacet
  facet normal -0.773062 -0.634331 0
    outer loop
      vertex 45.523 -43.1745 0
      vertex 45.4535 -43.0898 4
      vertex 45.4535 -43.0898 0
    endloop
  endfacet
  facet normal -0.773062 -0.634331 0
    outer loop
      vertex 45.4535 -43.0898 4
      vertex 45.523 -43.1745 0
      vertex 45.523 -43.1745 4
    endloop
  endfacet
  facet normal -0.729992 0.683455 0
    outer loop
      vertex 45.3786 -45.3786 0
      vertex 45.4535 -45.2986 4
      vertex 45.4535 -45.2986 0
    endloop
  endfacet
  facet normal -0.729992 0.683455 0
    outer loop
      vertex 45.4535 -45.2986 4
      vertex 45.3786 -45.3786 0
      vertex 45.3786 -45.3786 4
    endloop
  endfacet
  facet normal -0.995136 -0.0985103 0
    outer loop
      vertex 45.8656 -44.0846 0
      vertex 45.8548 -43.9755 4
      vertex 45.8548 -43.9755 0
    endloop
  endfacet
  facet normal -0.995136 -0.0985103 0
    outer loop
      vertex 45.8548 -43.9755 4
      vertex 45.8656 -44.0846 0
      vertex 45.8656 -44.0846 4
    endloop
  endfacet
  facet normal 0.227258 0.973834 -0
    outer loop
      vertex 43.8674 -45.837 0
      vertex 43.7607 -45.8121 4
      vertex 43.8674 -45.837 4
    endloop
  endfacet
  facet normal 0.227258 0.973834 0
    outer loop
      vertex 43.7607 -45.8121 4
      vertex 43.8674 -45.837 0
      vertex 43.7607 -45.8121 0
    endloop
  endfacet
  facet normal -0.729992 -0.683455 0
    outer loop
      vertex 45.4535 -43.0898 0
      vertex 45.3786 -43.0098 4
      vertex 45.3786 -43.0098 0
    endloop
  endfacet
  facet normal -0.729992 -0.683455 0
    outer loop
      vertex 45.3786 -43.0098 4
      vertex 45.4535 -43.0898 0
      vertex 45.4535 -43.0898 4
    endloop
  endfacet
  facet normal -0.99946 0.032859 0
    outer loop
      vertex 45.8656 -44.3037 0
      vertex 45.8692 -44.1942 4
      vertex 45.8692 -44.1942 0
    endloop
  endfacet
  facet normal -0.99946 0.032859 0
    outer loop
      vertex 45.8692 -44.1942 4
      vertex 45.8656 -44.3037 0
      vertex 45.8656 -44.3037 4
    endloop
  endfacet
  facet normal 0.910928 0.412565 0
    outer loop
      vertex 42.6919 -44.935 4
      vertex 42.6467 -44.8352 0
      vertex 42.6467 -44.8352 4
    endloop
  endfacet
  facet normal 0.910928 0.412565 0
    outer loop
      vertex 42.6467 -44.8352 0
      vertex 42.6919 -44.935 4
      vertex 42.6919 -44.935 0
    endloop
  endfacet
  facet normal 0.999461 -0.032829 0
    outer loop
      vertex 42.5192 -44.1942 4
      vertex 42.5228 -44.0846 0
      vertex 42.5228 -44.0846 4
    endloop
  endfacet
  facet normal 0.999461 -0.032829 0
    outer loop
      vertex 42.5228 -44.0846 0
      vertex 42.5192 -44.1942 4
      vertex 42.5192 -44.1942 0
    endloop
  endfacet
  facet normal 0.58279 0.812623 -0
    outer loop
      vertex 43.2636 -45.5869 0
      vertex 43.1745 -45.523 4
      vertex 43.2636 -45.5869 4
    endloop
  endfacet
  facet normal 0.58279 0.812623 0
    outer loop
      vertex 43.1745 -45.523 4
      vertex 43.2636 -45.5869 0
      vertex 43.1745 -45.523 0
    endloop
  endfacet
  facet normal 0.911083 -0.412222 0
    outer loop
      vertex 42.6467 -43.5532 4
      vertex 42.6919 -43.4533 0
      vertex 42.6919 -43.4533 4
    endloop
  endfacet
  facet normal 0.911083 -0.412222 0
    outer loop
      vertex 42.6919 -43.4533 0
      vertex 42.6467 -43.5532 4
      vertex 42.6467 -43.5532 0
    endloop
  endfacet
  facet normal -0.290109 0.956994 0
    outer loop
      vertex 44.7326 -45.7803 0
      vertex 44.6277 -45.8121 4
      vertex 44.7326 -45.7803 4
    endloop
  endfacet
  facet normal -0.290109 0.956994 0
    outer loop
      vertex 44.6277 -45.8121 4
      vertex 44.7326 -45.7803 0
      vertex 44.6277 -45.8121 0
    endloop
  endfacet
  facet normal -0.973834 -0.227258 0
    outer loop
      vertex 45.837 -43.8674 0
      vertex 45.8121 -43.7607 4
      vertex 45.8121 -43.7607 0
    endloop
  endfacet
  facet normal -0.973834 -0.227258 0
    outer loop
      vertex 45.8121 -43.7607 4
      vertex 45.837 -43.8674 0
      vertex 45.837 -43.8674 4
    endloop
  endfacet
  facet normal 0.290109 0.956994 -0
    outer loop
      vertex 43.7607 -45.8121 0
      vertex 43.6558 -45.7803 4
      vertex 43.7607 -45.8121 4
    endloop
  endfacet
  facet normal 0.290109 0.956994 0
    outer loop
      vertex 43.6558 -45.7803 4
      vertex 43.7607 -45.8121 0
      vertex 43.6558 -45.7803 0
    endloop
  endfacet
  facet normal 0.974036 0.226393 0
    outer loop
      vertex 42.5762 -44.6277 4
      vertex 42.5514 -44.521 0
      vertex 42.5514 -44.521 4
    endloop
  endfacet
  facet normal 0.974036 0.226393 0
    outer loop
      vertex 42.5514 -44.521 0
      vertex 42.5762 -44.6277 4
      vertex 42.5762 -44.6277 0
    endloop
  endfacet
  facet normal 0.849175 0.528112 0
    outer loop
      vertex 42.8015 -45.1248 4
      vertex 42.7436 -45.0317 0
      vertex 42.7436 -45.0317 4
    endloop
  endfacet
  facet normal 0.849175 0.528112 0
    outer loop
      vertex 42.7436 -45.0317 0
      vertex 42.8015 -45.1248 4
      vertex 42.8015 -45.1248 0
    endloop
  endfacet
  facet normal -0.935954 -0.352123 0
    outer loop
      vertex 45.7803 -43.6558 0
      vertex 45.7417 -43.5532 4
      vertex 45.7417 -43.5532 0
    endloop
  endfacet
  facet normal -0.935954 -0.352123 0
    outer loop
      vertex 45.7417 -43.5532 4
      vertex 45.7803 -43.6558 0
      vertex 45.7803 -43.6558 4
    endloop
  endfacet
  facet normal 0.634331 0.773062 -0
    outer loop
      vertex 43.1745 -45.523 0
      vertex 43.0898 -45.4535 4
      vertex 43.1745 -45.523 4
    endloop
  endfacet
  facet normal 0.634331 0.773062 0
    outer loop
      vertex 43.0898 -45.4535 4
      vertex 43.1745 -45.523 0
      vertex 43.0898 -45.4535 0
    endloop
  endfacet
  facet normal 0.032829 -0.999461 0
    outer loop
      vertex 44.0846 -42.5228 0
      vertex 44.1942 -42.5192 4
      vertex 44.0846 -42.5228 4
    endloop
  endfacet
  facet normal 0.032829 -0.999461 0
    outer loop
      vertex 44.1942 -42.5192 4
      vertex 44.0846 -42.5228 0
      vertex 44.1942 -42.5192 0
    endloop
  endfacet
  facet normal -0.956994 -0.290109 0
    outer loop
      vertex 45.8121 -43.7607 0
      vertex 45.7803 -43.6558 4
      vertex 45.7803 -43.6558 0
    endloop
  endfacet
  facet normal -0.956994 -0.290109 0
    outer loop
      vertex 45.7803 -43.6558 4
      vertex 45.8121 -43.7607 0
      vertex 45.8121 -43.7607 4
    endloop
  endfacet
  facet normal -0.999461 -0.032829 0
    outer loop
      vertex 45.8692 -44.1942 0
      vertex 45.8656 -44.0846 4
      vertex 45.8656 -44.0846 0
    endloop
  endfacet
  facet normal -0.999461 -0.032829 0
    outer loop
      vertex 45.8656 -44.0846 4
      vertex 45.8692 -44.1942 0
      vertex 45.8692 -44.1942 4
    endloop
  endfacet
  facet normal -0.470778 0.882252 0
    outer loop
      vertex 45.0317 -45.6448 0
      vertex 44.935 -45.6964 4
      vertex 45.0317 -45.6448 4
    endloop
  endfacet
  facet normal -0.470778 0.882252 0
    outer loop
      vertex 44.935 -45.6964 4
      vertex 45.0317 -45.6448 0
      vertex 44.935 -45.6964 0
    endloop
  endfacet
  facet normal -0.683941 -0.729537 0
    outer loop
      vertex 45.2986 -42.9348 0
      vertex 45.3786 -43.0098 4
      vertex 45.2986 -42.9348 4
    endloop
  endfacet
  facet normal -0.683941 -0.729537 -0
    outer loop
      vertex 45.3786 -43.0098 4
      vertex 45.2986 -42.9348 0
      vertex 45.3786 -43.0098 0
    endloop
  endfacet
  facet normal -0.032859 -0.99946 0
    outer loop
      vertex 44.1942 -42.5192 0
      vertex 44.3037 -42.5228 4
      vertex 44.1942 -42.5192 4
    endloop
  endfacet
  facet normal -0.032859 -0.99946 -0
    outer loop
      vertex 44.3037 -42.5228 4
      vertex 44.1942 -42.5192 0
      vertex 44.3037 -42.5228 0
    endloop
  endfacet
  facet normal 0.528112 -0.849175 0
    outer loop
      vertex 43.2636 -42.8015 0
      vertex 43.3567 -42.7436 4
      vertex 43.2636 -42.8015 4
    endloop
  endfacet
  facet normal 0.528112 -0.849175 0
    outer loop
      vertex 43.3567 -42.7436 4
      vertex 43.2636 -42.8015 0
      vertex 43.3567 -42.7436 0
    endloop
  endfacet
  facet normal -0.412565 -0.910928 0
    outer loop
      vertex 44.8352 -42.6467 0
      vertex 44.935 -42.6919 4
      vertex 44.8352 -42.6467 4
    endloop
  endfacet
  facet normal -0.412565 -0.910928 -0
    outer loop
      vertex 44.935 -42.6919 4
      vertex 44.8352 -42.6467 0
      vertex 44.935 -42.6919 0
    endloop
  endfacet
  facet normal 0.683455 0.729992 -0
    outer loop
      vertex 43.0898 -45.4535 0
      vertex 43.0098 -45.3786 4
      vertex 43.0898 -45.4535 4
    endloop
  endfacet
  facet normal 0.683455 0.729992 0
    outer loop
      vertex 43.0098 -45.3786 4
      vertex 43.0898 -45.4535 0
      vertex 43.0098 -45.3786 0
    endloop
  endfacet
  facet normal -0.986713 -0.162474 0
    outer loop
      vertex 45.8548 -43.9755 0
      vertex 45.837 -43.8674 4
      vertex 45.837 -43.8674 0
    endloop
  endfacet
  facet normal -0.986713 -0.162474 0
    outer loop
      vertex 45.837 -43.8674 4
      vertex 45.8548 -43.9755 0
      vertex 45.8548 -43.9755 4
    endloop
  endfacet
  facet normal -0.773429 0.633883 0
    outer loop
      vertex 45.4535 -45.2986 0
      vertex 45.523 -45.2138 4
      vertex 45.523 -45.2138 0
    endloop
  endfacet
  facet normal -0.773429 0.633883 0
    outer loop
      vertex 45.523 -45.2138 4
      vertex 45.4535 -45.2986 0
      vertex 45.4535 -45.2986 4
    endloop
  endfacet
  facet normal 0.471157 0.882049 -0
    outer loop
      vertex 43.4533 -45.6964 0
      vertex 43.3567 -45.6448 4
      vertex 43.4533 -45.6964 4
    endloop
  endfacet
  facet normal 0.471157 0.882049 0
    outer loop
      vertex 43.3567 -45.6448 4
      vertex 43.4533 -45.6964 0
      vertex 43.3567 -45.6448 0
    endloop
  endfacet
  facet normal -0.986737 0.162328 0
    outer loop
      vertex 45.837 -44.521 0
      vertex 45.8548 -44.4128 4
      vertex 45.8548 -44.4128 0
    endloop
  endfacet
  facet normal -0.986737 0.162328 0
    outer loop
      vertex 45.8548 -44.4128 4
      vertex 45.837 -44.521 0
      vertex 45.837 -44.521 4
    endloop
  endfacet
  facet normal -0.849175 0.528112 0
    outer loop
      vertex 45.5869 -45.1248 0
      vertex 45.6448 -45.0317 4
      vertex 45.6448 -45.0317 0
    endloop
  endfacet
  facet normal -0.849175 0.528112 0
    outer loop
      vertex 45.6448 -45.0317 4
      vertex 45.5869 -45.1248 0
      vertex 45.5869 -45.1248 4
    endloop
  endfacet
  facet normal 0.95674 0.290944 0
    outer loop
      vertex 42.6081 -44.7326 4
      vertex 42.5762 -44.6277 0
      vertex 42.5762 -44.6277 4
    endloop
  endfacet
  facet normal 0.95674 0.290944 0
    outer loop
      vertex 42.5762 -44.6277 0
      vertex 42.6081 -44.7326 4
      vertex 42.6081 -44.7326 0
    endloop
  endfacet
  facet normal -0.582619 -0.812745 0
    outer loop
      vertex 45.1248 -42.8015 0
      vertex 45.2138 -42.8653 4
      vertex 45.1248 -42.8015 4
    endloop
  endfacet
  facet normal -0.582619 -0.812745 -0
    outer loop
      vertex 45.2138 -42.8653 4
      vertex 45.1248 -42.8015 0
      vertex 45.2138 -42.8653 0
    endloop
  endfacet
  facet normal -0.995136 0.0985103 0
    outer loop
      vertex 45.8548 -44.4128 0
      vertex 45.8656 -44.3037 4
      vertex 45.8656 -44.3037 0
    endloop
  endfacet
  facet normal -0.995136 0.0985103 0
    outer loop
      vertex 45.8656 -44.3037 4
      vertex 45.8548 -44.4128 0
      vertex 45.8548 -44.4128 4
    endloop
  endfacet
  facet normal 0.813055 -0.582187 0
    outer loop
      vertex 42.8015 -43.2636 4
      vertex 42.8653 -43.1745 0
      vertex 42.8653 -43.1745 4
    endloop
  endfacet
  facet normal 0.813055 -0.582187 0
    outer loop
      vertex 42.8653 -43.1745 0
      vertex 42.8015 -43.2636 4
      vertex 42.8015 -43.2636 0
    endloop
  endfacet
  facet normal -0.227258 0.973834 0
    outer loop
      vertex 44.6277 -45.8121 0
      vertex 44.521 -45.837 4
      vertex 44.6277 -45.8121 4
    endloop
  endfacet
  facet normal -0.227258 0.973834 0
    outer loop
      vertex 44.521 -45.837 4
      vertex 44.6277 -45.8121 0
      vertex 44.521 -45.837 0
    endloop
  endfacet
  facet normal -0.683455 0.729992 0
    outer loop
      vertex 45.3786 -45.3786 0
      vertex 45.2986 -45.4535 4
      vertex 45.3786 -45.3786 4
    endloop
  endfacet
  facet normal -0.683455 0.729992 0
    outer loop
      vertex 45.2986 -45.4535 4
      vertex 45.3786 -45.3786 0
      vertex 45.2986 -45.4535 0
    endloop
  endfacet
  facet normal -0.812623 -0.58279 0
    outer loop
      vertex 45.5869 -43.2636 0
      vertex 45.523 -43.1745 4
      vertex 45.523 -43.1745 0
    endloop
  endfacet
  facet normal -0.812623 -0.58279 0
    outer loop
      vertex 45.523 -43.1745 4
      vertex 45.5869 -43.2636 0
      vertex 45.5869 -43.2636 4
    endloop
  endfacet
  facet normal 0.412979 0.910741 -0
    outer loop
      vertex 43.5532 -45.7417 0
      vertex 43.4533 -45.6964 4
      vertex 43.5532 -45.7417 4
    endloop
  endfacet
  facet normal 0.412979 0.910741 0
    outer loop
      vertex 43.4533 -45.6964 4
      vertex 43.5532 -45.7417 0
      vertex 43.4533 -45.6964 0
    endloop
  endfacet
  facet normal 0.0985103 0.995136 -0
    outer loop
      vertex 44.0846 -45.8656 0
      vertex 43.9755 -45.8548 4
      vertex 44.0846 -45.8656 4
    endloop
  endfacet
  facet normal 0.0985103 0.995136 0
    outer loop
      vertex 43.9755 -45.8548 4
      vertex 44.0846 -45.8656 0
      vertex 43.9755 -45.8548 0
    endloop
  endfacet
  facet normal -0.935954 0.352123 0
    outer loop
      vertex 45.7417 -44.8352 0
      vertex 45.7803 -44.7326 4
      vertex 45.7803 -44.7326 0
    endloop
  endfacet
  facet normal -0.935954 0.352123 0
    outer loop
      vertex 45.7803 -44.7326 4
      vertex 45.7417 -44.8352 0
      vertex 45.7417 -44.8352 4
    endloop
  endfacet
  facet normal 0.352123 0.935954 -0
    outer loop
      vertex 43.6558 -45.7803 0
      vertex 43.5532 -45.7417 4
      vertex 43.6558 -45.7803 4
    endloop
  endfacet
  facet normal 0.352123 0.935954 0
    outer loop
      vertex 43.5532 -45.7417 4
      vertex 43.6558 -45.7803 0
      vertex 43.5532 -45.7417 0
    endloop
  endfacet
  facet normal 0.528112 0.849175 -0
    outer loop
      vertex 43.3567 -45.6448 0
      vertex 43.2636 -45.5869 4
      vertex 43.3567 -45.6448 4
    endloop
  endfacet
  facet normal 0.528112 0.849175 0
    outer loop
      vertex 43.2636 -45.5869 4
      vertex 43.3567 -45.6448 0
      vertex 43.2636 -45.5869 0
    endloop
  endfacet
  facet normal -0.882252 0.470778 0
    outer loop
      vertex 45.6448 -45.0317 0
      vertex 45.6964 -44.935 4
      vertex 45.6964 -44.935 0
    endloop
  endfacet
  facet normal -0.882252 0.470778 0
    outer loop
      vertex 45.6964 -44.935 4
      vertex 45.6448 -45.0317 0
      vertex 45.6448 -45.0317 4
    endloop
  endfacet
  facet normal -0.956994 0.290109 0
    outer loop
      vertex 45.7803 -44.7326 0
      vertex 45.8121 -44.6277 4
      vertex 45.8121 -44.6277 0
    endloop
  endfacet
  facet normal -0.956994 0.290109 0
    outer loop
      vertex 45.8121 -44.6277 4
      vertex 45.7803 -44.7326 0
      vertex 45.7803 -44.7326 4
    endloop
  endfacet
  facet normal 0.162474 0.986713 -0
    outer loop
      vertex 43.9755 -45.8548 0
      vertex 43.8674 -45.837 4
      vertex 43.9755 -45.8548 4
    endloop
  endfacet
  facet normal 0.162474 0.986713 0
    outer loop
      vertex 43.8674 -45.837 4
      vertex 43.9755 -45.8548 0
      vertex 43.8674 -45.837 0
    endloop
  endfacet
  facet normal -0.226393 -0.974036 0
    outer loop
      vertex 44.521 -42.5514 0
      vertex 44.6277 -42.5762 4
      vertex 44.521 -42.5514 4
    endloop
  endfacet
  facet normal -0.226393 -0.974036 -0
    outer loop
      vertex 44.6277 -42.5762 4
      vertex 44.521 -42.5514 0
      vertex 44.6277 -42.5762 0
    endloop
  endfacet
  facet normal -0.849175 -0.528112 0
    outer loop
      vertex 45.6448 -43.3567 0
      vertex 45.5869 -43.2636 4
      vertex 45.5869 -43.2636 0
    endloop
  endfacet
  facet normal -0.849175 -0.528112 0
    outer loop
      vertex 45.5869 -43.2636 4
      vertex 45.6448 -43.3567 0
      vertex 45.6448 -43.3567 4
    endloop
  endfacet
  facet normal 0.95674 -0.290944 0
    outer loop
      vertex 42.5762 -43.7607 4
      vertex 42.6081 -43.6558 0
      vertex 42.6081 -43.6558 4
    endloop
  endfacet
  facet normal 0.95674 -0.290944 0
    outer loop
      vertex 42.6081 -43.6558 0
      vertex 42.5762 -43.7607 4
      vertex 42.5762 -43.7607 0
    endloop
  endfacet
  facet normal -0.528112 0.849175 0
    outer loop
      vertex 45.1248 -45.5869 0
      vertex 45.0317 -45.6448 4
      vertex 45.1248 -45.5869 4
    endloop
  endfacet
  facet normal -0.528112 0.849175 0
    outer loop
      vertex 45.0317 -45.6448 4
      vertex 45.1248 -45.5869 0
      vertex 45.0317 -45.6448 0
    endloop
  endfacet
  facet normal 0.974036 -0.226393 0
    outer loop
      vertex 42.5514 -43.8674 4
      vertex 42.5762 -43.7607 0
      vertex 42.5762 -43.7607 4
    endloop
  endfacet
  facet normal 0.974036 -0.226393 0
    outer loop
      vertex 42.5762 -43.7607 0
      vertex 42.5514 -43.8674 4
      vertex 42.5514 -43.8674 0
    endloop
  endfacet
  facet normal -0.633883 -0.773429 0
    outer loop
      vertex 45.2138 -42.8653 0
      vertex 45.2986 -42.9348 4
      vertex 45.2138 -42.8653 4
    endloop
  endfacet
  facet normal -0.633883 -0.773429 -0
    outer loop
      vertex 45.2986 -42.9348 4
      vertex 45.2138 -42.8653 0
      vertex 45.2986 -42.9348 0
    endloop
  endfacet
  facet normal -0.528112 -0.849175 0
    outer loop
      vertex 45.0317 -42.7436 0
      vertex 45.1248 -42.8015 4
      vertex 45.0317 -42.7436 4
    endloop
  endfacet
  facet normal -0.528112 -0.849175 -0
    outer loop
      vertex 45.1248 -42.8015 4
      vertex 45.0317 -42.7436 0
      vertex 45.1248 -42.8015 0
    endloop
  endfacet
  facet normal -0.910741 -0.412979 0
    outer loop
      vertex 45.7417 -43.5532 0
      vertex 45.6964 -43.4533 4
      vertex 45.6964 -43.4533 0
    endloop
  endfacet
  facet normal -0.910741 -0.412979 0
    outer loop
      vertex 45.6964 -43.4533 4
      vertex 45.7417 -43.5532 0
      vertex 45.7417 -43.5532 4
    endloop
  endfacet
  facet normal 0.634331 -0.773062 0
    outer loop
      vertex 43.0898 -42.9348 0
      vertex 43.1745 -42.8653 4
      vertex 43.0898 -42.9348 4
    endloop
  endfacet
  facet normal 0.634331 -0.773062 0
    outer loop
      vertex 43.1745 -42.8653 4
      vertex 43.0898 -42.9348 0
      vertex 43.1745 -42.8653 0
    endloop
  endfacet
  facet normal 0.412222 -0.911083 0
    outer loop
      vertex 43.4533 -42.6919 0
      vertex 43.5532 -42.6467 4
      vertex 43.4533 -42.6919 4
    endloop
  endfacet
  facet normal 0.412222 -0.911083 0
    outer loop
      vertex 43.5532 -42.6467 4
      vertex 43.4533 -42.6919 0
      vertex 43.5532 -42.6467 0
    endloop
  endfacet
  facet normal 0.0976069 -0.995225 0
    outer loop
      vertex 43.9755 -42.5335 0
      vertex 44.0846 -42.5228 4
      vertex 43.9755 -42.5335 4
    endloop
  endfacet
  facet normal 0.0976069 -0.995225 0
    outer loop
      vertex 44.0846 -42.5228 4
      vertex 43.9755 -42.5335 0
      vertex 44.0846 -42.5228 0
    endloop
  endfacet
  facet normal -0.583222 0.812313 0
    outer loop
      vertex 45.2138 -45.523 0
      vertex 45.1248 -45.5869 4
      vertex 45.2138 -45.523 4
    endloop
  endfacet
  facet normal -0.583222 0.812313 0
    outer loop
      vertex 45.1248 -45.5869 4
      vertex 45.2138 -45.523 0
      vertex 45.1248 -45.5869 0
    endloop
  endfacet
  facet normal 0.163363 -0.986566 0
    outer loop
      vertex 43.8674 -42.5514 0
      vertex 43.9755 -42.5335 4
      vertex 43.8674 -42.5514 4
    endloop
  endfacet
  facet normal 0.163363 -0.986566 0
    outer loop
      vertex 43.9755 -42.5335 4
      vertex 43.8674 -42.5514 0
      vertex 43.9755 -42.5335 0
    endloop
  endfacet
  facet normal 0.849175 -0.528112 0
    outer loop
      vertex 42.7436 -43.3567 4
      vertex 42.8015 -43.2636 0
      vertex 42.8015 -43.2636 4
    endloop
  endfacet
  facet normal 0.849175 -0.528112 0
    outer loop
      vertex 42.8015 -43.2636 0
      vertex 42.7436 -43.3567 4
      vertex 42.7436 -43.3567 0
    endloop
  endfacet
  facet normal -0.352123 -0.935954 0
    outer loop
      vertex 44.7326 -42.6081 0
      vertex 44.8352 -42.6467 4
      vertex 44.7326 -42.6081 4
    endloop
  endfacet
  facet normal -0.352123 -0.935954 -0
    outer loop
      vertex 44.8352 -42.6467 4
      vertex 44.7326 -42.6081 0
      vertex 44.8352 -42.6467 0
    endloop
  endfacet
  facet normal 0.995225 -0.0976069 0
    outer loop
      vertex 42.5228 -44.0846 4
      vertex 42.5335 -43.9755 0
      vertex 42.5335 -43.9755 4
    endloop
  endfacet
  facet normal 0.995225 -0.0976069 0
    outer loop
      vertex 42.5335 -43.9755 0
      vertex 42.5228 -44.0846 4
      vertex 42.5228 -44.0846 0
    endloop
  endfacet
  facet normal -0.633883 0.773429 0
    outer loop
      vertex 45.2986 -45.4535 0
      vertex 45.2138 -45.523 4
      vertex 45.2986 -45.4535 4
    endloop
  endfacet
  facet normal -0.633883 0.773429 0
    outer loop
      vertex 45.2138 -45.523 4
      vertex 45.2986 -45.4535 0
      vertex 45.2138 -45.523 0
    endloop
  endfacet
  facet normal 0.88167 -0.471867 0
    outer loop
      vertex 42.6919 -43.4533 4
      vertex 42.7436 -43.3567 0
      vertex 42.7436 -43.3567 4
    endloop
  endfacet
  facet normal 0.88167 -0.471867 0
    outer loop
      vertex 42.7436 -43.3567 0
      vertex 42.6919 -43.4533 4
      vertex 42.6919 -43.4533 0
    endloop
  endfacet
  facet normal 0.352123 -0.935954 0
    outer loop
      vertex 43.5532 -42.6467 0
      vertex 43.6558 -42.6081 4
      vertex 43.5532 -42.6467 4
    endloop
  endfacet
  facet normal 0.352123 -0.935954 0
    outer loop
      vertex 43.6558 -42.6081 4
      vertex 43.5532 -42.6467 0
      vertex 43.6558 -42.6081 0
    endloop
  endfacet
  facet normal -0.471487 -0.881873 0
    outer loop
      vertex 44.935 -42.6919 0
      vertex 45.0317 -42.7436 4
      vertex 44.935 -42.6919 4
    endloop
  endfacet
  facet normal -0.471487 -0.881873 -0
    outer loop
      vertex 45.0317 -42.7436 4
      vertex 44.935 -42.6919 0
      vertex 45.0317 -42.7436 0
    endloop
  endfacet
  facet normal -0.0985103 0.995136 0
    outer loop
      vertex 44.4128 -45.8548 0
      vertex 44.3037 -45.8656 4
      vertex 44.4128 -45.8548 4
    endloop
  endfacet
  facet normal -0.0985103 0.995136 0
    outer loop
      vertex 44.3037 -45.8656 4
      vertex 44.4128 -45.8548 0
      vertex 44.3037 -45.8656 0
    endloop
  endfacet
  facet normal -0.413322 0.910585 0
    outer loop
      vertex 44.935 -45.6964 0
      vertex 44.8352 -45.7417 4
      vertex 44.935 -45.6964 4
    endloop
  endfacet
  facet normal -0.413322 0.910585 0
    outer loop
      vertex 44.8352 -45.7417 4
      vertex 44.935 -45.6964 0
      vertex 44.8352 -45.7417 0
    endloop
  endfacet
  facet normal -0.163216 -0.98659 0
    outer loop
      vertex 44.4128 -42.5335 0
      vertex 44.521 -42.5514 4
      vertex 44.4128 -42.5335 4
    endloop
  endfacet
  facet normal -0.163216 -0.98659 -0
    outer loop
      vertex 44.521 -42.5514 4
      vertex 44.4128 -42.5335 0
      vertex 44.521 -42.5514 0
    endloop
  endfacet
  facet normal 0.935954 0.352123 0
    outer loop
      vertex 42.6467 -44.8352 4
      vertex 42.6081 -44.7326 0
      vertex 42.6081 -44.7326 4
    endloop
  endfacet
  facet normal 0.935954 0.352123 0
    outer loop
      vertex 42.6081 -44.7326 0
      vertex 42.6467 -44.8352 4
      vertex 42.6467 -44.8352 0
    endloop
  endfacet
  facet normal -0.0976069 -0.995225 0
    outer loop
      vertex 44.3037 -42.5228 0
      vertex 44.4128 -42.5335 4
      vertex 44.3037 -42.5228 4
    endloop
  endfacet
  facet normal -0.0976069 -0.995225 -0
    outer loop
      vertex 44.4128 -42.5335 4
      vertex 44.3037 -42.5228 0
      vertex 44.4128 -42.5335 0
    endloop
  endfacet
  facet normal -0.812313 0.583222 0
    outer loop
      vertex 45.523 -45.2138 0
      vertex 45.5869 -45.1248 4
      vertex 45.5869 -45.1248 0
    endloop
  endfacet
  facet normal -0.812313 0.583222 0
    outer loop
      vertex 45.5869 -45.1248 4
      vertex 45.523 -45.2138 0
      vertex 45.523 -45.2138 4
    endloop
  endfacet
  facet normal 0.471867 -0.88167 0
    outer loop
      vertex 43.3567 -42.7436 0
      vertex 43.4533 -42.6919 4
      vertex 43.3567 -42.7436 4
    endloop
  endfacet
  facet normal 0.471867 -0.88167 0
    outer loop
      vertex 43.4533 -42.6919 4
      vertex 43.3567 -42.7436 0
      vertex 43.4533 -42.6919 0
    endloop
  endfacet
  facet normal 0.582187 -0.813055 0
    outer loop
      vertex 43.1745 -42.8653 0
      vertex 43.2636 -42.8015 4
      vertex 43.1745 -42.8653 4
    endloop
  endfacet
  facet normal 0.582187 -0.813055 0
    outer loop
      vertex 43.2636 -42.8015 4
      vertex 43.1745 -42.8653 0
      vertex 43.2636 -42.8015 0
    endloop
  endfacet
  facet normal 0.773062 -0.634331 0
    outer loop
      vertex 42.8653 -43.1745 4
      vertex 42.9348 -43.0898 0
      vertex 42.9348 -43.0898 4
    endloop
  endfacet
  facet normal 0.773062 -0.634331 0
    outer loop
      vertex 42.9348 -43.0898 0
      vertex 42.8653 -43.1745 4
      vertex 42.8653 -43.1745 0
    endloop
  endfacet
  facet normal 0.881873 0.471487 0
    outer loop
      vertex 42.7436 -45.0317 4
      vertex 42.6919 -44.935 0
      vertex 42.6919 -44.935 4
    endloop
  endfacet
  facet normal 0.881873 0.471487 0
    outer loop
      vertex 42.6919 -44.935 0
      vertex 42.7436 -45.0317 4
      vertex 42.7436 -45.0317 0
    endloop
  endfacet
  facet normal 0.99946 0.032859 0
    outer loop
      vertex 42.5228 -44.3037 4
      vertex 42.5192 -44.1942 0
      vertex 42.5192 -44.1942 4
    endloop
  endfacet
  facet normal 0.99946 0.032859 0
    outer loop
      vertex 42.5192 -44.1942 0
      vertex 42.5228 -44.3037 4
      vertex 42.5228 -44.3037 0
    endloop
  endfacet
  facet normal 0.729537 -0.683941 0
    outer loop
      vertex 42.9348 -43.0898 4
      vertex 43.0098 -43.0098 0
      vertex 43.0098 -43.0098 4
    endloop
  endfacet
  facet normal 0.729537 -0.683941 0
    outer loop
      vertex 43.0098 -43.0098 0
      vertex 42.9348 -43.0898 4
      vertex 42.9348 -43.0898 0
    endloop
  endfacet
  facet normal 0.812745 0.582619 0
    outer loop
      vertex 42.8653 -45.2138 4
      vertex 42.8015 -45.1248 0
      vertex 42.8015 -45.1248 4
    endloop
  endfacet
  facet normal 0.812745 0.582619 0
    outer loop
      vertex 42.8015 -45.1248 0
      vertex 42.8653 -45.2138 4
      vertex 42.8653 -45.2138 0
    endloop
  endfacet
  facet normal 0.773429 0.633883 0
    outer loop
      vertex 42.9348 -45.2986 4
      vertex 42.8653 -45.2138 0
      vertex 42.8653 -45.2138 4
    endloop
  endfacet
  facet normal 0.773429 0.633883 0
    outer loop
      vertex 42.8653 -45.2138 0
      vertex 42.9348 -45.2986 4
      vertex 42.9348 -45.2986 0
    endloop
  endfacet
  facet normal -0.290944 -0.95674 0
    outer loop
      vertex 44.6277 -42.5762 0
      vertex 44.7326 -42.6081 4
      vertex 44.6277 -42.5762 4
    endloop
  endfacet
  facet normal -0.290944 -0.95674 -0
    outer loop
      vertex 44.7326 -42.6081 4
      vertex 44.6277 -42.5762 0
      vertex 44.7326 -42.6081 0
    endloop
  endfacet
  facet normal 0.290944 -0.95674 0
    outer loop
      vertex 43.6558 -42.6081 0
      vertex 43.7607 -42.5762 4
      vertex 43.6558 -42.6081 4
    endloop
  endfacet
  facet normal 0.290944 -0.95674 0
    outer loop
      vertex 43.7607 -42.5762 4
      vertex 43.6558 -42.6081 0
      vertex 43.7607 -42.5762 0
    endloop
  endfacet
  facet normal -0.352123 0.935954 0
    outer loop
      vertex 44.8352 -45.7417 0
      vertex 44.7326 -45.7803 4
      vertex 44.8352 -45.7417 4
    endloop
  endfacet
  facet normal -0.352123 0.935954 0
    outer loop
      vertex 44.7326 -45.7803 4
      vertex 44.8352 -45.7417 0
      vertex 44.7326 -45.7803 0
    endloop
  endfacet
  facet normal -0.882049 -0.471157 0
    outer loop
      vertex 45.6964 -43.4533 0
      vertex 45.6448 -43.3567 4
      vertex 45.6448 -43.3567 0
    endloop
  endfacet
  facet normal -0.882049 -0.471157 0
    outer loop
      vertex 45.6448 -43.3567 4
      vertex 45.6964 -43.4533 0
      vertex 45.6964 -43.4533 4
    endloop
  endfacet
  facet normal 0.729537 0.683941 0
    outer loop
      vertex 43.0098 -45.3786 4
      vertex 42.9348 -45.2986 0
      vertex 42.9348 -45.2986 4
    endloop
  endfacet
  facet normal 0.729537 0.683941 0
    outer loop
      vertex 42.9348 -45.2986 0
      vertex 43.0098 -45.3786 4
      vertex 43.0098 -45.3786 0
    endloop
  endfacet
  facet normal 0.995225 0.0976069 0
    outer loop
      vertex 42.5335 -44.4128 4
      vertex 42.5228 -44.3037 0
      vertex 42.5228 -44.3037 4
    endloop
  endfacet
  facet normal 0.995225 0.0976069 0
    outer loop
      vertex 42.5228 -44.3037 0
      vertex 42.5335 -44.4128 4
      vertex 42.5335 -44.4128 0
    endloop
  endfacet
  facet normal 0.986566 -0.163363 0
    outer loop
      vertex 42.5335 -43.9755 4
      vertex 42.5514 -43.8674 0
      vertex 42.5514 -43.8674 4
    endloop
  endfacet
  facet normal 0.986566 -0.163363 0
    outer loop
      vertex 42.5514 -43.8674 0
      vertex 42.5335 -43.9755 4
      vertex 42.5335 -43.9755 0
    endloop
  endfacet
  facet normal 0.226393 -0.974036 0
    outer loop
      vertex 43.7607 -42.5762 0
      vertex 43.8674 -42.5514 4
      vertex 43.7607 -42.5762 4
    endloop
  endfacet
  facet normal 0.226393 -0.974036 0
    outer loop
      vertex 43.8674 -42.5514 4
      vertex 43.7607 -42.5762 0
      vertex 43.8674 -42.5514 0
    endloop
  endfacet
  facet normal 0.032829 0.999461 -0
    outer loop
      vertex 44.1942 -45.8692 0
      vertex 44.0846 -45.8656 4
      vertex 44.1942 -45.8692 4
    endloop
  endfacet
  facet normal 0.032829 0.999461 0
    outer loop
      vertex 44.0846 -45.8656 4
      vertex 44.1942 -45.8692 0
      vertex 44.0846 -45.8656 0
    endloop
  endfacet
  facet normal 0.683941 -0.729537 0
    outer loop
      vertex 43.0098 -43.0098 0
      vertex 43.0898 -42.9348 4
      vertex 43.0098 -43.0098 4
    endloop
  endfacet
  facet normal 0.683941 -0.729537 0
    outer loop
      vertex 43.0898 -42.9348 4
      vertex 43.0098 -43.0098 0
      vertex 43.0898 -42.9348 0
    endloop
  endfacet
  facet normal -0.032859 0.99946 0
    outer loop
      vertex 44.3037 -45.8656 0
      vertex 44.1942 -45.8692 4
      vertex 44.3037 -45.8656 4
    endloop
  endfacet
  facet normal -0.032859 0.99946 0
    outer loop
      vertex 44.1942 -45.8692 4
      vertex 44.3037 -45.8656 0
      vertex 44.1942 -45.8692 0
    endloop
  endfacet
  facet normal 0.935954 -0.352123 0
    outer loop
      vertex 42.6081 -43.6558 4
      vertex 42.6467 -43.5532 0
      vertex 42.6467 -43.5532 4
    endloop
  endfacet
  facet normal 0.935954 -0.352123 0
    outer loop
      vertex 42.6467 -43.5532 0
      vertex 42.6081 -43.6558 4
      vertex 42.6081 -43.6558 0
    endloop
  endfacet
  facet normal 0.98659 0.163216 0
    outer loop
      vertex 42.5514 -44.521 4
      vertex 42.5335 -44.4128 0
      vertex 42.5335 -44.4128 4
    endloop
  endfacet
  facet normal 0.98659 0.163216 0
    outer loop
      vertex 42.5335 -44.4128 0
      vertex 42.5514 -44.521 4
      vertex 42.5514 -44.521 0
    endloop
  endfacet
  facet normal -1 0 0
    outer loop
      vertex 17.075 -6.275 0
      vertex 17.075 6.275 4
      vertex 17.075 6.275 0
    endloop
  endfacet
  facet normal -1 -0 0
    outer loop
      vertex 17.075 6.275 4
      vertex 17.075 -6.275 0
      vertex 17.075 -6.275 4
    endloop
  endfacet
  facet normal 1 -0 0
    outer loop
      vertex -6.075 -6.275 4
      vertex -6.075 6.275 0
      vertex -6.075 6.275 4
    endloop
  endfacet
  facet normal 1 0 0
    outer loop
      vertex -6.075 6.275 0
      vertex -6.075 -6.275 4
      vertex -6.075 -6.275 0
    endloop
  endfacet
  facet normal 0 -1 0
    outer loop
      vertex -6.075 6.275 0
      vertex 17.075 6.275 4
      vertex -6.075 6.275 4
    endloop
  endfacet
  facet normal 0 -1 -0
    outer loop
      vertex 17.075 6.275 4
      vertex -6.075 6.275 0
      vertex 17.075 6.275 0
    endloop
  endfacet
  facet normal 0 1 -0
    outer loop
      vertex 17.075 -6.275 0
      vertex -6.075 -6.275 4
      vertex 17.075 -6.275 4
    endloop
  endfacet
  facet normal 0 1 0
    outer loop
      vertex -6.075 -6.275 4
      vertex 17.075 -6.275 0
      vertex -6.075 -6.275 0
    endloop
  endfacet
endsolid OpenSCAD_Model
